{"train": [{"input": [[7, 0, 8, 0, 7, 5, 0, 0, 0, 0, 0], [5, 0, 5, 0, 0, 5, 7, 5, 0, 7, 0], [7, 7, 5, 0, 0, 8, 0, 0, 8, 0, 8], [0, 0, 0, 0, 0, 0, 0, 0, 0, 0, 0], [0, 0, 0, 0, 0, 0, 0, 0, 0, 0, 0], [0, 0, 0, 0, 0, 0, 0, 0, 0, 0, 0], [0, 0, 0, 0, 0, 0, 0, 0, 0, 0, 0], [0, 0, 0, 0, 0, 0, 0, 0, 0, 0, 0]], "output": [[7, 5, 7, 7, 5, 5, 5, 8, 5, 0, 8], [5, 7, 7, 5, 0, 5, 8, 5, 0, 8, 0], [7, 7, 5, 5, 8, 8, 5, 7, 8, 0, 8], [0, 7, 7, 5, 5, 8, 8, 5, 7, 8, 0], [7, 0, 7, 7, 5, 5, 8, 8, 5, 7, 8], [5, 0, 5, 7, 7, 5, 5, 8, 8, 5, 7], [7, 7, 5, 0, 7, 7, 5, 5, 8, 8, 5], [0, 0, 0, 0, 0, 7, 7, 5, 5, 8, 8]]}, {"input": [[0, 0, 0, 0, 8, 0, 4, 0, 0, 4], [0, 0, 0, 0, 0, 0, 0, 0, 0, 0], [0, 0, 0, 0, 0, 0, 0, 0, 0, 0], [0, 0, 0, 0, 0, 0, 0, 0, 0, 0], [0, 0, 0, 0, 0, 0, 0, 0, 0, 0], [0, 0, 0, 0, 0, 0, 0, 0, 0, 0], [0, 0, 0, 0, 0, 0, 0, 0, 0, 0], [0, 0, 0, 0, 0, 0, 0, 0, 0, 0]], "output": [[0, 0, 0, 0, 8, 0, 4, 0, 0, 4], [0, 0, 0, 0, 0, 8, 0, 4, 0, 0], [0, 0, 0, 0, 0, 0, 8, 0, 4, 0], [0, 0, 0, 0, 0, 0, 0, 8, 0, 4], [0, 0, 0, 0, 8, 0, 4, 0, 8, 4], [0, 0, 0, 0, 0, 0, 0, 0, 0, 8], [0, 0, 0, 0, 0, 0, 0, 0, 0, 0], [0, 0, 0, 0, 0, 0, 0, 0, 0, 0]]}, {"input": [[2, 2, 0, 0, 2, 0, 7, 7, 0, 7], [0, 2, 0, 0, 2, 7, 0, 7, 0, 7], [0, 0, 0, 0, 0, 0, 0, 0, 0, 0], [0, 0, 0, 0, 0, 0, 0, 0, 0, 0], [0, 0, 0, 0, 0, 0, 0, 0, 0, 0], [0, 0, 0, 0, 0, 0, 0, 0, 0, 0], [0, 0, 0, 0, 0, 0, 0, 0, 0, 0], [0, 0, 0, 0, 0, 0, 0, 0, 0, 0], [0, 0, 0, 0, 0, 0, 0, 0, 0, 0], [0, 0, 0, 0, 0, 0, 0, 0, 0, 0]], "output": [[2, 2, 2, 0, 2, 2, 7, 7, 7, 7], [0, 2, 2, 0, 2, 7, 0, 7, 7, 7], [0, 0, 2, 2, 0, 2, 7, 0, 7, 7], [0, 0, 0, 2, 2, 0, 2, 7, 0, 7], [0, 0, 0, 0, 2, 2, 0, 2, 7, 0], [2, 2, 0, 0, 2, 2, 2, 7, 2, 7], [0, 2, 0, 0, 2, 7, 2, 2, 0, 2], [0, 0, 0, 0, 0, 0, 0, 2, 2, 0], [0, 0, 0, 0, 0, 0, 0, 0, 2, 2], [0, 0, 0, 0, 0, 0, 0, 0, 0, 2]]}, {"input": [[0, 0, 0, 9, 9, 0], [0, 0, 0, 3, 0, 0], [0, 0, 0, 0, 0, 0], [0, 0, 0, 0, 0, 0], [0, 0, 0, 0, 0, 0], [0, 0, 0, 0, 0, 0]], "output": [[0, 0, 0, 9, 3, 0], [0, 0, 0, 3, 9, 9], [0, 0, 0, 0, 3, 9], [0, 0, 0, 9, 9, 3], [0, 0, 0, 3, 0, 0], [0, 0, 0, 0, 0, 0]]}, {"input": [[0, 4, 1, 0, 9, 0, 9], [0, 0, 4, 0, 1, 4, 4], [0, 0, 0, 0, 0, 0, 0], [0, 0, 0, 0, 0, 0, 0], [0, 0, 0, 0, 0, 0, 0], [0, 0, 0, 0, 0, 0, 0], [0, 0, 0, 0, 0, 0, 0], [0, 0, 0, 0, 0, 0, 0], [0, 0, 0, 0, 0, 0, 0], [0, 0, 0, 0, 0, 0, 0]], "output": [[0, 4, 1, 4, 9, 1, 4], [0, 0, 4, 1, 1, 4, 4], [0, 0, 0, 4, 1, 1, 4], [0, 0, 0, 0, 4, 1, 1], [0, 0, 0, 0, 0, 4, 1], [0, 4, 1, 0, 9, 0, 4], [0, 0, 4, 0, 1, 4, 4], [0, 0, 0, 0, 0, 0, 0], [0, 0, 0, 0, 0, 0, 0], [0, 0, 0, 0, 0, 0, 0]]}, {"input": [[0, 4, 4, 4, 0, 4, 0, 4], [0, 0, 0, 0, 0, 0, 0, 0], [0, 0, 0, 0, 0, 0, 0, 0], [0, 0, 0, 0, 0, 0, 0, 0], [0, 0, 0, 0, 0, 0, 0, 0], [0, 0, 0, 0, 0, 0, 0, 0]], "output": [[0, 4, 4, 4, 0, 4, 0, 4], [0, 0, 4, 4, 4, 0, 4, 0], [0, 0, 0, 4, 4, 4, 0, 4], [0, 4, 4, 4, 4, 4, 4, 4], [0, 0, 0, 0, 0, 4, 4, 4], [0, 0, 0, 0, 0, 0, 4, 4]]}, {"input": [[7, 7, 7, 0, 0, 0, 7], [0, 7, 7, 7, 0, 7, 0], [0, 7, 7, 0, 0, 0, 0], [0, 7, 0, 7, 0, 0, 0], [0, 0, 0, 0, 0, 0, 0], [0, 0, 0, 0, 0, 0, 0], [0, 0, 0, 0, 0, 0, 0], [0, 0, 0, 0, 0, 0, 0], [0, 0, 0, 0, 0, 0, 0], [0, 0, 0, 0, 0, 0, 0]], "output": [[7, 7, 7, 7, 7, 0, 7], [0, 7, 7, 7, 0, 7, 0], [0, 7, 7, 7, 7, 0, 7], [0, 7, 7, 7, 7, 7, 0], [0, 0, 7, 7, 7, 7, 7], [7, 7, 7, 7, 7, 7, 7], [0, 7, 7, 7, 7, 7, 7], [0, 7, 7, 0, 0, 7, 7], [0, 7, 0, 7, 0, 0, 7], [0, 0, 0, 0, 0, 0, 0]]}, {"input": [[7, 0, 7, 0, 0, 7, 0], [0, 0, 0, 0, 0, 0, 0], [0, 0, 0, 0, 0, 0, 0], [0, 0, 0, 0, 0, 0, 0], [0, 0, 0, 0, 0, 0, 0], [0, 0, 0, 0, 0, 0, 0], [0, 0, 0, 0, 0, 0, 0], [0, 0, 0, 0, 0, 0, 0], [0, 0, 0, 0, 0, 0, 0], [0, 0, 0, 0, 0, 0, 0]], "output": [[7, 0, 7, 0, 0, 7, 0], [0, 7, 0, 7, 0, 0, 7], [0, 0, 7, 0, 7, 0, 0], [0, 0, 0, 7, 0, 7, 0], [0, 0, 0, 0, 7, 0, 7], [7, 0, 7, 0, 0, 7, 0], [0, 0, 0, 0, 0, 0, 7], [0, 0, 0, 0, 0, 0, 0], [0, 0, 0, 0, 0, 0, 0], [0, 0, 0, 0, 0, 0, 0]]}, {"input": [[0, 3, 0, 0, 0, 3, 3, 0], [0, 0, 0, 0, 0, 0, 0, 0], [0, 0, 0, 0, 0, 0, 0, 0], [0, 0, 0, 0, 0, 0, 0, 0], [0, 0, 0, 0, 0, 0, 0, 0], [0, 0, 0, 0, 0, 0, 0, 0]], "output": [[0, 3, 0, 0, 0, 3, 3, 0], [0, 0, 3, 0, 0, 0, 3, 3], [0, 0, 0, 3, 0, 0, 0, 3], [0, 3, 0, 0, 3, 3, 3, 0], [0, 0, 0, 0, 0, 3, 0, 0], [0, 0, 0, 0, 0, 0, 3, 0]]}, {"input": [[1, 1, 1, 1, 1, 1, 1, 0], [0, 0, 1, 1, 1, 1, 1, 1], [0, 0, 1, 0, 0, 1, 1, 0], [0, 0, 0, 0, 0, 0, 0, 0], [0, 0, 0, 0, 0, 0, 0, 0], [0, 0, 0, 0, 0, 0, 0, 0], [0, 0, 0, 0, 0, 0, 0, 0], [0, 0, 0, 0, 0, 0, 0, 0]], "output": [[1, 1, 1, 1, 1, 1, 1, 1], [0, 1, 1, 1, 1, 1, 1, 1], [0, 0, 1, 1, 1, 1, 1, 1], [0, 0, 0, 1, 1, 1, 1, 1], [1, 1, 1, 1, 1, 1, 1, 1], [0, 0, 1, 1, 1, 1, 1, 1], [0, 0, 1, 0, 0, 1, 1, 1], [0, 0, 0, 0, 0, 0, 0, 1]]}, {"input": [[7, 0, 1, 0, 7, 1, 7, 7], [0, 0, 0, 0, 0, 0, 0, 0], [0, 0, 0, 0, 0, 0, 0, 0], [0, 0, 0, 0, 0, 0, 0, 0], [0, 0, 0, 0, 0, 0, 0, 0], [0, 0, 0, 0, 0, 0, 0, 0], [0, 0, 0, 0, 0, 0, 0, 0], [0, 0, 0, 0, 0, 0, 0, 0]], "output": [[7, 0, 1, 0, 7, 1, 7, 7], [0, 7, 0, 1, 0, 7, 1, 7], [0, 0, 7, 0, 1, 0, 7, 1], [0, 0, 0, 7, 0, 1, 0, 7], [7, 0, 1, 0, 7, 1, 1, 7], [0, 0, 0, 0, 0, 7, 0, 1], [0, 0, 0, 0, 0, 0, 7, 0], [0, 0, 0, 0, 0, 0, 0, 7]]}, {"input": [[6, 1, 0, 0, 0, 0, 0, 6, 1, 6], [0, 0, 0, 1, 6, 6, 0, 0, 0, 0], [0, 0, 0, 6, 0, 0, 0, 0, 0, 1], [1, 0, 1, 0, 1, 6, 0, 0, 0, 0], [0, 0, 0, 0, 0, 0, 0, 0, 0, 0], [0, 0, 0, 0, 0, 0, 0, 0, 0, 0], [0, 0, 0, 0, 0, 0, 0, 0, 0, 0], [0, 0, 0, 0, 0, 0, 0, 0, 0, 0], [0, 0, 0, 0, 0, 0, 0, 0, 0, 0], [0, 0, 0, 0, 0, 0, 0, 0, 0, 0]], "output": [[6, 1, 0, 1, 1, 1, 6, 1, 6, 6], [0, 6, 1, 1, 1, 6, 1, 6, 6, 1], [0, 1, 6, 1, 1, 1, 6, 0, 0, 1], [1, 0, 1, 6, 1, 6, 6, 6, 0, 0], [0, 1, 0, 1, 6, 1, 6, 6, 6, 0], [6, 1, 1, 0, 1, 6, 1, 6, 6, 6], [0, 0, 0, 1, 6, 1, 6, 1, 6, 6], [0, 0, 0, 6, 1, 0, 1, 6, 1, 6], [1, 0, 1, 0, 1, 1, 0, 1, 6, 1], [0, 0, 0, 0, 0, 0, 1, 0, 1, 6]]}], "test": [{"input": [[8, 8, 0, 8, 8, 8, 8, 0, 0], [0, 0, 0, 0, 0, 0, 0, 0, 0], [0, 0, 0, 0, 0, 0, 0, 0, 0], [0, 0, 0, 0, 0, 0, 0, 0, 0], [0, 0, 0, 0, 0, 0, 0, 0, 0], [0, 0, 0, 0, 0, 0, 0, 0, 0], [0, 0, 0, 0, 0, 0, 0, 0, 0], [0, 0, 0, 0, 0, 0, 0, 0, 0]], "output": [[8, 8, 0, 8, 8, 8, 8, 0, 0], [0, 8, 8, 0, 8, 8, 8, 8, 0], [0, 0, 8, 8, 0, 8, 8, 8, 8], [0, 0, 0, 8, 8, 0, 8, 8, 8], [8, 8, 0, 8, 8, 8, 8, 8, 8], [0, 0, 0, 0, 0, 8, 8, 0, 8], [0, 0, 0, 0, 0, 0, 8, 8, 0], [0, 0, 0, 0, 0, 0, 0, 8, 8]]}, {"input": [[6, 3, 3, 6, 6, 0, 3, 0], [3, 6, 0, 0, 3, 6, 3, 0], [0, 0, 0, 0, 0, 0, 0, 0], [0, 0, 0, 0, 0, 0, 0, 0], [0, 0, 0, 0, 0, 0, 0, 0], [0, 0, 0, 0, 0, 0, 0, 0], [0, 0, 0, 0, 0, 0, 0, 0], [0, 0, 0, 0, 0, 0, 0, 0]], "output": [[6, 3, 6, 6, 6, 3, 6, 3], [3, 6, 3, 3, 3, 6, 3, 3], [0, 3, 6, 3, 3, 3, 6, 3], [0, 0, 3, 6, 3, 3, 3, 6], [6, 3, 3, 3, 6, 3, 3, 3], [3, 6, 0, 0, 3, 6, 3, 3], [0, 0, 0, 0, 0, 3, 6, 3], [0, 0, 0, 0, 0, 0, 3, 6]]}]}