{"train": [{"input": [[0, 0, 0, 0, 0, 0, 0, 7, 0, 0], [0, 0, 0, 0, 0, 0, 7, 7, 7, 0], [0, 0, 0, 8, 0, 0, 0, 7, 0, 0], [0, 0, 8, 8, 8, 0, 0, 0, 0, 0], [0, 0, 0, 8, 0, 0, 0, 0, 0, 0], [0, 0, 0, 0, 0, 0, 0, 6, 0, 0], [0, 4, 0, 0, 0, 0, 6, 6, 6, 0], [4, 2, 4, 9, 0, 0, 0, 6, 0, 0], [2, 2, 2, 9, 9, 0, 3, 3, 3, 0], [0, 2, 0, 9, 0, 0, 0, 3, 0, 0]], "output": [[7], [8], [6], [2], [0]]}, {"input": [[0, 0, 0, 0, 2, 0, 0, 0, 0, 0], [0, 0, 0, 2, 2, 2, 0, 0, 0, 0], [0, 0, 0, 0, 2, 0, 5, 0, 0, 0], [0, 0, 0, 0, 0, 1, 5, 5, 0, 0], [0, 0, 0, 0, 6, 1, 1, 0, 0, 0], [0, 0, 0, 6, 6, 6, 0, 0, 0, 0], [0, 0, 0, 0, 6, 0, 0, 0, 0, 0], [0, 4, 0, 0, 0, 0, 0, 0, 0, 0], [4, 4, 4, 0, 0, 0, 0, 0, 0, 0], [0, 4, 0, 0, 0, 0, 0, 0, 0, 0]], "output": [[2], [6], [4], [0], [0]]}, {"input": [[0, 0, 0, 0, 0, 0, 8, 0, 0, 0], [0, 0, 0, 0, 0, 8, 8, 8, 0, 0], [0, 0, 0, 0, 0, 9, 8, 9, 3, 0], [0, 0, 0, 0, 0, 0, 4, 3, 3, 3], [0, 0, 0, 0, 0, 4, 4, 4, 3, 0], [0, 0, 0, 0, 0, 0, 4, 7, 7, 7], [0, 0, 0, 0, 0, 0, 0, 0, 7, 0], [0, 0, 0, 0, 0, 0, 0, 0, 0, 0], [0, 0, 0, 0, 0, 0, 0, 0, 0, 0], [0, 0, 0, 0, 0, 0, 0, 0, 0, 0]], "output": [[8], [3], [4], [0], [0]]}, {"input": [[0, 0, 0, 0, 0, 0, 0, 0, 0, 0], [0, 0, 0, 0, 0, 0, 0, 0, 0, 0], [0, 0, 0, 0, 0, 0, 0, 0, 0, 0], [0, 0, 0, 0, 0, 0, 0, 0, 0, 0], [0, 0, 0, 0, 0, 0, 0, 0, 0, 0], [0, 0, 0, 0, 0, 6, 0, 0, 0, 0], [0, 0, 0, 0, 6, 6, 6, 0, 0, 0], [0, 9, 0, 0, 0, 6, 2, 8, 3, 0], [9, 9, 9, 0, 0, 0, 8, 8, 8, 3], [0, 9, 0, 0, 0, 0, 0, 8, 3, 0]], "output": [[6], [9], [8], [0], [0]]}, {"input": [[0, 0, 0, 0, 0, 0, 0, 0, 0, 0], [0, 0, 0, 0, 0, 0, 0, 0, 0, 0], [0, 0, 0, 0, 0, 0, 0, 0, 0, 0], [0, 0, 0, 0, 0, 0, 0, 0, 0, 0], [0, 0, 0, 7, 0, 9, 0, 1, 0, 0], [0, 0, 7, 7, 9, 9, 9, 1, 1, 0], [0, 0, 0, 7, 0, 9, 3, 1, 0, 0], [0, 0, 0, 0, 0, 3, 8, 3, 6, 0], [0, 0, 0, 0, 0, 8, 8, 8, 6, 6], [0, 0, 0, 0, 0, 0, 8, 0, 6, 0]], "output": [[9], [8], [0], [0], [0]]}, {"input": [[0, 0, 0, 9, 0, 6, 0, 0, 8, 0], [0, 0, 9, 9, 6, 6, 6, 8, 8, 8], [0, 0, 0, 9, 1, 6, 0, 0, 8, 0], [0, 0, 0, 1, 1, 1, 0, 0, 0, 0], [0, 0, 0, 0, 1, 0, 0, 0, 0, 0], [0, 0, 0, 0, 0, 0, 0, 0, 0, 0], [0, 0, 0, 0, 0, 0, 0, 0, 0, 0], [0, 0, 0, 0, 0, 0, 0, 0, 0, 0], [0, 0, 0, 0, 0, 0, 0, 0, 0, 0], [0, 0, 0, 0, 0, 0, 0, 0, 0, 0]], "output": [[6], [8], [1], [0], [0]]}, {"input": [[0, 0, 0, 0, 0, 0, 0, 0, 0, 0], [0, 0, 0, 0, 2, 7, 0, 0, 0, 0], [0, 0, 0, 2, 7, 7, 7, 0, 0, 0], [0, 0, 0, 0, 2, 7, 0, 0, 0, 0], [0, 0, 0, 0, 0, 0, 0, 0, 0, 0], [0, 0, 0, 0, 0, 8, 0, 0, 0, 0], [0, 0, 0, 0, 8, 8, 8, 0, 0, 0], [0, 0, 0, 0, 4, 8, 0, 0, 0, 0], [0, 0, 0, 4, 4, 4, 0, 0, 0, 0], [0, 0, 0, 0, 4, 0, 0, 0, 0, 0]], "output": [[7], [8], [4], [0], [0]]}, {"input": [[0, 0, 0, 0, 0, 0, 0, 0, 0, 0], [0, 0, 0, 0, 0, 0, 0, 0, 0, 0], [0, 0, 0, 0, 0, 0, 0, 0, 3, 0], [0, 0, 0, 0, 0, 0, 0, 3, 3, 3], [0, 0, 0, 0, 0, 0, 0, 0, 3, 0], [0, 0, 0, 0, 0, 4, 0, 0, 0, 0], [0, 0, 0, 0, 4, 4, 4, 0, 0, 0], [0, 0, 0, 0, 0, 4, 7, 0, 0, 0], [0, 0, 0, 0, 0, 7, 7, 7, 0, 0], [0, 0, 0, 0, 0, 0, 7, 0, 0, 0]], "output": [[3], [4], [7], [0], [0]]}, {"input": [[0, 0, 0, 0, 0, 0, 0, 5, 0, 0], [0, 0, 6, 0, 0, 0, 5, 5, 5, 0], [0, 6, 6, 6, 0, 9, 0, 2, 4, 4], [0, 0, 6, 0, 9, 9, 2, 2, 2, 0], [0, 0, 0, 0, 0, 3, 0, 2, 1, 1], [0, 0, 0, 7, 3, 3, 3, 0, 1, 0], [0, 0, 7, 7, 7, 3, 0, 0, 0, 0], [0, 0, 0, 7, 0, 0, 0, 0, 0, 0], [0, 0, 0, 0, 0, 0, 0, 0, 0, 0], [0, 0, 0, 0, 0, 0, 0, 0, 0, 0]], "output": [[6], [2], [3], [7], [0]]}, {"input": [[0, 0, 0, 0, 0, 0, 0, 0, 0, 0], [0, 8, 0, 0, 0, 7, 1, 0, 0, 0], [8, 5, 8, 0, 7, 7, 7, 1, 0, 0], [5, 5, 5, 0, 0, 7, 4, 4, 0, 0], [0, 5, 0, 0, 0, 0, 4, 0, 6, 0], [0, 0, 0, 0, 0, 0, 0, 6, 6, 6], [0, 0, 9, 0, 0, 0, 0, 0, 6, 0], [0, 9, 9, 9, 0, 0, 0, 0, 0, 0], [0, 0, 9, 0, 0, 0, 0, 0, 0, 0], [0, 0, 0, 0, 0, 0, 0, 0, 0, 0]], "output": [[7], [5], [6], [9], [0]]}, {"input": [[0, 0, 0, 0, 0, 0, 0, 0, 0, 0], [0, 0, 0, 0, 0, 0, 0, 0, 0, 0], [0, 0, 1, 0, 0, 0, 0, 0, 0, 0], [0, 1, 1, 1, 0, 0, 8, 0, 9, 0], [0, 0, 1, 3, 0, 8, 8, 8, 9, 9], [0, 0, 3, 3, 3, 0, 8, 0, 9, 0], [0, 0, 0, 3, 0, 0, 0, 0, 0, 0], [0, 0, 0, 0, 0, 0, 0, 0, 0, 0], [0, 0, 0, 0, 0, 0, 0, 0, 0, 0], [0, 0, 0, 0, 0, 0, 0, 0, 0, 0]], "output": [[1], [8], [3], [0], [0]]}, {"input": [[0, 0, 0, 0, 0, 0, 0, 0, 0, 0], [0, 0, 0, 0, 0, 0, 0, 0, 0, 0], [0, 6, 0, 4, 0, 0, 0, 0, 0, 0], [6, 6, 7, 4, 4, 0, 0, 0, 0, 0], [0, 7, 7, 7, 0, 0, 0, 0, 0, 0], [0, 0, 7, 0, 0, 0, 0, 0, 0, 0], [0, 0, 0, 0, 8, 0, 0, 0, 0, 0], [0, 0, 0, 8, 8, 8, 0, 0, 0, 0], [0, 0, 0, 0, 8, 0, 0, 0, 0, 0], [0, 0, 0, 0, 0, 0, 0, 0, 0, 0]], "output": [[7], [8], [0], [0], [0]]}, {"input": [[0, 0, 0, 0, 0, 0, 0, 0, 0, 0], [0, 0, 0, 0, 0, 0, 0, 0, 0, 0], [0, 0, 0, 5, 0, 0, 0, 0, 0, 0], [0, 0, 5, 5, 5, 0, 0, 0, 0, 0], [0, 0, 0, 5, 0, 0, 0, 0, 0, 0], [0, 2, 0, 0, 0, 0, 0, 0, 0, 0], [2, 2, 2, 0, 0, 6, 0, 0, 0, 0], [0, 2, 0, 0, 6, 6, 6, 0, 0, 0], [0, 0, 0, 0, 0, 6, 0, 0, 0, 0], [0, 0, 0, 0, 0, 0, 0, 0, 0, 0]], "output": [[5], [2], [6], [0], [0]]}, {"input": [[0, 0, 0, 0, 0, 0, 0, 0, 0, 0], [0, 2, 0, 0, 0, 0, 0, 0, 0, 0], [2, 2, 2, 0, 0, 8, 0, 0, 0, 0], [0, 2, 0, 0, 8, 8, 8, 0, 0, 0], [0, 0, 0, 0, 0, 8, 0, 0, 0, 0], [0, 0, 0, 0, 0, 0, 0, 0, 6, 0], [0, 0, 0, 0, 0, 0, 0, 6, 6, 6], [0, 0, 0, 9, 0, 0, 0, 0, 6, 0], [0, 0, 9, 9, 9, 0, 0, 0, 0, 0], [0, 0, 0, 9, 0, 0, 0, 0, 0, 0]], "output": [[2], [8], [6], [9], [0]]}, {"input": [[0, 0, 0, 0, 0, 0, 0, 0, 0, 0], [0, 2, 0, 0, 0, 0, 4, 0, 0, 0], [2, 2, 2, 0, 0, 4, 4, 4, 0, 0], [0, 2, 0, 0, 0, 0, 4, 9, 0, 0], [0, 0, 0, 0, 0, 0, 9, 9, 9, 0], [0, 0, 0, 0, 0, 0, 0, 9, 0, 0], [0, 0, 0, 0, 3, 0, 0, 5, 7, 0], [0, 0, 0, 3, 3, 3, 5, 7, 7, 7], [0, 0, 0, 0, 3, 0, 0, 1, 7, 1], [0, 0, 0, 0, 0, 0, 0, 0, 1, 0]], "output": [[2], [4], [9], [3], [7]]}, {"input": [[0, 0, 0, 0, 0, 3, 0, 0, 0, 0], [0, 0, 0, 0, 3, 3, 3, 0, 0, 0], [0, 0, 2, 0, 0, 4, 0, 0, 0, 0], [0, 2, 2, 2, 4, 4, 4, 0, 0, 0], [0, 0, 2, 0, 6, 4, 6, 0, 9, 0], [0, 0, 0, 0, 0, 6, 0, 9, 9, 9], [0, 0, 0, 0, 0, 0, 0, 0, 9, 0], [0, 0, 0, 0, 0, 0, 0, 8, 8, 8], [0, 0, 0, 0, 0, 0, 0, 0, 8, 0], [0, 0, 0, 0, 0, 0, 0, 0, 0, 0]], "output": [[2], [4], [9], [0], [0]]}, {"input": [[0, 0, 0, 0, 0, 0, 0, 0, 0, 0], [0, 0, 0, 0, 0, 0, 0, 0, 0, 0], [0, 0, 0, 0, 0, 0, 0, 0, 0, 0], [0, 9, 0, 0, 0, 4, 0, 0, 0, 0], [9, 9, 9, 0, 4, 4, 4, 0, 0, 0], [0, 9, 0, 0, 0, 4, 0, 0, 0, 0], [0, 0, 0, 0, 0, 0, 0, 0, 0, 0], [0, 0, 0, 0, 0, 0, 8, 0, 0, 0], [0, 0, 0, 0, 0, 8, 8, 8, 0, 0], [0, 0, 0, 0, 0, 0, 8, 0, 0, 0]], "output": [[9], [4], [8], [0], [0]]}, {"input": [[0, 0, 0, 0, 4, 0, 0, 0, 0, 0], [0, 0, 0, 4, 6, 4, 0, 0, 0, 0], [0, 0, 0, 6, 6, 6, 0, 0, 0, 0], [0, 0, 0, 0, 6, 0, 0, 0, 0, 0], [0, 0, 0, 0, 0, 0, 0, 0, 0, 0], [0, 0, 0, 0, 0, 0, 0, 5, 0, 0], [0, 0, 0, 0, 0, 0, 5, 5, 5, 0], [0, 0, 0, 0, 0, 0, 0, 3, 0, 0], [0, 0, 0, 0, 0, 0, 3, 3, 3, 0], [0, 0, 0, 0, 0, 0, 0, 3, 0, 0]], "output": [[6], [3], [0], [0], [0]]}, {"input": [[0, 0, 0, 0, 0, 0, 7, 9, 3, 0], [0, 0, 0, 5, 0, 7, 7, 7, 9, 3], [0, 0, 5, 6, 5, 0, 7, 9, 3, 0], [0, 0, 6, 6, 6, 0, 0, 0, 0, 0], [0, 0, 0, 6, 0, 2, 0, 0, 0, 0], [0, 0, 0, 0, 1, 2, 2, 0, 0, 0], [0, 0, 0, 1, 1, 1, 0, 0, 4, 0], [0, 0, 0, 0, 1, 0, 0, 4, 4, 4], [0, 0, 0, 0, 0, 0, 0, 0, 4, 0], [0, 0, 0, 0, 0, 0, 0, 0, 0, 0]], "output": [[7], [6], [1], [4], [0]]}, {"input": [[0, 0, 0, 0, 0, 0, 0, 0, 0, 0], [0, 0, 0, 0, 0, 0, 0, 0, 0, 0], [0, 0, 0, 0, 0, 0, 0, 0, 0, 0], [0, 0, 0, 0, 0, 0, 0, 0, 0, 0], [0, 0, 0, 0, 6, 0, 0, 7, 0, 0], [0, 0, 0, 6, 6, 9, 7, 7, 7, 0], [0, 0, 0, 4, 9, 9, 9, 7, 0, 0], [0, 0, 4, 4, 4, 9, 0, 2, 0, 0], [0, 0, 0, 4, 0, 0, 2, 2, 2, 0], [0, 0, 0, 0, 0, 0, 0, 2, 0, 0]], "output": [[7], [9], [4], [2], [0]]}, {"input": [[0, 0, 0, 0, 0, 0, 0, 0, 6, 0], [0, 0, 3, 0, 0, 0, 0, 6, 6, 6], [0, 3, 3, 3, 4, 0, 2, 5, 6, 0], [0, 0, 3, 4, 4, 4, 5, 5, 5, 0], [0, 0, 0, 0, 4, 7, 7, 5, 0, 0], [0, 0, 8, 0, 0, 0, 7, 1, 0, 0], [0, 8, 8, 8, 0, 0, 1, 1, 1, 0], [0, 0, 8, 0, 0, 0, 0, 1, 0, 0], [0, 0, 0, 0, 0, 0, 0, 0, 0, 0], [0, 0, 0, 0, 0, 0, 0, 0, 0, 0]], "output": [[6], [3], [4], [5], [8]]}, {"input": [[0, 0, 0, 0, 0, 0, 0, 5, 0, 0], [0, 0, 0, 0, 0, 0, 5, 5, 5, 0], [0, 2, 0, 0, 0, 0, 0, 5, 0, 0], [2, 2, 6, 0, 0, 0, 0, 0, 0, 0], [0, 6, 6, 6, 0, 0, 0, 0, 0, 0], [0, 0, 6, 0, 0, 0, 0, 0, 1, 0], [0, 0, 8, 0, 0, 0, 0, 1, 1, 1], [0, 8, 8, 8, 3, 0, 0, 0, 1, 0], [0, 0, 8, 3, 3, 3, 0, 0, 0, 0], [0, 0, 0, 0, 3, 0, 0, 0, 0, 0]], "output": [[5], [6], [1], [8], [3]]}, {"input": [[0, 0, 0, 8, 0, 0, 0, 0, 0, 0], [0, 0, 8, 8, 8, 0, 0, 0, 0, 0], [0, 0, 0, 7, 0, 0, 0, 0, 0, 0], [0, 0, 7, 7, 7, 5, 0, 0, 0, 0], [0, 0, 0, 7, 5, 5, 5, 0, 0, 0], [0, 0, 6, 0, 0, 5, 0, 9, 0, 0], [0, 6, 6, 6, 0, 0, 9, 9, 9, 0], [0, 0, 6, 0, 0, 0, 0, 9, 0, 0], [0, 0, 0, 0, 0, 0, 0, 0, 0, 0], [0, 0, 0, 0, 0, 0, 0, 0, 0, 0]], "output": [[7], [5], [6], [9], [0]]}, {"input": [[0, 0, 0, 6, 0, 3, 0, 0, 0, 0], [0, 1, 6, 6, 3, 3, 3, 0, 0, 0], [1, 1, 1, 6, 0, 3, 0, 0, 0, 0], [0, 1, 0, 0, 0, 0, 0, 0, 0, 0], [0, 0, 0, 0, 0, 0, 0, 0, 0, 0], [0, 0, 0, 7, 0, 0, 4, 0, 0, 0], [0, 9, 7, 7, 7, 4, 4, 4, 0, 0], [9, 9, 9, 7, 5, 5, 4, 0, 2, 0], [0, 9, 0, 0, 0, 5, 0, 2, 2, 2], [0, 0, 0, 0, 0, 0, 0, 0, 2, 0]], "output": [[3], [1], [7], [4], [9]]}, {"input": [[0, 4, 0, 9, 0, 0, 0, 0, 0, 0], [4, 4, 9, 9, 9, 0, 0, 0, 0, 0], [0, 4, 0, 9, 2, 0, 0, 0, 6, 0], [0, 0, 3, 2, 2, 2, 0, 6, 8, 6], [0, 3, 3, 3, 2, 0, 0, 8, 8, 8], [0, 0, 3, 0, 0, 0, 0, 0, 8, 0], [0, 1, 1, 1, 0, 0, 0, 0, 0, 0], [0, 0, 1, 0, 0, 0, 0, 0, 0, 0], [0, 0, 0, 0, 0, 0, 0, 0, 0, 0], [0, 0, 0, 0, 0, 0, 0, 0, 0, 0]], "output": [[9], [2], [3], [8], [0]]}, {"input": [[0, 0, 0, 0, 0, 0, 0, 0, 0, 0], [0, 0, 0, 6, 0, 0, 0, 0, 0, 0], [0, 0, 6, 6, 6, 0, 0, 0, 0, 0], [0, 0, 0, 6, 0, 0, 0, 0, 0, 0], [0, 0, 0, 0, 0, 0, 0, 0, 0, 0], [0, 0, 0, 0, 0, 0, 0, 0, 0, 0], [0, 0, 3, 0, 7, 1, 0, 0, 0, 0], [0, 3, 3, 3, 1, 1, 1, 0, 0, 0], [0, 0, 3, 0, 7, 1, 0, 0, 0, 0], [0, 0, 0, 0, 0, 0, 0, 0, 0, 0]], "output": [[6], [3], [1], [0], [0]]}, {"input": [[0, 0, 0, 0, 0, 0, 0, 0, 0, 0], [0, 0, 0, 0, 0, 0, 0, 0, 0, 0], [0, 0, 1, 0, 0, 0, 0, 0, 4, 0], [0, 1, 1, 1, 0, 3, 0, 4, 4, 4], [0, 2, 1, 2, 3, 3, 3, 0, 4, 0], [0, 0, 2, 0, 8, 3, 8, 0, 0, 0], [0, 0, 0, 0, 0, 8, 0, 0, 0, 0], [0, 0, 0, 0, 0, 0, 0, 0, 0, 0], [0, 0, 0, 0, 0, 0, 0, 0, 0, 0], [0, 0, 0, 0, 0, 0, 0, 0, 0, 0]], "output": [[1], [4], [3], [0], [0]]}], "test": [{"input": [[0, 0, 0, 0, 0, 8, 0, 0, 9, 0], [0, 0, 0, 0, 8, 8, 8, 9, 9, 9], [0, 0, 0, 0, 0, 8, 0, 0, 9, 0], [0, 0, 0, 0, 0, 0, 0, 4, 0, 0], [0, 0, 0, 0, 7, 0, 4, 4, 4, 0], [0, 0, 0, 7, 2, 7, 6, 4, 6, 0], [0, 0, 0, 2, 2, 2, 0, 6, 0, 0], [0, 0, 0, 1, 2, 0, 0, 0, 0, 0], [0, 0, 1, 1, 1, 0, 0, 0, 0, 0], [0, 0, 0, 1, 0, 0, 0, 0, 0, 0]], "output": [[8], [9], [4], [2], [1]]}, {"input": [[0, 0, 0, 0, 0, 0, 0, 0, 0, 0], [0, 0, 0, 0, 0, 0, 0, 0, 0, 0], [0, 0, 0, 0, 0, 0, 0, 0, 5, 0], [0, 0, 0, 0, 0, 0, 0, 5, 5, 5], [0, 0, 0, 0, 0, 9, 0, 0, 5, 0], [0, 0, 7, 0, 9, 9, 9, 0, 0, 0], [0, 7, 7, 7, 0, 9, 1, 0, 0, 0], [0, 6, 7, 6, 0, 1, 1, 1, 0, 0], [0, 0, 6, 0, 0, 0, 1, 0, 0, 0], [0, 0, 0, 0, 0, 0, 0, 0, 0, 0]], "output": [[5], [9], [7], [1], [0]]}, {"input": [[0, 0, 0, 0, 0, 0, 0, 0, 0, 0], [0, 0, 0, 0, 0, 0, 0, 0, 0, 0], [0, 0, 0, 0, 0, 0, 0, 0, 0, 0], [0, 0, 0, 0, 6, 0, 0, 0, 0, 0], [0, 7, 0, 6, 6, 6, 0, 0, 0, 0], [7, 7, 7, 0, 8, 0, 1, 0, 0, 0], [0, 7, 0, 8, 8, 8, 1, 1, 0, 0], [0, 0, 0, 5, 8, 3, 1, 0, 0, 0], [0, 0, 5, 5, 5, 0, 0, 0, 0, 0], [0, 0, 0, 5, 0, 0, 0, 0, 0, 0]], "output": [[7], [8], [5], [0], [0]]}]}