{"train": [{"input": [[0, 0, 0, 0, 0, 0, 0, 7, 7, 7], [0, 0, 0, 0, 0, 0, 0, 7, 7, 7], [0, 0, 0, 0, 0, 0, 0, 7, 7, 7], [4, 4, 4, 0, 0, 0, 0, 0, 0, 0], [4, 4, 4, 0, 0, 0, 0, 0, 0, 0], [4, 4, 4, 0, 0, 0, 0, 0, 0, 0], [0, 0, 0, 0, 4, 4, 4, 0, 0, 0], [6, 6, 0, 0, 4, 4, 4, 0, 0, 0], [6, 6, 0, 0, 4, 4, 4, 0, 0, 0], [0, 0, 0, 0, 0, 0, 0, 0, 0, 0]], "output": [[0, 0, 0, 0, 0, 0, 0, 5, 5, 5], [0, 0, 0, 0, 0, 0, 0, 5, 5, 5], [0, 0, 0, 0, 0, 0, 0, 5, 5, 5], [5, 5, 5, 0, 0, 0, 0, 0, 0, 0], [5, 5, 5, 0, 0, 0, 0, 0, 0, 0], [5, 5, 5, 0, 0, 0, 0, 0, 0, 0], [0, 0, 0, 0, 5, 5, 5, 0, 0, 0], [5, 5, 0, 0, 5, 5, 5, 0, 0, 0], [5, 5, 0, 0, 5, 5, 5, 0, 0, 0], [0, 0, 0, 0, 0, 0, 0, 0, 0, 0]]}, {"input": [[0, 0, 0, 0, 0, 0, 0, 0, 0, 0], [0, 0, 0, 0, 0, 0, 0, 0, 0, 0], [0, 0, 6, 6, 0, 0, 0, 6, 6, 0], [0, 0, 6, 6, 0, 0, 0, 6, 6, 0], [0, 0, 5, 5, 5, 0, 0, 0, 0, 0], [0, 0, 5, 5, 5, 0, 0, 0, 0, 0], [0, 0, 5, 5, 5, 0, 0, 0, 4, 4], [0, 0, 0, 0, 0, 0, 0, 0, 4, 4], [0, 0, 0, 0, 0, 0, 0, 0, 2, 2], [0, 0, 0, 0, 0, 0, 0, 0, 2, 2]], "output": [[0, 0, 0, 0, 0, 0, 0, 0, 0, 0], [0, 0, 0, 0, 0, 0, 0, 0, 0, 0], [0, 0, 5, 5, 0, 0, 0, 5, 5, 0], [0, 0, 5, 5, 0, 0, 0, 5, 5, 0], [0, 0, 5, 5, 5, 0, 0, 0, 0, 0], [0, 0, 5, 5, 5, 0, 0, 0, 0, 0], [0, 0, 5, 5, 5, 0, 0, 0, 5, 5], [0, 0, 0, 0, 0, 0, 0, 0, 5, 5], [0, 0, 0, 0, 0, 0, 0, 0, 5, 5], [0, 0, 0, 0, 0, 0, 0, 0, 5, 5]]}, {"input": [[0, 0, 0, 0, 0, 0, 2, 2, 2, 0], [0, 4, 4, 4, 0, 0, 2, 2, 2, 0], [0, 4, 4, 4, 0, 0, 2, 2, 2, 0], [0, 4, 4, 4, 0, 9, 9, 9, 0, 0], [0, 7, 7, 0, 0, 9, 9, 9, 0, 0], [0, 7, 7, 0, 0, 9, 9, 9, 0, 0], [0, 0, 0, 0, 0, 0, 0, 0, 0, 0], [0, 0, 0, 0, 0, 0, 0, 0, 0, 0], [0, 0, 0, 0, 3, 3, 0, 0, 0, 0], [0, 0, 0, 0, 3, 3, 0, 0, 0, 0]], "output": [[0, 0, 0, 0, 0, 0, 5, 5, 5, 0], [0, 5, 5, 5, 0, 0, 5, 5, 5, 0], [0, 5, 5, 5, 0, 0, 5, 5, 5, 0], [0, 5, 5, 5, 0, 5, 5, 5, 0, 0], [0, 5, 5, 0, 0, 5, 5, 5, 0, 0], [0, 5, 5, 0, 0, 5, 5, 5, 0, 0], [0, 0, 0, 0, 0, 0, 0, 0, 0, 0], [0, 0, 0, 0, 0, 0, 0, 0, 0, 0], [0, 0, 0, 0, 5, 5, 0, 0, 0, 0], [0, 0, 0, 0, 5, 5, 0, 0, 0, 0]]}, {"input": [[0, 0, 0, 0, 0, 0, 0, 0, 0, 0], [0, 0, 0, 0, 0, 0, 0, 5, 5, 5], [6, 6, 0, 0, 0, 0, 0, 5, 5, 5], [6, 6, 0, 0, 0, 0, 0, 5, 5, 5], [0, 0, 0, 0, 0, 0, 0, 0, 0, 0], [0, 0, 0, 0, 0, 0, 0, 0, 0, 0], [0, 0, 0, 0, 0, 0, 0, 0, 0, 0], [0, 0, 0, 0, 0, 0, 0, 0, 0, 0], [0, 0, 0, 5, 5, 0, 0, 0, 0, 0], [0, 0, 0, 5, 5, 0, 0, 0, 0, 0]], "output": [[0, 0, 0, 0, 0, 0, 0, 0, 0, 0], [0, 0, 0, 0, 0, 0, 0, 5, 5, 5], [5, 5, 0, 0, 0, 0, 0, 5, 5, 5], [5, 5, 0, 0, 0, 0, 0, 5, 5, 5], [0, 0, 0, 0, 0, 0, 0, 0, 0, 0], [0, 0, 0, 0, 0, 0, 0, 0, 0, 0], [0, 0, 0, 0, 0, 0, 0, 0, 0, 0], [0, 0, 0, 0, 0, 0, 0, 0, 0, 0], [0, 0, 0, 5, 5, 0, 0, 0, 0, 0], [0, 0, 0, 5, 5, 0, 0, 0, 0, 0]]}, {"input": [[0, 0, 0, 0, 0, 4, 4, 4, 0, 0], [0, 0, 0, 0, 0, 4, 4, 4, 0, 0], [0, 0, 0, 0, 0, 4, 4, 4, 0, 0], [0, 0, 0, 0, 0, 0, 0, 0, 0, 0], [0, 5, 5, 0, 0, 0, 0, 4, 4, 0], [0, 5, 5, 0, 0, 6, 6, 4, 4, 0], [0, 0, 0, 0, 0, 6, 6, 3, 3, 3], [0, 2, 2, 2, 0, 0, 0, 3, 3, 3], [0, 2, 2, 2, 0, 0, 0, 3, 3, 3], [0, 2, 2, 2, 0, 0, 0, 0, 0, 0]], "output": [[0, 0, 0, 0, 0, 5, 5, 5, 0, 0], [0, 0, 0, 0, 0, 5, 5, 5, 0, 0], [0, 0, 0, 0, 0, 5, 5, 5, 0, 0], [0, 0, 0, 0, 0, 0, 0, 0, 0, 0], [0, 5, 5, 0, 0, 0, 0, 5, 5, 0], [0, 5, 5, 0, 0, 5, 5, 5, 5, 0], [0, 0, 0, 0, 0, 5, 5, 5, 5, 5], [0, 5, 5, 5, 0, 0, 0, 5, 5, 5], [0, 5, 5, 5, 0, 0, 0, 5, 5, 5], [0, 5, 5, 5, 0, 0, 0, 0, 0, 0]]}, {"input": [[1, 1, 1, 0, 0, 3, 3, 0, 0, 0], [1, 1, 1, 0, 0, 3, 3, 0, 0, 0], [1, 1, 1, 0, 0, 0, 0, 0, 0, 0], [0, 0, 0, 0, 0, 0, 0, 0, 0, 0], [0, 0, 0, 0, 0, 0, 0, 0, 0, 0], [0, 0, 7, 7, 0, 0, 1, 1, 1, 0], [0, 0, 7, 7, 0, 0, 1, 1, 1, 0], [0, 0, 0, 0, 0, 0, 1, 1, 1, 0], [0, 0, 0, 0, 0, 0, 0, 0, 0, 0], [0, 0, 0, 0, 0, 0, 0, 0, 0, 0]], "output": [[5, 5, 5, 0, 0, 5, 5, 0, 0, 0], [5, 5, 5, 0, 0, 5, 5, 0, 0, 0], [5, 5, 5, 0, 0, 0, 0, 0, 0, 0], [0, 0, 0, 0, 0, 0, 0, 0, 0, 0], [0, 0, 0, 0, 0, 0, 0, 0, 0, 0], [0, 0, 5, 5, 0, 0, 5, 5, 5, 0], [0, 0, 5, 5, 0, 0, 5, 5, 5, 0], [0, 0, 0, 0, 0, 0, 5, 5, 5, 0], [0, 0, 0, 0, 0, 0, 0, 0, 0, 0], [0, 0, 0, 0, 0, 0, 0, 0, 0, 0]]}, {"input": [[0, 0, 4, 4, 4, 0, 0, 0, 0, 0], [0, 0, 4, 4, 4, 0, 0, 0, 0, 0], [0, 0, 4, 4, 4, 0, 0, 0, 0, 0], [0, 0, 0, 0, 0, 0, 0, 0, 0, 0], [0, 0, 0, 0, 0, 0, 0, 0, 0, 0], [0, 8, 8, 0, 0, 0, 0, 0, 0, 0], [0, 8, 8, 0, 0, 0, 0, 0, 0, 0], [9, 9, 9, 0, 0, 0, 0, 0, 0, 0], [9, 9, 9, 0, 0, 0, 0, 0, 0, 0], [9, 9, 9, 0, 0, 0, 0, 0, 0, 0]], "output": [[0, 0, 5, 5, 5, 0, 0, 0, 0, 0], [0, 0, 5, 5, 5, 0, 0, 0, 0, 0], [0, 0, 5, 5, 5, 0, 0, 0, 0, 0], [0, 0, 0, 0, 0, 0, 0, 0, 0, 0], [0, 0, 0, 0, 0, 0, 0, 0, 0, 0], [0, 5, 5, 0, 0, 0, 0, 0, 0, 0], [0, 5, 5, 0, 0, 0, 0, 0, 0, 0], [5, 5, 5, 0, 0, 0, 0, 0, 0, 0], [5, 5, 5, 0, 0, 0, 0, 0, 0, 0], [5, 5, 5, 0, 0, 0, 0, 0, 0, 0]]}, {"input": [[0, 0, 0, 0, 0, 0, 0, 0, 0, 0], [0, 0, 0, 0, 0, 0, 0, 0, 0, 0], [0, 0, 0, 0, 0, 0, 0, 0, 0, 0], [0, 0, 0, 3, 3, 3, 0, 6, 6, 6], [0, 0, 0, 3, 3, 3, 0, 6, 6, 6], [0, 0, 0, 3, 3, 3, 0, 6, 6, 6], [0, 0, 0, 4, 4, 0, 0, 0, 0, 0], [0, 0, 0, 4, 4, 0, 0, 0, 0, 0], [0, 0, 0, 6, 6, 0, 0, 0, 0, 0], [0, 0, 0, 6, 6, 0, 0, 0, 0, 0]], "output": [[0, 0, 0, 0, 0, 0, 0, 0, 0, 0], [0, 0, 0, 0, 0, 0, 0, 0, 0, 0], [0, 0, 0, 0, 0, 0, 0, 0, 0, 0], [0, 0, 0, 5, 5, 5, 0, 5, 5, 5], [0, 0, 0, 5, 5, 5, 0, 5, 5, 5], [0, 0, 0, 5, 5, 5, 0, 5, 5, 5], [0, 0, 0, 5, 5, 0, 0, 0, 0, 0], [0, 0, 0, 5, 5, 0, 0, 0, 0, 0], [0, 0, 0, 5, 5, 0, 0, 0, 0, 0], [0, 0, 0, 5, 5, 0, 0, 0, 0, 0]]}, {"input": [[0, 0, 0, 0, 0, 0, 0, 0, 0, 0], [0, 0, 0, 0, 0, 0, 0, 0, 0, 0], [0, 0, 0, 0, 0, 0, 0, 0, 0, 0], [0, 0, 0, 0, 0, 0, 0, 0, 0, 0], [0, 2, 2, 2, 0, 0, 8, 8, 8, 0], [0, 2, 2, 2, 0, 0, 8, 8, 8, 0], [0, 2, 2, 2, 0, 0, 8, 8, 8, 0], [0, 0, 0, 0, 0, 3, 3, 3, 0, 0], [0, 0, 0, 0, 0, 3, 3, 3, 0, 0], [0, 0, 0, 0, 0, 3, 3, 3, 0, 0]], "output": [[0, 0, 0, 0, 0, 0, 0, 0, 0, 0], [0, 0, 0, 0, 0, 0, 0, 0, 0, 0], [0, 0, 0, 0, 0, 0, 0, 0, 0, 0], [0, 0, 0, 0, 0, 0, 0, 0, 0, 0], [0, 5, 5, 5, 0, 0, 5, 5, 5, 0], [0, 5, 5, 5, 0, 0, 5, 5, 5, 0], [0, 5, 5, 5, 0, 0, 5, 5, 5, 0], [0, 0, 0, 0, 0, 5, 5, 5, 0, 0], [0, 0, 0, 0, 0, 5, 5, 5, 0, 0], [0, 0, 0, 0, 0, 5, 5, 5, 0, 0]]}, {"input": [[9, 9, 9, 0, 0, 0, 0, 0, 0, 0], [9, 9, 9, 0, 0, 0, 0, 0, 0, 0], [9, 9, 9, 0, 0, 0, 0, 0, 0, 0], [7, 7, 0, 0, 0, 0, 0, 0, 0, 0], [7, 7, 0, 0, 0, 5, 5, 0, 0, 0], [0, 0, 0, 0, 0, 5, 5, 0, 0, 0], [2, 2, 0, 0, 0, 0, 0, 0, 0, 0], [2, 2, 4, 4, 4, 0, 0, 4, 4, 4], [0, 0, 4, 4, 4, 0, 0, 4, 4, 4], [0, 0, 4, 4, 4, 0, 0, 4, 4, 4]], "output": [[5, 5, 5, 0, 0, 0, 0, 0, 0, 0], [5, 5, 5, 0, 0, 0, 0, 0, 0, 0], [5, 5, 5, 0, 0, 0, 0, 0, 0, 0], [5, 5, 0, 0, 0, 0, 0, 0, 0, 0], [5, 5, 0, 0, 0, 5, 5, 0, 0, 0], [0, 0, 0, 0, 0, 5, 5, 0, 0, 0], [5, 5, 0, 0, 0, 0, 0, 0, 0, 0], [5, 5, 5, 5, 5, 0, 0, 5, 5, 5], [0, 0, 5, 5, 5, 0, 0, 5, 5, 5], [0, 0, 5, 5, 5, 0, 0, 5, 5, 5]]}, {"input": [[0, 0, 0, 0, 0, 0, 0, 0, 0, 0], [0, 0, 0, 0, 0, 0, 0, 0, 0, 0], [0, 0, 0, 0, 0, 0, 0, 0, 0, 0], [9, 9, 9, 2, 2, 2, 0, 0, 0, 0], [9, 9, 9, 2, 2, 2, 0, 8, 8, 0], [9, 9, 9, 2, 2, 2, 0, 8, 8, 0], [0, 0, 0, 0, 0, 0, 0, 0, 0, 0], [0, 0, 0, 0, 0, 0, 0, 0, 0, 0], [0, 0, 0, 0, 0, 0, 3, 3, 0, 0], [0, 0, 0, 0, 0, 0, 3, 3, 0, 0]], "output": [[0, 0, 0, 0, 0, 0, 0, 0, 0, 0], [0, 0, 0, 0, 0, 0, 0, 0, 0, 0], [0, 0, 0, 0, 0, 0, 0, 0, 0, 0], [5, 5, 5, 5, 5, 5, 0, 0, 0, 0], [5, 5, 5, 5, 5, 5, 0, 5, 5, 0], [5, 5, 5, 5, 5, 5, 0, 5, 5, 0], [0, 0, 0, 0, 0, 0, 0, 0, 0, 0], [0, 0, 0, 0, 0, 0, 0, 0, 0, 0], [0, 0, 0, 0, 0, 0, 5, 5, 0, 0], [0, 0, 0, 0, 0, 0, 5, 5, 0, 0]]}, {"input": [[0, 0, 0, 0, 0, 0, 0, 0, 0, 0], [0, 0, 0, 0, 0, 0, 0, 0, 0, 0], [0, 0, 0, 0, 0, 5, 5, 0, 0, 0], [0, 0, 0, 0, 0, 5, 5, 0, 0, 0], [0, 0, 0, 0, 0, 3, 3, 3, 0, 0], [0, 0, 0, 0, 0, 3, 3, 3, 0, 0], [0, 0, 0, 0, 0, 3, 3, 3, 0, 0], [0, 0, 1, 1, 0, 0, 0, 0, 0, 0], [0, 0, 1, 1, 0, 0, 0, 0, 0, 0], [0, 0, 0, 0, 0, 0, 0, 0, 0, 0]], "output": [[0, 0, 0, 0, 0, 0, 0, 0, 0, 0], [0, 0, 0, 0, 0, 0, 0, 0, 0, 0], [0, 0, 0, 0, 0, 5, 5, 0, 0, 0], [0, 0, 0, 0, 0, 5, 5, 0, 0, 0], [0, 0, 0, 0, 0, 5, 5, 5, 0, 0], [0, 0, 0, 0, 0, 5, 5, 5, 0, 0], [0, 0, 0, 0, 0, 5, 5, 5, 0, 0], [0, 0, 5, 5, 0, 0, 0, 0, 0, 0], [0, 0, 5, 5, 0, 0, 0, 0, 0, 0], [0, 0, 0, 0, 0, 0, 0, 0, 0, 0]]}, {"input": [[0, 0, 0, 0, 0, 0, 0, 0, 0, 0], [0, 0, 0, 0, 0, 0, 0, 0, 0, 0], [0, 0, 0, 0, 0, 3, 3, 0, 0, 0], [0, 0, 0, 0, 0, 3, 3, 0, 0, 0], [0, 0, 0, 0, 0, 0, 0, 0, 0, 0], [0, 0, 2, 2, 0, 0, 0, 0, 0, 0], [0, 0, 2, 2, 4, 4, 0, 0, 0, 0], [0, 4, 4, 4, 4, 4, 0, 0, 0, 0], [0, 4, 4, 4, 0, 0, 0, 0, 0, 0], [0, 4, 4, 4, 0, 0, 0, 0, 0, 0]], "output": [[0, 0, 0, 0, 0, 0, 0, 0, 0, 0], [0, 0, 0, 0, 0, 0, 0, 0, 0, 0], [0, 0, 0, 0, 0, 5, 5, 0, 0, 0], [0, 0, 0, 0, 0, 5, 5, 0, 0, 0], [0, 0, 0, 0, 0, 0, 0, 0, 0, 0], [0, 0, 5, 5, 0, 0, 0, 0, 0, 0], [0, 0, 5, 5, 5, 5, 0, 0, 0, 0], [0, 5, 5, 5, 5, 5, 0, 0, 0, 0], [0, 5, 5, 5, 0, 0, 0, 0, 0, 0], [0, 5, 5, 5, 0, 0, 0, 0, 0, 0]]}, {"input": [[0, 0, 0, 0, 0, 0, 0, 0, 0, 0], [0, 0, 0, 0, 0, 0, 8, 8, 8, 0], [0, 0, 0, 0, 0, 0, 8, 8, 8, 0], [0, 0, 0, 2, 2, 2, 8, 8, 8, 0], [0, 0, 0, 2, 2, 2, 0, 0, 0, 0], [0, 0, 0, 2, 2, 2, 0, 0, 0, 0], [0, 0, 0, 0, 0, 0, 0, 0, 0, 0], [0, 0, 0, 0, 0, 9, 9, 0, 0, 0], [0, 0, 0, 0, 0, 9, 9, 0, 0, 0], [0, 0, 0, 0, 0, 0, 0, 0, 0, 0]], "output": [[0, 0, 0, 0, 0, 0, 0, 0, 0, 0], [0, 0, 0, 0, 0, 0, 5, 5, 5, 0], [0, 0, 0, 0, 0, 0, 5, 5, 5, 0], [0, 0, 0, 5, 5, 5, 5, 5, 5, 0], [0, 0, 0, 5, 5, 5, 0, 0, 0, 0], [0, 0, 0, 5, 5, 5, 0, 0, 0, 0], [0, 0, 0, 0, 0, 0, 0, 0, 0, 0], [0, 0, 0, 0, 0, 5, 5, 0, 0, 0], [0, 0, 0, 0, 0, 5, 5, 0, 0, 0], [0, 0, 0, 0, 0, 0, 0, 0, 0, 0]]}, {"input": [[0, 0, 0, 0, 0, 0, 0, 0, 0, 0], [0, 2, 2, 0, 0, 0, 0, 0, 0, 0], [0, 2, 2, 0, 0, 0, 0, 0, 0, 0], [2, 2, 2, 1, 1, 1, 0, 0, 0, 0], [2, 2, 2, 1, 1, 1, 2, 2, 0, 0], [2, 2, 2, 1, 1, 1, 2, 2, 0, 0], [4, 4, 4, 2, 2, 0, 0, 0, 0, 0], [4, 4, 4, 2, 2, 0, 0, 0, 0, 0], [4, 4, 4, 0, 0, 0, 0, 0, 0, 0], [0, 0, 0, 0, 0, 0, 0, 0, 0, 0]], "output": [[0, 0, 0, 0, 0, 0, 0, 0, 0, 0], [0, 5, 5, 0, 0, 0, 0, 0, 0, 0], [0, 5, 5, 0, 0, 0, 0, 0, 0, 0], [5, 5, 5, 5, 5, 5, 0, 0, 0, 0], [5, 5, 5, 5, 5, 5, 5, 5, 0, 0], [5, 5, 5, 5, 5, 5, 5, 5, 0, 0], [5, 5, 5, 5, 5, 0, 0, 0, 0, 0], [5, 5, 5, 5, 5, 0, 0, 0, 0, 0], [5, 5, 5, 0, 0, 0, 0, 0, 0, 0], [0, 0, 0, 0, 0, 0, 0, 0, 0, 0]]}, {"input": [[0, 0, 0, 0, 0, 0, 0, 0, 0, 0], [0, 0, 0, 0, 0, 0, 0, 0, 0, 0], [0, 0, 0, 0, 0, 0, 0, 0, 0, 0], [0, 0, 0, 0, 0, 0, 0, 0, 8, 8], [0, 0, 0, 0, 0, 0, 0, 0, 8, 8], [3, 3, 0, 0, 0, 0, 0, 0, 0, 0], [3, 3, 0, 0, 0, 0, 0, 0, 0, 0], [0, 0, 0, 0, 0, 0, 0, 5, 5, 5], [0, 0, 0, 0, 0, 0, 0, 5, 5, 5], [0, 0, 0, 0, 0, 0, 0, 5, 5, 5]], "output": [[0, 0, 0, 0, 0, 0, 0, 0, 0, 0], [0, 0, 0, 0, 0, 0, 0, 0, 0, 0], [0, 0, 0, 0, 0, 0, 0, 0, 0, 0], [0, 0, 0, 0, 0, 0, 0, 0, 5, 5], [0, 0, 0, 0, 0, 0, 0, 0, 5, 5], [5, 5, 0, 0, 0, 0, 0, 0, 0, 0], [5, 5, 0, 0, 0, 0, 0, 0, 0, 0], [0, 0, 0, 0, 0, 0, 0, 5, 5, 5], [0, 0, 0, 0, 0, 0, 0, 5, 5, 5], [0, 0, 0, 0, 0, 0, 0, 5, 5, 5]]}, {"input": [[0, 0, 0, 0, 0, 0, 0, 0, 0, 0], [0, 0, 0, 0, 0, 0, 0, 0, 0, 0], [0, 0, 0, 9, 9, 9, 0, 0, 0, 0], [0, 0, 0, 9, 9, 9, 0, 0, 0, 0], [0, 0, 0, 9, 9, 9, 0, 0, 0, 0], [0, 9, 9, 9, 0, 0, 1, 1, 0, 0], [0, 9, 9, 9, 0, 0, 1, 1, 0, 0], [0, 9, 9, 9, 0, 0, 0, 0, 0, 0], [7, 7, 0, 0, 0, 0, 0, 0, 0, 0], [7, 7, 0, 0, 0, 0, 0, 0, 0, 0]], "output": [[0, 0, 0, 0, 0, 0, 0, 0, 0, 0], [0, 0, 0, 0, 0, 0, 0, 0, 0, 0], [0, 0, 0, 5, 5, 5, 0, 0, 0, 0], [0, 0, 0, 5, 5, 5, 0, 0, 0, 0], [0, 0, 0, 5, 5, 5, 0, 0, 0, 0], [0, 5, 5, 5, 0, 0, 5, 5, 0, 0], [0, 5, 5, 5, 0, 0, 5, 5, 0, 0], [0, 5, 5, 5, 0, 0, 0, 0, 0, 0], [5, 5, 0, 0, 0, 0, 0, 0, 0, 0], [5, 5, 0, 0, 0, 0, 0, 0, 0, 0]]}, {"input": [[8, 8, 8, 0, 0, 0, 0, 0, 0, 0], [8, 8, 8, 0, 0, 0, 0, 6, 6, 0], [8, 8, 8, 0, 0, 0, 0, 6, 6, 0], [0, 0, 0, 0, 0, 0, 0, 0, 0, 0], [0, 0, 0, 0, 0, 0, 0, 0, 0, 0], [0, 0, 0, 0, 0, 0, 0, 0, 0, 0], [0, 0, 0, 0, 4, 4, 4, 0, 0, 0], [0, 0, 0, 0, 4, 4, 4, 0, 0, 0], [0, 0, 0, 0, 4, 4, 4, 7, 7, 0], [0, 0, 0, 0, 0, 0, 0, 7, 7, 0]], "output": [[5, 5, 5, 0, 0, 0, 0, 0, 0, 0], [5, 5, 5, 0, 0, 0, 0, 5, 5, 0], [5, 5, 5, 0, 0, 0, 0, 5, 5, 0], [0, 0, 0, 0, 0, 0, 0, 0, 0, 0], [0, 0, 0, 0, 0, 0, 0, 0, 0, 0], [0, 0, 0, 0, 0, 0, 0, 0, 0, 0], [0, 0, 0, 0, 5, 5, 5, 0, 0, 0], [0, 0, 0, 0, 5, 5, 5, 0, 0, 0], [0, 0, 0, 0, 5, 5, 5, 5, 5, 0], [0, 0, 0, 0, 0, 0, 0, 5, 5, 0]]}, {"input": [[0, 0, 0, 0, 0, 0, 0, 5, 5, 0], [0, 3, 3, 0, 0, 0, 0, 5, 5, 0], [0, 3, 3, 0, 0, 0, 0, 0, 0, 0], [0, 0, 0, 0, 7, 7, 7, 0, 0, 0], [0, 0, 0, 0, 7, 7, 7, 0, 0, 0], [0, 0, 0, 0, 7, 7, 7, 0, 0, 0], [0, 0, 0, 0, 0, 0, 0, 0, 0, 0], [0, 0, 0, 0, 0, 6, 6, 0, 0, 0], [0, 0, 6, 6, 0, 6, 6, 0, 0, 0], [0, 0, 6, 6, 0, 0, 0, 0, 0, 0]], "output": [[0, 0, 0, 0, 0, 0, 0, 5, 5, 0], [0, 5, 5, 0, 0, 0, 0, 5, 5, 0], [0, 5, 5, 0, 0, 0, 0, 0, 0, 0], [0, 0, 0, 0, 5, 5, 5, 0, 0, 0], [0, 0, 0, 0, 5, 5, 5, 0, 0, 0], [0, 0, 0, 0, 5, 5, 5, 0, 0, 0], [0, 0, 0, 0, 0, 0, 0, 0, 0, 0], [0, 0, 0, 0, 0, 5, 5, 0, 0, 0], [0, 0, 5, 5, 0, 5, 5, 0, 0, 0], [0, 0, 5, 5, 0, 0, 0, 0, 0, 0]]}, {"input": [[0, 0, 0, 0, 0, 0, 0, 0, 0, 0], [0, 0, 0, 0, 0, 0, 0, 0, 0, 0], [0, 0, 0, 7, 7, 7, 0, 0, 0, 0], [0, 0, 0, 7, 7, 7, 7, 7, 7, 0], [9, 9, 0, 7, 7, 7, 7, 7, 7, 0], [9, 9, 0, 0, 0, 0, 7, 7, 7, 0], [9, 9, 9, 0, 0, 0, 0, 4, 4, 4], [9, 9, 9, 0, 0, 0, 0, 4, 4, 4], [9, 9, 9, 0, 0, 0, 0, 4, 4, 4], [0, 0, 0, 0, 0, 0, 0, 0, 0, 0]], "output": [[0, 0, 0, 0, 0, 0, 0, 0, 0, 0], [0, 0, 0, 0, 0, 0, 0, 0, 0, 0], [0, 0, 0, 5, 5, 5, 0, 0, 0, 0], [0, 0, 0, 5, 5, 5, 5, 5, 5, 0], [5, 5, 0, 5, 5, 5, 5, 5, 5, 0], [5, 5, 0, 0, 0, 0, 5, 5, 5, 0], [5, 5, 5, 0, 0, 0, 0, 5, 5, 5], [5, 5, 5, 0, 0, 0, 0, 5, 5, 5], [5, 5, 5, 0, 0, 0, 0, 5, 5, 5], [0, 0, 0, 0, 0, 0, 0, 0, 0, 0]]}, {"input": [[0, 9, 9, 9, 0, 0, 0, 0, 0, 0], [0, 9, 9, 9, 0, 0, 0, 0, 0, 0], [0, 9, 9, 9, 6, 6, 6, 0, 0, 0], [1, 1, 0, 0, 6, 6, 6, 0, 0, 0], [1, 1, 0, 0, 6, 6, 6, 0, 0, 0], [0, 1, 1, 1, 0, 0, 0, 0, 0, 0], [0, 1, 1, 1, 0, 0, 0, 0, 0, 0], [0, 1, 1, 1, 7, 7, 7, 0, 0, 0], [0, 0, 0, 0, 7, 7, 7, 0, 0, 0], [0, 0, 0, 0, 7, 7, 7, 0, 0, 0]], "output": [[0, 5, 5, 5, 0, 0, 0, 0, 0, 0], [0, 5, 5, 5, 0, 0, 0, 0, 0, 0], [0, 5, 5, 5, 5, 5, 5, 0, 0, 0], [5, 5, 0, 0, 5, 5, 5, 0, 0, 0], [5, 5, 0, 0, 5, 5, 5, 0, 0, 0], [0, 5, 5, 5, 0, 0, 0, 0, 0, 0], [0, 5, 5, 5, 0, 0, 0, 0, 0, 0], [0, 5, 5, 5, 5, 5, 5, 0, 0, 0], [0, 0, 0, 0, 5, 5, 5, 0, 0, 0], [0, 0, 0, 0, 5, 5, 5, 0, 0, 0]]}, {"input": [[0, 0, 0, 0, 0, 0, 0, 0, 0, 0], [2, 2, 0, 0, 0, 0, 0, 0, 0, 0], [2, 2, 0, 0, 3, 3, 0, 0, 0, 0], [0, 0, 0, 0, 3, 3, 0, 0, 0, 0], [0, 0, 0, 0, 0, 0, 0, 0, 0, 0], [0, 0, 0, 0, 8, 8, 0, 0, 0, 0], [0, 0, 0, 0, 8, 8, 0, 0, 0, 0], [9, 9, 0, 0, 0, 0, 0, 6, 6, 6], [9, 9, 0, 0, 0, 0, 0, 6, 6, 6], [0, 0, 0, 0, 0, 0, 0, 6, 6, 6]], "output": [[0, 0, 0, 0, 0, 0, 0, 0, 0, 0], [5, 5, 0, 0, 0, 0, 0, 0, 0, 0], [5, 5, 0, 0, 5, 5, 0, 0, 0, 0], [0, 0, 0, 0, 5, 5, 0, 0, 0, 0], [0, 0, 0, 0, 0, 0, 0, 0, 0, 0], [0, 0, 0, 0, 5, 5, 0, 0, 0, 0], [0, 0, 0, 0, 5, 5, 0, 0, 0, 0], [5, 5, 0, 0, 0, 0, 0, 5, 5, 5], [5, 5, 0, 0, 0, 0, 0, 5, 5, 5], [0, 0, 0, 0, 0, 0, 0, 5, 5, 5]]}, {"input": [[0, 0, 0, 0, 0, 0, 0, 0, 0, 0], [0, 0, 0, 0, 0, 0, 0, 0, 0, 0], [0, 0, 0, 0, 0, 0, 0, 4, 4, 0], [0, 0, 0, 0, 0, 0, 0, 4, 4, 0], [0, 0, 9, 9, 9, 0, 0, 0, 0, 0], [0, 0, 9, 9, 9, 0, 0, 0, 0, 0], [0, 0, 9, 9, 9, 0, 0, 8, 8, 8], [0, 4, 4, 4, 0, 0, 0, 8, 8, 8], [0, 4, 4, 4, 0, 0, 0, 8, 8, 8], [0, 4, 4, 4, 0, 0, 0, 0, 0, 0]], "output": [[0, 0, 0, 0, 0, 0, 0, 0, 0, 0], [0, 0, 0, 0, 0, 0, 0, 0, 0, 0], [0, 0, 0, 0, 0, 0, 0, 5, 5, 0], [0, 0, 0, 0, 0, 0, 0, 5, 5, 0], [0, 0, 5, 5, 5, 0, 0, 0, 0, 0], [0, 0, 5, 5, 5, 0, 0, 0, 0, 0], [0, 0, 5, 5, 5, 0, 0, 5, 5, 5], [0, 5, 5, 5, 0, 0, 0, 5, 5, 5], [0, 5, 5, 5, 0, 0, 0, 5, 5, 5], [0, 5, 5, 5, 0, 0, 0, 0, 0, 0]]}, {"input": [[0, 0, 0, 0, 0, 0, 0, 0, 0, 0], [0, 0, 0, 0, 0, 0, 0, 0, 0, 0], [0, 0, 5, 5, 5, 0, 0, 0, 0, 0], [0, 0, 5, 5, 5, 4, 4, 4, 0, 0], [0, 0, 5, 5, 5, 4, 4, 4, 0, 0], [0, 6, 6, 6, 0, 4, 4, 4, 0, 0], [0, 6, 6, 6, 0, 0, 0, 0, 0, 0], [0, 6, 6, 6, 0, 0, 0, 0, 0, 0], [0, 0, 0, 0, 0, 0, 0, 0, 0, 0], [0, 0, 0, 0, 0, 0, 0, 0, 0, 0]], "output": [[0, 0, 0, 0, 0, 0, 0, 0, 0, 0], [0, 0, 0, 0, 0, 0, 0, 0, 0, 0], [0, 0, 5, 5, 5, 0, 0, 0, 0, 0], [0, 0, 5, 5, 5, 5, 5, 5, 0, 0], [0, 0, 5, 5, 5, 5, 5, 5, 0, 0], [0, 5, 5, 5, 0, 5, 5, 5, 0, 0], [0, 5, 5, 5, 0, 0, 0, 0, 0, 0], [0, 5, 5, 5, 0, 0, 0, 0, 0, 0], [0, 0, 0, 0, 0, 0, 0, 0, 0, 0], [0, 0, 0, 0, 0, 0, 0, 0, 0, 0]]}, {"input": [[0, 0, 0, 0, 0, 0, 0, 0, 0, 0], [0, 0, 0, 0, 0, 0, 0, 0, 0, 0], [0, 0, 0, 1, 1, 1, 0, 0, 0, 0], [4, 4, 4, 1, 1, 1, 0, 0, 0, 0], [4, 4, 4, 1, 1, 1, 0, 0, 0, 0], [4, 4, 4, 1, 1, 0, 0, 0, 0, 0], [0, 0, 0, 1, 1, 0, 0, 0, 0, 0], [0, 0, 0, 0, 0, 0, 6, 6, 6, 0], [0, 0, 0, 0, 0, 0, 6, 6, 6, 0], [0, 0, 0, 0, 0, 0, 6, 6, 6, 0]], "output": [[0, 0, 0, 0, 0, 0, 0, 0, 0, 0], [0, 0, 0, 0, 0, 0, 0, 0, 0, 0], [0, 0, 0, 5, 5, 5, 0, 0, 0, 0], [5, 5, 5, 5, 5, 5, 0, 0, 0, 0], [5, 5, 5, 5, 5, 5, 0, 0, 0, 0], [5, 5, 5, 5, 5, 0, 0, 0, 0, 0], [0, 0, 0, 5, 5, 0, 0, 0, 0, 0], [0, 0, 0, 0, 0, 0, 5, 5, 5, 0], [0, 0, 0, 0, 0, 0, 5, 5, 5, 0], [0, 0, 0, 0, 0, 0, 5, 5, 5, 0]]}, {"input": [[0, 0, 0, 0, 0, 0, 0, 0, 0, 0], [0, 0, 0, 0, 0, 0, 0, 0, 0, 0], [1, 1, 0, 0, 0, 0, 9, 9, 0, 0], [1, 1, 0, 0, 0, 0, 9, 9, 5, 5], [7, 7, 7, 0, 9, 9, 9, 0, 5, 5], [7, 7, 7, 0, 9, 9, 9, 0, 0, 0], [7, 7, 7, 0, 9, 9, 9, 0, 0, 0], [0, 0, 0, 0, 0, 0, 0, 0, 0, 0], [0, 0, 0, 0, 0, 0, 0, 0, 0, 0], [0, 0, 0, 0, 0, 0, 0, 0, 0, 0]], "output": [[0, 0, 0, 0, 0, 0, 0, 0, 0, 0], [0, 0, 0, 0, 0, 0, 0, 0, 0, 0], [5, 5, 0, 0, 0, 0, 5, 5, 0, 0], [5, 5, 0, 0, 0, 0, 5, 5, 5, 5], [5, 5, 5, 0, 5, 5, 5, 0, 5, 5], [5, 5, 5, 0, 5, 5, 5, 0, 0, 0], [5, 5, 5, 0, 5, 5, 5, 0, 0, 0], [0, 0, 0, 0, 0, 0, 0, 0, 0, 0], [0, 0, 0, 0, 0, 0, 0, 0, 0, 0], [0, 0, 0, 0, 0, 0, 0, 0, 0, 0]]}, {"input": [[0, 0, 0, 0, 0, 0, 0, 0, 0, 0], [0, 0, 0, 0, 0, 0, 0, 0, 5, 5], [0, 0, 0, 0, 0, 0, 0, 0, 5, 5], [0, 0, 0, 0, 0, 0, 0, 0, 0, 0], [0, 0, 0, 0, 0, 0, 9, 9, 9, 0], [0, 1, 1, 0, 0, 0, 9, 9, 9, 0], [0, 1, 1, 0, 0, 0, 9, 9, 9, 0], [0, 0, 0, 0, 0, 0, 0, 0, 0, 0], [0, 0, 0, 0, 0, 0, 0, 4, 4, 0], [0, 0, 0, 0, 0, 0, 0, 4, 4, 0]], "output": [[0, 0, 0, 0, 0, 0, 0, 0, 0, 0], [0, 0, 0, 0, 0, 0, 0, 0, 5, 5], [0, 0, 0, 0, 0, 0, 0, 0, 5, 5], [0, 0, 0, 0, 0, 0, 0, 0, 0, 0], [0, 0, 0, 0, 0, 0, 5, 5, 5, 0], [0, 5, 5, 0, 0, 0, 5, 5, 5, 0], [0, 5, 5, 0, 0, 0, 5, 5, 5, 0], [0, 0, 0, 0, 0, 0, 0, 0, 0, 0], [0, 0, 0, 0, 0, 0, 0, 5, 5, 0], [0, 0, 0, 0, 0, 0, 0, 5, 5, 0]]}, {"input": [[9, 9, 9, 0, 0, 0, 0, 0, 0, 0], [9, 9, 9, 0, 0, 0, 0, 0, 6, 6], [9, 9, 9, 0, 0, 0, 0, 0, 6, 6], [0, 0, 0, 0, 0, 0, 0, 0, 0, 0], [0, 0, 0, 0, 0, 0, 0, 7, 7, 0], [0, 0, 0, 0, 4, 4, 4, 7, 7, 0], [9, 9, 9, 0, 4, 4, 4, 0, 0, 0], [9, 9, 9, 0, 4, 4, 4, 0, 0, 0], [9, 9, 9, 0, 0, 0, 0, 0, 0, 0], [0, 0, 0, 0, 0, 0, 0, 0, 0, 0]], "output": [[5, 5, 5, 0, 0, 0, 0, 0, 0, 0], [5, 5, 5, 0, 0, 0, 0, 0, 5, 5], [5, 5, 5, 0, 0, 0, 0, 0, 5, 5], [0, 0, 0, 0, 0, 0, 0, 0, 0, 0], [0, 0, 0, 0, 0, 0, 0, 5, 5, 0], [0, 0, 0, 0, 5, 5, 5, 5, 5, 0], [5, 5, 5, 0, 5, 5, 5, 0, 0, 0], [5, 5, 5, 0, 5, 5, 5, 0, 0, 0], [5, 5, 5, 0, 0, 0, 0, 0, 0, 0], [0, 0, 0, 0, 0, 0, 0, 0, 0, 0]]}, {"input": [[0, 0, 0, 0, 0, 0, 0, 0, 0, 0], [0, 0, 0, 0, 0, 0, 0, 0, 0, 0], [6, 6, 0, 0, 0, 0, 0, 6, 6, 0], [6, 6, 0, 0, 0, 0, 0, 6, 6, 0], [0, 4, 4, 4, 4, 4, 4, 0, 0, 0], [0, 4, 4, 4, 4, 4, 4, 0, 0, 0], [0, 4, 4, 4, 4, 4, 4, 0, 0, 0], [8, 8, 8, 0, 0, 0, 0, 5, 5, 0], [8, 8, 8, 0, 0, 0, 0, 5, 5, 0], [8, 8, 8, 0, 0, 0, 0, 0, 0, 0]], "output": [[0, 0, 0, 0, 0, 0, 0, 0, 0, 0], [0, 0, 0, 0, 0, 0, 0, 0, 0, 0], [5, 5, 0, 0, 0, 0, 0, 5, 5, 0], [5, 5, 0, 0, 0, 0, 0, 5, 5, 0], [0, 5, 5, 5, 5, 5, 5, 0, 0, 0], [0, 5, 5, 5, 5, 5, 5, 0, 0, 0], [0, 5, 5, 5, 5, 5, 5, 0, 0, 0], [5, 5, 5, 0, 0, 0, 0, 5, 5, 0], [5, 5, 5, 0, 0, 0, 0, 5, 5, 0], [5, 5, 5, 0, 0, 0, 0, 0, 0, 0]]}, {"input": [[0, 8, 8, 0, 0, 0, 0, 0, 0, 0], [0, 8, 8, 0, 0, 0, 0, 0, 0, 0], [0, 0, 0, 0, 0, 8, 8, 8, 0, 0], [0, 0, 0, 0, 0, 8, 8, 8, 0, 0], [0, 0, 0, 0, 0, 8, 8, 8, 0, 0], [0, 0, 1, 1, 0, 0, 0, 0, 0, 0], [0, 0, 1, 1, 0, 0, 0, 0, 7, 7], [0, 0, 0, 0, 0, 0, 0, 0, 7, 7], [0, 0, 0, 0, 0, 0, 0, 0, 0, 0], [0, 0, 0, 0, 0, 0, 0, 0, 0, 0]], "output": [[0, 5, 5, 0, 0, 0, 0, 0, 0, 0], [0, 5, 5, 0, 0, 0, 0, 0, 0, 0], [0, 0, 0, 0, 0, 5, 5, 5, 0, 0], [0, 0, 0, 0, 0, 5, 5, 5, 0, 0], [0, 0, 0, 0, 0, 5, 5, 5, 0, 0], [0, 0, 5, 5, 0, 0, 0, 0, 0, 0], [0, 0, 5, 5, 0, 0, 0, 0, 5, 5], [0, 0, 0, 0, 0, 0, 0, 0, 5, 5], [0, 0, 0, 0, 0, 0, 0, 0, 0, 0], [0, 0, 0, 0, 0, 0, 0, 0, 0, 0]]}, {"input": [[0, 0, 0, 0, 0, 0, 0, 0, 0, 0], [0, 0, 0, 0, 0, 0, 0, 0, 0, 0], [0, 0, 0, 0, 0, 0, 0, 0, 0, 0], [0, 0, 0, 0, 0, 0, 0, 0, 0, 0], [0, 0, 2, 2, 2, 0, 7, 7, 7, 0], [0, 0, 2, 2, 2, 0, 7, 7, 7, 0], [0, 0, 2, 2, 2, 0, 7, 7, 7, 0], [0, 0, 0, 9, 9, 0, 0, 0, 0, 0], [0, 0, 0, 9, 9, 0, 0, 0, 0, 0], [0, 0, 0, 0, 0, 0, 0, 0, 0, 0]], "output": [[0, 0, 0, 0, 0, 0, 0, 0, 0, 0], [0, 0, 0, 0, 0, 0, 0, 0, 0, 0], [0, 0, 0, 0, 0, 0, 0, 0, 0, 0], [0, 0, 0, 0, 0, 0, 0, 0, 0, 0], [0, 0, 5, 5, 5, 0, 5, 5, 5, 0], [0, 0, 5, 5, 5, 0, 5, 5, 5, 0], [0, 0, 5, 5, 5, 0, 5, 5, 5, 0], [0, 0, 0, 5, 5, 0, 0, 0, 0, 0], [0, 0, 0, 5, 5, 0, 0, 0, 0, 0], [0, 0, 0, 0, 0, 0, 0, 0, 0, 0]]}, {"input": [[0, 0, 0, 0, 0, 0, 0, 9, 9, 0], [0, 0, 0, 0, 6, 6, 6, 9, 9, 0], [9, 9, 9, 0, 6, 6, 6, 0, 0, 0], [9, 9, 9, 0, 6, 6, 6, 0, 0, 0], [9, 9, 9, 0, 0, 0, 0, 0, 0, 0], [0, 0, 0, 0, 0, 0, 0, 0, 0, 0], [0, 0, 0, 0, 0, 0, 0, 0, 0, 0], [0, 0, 0, 0, 0, 0, 0, 0, 0, 0], [0, 0, 0, 0, 0, 2, 2, 0, 0, 0], [0, 0, 0, 0, 0, 2, 2, 0, 0, 0]], "output": [[0, 0, 0, 0, 0, 0, 0, 5, 5, 0], [0, 0, 0, 0, 5, 5, 5, 5, 5, 0], [5, 5, 5, 0, 5, 5, 5, 0, 0, 0], [5, 5, 5, 0, 5, 5, 5, 0, 0, 0], [5, 5, 5, 0, 0, 0, 0, 0, 0, 0], [0, 0, 0, 0, 0, 0, 0, 0, 0, 0], [0, 0, 0, 0, 0, 0, 0, 0, 0, 0], [0, 0, 0, 0, 0, 0, 0, 0, 0, 0], [0, 0, 0, 0, 0, 5, 5, 0, 0, 0], [0, 0, 0, 0, 0, 5, 5, 0, 0, 0]]}, {"input": [[0, 0, 0, 0, 0, 0, 0, 0, 0, 0], [0, 0, 0, 5, 5, 5, 0, 0, 0, 0], [0, 0, 0, 5, 5, 5, 1, 1, 0, 0], [0, 0, 0, 5, 5, 5, 1, 1, 0, 0], [0, 0, 0, 0, 0, 0, 0, 0, 0, 0], [0, 8, 8, 0, 0, 5, 5, 0, 0, 0], [0, 8, 8, 1, 1, 5, 5, 0, 0, 0], [0, 0, 0, 1, 1, 0, 0, 0, 0, 0], [0, 0, 0, 0, 0, 1, 1, 0, 0, 0], [0, 0, 0, 0, 0, 1, 1, 0, 0, 0]], "output": [[0, 0, 0, 0, 0, 0, 0, 0, 0, 0], [0, 0, 0, 5, 5, 5, 0, 0, 0, 0], [0, 0, 0, 5, 5, 5, 5, 5, 0, 0], [0, 0, 0, 5, 5, 5, 5, 5, 0, 0], [0, 0, 0, 0, 0, 0, 0, 0, 0, 0], [0, 5, 5, 0, 0, 5, 5, 0, 0, 0], [0, 5, 5, 5, 5, 5, 5, 0, 0, 0], [0, 0, 0, 5, 5, 0, 0, 0, 0, 0], [0, 0, 0, 0, 0, 5, 5, 0, 0, 0], [0, 0, 0, 0, 0, 5, 5, 0, 0, 0]]}, {"input": [[0, 0, 0, 0, 0, 0, 0, 0, 0, 0], [0, 0, 0, 0, 0, 0, 0, 0, 0, 0], [0, 0, 1, 1, 0, 0, 0, 0, 0, 0], [0, 0, 1, 1, 0, 0, 8, 8, 0, 0], [0, 0, 0, 0, 0, 0, 8, 8, 0, 0], [0, 0, 0, 0, 0, 0, 0, 0, 0, 0], [0, 0, 0, 0, 0, 0, 0, 0, 0, 0], [0, 0, 0, 0, 0, 3, 3, 3, 0, 0], [0, 0, 0, 0, 0, 3, 3, 3, 0, 0], [0, 0, 0, 0, 0, 3, 3, 3, 0, 0]], "output": [[0, 0, 0, 0, 0, 0, 0, 0, 0, 0], [0, 0, 0, 0, 0, 0, 0, 0, 0, 0], [0, 0, 5, 5, 0, 0, 0, 0, 0, 0], [0, 0, 5, 5, 0, 0, 5, 5, 0, 0], [0, 0, 0, 0, 0, 0, 5, 5, 0, 0], [0, 0, 0, 0, 0, 0, 0, 0, 0, 0], [0, 0, 0, 0, 0, 0, 0, 0, 0, 0], [0, 0, 0, 0, 0, 5, 5, 5, 0, 0], [0, 0, 0, 0, 0, 5, 5, 5, 0, 0], [0, 0, 0, 0, 0, 5, 5, 5, 0, 0]]}, {"input": [[0, 0, 0, 0, 8, 8, 8, 0, 0, 0], [0, 0, 0, 0, 8, 8, 8, 0, 0, 0], [0, 0, 0, 0, 8, 8, 8, 0, 0, 0], [0, 0, 0, 5, 5, 5, 0, 0, 0, 0], [0, 0, 0, 5, 5, 5, 0, 0, 0, 0], [0, 0, 0, 5, 5, 5, 0, 0, 0, 0], [0, 0, 0, 0, 0, 0, 0, 1, 1, 0], [0, 0, 0, 0, 0, 0, 0, 1, 1, 0], [0, 0, 0, 0, 0, 0, 0, 0, 0, 0], [0, 0, 0, 0, 0, 0, 0, 0, 0, 0]], "output": [[0, 0, 0, 0, 5, 5, 5, 0, 0, 0], [0, 0, 0, 0, 5, 5, 5, 0, 0, 0], [0, 0, 0, 0, 5, 5, 5, 0, 0, 0], [0, 0, 0, 5, 5, 5, 0, 0, 0, 0], [0, 0, 0, 5, 5, 5, 0, 0, 0, 0], [0, 0, 0, 5, 5, 5, 0, 0, 0, 0], [0, 0, 0, 0, 0, 0, 0, 5, 5, 0], [0, 0, 0, 0, 0, 0, 0, 5, 5, 0], [0, 0, 0, 0, 0, 0, 0, 0, 0, 0], [0, 0, 0, 0, 0, 0, 0, 0, 0, 0]]}, {"input": [[0, 0, 0, 0, 0, 0, 0, 0, 0, 0], [7, 7, 7, 0, 0, 0, 0, 4, 4, 4], [7, 7, 7, 0, 0, 0, 0, 4, 4, 4], [7, 7, 7, 0, 0, 0, 0, 4, 4, 4], [0, 0, 0, 0, 0, 0, 5, 5, 5, 0], [0, 3, 3, 0, 0, 0, 5, 5, 5, 0], [0, 3, 3, 0, 0, 0, 5, 5, 5, 0], [0, 0, 0, 5, 5, 5, 0, 0, 0, 0], [0, 0, 0, 5, 5, 5, 0, 0, 0, 0], [0, 0, 0, 5, 5, 5, 0, 0, 0, 0]], "output": [[0, 0, 0, 0, 0, 0, 0, 0, 0, 0], [5, 5, 5, 0, 0, 0, 0, 5, 5, 5], [5, 5, 5, 0, 0, 0, 0, 5, 5, 5], [5, 5, 5, 0, 0, 0, 0, 5, 5, 5], [0, 0, 0, 0, 0, 0, 5, 5, 5, 0], [0, 5, 5, 0, 0, 0, 5, 5, 5, 0], [0, 5, 5, 0, 0, 0, 5, 5, 5, 0], [0, 0, 0, 5, 5, 5, 0, 0, 0, 0], [0, 0, 0, 5, 5, 5, 0, 0, 0, 0], [0, 0, 0, 5, 5, 5, 0, 0, 0, 0]]}, {"input": [[0, 0, 0, 0, 0, 0, 0, 0, 0, 0], [0, 0, 0, 0, 0, 0, 0, 0, 0, 0], [0, 0, 0, 0, 0, 0, 2, 2, 0, 0], [0, 0, 0, 0, 0, 0, 2, 2, 0, 0], [0, 0, 0, 0, 3, 3, 3, 0, 7, 7], [0, 0, 0, 0, 3, 3, 3, 0, 7, 7], [0, 0, 0, 0, 3, 3, 3, 0, 0, 0], [0, 0, 0, 0, 0, 0, 0, 0, 0, 0], [0, 0, 0, 0, 0, 0, 0, 0, 0, 0], [0, 0, 0, 0, 0, 0, 0, 0, 0, 0]], "output": [[0, 0, 0, 0, 0, 0, 0, 0, 0, 0], [0, 0, 0, 0, 0, 0, 0, 0, 0, 0], [0, 0, 0, 0, 0, 0, 5, 5, 0, 0], [0, 0, 0, 0, 0, 0, 5, 5, 0, 0], [0, 0, 0, 0, 5, 5, 5, 0, 5, 5], [0, 0, 0, 0, 5, 5, 5, 0, 5, 5], [0, 0, 0, 0, 5, 5, 5, 0, 0, 0], [0, 0, 0, 0, 0, 0, 0, 0, 0, 0], [0, 0, 0, 0, 0, 0, 0, 0, 0, 0], [0, 0, 0, 0, 0, 0, 0, 0, 0, 0]]}, {"input": [[0, 0, 0, 0, 0, 0, 0, 0, 0, 0], [0, 0, 0, 0, 0, 0, 0, 9, 9, 0], [0, 0, 0, 0, 0, 0, 0, 9, 9, 0], [8, 8, 0, 0, 0, 0, 0, 0, 0, 0], [8, 8, 5, 5, 0, 0, 0, 0, 0, 0], [0, 0, 5, 5, 0, 0, 0, 0, 0, 0], [0, 4, 4, 0, 8, 8, 8, 0, 2, 2], [0, 4, 4, 0, 8, 8, 8, 0, 2, 2], [0, 0, 0, 0, 8, 8, 8, 0, 0, 0], [0, 0, 0, 0, 0, 0, 0, 0, 0, 0]], "output": [[0, 0, 0, 0, 0, 0, 0, 0, 0, 0], [0, 0, 0, 0, 0, 0, 0, 5, 5, 0], [0, 0, 0, 0, 0, 0, 0, 5, 5, 0], [5, 5, 0, 0, 0, 0, 0, 0, 0, 0], [5, 5, 5, 5, 0, 0, 0, 0, 0, 0], [0, 0, 5, 5, 0, 0, 0, 0, 0, 0], [0, 5, 5, 0, 5, 5, 5, 0, 5, 5], [0, 5, 5, 0, 5, 5, 5, 0, 5, 5], [0, 0, 0, 0, 5, 5, 5, 0, 0, 0], [0, 0, 0, 0, 0, 0, 0, 0, 0, 0]]}, {"input": [[0, 0, 9, 9, 0, 0, 0, 0, 0, 0], [0, 0, 9, 9, 0, 0, 0, 0, 0, 0], [2, 2, 2, 0, 0, 0, 0, 0, 0, 0], [2, 2, 2, 0, 0, 0, 0, 0, 0, 0], [2, 2, 2, 6, 6, 6, 0, 0, 0, 0], [9, 9, 9, 6, 6, 6, 0, 0, 0, 0], [9, 9, 9, 6, 6, 6, 0, 0, 0, 0], [9, 9, 9, 0, 7, 7, 7, 0, 0, 0], [0, 9, 9, 0, 7, 7, 7, 0, 0, 0], [0, 9, 9, 0, 7, 7, 7, 0, 0, 0]], "output": [[0, 0, 5, 5, 0, 0, 0, 0, 0, 0], [0, 0, 5, 5, 0, 0, 0, 0, 0, 0], [5, 5, 5, 0, 0, 0, 0, 0, 0, 0], [5, 5, 5, 0, 0, 0, 0, 0, 0, 0], [5, 5, 5, 5, 5, 5, 0, 0, 0, 0], [5, 5, 5, 5, 5, 5, 0, 0, 0, 0], [5, 5, 5, 5, 5, 5, 0, 0, 0, 0], [5, 5, 5, 0, 5, 5, 5, 0, 0, 0], [0, 5, 5, 0, 5, 5, 5, 0, 0, 0], [0, 5, 5, 0, 5, 5, 5, 0, 0, 0]]}, {"input": [[0, 0, 0, 0, 0, 0, 0, 0, 0, 0], [0, 0, 0, 0, 0, 0, 0, 0, 0, 0], [0, 0, 0, 0, 0, 0, 0, 0, 0, 0], [0, 0, 0, 0, 0, 9, 9, 9, 0, 0], [3, 3, 3, 0, 0, 9, 9, 9, 0, 0], [3, 3, 3, 0, 0, 9, 9, 9, 0, 0], [3, 3, 3, 0, 0, 0, 0, 0, 0, 0], [0, 0, 0, 0, 0, 0, 4, 4, 4, 0], [0, 0, 0, 0, 0, 0, 4, 4, 4, 0], [0, 0, 0, 0, 0, 0, 4, 4, 4, 0]], "output": [[0, 0, 0, 0, 0, 0, 0, 0, 0, 0], [0, 0, 0, 0, 0, 0, 0, 0, 0, 0], [0, 0, 0, 0, 0, 0, 0, 0, 0, 0], [0, 0, 0, 0, 0, 5, 5, 5, 0, 0], [5, 5, 5, 0, 0, 5, 5, 5, 0, 0], [5, 5, 5, 0, 0, 5, 5, 5, 0, 0], [5, 5, 5, 0, 0, 0, 0, 0, 0, 0], [0, 0, 0, 0, 0, 0, 5, 5, 5, 0], [0, 0, 0, 0, 0, 0, 5, 5, 5, 0], [0, 0, 0, 0, 0, 0, 5, 5, 5, 0]]}, {"input": [[0, 0, 0, 0, 0, 0, 0, 0, 0, 0], [0, 0, 0, 0, 0, 0, 0, 0, 0, 0], [0, 1, 1, 1, 0, 0, 0, 0, 0, 0], [0, 1, 1, 1, 0, 0, 0, 0, 0, 0], [0, 1, 1, 1, 5, 5, 0, 0, 9, 9], [0, 0, 0, 0, 5, 5, 0, 0, 9, 9], [0, 9, 9, 9, 0, 0, 0, 0, 0, 0], [0, 9, 9, 9, 0, 8, 8, 8, 0, 0], [0, 9, 9, 9, 0, 8, 8, 8, 0, 0], [0, 0, 0, 0, 0, 8, 8, 8, 0, 0]], "output": [[0, 0, 0, 0, 0, 0, 0, 0, 0, 0], [0, 0, 0, 0, 0, 0, 0, 0, 0, 0], [0, 5, 5, 5, 0, 0, 0, 0, 0, 0], [0, 5, 5, 5, 0, 0, 0, 0, 0, 0], [0, 5, 5, 5, 5, 5, 0, 0, 5, 5], [0, 0, 0, 0, 5, 5, 0, 0, 5, 5], [0, 5, 5, 5, 0, 0, 0, 0, 0, 0], [0, 5, 5, 5, 0, 5, 5, 5, 0, 0], [0, 5, 5, 5, 0, 5, 5, 5, 0, 0], [0, 0, 0, 0, 0, 5, 5, 5, 0, 0]]}, {"input": [[0, 0, 0, 0, 0, 7, 7, 0, 0, 0], [0, 0, 0, 0, 0, 7, 7, 0, 0, 0], [0, 0, 0, 0, 0, 0, 5, 5, 5, 0], [2, 2, 2, 0, 0, 0, 5, 5, 5, 0], [2, 2, 2, 0, 0, 0, 5, 5, 5, 0], [2, 2, 2, 0, 0, 0, 0, 0, 0, 0], [9, 9, 8, 8, 8, 0, 0, 0, 0, 0], [9, 9, 8, 8, 8, 0, 0, 0, 0, 0], [0, 0, 8, 8, 8, 9, 9, 0, 0, 0], [0, 0, 0, 0, 0, 9, 9, 0, 0, 0]], "output": [[0, 0, 0, 0, 0, 5, 5, 0, 0, 0], [0, 0, 0, 0, 0, 5, 5, 0, 0, 0], [0, 0, 0, 0, 0, 0, 5, 5, 5, 0], [5, 5, 5, 0, 0, 0, 5, 5, 5, 0], [5, 5, 5, 0, 0, 0, 5, 5, 5, 0], [5, 5, 5, 0, 0, 0, 0, 0, 0, 0], [5, 5, 5, 5, 5, 0, 0, 0, 0, 0], [5, 5, 5, 5, 5, 0, 0, 0, 0, 0], [0, 0, 5, 5, 5, 5, 5, 0, 0, 0], [0, 0, 0, 0, 0, 5, 5, 0, 0, 0]]}, {"input": [[0, 0, 0, 0, 0, 7, 7, 0, 8, 8], [0, 0, 0, 0, 0, 7, 7, 0, 8, 8], [0, 0, 0, 0, 0, 0, 0, 0, 0, 0], [0, 0, 0, 5, 5, 4, 4, 4, 0, 0], [0, 0, 0, 5, 5, 4, 4, 4, 0, 0], [0, 0, 0, 0, 0, 4, 4, 4, 0, 0], [0, 0, 0, 0, 0, 0, 0, 0, 0, 0], [0, 9, 9, 9, 0, 0, 0, 0, 0, 0], [0, 9, 9, 9, 0, 0, 0, 0, 0, 0], [0, 9, 9, 9, 0, 0, 0, 0, 0, 0]], "output": [[0, 0, 0, 0, 0, 5, 5, 0, 5, 5], [0, 0, 0, 0, 0, 5, 5, 0, 5, 5], [0, 0, 0, 0, 0, 0, 0, 0, 0, 0], [0, 0, 0, 5, 5, 5, 5, 5, 0, 0], [0, 0, 0, 5, 5, 5, 5, 5, 0, 0], [0, 0, 0, 0, 0, 5, 5, 5, 0, 0], [0, 0, 0, 0, 0, 0, 0, 0, 0, 0], [0, 5, 5, 5, 0, 0, 0, 0, 0, 0], [0, 5, 5, 5, 0, 0, 0, 0, 0, 0], [0, 5, 5, 5, 0, 0, 0, 0, 0, 0]]}, {"input": [[0, 0, 0, 0, 7, 7, 7, 0, 0, 0], [0, 0, 0, 0, 7, 7, 7, 0, 0, 0], [0, 0, 0, 0, 7, 7, 7, 1, 1, 1], [0, 0, 0, 0, 0, 0, 0, 1, 1, 1], [0, 0, 5, 5, 5, 0, 0, 1, 1, 1], [0, 0, 5, 5, 5, 0, 0, 0, 0, 0], [8, 8, 5, 5, 5, 0, 0, 0, 0, 0], [8, 8, 9, 9, 9, 4, 4, 4, 0, 0], [0, 0, 9, 9, 9, 4, 4, 4, 0, 0], [0, 0, 9, 9, 9, 4, 4, 4, 0, 0]], "output": [[0, 0, 0, 0, 5, 5, 5, 0, 0, 0], [0, 0, 0, 0, 5, 5, 5, 0, 0, 0], [0, 0, 0, 0, 5, 5, 5, 5, 5, 5], [0, 0, 0, 0, 0, 0, 0, 5, 5, 5], [0, 0, 5, 5, 5, 0, 0, 5, 5, 5], [0, 0, 5, 5, 5, 0, 0, 0, 0, 0], [5, 5, 5, 5, 5, 0, 0, 0, 0, 0], [5, 5, 5, 5, 5, 5, 5, 5, 0, 0], [0, 0, 5, 5, 5, 5, 5, 5, 0, 0], [0, 0, 5, 5, 5, 5, 5, 5, 0, 0]]}, {"input": [[0, 0, 0, 0, 0, 0, 0, 0, 0, 0], [1, 1, 0, 0, 0, 0, 0, 0, 0, 0], [1, 1, 0, 0, 0, 0, 0, 0, 0, 0], [0, 0, 0, 0, 0, 0, 7, 7, 7, 0], [9, 9, 9, 0, 0, 0, 7, 7, 7, 0], [9, 9, 9, 0, 0, 0, 7, 7, 7, 0], [9, 9, 9, 0, 0, 0, 0, 0, 0, 0], [0, 0, 0, 0, 0, 0, 0, 9, 9, 9], [0, 0, 0, 0, 0, 0, 0, 9, 9, 9], [0, 0, 0, 0, 0, 0, 0, 9, 9, 9]], "output": [[0, 0, 0, 0, 0, 0, 0, 0, 0, 0], [5, 5, 0, 0, 0, 0, 0, 0, 0, 0], [5, 5, 0, 0, 0, 0, 0, 0, 0, 0], [0, 0, 0, 0, 0, 0, 5, 5, 5, 0], [5, 5, 5, 0, 0, 0, 5, 5, 5, 0], [5, 5, 5, 0, 0, 0, 5, 5, 5, 0], [5, 5, 5, 0, 0, 0, 0, 0, 0, 0], [0, 0, 0, 0, 0, 0, 0, 5, 5, 5], [0, 0, 0, 0, 0, 0, 0, 5, 5, 5], [0, 0, 0, 0, 0, 0, 0, 5, 5, 5]]}, {"input": [[0, 0, 0, 0, 0, 0, 0, 0, 0, 0], [0, 0, 0, 0, 0, 0, 0, 0, 0, 0], [0, 0, 0, 0, 0, 0, 0, 0, 0, 0], [0, 0, 0, 0, 0, 0, 0, 0, 7, 7], [0, 0, 0, 0, 0, 6, 6, 6, 7, 7], [0, 0, 0, 0, 0, 6, 6, 6, 0, 0], [0, 6, 6, 6, 0, 6, 6, 6, 0, 0], [0, 6, 6, 6, 0, 0, 0, 0, 0, 0], [0, 6, 6, 6, 0, 0, 0, 0, 0, 0], [0, 0, 0, 0, 0, 0, 0, 0, 0, 0]], "output": [[0, 0, 0, 0, 0, 0, 0, 0, 0, 0], [0, 0, 0, 0, 0, 0, 0, 0, 0, 0], [0, 0, 0, 0, 0, 0, 0, 0, 0, 0], [0, 0, 0, 0, 0, 0, 0, 0, 5, 5], [0, 0, 0, 0, 0, 5, 5, 5, 5, 5], [0, 0, 0, 0, 0, 5, 5, 5, 0, 0], [0, 5, 5, 5, 0, 5, 5, 5, 0, 0], [0, 5, 5, 5, 0, 0, 0, 0, 0, 0], [0, 5, 5, 5, 0, 0, 0, 0, 0, 0], [0, 0, 0, 0, 0, 0, 0, 0, 0, 0]]}, {"input": [[0, 6, 6, 6, 0, 0, 0, 0, 0, 0], [0, 6, 6, 6, 0, 0, 0, 0, 0, 0], [0, 6, 6, 6, 0, 0, 0, 0, 0, 0], [0, 0, 0, 0, 3, 3, 0, 0, 0, 0], [0, 0, 0, 0, 3, 3, 0, 0, 3, 3], [0, 0, 0, 0, 0, 0, 7, 7, 3, 3], [0, 0, 0, 3, 3, 0, 7, 7, 0, 0], [0, 0, 0, 3, 3, 0, 0, 0, 0, 0], [0, 0, 0, 0, 0, 1, 1, 0, 0, 0], [0, 0, 0, 0, 0, 1, 1, 0, 0, 0]], "output": [[0, 5, 5, 5, 0, 0, 0, 0, 0, 0], [0, 5, 5, 5, 0, 0, 0, 0, 0, 0], [0, 5, 5, 5, 0, 0, 0, 0, 0, 0], [0, 0, 0, 0, 5, 5, 0, 0, 0, 0], [0, 0, 0, 0, 5, 5, 0, 0, 5, 5], [0, 0, 0, 0, 0, 0, 5, 5, 5, 5], [0, 0, 0, 5, 5, 0, 5, 5, 0, 0], [0, 0, 0, 5, 5, 0, 0, 0, 0, 0], [0, 0, 0, 0, 0, 5, 5, 0, 0, 0], [0, 0, 0, 0, 0, 5, 5, 0, 0, 0]]}, {"input": [[0, 0, 0, 0, 0, 0, 0, 0, 0, 0], [9, 9, 0, 0, 0, 0, 0, 0, 0, 0], [9, 9, 0, 4, 4, 0, 0, 0, 0, 0], [0, 4, 4, 4, 4, 0, 5, 5, 5, 0], [0, 4, 4, 0, 0, 0, 5, 5, 5, 0], [0, 0, 0, 0, 0, 0, 5, 5, 5, 0], [0, 0, 0, 7, 7, 0, 9, 9, 9, 0], [0, 0, 0, 7, 7, 0, 9, 9, 9, 0], [0, 0, 0, 0, 0, 0, 9, 9, 9, 0], [0, 0, 0, 0, 0, 0, 0, 0, 0, 0]], "output": [[0, 0, 0, 0, 0, 0, 0, 0, 0, 0], [5, 5, 0, 0, 0, 0, 0, 0, 0, 0], [5, 5, 0, 5, 5, 0, 0, 0, 0, 0], [0, 5, 5, 5, 5, 0, 5, 5, 5, 0], [0, 5, 5, 0, 0, 0, 5, 5, 5, 0], [0, 0, 0, 0, 0, 0, 5, 5, 5, 0], [0, 0, 0, 5, 5, 0, 5, 5, 5, 0], [0, 0, 0, 5, 5, 0, 5, 5, 5, 0], [0, 0, 0, 0, 0, 0, 5, 5, 5, 0], [0, 0, 0, 0, 0, 0, 0, 0, 0, 0]]}, {"input": [[0, 0, 0, 0, 0, 0, 0, 0, 0, 0], [0, 0, 0, 0, 0, 0, 0, 0, 0, 0], [0, 0, 0, 0, 0, 0, 1, 1, 1, 0], [0, 0, 0, 0, 0, 0, 1, 1, 1, 0], [0, 0, 0, 0, 0, 0, 1, 1, 1, 0], [0, 0, 0, 0, 0, 0, 0, 0, 0, 0], [0, 0, 0, 0, 0, 0, 0, 0, 0, 0], [0, 5, 5, 0, 0, 3, 3, 0, 0, 0], [0, 5, 5, 0, 0, 3, 3, 0, 5, 5], [0, 0, 0, 0, 0, 0, 0, 0, 5, 5]], "output": [[0, 0, 0, 0, 0, 0, 0, 0, 0, 0], [0, 0, 0, 0, 0, 0, 0, 0, 0, 0], [0, 0, 0, 0, 0, 0, 5, 5, 5, 0], [0, 0, 0, 0, 0, 0, 5, 5, 5, 0], [0, 0, 0, 0, 0, 0, 5, 5, 5, 0], [0, 0, 0, 0, 0, 0, 0, 0, 0, 0], [0, 0, 0, 0, 0, 0, 0, 0, 0, 0], [0, 5, 5, 0, 0, 5, 5, 0, 0, 0], [0, 5, 5, 0, 0, 5, 5, 0, 5, 5], [0, 0, 0, 0, 0, 0, 0, 0, 5, 5]]}, {"input": [[0, 0, 0, 7, 7, 0, 0, 0, 0, 0], [0, 0, 0, 7, 7, 7, 7, 7, 0, 0], [0, 0, 0, 0, 0, 7, 7, 7, 0, 0], [0, 0, 0, 0, 0, 7, 7, 7, 0, 0], [0, 0, 0, 0, 0, 0, 0, 0, 0, 0], [0, 0, 0, 0, 0, 0, 0, 0, 0, 0], [0, 0, 0, 0, 0, 0, 0, 0, 0, 0], [6, 6, 6, 0, 0, 0, 0, 0, 0, 0], [6, 6, 6, 0, 0, 0, 9, 9, 0, 0], [6, 6, 6, 0, 0, 0, 9, 9, 0, 0]], "output": [[0, 0, 0, 5, 5, 0, 0, 0, 0, 0], [0, 0, 0, 5, 5, 5, 5, 5, 0, 0], [0, 0, 0, 0, 0, 5, 5, 5, 0, 0], [0, 0, 0, 0, 0, 5, 5, 5, 0, 0], [0, 0, 0, 0, 0, 0, 0, 0, 0, 0], [0, 0, 0, 0, 0, 0, 0, 0, 0, 0], [0, 0, 0, 0, 0, 0, 0, 0, 0, 0], [5, 5, 5, 0, 0, 0, 0, 0, 0, 0], [5, 5, 5, 0, 0, 0, 5, 5, 0, 0], [5, 5, 5, 0, 0, 0, 5, 5, 0, 0]]}, {"input": [[0, 0, 3, 3, 0, 0, 0, 0, 0, 0], [0, 0, 3, 3, 0, 0, 0, 0, 0, 0], [0, 0, 0, 0, 0, 0, 0, 0, 0, 0], [0, 0, 9, 9, 9, 0, 0, 0, 0, 0], [0, 0, 9, 9, 9, 0, 0, 0, 0, 0], [0, 0, 9, 9, 9, 0, 0, 0, 0, 0], [0, 9, 9, 0, 0, 0, 8, 8, 0, 0], [0, 9, 9, 0, 0, 0, 8, 8, 0, 0], [0, 0, 0, 0, 0, 0, 0, 0, 0, 0], [0, 0, 0, 0, 0, 0, 0, 0, 0, 0]], "output": [[0, 0, 5, 5, 0, 0, 0, 0, 0, 0], [0, 0, 5, 5, 0, 0, 0, 0, 0, 0], [0, 0, 0, 0, 0, 0, 0, 0, 0, 0], [0, 0, 5, 5, 5, 0, 0, 0, 0, 0], [0, 0, 5, 5, 5, 0, 0, 0, 0, 0], [0, 0, 5, 5, 5, 0, 0, 0, 0, 0], [0, 5, 5, 0, 0, 0, 5, 5, 0, 0], [0, 5, 5, 0, 0, 0, 5, 5, 0, 0], [0, 0, 0, 0, 0, 0, 0, 0, 0, 0], [0, 0, 0, 0, 0, 0, 0, 0, 0, 0]]}, {"input": [[0, 0, 0, 0, 0, 0, 5, 5, 5, 0], [2, 2, 7, 7, 7, 0, 5, 5, 5, 0], [2, 2, 7, 7, 7, 0, 5, 5, 5, 0], [0, 0, 7, 7, 7, 0, 0, 1, 1, 1], [0, 0, 0, 0, 0, 4, 4, 1, 1, 1], [0, 0, 0, 0, 0, 4, 4, 1, 1, 1], [0, 0, 0, 0, 0, 0, 0, 0, 0, 0], [0, 0, 6, 6, 6, 0, 0, 0, 0, 0], [0, 0, 6, 6, 6, 0, 0, 0, 0, 0], [0, 0, 6, 6, 6, 0, 0, 0, 0, 0]], "output": [[0, 0, 0, 0, 0, 0, 5, 5, 5, 0], [5, 5, 5, 5, 5, 0, 5, 5, 5, 0], [5, 5, 5, 5, 5, 0, 5, 5, 5, 0], [0, 0, 5, 5, 5, 0, 0, 5, 5, 5], [0, 0, 0, 0, 0, 5, 5, 5, 5, 5], [0, 0, 0, 0, 0, 5, 5, 5, 5, 5], [0, 0, 0, 0, 0, 0, 0, 0, 0, 0], [0, 0, 5, 5, 5, 0, 0, 0, 0, 0], [0, 0, 5, 5, 5, 0, 0, 0, 0, 0], [0, 0, 5, 5, 5, 0, 0, 0, 0, 0]]}, {"input": [[0, 0, 0, 0, 0, 0, 0, 0, 0, 0], [0, 0, 0, 0, 0, 0, 2, 2, 0, 0], [0, 0, 0, 0, 0, 0, 2, 2, 0, 0], [0, 0, 0, 0, 0, 0, 0, 0, 0, 0], [0, 0, 0, 0, 0, 0, 0, 0, 0, 0], [0, 0, 0, 0, 0, 0, 0, 0, 0, 0], [0, 1, 1, 1, 0, 0, 0, 0, 0, 0], [0, 1, 1, 1, 0, 9, 9, 0, 0, 0], [0, 1, 1, 1, 0, 9, 9, 0, 0, 0], [0, 0, 0, 0, 0, 0, 0, 0, 0, 0]], "output": [[0, 0, 0, 0, 0, 0, 0, 0, 0, 0], [0, 0, 0, 0, 0, 0, 5, 5, 0, 0], [0, 0, 0, 0, 0, 0, 5, 5, 0, 0], [0, 0, 0, 0, 0, 0, 0, 0, 0, 0], [0, 0, 0, 0, 0, 0, 0, 0, 0, 0], [0, 0, 0, 0, 0, 0, 0, 0, 0, 0], [0, 5, 5, 5, 0, 0, 0, 0, 0, 0], [0, 5, 5, 5, 0, 5, 5, 0, 0, 0], [0, 5, 5, 5, 0, 5, 5, 0, 0, 0], [0, 0, 0, 0, 0, 0, 0, 0, 0, 0]]}, {"input": [[0, 0, 0, 0, 0, 0, 0, 0, 0, 0], [0, 0, 3, 3, 3, 0, 0, 0, 0, 0], [0, 0, 3, 3, 3, 0, 0, 5, 5, 0], [0, 0, 3, 3, 3, 0, 0, 5, 5, 0], [0, 0, 0, 6, 6, 6, 0, 0, 0, 0], [0, 0, 0, 6, 6, 6, 0, 0, 0, 0], [4, 4, 0, 6, 6, 6, 0, 0, 0, 0], [4, 4, 0, 0, 0, 3, 3, 3, 0, 0], [6, 6, 0, 0, 0, 3, 3, 3, 0, 0], [6, 6, 0, 0, 0, 3, 3, 3, 0, 0]], "output": [[0, 0, 0, 0, 0, 0, 0, 0, 0, 0], [0, 0, 5, 5, 5, 0, 0, 0, 0, 0], [0, 0, 5, 5, 5, 0, 0, 5, 5, 0], [0, 0, 5, 5, 5, 0, 0, 5, 5, 0], [0, 0, 0, 5, 5, 5, 0, 0, 0, 0], [0, 0, 0, 5, 5, 5, 0, 0, 0, 0], [5, 5, 0, 5, 5, 5, 0, 0, 0, 0], [5, 5, 0, 0, 0, 5, 5, 5, 0, 0], [5, 5, 0, 0, 0, 5, 5, 5, 0, 0], [5, 5, 0, 0, 0, 5, 5, 5, 0, 0]]}, {"input": [[0, 0, 0, 6, 6, 0, 0, 0, 0, 0], [0, 0, 0, 6, 6, 0, 0, 1, 1, 0], [6, 6, 6, 0, 0, 0, 0, 1, 1, 0], [6, 6, 6, 0, 0, 0, 0, 0, 0, 0], [6, 6, 6, 0, 0, 0, 1, 1, 1, 0], [0, 0, 0, 0, 0, 0, 1, 1, 1, 0], [0, 0, 4, 4, 0, 0, 1, 1, 1, 0], [0, 0, 4, 4, 0, 0, 0, 0, 0, 0], [0, 0, 0, 0, 0, 0, 0, 0, 0, 0], [0, 0, 0, 0, 0, 0, 0, 0, 0, 0]], "output": [[0, 0, 0, 5, 5, 0, 0, 0, 0, 0], [0, 0, 0, 5, 5, 0, 0, 5, 5, 0], [5, 5, 5, 0, 0, 0, 0, 5, 5, 0], [5, 5, 5, 0, 0, 0, 0, 0, 0, 0], [5, 5, 5, 0, 0, 0, 5, 5, 5, 0], [0, 0, 0, 0, 0, 0, 5, 5, 5, 0], [0, 0, 5, 5, 0, 0, 5, 5, 5, 0], [0, 0, 5, 5, 0, 0, 0, 0, 0, 0], [0, 0, 0, 0, 0, 0, 0, 0, 0, 0], [0, 0, 0, 0, 0, 0, 0, 0, 0, 0]]}, {"input": [[0, 0, 0, 0, 0, 0, 0, 0, 0, 0], [0, 0, 0, 0, 0, 0, 0, 0, 0, 0], [4, 4, 4, 0, 0, 0, 0, 0, 0, 0], [4, 4, 4, 0, 0, 0, 0, 0, 0, 0], [4, 4, 4, 0, 0, 0, 0, 0, 0, 0], [0, 5, 5, 5, 0, 4, 4, 0, 0, 0], [0, 5, 5, 5, 0, 4, 4, 0, 0, 0], [0, 5, 5, 5, 0, 0, 0, 0, 0, 0], [0, 0, 0, 0, 0, 0, 0, 0, 0, 0], [0, 0, 0, 0, 0, 0, 0, 0, 0, 0]], "output": [[0, 0, 0, 0, 0, 0, 0, 0, 0, 0], [0, 0, 0, 0, 0, 0, 0, 0, 0, 0], [5, 5, 5, 0, 0, 0, 0, 0, 0, 0], [5, 5, 5, 0, 0, 0, 0, 0, 0, 0], [5, 5, 5, 0, 0, 0, 0, 0, 0, 0], [0, 5, 5, 5, 0, 5, 5, 0, 0, 0], [0, 5, 5, 5, 0, 5, 5, 0, 0, 0], [0, 5, 5, 5, 0, 0, 0, 0, 0, 0], [0, 0, 0, 0, 0, 0, 0, 0, 0, 0], [0, 0, 0, 0, 0, 0, 0, 0, 0, 0]]}], "test": [{"input": [[0, 0, 8, 8, 8, 0, 0, 0, 0, 0], [0, 0, 8, 8, 8, 0, 0, 0, 0, 0], [0, 0, 8, 8, 8, 0, 0, 0, 6, 6], [0, 0, 0, 0, 0, 0, 0, 0, 6, 6], [0, 0, 0, 0, 0, 0, 0, 0, 0, 0], [0, 0, 0, 0, 0, 0, 0, 0, 7, 7], [0, 0, 0, 0, 0, 4, 4, 0, 7, 7], [0, 0, 0, 0, 0, 4, 4, 0, 0, 0], [0, 0, 0, 0, 0, 0, 0, 0, 0, 0], [0, 0, 0, 0, 0, 0, 0, 0, 0, 0]], "output": [[0, 0, 5, 5, 5, 0, 0, 0, 0, 0], [0, 0, 5, 5, 5, 0, 0, 0, 0, 0], [0, 0, 5, 5, 5, 0, 0, 0, 5, 5], [0, 0, 0, 0, 0, 0, 0, 0, 5, 5], [0, 0, 0, 0, 0, 0, 0, 0, 0, 0], [0, 0, 0, 0, 0, 0, 0, 0, 5, 5], [0, 0, 0, 0, 0, 5, 5, 0, 5, 5], [0, 0, 0, 0, 0, 5, 5, 0, 0, 0], [0, 0, 0, 0, 0, 0, 0, 0, 0, 0], [0, 0, 0, 0, 0, 0, 0, 0, 0, 0]]}, {"input": [[0, 0, 0, 0, 0, 9, 9, 1, 1, 0], [0, 0, 0, 0, 0, 9, 9, 1, 1, 0], [0, 0, 0, 1, 1, 1, 0, 0, 0, 0], [0, 0, 0, 1, 1, 1, 0, 0, 0, 0], [0, 0, 0, 1, 1, 1, 0, 0, 0, 0], [0, 7, 7, 0, 0, 0, 0, 8, 8, 0], [0, 7, 7, 0, 4, 4, 4, 8, 8, 0], [0, 0, 0, 0, 4, 4, 4, 0, 0, 0], [0, 0, 0, 0, 4, 4, 4, 0, 0, 0], [0, 0, 0, 0, 0, 0, 0, 0, 0, 0]], "output": [[0, 0, 0, 0, 0, 5, 5, 5, 5, 0], [0, 0, 0, 0, 0, 5, 5, 5, 5, 0], [0, 0, 0, 5, 5, 5, 0, 0, 0, 0], [0, 0, 0, 5, 5, 5, 0, 0, 0, 0], [0, 0, 0, 5, 5, 5, 0, 0, 0, 0], [0, 5, 5, 0, 0, 0, 0, 5, 5, 0], [0, 5, 5, 0, 5, 5, 5, 5, 5, 0], [0, 0, 0, 0, 5, 5, 5, 0, 0, 0], [0, 0, 0, 0, 5, 5, 5, 0, 0, 0], [0, 0, 0, 0, 0, 0, 0, 0, 0, 0]]}, {"input": [[2, 2, 0, 0, 0, 0, 0, 0, 0, 0], [2, 2, 0, 0, 0, 9, 9, 9, 0, 0], [0, 0, 5, 5, 0, 9, 9, 9, 0, 0], [0, 0, 5, 5, 0, 9, 9, 9, 0, 0], [0, 4, 4, 4, 0, 0, 0, 0, 0, 0], [0, 4, 4, 4, 0, 0, 0, 5, 5, 5], [0, 4, 4, 4, 0, 0, 0, 5, 5, 5], [0, 0, 1, 1, 0, 0, 0, 5, 5, 5], [0, 0, 1, 1, 0, 0, 0, 0, 0, 0], [0, 0, 0, 0, 0, 0, 0, 0, 0, 0]], "output": [[5, 5, 0, 0, 0, 0, 0, 0, 0, 0], [5, 5, 0, 0, 0, 5, 5, 5, 0, 0], [0, 0, 5, 5, 0, 5, 5, 5, 0, 0], [0, 0, 5, 5, 0, 5, 5, 5, 0, 0], [0, 5, 5, 5, 0, 0, 0, 0, 0, 0], [0, 5, 5, 5, 0, 0, 0, 5, 5, 5], [0, 5, 5, 5, 0, 0, 0, 5, 5, 5], [0, 0, 5, 5, 0, 0, 0, 5, 5, 5], [0, 0, 5, 5, 0, 0, 0, 0, 0, 0], [0, 0, 0, 0, 0, 0, 0, 0, 0, 0]]}]}