{"train": [{"input": [[0, 0, 0, 0, 0, 0, 0, 0, 0, 0], [0, 0, 4, 4, 0, 0, 0, 0, 0, 0], [0, 0, 4, 4, 0, 0, 0, 0, 0, 0], [1, 1, 0, 0, 0, 0, 0, 0, 0, 0], [1, 1, 0, 0, 0, 0, 0, 0, 0, 0], [0, 0, 0, 0, 0, 0, 0, 0, 0, 0], [0, 0, 0, 0, 0, 0, 0, 0, 6, 6], [0, 0, 0, 0, 0, 0, 0, 0, 6, 6], [0, 0, 0, 0, 0, 0, 0, 0, 0, 0], [0, 0, 0, 0, 0, 0, 0, 0, 0, 0]], "output": [[0, 0, 0, 0, 0, 0, 0, 0, 0, 0], [0, 0, 4, 4, 0, 0, 0, 0, 0, 0], [0, 0, 4, 4, 0, 0, 0, 0, 0, 0], [1, 1, 0, 0, 0, 0, 0, 0, 0, 0], [1, 1, 0, 0, 0, 0, 0, 0, 0, 0], [0, 0, 0, 0, 0, 0, 0, 0, 0, 0], [0, 0, 0, 0, 0, 0, 0, 0, 6, 6], [0, 0, 0, 4, 4, 0, 0, 0, 6, 6], [0, 0, 0, 4, 4, 0, 0, 0, 0, 0], [0, 0, 0, 0, 0, 0, 0, 0, 0, 0]]}, {"input": [[0, 0, 0, 0, 0, 0, 0, 0, 0, 0], [0, 0, 4, 4, 0, 0, 0, 0, 0, 0], [0, 0, 4, 4, 0, 0, 0, 0, 0, 0], [0, 0, 0, 0, 0, 0, 0, 0, 0, 0], [0, 0, 0, 0, 0, 0, 0, 0, 0, 0], [6, 6, 0, 0, 0, 0, 0, 0, 0, 0], [6, 6, 0, 0, 0, 0, 0, 2, 2, 0], [0, 0, 0, 0, 0, 0, 0, 2, 2, 0], [0, 0, 0, 6, 6, 0, 0, 0, 0, 0], [0, 0, 0, 6, 6, 0, 0, 0, 0, 0]], "output": [[0, 0, 0, 0, 0, 0, 0, 0, 0, 0], [0, 0, 4, 4, 0, 0, 0, 0, 0, 0], [0, 0, 4, 4, 0, 0, 0, 0, 0, 0], [0, 0, 0, 0, 0, 0, 0, 0, 0, 0], [0, 0, 0, 0, 0, 0, 0, 0, 0, 0], [6, 6, 0, 0, 0, 0, 0, 0, 0, 0], [6, 6, 0, 0, 0, 0, 0, 2, 2, 0], [0, 0, 0, 4, 4, 0, 0, 2, 2, 0], [0, 0, 0, 4, 4, 0, 0, 0, 0, 0], [0, 0, 0, 6, 6, 0, 0, 0, 0, 0]]}, {"input": [[0, 0, 0, 0, 0, 0, 0, 0, 0, 0], [0, 0, 0, 0, 0, 0, 0, 0, 0, 0], [0, 0, 0, 0, 0, 0, 0, 0, 0, 0], [0, 0, 0, 0, 0, 0, 0, 0, 0, 0], [0, 0, 0, 0, 0, 0, 0, 0, 0, 0], [0, 0, 0, 0, 6, 6, 0, 0, 1, 1], [0, 0, 0, 0, 6, 6, 0, 0, 1, 1], [0, 0, 0, 0, 0, 0, 0, 0, 0, 0], [0, 0, 0, 0, 0, 0, 0, 0, 0, 0], [0, 0, 0, 0, 0, 0, 0, 0, 0, 0]], "output": [[0, 0, 0, 0, 0, 0, 0, 0, 0, 0], [0, 0, 0, 0, 0, 0, 0, 0, 0, 0], [0, 0, 0, 0, 0, 0, 0, 0, 0, 0], [0, 0, 0, 0, 0, 0, 0, 0, 0, 0], [0, 0, 0, 0, 0, 0, 0, 0, 0, 0], [0, 0, 0, 0, 6, 6, 0, 0, 1, 1], [0, 0, 0, 0, 6, 6, 0, 0, 1, 1], [0, 0, 0, 0, 0, 0, 0, 0, 0, 0], [0, 0, 0, 0, 0, 0, 0, 0, 0, 0], [0, 0, 0, 0, 0, 0, 0, 0, 0, 6]]}, {"input": [[0, 0, 0, 0, 0, 0, 0, 0, 0, 0], [0, 0, 0, 0, 0, 0, 0, 0, 0, 0], [0, 0, 0, 0, 0, 0, 0, 2, 2, 0], [0, 0, 0, 0, 6, 6, 0, 2, 2, 0], [0, 0, 0, 0, 6, 6, 4, 4, 0, 0], [0, 3, 3, 0, 0, 0, 4, 4, 0, 0], [0, 3, 3, 0, 0, 0, 0, 0, 0, 0], [0, 0, 0, 0, 0, 0, 0, 0, 0, 0], [0, 0, 0, 0, 0, 0, 0, 0, 0, 0], [0, 0, 0, 0, 0, 0, 0, 0, 0, 0]], "output": [[0, 0, 0, 0, 0, 0, 0, 0, 0, 0], [0, 0, 0, 0, 0, 0, 0, 0, 0, 0], [0, 0, 0, 0, 0, 0, 0, 2, 2, 0], [0, 0, 0, 0, 6, 6, 0, 2, 2, 2], [0, 0, 0, 0, 6, 6, 4, 4, 0, 2], [0, 3, 3, 0, 0, 0, 4, 4, 0, 0], [0, 3, 3, 0, 0, 0, 0, 0, 0, 0], [0, 0, 0, 0, 0, 0, 0, 6, 6, 0], [0, 0, 0, 0, 0, 0, 0, 6, 6, 0], [0, 0, 0, 0, 0, 0, 0, 0, 0, 0]]}, {"input": [[0, 0, 6, 6, 0, 0, 0, 0, 0, 0], [0, 0, 6, 6, 0, 0, 0, 0, 0, 0], [0, 0, 0, 0, 0, 0, 0, 0, 0, 0], [0, 1, 1, 0, 3, 3, 0, 0, 0, 0], [0, 1, 1, 0, 3, 3, 0, 0, 0, 0], [3, 3, 0, 0, 0, 0, 0, 0, 0, 0], [3, 3, 0, 0, 0, 0, 0, 0, 0, 0], [0, 0, 0, 0, 0, 0, 0, 0, 0, 0], [0, 0, 0, 0, 0, 0, 0, 0, 0, 0], [0, 0, 0, 0, 0, 0, 0, 0, 0, 0]], "output": [[0, 0, 6, 6, 0, 0, 0, 0, 0, 0], [0, 0, 6, 6, 0, 0, 0, 0, 0, 0], [0, 0, 0, 0, 0, 0, 0, 0, 0, 0], [0, 1, 1, 0, 3, 3, 0, 0, 0, 0], [0, 1, 1, 0, 3, 3, 0, 0, 0, 0], [3, 3, 0, 0, 0, 0, 0, 0, 0, 0], [3, 3, 6, 6, 0, 0, 0, 0, 0, 0], [0, 0, 6, 6, 0, 0, 0, 3, 3, 0], [0, 0, 0, 0, 0, 0, 0, 3, 3, 0], [0, 0, 0, 0, 0, 0, 0, 0, 0, 0]]}, {"input": [[0, 0, 0, 0, 0, 0, 0, 0, 0, 0], [0, 0, 0, 0, 0, 0, 0, 0, 0, 0], [2, 2, 0, 0, 0, 0, 0, 2, 2, 0], [2, 2, 0, 0, 0, 0, 0, 2, 2, 0], [0, 0, 0, 4, 4, 0, 0, 0, 0, 0], [0, 0, 0, 4, 4, 0, 0, 0, 0, 0], [0, 0, 0, 0, 0, 0, 0, 0, 0, 0], [0, 0, 0, 0, 0, 0, 0, 0, 0, 0], [0, 0, 0, 0, 0, 0, 0, 0, 0, 0], [0, 0, 0, 0, 0, 0, 0, 0, 0, 0]], "output": [[0, 0, 0, 0, 0, 0, 0, 0, 0, 0], [0, 0, 0, 0, 0, 0, 0, 0, 0, 0], [2, 2, 0, 0, 0, 0, 0, 2, 2, 0], [2, 2, 0, 0, 0, 0, 0, 2, 2, 2], [0, 0, 0, 4, 4, 0, 0, 0, 0, 2], [0, 0, 0, 4, 4, 0, 0, 0, 0, 0], [0, 0, 0, 0, 0, 0, 0, 0, 0, 0], [0, 0, 0, 0, 0, 0, 0, 0, 0, 0], [0, 0, 0, 0, 0, 0, 0, 0, 0, 0], [0, 0, 0, 0, 0, 0, 0, 4, 4, 0]]}, {"input": [[0, 0, 0, 0, 0, 0, 0, 0, 0, 0], [0, 0, 0, 0, 0, 0, 0, 0, 0, 0], [0, 0, 0, 0, 0, 4, 4, 0, 0, 0], [0, 0, 0, 0, 0, 4, 4, 0, 0, 0], [0, 0, 0, 0, 0, 0, 0, 0, 0, 0], [0, 0, 0, 0, 0, 0, 0, 2, 2, 0], [0, 0, 0, 0, 0, 0, 0, 2, 2, 0], [0, 0, 0, 0, 0, 0, 0, 0, 0, 0], [0, 0, 0, 0, 0, 0, 0, 0, 0, 0], [0, 0, 0, 0, 0, 0, 0, 0, 0, 0]], "output": [[0, 0, 0, 0, 0, 0, 0, 0, 0, 0], [0, 0, 0, 0, 0, 0, 0, 0, 0, 0], [0, 0, 0, 0, 0, 4, 4, 0, 0, 0], [0, 0, 0, 0, 0, 4, 4, 0, 0, 0], [0, 0, 0, 0, 0, 0, 0, 0, 0, 0], [0, 0, 0, 0, 0, 0, 0, 4, 4, 0], [0, 0, 0, 0, 0, 0, 0, 4, 4, 0], [0, 0, 0, 0, 0, 0, 0, 0, 0, 0], [0, 0, 0, 0, 0, 0, 0, 0, 0, 0], [0, 0, 0, 0, 0, 0, 0, 0, 0, 0]]}, {"input": [[0, 0, 0, 0, 0, 0, 0, 0, 0, 0], [0, 0, 2, 2, 3, 3, 0, 0, 0, 0], [0, 0, 2, 2, 3, 3, 0, 0, 0, 0], [0, 0, 0, 0, 0, 0, 0, 6, 6, 0], [0, 0, 0, 0, 0, 0, 0, 6, 6, 0], [0, 0, 1, 1, 0, 0, 0, 0, 0, 0], [0, 0, 1, 1, 0, 0, 0, 0, 0, 0], [0, 0, 0, 0, 0, 0, 4, 4, 0, 0], [0, 0, 0, 0, 0, 0, 4, 4, 0, 0], [0, 0, 0, 0, 0, 0, 0, 0, 0, 0]], "output": [[0, 0, 0, 0, 0, 0, 0, 0, 0, 0], [0, 0, 2, 2, 3, 3, 0, 0, 0, 0], [0, 0, 2, 2, 3, 3, 0, 0, 0, 0], [0, 0, 0, 0, 0, 0, 0, 6, 6, 0], [0, 0, 0, 0, 0, 0, 0, 6, 6, 0], [0, 0, 1, 1, 0, 3, 3, 0, 0, 0], [0, 0, 1, 1, 0, 3, 3, 0, 0, 0], [0, 0, 0, 2, 2, 0, 4, 4, 0, 0], [0, 0, 0, 2, 2, 0, 4, 4, 0, 0], [0, 0, 0, 0, 0, 0, 0, 0, 0, 0]]}, {"input": [[0, 0, 0, 0, 6, 6, 0, 0, 0, 0], [0, 0, 0, 0, 6, 6, 0, 0, 0, 0], [0, 0, 0, 1, 1, 0, 0, 0, 0, 0], [0, 0, 0, 1, 1, 0, 0, 0, 0, 0], [0, 0, 0, 0, 0, 0, 0, 0, 0, 0], [0, 0, 0, 0, 0, 0, 0, 0, 0, 0], [0, 0, 0, 0, 0, 0, 0, 0, 0, 0], [0, 0, 0, 0, 0, 0, 0, 0, 0, 0], [0, 0, 0, 0, 0, 0, 0, 0, 0, 0], [0, 0, 0, 0, 0, 0, 0, 0, 0, 0]], "output": [[0, 0, 0, 0, 6, 6, 0, 0, 0, 0], [0, 0, 0, 0, 6, 6, 0, 0, 0, 0], [0, 0, 0, 1, 1, 0, 0, 0, 0, 0], [0, 0, 0, 1, 1, 0, 0, 0, 0, 0], [0, 0, 0, 0, 6, 6, 0, 0, 0, 0], [0, 0, 0, 0, 6, 6, 0, 0, 0, 0], [0, 0, 0, 0, 0, 0, 0, 0, 0, 0], [0, 0, 0, 0, 0, 1, 1, 0, 0, 0], [0, 0, 0, 0, 0, 1, 1, 0, 0, 0], [0, 0, 0, 0, 0, 0, 0, 0, 0, 0]]}, {"input": [[0, 0, 0, 0, 0, 0, 0, 0, 0, 0], [0, 0, 0, 0, 0, 0, 0, 0, 0, 0], [0, 0, 0, 0, 0, 0, 0, 0, 0, 0], [0, 0, 0, 0, 3, 3, 0, 0, 0, 0], [0, 0, 0, 0, 3, 3, 0, 0, 0, 0], [0, 0, 0, 1, 1, 0, 0, 0, 0, 0], [0, 0, 0, 1, 1, 0, 0, 0, 0, 0], [0, 0, 4, 4, 0, 0, 0, 0, 0, 0], [0, 0, 4, 4, 0, 0, 0, 0, 0, 0], [0, 0, 0, 0, 0, 0, 0, 0, 0, 0]], "output": [[0, 0, 0, 0, 0, 0, 0, 0, 0, 0], [0, 0, 0, 0, 0, 0, 0, 0, 0, 0], [0, 0, 0, 0, 0, 0, 0, 0, 0, 0], [0, 0, 0, 0, 3, 3, 0, 0, 0, 0], [0, 0, 0, 0, 3, 3, 0, 0, 0, 0], [0, 0, 0, 1, 1, 0, 0, 0, 0, 0], [0, 0, 0, 1, 1, 0, 0, 0, 0, 0], [0, 0, 4, 4, 0, 0, 0, 3, 3, 0], [0, 0, 4, 4, 0, 0, 0, 3, 3, 0], [0, 0, 0, 0, 0, 0, 0, 0, 0, 0]]}, {"input": [[0, 0, 0, 0, 0, 0, 0, 0, 0, 0], [0, 0, 0, 0, 0, 0, 0, 0, 0, 0], [0, 0, 0, 0, 0, 0, 0, 0, 0, 0], [0, 0, 0, 4, 4, 0, 0, 0, 0, 0], [0, 0, 0, 4, 4, 0, 0, 0, 0, 0], [0, 0, 0, 0, 0, 0, 0, 0, 2, 2], [2, 2, 0, 0, 0, 0, 0, 0, 2, 2], [2, 2, 0, 0, 0, 0, 0, 0, 0, 0], [0, 0, 0, 0, 0, 0, 0, 0, 0, 0], [0, 0, 0, 0, 0, 0, 0, 0, 0, 0]], "output": [[0, 0, 0, 0, 0, 0, 0, 0, 0, 0], [0, 0, 0, 0, 0, 0, 0, 0, 0, 0], [0, 0, 0, 0, 0, 0, 0, 0, 0, 0], [0, 0, 0, 4, 4, 0, 0, 0, 0, 0], [0, 0, 0, 4, 4, 0, 0, 0, 0, 0], [0, 0, 0, 0, 0, 0, 0, 0, 2, 2], [2, 2, 0, 0, 0, 0, 0, 0, 2, 2], [2, 2, 0, 0, 0, 0, 0, 0, 0, 0], [0, 0, 0, 0, 0, 0, 4, 4, 0, 0], [0, 0, 0, 0, 0, 0, 4, 4, 0, 0]]}, {"input": [[0, 0, 0, 0, 0, 0, 0, 0, 0, 0], [0, 0, 0, 0, 0, 6, 6, 0, 0, 0], [0, 0, 0, 0, 0, 6, 6, 0, 0, 0], [0, 0, 0, 0, 0, 4, 4, 0, 0, 0], [0, 0, 0, 0, 0, 4, 4, 0, 0, 0], [0, 0, 0, 0, 0, 0, 0, 0, 0, 0], [4, 4, 0, 0, 0, 0, 0, 0, 0, 0], [4, 4, 0, 0, 0, 0, 0, 0, 0, 0], [0, 0, 0, 0, 0, 0, 0, 0, 0, 0], [0, 0, 0, 0, 0, 0, 0, 0, 0, 0]], "output": [[0, 0, 0, 0, 0, 0, 0, 0, 0, 0], [0, 0, 0, 0, 0, 6, 6, 0, 0, 0], [0, 0, 0, 0, 0, 6, 6, 0, 0, 0], [0, 0, 0, 0, 0, 4, 4, 0, 0, 0], [0, 0, 0, 0, 0, 4, 6, 6, 0, 0], [0, 0, 0, 0, 0, 0, 6, 6, 0, 0], [4, 4, 0, 0, 0, 0, 0, 0, 4, 4], [4, 4, 0, 0, 0, 0, 0, 0, 4, 4], [0, 0, 0, 0, 0, 0, 0, 0, 0, 0], [0, 0, 0, 0, 0, 0, 0, 0, 0, 0]]}, {"input": [[0, 0, 0, 0, 0, 0, 0, 0, 0, 0], [0, 0, 0, 0, 0, 0, 0, 0, 0, 0], [0, 0, 0, 0, 0, 0, 0, 0, 0, 0], [0, 0, 0, 2, 2, 0, 0, 0, 0, 0], [0, 1, 1, 2, 2, 0, 0, 0, 0, 0], [0, 1, 1, 0, 0, 0, 0, 0, 0, 0], [0, 0, 0, 0, 0, 0, 3, 3, 0, 0], [0, 0, 0, 0, 0, 0, 3, 3, 0, 0], [0, 0, 0, 0, 0, 0, 0, 0, 3, 3], [0, 0, 0, 0, 0, 0, 0, 0, 3, 3]], "output": [[0, 0, 0, 0, 0, 0, 0, 0, 0, 0], [0, 0, 0, 0, 0, 0, 0, 0, 0, 0], [0, 0, 0, 0, 0, 0, 0, 0, 0, 0], [0, 0, 0, 2, 2, 0, 0, 0, 0, 0], [0, 1, 1, 2, 2, 0, 0, 0, 0, 0], [0, 1, 1, 0, 0, 0, 0, 0, 0, 0], [0, 0, 0, 0, 0, 0, 3, 3, 0, 0], [0, 0, 0, 0, 0, 0, 3, 3, 0, 0], [0, 0, 0, 0, 0, 0, 2, 2, 3, 3], [0, 0, 0, 0, 0, 0, 2, 2, 3, 3]]}, {"input": [[0, 0, 0, 4, 4, 0, 0, 0, 0, 0], [2, 2, 0, 4, 4, 0, 0, 0, 0, 0], [2, 2, 0, 0, 0, 0, 0, 0, 0, 0], [0, 0, 0, 0, 0, 0, 0, 0, 0, 0], [0, 0, 0, 0, 0, 0, 0, 0, 0, 0], [0, 2, 2, 0, 0, 0, 0, 0, 0, 0], [0, 2, 2, 0, 0, 4, 4, 0, 0, 0], [0, 0, 0, 0, 0, 4, 4, 0, 0, 0], [0, 0, 0, 0, 0, 0, 0, 0, 0, 0], [0, 0, 0, 0, 0, 0, 0, 0, 0, 0]], "output": [[0, 0, 0, 4, 4, 0, 0, 0, 0, 0], [2, 2, 0, 4, 4, 0, 0, 0, 0, 0], [2, 2, 0, 0, 0, 0, 0, 0, 0, 0], [0, 0, 0, 0, 0, 0, 0, 0, 0, 0], [0, 0, 0, 0, 0, 0, 0, 0, 0, 0], [0, 2, 2, 4, 4, 0, 0, 0, 0, 0], [0, 2, 2, 4, 4, 4, 4, 0, 0, 0], [0, 0, 0, 0, 0, 4, 4, 0, 0, 0], [0, 0, 0, 0, 0, 0, 0, 0, 0, 0], [0, 2, 2, 0, 0, 0, 0, 0, 0, 0]]}, {"input": [[0, 0, 0, 0, 0, 0, 0, 0, 0, 0], [0, 0, 0, 0, 0, 0, 0, 0, 0, 0], [0, 0, 0, 0, 0, 0, 0, 0, 0, 0], [0, 0, 0, 0, 0, 0, 0, 0, 0, 0], [0, 0, 0, 0, 0, 1, 1, 3, 3, 0], [6, 6, 0, 0, 0, 1, 1, 3, 3, 0], [6, 6, 0, 0, 0, 0, 0, 0, 0, 0], [0, 0, 0, 0, 0, 0, 0, 0, 0, 0], [0, 0, 1, 1, 0, 0, 0, 0, 0, 0], [0, 0, 1, 1, 0, 0, 0, 0, 0, 0]], "output": [[0, 0, 0, 0, 0, 0, 0, 0, 0, 0], [0, 0, 0, 0, 0, 0, 0, 0, 0, 0], [0, 0, 0, 0, 0, 0, 0, 0, 0, 0], [0, 0, 0, 0, 0, 0, 0, 0, 0, 0], [0, 0, 0, 0, 0, 1, 1, 3, 3, 0], [6, 6, 0, 0, 0, 1, 1, 3, 3, 0], [6, 6, 0, 0, 0, 0, 0, 0, 0, 0], [0, 0, 0, 0, 0, 0, 0, 0, 0, 1], [0, 0, 1, 1, 0, 0, 0, 0, 0, 1], [0, 0, 1, 1, 0, 0, 0, 0, 0, 0]]}, {"input": [[0, 0, 0, 0, 0, 0, 0, 0, 0, 0], [0, 0, 0, 0, 0, 0, 0, 0, 0, 0], [0, 0, 0, 0, 0, 0, 0, 0, 0, 0], [0, 0, 4, 4, 0, 0, 0, 0, 0, 0], [0, 0, 4, 4, 0, 0, 0, 0, 0, 0], [0, 0, 0, 0, 0, 0, 0, 0, 0, 0], [0, 0, 0, 0, 0, 0, 0, 0, 0, 0], [2, 2, 0, 0, 0, 0, 0, 0, 4, 4], [2, 2, 0, 0, 0, 0, 0, 0, 4, 4], [0, 0, 0, 0, 0, 0, 0, 0, 0, 0]], "output": [[0, 0, 0, 0, 0, 0, 0, 0, 0, 0], [0, 0, 0, 0, 0, 0, 0, 0, 0, 0], [0, 0, 0, 0, 0, 0, 0, 0, 0, 0], [0, 0, 4, 4, 0, 0, 0, 0, 0, 0], [0, 0, 4, 4, 0, 0, 0, 0, 0, 0], [0, 0, 0, 0, 0, 0, 0, 0, 0, 0], [0, 0, 0, 0, 0, 0, 0, 0, 0, 0], [2, 2, 0, 0, 0, 0, 0, 0, 4, 4], [2, 2, 0, 0, 0, 0, 0, 0, 4, 4], [0, 0, 0, 0, 0, 4, 4, 0, 0, 0]]}, {"input": [[0, 0, 0, 0, 0, 0, 0, 0, 0, 0], [0, 0, 0, 0, 0, 0, 0, 0, 0, 0], [0, 0, 0, 0, 0, 0, 0, 0, 0, 0], [0, 0, 0, 6, 6, 0, 0, 0, 0, 0], [0, 0, 0, 6, 6, 0, 0, 0, 0, 0], [0, 0, 0, 0, 0, 0, 0, 6, 6, 0], [0, 0, 0, 0, 0, 0, 0, 6, 6, 0], [0, 0, 0, 0, 0, 0, 0, 0, 0, 0], [0, 0, 0, 0, 0, 0, 0, 0, 0, 0], [0, 0, 0, 0, 0, 0, 0, 0, 0, 0]], "output": [[0, 0, 0, 0, 0, 0, 0, 0, 0, 0], [0, 0, 0, 0, 0, 0, 0, 0, 0, 0], [0, 0, 0, 0, 0, 0, 0, 0, 0, 0], [0, 0, 0, 6, 6, 0, 0, 0, 0, 0], [0, 0, 0, 6, 6, 0, 0, 0, 0, 0], [0, 0, 0, 0, 0, 0, 0, 6, 6, 0], [0, 0, 0, 0, 0, 0, 0, 6, 6, 0], [0, 0, 0, 0, 0, 0, 0, 0, 0, 0], [0, 0, 0, 0, 0, 0, 6, 6, 0, 0], [0, 0, 0, 0, 0, 0, 6, 6, 0, 0]]}, {"input": [[0, 0, 0, 0, 0, 0, 0, 0, 0, 0], [0, 0, 0, 0, 0, 0, 0, 0, 0, 0], [0, 0, 0, 0, 0, 0, 0, 0, 0, 0], [0, 0, 0, 0, 0, 0, 0, 2, 2, 0], [0, 0, 0, 2, 2, 0, 0, 2, 2, 0], [0, 0, 0, 2, 2, 0, 0, 0, 0, 0], [0, 0, 0, 0, 0, 0, 0, 4, 4, 0], [0, 0, 0, 0, 0, 0, 0, 4, 4, 0], [0, 0, 0, 0, 0, 0, 0, 0, 0, 0], [0, 0, 0, 0, 0, 0, 0, 0, 0, 0]], "output": [[0, 0, 0, 0, 0, 0, 0, 0, 0, 0], [0, 0, 0, 0, 0, 0, 0, 0, 0, 0], [0, 0, 0, 0, 0, 0, 0, 0, 0, 0], [0, 0, 0, 0, 0, 0, 0, 2, 2, 0], [0, 0, 0, 2, 2, 0, 0, 2, 2, 0], [0, 0, 0, 2, 2, 0, 0, 0, 0, 0], [0, 0, 0, 0, 0, 0, 0, 4, 4, 0], [0, 0, 0, 0, 0, 0, 0, 4, 4, 0], [0, 0, 0, 0, 0, 0, 0, 0, 0, 0], [0, 0, 0, 0, 0, 0, 0, 2, 2, 0]]}, {"input": [[0, 0, 0, 0, 0, 0, 0, 0, 0, 0], [0, 0, 0, 0, 0, 0, 0, 0, 0, 0], [0, 0, 0, 0, 0, 0, 0, 0, 0, 0], [0, 0, 0, 0, 0, 0, 0, 0, 0, 0], [0, 0, 0, 0, 1, 1, 0, 0, 0, 0], [0, 0, 0, 0, 1, 1, 0, 0, 0, 0], [0, 0, 0, 0, 0, 0, 0, 0, 0, 0], [0, 0, 0, 0, 0, 0, 0, 0, 0, 0], [3, 3, 0, 0, 0, 4, 4, 0, 2, 2], [3, 3, 0, 0, 0, 4, 4, 0, 2, 2]], "output": [[0, 0, 0, 0, 0, 0, 0, 0, 0, 0], [0, 0, 0, 0, 0, 0, 0, 0, 0, 0], [0, 0, 0, 0, 0, 0, 0, 0, 0, 0], [0, 0, 0, 0, 0, 0, 0, 0, 0, 0], [0, 0, 0, 0, 1, 1, 0, 0, 0, 0], [0, 0, 0, 0, 1, 1, 0, 0, 0, 0], [0, 0, 0, 0, 0, 0, 0, 0, 0, 0], [0, 0, 0, 0, 0, 0, 0, 0, 0, 0], [3, 3, 0, 0, 0, 4, 4, 0, 1, 1], [3, 3, 0, 0, 0, 4, 4, 0, 1, 1]]}], "test": [{"input": [[0, 0, 6, 6, 0, 0, 0, 0, 0, 0], [0, 0, 6, 6, 0, 0, 0, 0, 0, 0], [0, 0, 0, 0, 0, 0, 0, 0, 0, 0], [0, 0, 0, 0, 0, 0, 0, 0, 0, 0], [0, 0, 0, 0, 0, 0, 0, 0, 0, 0], [0, 0, 0, 0, 0, 0, 0, 0, 0, 0], [0, 6, 6, 0, 0, 0, 0, 0, 0, 0], [0, 6, 6, 0, 0, 0, 0, 0, 0, 0], [0, 0, 0, 1, 1, 0, 0, 0, 0, 0], [0, 0, 0, 1, 1, 0, 0, 0, 0, 0]], "output": [[0, 0, 6, 6, 0, 0, 0, 0, 0, 0], [0, 0, 6, 6, 0, 0, 0, 0, 0, 0], [0, 0, 0, 0, 0, 0, 0, 0, 0, 0], [0, 0, 0, 0, 0, 0, 0, 0, 0, 0], [0, 0, 0, 0, 0, 0, 0, 0, 0, 0], [0, 0, 0, 0, 0, 0, 0, 0, 0, 0], [0, 6, 6, 6, 0, 0, 0, 0, 0, 0], [0, 6, 6, 6, 0, 0, 0, 0, 0, 0], [0, 0, 0, 1, 1, 0, 0, 0, 0, 0], [0, 0, 0, 1, 1, 0, 0, 0, 0, 0]]}, {"input": [[0, 0, 0, 0, 0, 0, 0, 0, 0, 0], [0, 0, 0, 0, 0, 0, 0, 0, 0, 0], [0, 0, 0, 0, 0, 0, 0, 0, 0, 0], [0, 0, 0, 0, 0, 1, 1, 0, 0, 0], [0, 3, 3, 0, 0, 1, 1, 0, 0, 0], [0, 3, 3, 0, 0, 0, 0, 0, 0, 0], [2, 2, 0, 0, 0, 0, 0, 0, 0, 0], [2, 2, 0, 0, 0, 0, 0, 0, 0, 0], [0, 0, 0, 1, 1, 0, 0, 0, 0, 0], [0, 0, 0, 1, 1, 0, 0, 0, 0, 0]], "output": [[0, 0, 0, 0, 0, 0, 0, 0, 0, 0], [0, 0, 0, 0, 0, 0, 0, 0, 0, 0], [0, 0, 0, 0, 0, 0, 0, 0, 0, 0], [0, 0, 0, 0, 0, 1, 1, 0, 0, 0], [0, 3, 3, 0, 0, 1, 1, 0, 0, 0], [0, 3, 3, 0, 0, 0, 0, 0, 0, 0], [2, 2, 0, 0, 0, 0, 0, 0, 1, 1], [2, 2, 0, 0, 0, 0, 0, 0, 1, 1], [0, 0, 0, 1, 1, 0, 0, 0, 0, 0], [0, 0, 0, 1, 1, 0, 0, 0, 0, 0]]}, {"input": [[0, 0, 0, 3, 3, 0, 0, 0, 0, 0], [0, 0, 0, 3, 3, 0, 0, 0, 0, 0], [0, 0, 0, 0, 0, 0, 0, 0, 0, 0], [0, 0, 0, 0, 3, 3, 0, 0, 0, 0], [0, 0, 0, 0, 3, 3, 3, 3, 0, 0], [0, 0, 0, 6, 6, 0, 3, 3, 0, 0], [0, 0, 0, 6, 6, 0, 0, 0, 0, 0], [0, 0, 0, 0, 0, 0, 0, 0, 0, 0], [0, 0, 0, 0, 0, 0, 0, 1, 1, 0], [0, 0, 0, 0, 0, 0, 0, 1, 1, 0]], "output": [[0, 0, 0, 3, 3, 0, 0, 0, 0, 0], [0, 0, 0, 3, 3, 0, 0, 0, 0, 0], [0, 0, 0, 0, 0, 0, 0, 0, 0, 0], [0, 0, 0, 0, 3, 3, 0, 0, 0, 0], [0, 0, 0, 0, 3, 3, 3, 3, 0, 0], [0, 0, 0, 3, 3, 0, 3, 3, 0, 0], [0, 0, 0, 3, 3, 0, 0, 0, 0, 0], [0, 0, 0, 0, 0, 0, 0, 3, 3, 0], [0, 0, 0, 0, 0, 0, 0, 3, 3, 0], [0, 0, 0, 0, 0, 0, 0, 1, 1, 0]]}]}