{"train": [{"input": [[0, 0, 0, 0, 0, 0, 0, 1, 1, 1, 1, 0, 0], [2, 2, 2, 0, 0, 2, 1, 0, 0, 0, 0, 0, 0], [2, 0, 0, 0, 0, 0, 1, 0, 0, 0, 1, 0, 0], [0, 0, 0, 0, 0, 0, 1, 1, 1, 0, 1, 0, 0], [2, 0, 0, 0, 0, 2, 0, 0, 0, 0, 0, 0, 0], [0, 0, 0, 0, 6, 0, 6, 6, 3, 0, 3, 0, 0], [0, 0, 6, 0, 0, 3, 0, 0, 6, 0, 3, 0, 0], [0, 0, 0, 0, 0, 3, 0, 0, 6, 0, 3, 0, 0], [0, 0, 6, 0, 0, 0, 0, 0, 6, 0, 3, 0, 0], [0, 0, 6, 0, 6, 0, 6, 0, 6, 0, 3, 0, 0], [0, 0, 0, 0, 0, 0, 0, 0, 3, 0, 0, 0, 0], [0, 0, 0, 0, 0, 0, 0, 0, 0, 0, 0, 0, 0], [0, 0, 0, 0, 0, 0, 0, 0, 0, 0, 0, 0, 0]], "output": [[0, 0, 0, 0, 0, 0, 0, 1, 1, 1, 1, 0, 0], [2, 2, 2, 0, 0, 2, 1, 0, 0, 0, 0, 0, 0], [2, 0, 0, 0, 0, 0, 1, 0, 0, 0, 1, 0, 0], [0, 0, 0, 0, 0, 0, 1, 1, 1, 0, 1, 0, 0], [2, 0, 0, 0, 0, 2, 0, 0, 0, 0, 0, 0, 0], [0, 0, 0, 0, 6, 4, 6, 6, 3, 0, 3, 0, 0], [0, 0, 6, 0, 0, 3, 0, 0, 6, 0, 3, 0, 0], [0, 0, 0, 0, 0, 3, 0, 0, 6, 0, 3, 0, 0], [0, 0, 6, 0, 0, 0, 0, 0, 6, 0, 3, 0, 0], [0, 0, 6, 0, 6, 0, 6, 0, 6, 0, 3, 0, 0], [0, 0, 0, 0, 0, 0, 0, 0, 3, 0, 0, 0, 0], [0, 0, 0, 0, 0, 0, 0, 0, 0, 0, 0, 0, 0], [0, 0, 0, 0, 0, 0, 0, 0, 0, 0, 0, 0, 0]]}, {"input": [[5, 5, 0, 0, 0, 5, 1, 1, 1, 0, 1, 1], [5, 0, 0, 0, 0, 5, 0, 0, 0, 0, 0, 0], [5, 0, 0, 0, 0, 5, 0, 0, 0, 0, 0, 0], [5, 0, 0, 0, 0, 1, 0, 0, 0, 0, 0, 1], [0, 4, 4, 4, 4, 0, 0, 0, 0, 0, 0, 0], [0, 4, 5, 5, 5, 1, 0, 0, 1, 1, 1, 1], [0, 4, 0, 0, 4, 0, 0, 0, 0, 0, 0, 0], [0, 4, 4, 0, 4, 8, 0, 8, 8, 8, 8, 0], [0, 0, 0, 0, 0, 0, 0, 0, 0, 0, 0, 0], [0, 0, 0, 0, 0, 8, 0, 0, 0, 0, 0, 0], [0, 0, 0, 0, 0, 8, 8, 8, 8, 8, 0, 0], [0, 0, 0, 0, 0, 0, 0, 0, 0, 0, 0, 0]], "output": [[5, 5, 0, 0, 0, 5, 1, 1, 1, 0, 1, 1], [5, 0, 0, 0, 0, 5, 0, 0, 0, 0, 0, 0], [5, 0, 0, 0, 0, 5, 0, 0, 0, 0, 0, 0], [5, 0, 0, 0, 0, 1, 0, 0, 0, 0, 0, 1], [0, 4, 4, 4, 4, 0, 0, 0, 0, 0, 0, 0], [0, 4, 5, 5, 4, 1, 0, 0, 1, 1, 1, 1], [0, 4, 0, 0, 4, 0, 0, 0, 0, 0, 0, 0], [0, 4, 4, 0, 4, 8, 0, 8, 8, 8, 8, 0], [0, 0, 0, 0, 0, 0, 0, 0, 0, 0, 0, 0], [0, 0, 0, 0, 0, 8, 0, 0, 0, 0, 0, 0], [0, 0, 0, 0, 0, 8, 8, 8, 8, 8, 0, 0], [0, 0, 0, 0, 0, 0, 0, 0, 0, 0, 0, 0]]}, {"input": [[0, 0, 0, 0, 0, 0, 0, 0, 0, 0, 0, 0, 0, 0], [0, 0, 0, 0, 0, 0, 0, 0, 0, 0, 0, 0, 0, 0], [0, 0, 0, 0, 0, 0, 0, 0, 0, 0, 0, 0, 0, 0], [0, 0, 0, 0, 0, 0, 0, 8, 0, 8, 0, 8, 0, 0], [0, 0, 0, 0, 0, 0, 0, 0, 1, 0, 0, 0, 0, 0], [0, 0, 0, 0, 0, 0, 0, 0, 1, 0, 0, 0, 0, 0], [0, 0, 0, 0, 0, 0, 0, 0, 1, 0, 0, 8, 0, 0], [0, 0, 7, 0, 0, 7, 0, 0, 8, 8, 8, 0, 0, 0], [0, 0, 0, 0, 1, 0, 7, 0, 0, 0, 0, 0, 0, 0], [0, 7, 0, 0, 1, 0, 7, 0, 0, 0, 0, 0, 0, 0], [0, 0, 0, 0, 0, 1, 1, 1, 0, 0, 0, 0, 0, 0], [0, 7, 0, 0, 0, 0, 0, 0, 0, 0, 0, 0, 0, 0], [0, 0, 0, 0, 7, 0, 7, 0, 0, 0, 0, 0, 0, 0], [0, 0, 0, 0, 0, 0, 0, 0, 0, 0, 0, 0, 0, 0]], "output": [[0, 0, 0, 0, 0, 0, 0, 0, 0, 0, 0, 0, 0, 0], [0, 0, 0, 0, 0, 0, 0, 0, 0, 0, 0, 0, 0, 0], [0, 0, 0, 0, 0, 0, 0, 0, 0, 0, 0, 0, 0, 0], [0, 0, 0, 0, 0, 0, 0, 8, 0, 8, 0, 8, 0, 0], [0, 0, 0, 0, 0, 0, 0, 0, 1, 0, 0, 0, 0, 0], [0, 0, 0, 0, 0, 0, 0, 0, 1, 0, 0, 0, 0, 0], [0, 0, 0, 0, 0, 0, 0, 0, 1, 0, 0, 8, 0, 0], [0, 0, 7, 0, 0, 7, 0, 0, 8, 8, 8, 0, 0, 0], [0, 0, 0, 0, 1, 4, 7, 0, 0, 0, 0, 0, 0, 0], [0, 7, 0, 0, 1, 4, 7, 0, 0, 0, 0, 0, 0, 0], [0, 0, 0, 0, 0, 1, 1, 1, 0, 0, 0, 0, 0, 0], [0, 7, 0, 0, 0, 0, 0, 0, 0, 0, 0, 0, 0, 0], [0, 0, 0, 0, 7, 0, 7, 0, 0, 0, 0, 0, 0, 0], [0, 0, 0, 0, 0, 0, 0, 0, 0, 0, 0, 0, 0, 0]]}, {"input": [[0, 0, 0, 7, 0, 7, 7, 7, 0, 0], [0, 0, 0, 0, 0, 4, 4, 7, 0, 0], [0, 0, 4, 7, 6, 6, 4, 7, 6, 0], [0, 0, 0, 7, 0, 0, 0, 7, 0, 0], [0, 5, 5, 5, 5, 0, 5, 7, 0, 6], [0, 0, 4, 7, 0, 0, 0, 7, 0, 0], [5, 0, 4, 0, 7, 0, 6, 7, 0, 0], [0, 0, 4, 0, 0, 4, 5, 0, 0, 0], [5, 0, 0, 0, 0, 0, 0, 0, 0, 0], [0, 0, 0, 5, 5, 0, 0, 0, 0, 0]], "output": [[0, 0, 0, 7, 0, 7, 7, 7, 0, 0], [0, 0, 0, 0, 0, 4, 4, 7, 0, 0], [0, 0, 4, 7, 6, 4, 4, 4, 6, 0], [0, 0, 0, 7, 4, 4, 4, 7, 0, 0], [0, 5, 5, 4, 4, 4, 4, 7, 0, 6], [0, 0, 4, 7, 4, 4, 4, 7, 0, 0], [5, 0, 4, 0, 7, 4, 4, 7, 0, 0], [0, 0, 4, 0, 0, 4, 5, 0, 0, 0], [5, 0, 0, 0, 0, 0, 0, 0, 0, 0], [0, 0, 0, 5, 5, 0, 0, 0, 0, 0]]}, {"input": [[0, 0, 0, 0, 6, 0, 6, 0, 0, 0], [0, 0, 0, 0, 0, 0, 0, 6, 0, 0], [0, 0, 0, 5, 5, 0, 5, 5, 0, 5], [0, 0, 0, 5, 0, 0, 0, 6, 0, 5], [0, 0, 0, 0, 0, 0, 0, 6, 0, 0], [0, 0, 8, 5, 0, 0, 8, 8, 8, 0], [0, 0, 8, 5, 0, 0, 6, 6, 0, 5], [0, 0, 8, 5, 0, 5, 0, 5, 0, 5], [0, 0, 0, 0, 0, 0, 0, 0, 8, 0], [0, 0, 8, 0, 0, 8, 8, 8, 0, 0]], "output": [[0, 0, 0, 0, 6, 0, 6, 0, 0, 0], [0, 0, 0, 0, 0, 0, 0, 6, 0, 0], [0, 0, 0, 5, 5, 0, 5, 5, 0, 5], [0, 0, 0, 5, 0, 0, 0, 6, 0, 5], [0, 0, 0, 0, 0, 0, 0, 6, 0, 0], [0, 0, 8, 5, 0, 0, 8, 4, 8, 0], [0, 0, 8, 5, 0, 0, 6, 4, 4, 5], [0, 0, 8, 5, 0, 5, 0, 5, 4, 5], [0, 0, 0, 0, 0, 0, 0, 0, 8, 0], [0, 0, 8, 0, 0, 8, 8, 8, 0, 0]]}, {"input": [[0, 1, 1, 0, 1, 1, 0, 0, 0, 0, 0, 0], [0, 0, 4, 0, 0, 0, 0, 1, 0, 0, 0, 0], [0, 4, 0, 0, 0, 0, 6, 1, 6, 6, 6, 0], [0, 1, 1, 0, 1, 1, 6, 1, 0, 0, 0, 0], [0, 4, 0, 0, 4, 0, 6, 0, 0, 0, 6, 0], [0, 4, 0, 0, 4, 0, 6, 0, 6, 6, 0, 0], [0, 4, 0, 4, 4, 0, 0, 0, 0, 0, 0, 0], [0, 0, 0, 0, 0, 0, 0, 0, 0, 0, 0, 0], [0, 0, 8, 8, 8, 0, 0, 0, 0, 0, 0, 0], [0, 0, 8, 0, 0, 8, 0, 0, 0, 0, 0, 0], [0, 0, 0, 0, 0, 0, 0, 0, 0, 0, 0, 0], [0, 0, 8, 0, 0, 0, 0, 0, 0, 0, 0, 0]], "output": [[0, 1, 1, 0, 1, 1, 0, 0, 0, 0, 0, 0], [0, 0, 4, 0, 0, 0, 0, 1, 0, 0, 0, 0], [0, 4, 0, 0, 0, 0, 6, 4, 6, 6, 6, 0], [0, 1, 1, 0, 1, 1, 4, 1, 0, 0, 0, 0], [0, 4, 0, 0, 4, 0, 6, 0, 0, 0, 6, 0], [0, 4, 0, 0, 4, 0, 6, 0, 6, 6, 0, 0], [0, 4, 0, 4, 4, 0, 0, 0, 0, 0, 0, 0], [0, 0, 0, 0, 0, 0, 0, 0, 0, 0, 0, 0], [0, 0, 8, 8, 8, 0, 0, 0, 0, 0, 0, 0], [0, 0, 8, 0, 0, 8, 0, 0, 0, 0, 0, 0], [0, 0, 0, 0, 0, 0, 0, 0, 0, 0, 0, 0], [0, 0, 8, 0, 0, 0, 0, 0, 0, 0, 0, 0]]}, {"input": [[0, 0, 0, 0, 0, 0, 0, 0, 0, 0, 0], [0, 1, 1, 0, 1, 0, 8, 0, 8, 8, 8], [0, 1, 0, 0, 8, 0, 0, 0, 0, 0, 0], [0, 0, 0, 0, 0, 0, 0, 0, 0, 0, 8], [0, 0, 0, 0, 8, 1, 0, 0, 0, 0, 8], [0, 1, 0, 0, 8, 0, 8, 0, 8, 8, 0], [0, 1, 0, 0, 0, 1, 0, 0, 0, 0, 0], [0, 0, 1, 0, 0, 1, 0, 0, 0, 0, 0], [0, 0, 0, 0, 0, 0, 0, 0, 0, 0, 0], [0, 0, 0, 0, 0, 0, 0, 0, 0, 0, 0], [0, 0, 0, 0, 0, 0, 0, 0, 0, 0, 0]], "output": [[0, 0, 0, 0, 0, 0, 0, 0, 0, 0, 0], [0, 1, 1, 0, 1, 0, 8, 0, 8, 8, 8], [0, 1, 0, 0, 8, 0, 0, 0, 0, 0, 0], [0, 0, 0, 0, 0, 0, 0, 0, 0, 0, 8], [0, 0, 0, 0, 8, 1, 0, 0, 0, 0, 8], [0, 1, 0, 0, 8, 4, 8, 0, 8, 8, 0], [0, 1, 0, 0, 0, 1, 0, 0, 0, 0, 0], [0, 0, 1, 0, 0, 1, 0, 0, 0, 0, 0], [0, 0, 0, 0, 0, 0, 0, 0, 0, 0, 0], [0, 0, 0, 0, 0, 0, 0, 0, 0, 0, 0], [0, 0, 0, 0, 0, 0, 0, 0, 0, 0, 0]]}], "test": [{"input": [[0, 0, 0, 0, 0, 0, 0, 0, 0, 0, 0, 0, 0, 0, 0], [0, 0, 0, 0, 0, 0, 0, 0, 0, 0, 0, 0, 0, 0, 0], [0, 0, 0, 0, 0, 0, 0, 4, 0, 0, 0, 0, 0, 0, 0], [0, 0, 0, 4, 0, 0, 0, 4, 0, 0, 0, 9, 0, 9, 9], [0, 0, 0, 0, 0, 0, 0, 0, 0, 0, 0, 0, 0, 0, 0], [0, 0, 0, 4, 0, 0, 0, 0, 0, 0, 0, 0, 0, 0, 9], [0, 0, 0, 0, 0, 0, 0, 4, 0, 0, 9, 0, 0, 0, 9], [0, 0, 0, 4, 0, 0, 0, 4, 0, 0, 0, 0, 0, 0, 9], [0, 0, 0, 4, 4, 4, 4, 4, 0, 0, 0, 0, 0, 0, 0], [0, 0, 0, 0, 0, 2, 0, 0, 2, 0, 9, 0, 9, 0, 0], [0, 0, 0, 0, 0, 0, 8, 8, 0, 0, 0, 0, 0, 0, 0], [0, 0, 0, 2, 0, 8, 0, 0, 8, 2, 0, 0, 0, 0, 0], [0, 0, 0, 0, 0, 0, 0, 0, 0, 0, 0, 0, 0, 0, 0], [0, 0, 0, 0, 0, 0, 8, 0, 8, 2, 0, 0, 0, 0, 0], [0, 0, 0, 0, 0, 2, 0, 2, 2, 0, 0, 0, 0, 0, 0]], "output": [[0, 0, 0, 0, 0, 0, 0, 0, 0, 0, 0, 0, 0, 0, 0], [0, 0, 0, 0, 0, 0, 0, 0, 0, 0, 0, 0, 0, 0, 0], [0, 0, 0, 0, 0, 0, 0, 4, 0, 0, 0, 0, 0, 0, 0], [0, 0, 0, 4, 0, 0, 0, 4, 0, 0, 0, 9, 0, 9, 9], [0, 0, 0, 0, 0, 0, 0, 0, 0, 0, 0, 0, 0, 0, 0], [0, 0, 0, 4, 0, 0, 0, 0, 0, 0, 0, 0, 0, 0, 9], [0, 0, 0, 0, 0, 0, 0, 4, 0, 0, 9, 0, 0, 0, 9], [0, 0, 0, 4, 0, 0, 0, 4, 0, 0, 0, 0, 0, 0, 9], [0, 0, 0, 4, 4, 4, 4, 4, 0, 0, 0, 0, 0, 0, 0], [0, 0, 0, 0, 0, 2, 4, 4, 2, 0, 9, 0, 9, 0, 0], [0, 0, 0, 0, 0, 0, 8, 8, 0, 0, 0, 0, 0, 0, 0], [0, 0, 0, 2, 0, 8, 0, 0, 8, 2, 0, 0, 0, 0, 0], [0, 0, 0, 0, 0, 0, 0, 0, 0, 0, 0, 0, 0, 0, 0], [0, 0, 0, 0, 0, 0, 8, 0, 8, 2, 0, 0, 0, 0, 0], [0, 0, 0, 0, 0, 2, 0, 2, 2, 0, 0, 0, 0, 0, 0]]}]}