{"train": [{"input": [[0, 0, 0, 0, 0, 0, 0, 0], [0, 0, 0, 0, 0, 0, 0, 0], [9, 0, 0, 0, 0, 0, 0, 0], [0, 0, 0, 0, 0, 0, 0, 0], [5, 0, 0, 0, 0, 0, 0, 0], [0, 0, 0, 0, 0, 0, 0, 0], [0, 0, 0, 0, 0, 0, 0, 0], [0, 0, 0, 0, 0, 0, 0, 0]], "output": [[0, 0, 0, 0, 0, 0, 0, 0], [0, 9, 0, 9, 0, 9, 0, 9], [0, 0, 0, 0, 0, 0, 0, 0], [0, 5, 0, 5, 0, 5, 0, 5], [0, 0, 0, 0, 0, 0, 0, 0], [0, 5, 0, 5, 0, 5, 0, 5], [0, 0, 0, 0, 0, 0, 0, 0], [0, 0, 0, 0, 0, 0, 0, 0]]}, {"input": [[0, 0, 0, 0, 0, 0, 0], [6, 0, 0, 0, 0, 0, 0], [0, 0, 0, 0, 0, 0, 0], [0, 0, 0, 0, 0, 0, 0], [5, 0, 0, 0, 0, 0, 0], [0, 0, 0, 0, 0, 0, 0], [9, 0, 0, 0, 0, 0, 0]], "output": [[0, 6, 0, 6, 0, 6, 0], [0, 0, 0, 0, 0, 0, 0], [0, 6, 0, 6, 0, 6, 0], [0, 5, 0, 5, 0, 5, 0], [0, 0, 0, 0, 0, 0, 0], [0, 9, 0, 9, 0, 9, 0], [0, 0, 0, 0, 0, 0, 0]]}, {"input": [[0, 0, 0, 0, 0, 0, 0, 0, 0], [0, 0, 0, 0, 0, 0, 0, 0, 0], [7, 0, 0, 0, 0, 0, 0, 0, 0], [0, 0, 0, 0, 0, 0, 0, 0, 0], [0, 0, 0, 0, 0, 0, 0, 0, 0], [0, 0, 0, 0, 0, 0, 0, 0, 0], [0, 0, 0, 0, 0, 0, 0, 0, 0]], "output": [[0, 0, 0, 0, 0, 0, 0, 0, 0], [0, 7, 0, 7, 0, 7, 0, 7, 0], [0, 0, 0, 0, 0, 0, 0, 0, 0], [0, 7, 0, 7, 0, 7, 0, 7, 0], [0, 0, 0, 0, 0, 0, 0, 0, 0], [0, 0, 0, 0, 0, 0, 0, 0, 0], [0, 0, 0, 0, 0, 0, 0, 0, 0]]}, {"input": [[9, 0, 0, 0, 0, 0, 0, 0, 0], [0, 0, 0, 0, 0, 0, 0, 0, 0], [0, 0, 0, 0, 0, 0, 0, 0, 0], [0, 0, 0, 0, 0, 0, 0, 0, 0], [0, 0, 0, 0, 0, 0, 0, 0, 0], [0, 0, 0, 0, 0, 0, 0, 0, 0], [0, 0, 0, 0, 0, 0, 0, 0, 0], [0, 0, 0, 0, 0, 0, 0, 0, 0], [4, 0, 0, 0, 0, 0, 0, 0, 0]], "output": [[0, 0, 0, 0, 0, 0, 0, 0, 0], [0, 9, 0, 9, 0, 9, 0, 9, 0], [0, 0, 0, 0, 0, 0, 0, 0, 0], [0, 0, 0, 0, 0, 0, 0, 0, 0], [0, 0, 0, 0, 0, 0, 0, 0, 0], [0, 0, 0, 0, 0, 0, 0, 0, 0], [0, 0, 0, 0, 0, 0, 0, 0, 0], [0, 4, 0, 4, 0, 4, 0, 4, 0], [0, 0, 0, 0, 0, 0, 0, 0, 0]]}, {"input": [[0, 0, 0, 0, 0, 0, 0, 0, 0], [3, 0, 0, 0, 0, 0, 0, 0, 0], [0, 0, 0, 0, 0, 0, 0, 0, 0], [0, 0, 0, 0, 0, 0, 0, 0, 0], [0, 0, 0, 0, 0, 0, 0, 0, 0], [2, 0, 0, 0, 0, 0, 0, 0, 0], [0, 0, 0, 0, 0, 0, 0, 0, 0], [0, 0, 0, 0, 0, 0, 0, 0, 0]], "output": [[0, 3, 0, 3, 0, 3, 0, 3, 0], [0, 0, 0, 0, 0, 0, 0, 0, 0], [0, 3, 0, 3, 0, 3, 0, 3, 0], [0, 0, 0, 0, 0, 0, 0, 0, 0], [0, 2, 0, 2, 0, 2, 0, 2, 0], [0, 0, 0, 0, 0, 0, 0, 0, 0], [0, 2, 0, 2, 0, 2, 0, 2, 0], [0, 0, 0, 0, 0, 0, 0, 0, 0]]}, {"input": [[0, 0, 0, 0, 0], [7, 0, 0, 0, 0], [6, 0, 0, 0, 0], [3, 0, 0, 0, 0], [0, 0, 0, 0, 0], [0, 0, 0, 0, 0]], "output": [[0, 7, 0, 7, 0], [0, 6, 0, 6, 0], [0, 3, 0, 3, 0], [0, 6, 0, 6, 0], [0, 3, 0, 3, 0], [0, 0, 0, 0, 0]]}, {"input": [[0, 0, 0, 0, 0], [0, 0, 0, 0, 0], [0, 0, 0, 0, 0], [7, 0, 0, 0, 0], [0, 0, 0, 0, 0], [6, 0, 0, 0, 0]], "output": [[0, 0, 0, 0, 0], [0, 0, 0, 0, 0], [0, 7, 0, 7, 0], [0, 0, 0, 0, 0], [0, 6, 0, 6, 0], [0, 0, 0, 0, 0]]}, {"input": [[2, 0, 0, 0, 0], [0, 0, 0, 0, 0], [0, 0, 0, 0, 0], [1, 0, 0, 0, 0], [9, 0, 0, 0, 0]], "output": [[0, 0, 0, 0, 0], [0, 2, 0, 2, 0], [0, 1, 0, 1, 0], [0, 9, 0, 9, 0], [0, 1, 0, 1, 0]]}, {"input": [[0, 0, 0, 0, 0, 0, 0], [0, 0, 0, 0, 0, 0, 0], [0, 0, 0, 0, 0, 0, 0], [9, 0, 0, 0, 0, 0, 0], [0, 0, 0, 0, 0, 0, 0], [0, 0, 0, 0, 0, 0, 0], [0, 0, 0, 0, 0, 0, 0], [8, 0, 0, 0, 0, 0, 0]], "output": [[0, 0, 0, 0, 0, 0, 0], [0, 0, 0, 0, 0, 0, 0], [0, 9, 0, 9, 0, 9, 0], [0, 0, 0, 0, 0, 0, 0], [0, 9, 0, 9, 0, 9, 0], [0, 0, 0, 0, 0, 0, 0], [0, 8, 0, 8, 0, 8, 0], [0, 0, 0, 0, 0, 0, 0]]}, {"input": [[9, 0, 0, 0, 0, 0], [0, 0, 0, 0, 0, 0], [0, 0, 0, 0, 0, 0], [0, 0, 0, 0, 0, 0], [0, 0, 0, 0, 0, 0], [0, 0, 0, 0, 0, 0], [0, 0, 0, 0, 0, 0], [1, 0, 0, 0, 0, 0], [0, 0, 0, 0, 0, 0]], "output": [[0, 0, 0, 0, 0, 0], [0, 9, 0, 9, 0, 9], [0, 0, 0, 0, 0, 0], [0, 0, 0, 0, 0, 0], [0, 0, 0, 0, 0, 0], [0, 0, 0, 0, 0, 0], [0, 1, 0, 1, 0, 1], [0, 0, 0, 0, 0, 0], [0, 1, 0, 1, 0, 1]]}, {"input": [[0, 0, 0, 0, 0, 0, 0, 0], [0, 0, 0, 0, 0, 0, 0, 0], [0, 0, 0, 0, 0, 0, 0, 0], [4, 0, 0, 0, 0, 0, 0, 0], [0, 0, 0, 0, 0, 0, 0, 0], [0, 0, 0, 0, 0, 0, 0, 0]], "output": [[0, 0, 0, 0, 0, 0, 0, 0], [0, 0, 0, 0, 0, 0, 0, 0], [0, 4, 0, 4, 0, 4, 0, 4], [0, 0, 0, 0, 0, 0, 0, 0], [0, 4, 0, 4, 0, 4, 0, 4], [0, 0, 0, 0, 0, 0, 0, 0]]}, {"input": [[7, 0, 0, 0, 0, 0], [0, 0, 0, 0, 0, 0], [5, 0, 0, 0, 0, 0], [0, 0, 0, 0, 0, 0], [9, 0, 0, 0, 0, 0], [0, 0, 0, 0, 0, 0]], "output": [[0, 0, 0, 0, 0, 0], [0, 5, 0, 5, 0, 5], [0, 0, 0, 0, 0, 0], [0, 9, 0, 9, 0, 9], [0, 0, 0, 0, 0, 0], [0, 9, 0, 9, 0, 9]]}, {"input": [[9, 0, 0, 0, 0, 0, 0], [0, 0, 0, 0, 0, 0, 0], [0, 0, 0, 0, 0, 0, 0], [2, 0, 0, 0, 0, 0, 0], [0, 0, 0, 0, 0, 0, 0]], "output": [[0, 0, 0, 0, 0, 0, 0], [0, 9, 0, 9, 0, 9, 0], [0, 2, 0, 2, 0, 2, 0], [0, 0, 0, 0, 0, 0, 0], [0, 2, 0, 2, 0, 2, 0]]}, {"input": [[0, 0, 0, 0, 0, 0], [0, 0, 0, 0, 0, 0], [0, 0, 0, 0, 0, 0], [6, 0, 0, 0, 0, 0], [0, 0, 0, 0, 0, 0], [1, 0, 0, 0, 0, 0]], "output": [[0, 0, 0, 0, 0, 0], [0, 0, 0, 0, 0, 0], [0, 6, 0, 6, 0, 6], [0, 0, 0, 0, 0, 0], [0, 1, 0, 1, 0, 1], [0, 0, 0, 0, 0, 0]]}, {"input": [[0, 0, 0, 0, 0, 0], [0, 0, 0, 0, 0, 0], [0, 0, 0, 0, 0, 0], [0, 0, 0, 0, 0, 0], [0, 0, 0, 0, 0, 0], [0, 0, 0, 0, 0, 0], [0, 0, 0, 0, 0, 0], [7, 0, 0, 0, 0, 0], [6, 0, 0, 0, 0, 0]], "output": [[0, 0, 0, 0, 0, 0], [0, 0, 0, 0, 0, 0], [0, 0, 0, 0, 0, 0], [0, 0, 0, 0, 0, 0], [0, 0, 0, 0, 0, 0], [0, 0, 0, 0, 0, 0], [0, 7, 0, 7, 0, 7], [0, 6, 0, 6, 0, 6], [0, 7, 0, 7, 0, 7]]}, {"input": [[0, 0, 0, 0, 0, 0], [9, 0, 0, 0, 0, 0], [0, 0, 0, 0, 0, 0], [0, 0, 0, 0, 0, 0], [0, 0, 0, 0, 0, 0], [0, 0, 0, 0, 0, 0], [0, 0, 0, 0, 0, 0], [0, 0, 0, 0, 0, 0], [0, 0, 0, 0, 0, 0]], "output": [[0, 9, 0, 9, 0, 9], [0, 0, 0, 0, 0, 0], [0, 9, 0, 9, 0, 9], [0, 0, 0, 0, 0, 0], [0, 0, 0, 0, 0, 0], [0, 0, 0, 0, 0, 0], [0, 0, 0, 0, 0, 0], [0, 0, 0, 0, 0, 0], [0, 0, 0, 0, 0, 0]]}, {"input": [[7, 0, 0, 0, 0, 0, 0], [2, 0, 0, 0, 0, 0, 0], [0, 0, 0, 0, 0, 0, 0], [3, 0, 0, 0, 0, 0, 0], [0, 0, 0, 0, 0, 0, 0]], "output": [[0, 2, 0, 2, 0, 2, 0], [0, 7, 0, 7, 0, 7, 0], [0, 3, 0, 3, 0, 3, 0], [0, 0, 0, 0, 0, 0, 0], [0, 3, 0, 3, 0, 3, 0]]}, {"input": [[0, 0, 0, 0, 0], [5, 0, 0, 0, 0], [4, 0, 0, 0, 0], [0, 0, 0, 0, 0], [0, 0, 0, 0, 0], [0, 0, 0, 0, 0]], "output": [[0, 5, 0, 5, 0], [0, 4, 0, 4, 0], [0, 5, 0, 5, 0], [0, 4, 0, 4, 0], [0, 0, 0, 0, 0], [0, 0, 0, 0, 0]]}, {"input": [[0, 0, 0, 0, 0, 0, 0, 0], [2, 0, 0, 0, 0, 0, 0, 0], [0, 0, 0, 0, 0, 0, 0, 0], [0, 0, 0, 0, 0, 0, 0, 0], [0, 0, 0, 0, 0, 0, 0, 0], [3, 0, 0, 0, 0, 0, 0, 0], [0, 0, 0, 0, 0, 0, 0, 0], [0, 0, 0, 0, 0, 0, 0, 0]], "output": [[0, 2, 0, 2, 0, 2, 0, 2], [0, 0, 0, 0, 0, 0, 0, 0], [0, 2, 0, 2, 0, 2, 0, 2], [0, 0, 0, 0, 0, 0, 0, 0], [0, 3, 0, 3, 0, 3, 0, 3], [0, 0, 0, 0, 0, 0, 0, 0], [0, 3, 0, 3, 0, 3, 0, 3], [0, 0, 0, 0, 0, 0, 0, 0]]}, {"input": [[6, 0, 0, 0, 0, 0, 0], [0, 0, 0, 0, 0, 0, 0], [0, 0, 0, 0, 0, 0, 0], [0, 0, 0, 0, 0, 0, 0], [0, 0, 0, 0, 0, 0, 0], [0, 0, 0, 0, 0, 0, 0], [4, 0, 0, 0, 0, 0, 0]], "output": [[0, 0, 0, 0, 0, 0, 0], [0, 6, 0, 6, 0, 6, 0], [0, 0, 0, 0, 0, 0, 0], [0, 0, 0, 0, 0, 0, 0], [0, 0, 0, 0, 0, 0, 0], [0, 4, 0, 4, 0, 4, 0], [0, 0, 0, 0, 0, 0, 0]]}, {"input": [[0, 0, 0, 0, 0], [0, 0, 0, 0, 0], [6, 0, 0, 0, 0], [0, 0, 0, 0, 0], [0, 0, 0, 0, 0], [8, 0, 0, 0, 0]], "output": [[0, 0, 0, 0, 0], [0, 6, 0, 6, 0], [0, 0, 0, 0, 0], [0, 6, 0, 6, 0], [0, 8, 0, 8, 0], [0, 0, 0, 0, 0]]}, {"input": [[0, 0, 0, 0, 0, 0], [3, 0, 0, 0, 0, 0], [0, 0, 0, 0, 0, 0], [0, 0, 0, 0, 0, 0], [0, 0, 0, 0, 0, 0], [5, 0, 0, 0, 0, 0], [0, 0, 0, 0, 0, 0], [0, 0, 0, 0, 0, 0]], "output": [[0, 3, 0, 3, 0, 3], [0, 0, 0, 0, 0, 0], [0, 3, 0, 3, 0, 3], [0, 0, 0, 0, 0, 0], [0, 5, 0, 5, 0, 5], [0, 0, 0, 0, 0, 0], [0, 5, 0, 5, 0, 5], [0, 0, 0, 0, 0, 0]]}, {"input": [[7, 0, 0, 0, 0, 0, 0], [0, 0, 0, 0, 0, 0, 0], [0, 0, 0, 0, 0, 0, 0], [0, 0, 0, 0, 0, 0, 0], [0, 0, 0, 0, 0, 0, 0], [0, 0, 0, 0, 0, 0, 0], [0, 0, 0, 0, 0, 0, 0]], "output": [[0, 0, 0, 0, 0, 0, 0], [0, 7, 0, 7, 0, 7, 0], [0, 0, 0, 0, 0, 0, 0], [0, 0, 0, 0, 0, 0, 0], [0, 0, 0, 0, 0, 0, 0], [0, 0, 0, 0, 0, 0, 0], [0, 0, 0, 0, 0, 0, 0]]}, {"input": [[1, 0, 0, 0, 0, 0, 0, 0, 0], [2, 0, 0, 0, 0, 0, 0, 0, 0], [5, 0, 0, 0, 0, 0, 0, 0, 0], [0, 0, 0, 0, 0, 0, 0, 0, 0], [0, 0, 0, 0, 0, 0, 0, 0, 0], [0, 0, 0, 0, 0, 0, 0, 0, 0], [0, 0, 0, 0, 0, 0, 0, 0, 0], [6, 0, 0, 0, 0, 0, 0, 0, 0]], "output": [[0, 2, 0, 2, 0, 2, 0, 2, 0], [0, 5, 0, 5, 0, 5, 0, 5, 0], [0, 2, 0, 2, 0, 2, 0, 2, 0], [0, 5, 0, 5, 0, 5, 0, 5, 0], [0, 0, 0, 0, 0, 0, 0, 0, 0], [0, 0, 0, 0, 0, 0, 0, 0, 0], [0, 6, 0, 6, 0, 6, 0, 6, 0], [0, 0, 0, 0, 0, 0, 0, 0, 0]]}, {"input": [[0, 0, 0, 0, 0, 0, 0, 0, 0], [0, 0, 0, 0, 0, 0, 0, 0, 0], [0, 0, 0, 0, 0, 0, 0, 0, 0], [0, 0, 0, 0, 0, 0, 0, 0, 0], [9, 0, 0, 0, 0, 0, 0, 0, 0], [1, 0, 0, 0, 0, 0, 0, 0, 0], [7, 0, 0, 0, 0, 0, 0, 0, 0], [0, 0, 0, 0, 0, 0, 0, 0, 0], [2, 0, 0, 0, 0, 0, 0, 0, 0]], "output": [[0, 0, 0, 0, 0, 0, 0, 0, 0], [0, 0, 0, 0, 0, 0, 0, 0, 0], [0, 0, 0, 0, 0, 0, 0, 0, 0], [0, 9, 0, 9, 0, 9, 0, 9, 0], [0, 1, 0, 1, 0, 1, 0, 1, 0], [0, 7, 0, 7, 0, 7, 0, 7, 0], [0, 1, 0, 1, 0, 1, 0, 1, 0], [0, 2, 0, 2, 0, 2, 0, 2, 0], [0, 0, 0, 0, 0, 0, 0, 0, 0]]}, {"input": [[0, 0, 0, 0, 0], [7, 0, 0, 0, 0], [0, 0, 0, 0, 0], [0, 0, 0, 0, 0], [2, 0, 0, 0, 0], [0, 0, 0, 0, 0]], "output": [[0, 7, 0, 7, 0], [0, 0, 0, 0, 0], [0, 7, 0, 7, 0], [0, 2, 0, 2, 0], [0, 0, 0, 0, 0], [0, 2, 0, 2, 0]]}, {"input": [[0, 0, 0, 0, 0, 0, 0, 0], [0, 0, 0, 0, 0, 0, 0, 0], [0, 0, 0, 0, 0, 0, 0, 0], [0, 0, 0, 0, 0, 0, 0, 0], [8, 0, 0, 0, 0, 0, 0, 0], [0, 0, 0, 0, 0, 0, 0, 0], [0, 0, 0, 0, 0, 0, 0, 0]], "output": [[0, 0, 0, 0, 0, 0, 0, 0], [0, 0, 0, 0, 0, 0, 0, 0], [0, 0, 0, 0, 0, 0, 0, 0], [0, 8, 0, 8, 0, 8, 0, 8], [0, 0, 0, 0, 0, 0, 0, 0], [0, 8, 0, 8, 0, 8, 0, 8], [0, 0, 0, 0, 0, 0, 0, 0]]}], "test": [{"input": [[0, 0, 0, 0, 0], [9, 0, 0, 0, 0], [0, 0, 0, 0, 0], [0, 0, 0, 0, 0], [7, 0, 0, 0, 0], [0, 0, 0, 0, 0], [0, 0, 0, 0, 0]], "output": [[0, 9, 0, 9, 0], [0, 0, 0, 0, 0], [0, 9, 0, 9, 0], [0, 7, 0, 7, 0], [0, 0, 0, 0, 0], [0, 7, 0, 7, 0], [0, 0, 0, 0, 0]]}, {"input": [[8, 0, 0, 0, 0, 0, 0], [0, 0, 0, 0, 0, 0, 0], [0, 0, 0, 0, 0, 0, 0], [0, 0, 0, 0, 0, 0, 0], [0, 0, 0, 0, 0, 0, 0], [5, 0, 0, 0, 0, 0, 0], [7, 0, 0, 0, 0, 0, 0]], "output": [[0, 0, 0, 0, 0, 0, 0], [0, 8, 0, 8, 0, 8, 0], [0, 0, 0, 0, 0, 0, 0], [0, 0, 0, 0, 0, 0, 0], [0, 5, 0, 5, 0, 5, 0], [0, 7, 0, 7, 0, 7, 0], [0, 5, 0, 5, 0, 5, 0]]}, {"input": [[0, 0, 0, 0, 0, 0], [0, 0, 0, 0, 0, 0], [0, 0, 0, 0, 0, 0], [0, 0, 0, 0, 0, 0], [3, 0, 0, 0, 0, 0], [1, 0, 0, 0, 0, 0], [0, 0, 0, 0, 0, 0], [2, 0, 0, 0, 0, 0]], "output": [[0, 0, 0, 0, 0, 0], [0, 0, 0, 0, 0, 0], [0, 0, 0, 0, 0, 0], [0, 3, 0, 3, 0, 3], [0, 1, 0, 1, 0, 1], [0, 3, 0, 3, 0, 3], [0, 2, 0, 2, 0, 2], [0, 0, 0, 0, 0, 0]]}]}