{"train": [{"input": [[0, 0, 0, 0, 0, 0, 0, 0, 0, 0], [0, 0, 0, 0, 0, 0, 0, 0, 0, 0], [0, 0, 0, 0, 0, 0, 0, 0, 0, 0], [0, 0, 0, 0, 0, 1, 0, 0, 0, 0], [0, 0, 0, 0, 3, 3, 3, 0, 0, 0], [0, 0, 0, 5, 1, 1, 2, 5, 0, 0], [0, 0, 0, 0, 3, 3, 0, 0, 0, 0], [0, 0, 0, 0, 0, 3, 0, 0, 0, 0], [0, 0, 0, 0, 0, 0, 0, 0, 0, 0], [0, 0, 0, 0, 0, 0, 0, 0, 0, 0]], "output": [[0, 0, 0, 0, 0, 3, 3, 0, 0, 0], [0, 0, 0, 5, 2, 1, 1, 5, 0, 0], [0, 0, 3, 1, 3, 3, 3, 2, 0, 0], [0, 3, 3, 1, 3, 1, 3, 1, 3, 3], [0, 0, 0, 2, 3, 3, 3, 1, 3, 0], [0, 0, 0, 5, 1, 1, 2, 5, 0, 0], [0, 0, 0, 0, 3, 3, 0, 0, 0, 0], [0, 0, 0, 0, 0, 3, 0, 0, 0, 0], [0, 0, 0, 0, 0, 0, 0, 0, 0, 0], [0, 0, 0, 0, 0, 3, 0, 0, 0, 0]]}, {"input": [[0, 0, 0, 0, 0, 0, 0, 0, 0, 0], [0, 0, 0, 0, 0, 0, 0, 0, 0, 0], [0, 0, 0, 0, 0, 0, 0, 0, 0, 0], [0, 0, 0, 0, 0, 2, 0, 0, 0, 0], [0, 0, 0, 0, 2, 2, 6, 0, 0, 0], [0, 0, 0, 9, 6, 9, 8, 0, 0, 0], [0, 0, 0, 0, 0, 9, 6, 0, 0, 0], [0, 0, 0, 0, 0, 2, 0, 0, 0, 0], [0, 0, 0, 0, 0, 0, 0, 0, 0, 0], [0, 0, 0, 0, 0, 0, 0, 0, 0, 0]], "output": [[0, 0, 0, 0, 0, 0, 0, 0, 0, 0], [0, 0, 0, 0, 0, 0, 0, 0, 0, 0], [0, 0, 6, 8, 6, 0, 0, 0, 0, 0], [0, 2, 2, 9, 9, 2, 0, 0, 0, 0], [6, 9, 2, 6, 2, 2, 6, 0, 0, 0], [8, 9, 6, 9, 6, 9, 8, 0, 0, 0], [6, 2, 2, 6, 2, 9, 6, 0, 0, 0], [0, 2, 9, 9, 2, 2, 0, 0, 0, 0], [0, 0, 6, 8, 6, 0, 0, 0, 0, 0], [0, 0, 0, 0, 0, 0, 0, 0, 0, 0]]}, {"input": [[0, 0, 0, 0, 0, 0, 0, 0, 0, 0], [0, 0, 0, 0, 0, 0, 0, 0, 0, 0], [0, 0, 0, 0, 0, 0, 0, 0, 0, 0], [0, 0, 0, 0, 0, 3, 0, 0, 0, 0], [0, 0, 0, 0, 2, 4, 4, 0, 0, 0], [0, 0, 0, 2, 1, 0, 4, 0, 0, 0], [0, 0, 0, 0, 4, 0, 3, 0, 0, 0], [0, 0, 0, 0, 0, 4, 0, 0, 0, 0], [0, 0, 0, 0, 0, 0, 0, 0, 0, 0], [0, 0, 0, 0, 0, 0, 0, 0, 0, 0]], "output": [[0, 0, 0, 0, 0, 0, 0, 0, 0, 0], [0, 0, 0, 0, 0, 0, 0, 0, 0, 0], [0, 0, 0, 0, 0, 0, 0, 0, 0, 0], [0, 0, 0, 0, 0, 3, 0, 2, 0, 0], [0, 0, 0, 0, 2, 4, 4, 1, 2, 0], [0, 0, 0, 2, 1, 4, 4, 4, 4, 3], [0, 0, 0, 0, 4, 4, 3, 4, 4, 0], [0, 0, 0, 3, 4, 4, 4, 4, 1, 2], [0, 0, 0, 0, 2, 1, 4, 4, 2, 0], [0, 0, 0, 0, 0, 2, 0, 3, 0, 0]]}, {"input": [[0, 0, 0, 0, 0, 0, 0, 0, 0, 0], [0, 0, 0, 0, 0, 0, 0, 0, 0, 0], [0, 0, 0, 0, 0, 0, 0, 0, 0, 0], [0, 0, 0, 0, 0, 4, 0, 0, 0, 0], [0, 0, 0, 0, 0, 4, 6, 0, 0, 0], [0, 0, 0, 5, 5, 4, 5, 5, 0, 0], [0, 0, 0, 0, 9, 5, 4, 0, 0, 0], [0, 0, 0, 0, 0, 4, 0, 0, 0, 0], [0, 0, 0, 0, 0, 0, 0, 0, 0, 0], [0, 0, 0, 0, 0, 0, 0, 0, 0, 0]], "output": [[0, 0, 0, 0, 4, 5, 9, 0, 0, 0], [0, 0, 0, 5, 5, 4, 5, 5, 0, 0], [0, 0, 9, 5, 6, 4, 6, 5, 4, 0], [0, 4, 5, 4, 4, 4, 4, 4, 5, 4], [0, 0, 4, 5, 6, 4, 6, 5, 9, 0], [0, 0, 0, 5, 5, 4, 5, 5, 0, 0], [0, 0, 0, 0, 9, 5, 4, 0, 0, 0], [0, 0, 0, 0, 0, 4, 0, 0, 0, 0], [0, 0, 0, 0, 0, 0, 0, 0, 0, 0], [0, 0, 0, 0, 0, 4, 0, 0, 0, 0]]}, {"input": [[0, 0, 0, 0, 0, 0, 0, 0, 0, 0], [0, 0, 0, 0, 0, 0, 0, 0, 0, 0], [0, 0, 0, 0, 0, 0, 0, 0, 0, 0], [0, 0, 0, 0, 0, 2, 0, 0, 0, 0], [0, 0, 0, 0, 1, 7, 1, 0, 0, 0], [0, 0, 0, 7, 0, 7, 2, 0, 0, 0], [0, 0, 0, 0, 7, 7, 1, 0, 0, 0], [0, 0, 0, 0, 0, 1, 0, 0, 0, 0], [0, 0, 0, 0, 0, 0, 0, 0, 0, 0], [0, 0, 0, 0, 0, 0, 0, 0, 0, 0]], "output": [[0, 0, 0, 0, 1, 7, 7, 0, 0, 0], [0, 0, 0, 7, 2, 7, 0, 7, 0, 0], [0, 0, 7, 0, 1, 7, 1, 2, 1, 0], [0, 1, 7, 7, 7, 2, 7, 7, 7, 1], [0, 0, 1, 2, 1, 7, 1, 0, 7, 0], [0, 0, 0, 7, 0, 7, 2, 7, 0, 0], [0, 0, 0, 0, 7, 7, 1, 0, 0, 0], [0, 0, 0, 0, 0, 1, 0, 0, 0, 0], [0, 0, 0, 0, 0, 0, 0, 0, 0, 0], [0, 0, 0, 0, 0, 1, 0, 0, 0, 0]]}, {"input": [[0, 0, 0, 0, 0, 0, 0, 0, 0, 0], [0, 0, 0, 0, 0, 0, 0, 0, 0, 0], [0, 0, 0, 0, 0, 0, 0, 0, 0, 0], [0, 0, 0, 0, 0, 6, 0, 0, 0, 0], [0, 0, 0, 0, 6, 6, 6, 0, 0, 0], [0, 0, 0, 1, 1, 6, 9, 0, 0, 0], [0, 0, 0, 0, 9, 9, 4, 0, 0, 0], [0, 0, 0, 0, 0, 9, 0, 0, 0, 0], [0, 0, 0, 0, 0, 0, 0, 0, 0, 0], [0, 0, 0, 0, 0, 0, 0, 0, 0, 0]], "output": [[0, 0, 0, 0, 4, 9, 9, 0, 0, 0], [0, 0, 0, 1, 9, 6, 1, 1, 0, 0], [0, 0, 9, 1, 6, 6, 6, 9, 4, 0], [0, 9, 9, 6, 6, 6, 6, 6, 9, 9], [0, 0, 4, 9, 6, 6, 6, 1, 9, 0], [0, 0, 0, 1, 1, 6, 9, 1, 0, 0], [0, 0, 0, 0, 9, 9, 4, 0, 0, 0], [0, 0, 0, 0, 0, 9, 0, 0, 0, 0], [0, 0, 0, 0, 0, 0, 0, 0, 0, 0], [0, 0, 0, 0, 0, 9, 0, 0, 0, 0]]}, {"input": [[0, 0, 0, 0, 0, 0, 0, 0, 0, 0], [0, 0, 0, 0, 0, 0, 0, 0, 0, 0], [0, 0, 0, 0, 0, 0, 0, 0, 0, 0], [0, 0, 0, 0, 0, 5, 0, 0, 0, 0], [0, 0, 0, 0, 5, 7, 6, 0, 0, 0], [0, 0, 0, 5, 0, 5, 5, 6, 0, 0], [0, 0, 0, 0, 5, 0, 6, 0, 0, 0], [0, 0, 0, 0, 0, 7, 0, 0, 0, 0], [0, 0, 0, 0, 0, 0, 0, 0, 0, 0], [0, 0, 0, 0, 0, 0, 0, 0, 0, 0]], "output": [[0, 0, 0, 0, 6, 0, 0, 0, 0, 0], [0, 7, 0, 6, 5, 6, 0, 0, 0, 0], [6, 0, 5, 7, 5, 0, 7, 0, 0, 0], [5, 5, 0, 5, 0, 5, 0, 0, 0, 6], [6, 7, 5, 0, 5, 7, 6, 0, 0, 0], [0, 5, 0, 5, 0, 5, 5, 6, 0, 0], [7, 0, 5, 7, 5, 0, 6, 0, 0, 0], [0, 6, 5, 6, 0, 7, 0, 0, 0, 0], [0, 0, 6, 0, 0, 0, 0, 0, 0, 0], [0, 0, 0, 0, 0, 0, 0, 0, 0, 0]]}, {"input": [[0, 0, 0, 0, 0, 0, 0, 0, 0, 0], [0, 0, 0, 0, 0, 0, 0, 0, 0, 0], [0, 0, 0, 0, 0, 0, 0, 0, 0, 0], [0, 0, 0, 0, 0, 2, 0, 0, 0, 0], [0, 0, 0, 0, 2, 2, 5, 0, 0, 0], [0, 0, 0, 5, 5, 3, 2, 5, 0, 0], [0, 0, 0, 0, 5, 2, 2, 0, 0, 0], [0, 0, 0, 0, 0, 3, 0, 0, 0, 0], [0, 0, 0, 0, 0, 0, 0, 0, 0, 0], [0, 0, 0, 0, 0, 0, 0, 0, 0, 0]], "output": [[0, 0, 2, 2, 5, 0, 5, 0, 0, 0], [0, 5, 2, 3, 5, 5, 2, 2, 0, 0], [0, 0, 5, 2, 2, 2, 3, 2, 3, 0], [0, 5, 5, 2, 0, 2, 5, 5, 0, 0], [3, 2, 3, 2, 2, 2, 5, 0, 0, 0], [0, 2, 2, 5, 5, 3, 2, 5, 0, 0], [0, 0, 5, 0, 5, 2, 2, 0, 0, 0], [0, 0, 0, 0, 0, 3, 0, 0, 0, 0], [0, 0, 0, 0, 0, 0, 0, 0, 0, 0], [0, 0, 0, 3, 0, 0, 0, 0, 0, 0]]}, {"input": [[0, 0, 0, 0, 0, 0, 0, 0, 0, 0], [0, 0, 0, 0, 0, 0, 0, 0, 0, 0], [0, 0, 0, 0, 0, 0, 0, 0, 0, 0], [0, 0, 0, 0, 0, 7, 0, 0, 0, 0], [0, 0, 0, 0, 7, 3, 7, 0, 0, 0], [0, 0, 0, 2, 1, 1, 1, 2, 0, 0], [0, 0, 0, 0, 0, 2, 1, 0, 0, 0], [0, 0, 0, 0, 0, 2, 0, 0, 0, 0], [0, 0, 0, 0, 0, 0, 0, 0, 0, 0], [0, 0, 0, 0, 0, 0, 0, 0, 0, 0]], "output": [[0, 0, 0, 0, 1, 2, 0, 0, 0, 0], [0, 0, 0, 2, 1, 1, 1, 2, 0, 0], [0, 0, 0, 1, 7, 3, 7, 1, 1, 0], [0, 2, 2, 1, 3, 7, 3, 1, 2, 2], [0, 0, 1, 1, 7, 3, 7, 1, 0, 0], [0, 0, 0, 2, 1, 1, 1, 2, 0, 0], [0, 0, 0, 0, 0, 2, 1, 0, 0, 0], [0, 0, 0, 0, 0, 2, 0, 0, 0, 0], [0, 0, 0, 0, 0, 0, 0, 0, 0, 0], [0, 0, 0, 0, 0, 2, 0, 0, 0, 0]]}], "test": [{"input": [[0, 0, 0, 0, 0, 0, 0, 0, 0, 0], [0, 0, 0, 0, 0, 0, 0, 0, 0, 0], [0, 0, 0, 0, 0, 0, 0, 0, 0, 0], [0, 0, 0, 0, 0, 9, 0, 0, 0, 0], [0, 0, 0, 0, 7, 7, 9, 0, 0, 0], [0, 0, 0, 7, 7, 7, 0, 8, 0, 0], [0, 0, 0, 0, 9, 6, 8, 0, 0, 0], [0, 0, 0, 0, 0, 9, 0, 0, 0, 0], [0, 0, 0, 0, 0, 0, 0, 0, 0, 0], [0, 0, 0, 0, 0, 0, 0, 0, 0, 0]], "output": [[0, 0, 0, 0, 8, 0, 0, 0, 0, 0], [0, 9, 0, 9, 0, 8, 0, 0, 0, 0], [8, 6, 9, 7, 7, 6, 9, 0, 0, 0], [0, 7, 7, 7, 7, 9, 0, 0, 0, 8], [9, 7, 7, 0, 7, 7, 9, 0, 0, 0], [0, 9, 7, 7, 7, 7, 0, 8, 0, 0], [9, 6, 7, 7, 9, 6, 8, 0, 0, 0], [0, 8, 0, 9, 0, 9, 0, 0, 0, 0], [0, 0, 8, 0, 0, 0, 0, 0, 0, 0], [0, 0, 0, 0, 0, 0, 0, 0, 0, 0]]}, {"input": [[0, 0, 0, 0, 0, 0, 0, 0, 0, 0], [0, 0, 0, 0, 0, 0, 0, 0, 0, 0], [0, 0, 0, 0, 0, 0, 0, 0, 0, 0], [0, 0, 0, 0, 0, 8, 0, 0, 0, 0], [0, 0, 0, 0, 4, 7, 4, 0, 0, 0], [0, 0, 0, 0, 7, 4, 5, 7, 0, 0], [0, 0, 0, 0, 5, 7, 4, 0, 0, 0], [0, 0, 0, 0, 0, 4, 0, 0, 0, 0], [0, 0, 0, 0, 0, 0, 0, 0, 0, 0], [0, 0, 0, 0, 0, 0, 0, 0, 0, 0]], "output": [[0, 0, 0, 0, 0, 0, 0, 0, 0, 0], [0, 0, 0, 0, 0, 0, 0, 0, 0, 0], [0, 0, 0, 0, 0, 0, 0, 0, 0, 0], [0, 0, 0, 7, 0, 8, 0, 0, 0, 0], [0, 0, 4, 5, 4, 7, 4, 0, 0, 0], [0, 8, 7, 4, 7, 4, 5, 7, 0, 0], [0, 0, 4, 7, 5, 7, 4, 0, 0, 0], [0, 7, 5, 4, 7, 4, 7, 8, 0, 0], [0, 0, 4, 7, 4, 5, 4, 0, 0, 0], [0, 0, 0, 8, 0, 7, 0, 0, 0, 0]]}]}