{"train": [{"input": [[0, 0, 0, 0, 0, 0, 0, 0], [0, 0, 0, 0, 0, 0, 0, 0], [0, 0, 0, 0, 0, 0, 0, 0], [0, 0, 0, 0, 0, 0, 0, 0], [0, 0, 0, 0, 0, 0, 0, 0], [0, 0, 0, 0, 0, 0, 0, 0], [0, 0, 0, 0, 0, 0, 0, 0], [0, 0, 0, 0, 0, 0, 0, 0], [0, 0, 0, 0, 0, 0, 0, 0], [0, 0, 0, 0, 8, 0, 0, 0], [0, 0, 0, 0, 0, 0, 0, 0], [0, 0, 0, 0, 0, 0, 0, 0], [0, 0, 0, 0, 0, 0, 0, 0], [0, 0, 0, 0, 0, 0, 0, 0], [0, 0, 0, 0, 0, 0, 0, 0], [0, 0, 0, 0, 0, 0, 0, 0], [0, 0, 0, 0, 0, 0, 0, 0], [0, 0, 0, 0, 0, 0, 0, 0]], "output": [[0, 0, 0, 0, 0, 0, 0, 0], [0, 0, 0, 0, 0, 0, 0, 0], [0, 0, 0, 0, 0, 0, 0, 0], [0, 0, 0, 0, 0, 0, 0, 0], [0, 0, 0, 0, 0, 0, 0, 0], [0, 0, 0, 0, 0, 0, 0, 0], [0, 8, 8, 8, 8, 8, 8, 8], [0, 8, 1, 1, 1, 1, 1, 8], [0, 8, 1, 8, 8, 8, 1, 8], [0, 8, 1, 8, 0, 8, 1, 8], [0, 8, 1, 8, 8, 8, 1, 8], [0, 8, 1, 1, 1, 1, 1, 8], [0, 8, 8, 8, 8, 8, 8, 8], [0, 0, 0, 0, 0, 0, 0, 0], [0, 0, 0, 0, 0, 0, 0, 0], [0, 0, 0, 0, 0, 0, 0, 0], [0, 0, 0, 0, 0, 0, 0, 0], [0, 0, 0, 0, 0, 0, 0, 0]]}, {"input": [[0, 0, 0, 0, 0, 0, 0, 0, 0, 0], [0, 0, 0, 0, 0, 0, 0, 0, 0, 0], [0, 0, 0, 0, 0, 0, 0, 0, 0, 0], [0, 0, 0, 0, 0, 7, 0, 0, 0, 0], [0, 0, 0, 0, 0, 0, 0, 0, 0, 0], [0, 0, 0, 0, 0, 0, 0, 0, 0, 0], [0, 0, 0, 0, 0, 0, 0, 0, 0, 0]], "output": [[0, 0, 7, 7, 7, 7, 7, 7, 7, 0], [0, 0, 7, 1, 1, 1, 1, 1, 7, 0], [0, 0, 7, 1, 7, 7, 7, 1, 7, 0], [0, 0, 7, 1, 7, 0, 7, 1, 7, 0], [0, 0, 7, 1, 7, 7, 7, 1, 7, 0], [0, 0, 7, 1, 1, 1, 1, 1, 7, 0], [0, 0, 7, 7, 7, 7, 7, 7, 7, 0]]}, {"input": [[0, 0, 0, 0, 0, 0, 0, 0, 0, 0, 0], [0, 0, 0, 0, 0, 0, 0, 0, 0, 0, 0], [0, 0, 0, 0, 0, 0, 0, 0, 0, 0, 0], [0, 0, 0, 0, 0, 5, 0, 0, 0, 0, 0], [0, 0, 0, 0, 0, 0, 0, 0, 0, 0, 0], [0, 0, 0, 0, 0, 0, 0, 0, 0, 0, 0], [0, 0, 0, 0, 0, 0, 0, 0, 0, 0, 0]], "output": [[0, 0, 5, 5, 5, 5, 5, 5, 5, 0, 0], [0, 0, 5, 1, 1, 1, 1, 1, 5, 0, 0], [0, 0, 5, 1, 5, 5, 5, 1, 5, 0, 0], [0, 0, 5, 1, 5, 0, 5, 1, 5, 0, 0], [0, 0, 5, 1, 5, 5, 5, 1, 5, 0, 0], [0, 0, 5, 1, 1, 1, 1, 1, 5, 0, 0], [0, 0, 5, 5, 5, 5, 5, 5, 5, 0, 0]]}, {"input": [[0, 0, 0, 0, 0, 0, 0, 0, 0], [0, 0, 0, 0, 0, 0, 0, 0, 0], [0, 0, 0, 0, 0, 0, 0, 0, 0], [0, 0, 0, 0, 0, 0, 0, 0, 0], [0, 0, 0, 0, 6, 0, 0, 0, 0], [0, 0, 0, 0, 0, 0, 0, 0, 0], [0, 0, 0, 0, 0, 0, 0, 0, 0], [0, 0, 0, 0, 0, 0, 0, 0, 0], [0, 0, 0, 0, 0, 0, 0, 0, 0]], "output": [[1, 1, 1, 1, 1, 1, 1, 1, 1], [1, 6, 6, 6, 6, 6, 6, 6, 1], [1, 6, 1, 1, 1, 1, 1, 6, 1], [1, 6, 1, 6, 6, 6, 1, 6, 1], [1, 6, 1, 6, 0, 6, 1, 6, 1], [1, 6, 1, 6, 6, 6, 1, 6, 1], [1, 6, 1, 1, 1, 1, 1, 6, 1], [1, 6, 6, 6, 6, 6, 6, 6, 1], [1, 1, 1, 1, 1, 1, 1, 1, 1]]}, {"input": [[0, 0, 0, 0, 0, 0, 0, 0, 0, 0, 0, 0, 0, 0, 0, 0, 0, 0, 0], [0, 0, 0, 0, 0, 0, 0, 0, 0, 0, 0, 0, 0, 0, 0, 0, 0, 0, 0], [0, 0, 0, 0, 0, 0, 0, 0, 0, 0, 0, 0, 0, 0, 0, 0, 0, 0, 0], [0, 0, 0, 0, 0, 0, 0, 0, 0, 0, 0, 0, 0, 0, 0, 0, 0, 0, 0], [0, 0, 0, 0, 0, 0, 0, 0, 0, 0, 0, 0, 0, 0, 0, 0, 0, 0, 0], [0, 0, 0, 0, 0, 0, 0, 0, 0, 0, 0, 0, 0, 0, 0, 0, 0, 0, 0], [0, 0, 0, 0, 0, 0, 0, 0, 0, 0, 0, 0, 0, 0, 0, 0, 0, 0, 0], [0, 0, 0, 0, 0, 0, 0, 0, 0, 0, 0, 0, 0, 0, 0, 0, 0, 0, 0], [0, 0, 0, 0, 0, 0, 0, 0, 0, 8, 0, 0, 0, 0, 0, 0, 0, 0, 0], [0, 0, 0, 0, 0, 0, 0, 0, 0, 0, 0, 0, 0, 0, 0, 0, 0, 0, 0], [0, 0, 0, 0, 0, 0, 0, 0, 0, 0, 0, 0, 0, 0, 0, 0, 0, 0, 0], [0, 0, 0, 0, 0, 0, 0, 0, 0, 0, 0, 0, 0, 0, 0, 0, 0, 0, 0], [0, 0, 0, 0, 0, 0, 0, 0, 0, 0, 0, 0, 0, 0, 0, 0, 0, 0, 0], [0, 0, 0, 0, 0, 0, 0, 0, 0, 0, 0, 0, 0, 0, 0, 0, 0, 0, 0], [0, 0, 0, 0, 0, 0, 0, 0, 0, 0, 0, 0, 0, 0, 0, 0, 0, 0, 0], [0, 0, 0, 0, 0, 0, 0, 0, 0, 0, 0, 0, 0, 0, 0, 0, 0, 0, 0]], "output": [[0, 0, 0, 0, 0, 0, 0, 0, 0, 0, 0, 0, 0, 0, 0, 0, 0, 0, 0], [0, 0, 8, 8, 8, 8, 8, 8, 8, 8, 8, 8, 8, 8, 8, 8, 8, 0, 0], [0, 0, 8, 1, 1, 1, 1, 1, 1, 1, 1, 1, 1, 1, 1, 1, 8, 0, 0], [0, 0, 8, 1, 8, 8, 8, 8, 8, 8, 8, 8, 8, 8, 8, 1, 8, 0, 0], [0, 0, 8, 1, 8, 1, 1, 1, 1, 1, 1, 1, 1, 1, 8, 1, 8, 0, 0], [0, 0, 8, 1, 8, 1, 8, 8, 8, 8, 8, 8, 8, 1, 8, 1, 8, 0, 0], [0, 0, 8, 1, 8, 1, 8, 1, 1, 1, 1, 1, 8, 1, 8, 1, 8, 0, 0], [0, 0, 8, 1, 8, 1, 8, 1, 8, 8, 8, 1, 8, 1, 8, 1, 8, 0, 0], [0, 0, 8, 1, 8, 1, 8, 1, 8, 0, 8, 1, 8, 1, 8, 1, 8, 0, 0], [0, 0, 8, 1, 8, 1, 8, 1, 8, 8, 8, 1, 8, 1, 8, 1, 8, 0, 0], [0, 0, 8, 1, 8, 1, 8, 1, 1, 1, 1, 1, 8, 1, 8, 1, 8, 0, 0], [0, 0, 8, 1, 8, 1, 8, 8, 8, 8, 8, 8, 8, 1, 8, 1, 8, 0, 0], [0, 0, 8, 1, 8, 1, 1, 1, 1, 1, 1, 1, 1, 1, 8, 1, 8, 0, 0], [0, 0, 8, 1, 8, 8, 8, 8, 8, 8, 8, 8, 8, 8, 8, 1, 8, 0, 0], [0, 0, 8, 1, 1, 1, 1, 1, 1, 1, 1, 1, 1, 1, 1, 1, 8, 0, 0], [0, 0, 8, 8, 8, 8, 8, 8, 8, 8, 8, 8, 8, 8, 8, 8, 8, 0, 0]]}, {"input": [[0, 0, 0, 0, 0, 0, 0, 0, 0, 0, 0, 0, 0, 0], [0, 0, 0, 0, 0, 0, 0, 0, 0, 0, 0, 0, 0, 0], [0, 0, 0, 0, 0, 0, 0, 0, 0, 0, 0, 0, 0, 0], [0, 0, 0, 0, 0, 0, 0, 0, 0, 0, 0, 0, 0, 0], [0, 0, 0, 0, 0, 0, 0, 0, 0, 0, 0, 0, 0, 0], [0, 0, 0, 0, 0, 0, 0, 0, 0, 0, 0, 0, 0, 0], [0, 0, 0, 0, 0, 0, 0, 0, 0, 0, 0, 0, 0, 0], [0, 0, 0, 0, 0, 0, 0, 0, 0, 0, 0, 0, 0, 0], [0, 0, 0, 0, 0, 0, 0, 0, 0, 0, 0, 0, 0, 0], [0, 0, 0, 0, 0, 0, 0, 6, 0, 0, 0, 0, 0, 0], [0, 0, 0, 0, 0, 0, 0, 0, 0, 0, 0, 0, 0, 0], [0, 0, 0, 0, 0, 0, 0, 0, 0, 0, 0, 0, 0, 0], [0, 0, 0, 0, 0, 0, 0, 0, 0, 0, 0, 0, 0, 0], [0, 0, 0, 0, 0, 0, 0, 0, 0, 0, 0, 0, 0, 0], [0, 0, 0, 0, 0, 0, 0, 0, 0, 0, 0, 0, 0, 0], [0, 0, 0, 0, 0, 0, 0, 0, 0, 0, 0, 0, 0, 0], [0, 0, 0, 0, 0, 0, 0, 0, 0, 0, 0, 0, 0, 0], [0, 0, 0, 0, 0, 0, 0, 0, 0, 0, 0, 0, 0, 0], [0, 0, 0, 0, 0, 0, 0, 0, 0, 0, 0, 0, 0, 0]], "output": [[0, 0, 0, 0, 0, 0, 0, 0, 0, 0, 0, 0, 0, 0], [0, 0, 0, 0, 0, 0, 0, 0, 0, 0, 0, 0, 0, 0], [0, 0, 0, 0, 0, 0, 0, 0, 0, 0, 0, 0, 0, 0], [0, 1, 1, 1, 1, 1, 1, 1, 1, 1, 1, 1, 1, 1], [0, 1, 6, 6, 6, 6, 6, 6, 6, 6, 6, 6, 6, 1], [0, 1, 6, 1, 1, 1, 1, 1, 1, 1, 1, 1, 6, 1], [0, 1, 6, 1, 6, 6, 6, 6, 6, 6, 6, 1, 6, 1], [0, 1, 6, 1, 6, 1, 1, 1, 1, 1, 6, 1, 6, 1], [0, 1, 6, 1, 6, 1, 6, 6, 6, 1, 6, 1, 6, 1], [0, 1, 6, 1, 6, 1, 6, 0, 6, 1, 6, 1, 6, 1], [0, 1, 6, 1, 6, 1, 6, 6, 6, 1, 6, 1, 6, 1], [0, 1, 6, 1, 6, 1, 1, 1, 1, 1, 6, 1, 6, 1], [0, 1, 6, 1, 6, 6, 6, 6, 6, 6, 6, 1, 6, 1], [0, 1, 6, 1, 1, 1, 1, 1, 1, 1, 1, 1, 6, 1], [0, 1, 6, 6, 6, 6, 6, 6, 6, 6, 6, 6, 6, 1], [0, 1, 1, 1, 1, 1, 1, 1, 1, 1, 1, 1, 1, 1], [0, 0, 0, 0, 0, 0, 0, 0, 0, 0, 0, 0, 0, 0], [0, 0, 0, 0, 0, 0, 0, 0, 0, 0, 0, 0, 0, 0], [0, 0, 0, 0, 0, 0, 0, 0, 0, 0, 0, 0, 0, 0]]}, {"input": [[0, 0, 0, 0, 0, 0, 0, 0, 0, 0, 0], [0, 0, 0, 0, 0, 0, 0, 0, 0, 0, 0], [0, 0, 0, 0, 0, 0, 0, 0, 0, 0, 0], [0, 0, 0, 0, 0, 9, 0, 0, 0, 0, 0], [0, 0, 0, 0, 0, 0, 0, 0, 0, 0, 0], [0, 0, 0, 0, 0, 0, 0, 0, 0, 0, 0]], "output": [[0, 0, 0, 0, 0, 0, 0, 0, 0, 0, 0], [0, 0, 0, 1, 1, 1, 1, 1, 0, 0, 0], [0, 0, 0, 1, 9, 9, 9, 1, 0, 0, 0], [0, 0, 0, 1, 9, 0, 9, 1, 0, 0, 0], [0, 0, 0, 1, 9, 9, 9, 1, 0, 0, 0], [0, 0, 0, 1, 1, 1, 1, 1, 0, 0, 0]]}, {"input": [[0, 0, 0, 0, 0, 0, 0, 0, 0, 0, 0, 0, 0], [0, 0, 0, 0, 0, 0, 0, 0, 0, 0, 0, 0, 0], [0, 0, 0, 0, 0, 0, 0, 0, 0, 0, 0, 0, 0], [0, 0, 0, 0, 0, 0, 0, 0, 0, 0, 0, 0, 0], [0, 0, 0, 0, 0, 0, 0, 0, 0, 0, 0, 0, 0], [0, 0, 0, 0, 0, 0, 0, 0, 0, 0, 0, 0, 0], [0, 0, 0, 0, 0, 0, 8, 0, 0, 0, 0, 0, 0], [0, 0, 0, 0, 0, 0, 0, 0, 0, 0, 0, 0, 0], [0, 0, 0, 0, 0, 0, 0, 0, 0, 0, 0, 0, 0], [0, 0, 0, 0, 0, 0, 0, 0, 0, 0, 0, 0, 0], [0, 0, 0, 0, 0, 0, 0, 0, 0, 0, 0, 0, 0], [0, 0, 0, 0, 0, 0, 0, 0, 0, 0, 0, 0, 0], [0, 0, 0, 0, 0, 0, 0, 0, 0, 0, 0, 0, 0]], "output": [[1, 1, 1, 1, 1, 1, 1, 1, 1, 1, 1, 1, 1], [1, 8, 8, 8, 8, 8, 8, 8, 8, 8, 8, 8, 1], [1, 8, 1, 1, 1, 1, 1, 1, 1, 1, 1, 8, 1], [1, 8, 1, 8, 8, 8, 8, 8, 8, 8, 1, 8, 1], [1, 8, 1, 8, 1, 1, 1, 1, 1, 8, 1, 8, 1], [1, 8, 1, 8, 1, 8, 8, 8, 1, 8, 1, 8, 1], [1, 8, 1, 8, 1, 8, 0, 8, 1, 8, 1, 8, 1], [1, 8, 1, 8, 1, 8, 8, 8, 1, 8, 1, 8, 1], [1, 8, 1, 8, 1, 1, 1, 1, 1, 8, 1, 8, 1], [1, 8, 1, 8, 8, 8, 8, 8, 8, 8, 1, 8, 1], [1, 8, 1, 1, 1, 1, 1, 1, 1, 1, 1, 8, 1], [1, 8, 8, 8, 8, 8, 8, 8, 8, 8, 8, 8, 1], [1, 1, 1, 1, 1, 1, 1, 1, 1, 1, 1, 1, 1]]}, {"input": [[0, 0, 0, 0, 0, 0, 0, 0, 0, 0, 0, 0, 0, 0, 0, 0], [0, 0, 0, 0, 0, 0, 0, 0, 0, 0, 0, 0, 0, 0, 0, 0], [0, 0, 0, 0, 0, 0, 0, 0, 0, 0, 0, 0, 0, 0, 0, 0], [0, 0, 0, 0, 0, 0, 0, 0, 0, 0, 0, 0, 0, 0, 0, 0], [0, 0, 0, 0, 0, 0, 0, 0, 0, 0, 0, 0, 0, 0, 0, 0], [0, 0, 0, 0, 0, 0, 0, 0, 3, 0, 0, 0, 0, 0, 0, 0], [0, 0, 0, 0, 0, 0, 0, 0, 0, 0, 0, 0, 0, 0, 0, 0], [0, 0, 0, 0, 0, 0, 0, 0, 0, 0, 0, 0, 0, 0, 0, 0], [0, 0, 0, 0, 0, 0, 0, 0, 0, 0, 0, 0, 0, 0, 0, 0], [0, 0, 0, 0, 0, 0, 0, 0, 0, 0, 0, 0, 0, 0, 0, 0]], "output": [[0, 0, 0, 0, 0, 0, 0, 0, 0, 0, 0, 0, 0, 0, 0, 0], [0, 0, 0, 0, 1, 1, 1, 1, 1, 1, 1, 1, 1, 0, 0, 0], [0, 0, 0, 0, 1, 3, 3, 3, 3, 3, 3, 3, 1, 0, 0, 0], [0, 0, 0, 0, 1, 3, 1, 1, 1, 1, 1, 3, 1, 0, 0, 0], [0, 0, 0, 0, 1, 3, 1, 3, 3, 3, 1, 3, 1, 0, 0, 0], [0, 0, 0, 0, 1, 3, 1, 3, 0, 3, 1, 3, 1, 0, 0, 0], [0, 0, 0, 0, 1, 3, 1, 3, 3, 3, 1, 3, 1, 0, 0, 0], [0, 0, 0, 0, 1, 3, 1, 1, 1, 1, 1, 3, 1, 0, 0, 0], [0, 0, 0, 0, 1, 3, 3, 3, 3, 3, 3, 3, 1, 0, 0, 0], [0, 0, 0, 0, 1, 1, 1, 1, 1, 1, 1, 1, 1, 0, 0, 0]]}, {"input": [[0, 0, 0, 0, 0, 0], [0, 0, 0, 0, 0, 0], [0, 0, 0, 0, 0, 0], [0, 0, 0, 0, 0, 0], [0, 0, 0, 8, 0, 0], [0, 0, 0, 0, 0, 0], [0, 0, 0, 0, 0, 0], [0, 0, 0, 0, 0, 0], [0, 0, 0, 0, 0, 0]], "output": [[0, 0, 0, 0, 0, 0], [0, 0, 0, 0, 0, 0], [0, 1, 1, 1, 1, 1], [0, 1, 8, 8, 8, 1], [0, 1, 8, 0, 8, 1], [0, 1, 8, 8, 8, 1], [0, 1, 1, 1, 1, 1], [0, 0, 0, 0, 0, 0], [0, 0, 0, 0, 0, 0]]}, {"input": [[0, 0, 0, 0, 0, 0, 0, 0, 0, 0, 0, 0, 0, 0, 0, 0, 0, 0], [0, 0, 0, 0, 0, 0, 0, 0, 0, 0, 0, 0, 0, 0, 0, 0, 0, 0], [0, 0, 0, 0, 0, 0, 0, 0, 0, 0, 0, 0, 0, 0, 0, 0, 0, 0], [0, 0, 0, 0, 0, 0, 0, 0, 0, 0, 0, 0, 0, 0, 0, 0, 0, 0], [0, 0, 0, 0, 0, 0, 0, 0, 0, 0, 0, 0, 0, 0, 0, 0, 0, 0], [0, 0, 0, 0, 0, 0, 0, 0, 0, 0, 0, 0, 0, 0, 0, 0, 0, 0], [0, 0, 0, 0, 0, 0, 0, 0, 0, 0, 0, 0, 0, 0, 0, 0, 0, 0], [0, 0, 0, 0, 0, 0, 0, 0, 0, 2, 0, 0, 0, 0, 0, 0, 0, 0], [0, 0, 0, 0, 0, 0, 0, 0, 0, 0, 0, 0, 0, 0, 0, 0, 0, 0], [0, 0, 0, 0, 0, 0, 0, 0, 0, 0, 0, 0, 0, 0, 0, 0, 0, 0], [0, 0, 0, 0, 0, 0, 0, 0, 0, 0, 0, 0, 0, 0, 0, 0, 0, 0], [0, 0, 0, 0, 0, 0, 0, 0, 0, 0, 0, 0, 0, 0, 0, 0, 0, 0], [0, 0, 0, 0, 0, 0, 0, 0, 0, 0, 0, 0, 0, 0, 0, 0, 0, 0], [0, 0, 0, 0, 0, 0, 0, 0, 0, 0, 0, 0, 0, 0, 0, 0, 0, 0]], "output": [[0, 0, 0, 0, 0, 0, 0, 0, 0, 0, 0, 0, 0, 0, 0, 0, 0, 0], [0, 0, 0, 1, 1, 1, 1, 1, 1, 1, 1, 1, 1, 1, 1, 1, 0, 0], [0, 0, 0, 1, 2, 2, 2, 2, 2, 2, 2, 2, 2, 2, 2, 1, 0, 0], [0, 0, 0, 1, 2, 1, 1, 1, 1, 1, 1, 1, 1, 1, 2, 1, 0, 0], [0, 0, 0, 1, 2, 1, 2, 2, 2, 2, 2, 2, 2, 1, 2, 1, 0, 0], [0, 0, 0, 1, 2, 1, 2, 1, 1, 1, 1, 1, 2, 1, 2, 1, 0, 0], [0, 0, 0, 1, 2, 1, 2, 1, 2, 2, 2, 1, 2, 1, 2, 1, 0, 0], [0, 0, 0, 1, 2, 1, 2, 1, 2, 0, 2, 1, 2, 1, 2, 1, 0, 0], [0, 0, 0, 1, 2, 1, 2, 1, 2, 2, 2, 1, 2, 1, 2, 1, 0, 0], [0, 0, 0, 1, 2, 1, 2, 1, 1, 1, 1, 1, 2, 1, 2, 1, 0, 0], [0, 0, 0, 1, 2, 1, 2, 2, 2, 2, 2, 2, 2, 1, 2, 1, 0, 0], [0, 0, 0, 1, 2, 1, 1, 1, 1, 1, 1, 1, 1, 1, 2, 1, 0, 0], [0, 0, 0, 1, 2, 2, 2, 2, 2, 2, 2, 2, 2, 2, 2, 1, 0, 0], [0, 0, 0, 1, 1, 1, 1, 1, 1, 1, 1, 1, 1, 1, 1, 1, 0, 0]]}, {"input": [[0, 0, 0, 0, 0, 0, 0, 0, 0, 0, 0, 0, 0, 0], [0, 0, 0, 0, 0, 0, 0, 0, 0, 0, 0, 0, 0, 0], [0, 0, 0, 0, 0, 0, 0, 0, 0, 0, 0, 0, 0, 0], [0, 0, 0, 0, 0, 0, 0, 8, 0, 0, 0, 0, 0, 0], [0, 0, 0, 0, 0, 0, 0, 0, 0, 0, 0, 0, 0, 0], [0, 0, 0, 0, 0, 0, 0, 0, 0, 0, 0, 0, 0, 0]], "output": [[0, 0, 0, 0, 0, 0, 0, 0, 0, 0, 0, 0, 0, 0], [0, 0, 0, 0, 0, 1, 1, 1, 1, 1, 0, 0, 0, 0], [0, 0, 0, 0, 0, 1, 8, 8, 8, 1, 0, 0, 0, 0], [0, 0, 0, 0, 0, 1, 8, 0, 8, 1, 0, 0, 0, 0], [0, 0, 0, 0, 0, 1, 8, 8, 8, 1, 0, 0, 0, 0], [0, 0, 0, 0, 0, 1, 1, 1, 1, 1, 0, 0, 0, 0]]}, {"input": [[0, 0, 0, 0, 0, 0, 0, 0, 0, 0, 0, 0, 0, 0, 0], [0, 0, 0, 0, 0, 0, 0, 0, 0, 0, 0, 0, 0, 0, 0], [0, 0, 0, 0, 0, 0, 0, 3, 0, 0, 0, 0, 0, 0, 0], [0, 0, 0, 0, 0, 0, 0, 0, 0, 0, 0, 0, 0, 0, 0], [0, 0, 0, 0, 0, 0, 0, 0, 0, 0, 0, 0, 0, 0, 0]], "output": [[0, 0, 0, 0, 0, 1, 1, 1, 1, 1, 0, 0, 0, 0, 0], [0, 0, 0, 0, 0, 1, 3, 3, 3, 1, 0, 0, 0, 0, 0], [0, 0, 0, 0, 0, 1, 3, 0, 3, 1, 0, 0, 0, 0, 0], [0, 0, 0, 0, 0, 1, 3, 3, 3, 1, 0, 0, 0, 0, 0], [0, 0, 0, 0, 0, 1, 1, 1, 1, 1, 0, 0, 0, 0, 0]]}, {"input": [[0, 0, 0, 0, 0, 0], [0, 0, 0, 0, 0, 0], [0, 0, 0, 0, 0, 0], [0, 0, 0, 0, 0, 0], [0, 0, 0, 0, 0, 0], [0, 0, 0, 0, 0, 0], [0, 0, 0, 0, 0, 0], [0, 0, 0, 4, 0, 0], [0, 0, 0, 0, 0, 0], [0, 0, 0, 0, 0, 0], [0, 0, 0, 0, 0, 0], [0, 0, 0, 0, 0, 0], [0, 0, 0, 0, 0, 0], [0, 0, 0, 0, 0, 0]], "output": [[0, 0, 0, 0, 0, 0], [0, 0, 0, 0, 0, 0], [0, 0, 0, 0, 0, 0], [0, 0, 0, 0, 0, 0], [0, 0, 0, 0, 0, 0], [0, 1, 1, 1, 1, 1], [0, 1, 4, 4, 4, 1], [0, 1, 4, 0, 4, 1], [0, 1, 4, 4, 4, 1], [0, 1, 1, 1, 1, 1], [0, 0, 0, 0, 0, 0], [0, 0, 0, 0, 0, 0], [0, 0, 0, 0, 0, 0], [0, 0, 0, 0, 0, 0]]}, {"input": [[0, 0, 0, 0, 0, 0], [0, 0, 0, 0, 0, 0], [0, 0, 0, 0, 0, 0], [0, 0, 0, 0, 0, 0], [0, 0, 0, 0, 0, 0], [0, 0, 0, 0, 0, 0], [0, 0, 0, 0, 0, 0], [0, 0, 0, 0, 0, 0], [0, 0, 0, 9, 0, 0], [0, 0, 0, 0, 0, 0], [0, 0, 0, 0, 0, 0], [0, 0, 0, 0, 0, 0], [0, 0, 0, 0, 0, 0], [0, 0, 0, 0, 0, 0], [0, 0, 0, 0, 0, 0], [0, 0, 0, 0, 0, 0], [0, 0, 0, 0, 0, 0]], "output": [[0, 0, 0, 0, 0, 0], [0, 0, 0, 0, 0, 0], [0, 0, 0, 0, 0, 0], [0, 0, 0, 0, 0, 0], [0, 0, 0, 0, 0, 0], [0, 0, 0, 0, 0, 0], [0, 1, 1, 1, 1, 1], [0, 1, 9, 9, 9, 1], [0, 1, 9, 0, 9, 1], [0, 1, 9, 9, 9, 1], [0, 1, 1, 1, 1, 1], [0, 0, 0, 0, 0, 0], [0, 0, 0, 0, 0, 0], [0, 0, 0, 0, 0, 0], [0, 0, 0, 0, 0, 0], [0, 0, 0, 0, 0, 0], [0, 0, 0, 0, 0, 0]]}, {"input": [[0, 0, 0, 0, 0, 0, 0, 0, 0, 0, 0, 0, 0, 0, 0, 0, 0], [0, 0, 0, 0, 0, 0, 0, 0, 0, 0, 0, 0, 0, 0, 0, 0, 0], [0, 0, 0, 0, 0, 0, 0, 0, 0, 0, 0, 0, 0, 0, 0, 0, 0], [0, 0, 0, 0, 0, 0, 0, 0, 0, 0, 0, 0, 0, 0, 0, 0, 0], [0, 0, 0, 0, 0, 0, 0, 0, 0, 0, 0, 0, 0, 0, 0, 0, 0], [0, 0, 0, 0, 0, 0, 0, 0, 0, 0, 0, 0, 0, 0, 0, 0, 0], [0, 0, 0, 0, 0, 0, 0, 0, 2, 0, 0, 0, 0, 0, 0, 0, 0], [0, 0, 0, 0, 0, 0, 0, 0, 0, 0, 0, 0, 0, 0, 0, 0, 0], [0, 0, 0, 0, 0, 0, 0, 0, 0, 0, 0, 0, 0, 0, 0, 0, 0], [0, 0, 0, 0, 0, 0, 0, 0, 0, 0, 0, 0, 0, 0, 0, 0, 0], [0, 0, 0, 0, 0, 0, 0, 0, 0, 0, 0, 0, 0, 0, 0, 0, 0], [0, 0, 0, 0, 0, 0, 0, 0, 0, 0, 0, 0, 0, 0, 0, 0, 0]], "output": [[0, 0, 0, 0, 0, 0, 0, 0, 0, 0, 0, 0, 0, 0, 0, 0, 0], [0, 0, 0, 2, 2, 2, 2, 2, 2, 2, 2, 2, 2, 2, 0, 0, 0], [0, 0, 0, 2, 1, 1, 1, 1, 1, 1, 1, 1, 1, 2, 0, 0, 0], [0, 0, 0, 2, 1, 2, 2, 2, 2, 2, 2, 2, 1, 2, 0, 0, 0], [0, 0, 0, 2, 1, 2, 1, 1, 1, 1, 1, 2, 1, 2, 0, 0, 0], [0, 0, 0, 2, 1, 2, 1, 2, 2, 2, 1, 2, 1, 2, 0, 0, 0], [0, 0, 0, 2, 1, 2, 1, 2, 0, 2, 1, 2, 1, 2, 0, 0, 0], [0, 0, 0, 2, 1, 2, 1, 2, 2, 2, 1, 2, 1, 2, 0, 0, 0], [0, 0, 0, 2, 1, 2, 1, 1, 1, 1, 1, 2, 1, 2, 0, 0, 0], [0, 0, 0, 2, 1, 2, 2, 2, 2, 2, 2, 2, 1, 2, 0, 0, 0], [0, 0, 0, 2, 1, 1, 1, 1, 1, 1, 1, 1, 1, 2, 0, 0, 0], [0, 0, 0, 2, 2, 2, 2, 2, 2, 2, 2, 2, 2, 2, 0, 0, 0]]}, {"input": [[0, 0, 0, 0, 0, 0, 0], [0, 0, 0, 0, 0, 0, 0], [0, 0, 0, 7, 0, 0, 0], [0, 0, 0, 0, 0, 0, 0], [0, 0, 0, 0, 0, 0, 0]], "output": [[0, 1, 1, 1, 1, 1, 0], [0, 1, 7, 7, 7, 1, 0], [0, 1, 7, 0, 7, 1, 0], [0, 1, 7, 7, 7, 1, 0], [0, 1, 1, 1, 1, 1, 0]]}, {"input": [[0, 0, 0, 0, 0], [0, 0, 0, 0, 0], [0, 0, 0, 0, 0], [0, 0, 0, 0, 0], [0, 0, 0, 0, 0], [0, 0, 0, 0, 0], [0, 0, 0, 0, 0], [0, 0, 7, 0, 0], [0, 0, 0, 0, 0], [0, 0, 0, 0, 0], [0, 0, 0, 0, 0], [0, 0, 0, 0, 0], [0, 0, 0, 0, 0], [0, 0, 0, 0, 0]], "output": [[0, 0, 0, 0, 0], [0, 0, 0, 0, 0], [0, 0, 0, 0, 0], [0, 0, 0, 0, 0], [0, 0, 0, 0, 0], [1, 1, 1, 1, 1], [1, 7, 7, 7, 1], [1, 7, 0, 7, 1], [1, 7, 7, 7, 1], [1, 1, 1, 1, 1], [0, 0, 0, 0, 0], [0, 0, 0, 0, 0], [0, 0, 0, 0, 0], [0, 0, 0, 0, 0]]}, {"input": [[0, 0, 0, 0, 0, 0, 0, 0, 0, 0, 0, 0], [0, 0, 0, 0, 0, 0, 0, 0, 0, 0, 0, 0], [0, 0, 0, 0, 0, 0, 0, 0, 0, 0, 0, 0], [0, 0, 0, 0, 0, 0, 0, 0, 0, 0, 0, 0], [0, 0, 0, 0, 0, 0, 0, 0, 0, 0, 0, 0], [0, 0, 0, 0, 0, 0, 0, 0, 0, 0, 0, 0], [0, 0, 0, 0, 0, 0, 0, 0, 0, 0, 0, 0], [0, 0, 0, 0, 0, 0, 0, 0, 0, 0, 0, 0], [0, 0, 0, 0, 0, 0, 0, 0, 0, 0, 0, 0], [0, 0, 0, 0, 0, 0, 6, 0, 0, 0, 0, 0], [0, 0, 0, 0, 0, 0, 0, 0, 0, 0, 0, 0], [0, 0, 0, 0, 0, 0, 0, 0, 0, 0, 0, 0], [0, 0, 0, 0, 0, 0, 0, 0, 0, 0, 0, 0], [0, 0, 0, 0, 0, 0, 0, 0, 0, 0, 0, 0], [0, 0, 0, 0, 0, 0, 0, 0, 0, 0, 0, 0], [0, 0, 0, 0, 0, 0, 0, 0, 0, 0, 0, 0], [0, 0, 0, 0, 0, 0, 0, 0, 0, 0, 0, 0], [0, 0, 0, 0, 0, 0, 0, 0, 0, 0, 0, 0]], "output": [[0, 0, 0, 0, 0, 0, 0, 0, 0, 0, 0, 0], [0, 0, 0, 0, 0, 0, 0, 0, 0, 0, 0, 0], [0, 0, 0, 0, 0, 0, 0, 0, 0, 0, 0, 0], [0, 0, 0, 0, 0, 0, 0, 0, 0, 0, 0, 0], [0, 6, 6, 6, 6, 6, 6, 6, 6, 6, 6, 6], [0, 6, 1, 1, 1, 1, 1, 1, 1, 1, 1, 6], [0, 6, 1, 6, 6, 6, 6, 6, 6, 6, 1, 6], [0, 6, 1, 6, 1, 1, 1, 1, 1, 6, 1, 6], [0, 6, 1, 6, 1, 6, 6, 6, 1, 6, 1, 6], [0, 6, 1, 6, 1, 6, 0, 6, 1, 6, 1, 6], [0, 6, 1, 6, 1, 6, 6, 6, 1, 6, 1, 6], [0, 6, 1, 6, 1, 1, 1, 1, 1, 6, 1, 6], [0, 6, 1, 6, 6, 6, 6, 6, 6, 6, 1, 6], [0, 6, 1, 1, 1, 1, 1, 1, 1, 1, 1, 6], [0, 6, 6, 6, 6, 6, 6, 6, 6, 6, 6, 6], [0, 0, 0, 0, 0, 0, 0, 0, 0, 0, 0, 0], [0, 0, 0, 0, 0, 0, 0, 0, 0, 0, 0, 0], [0, 0, 0, 0, 0, 0, 0, 0, 0, 0, 0, 0]]}, {"input": [[0, 0, 0, 0, 0, 0, 0], [0, 0, 0, 0, 0, 0, 0], [0, 0, 0, 0, 0, 0, 0], [0, 0, 0, 0, 0, 0, 0], [0, 0, 0, 0, 0, 0, 0], [0, 0, 0, 0, 0, 0, 0], [0, 0, 0, 0, 0, 0, 0], [0, 0, 0, 7, 0, 0, 0], [0, 0, 0, 0, 0, 0, 0], [0, 0, 0, 0, 0, 0, 0], [0, 0, 0, 0, 0, 0, 0], [0, 0, 0, 0, 0, 0, 0], [0, 0, 0, 0, 0, 0, 0], [0, 0, 0, 0, 0, 0, 0], [0, 0, 0, 0, 0, 0, 0]], "output": [[0, 0, 0, 0, 0, 0, 0], [0, 0, 0, 0, 0, 0, 0], [0, 0, 0, 0, 0, 0, 0], [0, 0, 0, 0, 0, 0, 0], [7, 7, 7, 7, 7, 7, 7], [7, 1, 1, 1, 1, 1, 7], [7, 1, 7, 7, 7, 1, 7], [7, 1, 7, 0, 7, 1, 7], [7, 1, 7, 7, 7, 1, 7], [7, 1, 1, 1, 1, 1, 7], [7, 7, 7, 7, 7, 7, 7], [0, 0, 0, 0, 0, 0, 0], [0, 0, 0, 0, 0, 0, 0], [0, 0, 0, 0, 0, 0, 0], [0, 0, 0, 0, 0, 0, 0]]}, {"input": [[0, 0, 0, 0, 0, 0, 0, 0, 0, 0, 0, 0, 0, 0, 0, 0, 0, 0], [0, 0, 0, 0, 0, 0, 0, 0, 0, 0, 0, 0, 0, 0, 0, 0, 0, 0], [0, 0, 0, 0, 0, 0, 0, 0, 0, 0, 0, 0, 0, 0, 0, 0, 0, 0], [0, 0, 0, 0, 0, 0, 0, 0, 0, 0, 0, 0, 0, 0, 0, 0, 0, 0], [0, 0, 0, 0, 0, 0, 0, 0, 0, 0, 0, 0, 0, 0, 0, 0, 0, 0], [0, 0, 0, 0, 0, 0, 0, 0, 0, 7, 0, 0, 0, 0, 0, 0, 0, 0], [0, 0, 0, 0, 0, 0, 0, 0, 0, 0, 0, 0, 0, 0, 0, 0, 0, 0], [0, 0, 0, 0, 0, 0, 0, 0, 0, 0, 0, 0, 0, 0, 0, 0, 0, 0], [0, 0, 0, 0, 0, 0, 0, 0, 0, 0, 0, 0, 0, 0, 0, 0, 0, 0], [0, 0, 0, 0, 0, 0, 0, 0, 0, 0, 0, 0, 0, 0, 0, 0, 0, 0], [0, 0, 0, 0, 0, 0, 0, 0, 0, 0, 0, 0, 0, 0, 0, 0, 0, 0]], "output": [[0, 0, 0, 0, 7, 7, 7, 7, 7, 7, 7, 7, 7, 7, 7, 0, 0, 0], [0, 0, 0, 0, 7, 1, 1, 1, 1, 1, 1, 1, 1, 1, 7, 0, 0, 0], [0, 0, 0, 0, 7, 1, 7, 7, 7, 7, 7, 7, 7, 1, 7, 0, 0, 0], [0, 0, 0, 0, 7, 1, 7, 1, 1, 1, 1, 1, 7, 1, 7, 0, 0, 0], [0, 0, 0, 0, 7, 1, 7, 1, 7, 7, 7, 1, 7, 1, 7, 0, 0, 0], [0, 0, 0, 0, 7, 1, 7, 1, 7, 0, 7, 1, 7, 1, 7, 0, 0, 0], [0, 0, 0, 0, 7, 1, 7, 1, 7, 7, 7, 1, 7, 1, 7, 0, 0, 0], [0, 0, 0, 0, 7, 1, 7, 1, 1, 1, 1, 1, 7, 1, 7, 0, 0, 0], [0, 0, 0, 0, 7, 1, 7, 7, 7, 7, 7, 7, 7, 1, 7, 0, 0, 0], [0, 0, 0, 0, 7, 1, 1, 1, 1, 1, 1, 1, 1, 1, 7, 0, 0, 0], [0, 0, 0, 0, 7, 7, 7, 7, 7, 7, 7, 7, 7, 7, 7, 0, 0, 0]]}, {"input": [[0, 0, 0, 0, 0, 0, 0, 0, 0, 0, 0, 0, 0, 0, 0, 0], [0, 0, 0, 0, 0, 0, 0, 0, 0, 0, 0, 0, 0, 0, 0, 0], [0, 0, 0, 0, 0, 0, 0, 0, 0, 0, 0, 0, 0, 0, 0, 0], [0, 0, 0, 0, 0, 0, 0, 0, 0, 0, 0, 0, 0, 0, 0, 0], [0, 0, 0, 0, 0, 0, 0, 0, 0, 0, 0, 0, 0, 0, 0, 0], [0, 0, 0, 0, 0, 0, 0, 0, 0, 0, 0, 0, 0, 0, 0, 0], [0, 0, 0, 0, 0, 0, 0, 0, 0, 0, 0, 0, 0, 0, 0, 0], [0, 0, 0, 0, 0, 0, 0, 0, 0, 0, 0, 0, 0, 0, 0, 0], [0, 0, 0, 0, 0, 0, 0, 0, 0, 0, 0, 0, 0, 0, 0, 0], [0, 0, 0, 0, 0, 0, 0, 0, 7, 0, 0, 0, 0, 0, 0, 0], [0, 0, 0, 0, 0, 0, 0, 0, 0, 0, 0, 0, 0, 0, 0, 0], [0, 0, 0, 0, 0, 0, 0, 0, 0, 0, 0, 0, 0, 0, 0, 0], [0, 0, 0, 0, 0, 0, 0, 0, 0, 0, 0, 0, 0, 0, 0, 0], [0, 0, 0, 0, 0, 0, 0, 0, 0, 0, 0, 0, 0, 0, 0, 0], [0, 0, 0, 0, 0, 0, 0, 0, 0, 0, 0, 0, 0, 0, 0, 0], [0, 0, 0, 0, 0, 0, 0, 0, 0, 0, 0, 0, 0, 0, 0, 0], [0, 0, 0, 0, 0, 0, 0, 0, 0, 0, 0, 0, 0, 0, 0, 0], [0, 0, 0, 0, 0, 0, 0, 0, 0, 0, 0, 0, 0, 0, 0, 0], [0, 0, 0, 0, 0, 0, 0, 0, 0, 0, 0, 0, 0, 0, 0, 0]], "output": [[0, 0, 0, 0, 0, 0, 0, 0, 0, 0, 0, 0, 0, 0, 0, 0], [0, 0, 0, 0, 0, 0, 0, 0, 0, 0, 0, 0, 0, 0, 0, 0], [0, 7, 7, 7, 7, 7, 7, 7, 7, 7, 7, 7, 7, 7, 7, 7], [0, 7, 1, 1, 1, 1, 1, 1, 1, 1, 1, 1, 1, 1, 1, 7], [0, 7, 1, 7, 7, 7, 7, 7, 7, 7, 7, 7, 7, 7, 1, 7], [0, 7, 1, 7, 1, 1, 1, 1, 1, 1, 1, 1, 1, 7, 1, 7], [0, 7, 1, 7, 1, 7, 7, 7, 7, 7, 7, 7, 1, 7, 1, 7], [0, 7, 1, 7, 1, 7, 1, 1, 1, 1, 1, 7, 1, 7, 1, 7], [0, 7, 1, 7, 1, 7, 1, 7, 7, 7, 1, 7, 1, 7, 1, 7], [0, 7, 1, 7, 1, 7, 1, 7, 0, 7, 1, 7, 1, 7, 1, 7], [0, 7, 1, 7, 1, 7, 1, 7, 7, 7, 1, 7, 1, 7, 1, 7], [0, 7, 1, 7, 1, 7, 1, 1, 1, 1, 1, 7, 1, 7, 1, 7], [0, 7, 1, 7, 1, 7, 7, 7, 7, 7, 7, 7, 1, 7, 1, 7], [0, 7, 1, 7, 1, 1, 1, 1, 1, 1, 1, 1, 1, 7, 1, 7], [0, 7, 1, 7, 7, 7, 7, 7, 7, 7, 7, 7, 7, 7, 1, 7], [0, 7, 1, 1, 1, 1, 1, 1, 1, 1, 1, 1, 1, 1, 1, 7], [0, 7, 7, 7, 7, 7, 7, 7, 7, 7, 7, 7, 7, 7, 7, 7], [0, 0, 0, 0, 0, 0, 0, 0, 0, 0, 0, 0, 0, 0, 0, 0], [0, 0, 0, 0, 0, 0, 0, 0, 0, 0, 0, 0, 0, 0, 0, 0]]}, {"input": [[0, 0, 0, 0, 0, 0, 0], [0, 0, 0, 0, 0, 0, 0], [0, 0, 0, 0, 0, 0, 0], [0, 0, 0, 5, 0, 0, 0], [0, 0, 0, 0, 0, 0, 0], [0, 0, 0, 0, 0, 0, 0], [0, 0, 0, 0, 0, 0, 0]], "output": [[5, 5, 5, 5, 5, 5, 5], [5, 1, 1, 1, 1, 1, 5], [5, 1, 5, 5, 5, 1, 5], [5, 1, 5, 0, 5, 1, 5], [5, 1, 5, 5, 5, 1, 5], [5, 1, 1, 1, 1, 1, 5], [5, 5, 5, 5, 5, 5, 5]]}, {"input": [[0, 0, 0, 0, 0, 0, 0, 0], [0, 0, 0, 0, 0, 0, 0, 0], [0, 0, 0, 0, 0, 0, 0, 0], [0, 0, 0, 0, 0, 0, 0, 0], [0, 0, 0, 0, 0, 0, 0, 0], [0, 0, 0, 0, 8, 0, 0, 0], [0, 0, 0, 0, 0, 0, 0, 0], [0, 0, 0, 0, 0, 0, 0, 0], [0, 0, 0, 0, 0, 0, 0, 0], [0, 0, 0, 0, 0, 0, 0, 0]], "output": [[0, 0, 0, 0, 0, 0, 0, 0], [0, 0, 0, 0, 0, 0, 0, 0], [0, 8, 8, 8, 8, 8, 8, 8], [0, 8, 1, 1, 1, 1, 1, 8], [0, 8, 1, 8, 8, 8, 1, 8], [0, 8, 1, 8, 0, 8, 1, 8], [0, 8, 1, 8, 8, 8, 1, 8], [0, 8, 1, 1, 1, 1, 1, 8], [0, 8, 8, 8, 8, 8, 8, 8], [0, 0, 0, 0, 0, 0, 0, 0]]}, {"input": [[0, 0, 0, 0, 0, 0, 0, 0, 0], [0, 0, 0, 0, 0, 0, 0, 0, 0], [0, 0, 0, 0, 0, 0, 0, 0, 0], [0, 0, 0, 0, 0, 0, 0, 0, 0], [0, 0, 0, 0, 0, 0, 0, 0, 0], [0, 0, 0, 0, 0, 0, 0, 0, 0], [0, 0, 0, 0, 0, 0, 0, 0, 0], [0, 0, 0, 0, 0, 0, 0, 0, 0], [0, 0, 0, 0, 6, 0, 0, 0, 0], [0, 0, 0, 0, 0, 0, 0, 0, 0], [0, 0, 0, 0, 0, 0, 0, 0, 0], [0, 0, 0, 0, 0, 0, 0, 0, 0], [0, 0, 0, 0, 0, 0, 0, 0, 0], [0, 0, 0, 0, 0, 0, 0, 0, 0], [0, 0, 0, 0, 0, 0, 0, 0, 0], [0, 0, 0, 0, 0, 0, 0, 0, 0], [0, 0, 0, 0, 0, 0, 0, 0, 0]], "output": [[0, 0, 0, 0, 0, 0, 0, 0, 0], [0, 0, 0, 0, 0, 0, 0, 0, 0], [0, 0, 0, 0, 0, 0, 0, 0, 0], [0, 0, 0, 0, 0, 0, 0, 0, 0], [1, 1, 1, 1, 1, 1, 1, 1, 1], [1, 6, 6, 6, 6, 6, 6, 6, 1], [1, 6, 1, 1, 1, 1, 1, 6, 1], [1, 6, 1, 6, 6, 6, 1, 6, 1], [1, 6, 1, 6, 0, 6, 1, 6, 1], [1, 6, 1, 6, 6, 6, 1, 6, 1], [1, 6, 1, 1, 1, 1, 1, 6, 1], [1, 6, 6, 6, 6, 6, 6, 6, 1], [1, 1, 1, 1, 1, 1, 1, 1, 1], [0, 0, 0, 0, 0, 0, 0, 0, 0], [0, 0, 0, 0, 0, 0, 0, 0, 0], [0, 0, 0, 0, 0, 0, 0, 0, 0], [0, 0, 0, 0, 0, 0, 0, 0, 0]]}, {"input": [[0, 0, 0, 0, 0], [0, 0, 0, 0, 0], [0, 0, 0, 0, 0], [0, 0, 4, 0, 0], [0, 0, 0, 0, 0], [0, 0, 0, 0, 0]], "output": [[0, 0, 0, 0, 0], [1, 1, 1, 1, 1], [1, 4, 4, 4, 1], [1, 4, 0, 4, 1], [1, 4, 4, 4, 1], [1, 1, 1, 1, 1]]}, {"input": [[0, 0, 0, 0, 0, 0, 0, 0, 0, 0, 0, 0, 0, 0, 0, 0], [0, 0, 0, 0, 0, 0, 0, 0, 0, 0, 0, 0, 0, 0, 0, 0], [0, 0, 0, 0, 0, 0, 0, 0, 0, 0, 0, 0, 0, 0, 0, 0], [0, 0, 0, 0, 0, 0, 0, 0, 9, 0, 0, 0, 0, 0, 0, 0], [0, 0, 0, 0, 0, 0, 0, 0, 0, 0, 0, 0, 0, 0, 0, 0], [0, 0, 0, 0, 0, 0, 0, 0, 0, 0, 0, 0, 0, 0, 0, 0], [0, 0, 0, 0, 0, 0, 0, 0, 0, 0, 0, 0, 0, 0, 0, 0]], "output": [[0, 0, 0, 0, 0, 9, 9, 9, 9, 9, 9, 9, 0, 0, 0, 0], [0, 0, 0, 0, 0, 9, 1, 1, 1, 1, 1, 9, 0, 0, 0, 0], [0, 0, 0, 0, 0, 9, 1, 9, 9, 9, 1, 9, 0, 0, 0, 0], [0, 0, 0, 0, 0, 9, 1, 9, 0, 9, 1, 9, 0, 0, 0, 0], [0, 0, 0, 0, 0, 9, 1, 9, 9, 9, 1, 9, 0, 0, 0, 0], [0, 0, 0, 0, 0, 9, 1, 1, 1, 1, 1, 9, 0, 0, 0, 0], [0, 0, 0, 0, 0, 9, 9, 9, 9, 9, 9, 9, 0, 0, 0, 0]]}], "test": [{"input": [[0, 0, 0, 0, 0, 0, 0, 0, 0, 0, 0, 0, 0, 0, 0], [0, 0, 0, 0, 0, 0, 0, 0, 0, 0, 0, 0, 0, 0, 0], [0, 0, 0, 0, 0, 0, 0, 0, 0, 0, 0, 0, 0, 0, 0], [0, 0, 0, 0, 0, 0, 0, 0, 0, 0, 0, 0, 0, 0, 0], [0, 0, 0, 0, 0, 0, 0, 0, 0, 0, 0, 0, 0, 0, 0], [0, 0, 0, 0, 0, 0, 0, 9, 0, 0, 0, 0, 0, 0, 0], [0, 0, 0, 0, 0, 0, 0, 0, 0, 0, 0, 0, 0, 0, 0], [0, 0, 0, 0, 0, 0, 0, 0, 0, 0, 0, 0, 0, 0, 0], [0, 0, 0, 0, 0, 0, 0, 0, 0, 0, 0, 0, 0, 0, 0], [0, 0, 0, 0, 0, 0, 0, 0, 0, 0, 0, 0, 0, 0, 0]], "output": [[0, 0, 0, 0, 0, 0, 0, 0, 0, 0, 0, 0, 0, 0, 0], [0, 0, 0, 1, 1, 1, 1, 1, 1, 1, 1, 1, 0, 0, 0], [0, 0, 0, 1, 9, 9, 9, 9, 9, 9, 9, 1, 0, 0, 0], [0, 0, 0, 1, 9, 1, 1, 1, 1, 1, 9, 1, 0, 0, 0], [0, 0, 0, 1, 9, 1, 9, 9, 9, 1, 9, 1, 0, 0, 0], [0, 0, 0, 1, 9, 1, 9, 0, 9, 1, 9, 1, 0, 0, 0], [0, 0, 0, 1, 9, 1, 9, 9, 9, 1, 9, 1, 0, 0, 0], [0, 0, 0, 1, 9, 1, 1, 1, 1, 1, 9, 1, 0, 0, 0], [0, 0, 0, 1, 9, 9, 9, 9, 9, 9, 9, 1, 0, 0, 0], [0, 0, 0, 1, 1, 1, 1, 1, 1, 1, 1, 1, 0, 0, 0]]}, {"input": [[0, 0, 0, 0, 0, 0, 0, 0, 0, 0, 0, 0, 0, 0, 0], [0, 0, 0, 0, 0, 0, 0, 0, 0, 0, 0, 0, 0, 0, 0], [0, 0, 0, 0, 0, 0, 0, 0, 0, 0, 0, 0, 0, 0, 0], [0, 0, 0, 0, 0, 0, 0, 0, 0, 0, 0, 0, 0, 0, 0], [0, 0, 0, 0, 0, 0, 0, 0, 0, 0, 0, 0, 0, 0, 0], [0, 0, 0, 0, 0, 0, 0, 0, 0, 0, 0, 0, 0, 0, 0], [0, 0, 0, 0, 0, 0, 0, 0, 0, 0, 0, 0, 0, 0, 0], [0, 0, 0, 0, 0, 0, 0, 4, 0, 0, 0, 0, 0, 0, 0], [0, 0, 0, 0, 0, 0, 0, 0, 0, 0, 0, 0, 0, 0, 0], [0, 0, 0, 0, 0, 0, 0, 0, 0, 0, 0, 0, 0, 0, 0], [0, 0, 0, 0, 0, 0, 0, 0, 0, 0, 0, 0, 0, 0, 0], [0, 0, 0, 0, 0, 0, 0, 0, 0, 0, 0, 0, 0, 0, 0], [0, 0, 0, 0, 0, 0, 0, 0, 0, 0, 0, 0, 0, 0, 0], [0, 0, 0, 0, 0, 0, 0, 0, 0, 0, 0, 0, 0, 0, 0], [0, 0, 0, 0, 0, 0, 0, 0, 0, 0, 0, 0, 0, 0, 0]], "output": [[4, 4, 4, 4, 4, 4, 4, 4, 4, 4, 4, 4, 4, 4, 4], [4, 1, 1, 1, 1, 1, 1, 1, 1, 1, 1, 1, 1, 1, 4], [4, 1, 4, 4, 4, 4, 4, 4, 4, 4, 4, 4, 4, 1, 4], [4, 1, 4, 1, 1, 1, 1, 1, 1, 1, 1, 1, 4, 1, 4], [4, 1, 4, 1, 4, 4, 4, 4, 4, 4, 4, 1, 4, 1, 4], [4, 1, 4, 1, 4, 1, 1, 1, 1, 1, 4, 1, 4, 1, 4], [4, 1, 4, 1, 4, 1, 4, 4, 4, 1, 4, 1, 4, 1, 4], [4, 1, 4, 1, 4, 1, 4, 0, 4, 1, 4, 1, 4, 1, 4], [4, 1, 4, 1, 4, 1, 4, 4, 4, 1, 4, 1, 4, 1, 4], [4, 1, 4, 1, 4, 1, 1, 1, 1, 1, 4, 1, 4, 1, 4], [4, 1, 4, 1, 4, 4, 4, 4, 4, 4, 4, 1, 4, 1, 4], [4, 1, 4, 1, 1, 1, 1, 1, 1, 1, 1, 1, 4, 1, 4], [4, 1, 4, 4, 4, 4, 4, 4, 4, 4, 4, 4, 4, 1, 4], [4, 1, 1, 1, 1, 1, 1, 1, 1, 1, 1, 1, 1, 1, 4], [4, 4, 4, 4, 4, 4, 4, 4, 4, 4, 4, 4, 4, 4, 4]]}, {"input": [[0, 0, 0, 0, 0, 0, 0, 0, 0, 0], [0, 0, 0, 0, 0, 0, 0, 0, 0, 0], [0, 0, 0, 0, 0, 0, 0, 0, 0, 0], [0, 0, 0, 0, 0, 0, 0, 0, 0, 0], [0, 0, 0, 0, 0, 0, 0, 0, 0, 0], [0, 0, 0, 0, 0, 0, 0, 0, 0, 0], [0, 0, 0, 0, 0, 0, 0, 0, 0, 0], [0, 0, 0, 0, 0, 0, 0, 0, 0, 0], [0, 0, 0, 0, 0, 7, 0, 0, 0, 0], [0, 0, 0, 0, 0, 0, 0, 0, 0, 0], [0, 0, 0, 0, 0, 0, 0, 0, 0, 0], [0, 0, 0, 0, 0, 0, 0, 0, 0, 0], [0, 0, 0, 0, 0, 0, 0, 0, 0, 0], [0, 0, 0, 0, 0, 0, 0, 0, 0, 0], [0, 0, 0, 0, 0, 0, 0, 0, 0, 0], [0, 0, 0, 0, 0, 0, 0, 0, 0, 0]], "output": [[0, 0, 0, 0, 0, 0, 0, 0, 0, 0], [0, 0, 0, 0, 0, 0, 0, 0, 0, 0], [0, 0, 0, 0, 0, 0, 0, 0, 0, 0], [0, 0, 0, 0, 0, 0, 0, 0, 0, 0], [0, 1, 1, 1, 1, 1, 1, 1, 1, 1], [0, 1, 7, 7, 7, 7, 7, 7, 7, 1], [0, 1, 7, 1, 1, 1, 1, 1, 7, 1], [0, 1, 7, 1, 7, 7, 7, 1, 7, 1], [0, 1, 7, 1, 7, 0, 7, 1, 7, 1], [0, 1, 7, 1, 7, 7, 7, 1, 7, 1], [0, 1, 7, 1, 1, 1, 1, 1, 7, 1], [0, 1, 7, 7, 7, 7, 7, 7, 7, 1], [0, 1, 1, 1, 1, 1, 1, 1, 1, 1], [0, 0, 0, 0, 0, 0, 0, 0, 0, 0], [0, 0, 0, 0, 0, 0, 0, 0, 0, 0], [0, 0, 0, 0, 0, 0, 0, 0, 0, 0]]}]}