{"train": [{"input": [[5, 9, 9, 5, 0, 0, 0, 0], [5, 9, 5, 9, 0, 0, 0, 0], [9, 9, 5, 9, 0, 0, 0, 0], [9, 9, 5, 0, 0, 0, 0, 0], [9, 9, 9, 9, 0, 0, 0, 0], [0, 9, 9, 5, 0, 0, 0, 0], [5, 9, 0, 5, 0, 0, 0, 0], [9, 5, 5, 9, 0, 0, 0, 0]], "output": [[5, 9, 9, 5, 0, 0, 0, 0, 0, 0, 0, 0, 5, 9, 9, 5], [5, 9, 5, 9, 0, 0, 0, 0, 0, 0, 0, 0, 9, 5, 9, 5], [9, 9, 5, 9, 0, 0, 0, 0, 0, 0, 0, 0, 9, 5, 9, 9], [9, 9, 5, 0, 0, 0, 0, 0, 0, 0, 0, 0, 0, 5, 9, 9], [9, 9, 9, 9, 0, 0, 0, 0, 0, 0, 0, 0, 9, 9, 9, 9], [0, 9, 9, 5, 0, 0, 0, 0, 0, 0, 0, 0, 5, 9, 9, 0], [5, 9, 0, 5, 0, 0, 0, 0, 0, 0, 0, 0, 5, 0, 9, 5], [9, 5, 5, 9, 0, 0, 0, 0, 0, 0, 0, 0, 9, 5, 5, 9]]}, {"input": [[0, 4, 0, 0, 0, 0, 0], [0, 0, 0, 0, 0, 0, 0], [4, 0, 4, 0, 0, 0, 0], [4, 4, 4, 0, 0, 0, 0], [0, 4, 0, 0, 0, 0, 0], [0, 0, 4, 0, 0, 0, 0], [4, 4, 4, 0, 0, 0, 0]], "output": [[0, 4, 0, 0, 0, 0, 0, 0, 0, 0, 0, 0, 4, 0], [0, 0, 0, 0, 0, 0, 0, 0, 0, 0, 0, 0, 0, 0], [4, 0, 4, 0, 0, 0, 0, 0, 0, 0, 0, 4, 0, 4], [4, 4, 4, 0, 0, 0, 0, 0, 0, 0, 0, 4, 4, 4], [0, 4, 0, 0, 0, 0, 0, 0, 0, 0, 0, 0, 4, 0], [0, 0, 4, 0, 0, 0, 0, 0, 0, 0, 0, 4, 0, 0], [4, 4, 4, 0, 0, 0, 0, 0, 0, 0, 0, 4, 4, 4]]}, {"input": [[7, 0, 7, 0, 0, 0, 0], [7, 0, 0, 0, 0, 0, 0], [7, 7, 0, 0, 0, 0, 0], [7, 7, 7, 0, 0, 0, 0], [0, 0, 7, 0, 0, 0, 0], [7, 7, 0, 0, 0, 0, 0], [0, 7, 7, 0, 0, 0, 0], [7, 7, 7, 0, 0, 0, 0], [7, 7, 7, 0, 0, 0, 0]], "output": [[7, 0, 7, 0, 0, 0, 0, 0, 0, 0, 0, 7, 0, 7], [7, 0, 0, 0, 0, 0, 0, 0, 0, 0, 0, 0, 0, 7], [7, 7, 0, 0, 0, 0, 0, 0, 0, 0, 0, 0, 7, 7], [7, 7, 7, 0, 0, 0, 0, 0, 0, 0, 0, 7, 7, 7], [0, 0, 7, 0, 0, 0, 0, 0, 0, 0, 0, 7, 0, 0], [7, 7, 0, 0, 0, 0, 0, 0, 0, 0, 0, 0, 7, 7], [0, 7, 7, 0, 0, 0, 0, 0, 0, 0, 0, 7, 7, 0], [7, 7, 7, 0, 0, 0, 0, 0, 0, 0, 0, 7, 7, 7], [7, 7, 7, 0, 0, 0, 0, 0, 0, 0, 0, 7, 7, 7]]}, {"input": [[4, 0, 4, 4, 0, 0, 0, 0, 0], [9, 9, 9, 4, 0, 0, 0, 0, 0], [9, 9, 9, 9, 0, 0, 0, 0, 0], [4, 9, 9, 9, 0, 0, 0, 0, 0], [0, 9, 9, 9, 0, 0, 0, 0, 0], [0, 4, 9, 4, 0, 0, 0, 0, 0], [9, 0, 9, 9, 0, 0, 0, 0, 0], [9, 9, 4, 0, 0, 0, 0, 0, 0], [9, 0, 9, 9, 0, 0, 0, 0, 0]], "output": [[4, 0, 4, 4, 0, 0, 0, 0, 0, 0, 0, 0, 0, 0, 4, 4, 0, 4], [9, 9, 9, 4, 0, 0, 0, 0, 0, 0, 0, 0, 0, 0, 4, 9, 9, 9], [9, 9, 9, 9, 0, 0, 0, 0, 0, 0, 0, 0, 0, 0, 9, 9, 9, 9], [4, 9, 9, 9, 0, 0, 0, 0, 0, 0, 0, 0, 0, 0, 9, 9, 9, 4], [0, 9, 9, 9, 0, 0, 0, 0, 0, 0, 0, 0, 0, 0, 9, 9, 9, 0], [0, 4, 9, 4, 0, 0, 0, 0, 0, 0, 0, 0, 0, 0, 4, 9, 4, 0], [9, 0, 9, 9, 0, 0, 0, 0, 0, 0, 0, 0, 0, 0, 9, 9, 0, 9], [9, 9, 4, 0, 0, 0, 0, 0, 0, 0, 0, 0, 0, 0, 0, 4, 9, 9], [9, 0, 9, 9, 0, 0, 0, 0, 0, 0, 0, 0, 0, 0, 9, 9, 0, 9]]}, {"input": [[0, 9, 9, 0, 0, 0, 0, 0, 0, 0, 0, 0], [0, 0, 9, 0, 0, 9, 0, 0, 0, 0, 0, 0], [0, 0, 9, 9, 9, 0, 0, 0, 0, 0, 0, 0], [0, 9, 0, 9, 0, 0, 0, 0, 0, 0, 0, 0], [9, 0, 9, 9, 9, 9, 0, 0, 0, 0, 0, 0], [0, 9, 0, 0, 0, 9, 0, 0, 0, 0, 0, 0], [9, 9, 9, 9, 9, 9, 0, 0, 0, 0, 0, 0], [9, 9, 0, 9, 9, 0, 0, 0, 0, 0, 0, 0], [9, 0, 9, 0, 0, 9, 0, 0, 0, 0, 0, 0]], "output": [[0, 9, 9, 0, 0, 0, 0, 0, 0, 0, 0, 0, 0, 0, 0, 0, 0, 0, 0, 0, 0, 9, 9, 0], [0, 0, 9, 0, 0, 9, 0, 0, 0, 0, 0, 0, 0, 0, 0, 0, 0, 0, 9, 0, 0, 9, 0, 0], [0, 0, 9, 9, 9, 0, 0, 0, 0, 0, 0, 0, 0, 0, 0, 0, 0, 0, 0, 9, 9, 9, 0, 0], [0, 9, 0, 9, 0, 0, 0, 0, 0, 0, 0, 0, 0, 0, 0, 0, 0, 0, 0, 0, 9, 0, 9, 0], [9, 0, 9, 9, 9, 9, 0, 0, 0, 0, 0, 0, 0, 0, 0, 0, 0, 0, 9, 9, 9, 9, 0, 9], [0, 9, 0, 0, 0, 9, 0, 0, 0, 0, 0, 0, 0, 0, 0, 0, 0, 0, 9, 0, 0, 0, 9, 0], [9, 9, 9, 9, 9, 9, 0, 0, 0, 0, 0, 0, 0, 0, 0, 0, 0, 0, 9, 9, 9, 9, 9, 9], [9, 9, 0, 9, 9, 0, 0, 0, 0, 0, 0, 0, 0, 0, 0, 0, 0, 0, 0, 9, 9, 0, 9, 9], [9, 0, 9, 0, 0, 9, 0, 0, 0, 0, 0, 0, 0, 0, 0, 0, 0, 0, 9, 0, 0, 9, 0, 9]]}, {"input": [[6, 6, 6, 6, 6, 0, 3, 0, 0, 0, 0, 0, 0, 0], [6, 6, 6, 6, 6, 6, 6, 0, 0, 0, 0, 0, 0, 0], [0, 6, 0, 6, 6, 6, 6, 0, 0, 0, 0, 0, 0, 0], [6, 3, 3, 7, 6, 6, 6, 0, 0, 0, 0, 0, 0, 0], [0, 6, 6, 0, 6, 6, 6, 0, 0, 0, 0, 0, 0, 0]], "output": [[6, 6, 6, 6, 6, 0, 3, 0, 0, 0, 0, 0, 0, 0, 0, 0, 0, 0, 0, 0, 0, 3, 0, 6, 6, 6, 6, 6], [6, 6, 6, 6, 6, 6, 6, 0, 0, 0, 0, 0, 0, 0, 0, 0, 0, 0, 0, 0, 0, 6, 6, 6, 6, 6, 6, 6], [0, 6, 0, 6, 6, 6, 6, 0, 0, 0, 0, 0, 0, 0, 0, 0, 0, 0, 0, 0, 0, 6, 6, 6, 6, 0, 6, 0], [6, 3, 3, 7, 6, 6, 6, 0, 0, 0, 0, 0, 0, 0, 0, 0, 0, 0, 0, 0, 0, 6, 6, 6, 7, 3, 3, 6], [0, 6, 6, 0, 6, 6, 6, 0, 0, 0, 0, 0, 0, 0, 0, 0, 0, 0, 0, 0, 0, 6, 6, 6, 0, 6, 6, 0]]}, {"input": [[4, 4, 7, 0, 0, 0], [7, 7, 7, 0, 0, 0], [7, 7, 7, 0, 0, 0], [7, 7, 7, 0, 0, 0], [7, 7, 7, 0, 0, 0]], "output": [[4, 4, 7, 0, 0, 0, 0, 0, 0, 7, 4, 4], [7, 7, 7, 0, 0, 0, 0, 0, 0, 7, 7, 7], [7, 7, 7, 0, 0, 0, 0, 0, 0, 7, 7, 7], [7, 7, 7, 0, 0, 0, 0, 0, 0, 7, 7, 7], [7, 7, 7, 0, 0, 0, 0, 0, 0, 7, 7, 7]]}, {"input": [[2, 2, 3, 2, 3, 3, 0, 0, 0, 0, 0, 0, 0], [2, 2, 2, 2, 3, 2, 0, 0, 0, 0, 0, 0, 0], [3, 2, 3, 9, 0, 9, 0, 0, 0, 0, 0, 0, 0], [2, 9, 2, 3, 0, 2, 0, 0, 0, 0, 0, 0, 0], [2, 2, 3, 9, 3, 9, 0, 0, 0, 0, 0, 0, 0]], "output": [[2, 2, 3, 2, 3, 3, 0, 0, 0, 0, 0, 0, 0, 0, 0, 0, 0, 0, 0, 0, 3, 3, 2, 3, 2, 2], [2, 2, 2, 2, 3, 2, 0, 0, 0, 0, 0, 0, 0, 0, 0, 0, 0, 0, 0, 0, 2, 3, 2, 2, 2, 2], [3, 2, 3, 9, 0, 9, 0, 0, 0, 0, 0, 0, 0, 0, 0, 0, 0, 0, 0, 0, 9, 0, 9, 3, 2, 3], [2, 9, 2, 3, 0, 2, 0, 0, 0, 0, 0, 0, 0, 0, 0, 0, 0, 0, 0, 0, 2, 0, 3, 2, 9, 2], [2, 2, 3, 9, 3, 9, 0, 0, 0, 0, 0, 0, 0, 0, 0, 0, 0, 0, 0, 0, 9, 3, 9, 3, 2, 2]]}, {"input": [[9, 7, 7, 7, 7, 0, 0, 0, 0, 0], [0, 9, 7, 7, 7, 0, 0, 0, 0, 0], [0, 7, 7, 7, 7, 0, 0, 0, 0, 0], [7, 7, 9, 7, 9, 0, 0, 0, 0, 0], [7, 7, 7, 7, 7, 0, 0, 0, 0, 0], [7, 7, 9, 9, 9, 0, 0, 0, 0, 0], [7, 9, 0, 9, 9, 0, 0, 0, 0, 0], [0, 0, 8, 7, 0, 0, 0, 0, 0, 0]], "output": [[9, 7, 7, 7, 7, 0, 0, 0, 0, 0, 0, 0, 0, 0, 0, 7, 7, 7, 7, 9], [0, 9, 7, 7, 7, 0, 0, 0, 0, 0, 0, 0, 0, 0, 0, 7, 7, 7, 9, 0], [0, 7, 7, 7, 7, 0, 0, 0, 0, 0, 0, 0, 0, 0, 0, 7, 7, 7, 7, 0], [7, 7, 9, 7, 9, 0, 0, 0, 0, 0, 0, 0, 0, 0, 0, 9, 7, 9, 7, 7], [7, 7, 7, 7, 7, 0, 0, 0, 0, 0, 0, 0, 0, 0, 0, 7, 7, 7, 7, 7], [7, 7, 9, 9, 9, 0, 0, 0, 0, 0, 0, 0, 0, 0, 0, 9, 9, 9, 7, 7], [7, 9, 0, 9, 9, 0, 0, 0, 0, 0, 0, 0, 0, 0, 0, 9, 9, 0, 9, 7], [0, 0, 8, 7, 0, 0, 0, 0, 0, 0, 0, 0, 0, 0, 0, 0, 7, 8, 0, 0]]}, {"input": [[9, 0, 1, 0, 0, 0, 0, 0, 0], [0, 0, 1, 0, 0, 0, 0, 0, 0], [0, 1, 9, 9, 0, 0, 0, 0, 0], [0, 1, 1, 1, 0, 0, 0, 0, 0], [1, 9, 1, 9, 0, 0, 0, 0, 0], [1, 9, 1, 1, 0, 0, 0, 0, 0]], "output": [[9, 0, 1, 0, 0, 0, 0, 0, 0, 0, 0, 0, 0, 0, 0, 1, 0, 9], [0, 0, 1, 0, 0, 0, 0, 0, 0, 0, 0, 0, 0, 0, 0, 1, 0, 0], [0, 1, 9, 9, 0, 0, 0, 0, 0, 0, 0, 0, 0, 0, 9, 9, 1, 0], [0, 1, 1, 1, 0, 0, 0, 0, 0, 0, 0, 0, 0, 0, 1, 1, 1, 0], [1, 9, 1, 9, 0, 0, 0, 0, 0, 0, 0, 0, 0, 0, 9, 1, 9, 1], [1, 9, 1, 1, 0, 0, 0, 0, 0, 0, 0, 0, 0, 0, 1, 1, 9, 1]]}, {"input": [[9, 0, 4, 4, 4, 4, 0, 0, 0, 0, 0, 0, 0, 0], [4, 4, 4, 4, 9, 4, 9, 0, 0, 0, 0, 0, 0, 0], [9, 0, 0, 0, 4, 9, 4, 0, 0, 0, 0, 0, 0, 0], [0, 4, 4, 0, 4, 0, 4, 0, 0, 0, 0, 0, 0, 0], [4, 9, 0, 4, 4, 0, 0, 0, 0, 0, 0, 0, 0, 0], [9, 9, 4, 0, 9, 9, 9, 0, 0, 0, 0, 0, 0, 0], [9, 9, 4, 4, 9, 0, 4, 0, 0, 0, 0, 0, 0, 0], [4, 9, 9, 4, 4, 0, 4, 0, 0, 0, 0, 0, 0, 0]], "output": [[9, 0, 4, 4, 4, 4, 0, 0, 0, 0, 0, 0, 0, 0, 0, 0, 0, 0, 0, 0, 0, 0, 4, 4, 4, 4, 0, 9], [4, 4, 4, 4, 9, 4, 9, 0, 0, 0, 0, 0, 0, 0, 0, 0, 0, 0, 0, 0, 0, 9, 4, 9, 4, 4, 4, 4], [9, 0, 0, 0, 4, 9, 4, 0, 0, 0, 0, 0, 0, 0, 0, 0, 0, 0, 0, 0, 0, 4, 9, 4, 0, 0, 0, 9], [0, 4, 4, 0, 4, 0, 4, 0, 0, 0, 0, 0, 0, 0, 0, 0, 0, 0, 0, 0, 0, 4, 0, 4, 0, 4, 4, 0], [4, 9, 0, 4, 4, 0, 0, 0, 0, 0, 0, 0, 0, 0, 0, 0, 0, 0, 0, 0, 0, 0, 0, 4, 4, 0, 9, 4], [9, 9, 4, 0, 9, 9, 9, 0, 0, 0, 0, 0, 0, 0, 0, 0, 0, 0, 0, 0, 0, 9, 9, 9, 0, 4, 9, 9], [9, 9, 4, 4, 9, 0, 4, 0, 0, 0, 0, 0, 0, 0, 0, 0, 0, 0, 0, 0, 0, 4, 0, 9, 4, 4, 9, 9], [4, 9, 9, 4, 4, 0, 4, 0, 0, 0, 0, 0, 0, 0, 0, 0, 0, 0, 0, 0, 0, 4, 0, 4, 4, 9, 9, 4]]}, {"input": [[0, 0, 5, 0, 0, 0], [6, 5, 6, 0, 0, 0], [5, 7, 0, 0, 0, 0], [0, 6, 5, 0, 0, 0], [7, 6, 5, 0, 0, 0], [5, 7, 5, 0, 0, 0]], "output": [[0, 0, 5, 0, 0, 0, 0, 0, 0, 5, 0, 0], [6, 5, 6, 0, 0, 0, 0, 0, 0, 6, 5, 6], [5, 7, 0, 0, 0, 0, 0, 0, 0, 0, 7, 5], [0, 6, 5, 0, 0, 0, 0, 0, 0, 5, 6, 0], [7, 6, 5, 0, 0, 0, 0, 0, 0, 5, 6, 7], [5, 7, 5, 0, 0, 0, 0, 0, 0, 5, 7, 5]]}, {"input": [[0, 6, 0, 0, 0], [9, 9, 0, 0, 0], [9, 0, 0, 0, 0], [9, 9, 0, 0, 0], [9, 9, 0, 0, 0], [0, 2, 0, 0, 0], [9, 9, 0, 0, 0]], "output": [[0, 6, 0, 0, 0, 0, 0, 0, 6, 0], [9, 9, 0, 0, 0, 0, 0, 0, 9, 9], [9, 0, 0, 0, 0, 0, 0, 0, 0, 9], [9, 9, 0, 0, 0, 0, 0, 0, 9, 9], [9, 9, 0, 0, 0, 0, 0, 0, 9, 9], [0, 2, 0, 0, 0, 0, 0, 0, 2, 0], [9, 9, 0, 0, 0, 0, 0, 0, 9, 9]]}, {"input": [[6, 0, 1, 6, 6, 6, 6, 0, 0, 0, 0, 0, 0, 0], [6, 6, 6, 6, 6, 6, 6, 0, 0, 0, 0, 0, 0, 0], [1, 6, 6, 6, 0, 6, 6, 0, 0, 0, 0, 0, 0, 0], [6, 6, 2, 0, 0, 1, 6, 0, 0, 0, 0, 0, 0, 0], [2, 6, 0, 6, 6, 0, 6, 0, 0, 0, 0, 0, 0, 0], [2, 6, 0, 2, 2, 6, 6, 0, 0, 0, 0, 0, 0, 0]], "output": [[6, 0, 1, 6, 6, 6, 6, 0, 0, 0, 0, 0, 0, 0, 0, 0, 0, 0, 0, 0, 0, 6, 6, 6, 6, 1, 0, 6], [6, 6, 6, 6, 6, 6, 6, 0, 0, 0, 0, 0, 0, 0, 0, 0, 0, 0, 0, 0, 0, 6, 6, 6, 6, 6, 6, 6], [1, 6, 6, 6, 0, 6, 6, 0, 0, 0, 0, 0, 0, 0, 0, 0, 0, 0, 0, 0, 0, 6, 6, 0, 6, 6, 6, 1], [6, 6, 2, 0, 0, 1, 6, 0, 0, 0, 0, 0, 0, 0, 0, 0, 0, 0, 0, 0, 0, 6, 1, 0, 0, 2, 6, 6], [2, 6, 0, 6, 6, 0, 6, 0, 0, 0, 0, 0, 0, 0, 0, 0, 0, 0, 0, 0, 0, 6, 0, 6, 6, 0, 6, 2], [2, 6, 0, 2, 2, 6, 6, 0, 0, 0, 0, 0, 0, 0, 0, 0, 0, 0, 0, 0, 0, 6, 6, 2, 2, 0, 6, 2]]}, {"input": [[7, 0, 0, 0, 0, 0], [0, 0, 0, 0, 0, 0], [0, 0, 0, 0, 0, 0], [0, 0, 0, 0, 0, 0], [0, 0, 0, 0, 0, 0], [0, 0, 7, 0, 0, 0], [0, 0, 0, 0, 0, 0], [7, 7, 7, 0, 0, 0]], "output": [[7, 0, 0, 0, 0, 0, 0, 0, 0, 0, 0, 7], [0, 0, 0, 0, 0, 0, 0, 0, 0, 0, 0, 0], [0, 0, 0, 0, 0, 0, 0, 0, 0, 0, 0, 0], [0, 0, 0, 0, 0, 0, 0, 0, 0, 0, 0, 0], [0, 0, 0, 0, 0, 0, 0, 0, 0, 0, 0, 0], [0, 0, 7, 0, 0, 0, 0, 0, 0, 7, 0, 0], [0, 0, 0, 0, 0, 0, 0, 0, 0, 0, 0, 0], [7, 7, 7, 0, 0, 0, 0, 0, 0, 7, 7, 7]]}, {"input": [[3, 0, 3, 3, 0, 3, 0, 0, 0, 0, 0, 0], [3, 3, 0, 3, 3, 3, 0, 0, 0, 0, 0, 0], [3, 3, 0, 3, 3, 3, 0, 0, 0, 0, 0, 0], [8, 3, 8, 3, 3, 3, 0, 0, 0, 0, 0, 0], [0, 8, 3, 3, 0, 3, 0, 0, 0, 0, 0, 0], [3, 3, 0, 3, 3, 3, 0, 0, 0, 0, 0, 0], [3, 8, 3, 3, 3, 0, 0, 0, 0, 0, 0, 0], [3, 3, 0, 3, 3, 8, 0, 0, 0, 0, 0, 0], [3, 8, 3, 3, 3, 0, 0, 0, 0, 0, 0, 0]], "output": [[3, 0, 3, 3, 0, 3, 0, 0, 0, 0, 0, 0, 0, 0, 0, 0, 0, 0, 3, 0, 3, 3, 0, 3], [3, 3, 0, 3, 3, 3, 0, 0, 0, 0, 0, 0, 0, 0, 0, 0, 0, 0, 3, 3, 3, 0, 3, 3], [3, 3, 0, 3, 3, 3, 0, 0, 0, 0, 0, 0, 0, 0, 0, 0, 0, 0, 3, 3, 3, 0, 3, 3], [8, 3, 8, 3, 3, 3, 0, 0, 0, 0, 0, 0, 0, 0, 0, 0, 0, 0, 3, 3, 3, 8, 3, 8], [0, 8, 3, 3, 0, 3, 0, 0, 0, 0, 0, 0, 0, 0, 0, 0, 0, 0, 3, 0, 3, 3, 8, 0], [3, 3, 0, 3, 3, 3, 0, 0, 0, 0, 0, 0, 0, 0, 0, 0, 0, 0, 3, 3, 3, 0, 3, 3], [3, 8, 3, 3, 3, 0, 0, 0, 0, 0, 0, 0, 0, 0, 0, 0, 0, 0, 0, 3, 3, 3, 8, 3], [3, 3, 0, 3, 3, 8, 0, 0, 0, 0, 0, 0, 0, 0, 0, 0, 0, 0, 8, 3, 3, 0, 3, 3], [3, 8, 3, 3, 3, 0, 0, 0, 0, 0, 0, 0, 0, 0, 0, 0, 0, 0, 0, 3, 3, 3, 8, 3]]}, {"input": [[0, 2, 0, 0, 0], [2, 2, 0, 0, 0], [2, 0, 0, 0, 0], [2, 2, 0, 0, 0], [3, 2, 0, 0, 0], [3, 0, 0, 0, 0], [2, 0, 0, 0, 0]], "output": [[0, 2, 0, 0, 0, 0, 0, 0, 2, 0], [2, 2, 0, 0, 0, 0, 0, 0, 2, 2], [2, 0, 0, 0, 0, 0, 0, 0, 0, 2], [2, 2, 0, 0, 0, 0, 0, 0, 2, 2], [3, 2, 0, 0, 0, 0, 0, 0, 2, 3], [3, 0, 0, 0, 0, 0, 0, 0, 0, 3], [2, 0, 0, 0, 0, 0, 0, 0, 0, 2]]}, {"input": [[4, 4, 4, 4, 5, 4, 5, 0, 0, 0, 0, 0, 0, 0], [4, 4, 4, 2, 2, 2, 5, 0, 0, 0, 0, 0, 0, 0], [4, 4, 4, 2, 4, 2, 4, 0, 0, 0, 0, 0, 0, 0], [4, 4, 2, 4, 2, 4, 0, 0, 0, 0, 0, 0, 0, 0], [4, 5, 2, 4, 4, 4, 4, 0, 0, 0, 0, 0, 0, 0]], "output": [[4, 4, 4, 4, 5, 4, 5, 0, 0, 0, 0, 0, 0, 0, 0, 0, 0, 0, 0, 0, 0, 5, 4, 5, 4, 4, 4, 4], [4, 4, 4, 2, 2, 2, 5, 0, 0, 0, 0, 0, 0, 0, 0, 0, 0, 0, 0, 0, 0, 5, 2, 2, 2, 4, 4, 4], [4, 4, 4, 2, 4, 2, 4, 0, 0, 0, 0, 0, 0, 0, 0, 0, 0, 0, 0, 0, 0, 4, 2, 4, 2, 4, 4, 4], [4, 4, 2, 4, 2, 4, 0, 0, 0, 0, 0, 0, 0, 0, 0, 0, 0, 0, 0, 0, 0, 0, 4, 2, 4, 2, 4, 4], [4, 5, 2, 4, 4, 4, 4, 0, 0, 0, 0, 0, 0, 0, 0, 0, 0, 0, 0, 0, 0, 4, 4, 4, 4, 2, 5, 4]]}, {"input": [[3, 3, 3, 3, 3, 0, 0, 0, 0, 0, 0, 0], [3, 3, 0, 3, 3, 0, 0, 0, 0, 0, 0, 0], [0, 0, 3, 2, 3, 0, 0, 0, 0, 0, 0, 0], [3, 2, 0, 3, 3, 0, 0, 0, 0, 0, 0, 0], [0, 0, 3, 0, 0, 3, 0, 0, 0, 0, 0, 0], [3, 2, 0, 3, 3, 0, 0, 0, 0, 0, 0, 0], [0, 0, 3, 3, 0, 3, 0, 0, 0, 0, 0, 0], [3, 3, 3, 0, 0, 3, 0, 0, 0, 0, 0, 0]], "output": [[3, 3, 3, 3, 3, 0, 0, 0, 0, 0, 0, 0, 0, 0, 0, 0, 0, 0, 0, 3, 3, 3, 3, 3], [3, 3, 0, 3, 3, 0, 0, 0, 0, 0, 0, 0, 0, 0, 0, 0, 0, 0, 0, 3, 3, 0, 3, 3], [0, 0, 3, 2, 3, 0, 0, 0, 0, 0, 0, 0, 0, 0, 0, 0, 0, 0, 0, 3, 2, 3, 0, 0], [3, 2, 0, 3, 3, 0, 0, 0, 0, 0, 0, 0, 0, 0, 0, 0, 0, 0, 0, 3, 3, 0, 2, 3], [0, 0, 3, 0, 0, 3, 0, 0, 0, 0, 0, 0, 0, 0, 0, 0, 0, 0, 3, 0, 0, 3, 0, 0], [3, 2, 0, 3, 3, 0, 0, 0, 0, 0, 0, 0, 0, 0, 0, 0, 0, 0, 0, 3, 3, 0, 2, 3], [0, 0, 3, 3, 0, 3, 0, 0, 0, 0, 0, 0, 0, 0, 0, 0, 0, 0, 3, 0, 3, 3, 0, 0], [3, 3, 3, 0, 0, 3, 0, 0, 0, 0, 0, 0, 0, 0, 0, 0, 0, 0, 3, 0, 0, 3, 3, 3]]}, {"input": [[6, 6, 6, 0, 0, 0, 0], [1, 4, 0, 0, 0, 0, 0], [1, 6, 6, 0, 0, 0, 0], [1, 6, 6, 0, 0, 0, 0], [4, 6, 4, 0, 0, 0, 0], [4, 4, 4, 0, 0, 0, 0], [4, 4, 6, 0, 0, 0, 0], [6, 6, 6, 0, 0, 0, 0], [6, 6, 6, 0, 0, 0, 0]], "output": [[6, 6, 6, 0, 0, 0, 0, 0, 0, 0, 0, 6, 6, 6], [1, 4, 0, 0, 0, 0, 0, 0, 0, 0, 0, 0, 4, 1], [1, 6, 6, 0, 0, 0, 0, 0, 0, 0, 0, 6, 6, 1], [1, 6, 6, 0, 0, 0, 0, 0, 0, 0, 0, 6, 6, 1], [4, 6, 4, 0, 0, 0, 0, 0, 0, 0, 0, 4, 6, 4], [4, 4, 4, 0, 0, 0, 0, 0, 0, 0, 0, 4, 4, 4], [4, 4, 6, 0, 0, 0, 0, 0, 0, 0, 0, 6, 4, 4], [6, 6, 6, 0, 0, 0, 0, 0, 0, 0, 0, 6, 6, 6], [6, 6, 6, 0, 0, 0, 0, 0, 0, 0, 0, 6, 6, 6]]}, {"input": [[8, 8, 0, 0, 8, 0, 0, 0, 0, 0, 0], [8, 8, 0, 0, 0, 0, 0, 0, 0, 0, 0], [0, 8, 8, 0, 8, 0, 0, 0, 0, 0, 0], [0, 0, 0, 0, 8, 0, 0, 0, 0, 0, 0], [8, 0, 0, 8, 8, 0, 0, 0, 0, 0, 0], [8, 0, 8, 0, 0, 0, 0, 0, 0, 0, 0]], "output": [[8, 8, 0, 0, 8, 0, 0, 0, 0, 0, 0, 0, 0, 0, 0, 0, 0, 8, 0, 0, 8, 8], [8, 8, 0, 0, 0, 0, 0, 0, 0, 0, 0, 0, 0, 0, 0, 0, 0, 0, 0, 0, 8, 8], [0, 8, 8, 0, 8, 0, 0, 0, 0, 0, 0, 0, 0, 0, 0, 0, 0, 8, 0, 8, 8, 0], [0, 0, 0, 0, 8, 0, 0, 0, 0, 0, 0, 0, 0, 0, 0, 0, 0, 8, 0, 0, 0, 0], [8, 0, 0, 8, 8, 0, 0, 0, 0, 0, 0, 0, 0, 0, 0, 0, 0, 8, 8, 0, 0, 8], [8, 0, 8, 0, 0, 0, 0, 0, 0, 0, 0, 0, 0, 0, 0, 0, 0, 0, 0, 8, 0, 8]]}, {"input": [[0, 5, 3, 0, 0, 0, 0, 0, 0, 0, 0], [3, 0, 3, 0, 3, 0, 0, 0, 0, 0, 0], [3, 3, 3, 0, 0, 0, 0, 0, 0, 0, 0], [3, 0, 5, 3, 0, 0, 0, 0, 0, 0, 0], [0, 3, 3, 3, 5, 0, 0, 0, 0, 0, 0], [0, 0, 3, 5, 0, 0, 0, 0, 0, 0, 0]], "output": [[0, 5, 3, 0, 0, 0, 0, 0, 0, 0, 0, 0, 0, 0, 0, 0, 0, 0, 0, 3, 5, 0], [3, 0, 3, 0, 3, 0, 0, 0, 0, 0, 0, 0, 0, 0, 0, 0, 0, 3, 0, 3, 0, 3], [3, 3, 3, 0, 0, 0, 0, 0, 0, 0, 0, 0, 0, 0, 0, 0, 0, 0, 0, 3, 3, 3], [3, 0, 5, 3, 0, 0, 0, 0, 0, 0, 0, 0, 0, 0, 0, 0, 0, 0, 3, 5, 0, 3], [0, 3, 3, 3, 5, 0, 0, 0, 0, 0, 0, 0, 0, 0, 0, 0, 0, 5, 3, 3, 3, 0], [0, 0, 3, 5, 0, 0, 0, 0, 0, 0, 0, 0, 0, 0, 0, 0, 0, 0, 5, 3, 0, 0]]}, {"input": [[0, 7, 0, 0, 0, 0, 0], [0, 0, 7, 0, 0, 0, 0], [7, 0, 0, 0, 0, 0, 0], [0, 7, 0, 0, 0, 0, 0], [7, 7, 7, 0, 0, 0, 0], [0, 0, 7, 0, 0, 0, 0], [0, 0, 0, 0, 0, 0, 0]], "output": [[0, 7, 0, 0, 0, 0, 0, 0, 0, 0, 0, 0, 7, 0], [0, 0, 7, 0, 0, 0, 0, 0, 0, 0, 0, 7, 0, 0], [7, 0, 0, 0, 0, 0, 0, 0, 0, 0, 0, 0, 0, 7], [0, 7, 0, 0, 0, 0, 0, 0, 0, 0, 0, 0, 7, 0], [7, 7, 7, 0, 0, 0, 0, 0, 0, 0, 0, 7, 7, 7], [0, 0, 7, 0, 0, 0, 0, 0, 0, 0, 0, 7, 0, 0], [0, 0, 0, 0, 0, 0, 0, 0, 0, 0, 0, 0, 0, 0]]}, {"input": [[0, 0, 0, 0, 5, 0, 0, 0, 0, 0], [0, 5, 0, 5, 0, 0, 0, 0, 0, 0], [0, 5, 0, 5, 5, 0, 0, 0, 0, 0], [0, 5, 5, 5, 0, 0, 0, 0, 0, 0], [0, 5, 5, 5, 5, 0, 0, 0, 0, 0], [5, 0, 0, 0, 5, 0, 0, 0, 0, 0], [5, 5, 5, 0, 0, 0, 0, 0, 0, 0], [0, 5, 5, 5, 0, 0, 0, 0, 0, 0]], "output": [[0, 0, 0, 0, 5, 0, 0, 0, 0, 0, 0, 0, 0, 0, 0, 5, 0, 0, 0, 0], [0, 5, 0, 5, 0, 0, 0, 0, 0, 0, 0, 0, 0, 0, 0, 0, 5, 0, 5, 0], [0, 5, 0, 5, 5, 0, 0, 0, 0, 0, 0, 0, 0, 0, 0, 5, 5, 0, 5, 0], [0, 5, 5, 5, 0, 0, 0, 0, 0, 0, 0, 0, 0, 0, 0, 0, 5, 5, 5, 0], [0, 5, 5, 5, 5, 0, 0, 0, 0, 0, 0, 0, 0, 0, 0, 5, 5, 5, 5, 0], [5, 0, 0, 0, 5, 0, 0, 0, 0, 0, 0, 0, 0, 0, 0, 5, 0, 0, 0, 5], [5, 5, 5, 0, 0, 0, 0, 0, 0, 0, 0, 0, 0, 0, 0, 0, 0, 5, 5, 5], [0, 5, 5, 5, 0, 0, 0, 0, 0, 0, 0, 0, 0, 0, 0, 0, 5, 5, 5, 0]]}, {"input": [[0, 3, 5, 0, 0, 0, 0, 0, 0], [1, 5, 0, 5, 0, 0, 0, 0, 0], [3, 3, 5, 3, 0, 0, 0, 0, 0], [5, 5, 5, 5, 0, 0, 0, 0, 0], [5, 5, 5, 5, 0, 0, 0, 0, 0], [3, 5, 5, 5, 0, 0, 0, 0, 0], [5, 1, 3, 3, 0, 0, 0, 0, 0], [3, 3, 3, 5, 0, 0, 0, 0, 0], [5, 5, 3, 1, 0, 0, 0, 0, 0]], "output": [[0, 3, 5, 0, 0, 0, 0, 0, 0, 0, 0, 0, 0, 0, 0, 5, 3, 0], [1, 5, 0, 5, 0, 0, 0, 0, 0, 0, 0, 0, 0, 0, 5, 0, 5, 1], [3, 3, 5, 3, 0, 0, 0, 0, 0, 0, 0, 0, 0, 0, 3, 5, 3, 3], [5, 5, 5, 5, 0, 0, 0, 0, 0, 0, 0, 0, 0, 0, 5, 5, 5, 5], [5, 5, 5, 5, 0, 0, 0, 0, 0, 0, 0, 0, 0, 0, 5, 5, 5, 5], [3, 5, 5, 5, 0, 0, 0, 0, 0, 0, 0, 0, 0, 0, 5, 5, 5, 3], [5, 1, 3, 3, 0, 0, 0, 0, 0, 0, 0, 0, 0, 0, 3, 3, 1, 5], [3, 3, 3, 5, 0, 0, 0, 0, 0, 0, 0, 0, 0, 0, 5, 3, 3, 3], [5, 5, 3, 1, 0, 0, 0, 0, 0, 0, 0, 0, 0, 0, 1, 3, 5, 5]]}, {"input": [[2, 2, 2, 0, 0, 0], [2, 0, 2, 0, 0, 0], [7, 2, 2, 0, 0, 0], [7, 7, 2, 0, 0, 0], [2, 2, 2, 0, 0, 0]], "output": [[2, 2, 2, 0, 0, 0, 0, 0, 0, 2, 2, 2], [2, 0, 2, 0, 0, 0, 0, 0, 0, 2, 0, 2], [7, 2, 2, 0, 0, 0, 0, 0, 0, 2, 2, 7], [7, 7, 2, 0, 0, 0, 0, 0, 0, 2, 7, 7], [2, 2, 2, 0, 0, 0, 0, 0, 0, 2, 2, 2]]}, {"input": [[8, 0, 0, 0, 0, 0, 0], [8, 0, 8, 0, 0, 0, 0], [0, 0, 0, 0, 0, 0, 0], [8, 8, 8, 0, 0, 0, 0], [8, 8, 0, 0, 0, 0, 0], [8, 8, 8, 0, 0, 0, 0], [8, 0, 8, 0, 0, 0, 0], [0, 0, 0, 0, 0, 0, 0]], "output": [[8, 0, 0, 0, 0, 0, 0, 0, 0, 0, 0, 0, 0, 8], [8, 0, 8, 0, 0, 0, 0, 0, 0, 0, 0, 8, 0, 8], [0, 0, 0, 0, 0, 0, 0, 0, 0, 0, 0, 0, 0, 0], [8, 8, 8, 0, 0, 0, 0, 0, 0, 0, 0, 8, 8, 8], [8, 8, 0, 0, 0, 0, 0, 0, 0, 0, 0, 0, 8, 8], [8, 8, 8, 0, 0, 0, 0, 0, 0, 0, 0, 8, 8, 8], [8, 0, 8, 0, 0, 0, 0, 0, 0, 0, 0, 8, 0, 8], [0, 0, 0, 0, 0, 0, 0, 0, 0, 0, 0, 0, 0, 0]]}], "test": [{"input": [[6, 3, 6, 3, 0, 0, 0, 0, 0, 0], [3, 3, 6, 3, 6, 0, 0, 0, 0, 0], [3, 6, 3, 3, 3, 0, 0, 0, 0, 0], [0, 0, 6, 3, 0, 0, 0, 0, 0, 0], [0, 3, 3, 6, 3, 0, 0, 0, 0, 0], [6, 0, 0, 6, 6, 0, 0, 0, 0, 0], [0, 0, 6, 3, 3, 0, 0, 0, 0, 0]], "output": [[6, 3, 6, 3, 0, 0, 0, 0, 0, 0, 0, 0, 0, 0, 0, 0, 3, 6, 3, 6], [3, 3, 6, 3, 6, 0, 0, 0, 0, 0, 0, 0, 0, 0, 0, 6, 3, 6, 3, 3], [3, 6, 3, 3, 3, 0, 0, 0, 0, 0, 0, 0, 0, 0, 0, 3, 3, 3, 6, 3], [0, 0, 6, 3, 0, 0, 0, 0, 0, 0, 0, 0, 0, 0, 0, 0, 3, 6, 0, 0], [0, 3, 3, 6, 3, 0, 0, 0, 0, 0, 0, 0, 0, 0, 0, 3, 6, 3, 3, 0], [6, 0, 0, 6, 6, 0, 0, 0, 0, 0, 0, 0, 0, 0, 0, 6, 6, 0, 0, 6], [0, 0, 6, 3, 3, 0, 0, 0, 0, 0, 0, 0, 0, 0, 0, 3, 3, 6, 0, 0]]}, {"input": [[6, 0, 0, 3, 0, 0, 0, 0], [0, 6, 3, 3, 0, 0, 0, 0], [6, 3, 3, 3, 0, 0, 0, 0], [3, 0, 6, 3, 0, 0, 0, 0], [6, 6, 0, 6, 0, 0, 0, 0], [6, 0, 0, 0, 0, 0, 0, 0]], "output": [[6, 0, 0, 3, 0, 0, 0, 0, 0, 0, 0, 0, 3, 0, 0, 6], [0, 6, 3, 3, 0, 0, 0, 0, 0, 0, 0, 0, 3, 3, 6, 0], [6, 3, 3, 3, 0, 0, 0, 0, 0, 0, 0, 0, 3, 3, 3, 6], [3, 0, 6, 3, 0, 0, 0, 0, 0, 0, 0, 0, 3, 6, 0, 3], [6, 6, 0, 6, 0, 0, 0, 0, 0, 0, 0, 0, 6, 0, 6, 6], [6, 0, 0, 0, 0, 0, 0, 0, 0, 0, 0, 0, 0, 0, 0, 6]]}, {"input": [[3, 0, 3, 3, 3, 0, 0, 0, 0, 0], [1, 3, 3, 3, 3, 0, 0, 0, 0, 0], [3, 3, 3, 3, 1, 0, 0, 0, 0, 0], [7, 1, 3, 1, 1, 0, 0, 0, 0, 0], [3, 3, 3, 3, 7, 0, 0, 0, 0, 0], [1, 3, 1, 3, 3, 0, 0, 0, 0, 0]], "output": [[3, 0, 3, 3, 3, 0, 0, 0, 0, 0, 0, 0, 0, 0, 0, 3, 3, 3, 0, 3], [1, 3, 3, 3, 3, 0, 0, 0, 0, 0, 0, 0, 0, 0, 0, 3, 3, 3, 3, 1], [3, 3, 3, 3, 1, 0, 0, 0, 0, 0, 0, 0, 0, 0, 0, 1, 3, 3, 3, 3], [7, 1, 3, 1, 1, 0, 0, 0, 0, 0, 0, 0, 0, 0, 0, 1, 1, 3, 1, 7], [3, 3, 3, 3, 7, 0, 0, 0, 0, 0, 0, 0, 0, 0, 0, 7, 3, 3, 3, 3], [1, 3, 1, 3, 3, 0, 0, 0, 0, 0, 0, 0, 0, 0, 0, 3, 3, 1, 3, 1]]}]}