{"train": [{"input": [[0, 0, 0, 0, 0, 0, 0, 0, 0], [0, 0, 0, 0, 0, 0, 0, 0, 0], [0, 0, 0, 0, 0, 0, 0, 0, 0], [0, 0, 0, 0, 0, 0, 0, 0, 0], [0, 0, 0, 0, 0, 0, 0, 0, 0], [0, 0, 0, 0, 0, 0, 0, 0, 0], [0, 0, 0, 0, 0, 0, 0, 0, 0], [0, 0, 0, 0, 0, 0, 0, 0, 0], [0, 0, 0, 0, 0, 0, 0, 0, 0], [0, 0, 0, 0, 9, 0, 0, 0, 0], [0, 0, 0, 0, 0, 0, 0, 0, 0], [0, 0, 0, 0, 0, 0, 0, 0, 0], [0, 0, 0, 0, 0, 0, 0, 0, 0], [0, 0, 0, 0, 0, 0, 0, 0, 0], [0, 0, 0, 0, 0, 0, 0, 0, 0], [0, 0, 0, 0, 0, 0, 0, 0, 0], [0, 0, 0, 0, 0, 0, 0, 0, 0], [0, 0, 0, 0, 0, 0, 0, 0, 0], [0, 0, 0, 0, 0, 0, 0, 0, 0]], "output": [[0, 0, 0, 0, 5, 0, 9, 0, 9], [0, 0, 0, 0, 5, 0, 9, 0, 9], [0, 0, 0, 0, 5, 0, 9, 0, 9], [0, 0, 0, 0, 5, 0, 9, 0, 9], [0, 0, 0, 0, 5, 0, 9, 0, 9], [0, 0, 0, 0, 5, 0, 9, 0, 9], [0, 0, 0, 0, 5, 0, 9, 0, 9], [0, 0, 0, 0, 5, 0, 9, 0, 9], [0, 0, 0, 0, 5, 0, 9, 0, 9], [5, 5, 5, 5, 5, 5, 5, 5, 5], [0, 0, 0, 0, 5, 0, 9, 0, 9], [9, 9, 9, 9, 5, 9, 9, 9, 9], [0, 0, 0, 0, 5, 0, 9, 0, 9], [9, 9, 9, 9, 5, 9, 9, 9, 9], [0, 0, 0, 0, 5, 0, 9, 0, 9], [9, 9, 9, 9, 5, 9, 9, 9, 9], [0, 0, 0, 0, 5, 0, 9, 0, 9], [9, 9, 9, 9, 5, 9, 9, 9, 9], [0, 0, 0, 0, 5, 0, 9, 0, 9]]}, {"input": [[0, 0, 0, 0, 0, 0, 0, 0, 0, 0, 0], [0, 0, 0, 0, 0, 0, 0, 0, 0, 0, 0], [0, 0, 0, 0, 0, 0, 0, 0, 0, 0, 0], [0, 0, 0, 0, 0, 8, 0, 0, 0, 0, 0], [0, 0, 0, 0, 0, 0, 0, 0, 0, 0, 0], [0, 0, 0, 0, 0, 0, 0, 0, 0, 0, 0], [0, 0, 0, 0, 0, 0, 0, 0, 0, 0, 0]], "output": [[0, 0, 0, 0, 0, 5, 0, 8, 0, 8, 0], [0, 0, 0, 0, 0, 5, 0, 8, 0, 8, 0], [0, 0, 0, 0, 0, 5, 0, 8, 0, 8, 0], [5, 5, 5, 5, 5, 5, 5, 5, 5, 5, 5], [0, 0, 0, 0, 0, 5, 0, 8, 0, 8, 0], [8, 8, 8, 8, 8, 5, 8, 8, 8, 8, 8], [0, 0, 0, 0, 0, 5, 0, 8, 0, 8, 0]]}, {"input": [[0, 0, 0, 0, 0, 0, 0, 0, 0, 0, 0], [0, 0, 0, 0, 0, 0, 0, 0, 0, 0, 0], [0, 0, 0, 0, 0, 0, 0, 0, 0, 0, 0], [0, 0, 0, 0, 0, 6, 0, 0, 0, 0, 0], [0, 0, 0, 0, 0, 0, 0, 0, 0, 0, 0], [0, 0, 0, 0, 0, 0, 0, 0, 0, 0, 0], [0, 0, 0, 0, 0, 0, 0, 0, 0, 0, 0]], "output": [[0, 0, 0, 0, 0, 5, 0, 6, 0, 6, 0], [0, 0, 0, 0, 0, 5, 0, 6, 0, 6, 0], [0, 0, 0, 0, 0, 5, 0, 6, 0, 6, 0], [5, 5, 5, 5, 5, 5, 5, 5, 5, 5, 5], [0, 0, 0, 0, 0, 5, 0, 6, 0, 6, 0], [6, 6, 6, 6, 6, 5, 6, 6, 6, 6, 6], [0, 0, 0, 0, 0, 5, 0, 6, 0, 6, 0]]}, {"input": [[0, 0, 0, 0, 0, 0, 0, 0, 0], [0, 0, 0, 0, 0, 0, 0, 0, 0], [0, 0, 0, 0, 0, 0, 0, 0, 0], [0, 0, 0, 0, 0, 0, 0, 0, 0], [0, 0, 0, 0, 7, 0, 0, 0, 0], [0, 0, 0, 0, 0, 0, 0, 0, 0], [0, 0, 0, 0, 0, 0, 0, 0, 0], [0, 0, 0, 0, 0, 0, 0, 0, 0], [0, 0, 0, 0, 0, 0, 0, 0, 0]], "output": [[0, 0, 0, 0, 5, 0, 7, 0, 7], [0, 0, 0, 0, 5, 0, 7, 0, 7], [0, 0, 0, 0, 5, 0, 7, 0, 7], [0, 0, 0, 0, 5, 0, 7, 0, 7], [5, 5, 5, 5, 5, 5, 5, 5, 5], [0, 0, 0, 0, 5, 0, 7, 0, 7], [7, 7, 7, 7, 5, 7, 7, 7, 7], [0, 0, 0, 0, 5, 0, 7, 0, 7], [7, 7, 7, 7, 5, 7, 7, 7, 7]]}, {"input": [[0, 0, 0, 0, 0, 0, 0, 0, 0, 0, 0, 0, 0, 0, 0, 0, 0, 0, 0], [0, 0, 0, 0, 0, 0, 0, 0, 0, 0, 0, 0, 0, 0, 0, 0, 0, 0, 0], [0, 0, 0, 0, 0, 0, 0, 0, 0, 0, 0, 0, 0, 0, 0, 0, 0, 0, 0], [0, 0, 0, 0, 0, 0, 0, 0, 0, 0, 0, 0, 0, 0, 0, 0, 0, 0, 0], [0, 0, 0, 0, 0, 0, 0, 0, 0, 0, 0, 0, 0, 0, 0, 0, 0, 0, 0], [0, 0, 0, 0, 0, 0, 0, 0, 0, 0, 0, 0, 0, 0, 0, 0, 0, 0, 0], [0, 0, 0, 0, 0, 0, 0, 0, 0, 0, 0, 0, 0, 0, 0, 0, 0, 0, 0], [0, 0, 0, 0, 0, 0, 0, 0, 0, 0, 0, 0, 0, 0, 0, 0, 0, 0, 0], [0, 0, 0, 0, 0, 0, 0, 0, 0, 9, 0, 0, 0, 0, 0, 0, 0, 0, 0], [0, 0, 0, 0, 0, 0, 0, 0, 0, 0, 0, 0, 0, 0, 0, 0, 0, 0, 0], [0, 0, 0, 0, 0, 0, 0, 0, 0, 0, 0, 0, 0, 0, 0, 0, 0, 0, 0], [0, 0, 0, 0, 0, 0, 0, 0, 0, 0, 0, 0, 0, 0, 0, 0, 0, 0, 0], [0, 0, 0, 0, 0, 0, 0, 0, 0, 0, 0, 0, 0, 0, 0, 0, 0, 0, 0], [0, 0, 0, 0, 0, 0, 0, 0, 0, 0, 0, 0, 0, 0, 0, 0, 0, 0, 0], [0, 0, 0, 0, 0, 0, 0, 0, 0, 0, 0, 0, 0, 0, 0, 0, 0, 0, 0], [0, 0, 0, 0, 0, 0, 0, 0, 0, 0, 0, 0, 0, 0, 0, 0, 0, 0, 0], [0, 0, 0, 0, 0, 0, 0, 0, 0, 0, 0, 0, 0, 0, 0, 0, 0, 0, 0]], "output": [[0, 0, 0, 0, 0, 0, 0, 0, 0, 5, 0, 9, 0, 9, 0, 9, 0, 9, 0], [0, 0, 0, 0, 0, 0, 0, 0, 0, 5, 0, 9, 0, 9, 0, 9, 0, 9, 0], [0, 0, 0, 0, 0, 0, 0, 0, 0, 5, 0, 9, 0, 9, 0, 9, 0, 9, 0], [0, 0, 0, 0, 0, 0, 0, 0, 0, 5, 0, 9, 0, 9, 0, 9, 0, 9, 0], [0, 0, 0, 0, 0, 0, 0, 0, 0, 5, 0, 9, 0, 9, 0, 9, 0, 9, 0], [0, 0, 0, 0, 0, 0, 0, 0, 0, 5, 0, 9, 0, 9, 0, 9, 0, 9, 0], [0, 0, 0, 0, 0, 0, 0, 0, 0, 5, 0, 9, 0, 9, 0, 9, 0, 9, 0], [0, 0, 0, 0, 0, 0, 0, 0, 0, 5, 0, 9, 0, 9, 0, 9, 0, 9, 0], [5, 5, 5, 5, 5, 5, 5, 5, 5, 5, 5, 5, 5, 5, 5, 5, 5, 5, 5], [0, 0, 0, 0, 0, 0, 0, 0, 0, 5, 0, 9, 0, 9, 0, 9, 0, 9, 0], [9, 9, 9, 9, 9, 9, 9, 9, 9, 5, 9, 9, 9, 9, 9, 9, 9, 9, 9], [0, 0, 0, 0, 0, 0, 0, 0, 0, 5, 0, 9, 0, 9, 0, 9, 0, 9, 0], [9, 9, 9, 9, 9, 9, 9, 9, 9, 5, 9, 9, 9, 9, 9, 9, 9, 9, 9], [0, 0, 0, 0, 0, 0, 0, 0, 0, 5, 0, 9, 0, 9, 0, 9, 0, 9, 0], [9, 9, 9, 9, 9, 9, 9, 9, 9, 5, 9, 9, 9, 9, 9, 9, 9, 9, 9], [0, 0, 0, 0, 0, 0, 0, 0, 0, 5, 0, 9, 0, 9, 0, 9, 0, 9, 0], [9, 9, 9, 9, 9, 9, 9, 9, 9, 5, 9, 9, 9, 9, 9, 9, 9, 9, 9]]}, {"input": [[0, 0, 0, 0, 0, 0, 0, 0, 0, 0, 0, 0, 0, 0, 0], [0, 0, 0, 0, 0, 0, 0, 0, 0, 0, 0, 0, 0, 0, 0], [0, 0, 0, 0, 0, 0, 0, 0, 0, 0, 0, 0, 0, 0, 0], [0, 0, 0, 0, 0, 0, 0, 0, 0, 0, 0, 0, 0, 0, 0], [0, 0, 0, 0, 0, 0, 0, 0, 0, 0, 0, 0, 0, 0, 0], [0, 0, 0, 0, 0, 0, 0, 0, 0, 0, 0, 0, 0, 0, 0], [0, 0, 0, 0, 0, 0, 0, 0, 0, 0, 0, 0, 0, 0, 0], [0, 0, 0, 0, 0, 0, 0, 0, 0, 0, 0, 0, 0, 0, 0], [0, 0, 0, 0, 0, 0, 0, 0, 0, 0, 0, 0, 0, 0, 0], [0, 0, 0, 0, 0, 0, 0, 7, 0, 0, 0, 0, 0, 0, 0], [0, 0, 0, 0, 0, 0, 0, 0, 0, 0, 0, 0, 0, 0, 0], [0, 0, 0, 0, 0, 0, 0, 0, 0, 0, 0, 0, 0, 0, 0], [0, 0, 0, 0, 0, 0, 0, 0, 0, 0, 0, 0, 0, 0, 0], [0, 0, 0, 0, 0, 0, 0, 0, 0, 0, 0, 0, 0, 0, 0], [0, 0, 0, 0, 0, 0, 0, 0, 0, 0, 0, 0, 0, 0, 0], [0, 0, 0, 0, 0, 0, 0, 0, 0, 0, 0, 0, 0, 0, 0], [0, 0, 0, 0, 0, 0, 0, 0, 0, 0, 0, 0, 0, 0, 0], [0, 0, 0, 0, 0, 0, 0, 0, 0, 0, 0, 0, 0, 0, 0], [0, 0, 0, 0, 0, 0, 0, 0, 0, 0, 0, 0, 0, 0, 0]], "output": [[0, 0, 0, 0, 0, 0, 0, 5, 0, 7, 0, 7, 0, 7, 0], [0, 0, 0, 0, 0, 0, 0, 5, 0, 7, 0, 7, 0, 7, 0], [0, 0, 0, 0, 0, 0, 0, 5, 0, 7, 0, 7, 0, 7, 0], [0, 0, 0, 0, 0, 0, 0, 5, 0, 7, 0, 7, 0, 7, 0], [0, 0, 0, 0, 0, 0, 0, 5, 0, 7, 0, 7, 0, 7, 0], [0, 0, 0, 0, 0, 0, 0, 5, 0, 7, 0, 7, 0, 7, 0], [0, 0, 0, 0, 0, 0, 0, 5, 0, 7, 0, 7, 0, 7, 0], [0, 0, 0, 0, 0, 0, 0, 5, 0, 7, 0, 7, 0, 7, 0], [0, 0, 0, 0, 0, 0, 0, 5, 0, 7, 0, 7, 0, 7, 0], [5, 5, 5, 5, 5, 5, 5, 5, 5, 5, 5, 5, 5, 5, 5], [0, 0, 0, 0, 0, 0, 0, 5, 0, 7, 0, 7, 0, 7, 0], [7, 7, 7, 7, 7, 7, 7, 5, 7, 7, 7, 7, 7, 7, 7], [0, 0, 0, 0, 0, 0, 0, 5, 0, 7, 0, 7, 0, 7, 0], [7, 7, 7, 7, 7, 7, 7, 5, 7, 7, 7, 7, 7, 7, 7], [0, 0, 0, 0, 0, 0, 0, 5, 0, 7, 0, 7, 0, 7, 0], [7, 7, 7, 7, 7, 7, 7, 5, 7, 7, 7, 7, 7, 7, 7], [0, 0, 0, 0, 0, 0, 0, 5, 0, 7, 0, 7, 0, 7, 0], [7, 7, 7, 7, 7, 7, 7, 5, 7, 7, 7, 7, 7, 7, 7], [0, 0, 0, 0, 0, 0, 0, 5, 0, 7, 0, 7, 0, 7, 0]]}, {"input": [[0, 0, 0, 0, 0, 0, 0, 0, 0, 0, 0], [0, 0, 0, 0, 0, 0, 0, 0, 0, 0, 0], [0, 0, 0, 0, 0, 0, 0, 0, 0, 0, 0], [0, 0, 0, 0, 0, 1, 0, 0, 0, 0, 0], [0, 0, 0, 0, 0, 0, 0, 0, 0, 0, 0], [0, 0, 0, 0, 0, 0, 0, 0, 0, 0, 0], [0, 0, 0, 0, 0, 0, 0, 0, 0, 0, 0]], "output": [[0, 0, 0, 0, 0, 5, 0, 1, 0, 1, 0], [0, 0, 0, 0, 0, 5, 0, 1, 0, 1, 0], [0, 0, 0, 0, 0, 5, 0, 1, 0, 1, 0], [5, 5, 5, 5, 5, 5, 5, 5, 5, 5, 5], [0, 0, 0, 0, 0, 5, 0, 1, 0, 1, 0], [1, 1, 1, 1, 1, 5, 1, 1, 1, 1, 1], [0, 0, 0, 0, 0, 5, 0, 1, 0, 1, 0]]}, {"input": [[0, 0, 0, 0, 0, 0, 0, 0, 0, 0, 0, 0, 0], [0, 0, 0, 0, 0, 0, 0, 0, 0, 0, 0, 0, 0], [0, 0, 0, 0, 0, 0, 0, 0, 0, 0, 0, 0, 0], [0, 0, 0, 0, 0, 0, 0, 0, 0, 0, 0, 0, 0], [0, 0, 0, 0, 0, 0, 0, 0, 0, 0, 0, 0, 0], [0, 0, 0, 0, 0, 0, 0, 0, 0, 0, 0, 0, 0], [0, 0, 0, 0, 0, 0, 4, 0, 0, 0, 0, 0, 0], [0, 0, 0, 0, 0, 0, 0, 0, 0, 0, 0, 0, 0], [0, 0, 0, 0, 0, 0, 0, 0, 0, 0, 0, 0, 0], [0, 0, 0, 0, 0, 0, 0, 0, 0, 0, 0, 0, 0], [0, 0, 0, 0, 0, 0, 0, 0, 0, 0, 0, 0, 0], [0, 0, 0, 0, 0, 0, 0, 0, 0, 0, 0, 0, 0], [0, 0, 0, 0, 0, 0, 0, 0, 0, 0, 0, 0, 0]], "output": [[0, 0, 0, 0, 0, 0, 5, 0, 4, 0, 4, 0, 4], [0, 0, 0, 0, 0, 0, 5, 0, 4, 0, 4, 0, 4], [0, 0, 0, 0, 0, 0, 5, 0, 4, 0, 4, 0, 4], [0, 0, 0, 0, 0, 0, 5, 0, 4, 0, 4, 0, 4], [0, 0, 0, 0, 0, 0, 5, 0, 4, 0, 4, 0, 4], [0, 0, 0, 0, 0, 0, 5, 0, 4, 0, 4, 0, 4], [5, 5, 5, 5, 5, 5, 5, 5, 5, 5, 5, 5, 5], [0, 0, 0, 0, 0, 0, 5, 0, 4, 0, 4, 0, 4], [4, 4, 4, 4, 4, 4, 5, 4, 4, 4, 4, 4, 4], [0, 0, 0, 0, 0, 0, 5, 0, 4, 0, 4, 0, 4], [4, 4, 4, 4, 4, 4, 5, 4, 4, 4, 4, 4, 4], [0, 0, 0, 0, 0, 0, 5, 0, 4, 0, 4, 0, 4], [4, 4, 4, 4, 4, 4, 5, 4, 4, 4, 4, 4, 4]]}, {"input": [[0, 0, 0, 0, 0, 0, 0, 0, 0, 0, 0, 0, 0, 0, 0, 0, 0], [0, 0, 0, 0, 0, 0, 0, 0, 0, 0, 0, 0, 0, 0, 0, 0, 0], [0, 0, 0, 0, 0, 0, 0, 0, 0, 0, 0, 0, 0, 0, 0, 0, 0], [0, 0, 0, 0, 0, 0, 0, 0, 0, 0, 0, 0, 0, 0, 0, 0, 0], [0, 0, 0, 0, 0, 0, 0, 0, 0, 0, 0, 0, 0, 0, 0, 0, 0], [0, 0, 0, 0, 0, 0, 0, 0, 3, 0, 0, 0, 0, 0, 0, 0, 0], [0, 0, 0, 0, 0, 0, 0, 0, 0, 0, 0, 0, 0, 0, 0, 0, 0], [0, 0, 0, 0, 0, 0, 0, 0, 0, 0, 0, 0, 0, 0, 0, 0, 0], [0, 0, 0, 0, 0, 0, 0, 0, 0, 0, 0, 0, 0, 0, 0, 0, 0], [0, 0, 0, 0, 0, 0, 0, 0, 0, 0, 0, 0, 0, 0, 0, 0, 0], [0, 0, 0, 0, 0, 0, 0, 0, 0, 0, 0, 0, 0, 0, 0, 0, 0]], "output": [[0, 0, 0, 0, 0, 0, 0, 0, 5, 0, 3, 0, 3, 0, 3, 0, 3], [0, 0, 0, 0, 0, 0, 0, 0, 5, 0, 3, 0, 3, 0, 3, 0, 3], [0, 0, 0, 0, 0, 0, 0, 0, 5, 0, 3, 0, 3, 0, 3, 0, 3], [0, 0, 0, 0, 0, 0, 0, 0, 5, 0, 3, 0, 3, 0, 3, 0, 3], [0, 0, 0, 0, 0, 0, 0, 0, 5, 0, 3, 0, 3, 0, 3, 0, 3], [5, 5, 5, 5, 5, 5, 5, 5, 5, 5, 5, 5, 5, 5, 5, 5, 5], [0, 0, 0, 0, 0, 0, 0, 0, 5, 0, 3, 0, 3, 0, 3, 0, 3], [3, 3, 3, 3, 3, 3, 3, 3, 5, 3, 3, 3, 3, 3, 3, 3, 3], [0, 0, 0, 0, 0, 0, 0, 0, 5, 0, 3, 0, 3, 0, 3, 0, 3], [3, 3, 3, 3, 3, 3, 3, 3, 5, 3, 3, 3, 3, 3, 3, 3, 3], [0, 0, 0, 0, 0, 0, 0, 0, 5, 0, 3, 0, 3, 0, 3, 0, 3]]}, {"input": [[0, 0, 0, 0, 0, 0, 0], [0, 0, 0, 0, 0, 0, 0], [0, 0, 0, 0, 0, 0, 0], [0, 0, 0, 0, 0, 0, 0], [0, 0, 0, 2, 0, 0, 0], [0, 0, 0, 0, 0, 0, 0], [0, 0, 0, 0, 0, 0, 0], [0, 0, 0, 0, 0, 0, 0], [0, 0, 0, 0, 0, 0, 0]], "output": [[0, 0, 0, 5, 0, 2, 0], [0, 0, 0, 5, 0, 2, 0], [0, 0, 0, 5, 0, 2, 0], [0, 0, 0, 5, 0, 2, 0], [5, 5, 5, 5, 5, 5, 5], [0, 0, 0, 5, 0, 2, 0], [2, 2, 2, 5, 2, 2, 2], [0, 0, 0, 5, 0, 2, 0], [2, 2, 2, 5, 2, 2, 2]]}, {"input": [[0, 0, 0, 0, 0, 0, 0, 0, 0, 0, 0, 0, 0, 0, 0, 0, 0, 0, 0], [0, 0, 0, 0, 0, 0, 0, 0, 0, 0, 0, 0, 0, 0, 0, 0, 0, 0, 0], [0, 0, 0, 0, 0, 0, 0, 0, 0, 0, 0, 0, 0, 0, 0, 0, 0, 0, 0], [0, 0, 0, 0, 0, 0, 0, 0, 0, 0, 0, 0, 0, 0, 0, 0, 0, 0, 0], [0, 0, 0, 0, 0, 0, 0, 0, 0, 0, 0, 0, 0, 0, 0, 0, 0, 0, 0], [0, 0, 0, 0, 0, 0, 0, 0, 0, 0, 0, 0, 0, 0, 0, 0, 0, 0, 0], [0, 0, 0, 0, 0, 0, 0, 0, 0, 0, 0, 0, 0, 0, 0, 0, 0, 0, 0], [0, 0, 0, 0, 0, 0, 0, 0, 0, 4, 0, 0, 0, 0, 0, 0, 0, 0, 0], [0, 0, 0, 0, 0, 0, 0, 0, 0, 0, 0, 0, 0, 0, 0, 0, 0, 0, 0], [0, 0, 0, 0, 0, 0, 0, 0, 0, 0, 0, 0, 0, 0, 0, 0, 0, 0, 0], [0, 0, 0, 0, 0, 0, 0, 0, 0, 0, 0, 0, 0, 0, 0, 0, 0, 0, 0], [0, 0, 0, 0, 0, 0, 0, 0, 0, 0, 0, 0, 0, 0, 0, 0, 0, 0, 0], [0, 0, 0, 0, 0, 0, 0, 0, 0, 0, 0, 0, 0, 0, 0, 0, 0, 0, 0], [0, 0, 0, 0, 0, 0, 0, 0, 0, 0, 0, 0, 0, 0, 0, 0, 0, 0, 0], [0, 0, 0, 0, 0, 0, 0, 0, 0, 0, 0, 0, 0, 0, 0, 0, 0, 0, 0]], "output": [[0, 0, 0, 0, 0, 0, 0, 0, 0, 5, 0, 4, 0, 4, 0, 4, 0, 4, 0], [0, 0, 0, 0, 0, 0, 0, 0, 0, 5, 0, 4, 0, 4, 0, 4, 0, 4, 0], [0, 0, 0, 0, 0, 0, 0, 0, 0, 5, 0, 4, 0, 4, 0, 4, 0, 4, 0], [0, 0, 0, 0, 0, 0, 0, 0, 0, 5, 0, 4, 0, 4, 0, 4, 0, 4, 0], [0, 0, 0, 0, 0, 0, 0, 0, 0, 5, 0, 4, 0, 4, 0, 4, 0, 4, 0], [0, 0, 0, 0, 0, 0, 0, 0, 0, 5, 0, 4, 0, 4, 0, 4, 0, 4, 0], [0, 0, 0, 0, 0, 0, 0, 0, 0, 5, 0, 4, 0, 4, 0, 4, 0, 4, 0], [5, 5, 5, 5, 5, 5, 5, 5, 5, 5, 5, 5, 5, 5, 5, 5, 5, 5, 5], [0, 0, 0, 0, 0, 0, 0, 0, 0, 5, 0, 4, 0, 4, 0, 4, 0, 4, 0], [4, 4, 4, 4, 4, 4, 4, 4, 4, 5, 4, 4, 4, 4, 4, 4, 4, 4, 4], [0, 0, 0, 0, 0, 0, 0, 0, 0, 5, 0, 4, 0, 4, 0, 4, 0, 4, 0], [4, 4, 4, 4, 4, 4, 4, 4, 4, 5, 4, 4, 4, 4, 4, 4, 4, 4, 4], [0, 0, 0, 0, 0, 0, 0, 0, 0, 5, 0, 4, 0, 4, 0, 4, 0, 4, 0], [4, 4, 4, 4, 4, 4, 4, 4, 4, 5, 4, 4, 4, 4, 4, 4, 4, 4, 4], [0, 0, 0, 0, 0, 0, 0, 0, 0, 5, 0, 4, 0, 4, 0, 4, 0, 4, 0]]}, {"input": [[0, 0, 0, 0, 0, 0, 0, 0, 0, 0, 0, 0, 0, 0, 0], [0, 0, 0, 0, 0, 0, 0, 0, 0, 0, 0, 0, 0, 0, 0], [0, 0, 0, 0, 0, 0, 0, 0, 0, 0, 0, 0, 0, 0, 0], [0, 0, 0, 0, 0, 0, 0, 4, 0, 0, 0, 0, 0, 0, 0], [0, 0, 0, 0, 0, 0, 0, 0, 0, 0, 0, 0, 0, 0, 0], [0, 0, 0, 0, 0, 0, 0, 0, 0, 0, 0, 0, 0, 0, 0], [0, 0, 0, 0, 0, 0, 0, 0, 0, 0, 0, 0, 0, 0, 0]], "output": [[0, 0, 0, 0, 0, 0, 0, 5, 0, 4, 0, 4, 0, 4, 0], [0, 0, 0, 0, 0, 0, 0, 5, 0, 4, 0, 4, 0, 4, 0], [0, 0, 0, 0, 0, 0, 0, 5, 0, 4, 0, 4, 0, 4, 0], [5, 5, 5, 5, 5, 5, 5, 5, 5, 5, 5, 5, 5, 5, 5], [0, 0, 0, 0, 0, 0, 0, 5, 0, 4, 0, 4, 0, 4, 0], [4, 4, 4, 4, 4, 4, 4, 5, 4, 4, 4, 4, 4, 4, 4], [0, 0, 0, 0, 0, 0, 0, 5, 0, 4, 0, 4, 0, 4, 0]]}, {"input": [[0, 0, 0, 0, 0, 0, 0, 0, 0, 0, 0, 0, 0, 0, 0], [0, 0, 0, 0, 0, 0, 0, 0, 0, 0, 0, 0, 0, 0, 0], [0, 0, 0, 0, 0, 0, 0, 3, 0, 0, 0, 0, 0, 0, 0], [0, 0, 0, 0, 0, 0, 0, 0, 0, 0, 0, 0, 0, 0, 0], [0, 0, 0, 0, 0, 0, 0, 0, 0, 0, 0, 0, 0, 0, 0]], "output": [[0, 0, 0, 0, 0, 0, 0, 5, 0, 3, 0, 3, 0, 3, 0], [0, 0, 0, 0, 0, 0, 0, 5, 0, 3, 0, 3, 0, 3, 0], [5, 5, 5, 5, 5, 5, 5, 5, 5, 5, 5, 5, 5, 5, 5], [0, 0, 0, 0, 0, 0, 0, 5, 0, 3, 0, 3, 0, 3, 0], [3, 3, 3, 3, 3, 3, 3, 5, 3, 3, 3, 3, 3, 3, 3]]}, {"input": [[0, 0, 0, 0, 0, 0, 0], [0, 0, 0, 0, 0, 0, 0], [0, 0, 0, 0, 0, 0, 0], [0, 0, 0, 0, 0, 0, 0], [0, 0, 0, 0, 0, 0, 0], [0, 0, 0, 0, 0, 0, 0], [0, 0, 0, 0, 0, 0, 0], [0, 0, 0, 8, 0, 0, 0], [0, 0, 0, 0, 0, 0, 0], [0, 0, 0, 0, 0, 0, 0], [0, 0, 0, 0, 0, 0, 0], [0, 0, 0, 0, 0, 0, 0], [0, 0, 0, 0, 0, 0, 0], [0, 0, 0, 0, 0, 0, 0], [0, 0, 0, 0, 0, 0, 0]], "output": [[0, 0, 0, 5, 0, 8, 0], [0, 0, 0, 5, 0, 8, 0], [0, 0, 0, 5, 0, 8, 0], [0, 0, 0, 5, 0, 8, 0], [0, 0, 0, 5, 0, 8, 0], [0, 0, 0, 5, 0, 8, 0], [0, 0, 0, 5, 0, 8, 0], [5, 5, 5, 5, 5, 5, 5], [0, 0, 0, 5, 0, 8, 0], [8, 8, 8, 5, 8, 8, 8], [0, 0, 0, 5, 0, 8, 0], [8, 8, 8, 5, 8, 8, 8], [0, 0, 0, 5, 0, 8, 0], [8, 8, 8, 5, 8, 8, 8], [0, 0, 0, 5, 0, 8, 0]]}, {"input": [[0, 0, 0, 0, 0, 0, 0], [0, 0, 0, 0, 0, 0, 0], [0, 0, 0, 0, 0, 0, 0], [0, 0, 0, 0, 0, 0, 0], [0, 0, 0, 0, 0, 0, 0], [0, 0, 0, 0, 0, 0, 0], [0, 0, 0, 0, 0, 0, 0], [0, 0, 0, 0, 0, 0, 0], [0, 0, 0, 4, 0, 0, 0], [0, 0, 0, 0, 0, 0, 0], [0, 0, 0, 0, 0, 0, 0], [0, 0, 0, 0, 0, 0, 0], [0, 0, 0, 0, 0, 0, 0], [0, 0, 0, 0, 0, 0, 0], [0, 0, 0, 0, 0, 0, 0], [0, 0, 0, 0, 0, 0, 0], [0, 0, 0, 0, 0, 0, 0]], "output": [[0, 0, 0, 5, 0, 4, 0], [0, 0, 0, 5, 0, 4, 0], [0, 0, 0, 5, 0, 4, 0], [0, 0, 0, 5, 0, 4, 0], [0, 0, 0, 5, 0, 4, 0], [0, 0, 0, 5, 0, 4, 0], [0, 0, 0, 5, 0, 4, 0], [0, 0, 0, 5, 0, 4, 0], [5, 5, 5, 5, 5, 5, 5], [0, 0, 0, 5, 0, 4, 0], [4, 4, 4, 5, 4, 4, 4], [0, 0, 0, 5, 0, 4, 0], [4, 4, 4, 5, 4, 4, 4], [0, 0, 0, 5, 0, 4, 0], [4, 4, 4, 5, 4, 4, 4], [0, 0, 0, 5, 0, 4, 0], [4, 4, 4, 5, 4, 4, 4]]}, {"input": [[0, 0, 0, 0, 0, 0, 0, 0, 0, 0, 0, 0, 0, 0, 0, 0, 0], [0, 0, 0, 0, 0, 0, 0, 0, 0, 0, 0, 0, 0, 0, 0, 0, 0], [0, 0, 0, 0, 0, 0, 0, 0, 0, 0, 0, 0, 0, 0, 0, 0, 0], [0, 0, 0, 0, 0, 0, 0, 0, 0, 0, 0, 0, 0, 0, 0, 0, 0], [0, 0, 0, 0, 0, 0, 0, 0, 0, 0, 0, 0, 0, 0, 0, 0, 0], [0, 0, 0, 0, 0, 0, 0, 0, 0, 0, 0, 0, 0, 0, 0, 0, 0], [0, 0, 0, 0, 0, 0, 0, 0, 2, 0, 0, 0, 0, 0, 0, 0, 0], [0, 0, 0, 0, 0, 0, 0, 0, 0, 0, 0, 0, 0, 0, 0, 0, 0], [0, 0, 0, 0, 0, 0, 0, 0, 0, 0, 0, 0, 0, 0, 0, 0, 0], [0, 0, 0, 0, 0, 0, 0, 0, 0, 0, 0, 0, 0, 0, 0, 0, 0], [0, 0, 0, 0, 0, 0, 0, 0, 0, 0, 0, 0, 0, 0, 0, 0, 0], [0, 0, 0, 0, 0, 0, 0, 0, 0, 0, 0, 0, 0, 0, 0, 0, 0], [0, 0, 0, 0, 0, 0, 0, 0, 0, 0, 0, 0, 0, 0, 0, 0, 0]], "output": [[0, 0, 0, 0, 0, 0, 0, 0, 5, 0, 2, 0, 2, 0, 2, 0, 2], [0, 0, 0, 0, 0, 0, 0, 0, 5, 0, 2, 0, 2, 0, 2, 0, 2], [0, 0, 0, 0, 0, 0, 0, 0, 5, 0, 2, 0, 2, 0, 2, 0, 2], [0, 0, 0, 0, 0, 0, 0, 0, 5, 0, 2, 0, 2, 0, 2, 0, 2], [0, 0, 0, 0, 0, 0, 0, 0, 5, 0, 2, 0, 2, 0, 2, 0, 2], [0, 0, 0, 0, 0, 0, 0, 0, 5, 0, 2, 0, 2, 0, 2, 0, 2], [5, 5, 5, 5, 5, 5, 5, 5, 5, 5, 5, 5, 5, 5, 5, 5, 5], [0, 0, 0, 0, 0, 0, 0, 0, 5, 0, 2, 0, 2, 0, 2, 0, 2], [2, 2, 2, 2, 2, 2, 2, 2, 5, 2, 2, 2, 2, 2, 2, 2, 2], [0, 0, 0, 0, 0, 0, 0, 0, 5, 0, 2, 0, 2, 0, 2, 0, 2], [2, 2, 2, 2, 2, 2, 2, 2, 5, 2, 2, 2, 2, 2, 2, 2, 2], [0, 0, 0, 0, 0, 0, 0, 0, 5, 0, 2, 0, 2, 0, 2, 0, 2], [2, 2, 2, 2, 2, 2, 2, 2, 5, 2, 2, 2, 2, 2, 2, 2, 2]]}, {"input": [[0, 0, 0, 0, 0, 0, 0], [0, 0, 0, 0, 0, 0, 0], [0, 0, 0, 8, 0, 0, 0], [0, 0, 0, 0, 0, 0, 0], [0, 0, 0, 0, 0, 0, 0]], "output": [[0, 0, 0, 5, 0, 8, 0], [0, 0, 0, 5, 0, 8, 0], [5, 5, 5, 5, 5, 5, 5], [0, 0, 0, 5, 0, 8, 0], [8, 8, 8, 5, 8, 8, 8]]}, {"input": [[0, 0, 0, 0, 0], [0, 0, 0, 0, 0], [0, 0, 0, 0, 0], [0, 0, 0, 0, 0], [0, 0, 0, 0, 0], [0, 0, 0, 0, 0], [0, 0, 0, 0, 0], [0, 0, 3, 0, 0], [0, 0, 0, 0, 0], [0, 0, 0, 0, 0], [0, 0, 0, 0, 0], [0, 0, 0, 0, 0], [0, 0, 0, 0, 0], [0, 0, 0, 0, 0], [0, 0, 0, 0, 0]], "output": [[0, 0, 5, 0, 3], [0, 0, 5, 0, 3], [0, 0, 5, 0, 3], [0, 0, 5, 0, 3], [0, 0, 5, 0, 3], [0, 0, 5, 0, 3], [0, 0, 5, 0, 3], [5, 5, 5, 5, 5], [0, 0, 5, 0, 3], [3, 3, 5, 3, 3], [0, 0, 5, 0, 3], [3, 3, 5, 3, 3], [0, 0, 5, 0, 3], [3, 3, 5, 3, 3], [0, 0, 5, 0, 3]]}, {"input": [[0, 0, 0, 0, 0, 0, 0, 0, 0, 0, 0, 0, 0], [0, 0, 0, 0, 0, 0, 0, 0, 0, 0, 0, 0, 0], [0, 0, 0, 0, 0, 0, 0, 0, 0, 0, 0, 0, 0], [0, 0, 0, 0, 0, 0, 0, 0, 0, 0, 0, 0, 0], [0, 0, 0, 0, 0, 0, 0, 0, 0, 0, 0, 0, 0], [0, 0, 0, 0, 0, 0, 0, 0, 0, 0, 0, 0, 0], [0, 0, 0, 0, 0, 0, 0, 0, 0, 0, 0, 0, 0], [0, 0, 0, 0, 0, 0, 0, 0, 0, 0, 0, 0, 0], [0, 0, 0, 0, 0, 0, 0, 0, 0, 0, 0, 0, 0], [0, 0, 0, 0, 0, 0, 7, 0, 0, 0, 0, 0, 0], [0, 0, 0, 0, 0, 0, 0, 0, 0, 0, 0, 0, 0], [0, 0, 0, 0, 0, 0, 0, 0, 0, 0, 0, 0, 0], [0, 0, 0, 0, 0, 0, 0, 0, 0, 0, 0, 0, 0], [0, 0, 0, 0, 0, 0, 0, 0, 0, 0, 0, 0, 0], [0, 0, 0, 0, 0, 0, 0, 0, 0, 0, 0, 0, 0], [0, 0, 0, 0, 0, 0, 0, 0, 0, 0, 0, 0, 0], [0, 0, 0, 0, 0, 0, 0, 0, 0, 0, 0, 0, 0], [0, 0, 0, 0, 0, 0, 0, 0, 0, 0, 0, 0, 0], [0, 0, 0, 0, 0, 0, 0, 0, 0, 0, 0, 0, 0]], "output": [[0, 0, 0, 0, 0, 0, 5, 0, 7, 0, 7, 0, 7], [0, 0, 0, 0, 0, 0, 5, 0, 7, 0, 7, 0, 7], [0, 0, 0, 0, 0, 0, 5, 0, 7, 0, 7, 0, 7], [0, 0, 0, 0, 0, 0, 5, 0, 7, 0, 7, 0, 7], [0, 0, 0, 0, 0, 0, 5, 0, 7, 0, 7, 0, 7], [0, 0, 0, 0, 0, 0, 5, 0, 7, 0, 7, 0, 7], [0, 0, 0, 0, 0, 0, 5, 0, 7, 0, 7, 0, 7], [0, 0, 0, 0, 0, 0, 5, 0, 7, 0, 7, 0, 7], [0, 0, 0, 0, 0, 0, 5, 0, 7, 0, 7, 0, 7], [5, 5, 5, 5, 5, 5, 5, 5, 5, 5, 5, 5, 5], [0, 0, 0, 0, 0, 0, 5, 0, 7, 0, 7, 0, 7], [7, 7, 7, 7, 7, 7, 5, 7, 7, 7, 7, 7, 7], [0, 0, 0, 0, 0, 0, 5, 0, 7, 0, 7, 0, 7], [7, 7, 7, 7, 7, 7, 5, 7, 7, 7, 7, 7, 7], [0, 0, 0, 0, 0, 0, 5, 0, 7, 0, 7, 0, 7], [7, 7, 7, 7, 7, 7, 5, 7, 7, 7, 7, 7, 7], [0, 0, 0, 0, 0, 0, 5, 0, 7, 0, 7, 0, 7], [7, 7, 7, 7, 7, 7, 5, 7, 7, 7, 7, 7, 7], [0, 0, 0, 0, 0, 0, 5, 0, 7, 0, 7, 0, 7]]}, {"input": [[0, 0, 0, 0, 0, 0, 0, 0, 0, 0, 0, 0, 0, 0, 0, 0, 0, 0, 0], [0, 0, 0, 0, 0, 0, 0, 0, 0, 0, 0, 0, 0, 0, 0, 0, 0, 0, 0], [0, 0, 0, 0, 0, 0, 0, 0, 0, 0, 0, 0, 0, 0, 0, 0, 0, 0, 0], [0, 0, 0, 0, 0, 0, 0, 0, 0, 0, 0, 0, 0, 0, 0, 0, 0, 0, 0], [0, 0, 0, 0, 0, 0, 0, 0, 0, 0, 0, 0, 0, 0, 0, 0, 0, 0, 0], [0, 0, 0, 0, 0, 0, 0, 0, 0, 8, 0, 0, 0, 0, 0, 0, 0, 0, 0], [0, 0, 0, 0, 0, 0, 0, 0, 0, 0, 0, 0, 0, 0, 0, 0, 0, 0, 0], [0, 0, 0, 0, 0, 0, 0, 0, 0, 0, 0, 0, 0, 0, 0, 0, 0, 0, 0], [0, 0, 0, 0, 0, 0, 0, 0, 0, 0, 0, 0, 0, 0, 0, 0, 0, 0, 0], [0, 0, 0, 0, 0, 0, 0, 0, 0, 0, 0, 0, 0, 0, 0, 0, 0, 0, 0], [0, 0, 0, 0, 0, 0, 0, 0, 0, 0, 0, 0, 0, 0, 0, 0, 0, 0, 0]], "output": [[0, 0, 0, 0, 0, 0, 0, 0, 0, 5, 0, 8, 0, 8, 0, 8, 0, 8, 0], [0, 0, 0, 0, 0, 0, 0, 0, 0, 5, 0, 8, 0, 8, 0, 8, 0, 8, 0], [0, 0, 0, 0, 0, 0, 0, 0, 0, 5, 0, 8, 0, 8, 0, 8, 0, 8, 0], [0, 0, 0, 0, 0, 0, 0, 0, 0, 5, 0, 8, 0, 8, 0, 8, 0, 8, 0], [0, 0, 0, 0, 0, 0, 0, 0, 0, 5, 0, 8, 0, 8, 0, 8, 0, 8, 0], [5, 5, 5, 5, 5, 5, 5, 5, 5, 5, 5, 5, 5, 5, 5, 5, 5, 5, 5], [0, 0, 0, 0, 0, 0, 0, 0, 0, 5, 0, 8, 0, 8, 0, 8, 0, 8, 0], [8, 8, 8, 8, 8, 8, 8, 8, 8, 5, 8, 8, 8, 8, 8, 8, 8, 8, 8], [0, 0, 0, 0, 0, 0, 0, 0, 0, 5, 0, 8, 0, 8, 0, 8, 0, 8, 0], [8, 8, 8, 8, 8, 8, 8, 8, 8, 5, 8, 8, 8, 8, 8, 8, 8, 8, 8], [0, 0, 0, 0, 0, 0, 0, 0, 0, 5, 0, 8, 0, 8, 0, 8, 0, 8, 0]]}, {"input": [[0, 0, 0, 0, 0, 0, 0, 0, 0, 0, 0, 0, 0, 0, 0, 0, 0], [0, 0, 0, 0, 0, 0, 0, 0, 0, 0, 0, 0, 0, 0, 0, 0, 0], [0, 0, 0, 0, 0, 0, 0, 0, 0, 0, 0, 0, 0, 0, 0, 0, 0], [0, 0, 0, 0, 0, 0, 0, 0, 0, 0, 0, 0, 0, 0, 0, 0, 0], [0, 0, 0, 0, 0, 0, 0, 0, 0, 0, 0, 0, 0, 0, 0, 0, 0], [0, 0, 0, 0, 0, 0, 0, 0, 0, 0, 0, 0, 0, 0, 0, 0, 0], [0, 0, 0, 0, 0, 0, 0, 0, 0, 0, 0, 0, 0, 0, 0, 0, 0], [0, 0, 0, 0, 0, 0, 0, 0, 0, 0, 0, 0, 0, 0, 0, 0, 0], [0, 0, 0, 0, 0, 0, 0, 0, 0, 0, 0, 0, 0, 0, 0, 0, 0], [0, 0, 0, 0, 0, 0, 0, 0, 8, 0, 0, 0, 0, 0, 0, 0, 0], [0, 0, 0, 0, 0, 0, 0, 0, 0, 0, 0, 0, 0, 0, 0, 0, 0], [0, 0, 0, 0, 0, 0, 0, 0, 0, 0, 0, 0, 0, 0, 0, 0, 0], [0, 0, 0, 0, 0, 0, 0, 0, 0, 0, 0, 0, 0, 0, 0, 0, 0], [0, 0, 0, 0, 0, 0, 0, 0, 0, 0, 0, 0, 0, 0, 0, 0, 0], [0, 0, 0, 0, 0, 0, 0, 0, 0, 0, 0, 0, 0, 0, 0, 0, 0], [0, 0, 0, 0, 0, 0, 0, 0, 0, 0, 0, 0, 0, 0, 0, 0, 0], [0, 0, 0, 0, 0, 0, 0, 0, 0, 0, 0, 0, 0, 0, 0, 0, 0], [0, 0, 0, 0, 0, 0, 0, 0, 0, 0, 0, 0, 0, 0, 0, 0, 0], [0, 0, 0, 0, 0, 0, 0, 0, 0, 0, 0, 0, 0, 0, 0, 0, 0]], "output": [[0, 0, 0, 0, 0, 0, 0, 0, 5, 0, 8, 0, 8, 0, 8, 0, 8], [0, 0, 0, 0, 0, 0, 0, 0, 5, 0, 8, 0, 8, 0, 8, 0, 8], [0, 0, 0, 0, 0, 0, 0, 0, 5, 0, 8, 0, 8, 0, 8, 0, 8], [0, 0, 0, 0, 0, 0, 0, 0, 5, 0, 8, 0, 8, 0, 8, 0, 8], [0, 0, 0, 0, 0, 0, 0, 0, 5, 0, 8, 0, 8, 0, 8, 0, 8], [0, 0, 0, 0, 0, 0, 0, 0, 5, 0, 8, 0, 8, 0, 8, 0, 8], [0, 0, 0, 0, 0, 0, 0, 0, 5, 0, 8, 0, 8, 0, 8, 0, 8], [0, 0, 0, 0, 0, 0, 0, 0, 5, 0, 8, 0, 8, 0, 8, 0, 8], [0, 0, 0, 0, 0, 0, 0, 0, 5, 0, 8, 0, 8, 0, 8, 0, 8], [5, 5, 5, 5, 5, 5, 5, 5, 5, 5, 5, 5, 5, 5, 5, 5, 5], [0, 0, 0, 0, 0, 0, 0, 0, 5, 0, 8, 0, 8, 0, 8, 0, 8], [8, 8, 8, 8, 8, 8, 8, 8, 5, 8, 8, 8, 8, 8, 8, 8, 8], [0, 0, 0, 0, 0, 0, 0, 0, 5, 0, 8, 0, 8, 0, 8, 0, 8], [8, 8, 8, 8, 8, 8, 8, 8, 5, 8, 8, 8, 8, 8, 8, 8, 8], [0, 0, 0, 0, 0, 0, 0, 0, 5, 0, 8, 0, 8, 0, 8, 0, 8], [8, 8, 8, 8, 8, 8, 8, 8, 5, 8, 8, 8, 8, 8, 8, 8, 8], [0, 0, 0, 0, 0, 0, 0, 0, 5, 0, 8, 0, 8, 0, 8, 0, 8], [8, 8, 8, 8, 8, 8, 8, 8, 5, 8, 8, 8, 8, 8, 8, 8, 8], [0, 0, 0, 0, 0, 0, 0, 0, 5, 0, 8, 0, 8, 0, 8, 0, 8]]}, {"input": [[0, 0, 0, 0, 0, 0, 0], [0, 0, 0, 0, 0, 0, 0], [0, 0, 0, 0, 0, 0, 0], [0, 0, 0, 6, 0, 0, 0], [0, 0, 0, 0, 0, 0, 0], [0, 0, 0, 0, 0, 0, 0], [0, 0, 0, 0, 0, 0, 0]], "output": [[0, 0, 0, 5, 0, 6, 0], [0, 0, 0, 5, 0, 6, 0], [0, 0, 0, 5, 0, 6, 0], [5, 5, 5, 5, 5, 5, 5], [0, 0, 0, 5, 0, 6, 0], [6, 6, 6, 5, 6, 6, 6], [0, 0, 0, 5, 0, 6, 0]]}, {"input": [[0, 0, 0, 0, 0, 0, 0, 0, 0], [0, 0, 0, 0, 0, 0, 0, 0, 0], [0, 0, 0, 0, 0, 0, 0, 0, 0], [0, 0, 0, 0, 0, 0, 0, 0, 0], [0, 0, 0, 0, 0, 0, 0, 0, 0], [0, 0, 0, 0, 6, 0, 0, 0, 0], [0, 0, 0, 0, 0, 0, 0, 0, 0], [0, 0, 0, 0, 0, 0, 0, 0, 0], [0, 0, 0, 0, 0, 0, 0, 0, 0], [0, 0, 0, 0, 0, 0, 0, 0, 0], [0, 0, 0, 0, 0, 0, 0, 0, 0]], "output": [[0, 0, 0, 0, 5, 0, 6, 0, 6], [0, 0, 0, 0, 5, 0, 6, 0, 6], [0, 0, 0, 0, 5, 0, 6, 0, 6], [0, 0, 0, 0, 5, 0, 6, 0, 6], [0, 0, 0, 0, 5, 0, 6, 0, 6], [5, 5, 5, 5, 5, 5, 5, 5, 5], [0, 0, 0, 0, 5, 0, 6, 0, 6], [6, 6, 6, 6, 5, 6, 6, 6, 6], [0, 0, 0, 0, 5, 0, 6, 0, 6], [6, 6, 6, 6, 5, 6, 6, 6, 6], [0, 0, 0, 0, 5, 0, 6, 0, 6]]}, {"input": [[0, 0, 0, 0, 0, 0, 0, 0, 0], [0, 0, 0, 0, 0, 0, 0, 0, 0], [0, 0, 0, 0, 0, 0, 0, 0, 0], [0, 0, 0, 0, 0, 0, 0, 0, 0], [0, 0, 0, 0, 0, 0, 0, 0, 0], [0, 0, 0, 0, 0, 0, 0, 0, 0], [0, 0, 0, 0, 0, 0, 0, 0, 0], [0, 0, 0, 0, 0, 0, 0, 0, 0], [0, 0, 0, 0, 9, 0, 0, 0, 0], [0, 0, 0, 0, 0, 0, 0, 0, 0], [0, 0, 0, 0, 0, 0, 0, 0, 0], [0, 0, 0, 0, 0, 0, 0, 0, 0], [0, 0, 0, 0, 0, 0, 0, 0, 0], [0, 0, 0, 0, 0, 0, 0, 0, 0], [0, 0, 0, 0, 0, 0, 0, 0, 0], [0, 0, 0, 0, 0, 0, 0, 0, 0], [0, 0, 0, 0, 0, 0, 0, 0, 0]], "output": [[0, 0, 0, 0, 5, 0, 9, 0, 9], [0, 0, 0, 0, 5, 0, 9, 0, 9], [0, 0, 0, 0, 5, 0, 9, 0, 9], [0, 0, 0, 0, 5, 0, 9, 0, 9], [0, 0, 0, 0, 5, 0, 9, 0, 9], [0, 0, 0, 0, 5, 0, 9, 0, 9], [0, 0, 0, 0, 5, 0, 9, 0, 9], [0, 0, 0, 0, 5, 0, 9, 0, 9], [5, 5, 5, 5, 5, 5, 5, 5, 5], [0, 0, 0, 0, 5, 0, 9, 0, 9], [9, 9, 9, 9, 5, 9, 9, 9, 9], [0, 0, 0, 0, 5, 0, 9, 0, 9], [9, 9, 9, 9, 5, 9, 9, 9, 9], [0, 0, 0, 0, 5, 0, 9, 0, 9], [9, 9, 9, 9, 5, 9, 9, 9, 9], [0, 0, 0, 0, 5, 0, 9, 0, 9], [9, 9, 9, 9, 5, 9, 9, 9, 9]]}, {"input": [[0, 0, 0, 0, 0], [0, 0, 0, 0, 0], [0, 0, 0, 0, 0], [0, 0, 7, 0, 0], [0, 0, 0, 0, 0], [0, 0, 0, 0, 0], [0, 0, 0, 0, 0]], "output": [[0, 0, 5, 0, 7], [0, 0, 5, 0, 7], [0, 0, 5, 0, 7], [5, 5, 5, 5, 5], [0, 0, 5, 0, 7], [7, 7, 5, 7, 7], [0, 0, 5, 0, 7]]}, {"input": [[0, 0, 0, 0, 0, 0, 0, 0, 0, 0, 0, 0, 0, 0, 0, 0, 0], [0, 0, 0, 0, 0, 0, 0, 0, 0, 0, 0, 0, 0, 0, 0, 0, 0], [0, 0, 0, 0, 0, 0, 0, 0, 0, 0, 0, 0, 0, 0, 0, 0, 0], [0, 0, 0, 0, 0, 0, 0, 0, 6, 0, 0, 0, 0, 0, 0, 0, 0], [0, 0, 0, 0, 0, 0, 0, 0, 0, 0, 0, 0, 0, 0, 0, 0, 0], [0, 0, 0, 0, 0, 0, 0, 0, 0, 0, 0, 0, 0, 0, 0, 0, 0], [0, 0, 0, 0, 0, 0, 0, 0, 0, 0, 0, 0, 0, 0, 0, 0, 0]], "output": [[0, 0, 0, 0, 0, 0, 0, 0, 5, 0, 6, 0, 6, 0, 6, 0, 6], [0, 0, 0, 0, 0, 0, 0, 0, 5, 0, 6, 0, 6, 0, 6, 0, 6], [0, 0, 0, 0, 0, 0, 0, 0, 5, 0, 6, 0, 6, 0, 6, 0, 6], [5, 5, 5, 5, 5, 5, 5, 5, 5, 5, 5, 5, 5, 5, 5, 5, 5], [0, 0, 0, 0, 0, 0, 0, 0, 5, 0, 6, 0, 6, 0, 6, 0, 6], [6, 6, 6, 6, 6, 6, 6, 6, 5, 6, 6, 6, 6, 6, 6, 6, 6], [0, 0, 0, 0, 0, 0, 0, 0, 5, 0, 6, 0, 6, 0, 6, 0, 6]]}, {"input": [[0, 0, 0, 0, 0, 0, 0, 0, 0, 0, 0, 0, 0, 0, 0], [0, 0, 0, 0, 0, 0, 0, 0, 0, 0, 0, 0, 0, 0, 0], [0, 0, 0, 0, 0, 0, 0, 0, 0, 0, 0, 0, 0, 0, 0], [0, 0, 0, 0, 0, 0, 0, 0, 0, 0, 0, 0, 0, 0, 0], [0, 0, 0, 0, 0, 0, 0, 0, 0, 0, 0, 0, 0, 0, 0], [0, 0, 0, 0, 0, 0, 0, 7, 0, 0, 0, 0, 0, 0, 0], [0, 0, 0, 0, 0, 0, 0, 0, 0, 0, 0, 0, 0, 0, 0], [0, 0, 0, 0, 0, 0, 0, 0, 0, 0, 0, 0, 0, 0, 0], [0, 0, 0, 0, 0, 0, 0, 0, 0, 0, 0, 0, 0, 0, 0], [0, 0, 0, 0, 0, 0, 0, 0, 0, 0, 0, 0, 0, 0, 0], [0, 0, 0, 0, 0, 0, 0, 0, 0, 0, 0, 0, 0, 0, 0]], "output": [[0, 0, 0, 0, 0, 0, 0, 5, 0, 7, 0, 7, 0, 7, 0], [0, 0, 0, 0, 0, 0, 0, 5, 0, 7, 0, 7, 0, 7, 0], [0, 0, 0, 0, 0, 0, 0, 5, 0, 7, 0, 7, 0, 7, 0], [0, 0, 0, 0, 0, 0, 0, 5, 0, 7, 0, 7, 0, 7, 0], [0, 0, 0, 0, 0, 0, 0, 5, 0, 7, 0, 7, 0, 7, 0], [5, 5, 5, 5, 5, 5, 5, 5, 5, 5, 5, 5, 5, 5, 5], [0, 0, 0, 0, 0, 0, 0, 5, 0, 7, 0, 7, 0, 7, 0], [7, 7, 7, 7, 7, 7, 7, 5, 7, 7, 7, 7, 7, 7, 7], [0, 0, 0, 0, 0, 0, 0, 5, 0, 7, 0, 7, 0, 7, 0], [7, 7, 7, 7, 7, 7, 7, 5, 7, 7, 7, 7, 7, 7, 7], [0, 0, 0, 0, 0, 0, 0, 5, 0, 7, 0, 7, 0, 7, 0]]}, {"input": [[0, 0, 0, 0, 0, 0, 0, 0, 0, 0, 0, 0, 0, 0, 0], [0, 0, 0, 0, 0, 0, 0, 0, 0, 0, 0, 0, 0, 0, 0], [0, 0, 0, 0, 0, 0, 0, 0, 0, 0, 0, 0, 0, 0, 0], [0, 0, 0, 0, 0, 0, 0, 0, 0, 0, 0, 0, 0, 0, 0], [0, 0, 0, 0, 0, 0, 0, 0, 0, 0, 0, 0, 0, 0, 0], [0, 0, 0, 0, 0, 0, 0, 0, 0, 0, 0, 0, 0, 0, 0], [0, 0, 0, 0, 0, 0, 0, 0, 0, 0, 0, 0, 0, 0, 0], [0, 0, 0, 0, 0, 0, 0, 9, 0, 0, 0, 0, 0, 0, 0], [0, 0, 0, 0, 0, 0, 0, 0, 0, 0, 0, 0, 0, 0, 0], [0, 0, 0, 0, 0, 0, 0, 0, 0, 0, 0, 0, 0, 0, 0], [0, 0, 0, 0, 0, 0, 0, 0, 0, 0, 0, 0, 0, 0, 0], [0, 0, 0, 0, 0, 0, 0, 0, 0, 0, 0, 0, 0, 0, 0], [0, 0, 0, 0, 0, 0, 0, 0, 0, 0, 0, 0, 0, 0, 0], [0, 0, 0, 0, 0, 0, 0, 0, 0, 0, 0, 0, 0, 0, 0], [0, 0, 0, 0, 0, 0, 0, 0, 0, 0, 0, 0, 0, 0, 0]], "output": [[0, 0, 0, 0, 0, 0, 0, 5, 0, 9, 0, 9, 0, 9, 0], [0, 0, 0, 0, 0, 0, 0, 5, 0, 9, 0, 9, 0, 9, 0], [0, 0, 0, 0, 0, 0, 0, 5, 0, 9, 0, 9, 0, 9, 0], [0, 0, 0, 0, 0, 0, 0, 5, 0, 9, 0, 9, 0, 9, 0], [0, 0, 0, 0, 0, 0, 0, 5, 0, 9, 0, 9, 0, 9, 0], [0, 0, 0, 0, 0, 0, 0, 5, 0, 9, 0, 9, 0, 9, 0], [0, 0, 0, 0, 0, 0, 0, 5, 0, 9, 0, 9, 0, 9, 0], [5, 5, 5, 5, 5, 5, 5, 5, 5, 5, 5, 5, 5, 5, 5], [0, 0, 0, 0, 0, 0, 0, 5, 0, 9, 0, 9, 0, 9, 0], [9, 9, 9, 9, 9, 9, 9, 5, 9, 9, 9, 9, 9, 9, 9], [0, 0, 0, 0, 0, 0, 0, 5, 0, 9, 0, 9, 0, 9, 0], [9, 9, 9, 9, 9, 9, 9, 5, 9, 9, 9, 9, 9, 9, 9], [0, 0, 0, 0, 0, 0, 0, 5, 0, 9, 0, 9, 0, 9, 0], [9, 9, 9, 9, 9, 9, 9, 5, 9, 9, 9, 9, 9, 9, 9], [0, 0, 0, 0, 0, 0, 0, 5, 0, 9, 0, 9, 0, 9, 0]]}, {"input": [[0, 0, 0, 0, 0, 0, 0, 0, 0, 0, 0], [0, 0, 0, 0, 0, 0, 0, 0, 0, 0, 0], [0, 0, 0, 0, 0, 0, 0, 0, 0, 0, 0], [0, 0, 0, 0, 0, 0, 0, 0, 0, 0, 0], [0, 0, 0, 0, 0, 0, 0, 0, 0, 0, 0], [0, 0, 0, 0, 0, 0, 0, 0, 0, 0, 0], [0, 0, 0, 0, 0, 0, 0, 0, 0, 0, 0], [0, 0, 0, 0, 0, 0, 0, 0, 0, 0, 0], [0, 0, 0, 0, 0, 8, 0, 0, 0, 0, 0], [0, 0, 0, 0, 0, 0, 0, 0, 0, 0, 0], [0, 0, 0, 0, 0, 0, 0, 0, 0, 0, 0], [0, 0, 0, 0, 0, 0, 0, 0, 0, 0, 0], [0, 0, 0, 0, 0, 0, 0, 0, 0, 0, 0], [0, 0, 0, 0, 0, 0, 0, 0, 0, 0, 0], [0, 0, 0, 0, 0, 0, 0, 0, 0, 0, 0], [0, 0, 0, 0, 0, 0, 0, 0, 0, 0, 0], [0, 0, 0, 0, 0, 0, 0, 0, 0, 0, 0]], "output": [[0, 0, 0, 0, 0, 5, 0, 8, 0, 8, 0], [0, 0, 0, 0, 0, 5, 0, 8, 0, 8, 0], [0, 0, 0, 0, 0, 5, 0, 8, 0, 8, 0], [0, 0, 0, 0, 0, 5, 0, 8, 0, 8, 0], [0, 0, 0, 0, 0, 5, 0, 8, 0, 8, 0], [0, 0, 0, 0, 0, 5, 0, 8, 0, 8, 0], [0, 0, 0, 0, 0, 5, 0, 8, 0, 8, 0], [0, 0, 0, 0, 0, 5, 0, 8, 0, 8, 0], [5, 5, 5, 5, 5, 5, 5, 5, 5, 5, 5], [0, 0, 0, 0, 0, 5, 0, 8, 0, 8, 0], [8, 8, 8, 8, 8, 5, 8, 8, 8, 8, 8], [0, 0, 0, 0, 0, 5, 0, 8, 0, 8, 0], [8, 8, 8, 8, 8, 5, 8, 8, 8, 8, 8], [0, 0, 0, 0, 0, 5, 0, 8, 0, 8, 0], [8, 8, 8, 8, 8, 5, 8, 8, 8, 8, 8], [0, 0, 0, 0, 0, 5, 0, 8, 0, 8, 0], [8, 8, 8, 8, 8, 5, 8, 8, 8, 8, 8]]}, {"input": [[0, 0, 0, 0, 0, 0, 0, 0, 0, 0, 0, 0, 0], [0, 0, 0, 0, 0, 0, 0, 0, 0, 0, 0, 0, 0], [0, 0, 0, 0, 0, 0, 0, 0, 0, 0, 0, 0, 0], [0, 0, 0, 0, 0, 0, 2, 0, 0, 0, 0, 0, 0], [0, 0, 0, 0, 0, 0, 0, 0, 0, 0, 0, 0, 0], [0, 0, 0, 0, 0, 0, 0, 0, 0, 0, 0, 0, 0], [0, 0, 0, 0, 0, 0, 0, 0, 0, 0, 0, 0, 0]], "output": [[0, 0, 0, 0, 0, 0, 5, 0, 2, 0, 2, 0, 2], [0, 0, 0, 0, 0, 0, 5, 0, 2, 0, 2, 0, 2], [0, 0, 0, 0, 0, 0, 5, 0, 2, 0, 2, 0, 2], [5, 5, 5, 5, 5, 5, 5, 5, 5, 5, 5, 5, 5], [0, 0, 0, 0, 0, 0, 5, 0, 2, 0, 2, 0, 2], [2, 2, 2, 2, 2, 2, 5, 2, 2, 2, 2, 2, 2], [0, 0, 0, 0, 0, 0, 5, 0, 2, 0, 2, 0, 2]]}, {"input": [[0, 0, 0, 0, 0, 0, 0, 0, 0, 0, 0, 0, 0, 0, 0], [0, 0, 0, 0, 0, 0, 0, 0, 0, 0, 0, 0, 0, 0, 0], [0, 0, 0, 0, 0, 0, 0, 1, 0, 0, 0, 0, 0, 0, 0], [0, 0, 0, 0, 0, 0, 0, 0, 0, 0, 0, 0, 0, 0, 0], [0, 0, 0, 0, 0, 0, 0, 0, 0, 0, 0, 0, 0, 0, 0]], "output": [[0, 0, 0, 0, 0, 0, 0, 5, 0, 1, 0, 1, 0, 1, 0], [0, 0, 0, 0, 0, 0, 0, 5, 0, 1, 0, 1, 0, 1, 0], [5, 5, 5, 5, 5, 5, 5, 5, 5, 5, 5, 5, 5, 5, 5], [0, 0, 0, 0, 0, 0, 0, 5, 0, 1, 0, 1, 0, 1, 0], [1, 1, 1, 1, 1, 1, 1, 5, 1, 1, 1, 1, 1, 1, 1]]}, {"input": [[0, 0, 0, 0, 0, 0, 0, 0, 0, 0, 0, 0, 0], [0, 0, 0, 0, 0, 0, 0, 0, 0, 0, 0, 0, 0], [0, 0, 0, 0, 0, 0, 0, 0, 0, 0, 0, 0, 0], [0, 0, 0, 0, 0, 0, 8, 0, 0, 0, 0, 0, 0], [0, 0, 0, 0, 0, 0, 0, 0, 0, 0, 0, 0, 0], [0, 0, 0, 0, 0, 0, 0, 0, 0, 0, 0, 0, 0], [0, 0, 0, 0, 0, 0, 0, 0, 0, 0, 0, 0, 0]], "output": [[0, 0, 0, 0, 0, 0, 5, 0, 8, 0, 8, 0, 8], [0, 0, 0, 0, 0, 0, 5, 0, 8, 0, 8, 0, 8], [0, 0, 0, 0, 0, 0, 5, 0, 8, 0, 8, 0, 8], [5, 5, 5, 5, 5, 5, 5, 5, 5, 5, 5, 5, 5], [0, 0, 0, 0, 0, 0, 5, 0, 8, 0, 8, 0, 8], [8, 8, 8, 8, 8, 8, 5, 8, 8, 8, 8, 8, 8], [0, 0, 0, 0, 0, 0, 5, 0, 8, 0, 8, 0, 8]]}, {"input": [[0, 0, 0, 0, 0], [0, 0, 0, 0, 0], [0, 0, 0, 0, 0], [0, 0, 0, 0, 0], [0, 0, 3, 0, 0], [0, 0, 0, 0, 0], [0, 0, 0, 0, 0], [0, 0, 0, 0, 0], [0, 0, 0, 0, 0]], "output": [[0, 0, 5, 0, 3], [0, 0, 5, 0, 3], [0, 0, 5, 0, 3], [0, 0, 5, 0, 3], [5, 5, 5, 5, 5], [0, 0, 5, 0, 3], [3, 3, 5, 3, 3], [0, 0, 5, 0, 3], [3, 3, 5, 3, 3]]}, {"input": [[0, 0, 0, 0, 0], [0, 0, 0, 0, 0], [0, 0, 3, 0, 0], [0, 0, 0, 0, 0], [0, 0, 0, 0, 0]], "output": [[0, 0, 5, 0, 3], [0, 0, 5, 0, 3], [5, 5, 5, 5, 5], [0, 0, 5, 0, 3], [3, 3, 5, 3, 3]]}, {"input": [[0, 0, 0, 0, 0, 0, 0, 0, 0, 0, 0, 0, 0, 0, 0, 0, 0], [0, 0, 0, 0, 0, 0, 0, 0, 0, 0, 0, 0, 0, 0, 0, 0, 0], [0, 0, 0, 0, 0, 0, 0, 0, 0, 0, 0, 0, 0, 0, 0, 0, 0], [0, 0, 0, 0, 0, 0, 0, 0, 0, 0, 0, 0, 0, 0, 0, 0, 0], [0, 0, 0, 0, 0, 0, 0, 0, 6, 0, 0, 0, 0, 0, 0, 0, 0], [0, 0, 0, 0, 0, 0, 0, 0, 0, 0, 0, 0, 0, 0, 0, 0, 0], [0, 0, 0, 0, 0, 0, 0, 0, 0, 0, 0, 0, 0, 0, 0, 0, 0], [0, 0, 0, 0, 0, 0, 0, 0, 0, 0, 0, 0, 0, 0, 0, 0, 0], [0, 0, 0, 0, 0, 0, 0, 0, 0, 0, 0, 0, 0, 0, 0, 0, 0]], "output": [[0, 0, 0, 0, 0, 0, 0, 0, 5, 0, 6, 0, 6, 0, 6, 0, 6], [0, 0, 0, 0, 0, 0, 0, 0, 5, 0, 6, 0, 6, 0, 6, 0, 6], [0, 0, 0, 0, 0, 0, 0, 0, 5, 0, 6, 0, 6, 0, 6, 0, 6], [0, 0, 0, 0, 0, 0, 0, 0, 5, 0, 6, 0, 6, 0, 6, 0, 6], [5, 5, 5, 5, 5, 5, 5, 5, 5, 5, 5, 5, 5, 5, 5, 5, 5], [0, 0, 0, 0, 0, 0, 0, 0, 5, 0, 6, 0, 6, 0, 6, 0, 6], [6, 6, 6, 6, 6, 6, 6, 6, 5, 6, 6, 6, 6, 6, 6, 6, 6], [0, 0, 0, 0, 0, 0, 0, 0, 5, 0, 6, 0, 6, 0, 6, 0, 6], [6, 6, 6, 6, 6, 6, 6, 6, 5, 6, 6, 6, 6, 6, 6, 6, 6]]}, {"input": [[0, 0, 0, 0, 0, 0, 0], [0, 0, 0, 0, 0, 0, 0], [0, 0, 0, 0, 0, 0, 0], [0, 0, 0, 3, 0, 0, 0], [0, 0, 0, 0, 0, 0, 0], [0, 0, 0, 0, 0, 0, 0], [0, 0, 0, 0, 0, 0, 0]], "output": [[0, 0, 0, 5, 0, 3, 0], [0, 0, 0, 5, 0, 3, 0], [0, 0, 0, 5, 0, 3, 0], [5, 5, 5, 5, 5, 5, 5], [0, 0, 0, 5, 0, 3, 0], [3, 3, 3, 5, 3, 3, 3], [0, 0, 0, 5, 0, 3, 0]]}, {"input": [[0, 0, 0, 0, 0, 0, 0, 0, 0, 0, 0], [0, 0, 0, 0, 0, 0, 0, 0, 0, 0, 0], [0, 0, 0, 0, 0, 0, 0, 0, 0, 0, 0], [0, 0, 0, 0, 0, 0, 0, 0, 0, 0, 0], [0, 0, 0, 0, 0, 0, 0, 0, 0, 0, 0], [0, 0, 0, 0, 0, 0, 0, 0, 0, 0, 0], [0, 0, 0, 0, 0, 0, 0, 0, 0, 0, 0], [0, 0, 0, 0, 0, 0, 0, 0, 0, 0, 0], [0, 0, 0, 0, 0, 3, 0, 0, 0, 0, 0], [0, 0, 0, 0, 0, 0, 0, 0, 0, 0, 0], [0, 0, 0, 0, 0, 0, 0, 0, 0, 0, 0], [0, 0, 0, 0, 0, 0, 0, 0, 0, 0, 0], [0, 0, 0, 0, 0, 0, 0, 0, 0, 0, 0], [0, 0, 0, 0, 0, 0, 0, 0, 0, 0, 0], [0, 0, 0, 0, 0, 0, 0, 0, 0, 0, 0], [0, 0, 0, 0, 0, 0, 0, 0, 0, 0, 0], [0, 0, 0, 0, 0, 0, 0, 0, 0, 0, 0]], "output": [[0, 0, 0, 0, 0, 5, 0, 3, 0, 3, 0], [0, 0, 0, 0, 0, 5, 0, 3, 0, 3, 0], [0, 0, 0, 0, 0, 5, 0, 3, 0, 3, 0], [0, 0, 0, 0, 0, 5, 0, 3, 0, 3, 0], [0, 0, 0, 0, 0, 5, 0, 3, 0, 3, 0], [0, 0, 0, 0, 0, 5, 0, 3, 0, 3, 0], [0, 0, 0, 0, 0, 5, 0, 3, 0, 3, 0], [0, 0, 0, 0, 0, 5, 0, 3, 0, 3, 0], [5, 5, 5, 5, 5, 5, 5, 5, 5, 5, 5], [0, 0, 0, 0, 0, 5, 0, 3, 0, 3, 0], [3, 3, 3, 3, 3, 5, 3, 3, 3, 3, 3], [0, 0, 0, 0, 0, 5, 0, 3, 0, 3, 0], [3, 3, 3, 3, 3, 5, 3, 3, 3, 3, 3], [0, 0, 0, 0, 0, 5, 0, 3, 0, 3, 0], [3, 3, 3, 3, 3, 5, 3, 3, 3, 3, 3], [0, 0, 0, 0, 0, 5, 0, 3, 0, 3, 0], [3, 3, 3, 3, 3, 5, 3, 3, 3, 3, 3]]}, {"input": [[0, 0, 0, 0, 0, 0, 0, 0, 0, 0, 0, 0, 0, 0, 0, 0, 0], [0, 0, 0, 0, 0, 0, 0, 0, 0, 0, 0, 0, 0, 0, 0, 0, 0], [0, 0, 0, 0, 0, 0, 0, 0, 0, 0, 0, 0, 0, 0, 0, 0, 0], [0, 0, 0, 0, 0, 0, 0, 0, 0, 0, 0, 0, 0, 0, 0, 0, 0], [0, 0, 0, 0, 0, 0, 0, 0, 0, 0, 0, 0, 0, 0, 0, 0, 0], [0, 0, 0, 0, 0, 0, 0, 0, 0, 0, 0, 0, 0, 0, 0, 0, 0], [0, 0, 0, 0, 0, 0, 0, 0, 9, 0, 0, 0, 0, 0, 0, 0, 0], [0, 0, 0, 0, 0, 0, 0, 0, 0, 0, 0, 0, 0, 0, 0, 0, 0], [0, 0, 0, 0, 0, 0, 0, 0, 0, 0, 0, 0, 0, 0, 0, 0, 0], [0, 0, 0, 0, 0, 0, 0, 0, 0, 0, 0, 0, 0, 0, 0, 0, 0], [0, 0, 0, 0, 0, 0, 0, 0, 0, 0, 0, 0, 0, 0, 0, 0, 0], [0, 0, 0, 0, 0, 0, 0, 0, 0, 0, 0, 0, 0, 0, 0, 0, 0], [0, 0, 0, 0, 0, 0, 0, 0, 0, 0, 0, 0, 0, 0, 0, 0, 0]], "output": [[0, 0, 0, 0, 0, 0, 0, 0, 5, 0, 9, 0, 9, 0, 9, 0, 9], [0, 0, 0, 0, 0, 0, 0, 0, 5, 0, 9, 0, 9, 0, 9, 0, 9], [0, 0, 0, 0, 0, 0, 0, 0, 5, 0, 9, 0, 9, 0, 9, 0, 9], [0, 0, 0, 0, 0, 0, 0, 0, 5, 0, 9, 0, 9, 0, 9, 0, 9], [0, 0, 0, 0, 0, 0, 0, 0, 5, 0, 9, 0, 9, 0, 9, 0, 9], [0, 0, 0, 0, 0, 0, 0, 0, 5, 0, 9, 0, 9, 0, 9, 0, 9], [5, 5, 5, 5, 5, 5, 5, 5, 5, 5, 5, 5, 5, 5, 5, 5, 5], [0, 0, 0, 0, 0, 0, 0, 0, 5, 0, 9, 0, 9, 0, 9, 0, 9], [9, 9, 9, 9, 9, 9, 9, 9, 5, 9, 9, 9, 9, 9, 9, 9, 9], [0, 0, 0, 0, 0, 0, 0, 0, 5, 0, 9, 0, 9, 0, 9, 0, 9], [9, 9, 9, 9, 9, 9, 9, 9, 5, 9, 9, 9, 9, 9, 9, 9, 9], [0, 0, 0, 0, 0, 0, 0, 0, 5, 0, 9, 0, 9, 0, 9, 0, 9], [9, 9, 9, 9, 9, 9, 9, 9, 5, 9, 9, 9, 9, 9, 9, 9, 9]]}, {"input": [[0, 0, 0, 0, 0, 0, 0, 0, 0, 0, 0, 0, 0, 0, 0, 0, 0, 0, 0], [0, 0, 0, 0, 0, 0, 0, 0, 0, 0, 0, 0, 0, 0, 0, 0, 0, 0, 0], [0, 0, 0, 0, 0, 0, 0, 0, 0, 0, 0, 0, 0, 0, 0, 0, 0, 0, 0], [0, 0, 0, 0, 0, 0, 0, 0, 0, 0, 0, 0, 0, 0, 0, 0, 0, 0, 0], [0, 0, 0, 0, 0, 0, 0, 0, 0, 1, 0, 0, 0, 0, 0, 0, 0, 0, 0], [0, 0, 0, 0, 0, 0, 0, 0, 0, 0, 0, 0, 0, 0, 0, 0, 0, 0, 0], [0, 0, 0, 0, 0, 0, 0, 0, 0, 0, 0, 0, 0, 0, 0, 0, 0, 0, 0], [0, 0, 0, 0, 0, 0, 0, 0, 0, 0, 0, 0, 0, 0, 0, 0, 0, 0, 0], [0, 0, 0, 0, 0, 0, 0, 0, 0, 0, 0, 0, 0, 0, 0, 0, 0, 0, 0]], "output": [[0, 0, 0, 0, 0, 0, 0, 0, 0, 5, 0, 1, 0, 1, 0, 1, 0, 1, 0], [0, 0, 0, 0, 0, 0, 0, 0, 0, 5, 0, 1, 0, 1, 0, 1, 0, 1, 0], [0, 0, 0, 0, 0, 0, 0, 0, 0, 5, 0, 1, 0, 1, 0, 1, 0, 1, 0], [0, 0, 0, 0, 0, 0, 0, 0, 0, 5, 0, 1, 0, 1, 0, 1, 0, 1, 0], [5, 5, 5, 5, 5, 5, 5, 5, 5, 5, 5, 5, 5, 5, 5, 5, 5, 5, 5], [0, 0, 0, 0, 0, 0, 0, 0, 0, 5, 0, 1, 0, 1, 0, 1, 0, 1, 0], [1, 1, 1, 1, 1, 1, 1, 1, 1, 5, 1, 1, 1, 1, 1, 1, 1, 1, 1], [0, 0, 0, 0, 0, 0, 0, 0, 0, 5, 0, 1, 0, 1, 0, 1, 0, 1, 0], [1, 1, 1, 1, 1, 1, 1, 1, 1, 5, 1, 1, 1, 1, 1, 1, 1, 1, 1]]}, {"input": [[0, 0, 0, 0, 0, 0, 0, 0, 0], [0, 0, 0, 0, 0, 0, 0, 0, 0], [0, 0, 0, 0, 0, 0, 0, 0, 0], [0, 0, 0, 0, 0, 0, 0, 0, 0], [0, 0, 0, 0, 0, 0, 0, 0, 0], [0, 0, 0, 0, 0, 0, 0, 0, 0], [0, 0, 0, 0, 0, 0, 0, 0, 0], [0, 0, 0, 0, 0, 0, 0, 0, 0], [0, 0, 0, 0, 7, 0, 0, 0, 0], [0, 0, 0, 0, 0, 0, 0, 0, 0], [0, 0, 0, 0, 0, 0, 0, 0, 0], [0, 0, 0, 0, 0, 0, 0, 0, 0], [0, 0, 0, 0, 0, 0, 0, 0, 0], [0, 0, 0, 0, 0, 0, 0, 0, 0], [0, 0, 0, 0, 0, 0, 0, 0, 0], [0, 0, 0, 0, 0, 0, 0, 0, 0], [0, 0, 0, 0, 0, 0, 0, 0, 0]], "output": [[0, 0, 0, 0, 5, 0, 7, 0, 7], [0, 0, 0, 0, 5, 0, 7, 0, 7], [0, 0, 0, 0, 5, 0, 7, 0, 7], [0, 0, 0, 0, 5, 0, 7, 0, 7], [0, 0, 0, 0, 5, 0, 7, 0, 7], [0, 0, 0, 0, 5, 0, 7, 0, 7], [0, 0, 0, 0, 5, 0, 7, 0, 7], [0, 0, 0, 0, 5, 0, 7, 0, 7], [5, 5, 5, 5, 5, 5, 5, 5, 5], [0, 0, 0, 0, 5, 0, 7, 0, 7], [7, 7, 7, 7, 5, 7, 7, 7, 7], [0, 0, 0, 0, 5, 0, 7, 0, 7], [7, 7, 7, 7, 5, 7, 7, 7, 7], [0, 0, 0, 0, 5, 0, 7, 0, 7], [7, 7, 7, 7, 5, 7, 7, 7, 7], [0, 0, 0, 0, 5, 0, 7, 0, 7], [7, 7, 7, 7, 5, 7, 7, 7, 7]]}, {"input": [[0, 0, 0, 0, 0, 0, 0, 0, 0, 0, 0, 0, 0, 0, 0, 0, 0, 0, 0], [0, 0, 0, 0, 0, 0, 0, 0, 0, 0, 0, 0, 0, 0, 0, 0, 0, 0, 0], [0, 0, 0, 0, 0, 0, 0, 0, 0, 0, 0, 0, 0, 0, 0, 0, 0, 0, 0], [0, 0, 0, 0, 0, 0, 0, 0, 0, 6, 0, 0, 0, 0, 0, 0, 0, 0, 0], [0, 0, 0, 0, 0, 0, 0, 0, 0, 0, 0, 0, 0, 0, 0, 0, 0, 0, 0], [0, 0, 0, 0, 0, 0, 0, 0, 0, 0, 0, 0, 0, 0, 0, 0, 0, 0, 0], [0, 0, 0, 0, 0, 0, 0, 0, 0, 0, 0, 0, 0, 0, 0, 0, 0, 0, 0]], "output": [[0, 0, 0, 0, 0, 0, 0, 0, 0, 5, 0, 6, 0, 6, 0, 6, 0, 6, 0], [0, 0, 0, 0, 0, 0, 0, 0, 0, 5, 0, 6, 0, 6, 0, 6, 0, 6, 0], [0, 0, 0, 0, 0, 0, 0, 0, 0, 5, 0, 6, 0, 6, 0, 6, 0, 6, 0], [5, 5, 5, 5, 5, 5, 5, 5, 5, 5, 5, 5, 5, 5, 5, 5, 5, 5, 5], [0, 0, 0, 0, 0, 0, 0, 0, 0, 5, 0, 6, 0, 6, 0, 6, 0, 6, 0], [6, 6, 6, 6, 6, 6, 6, 6, 6, 5, 6, 6, 6, 6, 6, 6, 6, 6, 6], [0, 0, 0, 0, 0, 0, 0, 0, 0, 5, 0, 6, 0, 6, 0, 6, 0, 6, 0]]}, {"input": [[0, 0, 0, 0, 0, 0, 0, 0, 0, 0, 0, 0, 0, 0, 0, 0, 0, 0, 0], [0, 0, 0, 0, 0, 0, 0, 0, 0, 0, 0, 0, 0, 0, 0, 0, 0, 0, 0], [0, 0, 0, 0, 0, 0, 0, 0, 0, 0, 0, 0, 0, 0, 0, 0, 0, 0, 0], [0, 0, 0, 0, 0, 0, 0, 0, 0, 0, 0, 0, 0, 0, 0, 0, 0, 0, 0], [0, 0, 0, 0, 0, 0, 0, 0, 0, 4, 0, 0, 0, 0, 0, 0, 0, 0, 0], [0, 0, 0, 0, 0, 0, 0, 0, 0, 0, 0, 0, 0, 0, 0, 0, 0, 0, 0], [0, 0, 0, 0, 0, 0, 0, 0, 0, 0, 0, 0, 0, 0, 0, 0, 0, 0, 0], [0, 0, 0, 0, 0, 0, 0, 0, 0, 0, 0, 0, 0, 0, 0, 0, 0, 0, 0], [0, 0, 0, 0, 0, 0, 0, 0, 0, 0, 0, 0, 0, 0, 0, 0, 0, 0, 0]], "output": [[0, 0, 0, 0, 0, 0, 0, 0, 0, 5, 0, 4, 0, 4, 0, 4, 0, 4, 0], [0, 0, 0, 0, 0, 0, 0, 0, 0, 5, 0, 4, 0, 4, 0, 4, 0, 4, 0], [0, 0, 0, 0, 0, 0, 0, 0, 0, 5, 0, 4, 0, 4, 0, 4, 0, 4, 0], [0, 0, 0, 0, 0, 0, 0, 0, 0, 5, 0, 4, 0, 4, 0, 4, 0, 4, 0], [5, 5, 5, 5, 5, 5, 5, 5, 5, 5, 5, 5, 5, 5, 5, 5, 5, 5, 5], [0, 0, 0, 0, 0, 0, 0, 0, 0, 5, 0, 4, 0, 4, 0, 4, 0, 4, 0], [4, 4, 4, 4, 4, 4, 4, 4, 4, 5, 4, 4, 4, 4, 4, 4, 4, 4, 4], [0, 0, 0, 0, 0, 0, 0, 0, 0, 5, 0, 4, 0, 4, 0, 4, 0, 4, 0], [4, 4, 4, 4, 4, 4, 4, 4, 4, 5, 4, 4, 4, 4, 4, 4, 4, 4, 4]]}, {"input": [[0, 0, 0, 0, 0, 0, 0, 0, 0, 0, 0, 0, 0], [0, 0, 0, 0, 0, 0, 0, 0, 0, 0, 0, 0, 0], [0, 0, 0, 0, 0, 0, 0, 0, 0, 0, 0, 0, 0], [0, 0, 0, 0, 0, 0, 0, 0, 0, 0, 0, 0, 0], [0, 0, 0, 0, 0, 0, 0, 0, 0, 0, 0, 0, 0], [0, 0, 0, 0, 0, 0, 0, 0, 0, 0, 0, 0, 0], [0, 0, 0, 0, 0, 0, 0, 0, 0, 0, 0, 0, 0], [0, 0, 0, 0, 0, 0, 7, 0, 0, 0, 0, 0, 0], [0, 0, 0, 0, 0, 0, 0, 0, 0, 0, 0, 0, 0], [0, 0, 0, 0, 0, 0, 0, 0, 0, 0, 0, 0, 0], [0, 0, 0, 0, 0, 0, 0, 0, 0, 0, 0, 0, 0], [0, 0, 0, 0, 0, 0, 0, 0, 0, 0, 0, 0, 0], [0, 0, 0, 0, 0, 0, 0, 0, 0, 0, 0, 0, 0], [0, 0, 0, 0, 0, 0, 0, 0, 0, 0, 0, 0, 0], [0, 0, 0, 0, 0, 0, 0, 0, 0, 0, 0, 0, 0]], "output": [[0, 0, 0, 0, 0, 0, 5, 0, 7, 0, 7, 0, 7], [0, 0, 0, 0, 0, 0, 5, 0, 7, 0, 7, 0, 7], [0, 0, 0, 0, 0, 0, 5, 0, 7, 0, 7, 0, 7], [0, 0, 0, 0, 0, 0, 5, 0, 7, 0, 7, 0, 7], [0, 0, 0, 0, 0, 0, 5, 0, 7, 0, 7, 0, 7], [0, 0, 0, 0, 0, 0, 5, 0, 7, 0, 7, 0, 7], [0, 0, 0, 0, 0, 0, 5, 0, 7, 0, 7, 0, 7], [5, 5, 5, 5, 5, 5, 5, 5, 5, 5, 5, 5, 5], [0, 0, 0, 0, 0, 0, 5, 0, 7, 0, 7, 0, 7], [7, 7, 7, 7, 7, 7, 5, 7, 7, 7, 7, 7, 7], [0, 0, 0, 0, 0, 0, 5, 0, 7, 0, 7, 0, 7], [7, 7, 7, 7, 7, 7, 5, 7, 7, 7, 7, 7, 7], [0, 0, 0, 0, 0, 0, 5, 0, 7, 0, 7, 0, 7], [7, 7, 7, 7, 7, 7, 5, 7, 7, 7, 7, 7, 7], [0, 0, 0, 0, 0, 0, 5, 0, 7, 0, 7, 0, 7]]}, {"input": [[0, 0, 0, 0, 0, 0, 0, 0, 0, 0, 0, 0, 0, 0, 0, 0, 0], [0, 0, 0, 0, 0, 0, 0, 0, 0, 0, 0, 0, 0, 0, 0, 0, 0], [0, 0, 0, 0, 0, 0, 0, 0, 0, 0, 0, 0, 0, 0, 0, 0, 0], [0, 0, 0, 0, 0, 0, 0, 0, 0, 0, 0, 0, 0, 0, 0, 0, 0], [0, 0, 0, 0, 0, 0, 0, 0, 0, 0, 0, 0, 0, 0, 0, 0, 0], [0, 0, 0, 0, 0, 0, 0, 0, 0, 0, 0, 0, 0, 0, 0, 0, 0], [0, 0, 0, 0, 0, 0, 0, 0, 0, 0, 0, 0, 0, 0, 0, 0, 0], [0, 0, 0, 0, 0, 0, 0, 0, 0, 0, 0, 0, 0, 0, 0, 0, 0], [0, 0, 0, 0, 0, 0, 0, 0, 3, 0, 0, 0, 0, 0, 0, 0, 0], [0, 0, 0, 0, 0, 0, 0, 0, 0, 0, 0, 0, 0, 0, 0, 0, 0], [0, 0, 0, 0, 0, 0, 0, 0, 0, 0, 0, 0, 0, 0, 0, 0, 0], [0, 0, 0, 0, 0, 0, 0, 0, 0, 0, 0, 0, 0, 0, 0, 0, 0], [0, 0, 0, 0, 0, 0, 0, 0, 0, 0, 0, 0, 0, 0, 0, 0, 0], [0, 0, 0, 0, 0, 0, 0, 0, 0, 0, 0, 0, 0, 0, 0, 0, 0], [0, 0, 0, 0, 0, 0, 0, 0, 0, 0, 0, 0, 0, 0, 0, 0, 0], [0, 0, 0, 0, 0, 0, 0, 0, 0, 0, 0, 0, 0, 0, 0, 0, 0], [0, 0, 0, 0, 0, 0, 0, 0, 0, 0, 0, 0, 0, 0, 0, 0, 0]], "output": [[0, 0, 0, 0, 0, 0, 0, 0, 5, 0, 3, 0, 3, 0, 3, 0, 3], [0, 0, 0, 0, 0, 0, 0, 0, 5, 0, 3, 0, 3, 0, 3, 0, 3], [0, 0, 0, 0, 0, 0, 0, 0, 5, 0, 3, 0, 3, 0, 3, 0, 3], [0, 0, 0, 0, 0, 0, 0, 0, 5, 0, 3, 0, 3, 0, 3, 0, 3], [0, 0, 0, 0, 0, 0, 0, 0, 5, 0, 3, 0, 3, 0, 3, 0, 3], [0, 0, 0, 0, 0, 0, 0, 0, 5, 0, 3, 0, 3, 0, 3, 0, 3], [0, 0, 0, 0, 0, 0, 0, 0, 5, 0, 3, 0, 3, 0, 3, 0, 3], [0, 0, 0, 0, 0, 0, 0, 0, 5, 0, 3, 0, 3, 0, 3, 0, 3], [5, 5, 5, 5, 5, 5, 5, 5, 5, 5, 5, 5, 5, 5, 5, 5, 5], [0, 0, 0, 0, 0, 0, 0, 0, 5, 0, 3, 0, 3, 0, 3, 0, 3], [3, 3, 3, 3, 3, 3, 3, 3, 5, 3, 3, 3, 3, 3, 3, 3, 3], [0, 0, 0, 0, 0, 0, 0, 0, 5, 0, 3, 0, 3, 0, 3, 0, 3], [3, 3, 3, 3, 3, 3, 3, 3, 5, 3, 3, 3, 3, 3, 3, 3, 3], [0, 0, 0, 0, 0, 0, 0, 0, 5, 0, 3, 0, 3, 0, 3, 0, 3], [3, 3, 3, 3, 3, 3, 3, 3, 5, 3, 3, 3, 3, 3, 3, 3, 3], [0, 0, 0, 0, 0, 0, 0, 0, 5, 0, 3, 0, 3, 0, 3, 0, 3], [3, 3, 3, 3, 3, 3, 3, 3, 5, 3, 3, 3, 3, 3, 3, 3, 3]]}, {"input": [[0, 0, 0, 0, 0, 0, 0, 0, 0, 0, 0, 0, 0], [0, 0, 0, 0, 0, 0, 0, 0, 0, 0, 0, 0, 0], [0, 0, 0, 0, 0, 0, 0, 0, 0, 0, 0, 0, 0], [0, 0, 0, 0, 0, 0, 7, 0, 0, 0, 0, 0, 0], [0, 0, 0, 0, 0, 0, 0, 0, 0, 0, 0, 0, 0], [0, 0, 0, 0, 0, 0, 0, 0, 0, 0, 0, 0, 0], [0, 0, 0, 0, 0, 0, 0, 0, 0, 0, 0, 0, 0]], "output": [[0, 0, 0, 0, 0, 0, 5, 0, 7, 0, 7, 0, 7], [0, 0, 0, 0, 0, 0, 5, 0, 7, 0, 7, 0, 7], [0, 0, 0, 0, 0, 0, 5, 0, 7, 0, 7, 0, 7], [5, 5, 5, 5, 5, 5, 5, 5, 5, 5, 5, 5, 5], [0, 0, 0, 0, 0, 0, 5, 0, 7, 0, 7, 0, 7], [7, 7, 7, 7, 7, 7, 5, 7, 7, 7, 7, 7, 7], [0, 0, 0, 0, 0, 0, 5, 0, 7, 0, 7, 0, 7]]}, {"input": [[0, 0, 0, 0, 0, 0, 0, 0, 0, 0, 0, 0, 0, 0, 0], [0, 0, 0, 0, 0, 0, 0, 0, 0, 0, 0, 0, 0, 0, 0], [0, 0, 0, 0, 0, 0, 0, 0, 0, 0, 0, 0, 0, 0, 0], [0, 0, 0, 0, 0, 0, 0, 0, 0, 0, 0, 0, 0, 0, 0], [0, 0, 0, 0, 0, 0, 0, 0, 0, 0, 0, 0, 0, 0, 0], [0, 0, 0, 0, 0, 0, 0, 0, 0, 0, 0, 0, 0, 0, 0], [0, 0, 0, 0, 0, 0, 0, 0, 0, 0, 0, 0, 0, 0, 0], [0, 0, 0, 0, 0, 0, 0, 0, 0, 0, 0, 0, 0, 0, 0], [0, 0, 0, 0, 0, 0, 0, 8, 0, 0, 0, 0, 0, 0, 0], [0, 0, 0, 0, 0, 0, 0, 0, 0, 0, 0, 0, 0, 0, 0], [0, 0, 0, 0, 0, 0, 0, 0, 0, 0, 0, 0, 0, 0, 0], [0, 0, 0, 0, 0, 0, 0, 0, 0, 0, 0, 0, 0, 0, 0], [0, 0, 0, 0, 0, 0, 0, 0, 0, 0, 0, 0, 0, 0, 0], [0, 0, 0, 0, 0, 0, 0, 0, 0, 0, 0, 0, 0, 0, 0], [0, 0, 0, 0, 0, 0, 0, 0, 0, 0, 0, 0, 0, 0, 0], [0, 0, 0, 0, 0, 0, 0, 0, 0, 0, 0, 0, 0, 0, 0], [0, 0, 0, 0, 0, 0, 0, 0, 0, 0, 0, 0, 0, 0, 0]], "output": [[0, 0, 0, 0, 0, 0, 0, 5, 0, 8, 0, 8, 0, 8, 0], [0, 0, 0, 0, 0, 0, 0, 5, 0, 8, 0, 8, 0, 8, 0], [0, 0, 0, 0, 0, 0, 0, 5, 0, 8, 0, 8, 0, 8, 0], [0, 0, 0, 0, 0, 0, 0, 5, 0, 8, 0, 8, 0, 8, 0], [0, 0, 0, 0, 0, 0, 0, 5, 0, 8, 0, 8, 0, 8, 0], [0, 0, 0, 0, 0, 0, 0, 5, 0, 8, 0, 8, 0, 8, 0], [0, 0, 0, 0, 0, 0, 0, 5, 0, 8, 0, 8, 0, 8, 0], [0, 0, 0, 0, 0, 0, 0, 5, 0, 8, 0, 8, 0, 8, 0], [5, 5, 5, 5, 5, 5, 5, 5, 5, 5, 5, 5, 5, 5, 5], [0, 0, 0, 0, 0, 0, 0, 5, 0, 8, 0, 8, 0, 8, 0], [8, 8, 8, 8, 8, 8, 8, 5, 8, 8, 8, 8, 8, 8, 8], [0, 0, 0, 0, 0, 0, 0, 5, 0, 8, 0, 8, 0, 8, 0], [8, 8, 8, 8, 8, 8, 8, 5, 8, 8, 8, 8, 8, 8, 8], [0, 0, 0, 0, 0, 0, 0, 5, 0, 8, 0, 8, 0, 8, 0], [8, 8, 8, 8, 8, 8, 8, 5, 8, 8, 8, 8, 8, 8, 8], [0, 0, 0, 0, 0, 0, 0, 5, 0, 8, 0, 8, 0, 8, 0], [8, 8, 8, 8, 8, 8, 8, 5, 8, 8, 8, 8, 8, 8, 8]]}, {"input": [[0, 0, 0, 0, 0, 0, 0, 0, 0, 0, 0, 0, 0, 0, 0, 0, 0], [0, 0, 0, 0, 0, 0, 0, 0, 0, 0, 0, 0, 0, 0, 0, 0, 0], [0, 0, 0, 0, 0, 0, 0, 0, 0, 0, 0, 0, 0, 0, 0, 0, 0], [0, 0, 0, 0, 0, 0, 0, 0, 0, 0, 0, 0, 0, 0, 0, 0, 0], [0, 0, 0, 0, 0, 0, 0, 0, 0, 0, 0, 0, 0, 0, 0, 0, 0], [0, 0, 0, 0, 0, 0, 0, 0, 7, 0, 0, 0, 0, 0, 0, 0, 0], [0, 0, 0, 0, 0, 0, 0, 0, 0, 0, 0, 0, 0, 0, 0, 0, 0], [0, 0, 0, 0, 0, 0, 0, 0, 0, 0, 0, 0, 0, 0, 0, 0, 0], [0, 0, 0, 0, 0, 0, 0, 0, 0, 0, 0, 0, 0, 0, 0, 0, 0], [0, 0, 0, 0, 0, 0, 0, 0, 0, 0, 0, 0, 0, 0, 0, 0, 0], [0, 0, 0, 0, 0, 0, 0, 0, 0, 0, 0, 0, 0, 0, 0, 0, 0]], "output": [[0, 0, 0, 0, 0, 0, 0, 0, 5, 0, 7, 0, 7, 0, 7, 0, 7], [0, 0, 0, 0, 0, 0, 0, 0, 5, 0, 7, 0, 7, 0, 7, 0, 7], [0, 0, 0, 0, 0, 0, 0, 0, 5, 0, 7, 0, 7, 0, 7, 0, 7], [0, 0, 0, 0, 0, 0, 0, 0, 5, 0, 7, 0, 7, 0, 7, 0, 7], [0, 0, 0, 0, 0, 0, 0, 0, 5, 0, 7, 0, 7, 0, 7, 0, 7], [5, 5, 5, 5, 5, 5, 5, 5, 5, 5, 5, 5, 5, 5, 5, 5, 5], [0, 0, 0, 0, 0, 0, 0, 0, 5, 0, 7, 0, 7, 0, 7, 0, 7], [7, 7, 7, 7, 7, 7, 7, 7, 5, 7, 7, 7, 7, 7, 7, 7, 7], [0, 0, 0, 0, 0, 0, 0, 0, 5, 0, 7, 0, 7, 0, 7, 0, 7], [7, 7, 7, 7, 7, 7, 7, 7, 5, 7, 7, 7, 7, 7, 7, 7, 7], [0, 0, 0, 0, 0, 0, 0, 0, 5, 0, 7, 0, 7, 0, 7, 0, 7]]}, {"input": [[0, 0, 0, 0, 0, 0, 0, 0, 0, 0, 0, 0, 0], [0, 0, 0, 0, 0, 0, 0, 0, 0, 0, 0, 0, 0], [0, 0, 0, 0, 0, 0, 0, 0, 0, 0, 0, 0, 0], [0, 0, 0, 0, 0, 0, 0, 0, 0, 0, 0, 0, 0], [0, 0, 0, 0, 0, 0, 0, 0, 0, 0, 0, 0, 0], [0, 0, 0, 0, 0, 0, 0, 0, 0, 0, 0, 0, 0], [0, 0, 0, 0, 0, 0, 0, 0, 0, 0, 0, 0, 0], [0, 0, 0, 0, 0, 0, 0, 0, 0, 0, 0, 0, 0], [0, 0, 0, 0, 0, 0, 3, 0, 0, 0, 0, 0, 0], [0, 0, 0, 0, 0, 0, 0, 0, 0, 0, 0, 0, 0], [0, 0, 0, 0, 0, 0, 0, 0, 0, 0, 0, 0, 0], [0, 0, 0, 0, 0, 0, 0, 0, 0, 0, 0, 0, 0], [0, 0, 0, 0, 0, 0, 0, 0, 0, 0, 0, 0, 0], [0, 0, 0, 0, 0, 0, 0, 0, 0, 0, 0, 0, 0], [0, 0, 0, 0, 0, 0, 0, 0, 0, 0, 0, 0, 0], [0, 0, 0, 0, 0, 0, 0, 0, 0, 0, 0, 0, 0], [0, 0, 0, 0, 0, 0, 0, 0, 0, 0, 0, 0, 0]], "output": [[0, 0, 0, 0, 0, 0, 5, 0, 3, 0, 3, 0, 3], [0, 0, 0, 0, 0, 0, 5, 0, 3, 0, 3, 0, 3], [0, 0, 0, 0, 0, 0, 5, 0, 3, 0, 3, 0, 3], [0, 0, 0, 0, 0, 0, 5, 0, 3, 0, 3, 0, 3], [0, 0, 0, 0, 0, 0, 5, 0, 3, 0, 3, 0, 3], [0, 0, 0, 0, 0, 0, 5, 0, 3, 0, 3, 0, 3], [0, 0, 0, 0, 0, 0, 5, 0, 3, 0, 3, 0, 3], [0, 0, 0, 0, 0, 0, 5, 0, 3, 0, 3, 0, 3], [5, 5, 5, 5, 5, 5, 5, 5, 5, 5, 5, 5, 5], [0, 0, 0, 0, 0, 0, 5, 0, 3, 0, 3, 0, 3], [3, 3, 3, 3, 3, 3, 5, 3, 3, 3, 3, 3, 3], [0, 0, 0, 0, 0, 0, 5, 0, 3, 0, 3, 0, 3], [3, 3, 3, 3, 3, 3, 5, 3, 3, 3, 3, 3, 3], [0, 0, 0, 0, 0, 0, 5, 0, 3, 0, 3, 0, 3], [3, 3, 3, 3, 3, 3, 5, 3, 3, 3, 3, 3, 3], [0, 0, 0, 0, 0, 0, 5, 0, 3, 0, 3, 0, 3], [3, 3, 3, 3, 3, 3, 5, 3, 3, 3, 3, 3, 3]]}, {"input": [[0, 0, 0, 0, 0, 0, 0, 0, 0, 0, 0, 0, 0, 0, 0, 0, 0], [0, 0, 0, 0, 0, 0, 0, 0, 0, 0, 0, 0, 0, 0, 0, 0, 0], [0, 0, 0, 0, 0, 0, 0, 0, 0, 0, 0, 0, 0, 0, 0, 0, 0], [0, 0, 0, 0, 0, 0, 0, 0, 3, 0, 0, 0, 0, 0, 0, 0, 0], [0, 0, 0, 0, 0, 0, 0, 0, 0, 0, 0, 0, 0, 0, 0, 0, 0], [0, 0, 0, 0, 0, 0, 0, 0, 0, 0, 0, 0, 0, 0, 0, 0, 0], [0, 0, 0, 0, 0, 0, 0, 0, 0, 0, 0, 0, 0, 0, 0, 0, 0]], "output": [[0, 0, 0, 0, 0, 0, 0, 0, 5, 0, 3, 0, 3, 0, 3, 0, 3], [0, 0, 0, 0, 0, 0, 0, 0, 5, 0, 3, 0, 3, 0, 3, 0, 3], [0, 0, 0, 0, 0, 0, 0, 0, 5, 0, 3, 0, 3, 0, 3, 0, 3], [5, 5, 5, 5, 5, 5, 5, 5, 5, 5, 5, 5, 5, 5, 5, 5, 5], [0, 0, 0, 0, 0, 0, 0, 0, 5, 0, 3, 0, 3, 0, 3, 0, 3], [3, 3, 3, 3, 3, 3, 3, 3, 5, 3, 3, 3, 3, 3, 3, 3, 3], [0, 0, 0, 0, 0, 0, 0, 0, 5, 0, 3, 0, 3, 0, 3, 0, 3]]}, {"input": [[0, 0, 0, 0, 0, 0, 0, 0, 0, 0, 0, 0, 0], [0, 0, 0, 0, 0, 0, 0, 0, 0, 0, 0, 0, 0], [0, 0, 0, 0, 0, 0, 0, 0, 0, 0, 0, 0, 0], [0, 0, 0, 0, 0, 0, 0, 0, 0, 0, 0, 0, 0], [0, 0, 0, 0, 0, 0, 0, 0, 0, 0, 0, 0, 0], [0, 0, 0, 0, 0, 0, 0, 0, 0, 0, 0, 0, 0], [0, 0, 0, 0, 0, 0, 0, 0, 0, 0, 0, 0, 0], [0, 0, 0, 0, 0, 0, 6, 0, 0, 0, 0, 0, 0], [0, 0, 0, 0, 0, 0, 0, 0, 0, 0, 0, 0, 0], [0, 0, 0, 0, 0, 0, 0, 0, 0, 0, 0, 0, 0], [0, 0, 0, 0, 0, 0, 0, 0, 0, 0, 0, 0, 0], [0, 0, 0, 0, 0, 0, 0, 0, 0, 0, 0, 0, 0], [0, 0, 0, 0, 0, 0, 0, 0, 0, 0, 0, 0, 0], [0, 0, 0, 0, 0, 0, 0, 0, 0, 0, 0, 0, 0], [0, 0, 0, 0, 0, 0, 0, 0, 0, 0, 0, 0, 0]], "output": [[0, 0, 0, 0, 0, 0, 5, 0, 6, 0, 6, 0, 6], [0, 0, 0, 0, 0, 0, 5, 0, 6, 0, 6, 0, 6], [0, 0, 0, 0, 0, 0, 5, 0, 6, 0, 6, 0, 6], [0, 0, 0, 0, 0, 0, 5, 0, 6, 0, 6, 0, 6], [0, 0, 0, 0, 0, 0, 5, 0, 6, 0, 6, 0, 6], [0, 0, 0, 0, 0, 0, 5, 0, 6, 0, 6, 0, 6], [0, 0, 0, 0, 0, 0, 5, 0, 6, 0, 6, 0, 6], [5, 5, 5, 5, 5, 5, 5, 5, 5, 5, 5, 5, 5], [0, 0, 0, 0, 0, 0, 5, 0, 6, 0, 6, 0, 6], [6, 6, 6, 6, 6, 6, 5, 6, 6, 6, 6, 6, 6], [0, 0, 0, 0, 0, 0, 5, 0, 6, 0, 6, 0, 6], [6, 6, 6, 6, 6, 6, 5, 6, 6, 6, 6, 6, 6], [0, 0, 0, 0, 0, 0, 5, 0, 6, 0, 6, 0, 6], [6, 6, 6, 6, 6, 6, 5, 6, 6, 6, 6, 6, 6], [0, 0, 0, 0, 0, 0, 5, 0, 6, 0, 6, 0, 6]]}, {"input": [[0, 0, 0, 0, 0, 0, 0], [0, 0, 0, 0, 0, 0, 0], [0, 0, 0, 0, 0, 0, 0], [0, 0, 0, 0, 0, 0, 0], [0, 0, 0, 0, 0, 0, 0], [0, 0, 0, 0, 0, 0, 0], [0, 0, 0, 0, 0, 0, 0], [0, 0, 0, 0, 0, 0, 0], [0, 0, 0, 6, 0, 0, 0], [0, 0, 0, 0, 0, 0, 0], [0, 0, 0, 0, 0, 0, 0], [0, 0, 0, 0, 0, 0, 0], [0, 0, 0, 0, 0, 0, 0], [0, 0, 0, 0, 0, 0, 0], [0, 0, 0, 0, 0, 0, 0], [0, 0, 0, 0, 0, 0, 0], [0, 0, 0, 0, 0, 0, 0]], "output": [[0, 0, 0, 5, 0, 6, 0], [0, 0, 0, 5, 0, 6, 0], [0, 0, 0, 5, 0, 6, 0], [0, 0, 0, 5, 0, 6, 0], [0, 0, 0, 5, 0, 6, 0], [0, 0, 0, 5, 0, 6, 0], [0, 0, 0, 5, 0, 6, 0], [0, 0, 0, 5, 0, 6, 0], [5, 5, 5, 5, 5, 5, 5], [0, 0, 0, 5, 0, 6, 0], [6, 6, 6, 5, 6, 6, 6], [0, 0, 0, 5, 0, 6, 0], [6, 6, 6, 5, 6, 6, 6], [0, 0, 0, 5, 0, 6, 0], [6, 6, 6, 5, 6, 6, 6], [0, 0, 0, 5, 0, 6, 0], [6, 6, 6, 5, 6, 6, 6]]}, {"input": [[0, 0, 0, 0, 0, 0, 0], [0, 0, 0, 0, 0, 0, 0], [0, 0, 0, 6, 0, 0, 0], [0, 0, 0, 0, 0, 0, 0], [0, 0, 0, 0, 0, 0, 0]], "output": [[0, 0, 0, 5, 0, 6, 0], [0, 0, 0, 5, 0, 6, 0], [5, 5, 5, 5, 5, 5, 5], [0, 0, 0, 5, 0, 6, 0], [6, 6, 6, 5, 6, 6, 6]]}, {"input": [[0, 0, 0, 0, 0, 0, 0, 0, 0], [0, 0, 0, 0, 0, 0, 0, 0, 0], [0, 0, 0, 0, 0, 0, 0, 0, 0], [0, 0, 0, 0, 0, 0, 0, 0, 0], [0, 0, 0, 0, 0, 0, 0, 0, 0], [0, 0, 0, 0, 0, 0, 0, 0, 0], [0, 0, 0, 0, 6, 0, 0, 0, 0], [0, 0, 0, 0, 0, 0, 0, 0, 0], [0, 0, 0, 0, 0, 0, 0, 0, 0], [0, 0, 0, 0, 0, 0, 0, 0, 0], [0, 0, 0, 0, 0, 0, 0, 0, 0], [0, 0, 0, 0, 0, 0, 0, 0, 0], [0, 0, 0, 0, 0, 0, 0, 0, 0]], "output": [[0, 0, 0, 0, 5, 0, 6, 0, 6], [0, 0, 0, 0, 5, 0, 6, 0, 6], [0, 0, 0, 0, 5, 0, 6, 0, 6], [0, 0, 0, 0, 5, 0, 6, 0, 6], [0, 0, 0, 0, 5, 0, 6, 0, 6], [0, 0, 0, 0, 5, 0, 6, 0, 6], [5, 5, 5, 5, 5, 5, 5, 5, 5], [0, 0, 0, 0, 5, 0, 6, 0, 6], [6, 6, 6, 6, 5, 6, 6, 6, 6], [0, 0, 0, 0, 5, 0, 6, 0, 6], [6, 6, 6, 6, 5, 6, 6, 6, 6], [0, 0, 0, 0, 5, 0, 6, 0, 6], [6, 6, 6, 6, 5, 6, 6, 6, 6]]}, {"input": [[0, 0, 0, 0, 0], [0, 0, 0, 0, 0], [0, 0, 0, 0, 0], [0, 0, 0, 0, 0], [0, 0, 0, 0, 0], [0, 0, 0, 0, 0], [0, 0, 0, 0, 0], [0, 0, 8, 0, 0], [0, 0, 0, 0, 0], [0, 0, 0, 0, 0], [0, 0, 0, 0, 0], [0, 0, 0, 0, 0], [0, 0, 0, 0, 0], [0, 0, 0, 0, 0], [0, 0, 0, 0, 0]], "output": [[0, 0, 5, 0, 8], [0, 0, 5, 0, 8], [0, 0, 5, 0, 8], [0, 0, 5, 0, 8], [0, 0, 5, 0, 8], [0, 0, 5, 0, 8], [0, 0, 5, 0, 8], [5, 5, 5, 5, 5], [0, 0, 5, 0, 8], [8, 8, 5, 8, 8], [0, 0, 5, 0, 8], [8, 8, 5, 8, 8], [0, 0, 5, 0, 8], [8, 8, 5, 8, 8], [0, 0, 5, 0, 8]]}], "test": [{"input": [[0, 0, 0, 0, 0, 0, 0, 0, 0, 0, 0, 0, 0, 0, 0, 0, 0, 0, 0], [0, 0, 0, 0, 0, 0, 0, 0, 0, 0, 0, 0, 0, 0, 0, 0, 0, 0, 0], [0, 0, 0, 0, 0, 0, 0, 0, 0, 0, 0, 0, 0, 0, 0, 0, 0, 0, 0], [0, 0, 0, 0, 0, 0, 0, 0, 0, 0, 0, 0, 0, 0, 0, 0, 0, 0, 0], [0, 0, 0, 0, 0, 0, 0, 0, 0, 0, 0, 0, 0, 0, 0, 0, 0, 0, 0], [0, 0, 0, 0, 0, 0, 0, 0, 0, 0, 0, 0, 0, 0, 0, 0, 0, 0, 0], [0, 0, 0, 0, 0, 0, 0, 0, 0, 6, 0, 0, 0, 0, 0, 0, 0, 0, 0], [0, 0, 0, 0, 0, 0, 0, 0, 0, 0, 0, 0, 0, 0, 0, 0, 0, 0, 0], [0, 0, 0, 0, 0, 0, 0, 0, 0, 0, 0, 0, 0, 0, 0, 0, 0, 0, 0], [0, 0, 0, 0, 0, 0, 0, 0, 0, 0, 0, 0, 0, 0, 0, 0, 0, 0, 0], [0, 0, 0, 0, 0, 0, 0, 0, 0, 0, 0, 0, 0, 0, 0, 0, 0, 0, 0], [0, 0, 0, 0, 0, 0, 0, 0, 0, 0, 0, 0, 0, 0, 0, 0, 0, 0, 0], [0, 0, 0, 0, 0, 0, 0, 0, 0, 0, 0, 0, 0, 0, 0, 0, 0, 0, 0]], "output": [[0, 0, 0, 0, 0, 0, 0, 0, 0, 5, 0, 6, 0, 6, 0, 6, 0, 6, 0], [0, 0, 0, 0, 0, 0, 0, 0, 0, 5, 0, 6, 0, 6, 0, 6, 0, 6, 0], [0, 0, 0, 0, 0, 0, 0, 0, 0, 5, 0, 6, 0, 6, 0, 6, 0, 6, 0], [0, 0, 0, 0, 0, 0, 0, 0, 0, 5, 0, 6, 0, 6, 0, 6, 0, 6, 0], [0, 0, 0, 0, 0, 0, 0, 0, 0, 5, 0, 6, 0, 6, 0, 6, 0, 6, 0], [0, 0, 0, 0, 0, 0, 0, 0, 0, 5, 0, 6, 0, 6, 0, 6, 0, 6, 0], [5, 5, 5, 5, 5, 5, 5, 5, 5, 5, 5, 5, 5, 5, 5, 5, 5, 5, 5], [0, 0, 0, 0, 0, 0, 0, 0, 0, 5, 0, 6, 0, 6, 0, 6, 0, 6, 0], [6, 6, 6, 6, 6, 6, 6, 6, 6, 5, 6, 6, 6, 6, 6, 6, 6, 6, 6], [0, 0, 0, 0, 0, 0, 0, 0, 0, 5, 0, 6, 0, 6, 0, 6, 0, 6, 0], [6, 6, 6, 6, 6, 6, 6, 6, 6, 5, 6, 6, 6, 6, 6, 6, 6, 6, 6], [0, 0, 0, 0, 0, 0, 0, 0, 0, 5, 0, 6, 0, 6, 0, 6, 0, 6, 0], [6, 6, 6, 6, 6, 6, 6, 6, 6, 5, 6, 6, 6, 6, 6, 6, 6, 6, 6]]}, {"input": [[0, 0, 0, 0, 0, 0, 0, 0, 0], [0, 0, 0, 0, 0, 0, 0, 0, 0], [0, 0, 0, 0, 0, 0, 0, 0, 0], [0, 0, 0, 0, 1, 0, 0, 0, 0], [0, 0, 0, 0, 0, 0, 0, 0, 0], [0, 0, 0, 0, 0, 0, 0, 0, 0], [0, 0, 0, 0, 0, 0, 0, 0, 0]], "output": [[0, 0, 0, 0, 5, 0, 1, 0, 1], [0, 0, 0, 0, 5, 0, 1, 0, 1], [0, 0, 0, 0, 5, 0, 1, 0, 1], [5, 5, 5, 5, 5, 5, 5, 5, 5], [0, 0, 0, 0, 5, 0, 1, 0, 1], [1, 1, 1, 1, 5, 1, 1, 1, 1], [0, 0, 0, 0, 5, 0, 1, 0, 1]]}, {"input": [[0, 0, 0, 0, 0, 0, 0, 0, 0, 0, 0, 0, 0, 0, 0, 0, 0], [0, 0, 0, 0, 0, 0, 0, 0, 0, 0, 0, 0, 0, 0, 0, 0, 0], [0, 0, 0, 0, 0, 0, 0, 0, 0, 0, 0, 0, 0, 0, 0, 0, 0], [0, 0, 0, 0, 0, 0, 0, 0, 0, 0, 0, 0, 0, 0, 0, 0, 0], [0, 0, 0, 0, 0, 0, 0, 0, 0, 0, 0, 0, 0, 0, 0, 0, 0], [0, 0, 0, 0, 0, 0, 0, 0, 0, 0, 0, 0, 0, 0, 0, 0, 0], [0, 0, 0, 0, 0, 0, 0, 0, 0, 0, 0, 0, 0, 0, 0, 0, 0], [0, 0, 0, 0, 0, 0, 0, 0, 0, 0, 0, 0, 0, 0, 0, 0, 0], [0, 0, 0, 0, 0, 0, 0, 0, 1, 0, 0, 0, 0, 0, 0, 0, 0], [0, 0, 0, 0, 0, 0, 0, 0, 0, 0, 0, 0, 0, 0, 0, 0, 0], [0, 0, 0, 0, 0, 0, 0, 0, 0, 0, 0, 0, 0, 0, 0, 0, 0], [0, 0, 0, 0, 0, 0, 0, 0, 0, 0, 0, 0, 0, 0, 0, 0, 0], [0, 0, 0, 0, 0, 0, 0, 0, 0, 0, 0, 0, 0, 0, 0, 0, 0], [0, 0, 0, 0, 0, 0, 0, 0, 0, 0, 0, 0, 0, 0, 0, 0, 0], [0, 0, 0, 0, 0, 0, 0, 0, 0, 0, 0, 0, 0, 0, 0, 0, 0], [0, 0, 0, 0, 0, 0, 0, 0, 0, 0, 0, 0, 0, 0, 0, 0, 0], [0, 0, 0, 0, 0, 0, 0, 0, 0, 0, 0, 0, 0, 0, 0, 0, 0]], "output": [[0, 0, 0, 0, 0, 0, 0, 0, 5, 0, 1, 0, 1, 0, 1, 0, 1], [0, 0, 0, 0, 0, 0, 0, 0, 5, 0, 1, 0, 1, 0, 1, 0, 1], [0, 0, 0, 0, 0, 0, 0, 0, 5, 0, 1, 0, 1, 0, 1, 0, 1], [0, 0, 0, 0, 0, 0, 0, 0, 5, 0, 1, 0, 1, 0, 1, 0, 1], [0, 0, 0, 0, 0, 0, 0, 0, 5, 0, 1, 0, 1, 0, 1, 0, 1], [0, 0, 0, 0, 0, 0, 0, 0, 5, 0, 1, 0, 1, 0, 1, 0, 1], [0, 0, 0, 0, 0, 0, 0, 0, 5, 0, 1, 0, 1, 0, 1, 0, 1], [0, 0, 0, 0, 0, 0, 0, 0, 5, 0, 1, 0, 1, 0, 1, 0, 1], [5, 5, 5, 5, 5, 5, 5, 5, 5, 5, 5, 5, 5, 5, 5, 5, 5], [0, 0, 0, 0, 0, 0, 0, 0, 5, 0, 1, 0, 1, 0, 1, 0, 1], [1, 1, 1, 1, 1, 1, 1, 1, 5, 1, 1, 1, 1, 1, 1, 1, 1], [0, 0, 0, 0, 0, 0, 0, 0, 5, 0, 1, 0, 1, 0, 1, 0, 1], [1, 1, 1, 1, 1, 1, 1, 1, 5, 1, 1, 1, 1, 1, 1, 1, 1], [0, 0, 0, 0, 0, 0, 0, 0, 5, 0, 1, 0, 1, 0, 1, 0, 1], [1, 1, 1, 1, 1, 1, 1, 1, 5, 1, 1, 1, 1, 1, 1, 1, 1], [0, 0, 0, 0, 0, 0, 0, 0, 5, 0, 1, 0, 1, 0, 1, 0, 1], [1, 1, 1, 1, 1, 1, 1, 1, 5, 1, 1, 1, 1, 1, 1, 1, 1]]}]}