{"train": [{"input": [[0, 0, 0, 0, 0, 0, 4, 0], [0, 0, 0, 0, 0, 0, 0, 0], [0, 0, 0, 0, 0, 0, 0, 0], [0, 0, 0, 0, 0, 0, 0, 0], [0, 0, 1, 0, 0, 0, 0, 0], [0, 0, 0, 0, 0, 0, 0, 0], [0, 0, 0, 8, 0, 5, 0, 0], [0, 0, 7, 0, 3, 0, 0, 0]], "output": [[0, 0, 0, 0, 0, 0, 4, 0], [0, 0, 0, 0, 0, 0, 0, 0], [0, 0, 0, 0, 0, 0, 0, 0], [0, 0, 0, 0, 0, 0, 0, 0], [0, 0, 1, 0, 0, 0, 0, 0], [0, 0, 0, 0, 0, 0, 0, 0], [0, 0, 0, 8, 0, 5, 0, 0], [0, 0, 7, 0, 3, 0, 0, 0], [0, 0, 7, 0, 3, 0, 0, 0], [0, 0, 0, 8, 0, 5, 0, 0], [0, 0, 0, 0, 0, 0, 0, 0], [0, 0, 1, 0, 0, 0, 0, 0], [0, 0, 0, 0, 0, 0, 0, 0], [0, 0, 0, 0, 0, 0, 0, 0], [0, 0, 0, 0, 0, 0, 0, 0], [0, 0, 0, 0, 0, 0, 4, 0]]}, {"input": [[0, 6, 0, 0, 0, 0, 0], [0, 0, 0, 0, 0, 0, 5], [0, 0, 0, 0, 0, 0, 0], [0, 0, 0, 0, 0, 0, 0], [0, 8, 0, 0, 0, 0, 0], [9, 0, 0, 0, 0, 0, 0], [0, 0, 0, 0, 0, 0, 0]], "output": [[0, 6, 0, 0, 0, 0, 0], [0, 0, 0, 0, 0, 0, 5], [0, 0, 0, 0, 0, 0, 0], [0, 0, 0, 0, 0, 0, 0], [0, 8, 0, 0, 0, 0, 0], [9, 0, 0, 0, 0, 0, 0], [0, 0, 0, 0, 0, 0, 0], [0, 0, 0, 0, 0, 0, 0], [9, 0, 0, 0, 0, 0, 0], [0, 8, 0, 0, 0, 0, 0], [0, 0, 0, 0, 0, 0, 0], [0, 0, 0, 0, 0, 0, 0], [0, 0, 0, 0, 0, 0, 5], [0, 6, 0, 0, 0, 0, 0]]}, {"input": [[0, 2, 7, 0, 0, 0, 0], [0, 0, 0, 0, 0, 0, 0], [0, 0, 9, 0, 0, 0, 0], [0, 0, 0, 0, 0, 0, 0], [0, 0, 0, 0, 0, 0, 0], [0, 0, 0, 0, 5, 0, 0], [0, 0, 0, 3, 0, 8, 0], [0, 0, 0, 0, 4, 6, 1], [0, 0, 0, 0, 0, 0, 0]], "output": [[0, 2, 7, 0, 0, 0, 0], [0, 0, 0, 0, 0, 0, 0], [0, 0, 9, 0, 0, 0, 0], [0, 0, 0, 0, 0, 0, 0], [0, 0, 0, 0, 0, 0, 0], [0, 0, 0, 0, 5, 0, 0], [0, 0, 0, 3, 0, 8, 0], [0, 0, 0, 0, 4, 6, 1], [0, 0, 0, 0, 0, 0, 0], [0, 0, 0, 0, 0, 0, 0], [0, 0, 0, 0, 4, 6, 1], [0, 0, 0, 3, 0, 8, 0], [0, 0, 0, 0, 5, 0, 0], [0, 0, 0, 0, 0, 0, 0], [0, 0, 0, 0, 0, 0, 0], [0, 0, 9, 0, 0, 0, 0], [0, 0, 0, 0, 0, 0, 0], [0, 2, 7, 0, 0, 0, 0]]}, {"input": [[0, 0, 0, 0, 0, 0, 0, 0, 0], [0, 0, 0, 0, 0, 0, 0, 0, 0], [0, 0, 0, 0, 0, 0, 0, 0, 0], [0, 0, 0, 0, 0, 0, 0, 0, 0], [0, 0, 0, 0, 0, 0, 0, 0, 0], [2, 0, 0, 0, 8, 1, 9, 0, 0], [0, 0, 0, 0, 0, 0, 0, 0, 0], [0, 0, 0, 0, 0, 0, 0, 0, 0], [0, 0, 0, 0, 0, 0, 0, 0, 4]], "output": [[0, 0, 0, 0, 0, 0, 0, 0, 0], [0, 0, 0, 0, 0, 0, 0, 0, 0], [0, 0, 0, 0, 0, 0, 0, 0, 0], [0, 0, 0, 0, 0, 0, 0, 0, 0], [0, 0, 0, 0, 0, 0, 0, 0, 0], [2, 0, 0, 0, 8, 1, 9, 0, 0], [0, 0, 0, 0, 0, 0, 0, 0, 0], [0, 0, 0, 0, 0, 0, 0, 0, 0], [0, 0, 0, 0, 0, 0, 0, 0, 4], [0, 0, 0, 0, 0, 0, 0, 0, 4], [0, 0, 0, 0, 0, 0, 0, 0, 0], [0, 0, 0, 0, 0, 0, 0, 0, 0], [2, 0, 0, 0, 8, 1, 9, 0, 0], [0, 0, 0, 0, 0, 0, 0, 0, 0], [0, 0, 0, 0, 0, 0, 0, 0, 0], [0, 0, 0, 0, 0, 0, 0, 0, 0], [0, 0, 0, 0, 0, 0, 0, 0, 0], [0, 0, 0, 0, 0, 0, 0, 0, 0]]}, {"input": [[0, 0, 0, 0, 0, 0, 0, 0], [0, 0, 0, 0, 0, 0, 0, 0], [0, 0, 0, 0, 0, 6, 0, 0], [0, 0, 0, 0, 0, 0, 0, 0], [0, 9, 0, 0, 0, 0, 0, 0], [0, 0, 0, 0, 0, 7, 0, 0], [0, 0, 0, 2, 0, 0, 0, 0], [0, 0, 0, 0, 0, 0, 0, 0], [0, 0, 0, 0, 0, 0, 0, 0]], "output": [[0, 0, 0, 0, 0, 0, 0, 0], [0, 0, 0, 0, 0, 0, 0, 0], [0, 0, 0, 0, 0, 6, 0, 0], [0, 0, 0, 0, 0, 0, 0, 0], [0, 9, 0, 0, 0, 0, 0, 0], [0, 0, 0, 0, 0, 7, 0, 0], [0, 0, 0, 2, 0, 0, 0, 0], [0, 0, 0, 0, 0, 0, 0, 0], [0, 0, 0, 0, 0, 0, 0, 0], [0, 0, 0, 0, 0, 0, 0, 0], [0, 0, 0, 0, 0, 0, 0, 0], [0, 0, 0, 2, 0, 0, 0, 0], [0, 0, 0, 0, 0, 7, 0, 0], [0, 9, 0, 0, 0, 0, 0, 0], [0, 0, 0, 0, 0, 0, 0, 0], [0, 0, 0, 0, 0, 6, 0, 0], [0, 0, 0, 0, 0, 0, 0, 0], [0, 0, 0, 0, 0, 0, 0, 0]]}, {"input": [[1, 0, 0, 0, 0, 0], [0, 0, 0, 0, 0, 0], [0, 0, 0, 0, 0, 0], [0, 7, 0, 0, 3, 0], [0, 0, 8, 0, 0, 0]], "output": [[1, 0, 0, 0, 0, 0], [0, 0, 0, 0, 0, 0], [0, 0, 0, 0, 0, 0], [0, 7, 0, 0, 3, 0], [0, 0, 8, 0, 0, 0], [0, 0, 8, 0, 0, 0], [0, 7, 0, 0, 3, 0], [0, 0, 0, 0, 0, 0], [0, 0, 0, 0, 0, 0], [1, 0, 0, 0, 0, 0]]}, {"input": [[0, 0, 0, 0, 0, 0], [0, 0, 7, 0, 0, 0], [0, 0, 0, 0, 0, 0], [0, 0, 0, 4, 0, 0], [0, 0, 0, 0, 6, 0]], "output": [[0, 0, 0, 0, 0, 0], [0, 0, 7, 0, 0, 0], [0, 0, 0, 0, 0, 0], [0, 0, 0, 4, 0, 0], [0, 0, 0, 0, 6, 0], [0, 0, 0, 0, 6, 0], [0, 0, 0, 4, 0, 0], [0, 0, 0, 0, 0, 0], [0, 0, 7, 0, 0, 0], [0, 0, 0, 0, 0, 0]]}, {"input": [[0, 9, 2, 0, 0], [0, 4, 0, 0, 0], [0, 0, 0, 0, 0], [6, 0, 0, 0, 8], [0, 0, 1, 0, 0]], "output": [[0, 9, 2, 0, 0], [0, 4, 0, 0, 0], [0, 0, 0, 0, 0], [6, 0, 0, 0, 8], [0, 0, 1, 0, 0], [0, 0, 1, 0, 0], [6, 0, 0, 0, 8], [0, 0, 0, 0, 0], [0, 4, 0, 0, 0], [0, 9, 2, 0, 0]]}, {"input": [[0, 5, 6, 0, 0, 0, 0, 0], [0, 0, 0, 8, 0, 0, 0, 0], [0, 0, 0, 0, 0, 0, 0, 0], [0, 0, 0, 0, 0, 0, 0, 1], [4, 0, 0, 0, 0, 0, 0, 0], [0, 0, 0, 0, 0, 7, 0, 0], [0, 0, 0, 0, 0, 0, 0, 0]], "output": [[0, 5, 6, 0, 0, 0, 0, 0], [0, 0, 0, 8, 0, 0, 0, 0], [0, 0, 0, 0, 0, 0, 0, 0], [0, 0, 0, 0, 0, 0, 0, 1], [4, 0, 0, 0, 0, 0, 0, 0], [0, 0, 0, 0, 0, 7, 0, 0], [0, 0, 0, 0, 0, 0, 0, 0], [0, 0, 0, 0, 0, 0, 0, 0], [0, 0, 0, 0, 0, 7, 0, 0], [4, 0, 0, 0, 0, 0, 0, 0], [0, 0, 0, 0, 0, 0, 0, 1], [0, 0, 0, 0, 0, 0, 0, 0], [0, 0, 0, 8, 0, 0, 0, 0], [0, 5, 6, 0, 0, 0, 0, 0]]}, {"input": [[0, 0, 0, 0, 0, 0, 0, 0, 0], [0, 0, 0, 0, 0, 0, 0, 0, 2], [0, 0, 0, 3, 0, 0, 0, 0, 0], [0, 0, 0, 9, 0, 0, 0, 0, 0], [7, 0, 0, 0, 0, 0, 0, 0, 0], [0, 0, 5, 0, 0, 0, 0, 1, 8]], "output": [[0, 0, 0, 0, 0, 0, 0, 0, 0], [0, 0, 0, 0, 0, 0, 0, 0, 2], [0, 0, 0, 3, 0, 0, 0, 0, 0], [0, 0, 0, 9, 0, 0, 0, 0, 0], [7, 0, 0, 0, 0, 0, 0, 0, 0], [0, 0, 5, 0, 0, 0, 0, 1, 8], [0, 0, 5, 0, 0, 0, 0, 1, 8], [7, 0, 0, 0, 0, 0, 0, 0, 0], [0, 0, 0, 9, 0, 0, 0, 0, 0], [0, 0, 0, 3, 0, 0, 0, 0, 0], [0, 0, 0, 0, 0, 0, 0, 0, 2], [0, 0, 0, 0, 0, 0, 0, 0, 0]]}, {"input": [[0, 0, 0, 0, 0, 0], [0, 0, 0, 0, 0, 0], [0, 0, 3, 0, 0, 0], [0, 0, 0, 0, 0, 0], [0, 6, 0, 0, 0, 0], [0, 0, 0, 0, 0, 0], [0, 0, 0, 0, 0, 0], [0, 0, 0, 0, 0, 0]], "output": [[0, 0, 0, 0, 0, 0], [0, 0, 0, 0, 0, 0], [0, 0, 3, 0, 0, 0], [0, 0, 0, 0, 0, 0], [0, 6, 0, 0, 0, 0], [0, 0, 0, 0, 0, 0], [0, 0, 0, 0, 0, 0], [0, 0, 0, 0, 0, 0], [0, 0, 0, 0, 0, 0], [0, 0, 0, 0, 0, 0], [0, 0, 0, 0, 0, 0], [0, 6, 0, 0, 0, 0], [0, 0, 0, 0, 0, 0], [0, 0, 3, 0, 0, 0], [0, 0, 0, 0, 0, 0], [0, 0, 0, 0, 0, 0]]}, {"input": [[0, 2, 0, 0, 0, 0], [0, 0, 3, 0, 0, 0], [7, 0, 5, 0, 0, 0], [0, 0, 0, 0, 0, 4], [0, 0, 8, 0, 6, 0], [0, 0, 0, 0, 9, 0]], "output": [[0, 2, 0, 0, 0, 0], [0, 0, 3, 0, 0, 0], [7, 0, 5, 0, 0, 0], [0, 0, 0, 0, 0, 4], [0, 0, 8, 0, 6, 0], [0, 0, 0, 0, 9, 0], [0, 0, 0, 0, 9, 0], [0, 0, 8, 0, 6, 0], [0, 0, 0, 0, 0, 4], [7, 0, 5, 0, 0, 0], [0, 0, 3, 0, 0, 0], [0, 2, 0, 0, 0, 0]]}, {"input": [[0, 0, 0, 2, 0], [0, 0, 0, 0, 0], [0, 0, 9, 0, 0], [0, 0, 0, 0, 0], [0, 0, 0, 0, 0], [0, 0, 0, 0, 0], [6, 0, 0, 0, 0]], "output": [[0, 0, 0, 2, 0], [0, 0, 0, 0, 0], [0, 0, 9, 0, 0], [0, 0, 0, 0, 0], [0, 0, 0, 0, 0], [0, 0, 0, 0, 0], [6, 0, 0, 0, 0], [6, 0, 0, 0, 0], [0, 0, 0, 0, 0], [0, 0, 0, 0, 0], [0, 0, 0, 0, 0], [0, 0, 9, 0, 0], [0, 0, 0, 0, 0], [0, 0, 0, 2, 0]]}, {"input": [[0, 0, 0, 0, 0, 0], [0, 0, 0, 0, 9, 0], [0, 0, 0, 0, 0, 0], [0, 2, 0, 0, 0, 0], [7, 0, 0, 0, 0, 0], [0, 0, 0, 1, 0, 0]], "output": [[0, 0, 0, 0, 0, 0], [0, 0, 0, 0, 9, 0], [0, 0, 0, 0, 0, 0], [0, 2, 0, 0, 0, 0], [7, 0, 0, 0, 0, 0], [0, 0, 0, 1, 0, 0], [0, 0, 0, 1, 0, 0], [7, 0, 0, 0, 0, 0], [0, 2, 0, 0, 0, 0], [0, 0, 0, 0, 0, 0], [0, 0, 0, 0, 9, 0], [0, 0, 0, 0, 0, 0]]}, {"input": [[0, 1, 0, 0, 4, 0, 0, 0, 0], [0, 0, 0, 0, 0, 0, 0, 0, 0], [0, 0, 0, 0, 0, 0, 0, 7, 3], [0, 0, 0, 0, 0, 0, 0, 0, 0], [0, 0, 0, 0, 0, 0, 6, 5, 0], [2, 0, 0, 9, 0, 0, 8, 0, 0]], "output": [[0, 1, 0, 0, 4, 0, 0, 0, 0], [0, 0, 0, 0, 0, 0, 0, 0, 0], [0, 0, 0, 0, 0, 0, 0, 7, 3], [0, 0, 0, 0, 0, 0, 0, 0, 0], [0, 0, 0, 0, 0, 0, 6, 5, 0], [2, 0, 0, 9, 0, 0, 8, 0, 0], [2, 0, 0, 9, 0, 0, 8, 0, 0], [0, 0, 0, 0, 0, 0, 6, 5, 0], [0, 0, 0, 0, 0, 0, 0, 0, 0], [0, 0, 0, 0, 0, 0, 0, 7, 3], [0, 0, 0, 0, 0, 0, 0, 0, 0], [0, 1, 0, 0, 4, 0, 0, 0, 0]]}, {"input": [[0, 0, 0, 0, 0, 0, 3, 0, 0], [0, 0, 0, 0, 0, 0, 0, 0, 0], [0, 0, 0, 0, 0, 0, 0, 0, 0], [0, 4, 0, 2, 0, 0, 0, 0, 6], [0, 9, 0, 0, 0, 0, 7, 0, 0], [0, 0, 0, 0, 1, 0, 0, 8, 0]], "output": [[0, 0, 0, 0, 0, 0, 3, 0, 0], [0, 0, 0, 0, 0, 0, 0, 0, 0], [0, 0, 0, 0, 0, 0, 0, 0, 0], [0, 4, 0, 2, 0, 0, 0, 0, 6], [0, 9, 0, 0, 0, 0, 7, 0, 0], [0, 0, 0, 0, 1, 0, 0, 8, 0], [0, 0, 0, 0, 1, 0, 0, 8, 0], [0, 9, 0, 0, 0, 0, 7, 0, 0], [0, 4, 0, 2, 0, 0, 0, 0, 6], [0, 0, 0, 0, 0, 0, 0, 0, 0], [0, 0, 0, 0, 0, 0, 0, 0, 0], [0, 0, 0, 0, 0, 0, 3, 0, 0]]}, {"input": [[0, 0, 0, 3, 9], [0, 0, 6, 0, 0], [0, 0, 0, 0, 0], [0, 0, 0, 0, 0], [0, 7, 4, 1, 0], [0, 0, 0, 0, 0], [0, 0, 0, 0, 0]], "output": [[0, 0, 0, 3, 9], [0, 0, 6, 0, 0], [0, 0, 0, 0, 0], [0, 0, 0, 0, 0], [0, 7, 4, 1, 0], [0, 0, 0, 0, 0], [0, 0, 0, 0, 0], [0, 0, 0, 0, 0], [0, 0, 0, 0, 0], [0, 7, 4, 1, 0], [0, 0, 0, 0, 0], [0, 0, 0, 0, 0], [0, 0, 6, 0, 0], [0, 0, 0, 3, 9]]}, {"input": [[5, 0, 0, 0, 0, 0], [8, 0, 3, 0, 0, 0], [0, 7, 0, 0, 0, 0], [4, 0, 0, 0, 0, 0], [0, 0, 0, 6, 0, 0]], "output": [[5, 0, 0, 0, 0, 0], [8, 0, 3, 0, 0, 0], [0, 7, 0, 0, 0, 0], [4, 0, 0, 0, 0, 0], [0, 0, 0, 6, 0, 0], [0, 0, 0, 6, 0, 0], [4, 0, 0, 0, 0, 0], [0, 7, 0, 0, 0, 0], [8, 0, 3, 0, 0, 0], [5, 0, 0, 0, 0, 0]]}, {"input": [[0, 0, 0, 0, 0, 6, 0, 0], [0, 0, 0, 0, 8, 0, 0, 0], [0, 0, 0, 0, 0, 0, 0, 0], [0, 0, 0, 0, 0, 3, 0, 0], [0, 0, 0, 0, 0, 0, 0, 0], [0, 2, 0, 0, 0, 0, 0, 0], [0, 0, 0, 0, 0, 0, 0, 5], [1, 0, 0, 0, 0, 0, 0, 0]], "output": [[0, 0, 0, 0, 0, 6, 0, 0], [0, 0, 0, 0, 8, 0, 0, 0], [0, 0, 0, 0, 0, 0, 0, 0], [0, 0, 0, 0, 0, 3, 0, 0], [0, 0, 0, 0, 0, 0, 0, 0], [0, 2, 0, 0, 0, 0, 0, 0], [0, 0, 0, 0, 0, 0, 0, 5], [1, 0, 0, 0, 0, 0, 0, 0], [1, 0, 0, 0, 0, 0, 0, 0], [0, 0, 0, 0, 0, 0, 0, 5], [0, 2, 0, 0, 0, 0, 0, 0], [0, 0, 0, 0, 0, 0, 0, 0], [0, 0, 0, 0, 0, 3, 0, 0], [0, 0, 0, 0, 0, 0, 0, 0], [0, 0, 0, 0, 8, 0, 0, 0], [0, 0, 0, 0, 0, 6, 0, 0]]}, {"input": [[0, 0, 6, 0, 0, 0, 0], [0, 0, 0, 0, 0, 0, 0], [0, 0, 0, 0, 0, 0, 3], [0, 0, 0, 0, 0, 0, 0], [0, 0, 0, 0, 7, 0, 0], [4, 0, 0, 8, 0, 0, 0], [0, 0, 2, 0, 0, 0, 1]], "output": [[0, 0, 6, 0, 0, 0, 0], [0, 0, 0, 0, 0, 0, 0], [0, 0, 0, 0, 0, 0, 3], [0, 0, 0, 0, 0, 0, 0], [0, 0, 0, 0, 7, 0, 0], [4, 0, 0, 8, 0, 0, 0], [0, 0, 2, 0, 0, 0, 1], [0, 0, 2, 0, 0, 0, 1], [4, 0, 0, 8, 0, 0, 0], [0, 0, 0, 0, 7, 0, 0], [0, 0, 0, 0, 0, 0, 0], [0, 0, 0, 0, 0, 0, 3], [0, 0, 0, 0, 0, 0, 0], [0, 0, 6, 0, 0, 0, 0]]}, {"input": [[0, 0, 0, 0, 0, 0], [0, 0, 8, 0, 3, 1], [0, 0, 7, 0, 0, 6], [0, 0, 0, 0, 0, 0], [0, 0, 0, 2, 0, 0]], "output": [[0, 0, 0, 0, 0, 0], [0, 0, 8, 0, 3, 1], [0, 0, 7, 0, 0, 6], [0, 0, 0, 0, 0, 0], [0, 0, 0, 2, 0, 0], [0, 0, 0, 2, 0, 0], [0, 0, 0, 0, 0, 0], [0, 0, 7, 0, 0, 6], [0, 0, 8, 0, 3, 1], [0, 0, 0, 0, 0, 0]]}, {"input": [[0, 0, 0, 0, 0, 0, 0, 0], [0, 0, 0, 0, 3, 5, 0, 0], [0, 0, 0, 0, 0, 0, 0, 0], [0, 6, 0, 0, 0, 0, 0, 0], [8, 7, 2, 0, 0, 0, 0, 0], [0, 0, 0, 0, 0, 0, 0, 0]], "output": [[0, 0, 0, 0, 0, 0, 0, 0], [0, 0, 0, 0, 3, 5, 0, 0], [0, 0, 0, 0, 0, 0, 0, 0], [0, 6, 0, 0, 0, 0, 0, 0], [8, 7, 2, 0, 0, 0, 0, 0], [0, 0, 0, 0, 0, 0, 0, 0], [0, 0, 0, 0, 0, 0, 0, 0], [8, 7, 2, 0, 0, 0, 0, 0], [0, 6, 0, 0, 0, 0, 0, 0], [0, 0, 0, 0, 0, 0, 0, 0], [0, 0, 0, 0, 3, 5, 0, 0], [0, 0, 0, 0, 0, 0, 0, 0]]}, {"input": [[0, 0, 0, 0, 0, 3, 0], [0, 0, 0, 0, 0, 0, 0], [7, 0, 0, 0, 0, 0, 0], [0, 0, 0, 0, 0, 0, 0], [0, 0, 0, 0, 0, 0, 0], [0, 0, 0, 4, 1, 0, 0], [0, 0, 0, 0, 0, 8, 0]], "output": [[0, 0, 0, 0, 0, 3, 0], [0, 0, 0, 0, 0, 0, 0], [7, 0, 0, 0, 0, 0, 0], [0, 0, 0, 0, 0, 0, 0], [0, 0, 0, 0, 0, 0, 0], [0, 0, 0, 4, 1, 0, 0], [0, 0, 0, 0, 0, 8, 0], [0, 0, 0, 0, 0, 8, 0], [0, 0, 0, 4, 1, 0, 0], [0, 0, 0, 0, 0, 0, 0], [0, 0, 0, 0, 0, 0, 0], [7, 0, 0, 0, 0, 0, 0], [0, 0, 0, 0, 0, 0, 0], [0, 0, 0, 0, 0, 3, 0]]}, {"input": [[0, 0, 0, 0, 3, 0, 0, 6], [0, 5, 0, 0, 0, 0, 0, 0], [0, 0, 0, 0, 0, 0, 0, 0], [0, 7, 0, 0, 0, 0, 0, 0], [0, 0, 0, 0, 0, 0, 0, 0], [0, 0, 0, 0, 0, 0, 0, 0], [0, 0, 0, 0, 0, 0, 2, 1], [0, 0, 0, 8, 0, 0, 0, 0], [0, 4, 0, 0, 0, 0, 0, 0]], "output": [[0, 0, 0, 0, 3, 0, 0, 6], [0, 5, 0, 0, 0, 0, 0, 0], [0, 0, 0, 0, 0, 0, 0, 0], [0, 7, 0, 0, 0, 0, 0, 0], [0, 0, 0, 0, 0, 0, 0, 0], [0, 0, 0, 0, 0, 0, 0, 0], [0, 0, 0, 0, 0, 0, 2, 1], [0, 0, 0, 8, 0, 0, 0, 0], [0, 4, 0, 0, 0, 0, 0, 0], [0, 4, 0, 0, 0, 0, 0, 0], [0, 0, 0, 8, 0, 0, 0, 0], [0, 0, 0, 0, 0, 0, 2, 1], [0, 0, 0, 0, 0, 0, 0, 0], [0, 0, 0, 0, 0, 0, 0, 0], [0, 7, 0, 0, 0, 0, 0, 0], [0, 0, 0, 0, 0, 0, 0, 0], [0, 5, 0, 0, 0, 0, 0, 0], [0, 0, 0, 0, 3, 0, 0, 6]]}, {"input": [[0, 0, 0, 0, 0, 0, 0, 0, 0], [0, 0, 7, 0, 0, 0, 0, 0, 0], [0, 0, 2, 0, 0, 0, 0, 0, 0], [0, 0, 0, 0, 0, 0, 0, 0, 0], [0, 0, 0, 0, 0, 0, 0, 0, 6], [0, 0, 0, 0, 0, 0, 0, 0, 0], [0, 0, 0, 0, 0, 1, 0, 0, 0], [0, 0, 0, 0, 0, 0, 0, 0, 0], [0, 0, 0, 0, 0, 0, 0, 3, 9]], "output": [[0, 0, 0, 0, 0, 0, 0, 0, 0], [0, 0, 7, 0, 0, 0, 0, 0, 0], [0, 0, 2, 0, 0, 0, 0, 0, 0], [0, 0, 0, 0, 0, 0, 0, 0, 0], [0, 0, 0, 0, 0, 0, 0, 0, 6], [0, 0, 0, 0, 0, 0, 0, 0, 0], [0, 0, 0, 0, 0, 1, 0, 0, 0], [0, 0, 0, 0, 0, 0, 0, 0, 0], [0, 0, 0, 0, 0, 0, 0, 3, 9], [0, 0, 0, 0, 0, 0, 0, 3, 9], [0, 0, 0, 0, 0, 0, 0, 0, 0], [0, 0, 0, 0, 0, 1, 0, 0, 0], [0, 0, 0, 0, 0, 0, 0, 0, 0], [0, 0, 0, 0, 0, 0, 0, 0, 6], [0, 0, 0, 0, 0, 0, 0, 0, 0], [0, 0, 2, 0, 0, 0, 0, 0, 0], [0, 0, 7, 0, 0, 0, 0, 0, 0], [0, 0, 0, 0, 0, 0, 0, 0, 0]]}, {"input": [[0, 0, 0, 0, 0, 0], [0, 0, 4, 0, 0, 0], [0, 0, 0, 0, 0, 0], [0, 9, 0, 0, 0, 0], [0, 7, 0, 2, 0, 0]], "output": [[0, 0, 0, 0, 0, 0], [0, 0, 4, 0, 0, 0], [0, 0, 0, 0, 0, 0], [0, 9, 0, 0, 0, 0], [0, 7, 0, 2, 0, 0], [0, 7, 0, 2, 0, 0], [0, 9, 0, 0, 0, 0], [0, 0, 0, 0, 0, 0], [0, 0, 4, 0, 0, 0], [0, 0, 0, 0, 0, 0]]}, {"input": [[4, 0, 0, 0, 0, 6, 8], [0, 0, 0, 0, 0, 5, 0], [0, 0, 0, 0, 0, 9, 0], [7, 0, 0, 0, 0, 0, 0], [0, 0, 0, 0, 0, 0, 0], [0, 0, 0, 0, 0, 0, 0], [0, 0, 0, 2, 0, 0, 0], [0, 0, 1, 0, 0, 0, 0]], "output": [[4, 0, 0, 0, 0, 6, 8], [0, 0, 0, 0, 0, 5, 0], [0, 0, 0, 0, 0, 9, 0], [7, 0, 0, 0, 0, 0, 0], [0, 0, 0, 0, 0, 0, 0], [0, 0, 0, 0, 0, 0, 0], [0, 0, 0, 2, 0, 0, 0], [0, 0, 1, 0, 0, 0, 0], [0, 0, 1, 0, 0, 0, 0], [0, 0, 0, 2, 0, 0, 0], [0, 0, 0, 0, 0, 0, 0], [0, 0, 0, 0, 0, 0, 0], [7, 0, 0, 0, 0, 0, 0], [0, 0, 0, 0, 0, 9, 0], [0, 0, 0, 0, 0, 5, 0], [4, 0, 0, 0, 0, 6, 8]]}], "test": [{"input": [[0, 0, 0, 0, 0, 0, 8], [9, 0, 0, 0, 0, 0, 0], [0, 0, 0, 0, 0, 0, 0], [0, 0, 0, 0, 0, 0, 6], [0, 0, 0, 0, 4, 0, 0]], "output": [[0, 0, 0, 0, 0, 0, 8], [9, 0, 0, 0, 0, 0, 0], [0, 0, 0, 0, 0, 0, 0], [0, 0, 0, 0, 0, 0, 6], [0, 0, 0, 0, 4, 0, 0], [0, 0, 0, 0, 4, 0, 0], [0, 0, 0, 0, 0, 0, 6], [0, 0, 0, 0, 0, 0, 0], [9, 0, 0, 0, 0, 0, 0], [0, 0, 0, 0, 0, 0, 8]]}, {"input": [[0, 0, 0, 0, 0, 0, 8], [0, 0, 0, 0, 0, 0, 0], [0, 4, 0, 0, 0, 0, 0], [0, 0, 0, 0, 0, 0, 0], [0, 7, 0, 0, 0, 0, 0], [0, 0, 0, 0, 0, 0, 0], [0, 0, 0, 0, 5, 0, 0]], "output": [[0, 0, 0, 0, 0, 0, 8], [0, 0, 0, 0, 0, 0, 0], [0, 4, 0, 0, 0, 0, 0], [0, 0, 0, 0, 0, 0, 0], [0, 7, 0, 0, 0, 0, 0], [0, 0, 0, 0, 0, 0, 0], [0, 0, 0, 0, 5, 0, 0], [0, 0, 0, 0, 5, 0, 0], [0, 0, 0, 0, 0, 0, 0], [0, 7, 0, 0, 0, 0, 0], [0, 0, 0, 0, 0, 0, 0], [0, 4, 0, 0, 0, 0, 0], [0, 0, 0, 0, 0, 0, 0], [0, 0, 0, 0, 0, 0, 8]]}, {"input": [[0, 0, 0, 0, 0, 0, 0, 0], [0, 0, 0, 0, 1, 0, 0, 0], [2, 0, 0, 0, 0, 0, 0, 0], [0, 0, 0, 0, 0, 0, 0, 0], [0, 0, 0, 0, 0, 3, 0, 0], [0, 0, 0, 0, 0, 7, 0, 0]], "output": [[0, 0, 0, 0, 0, 0, 0, 0], [0, 0, 0, 0, 1, 0, 0, 0], [2, 0, 0, 0, 0, 0, 0, 0], [0, 0, 0, 0, 0, 0, 0, 0], [0, 0, 0, 0, 0, 3, 0, 0], [0, 0, 0, 0, 0, 7, 0, 0], [0, 0, 0, 0, 0, 7, 0, 0], [0, 0, 0, 0, 0, 3, 0, 0], [0, 0, 0, 0, 0, 0, 0, 0], [2, 0, 0, 0, 0, 0, 0, 0], [0, 0, 0, 0, 1, 0, 0, 0], [0, 0, 0, 0, 0, 0, 0, 0]]}]}