{"train": [{"input": [[0, 0, 0, 0, 0, 0, 0, 0], [0, 0, 0, 0, 0, 0, 0, 0], [0, 0, 0, 0, 0, 0, 0, 0], [0, 0, 0, 0, 0, 0, 0, 0], [0, 0, 0, 0, 0, 0, 0, 0], [0, 0, 0, 0, 0, 0, 0, 0], [0, 0, 0, 0, 0, 0, 0, 0], [0, 0, 0, 0, 0, 0, 0, 0]], "output": [[7, 7, 7, 7, 7, 7, 7, 7], [7, 7, 7, 7, 7, 7, 7, 7], [7, 7, 7, 7, 7, 7, 7, 7], [7, 7, 7, 7, 7, 7, 7, 7], [7, 7, 7, 7, 7, 7, 7, 7], [7, 7, 7, 7, 7, 7, 7, 7], [7, 7, 7, 7, 7, 7, 7, 7], [7, 7, 7, 7, 7, 7, 7, 7]]}, {"input": [[0, 0, 0, 0, 0, 0, 0], [0, 0, 0, 0, 0, 0, 0], [0, 0, 0, 0, 0, 0, 0], [0, 0, 0, 0, 0, 0, 0], [0, 0, 0, 0, 0, 0, 0], [0, 0, 0, 0, 0, 0, 0], [0, 0, 0, 0, 0, 0, 0]], "output": [[7, 7, 7, 7, 7, 7, 7], [7, 7, 7, 7, 7, 7, 7], [7, 7, 7, 7, 7, 7, 7], [7, 7, 7, 7, 7, 7, 7], [7, 7, 7, 7, 7, 7, 7], [7, 7, 7, 7, 7, 7, 7], [7, 7, 7, 7, 7, 7, 7]]}, {"input": [[0, 0, 0, 0, 0, 0, 0, 0, 0], [0, 0, 0, 0, 0, 0, 0, 0, 0], [0, 0, 0, 0, 0, 0, 0, 0, 0], [0, 0, 0, 2, 2, 2, 0, 0, 0], [0, 0, 0, 2, 2, 2, 0, 0, 0], [0, 0, 0, 2, 2, 2, 0, 0, 0], [0, 0, 0, 0, 0, 0, 0, 0, 0]], "output": [[3, 3, 3, 3, 3, 3, 3, 3, 3], [3, 3, 3, 3, 3, 3, 3, 3, 3], [3, 3, 3, 3, 3, 3, 3, 3, 3], [3, 3, 3, 3, 3, 3, 3, 3, 3], [3, 3, 3, 3, 3, 3, 3, 3, 3], [3, 3, 3, 3, 3, 3, 3, 3, 3], [3, 3, 3, 3, 3, 3, 3, 3, 3]]}, {"input": [[0, 0, 0, 0, 0, 0, 0, 0, 0], [0, 0, 0, 0, 0, 0, 0, 0, 0], [0, 0, 0, 0, 0, 0, 0, 0, 0], [0, 0, 0, 0, 0, 0, 0, 0, 0], [0, 0, 0, 0, 0, 0, 0, 0, 0], [0, 0, 0, 0, 0, 0, 0, 0, 0], [0, 0, 0, 0, 0, 0, 0, 0, 0], [0, 0, 0, 0, 0, 0, 0, 0, 0], [0, 0, 0, 0, 0, 0, 0, 0, 0]], "output": [[7, 7, 7, 7, 7, 7, 7, 7, 7], [7, 7, 7, 7, 7, 7, 7, 7, 7], [7, 7, 7, 7, 7, 7, 7, 7, 7], [7, 7, 7, 7, 7, 7, 7, 7, 7], [7, 7, 7, 7, 7, 7, 7, 7, 7], [7, 7, 7, 7, 7, 7, 7, 7, 7], [7, 7, 7, 7, 7, 7, 7, 7, 7], [7, 7, 7, 7, 7, 7, 7, 7, 7], [7, 7, 7, 7, 7, 7, 7, 7, 7]]}, {"input": [[0, 0, 0, 0, 0, 0, 0, 0, 0], [0, 0, 0, 0, 0, 0, 0, 0, 0], [0, 0, 0, 0, 0, 0, 0, 0, 0], [0, 0, 0, 0, 0, 0, 0, 0, 0], [0, 0, 0, 0, 0, 0, 0, 0, 0], [0, 0, 0, 0, 0, 0, 0, 0, 0], [0, 0, 0, 0, 0, 0, 0, 0, 0], [0, 0, 0, 0, 0, 0, 0, 0, 0]], "output": [[7, 7, 7, 7, 7, 7, 7, 7, 7], [7, 7, 7, 7, 7, 7, 7, 7, 7], [7, 7, 7, 7, 7, 7, 7, 7, 7], [7, 7, 7, 7, 7, 7, 7, 7, 7], [7, 7, 7, 7, 7, 7, 7, 7, 7], [7, 7, 7, 7, 7, 7, 7, 7, 7], [7, 7, 7, 7, 7, 7, 7, 7, 7], [7, 7, 7, 7, 7, 7, 7, 7, 7]]}, {"input": [[0, 0, 0, 0, 0], [0, 2, 2, 2, 0], [0, 2, 2, 2, 0], [0, 2, 2, 2, 0], [0, 0, 0, 0, 0], [0, 0, 0, 0, 0]], "output": [[3, 3, 3, 3, 3], [3, 3, 3, 3, 3], [3, 3, 3, 3, 3], [3, 3, 3, 3, 3], [3, 3, 3, 3, 3], [3, 3, 3, 3, 3]]}, {"input": [[0, 0, 0, 0, 0], [0, 0, 0, 0, 0], [2, 2, 2, 0, 0], [2, 2, 2, 0, 0], [2, 2, 2, 0, 0], [0, 0, 0, 0, 0]], "output": [[3, 3, 3, 3, 3], [3, 3, 3, 3, 3], [3, 3, 3, 3, 3], [3, 3, 3, 3, 3], [3, 3, 3, 3, 3], [3, 3, 3, 3, 3]]}, {"input": [[0, 0, 0, 0, 0], [0, 0, 0, 0, 0], [0, 0, 0, 0, 0], [0, 0, 0, 0, 0], [0, 0, 0, 0, 0]], "output": [[7, 7, 7, 7, 7], [7, 7, 7, 7, 7], [7, 7, 7, 7, 7], [7, 7, 7, 7, 7], [7, 7, 7, 7, 7]]}, {"input": [[0, 0, 0, 0, 0, 0, 0], [0, 0, 0, 0, 0, 0, 0], [0, 0, 0, 0, 0, 0, 0], [0, 0, 0, 0, 0, 0, 0], [0, 0, 0, 0, 0, 0, 0], [0, 0, 0, 0, 0, 0, 0], [0, 0, 0, 0, 0, 0, 0], [0, 0, 0, 0, 0, 0, 0]], "output": [[7, 7, 7, 7, 7, 7, 7], [7, 7, 7, 7, 7, 7, 7], [7, 7, 7, 7, 7, 7, 7], [7, 7, 7, 7, 7, 7, 7], [7, 7, 7, 7, 7, 7, 7], [7, 7, 7, 7, 7, 7, 7], [7, 7, 7, 7, 7, 7, 7], [7, 7, 7, 7, 7, 7, 7]]}, {"input": [[0, 0, 0, 0, 0, 0], [0, 0, 0, 0, 0, 0], [0, 0, 0, 0, 0, 0], [0, 0, 0, 0, 0, 0], [0, 0, 0, 0, 0, 0], [0, 0, 0, 0, 0, 0], [0, 0, 0, 0, 0, 0], [0, 0, 0, 0, 0, 0], [0, 0, 0, 0, 0, 0]], "output": [[7, 7, 7, 7, 7, 7], [7, 7, 7, 7, 7, 7], [7, 7, 7, 7, 7, 7], [7, 7, 7, 7, 7, 7], [7, 7, 7, 7, 7, 7], [7, 7, 7, 7, 7, 7], [7, 7, 7, 7, 7, 7], [7, 7, 7, 7, 7, 7], [7, 7, 7, 7, 7, 7]]}, {"input": [[0, 0, 0, 0, 0, 0, 0, 0], [0, 0, 0, 0, 0, 0, 0, 0], [0, 0, 0, 0, 0, 0, 0, 0], [0, 0, 0, 0, 0, 0, 0, 0], [0, 0, 0, 0, 0, 0, 0, 0], [0, 0, 0, 0, 0, 0, 0, 0]], "output": [[7, 7, 7, 7, 7, 7, 7, 7], [7, 7, 7, 7, 7, 7, 7, 7], [7, 7, 7, 7, 7, 7, 7, 7], [7, 7, 7, 7, 7, 7, 7, 7], [7, 7, 7, 7, 7, 7, 7, 7], [7, 7, 7, 7, 7, 7, 7, 7]]}, {"input": [[0, 0, 0, 0, 0, 0], [0, 0, 0, 0, 0, 0], [0, 0, 0, 0, 0, 0], [0, 0, 0, 0, 0, 0], [0, 0, 0, 0, 0, 0], [0, 0, 0, 0, 0, 0]], "output": [[7, 7, 7, 7, 7, 7], [7, 7, 7, 7, 7, 7], [7, 7, 7, 7, 7, 7], [7, 7, 7, 7, 7, 7], [7, 7, 7, 7, 7, 7], [7, 7, 7, 7, 7, 7]]}, {"input": [[0, 0, 0, 0, 0, 0, 0], [2, 2, 2, 0, 0, 0, 0], [2, 2, 2, 0, 0, 0, 0], [2, 2, 2, 0, 0, 0, 0], [0, 0, 0, 0, 0, 0, 0]], "output": [[3, 3, 3, 3, 3, 3, 3], [3, 3, 3, 3, 3, 3, 3], [3, 3, 3, 3, 3, 3, 3], [3, 3, 3, 3, 3, 3, 3], [3, 3, 3, 3, 3, 3, 3]]}, {"input": [[0, 0, 2, 2, 2, 0], [0, 0, 2, 2, 2, 0], [0, 0, 2, 2, 2, 0], [0, 0, 0, 0, 0, 0], [0, 0, 0, 0, 0, 0], [0, 0, 0, 0, 0, 0]], "output": [[3, 3, 3, 3, 3, 3], [3, 3, 3, 3, 3, 3], [3, 3, 3, 3, 3, 3], [3, 3, 3, 3, 3, 3], [3, 3, 3, 3, 3, 3], [3, 3, 3, 3, 3, 3]]}, {"input": [[0, 2, 2, 2, 0, 0], [0, 2, 2, 2, 0, 0], [0, 2, 2, 2, 0, 0], [0, 0, 0, 0, 0, 0], [0, 0, 0, 0, 0, 0], [0, 0, 0, 0, 0, 0], [0, 0, 0, 0, 0, 0], [0, 0, 0, 0, 0, 0], [0, 0, 0, 0, 0, 0]], "output": [[3, 3, 3, 3, 3, 3], [3, 3, 3, 3, 3, 3], [3, 3, 3, 3, 3, 3], [3, 3, 3, 3, 3, 3], [3, 3, 3, 3, 3, 3], [3, 3, 3, 3, 3, 3], [3, 3, 3, 3, 3, 3], [3, 3, 3, 3, 3, 3], [3, 3, 3, 3, 3, 3]]}, {"input": [[0, 0, 0, 2, 2, 2, 0], [0, 0, 0, 2, 2, 2, 0], [0, 0, 0, 2, 2, 2, 0], [0, 0, 0, 0, 0, 0, 0], [0, 0, 0, 0, 0, 0, 0], [0, 0, 0, 0, 0, 0, 0], [0, 0, 0, 0, 0, 0, 0]], "output": [[3, 3, 3, 3, 3, 3, 3], [3, 3, 3, 3, 3, 3, 3], [3, 3, 3, 3, 3, 3, 3], [3, 3, 3, 3, 3, 3, 3], [3, 3, 3, 3, 3, 3, 3], [3, 3, 3, 3, 3, 3, 3], [3, 3, 3, 3, 3, 3, 3]]}, {"input": [[0, 0, 0, 0, 0], [0, 0, 0, 0, 0], [0, 0, 0, 0, 0], [0, 0, 0, 0, 0], [0, 0, 0, 0, 0], [0, 0, 0, 0, 0]], "output": [[7, 7, 7, 7, 7], [7, 7, 7, 7, 7], [7, 7, 7, 7, 7], [7, 7, 7, 7, 7], [7, 7, 7, 7, 7], [7, 7, 7, 7, 7]]}, {"input": [[0, 0, 0, 0, 0, 0], [0, 0, 0, 0, 0, 0], [0, 0, 0, 0, 0, 0], [0, 0, 0, 0, 0, 0], [0, 0, 0, 0, 0, 0], [0, 0, 0, 0, 0, 0], [0, 0, 0, 0, 0, 0], [0, 0, 0, 0, 0, 0]], "output": [[7, 7, 7, 7, 7, 7], [7, 7, 7, 7, 7, 7], [7, 7, 7, 7, 7, 7], [7, 7, 7, 7, 7, 7], [7, 7, 7, 7, 7, 7], [7, 7, 7, 7, 7, 7], [7, 7, 7, 7, 7, 7], [7, 7, 7, 7, 7, 7]]}, {"input": [[0, 0, 0, 0, 0, 0, 0], [0, 2, 2, 2, 0, 0, 0], [0, 2, 2, 2, 0, 0, 0], [0, 2, 2, 2, 0, 0, 0], [0, 0, 0, 0, 0, 0, 0], [0, 0, 0, 0, 0, 0, 0], [0, 0, 0, 0, 0, 0, 0]], "output": [[3, 3, 3, 3, 3, 3, 3], [3, 3, 3, 3, 3, 3, 3], [3, 3, 3, 3, 3, 3, 3], [3, 3, 3, 3, 3, 3, 3], [3, 3, 3, 3, 3, 3, 3], [3, 3, 3, 3, 3, 3, 3], [3, 3, 3, 3, 3, 3, 3]]}, {"input": [[0, 2, 2, 2, 0, 0, 0, 0], [0, 2, 2, 2, 0, 0, 0, 0], [0, 2, 2, 2, 0, 0, 0, 0], [0, 0, 0, 0, 0, 0, 0, 0], [0, 0, 0, 0, 0, 0, 0, 0], [0, 0, 0, 0, 0, 0, 0, 0], [0, 0, 0, 0, 0, 0, 0, 0]], "output": [[3, 3, 3, 3, 3, 3, 3, 3], [3, 3, 3, 3, 3, 3, 3, 3], [3, 3, 3, 3, 3, 3, 3, 3], [3, 3, 3, 3, 3, 3, 3, 3], [3, 3, 3, 3, 3, 3, 3, 3], [3, 3, 3, 3, 3, 3, 3, 3], [3, 3, 3, 3, 3, 3, 3, 3]]}, {"input": [[0, 0, 0, 0, 0], [0, 0, 0, 0, 0], [0, 0, 0, 0, 0], [0, 0, 0, 0, 0], [0, 0, 0, 0, 0], [0, 0, 0, 0, 0], [0, 0, 0, 0, 0]], "output": [[7, 7, 7, 7, 7], [7, 7, 7, 7, 7], [7, 7, 7, 7, 7], [7, 7, 7, 7, 7], [7, 7, 7, 7, 7], [7, 7, 7, 7, 7], [7, 7, 7, 7, 7]]}, {"input": [[0, 0, 2, 2, 2, 0, 0], [0, 0, 2, 2, 2, 0, 0], [0, 0, 2, 2, 2, 0, 0], [0, 0, 0, 0, 0, 0, 0], [0, 0, 0, 0, 0, 0, 0]], "output": [[3, 3, 3, 3, 3, 3, 3], [3, 3, 3, 3, 3, 3, 3], [3, 3, 3, 3, 3, 3, 3], [3, 3, 3, 3, 3, 3, 3], [3, 3, 3, 3, 3, 3, 3]]}, {"input": [[0, 2, 2, 2, 0], [0, 2, 2, 2, 0], [0, 2, 2, 2, 0], [0, 0, 0, 0, 0], [0, 0, 0, 0, 0], [0, 0, 0, 0, 0]], "output": [[3, 3, 3, 3, 3], [3, 3, 3, 3, 3], [3, 3, 3, 3, 3], [3, 3, 3, 3, 3], [3, 3, 3, 3, 3], [3, 3, 3, 3, 3]]}, {"input": [[0, 0, 0, 0, 0], [0, 0, 0, 0, 0], [0, 0, 0, 0, 0], [0, 0, 0, 0, 0], [0, 2, 2, 2, 0], [0, 2, 2, 2, 0], [0, 2, 2, 2, 0], [0, 0, 0, 0, 0]], "output": [[3, 3, 3, 3, 3], [3, 3, 3, 3, 3], [3, 3, 3, 3, 3], [3, 3, 3, 3, 3], [3, 3, 3, 3, 3], [3, 3, 3, 3, 3], [3, 3, 3, 3, 3], [3, 3, 3, 3, 3]]}, {"input": [[0, 2, 2, 2, 0], [0, 2, 2, 2, 0], [0, 2, 2, 2, 0], [0, 0, 0, 0, 0], [0, 0, 0, 0, 0]], "output": [[3, 3, 3, 3, 3], [3, 3, 3, 3, 3], [3, 3, 3, 3, 3], [3, 3, 3, 3, 3], [3, 3, 3, 3, 3]]}, {"input": [[0, 0, 0, 0, 0, 0, 0, 0, 0], [0, 0, 0, 0, 0, 0, 0, 0, 0], [0, 0, 0, 0, 0, 0, 0, 0, 0], [0, 0, 0, 0, 0, 2, 2, 2, 0], [0, 0, 0, 0, 0, 2, 2, 2, 0], [0, 0, 0, 0, 0, 2, 2, 2, 0], [0, 0, 0, 0, 0, 0, 0, 0, 0], [0, 0, 0, 0, 0, 0, 0, 0, 0], [0, 0, 0, 0, 0, 0, 0, 0, 0]], "output": [[3, 3, 3, 3, 3, 3, 3, 3, 3], [3, 3, 3, 3, 3, 3, 3, 3, 3], [3, 3, 3, 3, 3, 3, 3, 3, 3], [3, 3, 3, 3, 3, 3, 3, 3, 3], [3, 3, 3, 3, 3, 3, 3, 3, 3], [3, 3, 3, 3, 3, 3, 3, 3, 3], [3, 3, 3, 3, 3, 3, 3, 3, 3], [3, 3, 3, 3, 3, 3, 3, 3, 3], [3, 3, 3, 3, 3, 3, 3, 3, 3]]}, {"input": [[0, 2, 2, 2, 0, 0, 0], [0, 2, 2, 2, 0, 0, 0], [0, 2, 2, 2, 0, 0, 0], [0, 0, 0, 0, 0, 0, 0], [0, 0, 0, 0, 0, 0, 0], [0, 0, 0, 0, 0, 0, 0], [0, 0, 0, 0, 0, 0, 0]], "output": [[3, 3, 3, 3, 3, 3, 3], [3, 3, 3, 3, 3, 3, 3], [3, 3, 3, 3, 3, 3, 3], [3, 3, 3, 3, 3, 3, 3], [3, 3, 3, 3, 3, 3, 3], [3, 3, 3, 3, 3, 3, 3], [3, 3, 3, 3, 3, 3, 3]]}, {"input": [[0, 0, 0, 0, 0, 0, 0], [0, 0, 0, 0, 0, 0, 0], [0, 0, 0, 0, 0, 0, 0], [0, 2, 2, 2, 0, 0, 0], [0, 2, 2, 2, 0, 0, 0], [0, 2, 2, 2, 0, 0, 0], [0, 0, 0, 0, 0, 0, 0], [0, 0, 0, 0, 0, 0, 0], [0, 0, 0, 0, 0, 0, 0]], "output": [[3, 3, 3, 3, 3, 3, 3], [3, 3, 3, 3, 3, 3, 3], [3, 3, 3, 3, 3, 3, 3], [3, 3, 3, 3, 3, 3, 3], [3, 3, 3, 3, 3, 3, 3], [3, 3, 3, 3, 3, 3, 3], [3, 3, 3, 3, 3, 3, 3], [3, 3, 3, 3, 3, 3, 3], [3, 3, 3, 3, 3, 3, 3]]}, {"input": [[2, 2, 2, 0, 0], [2, 2, 2, 0, 0], [2, 2, 2, 0, 0], [0, 0, 0, 0, 0], [0, 0, 0, 0, 0], [0, 0, 0, 0, 0], [0, 0, 0, 0, 0], [0, 0, 0, 0, 0]], "output": [[3, 3, 3, 3, 3], [3, 3, 3, 3, 3], [3, 3, 3, 3, 3], [3, 3, 3, 3, 3], [3, 3, 3, 3, 3], [3, 3, 3, 3, 3], [3, 3, 3, 3, 3], [3, 3, 3, 3, 3]]}, {"input": [[0, 0, 0, 0, 0, 0, 0, 0], [0, 0, 0, 0, 0, 0, 0, 0], [0, 0, 0, 0, 0, 0, 0, 0], [0, 0, 0, 0, 0, 0, 0, 0], [0, 0, 0, 0, 0, 0, 0, 0], [0, 0, 0, 0, 0, 0, 0, 0], [0, 0, 0, 0, 0, 0, 0, 0], [0, 0, 0, 0, 0, 0, 0, 0], [0, 0, 0, 0, 0, 0, 0, 0]], "output": [[7, 7, 7, 7, 7, 7, 7, 7], [7, 7, 7, 7, 7, 7, 7, 7], [7, 7, 7, 7, 7, 7, 7, 7], [7, 7, 7, 7, 7, 7, 7, 7], [7, 7, 7, 7, 7, 7, 7, 7], [7, 7, 7, 7, 7, 7, 7, 7], [7, 7, 7, 7, 7, 7, 7, 7], [7, 7, 7, 7, 7, 7, 7, 7], [7, 7, 7, 7, 7, 7, 7, 7]]}, {"input": [[0, 0, 0, 0, 0, 0, 0, 0, 0], [0, 0, 0, 0, 0, 0, 0, 0, 0], [0, 0, 0, 0, 0, 0, 0, 0, 0], [2, 2, 2, 0, 0, 0, 0, 0, 0], [2, 2, 2, 0, 0, 0, 0, 0, 0], [2, 2, 2, 0, 0, 0, 0, 0, 0], [0, 0, 0, 0, 0, 0, 0, 0, 0]], "output": [[3, 3, 3, 3, 3, 3, 3, 3, 3], [3, 3, 3, 3, 3, 3, 3, 3, 3], [3, 3, 3, 3, 3, 3, 3, 3, 3], [3, 3, 3, 3, 3, 3, 3, 3, 3], [3, 3, 3, 3, 3, 3, 3, 3, 3], [3, 3, 3, 3, 3, 3, 3, 3, 3], [3, 3, 3, 3, 3, 3, 3, 3, 3]]}, {"input": [[0, 0, 0, 0, 0, 0, 0, 0], [0, 0, 0, 0, 0, 0, 0, 0], [0, 0, 0, 2, 2, 2, 0, 0], [0, 0, 0, 2, 2, 2, 0, 0], [0, 0, 0, 2, 2, 2, 0, 0], [0, 0, 0, 0, 0, 0, 0, 0], [0, 0, 0, 0, 0, 0, 0, 0], [0, 0, 0, 0, 0, 0, 0, 0], [0, 0, 0, 0, 0, 0, 0, 0]], "output": [[3, 3, 3, 3, 3, 3, 3, 3], [3, 3, 3, 3, 3, 3, 3, 3], [3, 3, 3, 3, 3, 3, 3, 3], [3, 3, 3, 3, 3, 3, 3, 3], [3, 3, 3, 3, 3, 3, 3, 3], [3, 3, 3, 3, 3, 3, 3, 3], [3, 3, 3, 3, 3, 3, 3, 3], [3, 3, 3, 3, 3, 3, 3, 3], [3, 3, 3, 3, 3, 3, 3, 3]]}, {"input": [[0, 0, 0, 0, 0, 0, 0, 0], [0, 0, 0, 0, 0, 0, 0, 0], [0, 0, 0, 0, 0, 0, 0, 0], [2, 2, 2, 0, 0, 0, 0, 0], [2, 2, 2, 0, 0, 0, 0, 0], [2, 2, 2, 0, 0, 0, 0, 0], [0, 0, 0, 0, 0, 0, 0, 0], [0, 0, 0, 0, 0, 0, 0, 0]], "output": [[3, 3, 3, 3, 3, 3, 3, 3], [3, 3, 3, 3, 3, 3, 3, 3], [3, 3, 3, 3, 3, 3, 3, 3], [3, 3, 3, 3, 3, 3, 3, 3], [3, 3, 3, 3, 3, 3, 3, 3], [3, 3, 3, 3, 3, 3, 3, 3], [3, 3, 3, 3, 3, 3, 3, 3], [3, 3, 3, 3, 3, 3, 3, 3]]}, {"input": [[0, 0, 0, 0, 0, 0, 0], [0, 0, 0, 0, 0, 0, 0], [0, 2, 2, 2, 0, 0, 0], [0, 2, 2, 2, 0, 0, 0], [0, 2, 2, 2, 0, 0, 0], [0, 0, 0, 0, 0, 0, 0], [0, 0, 0, 0, 0, 0, 0], [0, 0, 0, 0, 0, 0, 0], [0, 0, 0, 0, 0, 0, 0]], "output": [[3, 3, 3, 3, 3, 3, 3], [3, 3, 3, 3, 3, 3, 3], [3, 3, 3, 3, 3, 3, 3], [3, 3, 3, 3, 3, 3, 3], [3, 3, 3, 3, 3, 3, 3], [3, 3, 3, 3, 3, 3, 3], [3, 3, 3, 3, 3, 3, 3], [3, 3, 3, 3, 3, 3, 3], [3, 3, 3, 3, 3, 3, 3]]}, {"input": [[0, 0, 0, 0, 0, 0], [0, 0, 0, 0, 0, 0], [0, 0, 0, 0, 0, 0], [0, 0, 0, 0, 0, 0], [0, 0, 2, 2, 2, 0], [0, 0, 2, 2, 2, 0], [0, 0, 2, 2, 2, 0], [0, 0, 0, 0, 0, 0]], "output": [[3, 3, 3, 3, 3, 3], [3, 3, 3, 3, 3, 3], [3, 3, 3, 3, 3, 3], [3, 3, 3, 3, 3, 3], [3, 3, 3, 3, 3, 3], [3, 3, 3, 3, 3, 3], [3, 3, 3, 3, 3, 3], [3, 3, 3, 3, 3, 3]]}, {"input": [[0, 0, 0, 0, 0, 0, 0, 0], [0, 0, 0, 0, 0, 0, 0, 0], [0, 2, 2, 2, 0, 0, 0, 0], [0, 2, 2, 2, 0, 0, 0, 0], [0, 2, 2, 2, 0, 0, 0, 0], [0, 0, 0, 0, 0, 0, 0, 0]], "output": [[3, 3, 3, 3, 3, 3, 3, 3], [3, 3, 3, 3, 3, 3, 3, 3], [3, 3, 3, 3, 3, 3, 3, 3], [3, 3, 3, 3, 3, 3, 3, 3], [3, 3, 3, 3, 3, 3, 3, 3], [3, 3, 3, 3, 3, 3, 3, 3]]}, {"input": [[0, 0, 0, 2, 2, 2, 0, 0], [0, 0, 0, 2, 2, 2, 0, 0], [0, 0, 0, 2, 2, 2, 0, 0], [0, 0, 0, 0, 0, 0, 0, 0], [0, 0, 0, 0, 0, 0, 0, 0], [0, 0, 0, 0, 0, 0, 0, 0], [0, 0, 0, 0, 0, 0, 0, 0]], "output": [[3, 3, 3, 3, 3, 3, 3, 3], [3, 3, 3, 3, 3, 3, 3, 3], [3, 3, 3, 3, 3, 3, 3, 3], [3, 3, 3, 3, 3, 3, 3, 3], [3, 3, 3, 3, 3, 3, 3, 3], [3, 3, 3, 3, 3, 3, 3, 3], [3, 3, 3, 3, 3, 3, 3, 3]]}, {"input": [[0, 0, 0, 0, 0, 0, 0, 0, 0], [2, 2, 2, 0, 0, 0, 0, 0, 0], [2, 2, 2, 0, 0, 0, 0, 0, 0], [2, 2, 2, 0, 0, 0, 0, 0, 0], [0, 0, 0, 0, 0, 0, 0, 0, 0], [0, 0, 0, 0, 0, 0, 0, 0, 0]], "output": [[3, 3, 3, 3, 3, 3, 3, 3, 3], [3, 3, 3, 3, 3, 3, 3, 3, 3], [3, 3, 3, 3, 3, 3, 3, 3, 3], [3, 3, 3, 3, 3, 3, 3, 3, 3], [3, 3, 3, 3, 3, 3, 3, 3, 3], [3, 3, 3, 3, 3, 3, 3, 3, 3]]}, {"input": [[0, 0, 0, 0, 0, 0], [0, 0, 0, 0, 0, 0], [0, 0, 0, 0, 0, 0], [2, 2, 2, 0, 0, 0], [2, 2, 2, 0, 0, 0], [2, 2, 2, 0, 0, 0], [0, 0, 0, 0, 0, 0], [0, 0, 0, 0, 0, 0]], "output": [[3, 3, 3, 3, 3, 3], [3, 3, 3, 3, 3, 3], [3, 3, 3, 3, 3, 3], [3, 3, 3, 3, 3, 3], [3, 3, 3, 3, 3, 3], [3, 3, 3, 3, 3, 3], [3, 3, 3, 3, 3, 3], [3, 3, 3, 3, 3, 3]]}, {"input": [[0, 0, 2, 2, 2, 0], [0, 0, 2, 2, 2, 0], [0, 0, 2, 2, 2, 0], [0, 0, 0, 0, 0, 0], [0, 0, 0, 0, 0, 0]], "output": [[3, 3, 3, 3, 3, 3], [3, 3, 3, 3, 3, 3], [3, 3, 3, 3, 3, 3], [3, 3, 3, 3, 3, 3], [3, 3, 3, 3, 3, 3]]}, {"input": [[0, 0, 0, 0, 0], [2, 2, 2, 0, 0], [2, 2, 2, 0, 0], [2, 2, 2, 0, 0], [0, 0, 0, 0, 0], [0, 0, 0, 0, 0], [0, 0, 0, 0, 0]], "output": [[3, 3, 3, 3, 3], [3, 3, 3, 3, 3], [3, 3, 3, 3, 3], [3, 3, 3, 3, 3], [3, 3, 3, 3, 3], [3, 3, 3, 3, 3], [3, 3, 3, 3, 3]]}], "test": [{"input": [[0, 0, 0, 0, 2, 2, 2, 0, 0], [0, 0, 0, 0, 2, 2, 2, 0, 0], [0, 0, 0, 0, 2, 2, 2, 0, 0], [0, 0, 0, 0, 0, 0, 0, 0, 0], [0, 0, 0, 0, 0, 0, 0, 0, 0]], "output": [[3, 3, 3, 3, 3, 3, 3, 3, 3], [3, 3, 3, 3, 3, 3, 3, 3, 3], [3, 3, 3, 3, 3, 3, 3, 3, 3], [3, 3, 3, 3, 3, 3, 3, 3, 3], [3, 3, 3, 3, 3, 3, 3, 3, 3]]}, {"input": [[0, 0, 0, 0, 0, 0, 0, 0], [0, 0, 0, 0, 2, 2, 2, 0], [0, 0, 0, 0, 2, 2, 2, 0], [0, 0, 0, 0, 2, 2, 2, 0], [0, 0, 0, 0, 0, 0, 0, 0], [0, 0, 0, 0, 0, 0, 0, 0]], "output": [[3, 3, 3, 3, 3, 3, 3, 3], [3, 3, 3, 3, 3, 3, 3, 3], [3, 3, 3, 3, 3, 3, 3, 3], [3, 3, 3, 3, 3, 3, 3, 3], [3, 3, 3, 3, 3, 3, 3, 3], [3, 3, 3, 3, 3, 3, 3, 3]]}, {"input": [[0, 0, 2, 2, 2, 0, 0, 0], [0, 0, 2, 2, 2, 0, 0, 0], [0, 0, 2, 2, 2, 0, 0, 0], [0, 0, 0, 0, 0, 0, 0, 0], [0, 0, 0, 0, 0, 0, 0, 0], [0, 0, 0, 0, 0, 0, 0, 0], [0, 0, 0, 0, 0, 0, 0, 0], [0, 0, 0, 0, 0, 0, 0, 0]], "output": [[3, 3, 3, 3, 3, 3, 3, 3], [3, 3, 3, 3, 3, 3, 3, 3], [3, 3, 3, 3, 3, 3, 3, 3], [3, 3, 3, 3, 3, 3, 3, 3], [3, 3, 3, 3, 3, 3, 3, 3], [3, 3, 3, 3, 3, 3, 3, 3], [3, 3, 3, 3, 3, 3, 3, 3], [3, 3, 3, 3, 3, 3, 3, 3]]}]}