{"train": [{"input": [[4, 0, 0, 0, 0, 0, 0, 0, 0, 0, 0, 0, 0, 0, 0, 0], [6, 0, 0, 0, 0, 0, 0, 0, 0, 0, 0, 0, 0, 0, 0, 0], [6, 0, 0, 0, 0, 0, 0, 0, 0, 0, 0, 0, 0, 0, 0, 0], [6, 0, 0, 0, 0, 0, 0, 0, 0, 0, 0, 0, 0, 0, 0, 0], [4, 0, 0, 0, 0, 0, 0, 0, 0, 0, 0, 0, 0, 0, 0, 0], [0, 0, 0, 0, 0, 0, 0, 0, 0, 0, 0, 0, 0, 0, 0, 0], [0, 0, 0, 0, 0, 0, 0, 0, 0, 0, 0, 0, 0, 0, 0, 0]], "output": [[4, 0, 0, 0, 0, 0, 0, 0, 0, 0, 0, 0, 0, 0, 0, 4], [6, 0, 0, 0, 0, 0, 0, 0, 0, 0, 0, 0, 0, 0, 0, 6], [6, 0, 0, 0, 0, 0, 0, 0, 0, 0, 0, 0, 0, 0, 0, 6], [6, 0, 0, 0, 0, 0, 0, 0, 0, 0, 0, 0, 0, 0, 0, 6], [4, 0, 0, 0, 0, 0, 0, 0, 0, 0, 0, 0, 0, 0, 0, 4], [0, 0, 0, 0, 0, 0, 0, 0, 0, 0, 0, 0, 0, 0, 0, 0], [0, 0, 0, 0, 0, 0, 0, 0, 0, 0, 0, 0, 0, 0, 0, 0]]}, {"input": [[1, 1, 1, 1, 1, 0, 0, 0, 0, 0, 0, 0, 0, 0], [0, 7, 4, 7, 0, 0, 0, 0, 0, 0, 0, 0, 0, 0], [0, 4, 0, 4, 0, 0, 0, 0, 0, 0, 0, 0, 0, 0], [0, 4, 0, 4, 0, 0, 0, 0, 0, 0, 0, 0, 0, 0], [0, 7, 4, 7, 0, 0, 0, 0, 0, 0, 0, 0, 0, 0], [1, 1, 1, 1, 1, 0, 0, 0, 0, 0, 0, 0, 0, 0], [0, 0, 0, 0, 0, 0, 0, 0, 0, 0, 0, 0, 0, 0], [0, 0, 0, 0, 0, 0, 0, 0, 0, 0, 0, 0, 0, 0], [0, 0, 0, 0, 0, 0, 0, 0, 0, 0, 0, 0, 0, 0]], "output": [[1, 1, 1, 1, 1, 0, 0, 0, 0, 1, 1, 1, 1, 1], [0, 7, 4, 7, 0, 0, 0, 0, 0, 0, 7, 4, 7, 0], [0, 4, 0, 4, 0, 0, 0, 0, 0, 0, 4, 0, 4, 0], [0, 4, 0, 4, 0, 0, 0, 0, 0, 0, 4, 0, 4, 0], [0, 7, 4, 7, 0, 0, 0, 0, 0, 0, 7, 4, 7, 0], [1, 1, 1, 1, 1, 0, 0, 0, 0, 1, 1, 1, 1, 1], [0, 0, 0, 0, 0, 0, 0, 0, 0, 0, 0, 0, 0, 0], [0, 0, 0, 0, 0, 0, 0, 0, 0, 0, 0, 0, 0, 0], [0, 0, 0, 0, 0, 0, 0, 0, 0, 0, 0, 0, 0, 0]]}, {"input": [[0, 9, 9, 9, 0, 0, 0, 0, 0, 0, 0, 0, 0, 0], [2, 2, 0, 2, 2, 0, 0, 0, 0, 0, 0, 0, 0, 0], [2, 2, 0, 2, 2, 0, 0, 0, 0, 0, 0, 0, 0, 0], [0, 9, 9, 9, 0, 0, 0, 0, 0, 0, 0, 0, 0, 0], [0, 0, 0, 0, 0, 0, 0, 0, 0, 0, 0, 0, 0, 0], [0, 0, 0, 0, 0, 0, 0, 0, 0, 0, 0, 0, 0, 0], [0, 0, 0, 0, 0, 0, 0, 0, 0, 0, 0, 0, 0, 0], [0, 0, 0, 0, 0, 0, 0, 0, 0, 0, 0, 0, 0, 0], [0, 0, 0, 0, 0, 0, 0, 0, 0, 0, 0, 0, 0, 0], [0, 0, 0, 0, 0, 0, 0, 0, 0, 0, 0, 0, 0, 0], [0, 0, 0, 0, 0, 0, 0, 0, 0, 0, 0, 0, 0, 0], [0, 0, 0, 0, 0, 0, 0, 0, 0, 0, 0, 0, 0, 0]], "output": [[0, 9, 9, 9, 0, 0, 0, 0, 0, 0, 9, 9, 9, 0], [2, 2, 0, 2, 2, 0, 0, 0, 0, 2, 2, 0, 2, 2], [2, 2, 0, 2, 2, 0, 0, 0, 0, 2, 2, 0, 2, 2], [0, 9, 9, 9, 0, 0, 0, 0, 0, 0, 9, 9, 9, 0], [0, 0, 0, 0, 0, 0, 0, 0, 0, 0, 0, 0, 0, 0], [0, 0, 0, 0, 0, 0, 0, 0, 0, 0, 0, 0, 0, 0], [0, 0, 0, 0, 0, 0, 0, 0, 0, 0, 0, 0, 0, 0], [0, 0, 0, 0, 0, 0, 0, 0, 0, 0, 0, 0, 0, 0], [0, 0, 0, 0, 0, 0, 0, 0, 0, 0, 0, 0, 0, 0], [0, 0, 0, 0, 0, 0, 0, 0, 0, 0, 0, 0, 0, 0], [0, 0, 0, 0, 0, 0, 0, 0, 0, 0, 0, 0, 0, 0], [0, 0, 0, 0, 0, 0, 0, 0, 0, 0, 0, 0, 0, 0]]}, {"input": [[1, 1, 1, 0, 0, 0, 0, 0, 0, 0, 0, 0, 0, 0, 0, 0], [0, 0, 0, 0, 0, 0, 0, 0, 0, 0, 0, 0, 0, 0, 0, 0], [0, 0, 0, 0, 0, 0, 0, 0, 0, 0, 0, 0, 0, 0, 0, 0], [0, 0, 0, 0, 0, 0, 0, 0, 0, 0, 0, 0, 0, 0, 0, 0], [0, 0, 0, 0, 0, 0, 0, 0, 0, 0, 0, 0, 0, 0, 0, 0], [0, 0, 0, 0, 0, 0, 0, 0, 0, 0, 0, 0, 0, 0, 0, 0]], "output": [[1, 1, 1, 0, 0, 0, 0, 0, 0, 0, 0, 0, 0, 1, 1, 1], [0, 0, 0, 0, 0, 0, 0, 0, 0, 0, 0, 0, 0, 0, 0, 0], [0, 0, 0, 0, 0, 0, 0, 0, 0, 0, 0, 0, 0, 0, 0, 0], [0, 0, 0, 0, 0, 0, 0, 0, 0, 0, 0, 0, 0, 0, 0, 0], [0, 0, 0, 0, 0, 0, 0, 0, 0, 0, 0, 0, 0, 0, 0, 0], [0, 0, 0, 0, 0, 0, 0, 0, 0, 0, 0, 0, 0, 0, 0, 0]]}, {"input": [[0, 0, 2, 2, 2, 2, 0, 0, 0, 0, 0, 0, 0, 0, 0, 0, 0, 0], [0, 0, 4, 4, 4, 4, 0, 0, 0, 0, 0, 0, 0, 0, 0, 0, 0, 0], [0, 5, 5, 4, 4, 5, 5, 0, 0, 0, 0, 0, 0, 0, 0, 0, 0, 0], [5, 5, 4, 4, 4, 4, 5, 5, 0, 0, 0, 0, 0, 0, 0, 0, 0, 0], [0, 0, 3, 4, 4, 3, 0, 0, 0, 0, 0, 0, 0, 0, 0, 0, 0, 0], [0, 0, 5, 3, 3, 5, 0, 0, 0, 0, 0, 0, 0, 0, 0, 0, 0, 0], [0, 0, 5, 3, 3, 5, 0, 0, 0, 0, 0, 0, 0, 0, 0, 0, 0, 0], [0, 0, 3, 4, 4, 3, 0, 0, 0, 0, 0, 0, 0, 0, 0, 0, 0, 0], [5, 5, 4, 4, 4, 4, 5, 5, 0, 0, 0, 0, 0, 0, 0, 0, 0, 0], [0, 5, 5, 4, 4, 5, 5, 0, 0, 0, 0, 0, 0, 0, 0, 0, 0, 0], [0, 0, 4, 4, 4, 4, 0, 0, 0, 0, 0, 0, 0, 0, 0, 0, 0, 0], [0, 0, 2, 2, 2, 2, 0, 0, 0, 0, 0, 0, 0, 0, 0, 0, 0, 0], [0, 0, 0, 0, 0, 0, 0, 0, 0, 0, 0, 0, 0, 0, 0, 0, 0, 0]], "output": [[0, 0, 2, 2, 2, 2, 0, 0, 0, 0, 0, 0, 2, 2, 2, 2, 0, 0], [0, 0, 4, 4, 4, 4, 0, 0, 0, 0, 0, 0, 4, 4, 4, 4, 0, 0], [0, 5, 5, 4, 4, 5, 5, 0, 0, 0, 0, 5, 5, 4, 4, 5, 5, 0], [5, 5, 4, 4, 4, 4, 5, 5, 0, 0, 5, 5, 4, 4, 4, 4, 5, 5], [0, 0, 3, 4, 4, 3, 0, 0, 0, 0, 0, 0, 3, 4, 4, 3, 0, 0], [0, 0, 5, 3, 3, 5, 0, 0, 0, 0, 0, 0, 5, 3, 3, 5, 0, 0], [0, 0, 5, 3, 3, 5, 0, 0, 0, 0, 0, 0, 5, 3, 3, 5, 0, 0], [0, 0, 3, 4, 4, 3, 0, 0, 0, 0, 0, 0, 3, 4, 4, 3, 0, 0], [5, 5, 4, 4, 4, 4, 5, 5, 0, 0, 5, 5, 4, 4, 4, 4, 5, 5], [0, 5, 5, 4, 4, 5, 5, 0, 0, 0, 0, 5, 5, 4, 4, 5, 5, 0], [0, 0, 4, 4, 4, 4, 0, 0, 0, 0, 0, 0, 4, 4, 4, 4, 0, 0], [0, 0, 2, 2, 2, 2, 0, 0, 0, 0, 0, 0, 2, 2, 2, 2, 0, 0], [0, 0, 0, 0, 0, 0, 0, 0, 0, 0, 0, 0, 0, 0, 0, 0, 0, 0]]}, {"input": [[8, 0, 0, 0, 0, 0, 0, 0, 0, 0, 0, 0], [8, 0, 0, 0, 0, 0, 0, 0, 0, 0, 0, 0], [4, 0, 0, 0, 0, 0, 0, 0, 0, 0, 0, 0], [4, 0, 0, 0, 0, 0, 0, 0, 0, 0, 0, 0], [8, 0, 0, 0, 0, 0, 0, 0, 0, 0, 0, 0], [8, 0, 0, 0, 0, 0, 0, 0, 0, 0, 0, 0], [0, 0, 0, 0, 0, 0, 0, 0, 0, 0, 0, 0], [0, 0, 0, 0, 0, 0, 0, 0, 0, 0, 0, 0], [0, 0, 0, 0, 0, 0, 0, 0, 0, 0, 0, 0], [0, 0, 0, 0, 0, 0, 0, 0, 0, 0, 0, 0]], "output": [[8, 0, 0, 0, 0, 0, 0, 0, 0, 0, 0, 8], [8, 0, 0, 0, 0, 0, 0, 0, 0, 0, 0, 8], [4, 0, 0, 0, 0, 0, 0, 0, 0, 0, 0, 4], [4, 0, 0, 0, 0, 0, 0, 0, 0, 0, 0, 4], [8, 0, 0, 0, 0, 0, 0, 0, 0, 0, 0, 8], [8, 0, 0, 0, 0, 0, 0, 0, 0, 0, 0, 8], [0, 0, 0, 0, 0, 0, 0, 0, 0, 0, 0, 0], [0, 0, 0, 0, 0, 0, 0, 0, 0, 0, 0, 0], [0, 0, 0, 0, 0, 0, 0, 0, 0, 0, 0, 0], [0, 0, 0, 0, 0, 0, 0, 0, 0, 0, 0, 0]]}, {"input": [[0, 4, 0, 4, 0, 0, 0, 0, 0, 0, 0, 0], [1, 4, 4, 4, 1, 0, 0, 0, 0, 0, 0, 0], [1, 4, 4, 4, 1, 0, 0, 0, 0, 0, 0, 0], [0, 4, 0, 4, 0, 0, 0, 0, 0, 0, 0, 0], [0, 0, 0, 0, 0, 0, 0, 0, 0, 0, 0, 0]], "output": [[0, 4, 0, 4, 0, 0, 0, 0, 4, 0, 4, 0], [1, 4, 4, 4, 1, 0, 0, 1, 4, 4, 4, 1], [1, 4, 4, 4, 1, 0, 0, 1, 4, 4, 4, 1], [0, 4, 0, 4, 0, 0, 0, 0, 4, 0, 4, 0], [0, 0, 0, 0, 0, 0, 0, 0, 0, 0, 0, 0]]}, {"input": [[2, 2, 1, 0, 0, 1, 2, 2, 0, 0, 0, 0, 0, 0, 0, 0, 0, 0], [9, 9, 5, 5, 5, 5, 9, 9, 0, 0, 0, 0, 0, 0, 0, 0, 0, 0], [0, 0, 5, 0, 0, 5, 0, 0, 0, 0, 0, 0, 0, 0, 0, 0, 0, 0], [9, 9, 5, 5, 5, 5, 9, 9, 0, 0, 0, 0, 0, 0, 0, 0, 0, 0], [2, 2, 1, 0, 0, 1, 2, 2, 0, 0, 0, 0, 0, 0, 0, 0, 0, 0], [0, 0, 0, 0, 0, 0, 0, 0, 0, 0, 0, 0, 0, 0, 0, 0, 0, 0]], "output": [[2, 2, 1, 0, 0, 1, 2, 2, 0, 0, 2, 2, 1, 0, 0, 1, 2, 2], [9, 9, 5, 5, 5, 5, 9, 9, 0, 0, 9, 9, 5, 5, 5, 5, 9, 9], [0, 0, 5, 0, 0, 5, 0, 0, 0, 0, 0, 0, 5, 0, 0, 5, 0, 0], [9, 9, 5, 5, 5, 5, 9, 9, 0, 0, 9, 9, 5, 5, 5, 5, 9, 9], [2, 2, 1, 0, 0, 1, 2, 2, 0, 0, 2, 2, 1, 0, 0, 1, 2, 2], [0, 0, 0, 0, 0, 0, 0, 0, 0, 0, 0, 0, 0, 0, 0, 0, 0, 0]]}, {"input": [[4, 9, 0, 9, 4, 0, 0, 0, 0, 0, 0, 0], [3, 4, 0, 4, 3, 0, 0, 0, 0, 0, 0, 0], [4, 4, 4, 4, 4, 0, 0, 0, 0, 0, 0, 0], [3, 4, 0, 4, 3, 0, 0, 0, 0, 0, 0, 0], [4, 9, 0, 9, 4, 0, 0, 0, 0, 0, 0, 0]], "output": [[4, 9, 0, 9, 4, 0, 0, 4, 9, 0, 9, 4], [3, 4, 0, 4, 3, 0, 0, 3, 4, 0, 4, 3], [4, 4, 4, 4, 4, 0, 0, 4, 4, 4, 4, 4], [3, 4, 0, 4, 3, 0, 0, 3, 4, 0, 4, 3], [4, 9, 0, 9, 4, 0, 0, 4, 9, 0, 9, 4]]}, {"input": [[6, 0, 0, 0, 0, 0, 0, 0, 0, 0], [6, 0, 0, 0, 0, 0, 0, 0, 0, 0], [7, 0, 0, 0, 0, 0, 0, 0, 0, 0], [6, 0, 0, 0, 0, 0, 0, 0, 0, 0], [2, 0, 0, 0, 0, 0, 0, 0, 0, 0], [2, 0, 0, 0, 0, 0, 0, 0, 0, 0], [2, 0, 0, 0, 0, 0, 0, 0, 0, 0], [6, 0, 0, 0, 0, 0, 0, 0, 0, 0], [7, 0, 0, 0, 0, 0, 0, 0, 0, 0], [6, 0, 0, 0, 0, 0, 0, 0, 0, 0], [6, 0, 0, 0, 0, 0, 0, 0, 0, 0], [0, 0, 0, 0, 0, 0, 0, 0, 0, 0], [0, 0, 0, 0, 0, 0, 0, 0, 0, 0], [0, 0, 0, 0, 0, 0, 0, 0, 0, 0]], "output": [[6, 0, 0, 0, 0, 0, 0, 0, 0, 6], [6, 0, 0, 0, 0, 0, 0, 0, 0, 6], [7, 0, 0, 0, 0, 0, 0, 0, 0, 7], [6, 0, 0, 0, 0, 0, 0, 0, 0, 6], [2, 0, 0, 0, 0, 0, 0, 0, 0, 2], [2, 0, 0, 0, 0, 0, 0, 0, 0, 2], [2, 0, 0, 0, 0, 0, 0, 0, 0, 2], [6, 0, 0, 0, 0, 0, 0, 0, 0, 6], [7, 0, 0, 0, 0, 0, 0, 0, 0, 7], [6, 0, 0, 0, 0, 0, 0, 0, 0, 6], [6, 0, 0, 0, 0, 0, 0, 0, 0, 6], [0, 0, 0, 0, 0, 0, 0, 0, 0, 0], [0, 0, 0, 0, 0, 0, 0, 0, 0, 0], [0, 0, 0, 0, 0, 0, 0, 0, 0, 0]]}, {"input": [[9, 0, 0, 0, 0, 0, 0, 9, 0, 0, 0, 0, 0, 0, 0, 0], [3, 3, 3, 3, 3, 3, 3, 3, 0, 0, 0, 0, 0, 0, 0, 0], [0, 3, 3, 3, 3, 3, 3, 0, 0, 0, 0, 0, 0, 0, 0, 0], [3, 3, 3, 3, 3, 3, 3, 3, 0, 0, 0, 0, 0, 0, 0, 0], [9, 0, 0, 0, 0, 0, 0, 9, 0, 0, 0, 0, 0, 0, 0, 0], [0, 0, 0, 0, 0, 0, 0, 0, 0, 0, 0, 0, 0, 0, 0, 0], [0, 0, 0, 0, 0, 0, 0, 0, 0, 0, 0, 0, 0, 0, 0, 0]], "output": [[9, 0, 0, 0, 0, 0, 0, 9, 9, 0, 0, 0, 0, 0, 0, 9], [3, 3, 3, 3, 3, 3, 3, 3, 3, 3, 3, 3, 3, 3, 3, 3], [0, 3, 3, 3, 3, 3, 3, 0, 0, 3, 3, 3, 3, 3, 3, 0], [3, 3, 3, 3, 3, 3, 3, 3, 3, 3, 3, 3, 3, 3, 3, 3], [9, 0, 0, 0, 0, 0, 0, 9, 9, 0, 0, 0, 0, 0, 0, 9], [0, 0, 0, 0, 0, 0, 0, 0, 0, 0, 0, 0, 0, 0, 0, 0], [0, 0, 0, 0, 0, 0, 0, 0, 0, 0, 0, 0, 0, 0, 0, 0]]}, {"input": [[1, 0, 0, 0, 0, 0, 0, 0, 0, 0, 0, 0, 0, 0, 0, 0], [1, 0, 0, 0, 0, 0, 0, 0, 0, 0, 0, 0, 0, 0, 0, 0], [0, 0, 0, 0, 0, 0, 0, 0, 0, 0, 0, 0, 0, 0, 0, 0], [0, 0, 0, 0, 0, 0, 0, 0, 0, 0, 0, 0, 0, 0, 0, 0], [0, 0, 0, 0, 0, 0, 0, 0, 0, 0, 0, 0, 0, 0, 0, 0], [0, 0, 0, 0, 0, 0, 0, 0, 0, 0, 0, 0, 0, 0, 0, 0], [0, 0, 0, 0, 0, 0, 0, 0, 0, 0, 0, 0, 0, 0, 0, 0], [0, 0, 0, 0, 0, 0, 0, 0, 0, 0, 0, 0, 0, 0, 0, 0], [0, 0, 0, 0, 0, 0, 0, 0, 0, 0, 0, 0, 0, 0, 0, 0], [0, 0, 0, 0, 0, 0, 0, 0, 0, 0, 0, 0, 0, 0, 0, 0], [0, 0, 0, 0, 0, 0, 0, 0, 0, 0, 0, 0, 0, 0, 0, 0]], "output": [[1, 0, 0, 0, 0, 0, 0, 0, 0, 0, 0, 0, 0, 0, 0, 1], [1, 0, 0, 0, 0, 0, 0, 0, 0, 0, 0, 0, 0, 0, 0, 1], [0, 0, 0, 0, 0, 0, 0, 0, 0, 0, 0, 0, 0, 0, 0, 0], [0, 0, 0, 0, 0, 0, 0, 0, 0, 0, 0, 0, 0, 0, 0, 0], [0, 0, 0, 0, 0, 0, 0, 0, 0, 0, 0, 0, 0, 0, 0, 0], [0, 0, 0, 0, 0, 0, 0, 0, 0, 0, 0, 0, 0, 0, 0, 0], [0, 0, 0, 0, 0, 0, 0, 0, 0, 0, 0, 0, 0, 0, 0, 0], [0, 0, 0, 0, 0, 0, 0, 0, 0, 0, 0, 0, 0, 0, 0, 0], [0, 0, 0, 0, 0, 0, 0, 0, 0, 0, 0, 0, 0, 0, 0, 0], [0, 0, 0, 0, 0, 0, 0, 0, 0, 0, 0, 0, 0, 0, 0, 0], [0, 0, 0, 0, 0, 0, 0, 0, 0, 0, 0, 0, 0, 0, 0, 0]]}, {"input": [[3, 0, 0, 0, 0, 3, 0, 0, 0, 0, 0, 0], [3, 0, 1, 1, 0, 3, 0, 0, 0, 0, 0, 0], [6, 6, 2, 2, 6, 6, 0, 0, 0, 0, 0, 0], [3, 0, 1, 1, 0, 3, 0, 0, 0, 0, 0, 0], [3, 0, 0, 0, 0, 3, 0, 0, 0, 0, 0, 0], [0, 0, 0, 0, 0, 0, 0, 0, 0, 0, 0, 0], [0, 0, 0, 0, 0, 0, 0, 0, 0, 0, 0, 0]], "output": [[3, 0, 0, 0, 0, 3, 3, 0, 0, 0, 0, 3], [3, 0, 1, 1, 0, 3, 3, 0, 1, 1, 0, 3], [6, 6, 2, 2, 6, 6, 6, 6, 2, 2, 6, 6], [3, 0, 1, 1, 0, 3, 3, 0, 1, 1, 0, 3], [3, 0, 0, 0, 0, 3, 3, 0, 0, 0, 0, 3], [0, 0, 0, 0, 0, 0, 0, 0, 0, 0, 0, 0], [0, 0, 0, 0, 0, 0, 0, 0, 0, 0, 0, 0]]}, {"input": [[0, 3, 3, 0, 0, 0, 0, 0, 0, 0], [1, 3, 3, 1, 0, 0, 0, 0, 0, 0], [0, 3, 3, 0, 0, 0, 0, 0, 0, 0], [0, 3, 3, 0, 0, 0, 0, 0, 0, 0], [1, 3, 3, 1, 0, 0, 0, 0, 0, 0], [0, 3, 3, 0, 0, 0, 0, 0, 0, 0]], "output": [[0, 3, 3, 0, 0, 0, 0, 3, 3, 0], [1, 3, 3, 1, 0, 0, 1, 3, 3, 1], [0, 3, 3, 0, 0, 0, 0, 3, 3, 0], [0, 3, 3, 0, 0, 0, 0, 3, 3, 0], [1, 3, 3, 1, 0, 0, 1, 3, 3, 1], [0, 3, 3, 0, 0, 0, 0, 3, 3, 0]]}, {"input": [[7, 5, 5, 5, 5, 5, 7, 0, 0, 0, 0, 0, 0, 0, 0, 0, 0, 0], [0, 5, 1, 5, 1, 5, 0, 0, 0, 0, 0, 0, 0, 0, 0, 0, 0, 0], [0, 0, 7, 5, 7, 0, 0, 0, 0, 0, 0, 0, 0, 0, 0, 0, 0, 0], [0, 0, 7, 5, 7, 0, 0, 0, 0, 0, 0, 0, 0, 0, 0, 0, 0, 0], [0, 5, 1, 5, 1, 5, 0, 0, 0, 0, 0, 0, 0, 0, 0, 0, 0, 0], [7, 5, 5, 5, 5, 5, 7, 0, 0, 0, 0, 0, 0, 0, 0, 0, 0, 0], [0, 0, 0, 0, 0, 0, 0, 0, 0, 0, 0, 0, 0, 0, 0, 0, 0, 0]], "output": [[7, 5, 5, 5, 5, 5, 7, 0, 0, 0, 0, 7, 5, 5, 5, 5, 5, 7], [0, 5, 1, 5, 1, 5, 0, 0, 0, 0, 0, 0, 5, 1, 5, 1, 5, 0], [0, 0, 7, 5, 7, 0, 0, 0, 0, 0, 0, 0, 0, 7, 5, 7, 0, 0], [0, 0, 7, 5, 7, 0, 0, 0, 0, 0, 0, 0, 0, 7, 5, 7, 0, 0], [0, 5, 1, 5, 1, 5, 0, 0, 0, 0, 0, 0, 5, 1, 5, 1, 5, 0], [7, 5, 5, 5, 5, 5, 7, 0, 0, 0, 0, 7, 5, 5, 5, 5, 5, 7], [0, 0, 0, 0, 0, 0, 0, 0, 0, 0, 0, 0, 0, 0, 0, 0, 0, 0]]}, {"input": [[0, 7, 7, 0, 0, 0, 0, 0, 0, 0, 0, 0, 0, 0, 0, 0, 0, 0], [0, 7, 7, 0, 0, 0, 0, 0, 0, 0, 0, 0, 0, 0, 0, 0, 0, 0], [7, 2, 2, 7, 0, 0, 0, 0, 0, 0, 0, 0, 0, 0, 0, 0, 0, 0], [0, 7, 7, 0, 0, 0, 0, 0, 0, 0, 0, 0, 0, 0, 0, 0, 0, 0], [0, 7, 7, 0, 0, 0, 0, 0, 0, 0, 0, 0, 0, 0, 0, 0, 0, 0], [0, 7, 7, 0, 0, 0, 0, 0, 0, 0, 0, 0, 0, 0, 0, 0, 0, 0], [0, 7, 7, 0, 0, 0, 0, 0, 0, 0, 0, 0, 0, 0, 0, 0, 0, 0], [7, 2, 2, 7, 0, 0, 0, 0, 0, 0, 0, 0, 0, 0, 0, 0, 0, 0], [0, 7, 7, 0, 0, 0, 0, 0, 0, 0, 0, 0, 0, 0, 0, 0, 0, 0], [0, 7, 7, 0, 0, 0, 0, 0, 0, 0, 0, 0, 0, 0, 0, 0, 0, 0]], "output": [[0, 7, 7, 0, 0, 0, 0, 0, 0, 0, 0, 0, 0, 0, 0, 7, 7, 0], [0, 7, 7, 0, 0, 0, 0, 0, 0, 0, 0, 0, 0, 0, 0, 7, 7, 0], [7, 2, 2, 7, 0, 0, 0, 0, 0, 0, 0, 0, 0, 0, 7, 2, 2, 7], [0, 7, 7, 0, 0, 0, 0, 0, 0, 0, 0, 0, 0, 0, 0, 7, 7, 0], [0, 7, 7, 0, 0, 0, 0, 0, 0, 0, 0, 0, 0, 0, 0, 7, 7, 0], [0, 7, 7, 0, 0, 0, 0, 0, 0, 0, 0, 0, 0, 0, 0, 7, 7, 0], [0, 7, 7, 0, 0, 0, 0, 0, 0, 0, 0, 0, 0, 0, 0, 7, 7, 0], [7, 2, 2, 7, 0, 0, 0, 0, 0, 0, 0, 0, 0, 0, 7, 2, 2, 7], [0, 7, 7, 0, 0, 0, 0, 0, 0, 0, 0, 0, 0, 0, 0, 7, 7, 0], [0, 7, 7, 0, 0, 0, 0, 0, 0, 0, 0, 0, 0, 0, 0, 7, 7, 0]]}, {"input": [[1, 1, 0, 0, 0, 0, 0, 0, 0, 0, 0, 0, 0, 0, 0, 0, 0, 0], [0, 0, 0, 0, 0, 0, 0, 0, 0, 0, 0, 0, 0, 0, 0, 0, 0, 0], [0, 0, 0, 0, 0, 0, 0, 0, 0, 0, 0, 0, 0, 0, 0, 0, 0, 0], [0, 0, 0, 0, 0, 0, 0, 0, 0, 0, 0, 0, 0, 0, 0, 0, 0, 0], [0, 0, 0, 0, 0, 0, 0, 0, 0, 0, 0, 0, 0, 0, 0, 0, 0, 0], [0, 0, 0, 0, 0, 0, 0, 0, 0, 0, 0, 0, 0, 0, 0, 0, 0, 0]], "output": [[1, 1, 0, 0, 0, 0, 0, 0, 0, 0, 0, 0, 0, 0, 0, 0, 1, 1], [0, 0, 0, 0, 0, 0, 0, 0, 0, 0, 0, 0, 0, 0, 0, 0, 0, 0], [0, 0, 0, 0, 0, 0, 0, 0, 0, 0, 0, 0, 0, 0, 0, 0, 0, 0], [0, 0, 0, 0, 0, 0, 0, 0, 0, 0, 0, 0, 0, 0, 0, 0, 0, 0], [0, 0, 0, 0, 0, 0, 0, 0, 0, 0, 0, 0, 0, 0, 0, 0, 0, 0], [0, 0, 0, 0, 0, 0, 0, 0, 0, 0, 0, 0, 0, 0, 0, 0, 0, 0]]}, {"input": [[0, 6, 6, 6, 6, 0, 0, 0, 0, 0, 0, 0, 0, 0], [3, 4, 6, 6, 4, 3, 0, 0, 0, 0, 0, 0, 0, 0], [3, 4, 6, 6, 4, 3, 0, 0, 0, 0, 0, 0, 0, 0], [0, 6, 6, 6, 6, 0, 0, 0, 0, 0, 0, 0, 0, 0], [0, 0, 0, 0, 0, 0, 0, 0, 0, 0, 0, 0, 0, 0], [0, 0, 0, 0, 0, 0, 0, 0, 0, 0, 0, 0, 0, 0], [0, 0, 0, 0, 0, 0, 0, 0, 0, 0, 0, 0, 0, 0], [0, 0, 0, 0, 0, 0, 0, 0, 0, 0, 0, 0, 0, 0], [0, 0, 0, 0, 0, 0, 0, 0, 0, 0, 0, 0, 0, 0]], "output": [[0, 6, 6, 6, 6, 0, 0, 0, 0, 6, 6, 6, 6, 0], [3, 4, 6, 6, 4, 3, 0, 0, 3, 4, 6, 6, 4, 3], [3, 4, 6, 6, 4, 3, 0, 0, 3, 4, 6, 6, 4, 3], [0, 6, 6, 6, 6, 0, 0, 0, 0, 6, 6, 6, 6, 0], [0, 0, 0, 0, 0, 0, 0, 0, 0, 0, 0, 0, 0, 0], [0, 0, 0, 0, 0, 0, 0, 0, 0, 0, 0, 0, 0, 0], [0, 0, 0, 0, 0, 0, 0, 0, 0, 0, 0, 0, 0, 0], [0, 0, 0, 0, 0, 0, 0, 0, 0, 0, 0, 0, 0, 0], [0, 0, 0, 0, 0, 0, 0, 0, 0, 0, 0, 0, 0, 0]]}, {"input": [[3, 0, 0, 3, 0, 0, 0, 0, 0, 0, 0, 0], [3, 3, 3, 3, 0, 0, 0, 0, 0, 0, 0, 0], [1, 0, 0, 1, 0, 0, 0, 0, 0, 0, 0, 0], [1, 0, 0, 1, 0, 0, 0, 0, 0, 0, 0, 0], [1, 0, 0, 1, 0, 0, 0, 0, 0, 0, 0, 0], [1, 0, 0, 1, 0, 0, 0, 0, 0, 0, 0, 0], [3, 3, 3, 3, 0, 0, 0, 0, 0, 0, 0, 0], [3, 0, 0, 3, 0, 0, 0, 0, 0, 0, 0, 0], [0, 0, 0, 0, 0, 0, 0, 0, 0, 0, 0, 0], [0, 0, 0, 0, 0, 0, 0, 0, 0, 0, 0, 0], [0, 0, 0, 0, 0, 0, 0, 0, 0, 0, 0, 0]], "output": [[3, 0, 0, 3, 0, 0, 0, 0, 3, 0, 0, 3], [3, 3, 3, 3, 0, 0, 0, 0, 3, 3, 3, 3], [1, 0, 0, 1, 0, 0, 0, 0, 1, 0, 0, 1], [1, 0, 0, 1, 0, 0, 0, 0, 1, 0, 0, 1], [1, 0, 0, 1, 0, 0, 0, 0, 1, 0, 0, 1], [1, 0, 0, 1, 0, 0, 0, 0, 1, 0, 0, 1], [3, 3, 3, 3, 0, 0, 0, 0, 3, 3, 3, 3], [3, 0, 0, 3, 0, 0, 0, 0, 3, 0, 0, 3], [0, 0, 0, 0, 0, 0, 0, 0, 0, 0, 0, 0], [0, 0, 0, 0, 0, 0, 0, 0, 0, 0, 0, 0], [0, 0, 0, 0, 0, 0, 0, 0, 0, 0, 0, 0]]}, {"input": [[4, 5, 5, 8, 2, 8, 5, 5, 4, 0, 0, 0, 0, 0, 0, 0, 0, 0], [0, 0, 0, 0, 0, 0, 0, 0, 0, 0, 0, 0, 0, 0, 0, 0, 0, 0], [0, 0, 0, 0, 0, 0, 0, 0, 0, 0, 0, 0, 0, 0, 0, 0, 0, 0], [0, 0, 0, 0, 0, 0, 0, 0, 0, 0, 0, 0, 0, 0, 0, 0, 0, 0], [0, 0, 0, 0, 0, 0, 0, 0, 0, 0, 0, 0, 0, 0, 0, 0, 0, 0], [0, 0, 0, 0, 0, 0, 0, 0, 0, 0, 0, 0, 0, 0, 0, 0, 0, 0], [0, 0, 0, 0, 0, 0, 0, 0, 0, 0, 0, 0, 0, 0, 0, 0, 0, 0], [0, 0, 0, 0, 0, 0, 0, 0, 0, 0, 0, 0, 0, 0, 0, 0, 0, 0]], "output": [[4, 5, 5, 8, 2, 8, 5, 5, 4, 4, 5, 5, 8, 2, 8, 5, 5, 4], [0, 0, 0, 0, 0, 0, 0, 0, 0, 0, 0, 0, 0, 0, 0, 0, 0, 0], [0, 0, 0, 0, 0, 0, 0, 0, 0, 0, 0, 0, 0, 0, 0, 0, 0, 0], [0, 0, 0, 0, 0, 0, 0, 0, 0, 0, 0, 0, 0, 0, 0, 0, 0, 0], [0, 0, 0, 0, 0, 0, 0, 0, 0, 0, 0, 0, 0, 0, 0, 0, 0, 0], [0, 0, 0, 0, 0, 0, 0, 0, 0, 0, 0, 0, 0, 0, 0, 0, 0, 0], [0, 0, 0, 0, 0, 0, 0, 0, 0, 0, 0, 0, 0, 0, 0, 0, 0, 0], [0, 0, 0, 0, 0, 0, 0, 0, 0, 0, 0, 0, 0, 0, 0, 0, 0, 0]]}, {"input": [[3, 3, 3, 3, 0, 0, 0, 0, 0, 0, 0, 0, 0, 0], [4, 4, 4, 4, 0, 0, 0, 0, 0, 0, 0, 0, 0, 0], [0, 3, 3, 0, 0, 0, 0, 0, 0, 0, 0, 0, 0, 0], [4, 4, 4, 4, 0, 0, 0, 0, 0, 0, 0, 0, 0, 0], [3, 3, 3, 3, 0, 0, 0, 0, 0, 0, 0, 0, 0, 0], [0, 0, 0, 0, 0, 0, 0, 0, 0, 0, 0, 0, 0, 0], [0, 0, 0, 0, 0, 0, 0, 0, 0, 0, 0, 0, 0, 0]], "output": [[3, 3, 3, 3, 0, 0, 0, 0, 0, 0, 3, 3, 3, 3], [4, 4, 4, 4, 0, 0, 0, 0, 0, 0, 4, 4, 4, 4], [0, 3, 3, 0, 0, 0, 0, 0, 0, 0, 0, 3, 3, 0], [4, 4, 4, 4, 0, 0, 0, 0, 0, 0, 4, 4, 4, 4], [3, 3, 3, 3, 0, 0, 0, 0, 0, 0, 3, 3, 3, 3], [0, 0, 0, 0, 0, 0, 0, 0, 0, 0, 0, 0, 0, 0], [0, 0, 0, 0, 0, 0, 0, 0, 0, 0, 0, 0, 0, 0]]}, {"input": [[7, 7, 0, 0, 0, 0, 0, 7, 7, 0, 0, 0, 0, 0, 0, 0, 0, 0], [1, 7, 0, 7, 7, 7, 0, 7, 1, 0, 0, 0, 0, 0, 0, 0, 0, 0], [1, 1, 7, 7, 7, 7, 7, 1, 1, 0, 0, 0, 0, 0, 0, 0, 0, 0], [1, 1, 7, 7, 7, 7, 7, 1, 1, 0, 0, 0, 0, 0, 0, 0, 0, 0], [1, 7, 0, 7, 7, 7, 0, 7, 1, 0, 0, 0, 0, 0, 0, 0, 0, 0], [7, 7, 0, 0, 0, 0, 0, 7, 7, 0, 0, 0, 0, 0, 0, 0, 0, 0]], "output": [[7, 7, 0, 0, 0, 0, 0, 7, 7, 7, 7, 0, 0, 0, 0, 0, 7, 7], [1, 7, 0, 7, 7, 7, 0, 7, 1, 1, 7, 0, 7, 7, 7, 0, 7, 1], [1, 1, 7, 7, 7, 7, 7, 1, 1, 1, 1, 7, 7, 7, 7, 7, 1, 1], [1, 1, 7, 7, 7, 7, 7, 1, 1, 1, 1, 7, 7, 7, 7, 7, 1, 1], [1, 7, 0, 7, 7, 7, 0, 7, 1, 1, 7, 0, 7, 7, 7, 0, 7, 1], [7, 7, 0, 0, 0, 0, 0, 7, 7, 7, 7, 0, 0, 0, 0, 0, 7, 7]]}, {"input": [[1, 0, 0, 0, 0, 0, 0, 0, 0, 0, 0, 0], [1, 0, 0, 0, 0, 0, 0, 0, 0, 0, 0, 0], [0, 0, 0, 0, 0, 0, 0, 0, 0, 0, 0, 0], [0, 0, 0, 0, 0, 0, 0, 0, 0, 0, 0, 0], [0, 0, 0, 0, 0, 0, 0, 0, 0, 0, 0, 0], [0, 0, 0, 0, 0, 0, 0, 0, 0, 0, 0, 0]], "output": [[1, 0, 0, 0, 0, 0, 0, 0, 0, 0, 0, 1], [1, 0, 0, 0, 0, 0, 0, 0, 0, 0, 0, 1], [0, 0, 0, 0, 0, 0, 0, 0, 0, 0, 0, 0], [0, 0, 0, 0, 0, 0, 0, 0, 0, 0, 0, 0], [0, 0, 0, 0, 0, 0, 0, 0, 0, 0, 0, 0], [0, 0, 0, 0, 0, 0, 0, 0, 0, 0, 0, 0]]}, {"input": [[0, 2, 2, 2, 2, 0, 0, 0, 0, 0, 0, 0, 0, 0, 0, 0], [1, 1, 8, 8, 1, 1, 0, 0, 0, 0, 0, 0, 0, 0, 0, 0], [0, 0, 8, 8, 0, 0, 0, 0, 0, 0, 0, 0, 0, 0, 0, 0], [0, 0, 8, 8, 0, 0, 0, 0, 0, 0, 0, 0, 0, 0, 0, 0], [1, 1, 8, 8, 1, 1, 0, 0, 0, 0, 0, 0, 0, 0, 0, 0], [0, 2, 2, 2, 2, 0, 0, 0, 0, 0, 0, 0, 0, 0, 0, 0], [0, 0, 0, 0, 0, 0, 0, 0, 0, 0, 0, 0, 0, 0, 0, 0], [0, 0, 0, 0, 0, 0, 0, 0, 0, 0, 0, 0, 0, 0, 0, 0], [0, 0, 0, 0, 0, 0, 0, 0, 0, 0, 0, 0, 0, 0, 0, 0], [0, 0, 0, 0, 0, 0, 0, 0, 0, 0, 0, 0, 0, 0, 0, 0]], "output": [[0, 2, 2, 2, 2, 0, 0, 0, 0, 0, 0, 2, 2, 2, 2, 0], [1, 1, 8, 8, 1, 1, 0, 0, 0, 0, 1, 1, 8, 8, 1, 1], [0, 0, 8, 8, 0, 0, 0, 0, 0, 0, 0, 0, 8, 8, 0, 0], [0, 0, 8, 8, 0, 0, 0, 0, 0, 0, 0, 0, 8, 8, 0, 0], [1, 1, 8, 8, 1, 1, 0, 0, 0, 0, 1, 1, 8, 8, 1, 1], [0, 2, 2, 2, 2, 0, 0, 0, 0, 0, 0, 2, 2, 2, 2, 0], [0, 0, 0, 0, 0, 0, 0, 0, 0, 0, 0, 0, 0, 0, 0, 0], [0, 0, 0, 0, 0, 0, 0, 0, 0, 0, 0, 0, 0, 0, 0, 0], [0, 0, 0, 0, 0, 0, 0, 0, 0, 0, 0, 0, 0, 0, 0, 0], [0, 0, 0, 0, 0, 0, 0, 0, 0, 0, 0, 0, 0, 0, 0, 0]]}], "test": [{"input": [[1, 0, 0, 0, 0, 0, 0, 0, 0, 0, 0, 0, 0, 0, 0, 0], [0, 0, 0, 0, 0, 0, 0, 0, 0, 0, 0, 0, 0, 0, 0, 0], [0, 0, 0, 0, 0, 0, 0, 0, 0, 0, 0, 0, 0, 0, 0, 0], [0, 0, 0, 0, 0, 0, 0, 0, 0, 0, 0, 0, 0, 0, 0, 0], [0, 0, 0, 0, 0, 0, 0, 0, 0, 0, 0, 0, 0, 0, 0, 0]], "output": [[1, 0, 0, 0, 0, 0, 0, 0, 0, 0, 0, 0, 0, 0, 0, 1], [0, 0, 0, 0, 0, 0, 0, 0, 0, 0, 0, 0, 0, 0, 0, 0], [0, 0, 0, 0, 0, 0, 0, 0, 0, 0, 0, 0, 0, 0, 0, 0], [0, 0, 0, 0, 0, 0, 0, 0, 0, 0, 0, 0, 0, 0, 0, 0], [0, 0, 0, 0, 0, 0, 0, 0, 0, 0, 0, 0, 0, 0, 0, 0]]}, {"input": [[1, 1, 0, 0, 0, 0, 0, 0, 0, 0], [1, 1, 0, 0, 0, 0, 0, 0, 0, 0], [1, 1, 0, 0, 0, 0, 0, 0, 0, 0], [0, 0, 0, 0, 0, 0, 0, 0, 0, 0], [0, 0, 0, 0, 0, 0, 0, 0, 0, 0]], "output": [[1, 1, 0, 0, 0, 0, 0, 0, 1, 1], [1, 1, 0, 0, 0, 0, 0, 0, 1, 1], [1, 1, 0, 0, 0, 0, 0, 0, 1, 1], [0, 0, 0, 0, 0, 0, 0, 0, 0, 0], [0, 0, 0, 0, 0, 0, 0, 0, 0, 0]]}, {"input": [[1, 0, 0, 0, 0, 0, 0, 0, 0, 0, 0, 0, 0, 0, 0, 0, 0, 0], [1, 0, 0, 0, 0, 0, 0, 0, 0, 0, 0, 0, 0, 0, 0, 0, 0, 0], [1, 0, 0, 0, 0, 0, 0, 0, 0, 0, 0, 0, 0, 0, 0, 0, 0, 0], [1, 0, 0, 0, 0, 0, 0, 0, 0, 0, 0, 0, 0, 0, 0, 0, 0, 0], [0, 0, 0, 0, 0, 0, 0, 0, 0, 0, 0, 0, 0, 0, 0, 0, 0, 0], [0, 0, 0, 0, 0, 0, 0, 0, 0, 0, 0, 0, 0, 0, 0, 0, 0, 0], [0, 0, 0, 0, 0, 0, 0, 0, 0, 0, 0, 0, 0, 0, 0, 0, 0, 0], [0, 0, 0, 0, 0, 0, 0, 0, 0, 0, 0, 0, 0, 0, 0, 0, 0, 0]], "output": [[1, 0, 0, 0, 0, 0, 0, 0, 0, 0, 0, 0, 0, 0, 0, 0, 0, 1], [1, 0, 0, 0, 0, 0, 0, 0, 0, 0, 0, 0, 0, 0, 0, 0, 0, 1], [1, 0, 0, 0, 0, 0, 0, 0, 0, 0, 0, 0, 0, 0, 0, 0, 0, 1], [1, 0, 0, 0, 0, 0, 0, 0, 0, 0, 0, 0, 0, 0, 0, 0, 0, 1], [0, 0, 0, 0, 0, 0, 0, 0, 0, 0, 0, 0, 0, 0, 0, 0, 0, 0], [0, 0, 0, 0, 0, 0, 0, 0, 0, 0, 0, 0, 0, 0, 0, 0, 0, 0], [0, 0, 0, 0, 0, 0, 0, 0, 0, 0, 0, 0, 0, 0, 0, 0, 0, 0], [0, 0, 0, 0, 0, 0, 0, 0, 0, 0, 0, 0, 0, 0, 0, 0, 0, 0]]}]}