{"train": [{"input": [[8, 8, 8, 8, 8, 8, 8, 8], [8, 0, 0, 0, 0, 0, 0, 8], [8, 0, 7, 7, 7, 7, 0, 8], [8, 0, 7, 7, 7, 7, 0, 8], [8, 0, 7, 7, 7, 7, 0, 8], [8, 0, 7, 7, 7, 7, 0, 8], [8, 0, 7, 7, 7, 7, 0, 8], [8, 0, 0, 0, 0, 0, 0, 8], [8, 0, 0, 0, 0, 0, 0, 8], [8, 8, 8, 8, 8, 8, 8, 8]], "output": [[8, 8, 8, 8, 8, 8, 8, 8], [8, 0, 0, 0, 0, 0, 0, 8], [8, 0, 8, 8, 8, 8, 0, 8], [8, 0, 8, 8, 8, 8, 0, 8], [8, 0, 8, 8, 8, 8, 0, 8], [8, 0, 8, 8, 8, 8, 0, 8], [8, 0, 8, 8, 8, 8, 0, 8], [8, 0, 0, 0, 0, 0, 0, 8], [8, 0, 0, 0, 0, 0, 0, 8], [8, 8, 8, 8, 8, 8, 8, 8]]}, {"input": [[7, 7, 7, 7, 7, 7, 7, 7, 7, 7], [7, 0, 4, 4, 4, 4, 4, 0, 0, 7], [7, 0, 4, 4, 4, 4, 4, 0, 0, 7], [7, 0, 4, 4, 4, 4, 4, 0, 0, 7], [7, 0, 4, 4, 4, 4, 4, 0, 0, 7], [7, 0, 0, 0, 0, 0, 0, 0, 0, 7], [7, 7, 7, 7, 7, 7, 7, 7, 7, 7]], "output": [[7, 7, 7, 7, 7, 7, 7, 7, 7, 7], [7, 0, 7, 7, 7, 7, 7, 0, 0, 7], [7, 0, 7, 7, 7, 7, 7, 0, 0, 7], [7, 0, 7, 7, 7, 7, 7, 0, 0, 7], [7, 0, 7, 7, 7, 7, 7, 0, 0, 7], [7, 0, 0, 0, 0, 0, 0, 0, 0, 7], [7, 7, 7, 7, 7, 7, 7, 7, 7, 7]]}, {"input": [[5, 5, 5, 5, 5, 5, 5, 5, 5, 5, 5], [5, 0, 9, 9, 9, 9, 9, 9, 0, 0, 5], [5, 0, 9, 9, 9, 9, 9, 9, 0, 0, 5], [5, 0, 9, 9, 9, 9, 9, 9, 0, 0, 5], [5, 0, 9, 9, 9, 9, 9, 9, 0, 0, 5], [5, 0, 0, 0, 0, 0, 0, 0, 0, 0, 5], [5, 5, 5, 5, 5, 5, 5, 5, 5, 5, 5]], "output": [[5, 5, 5, 5, 5, 5, 5, 5, 5, 5, 5], [5, 0, 5, 5, 5, 5, 5, 5, 0, 0, 5], [5, 0, 5, 5, 5, 5, 5, 5, 0, 0, 5], [5, 0, 5, 5, 5, 5, 5, 5, 0, 0, 5], [5, 0, 5, 5, 5, 5, 5, 5, 0, 0, 5], [5, 0, 0, 0, 0, 0, 0, 0, 0, 0, 5], [5, 5, 5, 5, 5, 5, 5, 5, 5, 5, 5]]}, {"input": [[6, 6, 6, 6, 6, 6, 6, 6, 6], [6, 0, 0, 0, 0, 0, 0, 0, 6], [6, 0, 5, 5, 5, 5, 0, 0, 6], [6, 0, 5, 5, 5, 5, 0, 0, 6], [6, 0, 5, 5, 5, 5, 0, 0, 6], [6, 0, 5, 5, 5, 5, 0, 0, 6], [6, 0, 0, 0, 0, 0, 0, 0, 6], [6, 0, 0, 0, 0, 0, 0, 0, 6], [6, 6, 6, 6, 6, 6, 6, 6, 6]], "output": [[6, 6, 6, 6, 6, 6, 6, 6, 6], [6, 0, 0, 0, 0, 0, 0, 0, 6], [6, 0, 6, 6, 6, 6, 0, 0, 6], [6, 0, 6, 6, 6, 6, 0, 0, 6], [6, 0, 6, 6, 6, 6, 0, 0, 6], [6, 0, 6, 6, 6, 6, 0, 0, 6], [6, 0, 0, 0, 0, 0, 0, 0, 6], [6, 0, 0, 0, 0, 0, 0, 0, 6], [6, 6, 6, 6, 6, 6, 6, 6, 6]]}, {"input": [[8, 8, 8, 8, 8, 8, 8, 8, 8, 8, 8], [8, 0, 0, 0, 0, 0, 0, 0, 0, 0, 8], [8, 0, 5, 5, 5, 5, 5, 5, 0, 0, 8], [8, 0, 5, 5, 5, 5, 5, 5, 0, 0, 8], [8, 0, 5, 5, 5, 5, 5, 5, 0, 0, 8], [8, 0, 5, 5, 5, 5, 5, 5, 0, 0, 8], [8, 0, 0, 0, 0, 0, 0, 0, 0, 0, 8], [8, 8, 8, 8, 8, 8, 8, 8, 8, 8, 8]], "output": [[8, 8, 8, 8, 8, 8, 8, 8, 8, 8, 8], [8, 0, 0, 0, 0, 0, 0, 0, 0, 0, 8], [8, 0, 8, 8, 8, 8, 8, 8, 0, 0, 8], [8, 0, 8, 8, 8, 8, 8, 8, 0, 0, 8], [8, 0, 8, 8, 8, 8, 8, 8, 0, 0, 8], [8, 0, 8, 8, 8, 8, 8, 8, 0, 0, 8], [8, 0, 0, 0, 0, 0, 0, 0, 0, 0, 8], [8, 8, 8, 8, 8, 8, 8, 8, 8, 8, 8]]}, {"input": [[6, 6, 6, 6, 6, 6], [6, 0, 0, 0, 0, 6], [6, 1, 1, 1, 0, 6], [6, 1, 1, 1, 0, 6], [6, 1, 1, 1, 0, 6], [6, 1, 1, 1, 0, 6], [6, 1, 1, 1, 0, 6], [6, 1, 1, 1, 0, 6], [6, 0, 0, 0, 0, 6], [6, 0, 0, 0, 0, 6], [6, 6, 6, 6, 6, 6]], "output": [[6, 6, 6, 6, 6, 6], [6, 0, 0, 0, 0, 6], [6, 6, 6, 6, 0, 6], [6, 6, 6, 6, 0, 6], [6, 6, 6, 6, 0, 6], [6, 6, 6, 6, 0, 6], [6, 6, 6, 6, 0, 6], [6, 6, 6, 6, 0, 6], [6, 0, 0, 0, 0, 6], [6, 0, 0, 0, 0, 6], [6, 6, 6, 6, 6, 6]]}, {"input": [[9, 9, 9, 9, 9, 9, 9, 9, 9, 9, 9], [9, 0, 3, 3, 3, 3, 3, 3, 0, 0, 9], [9, 0, 3, 3, 3, 3, 3, 3, 0, 0, 9], [9, 0, 3, 3, 3, 3, 3, 3, 0, 0, 9], [9, 0, 0, 0, 0, 0, 0, 0, 0, 0, 9], [9, 9, 9, 9, 9, 9, 9, 9, 9, 9, 9]], "output": [[9, 9, 9, 9, 9, 9, 9, 9, 9, 9, 9], [9, 0, 9, 9, 9, 9, 9, 9, 0, 0, 9], [9, 0, 9, 9, 9, 9, 9, 9, 0, 0, 9], [9, 0, 9, 9, 9, 9, 9, 9, 0, 0, 9], [9, 0, 0, 0, 0, 0, 0, 0, 0, 0, 9], [9, 9, 9, 9, 9, 9, 9, 9, 9, 9, 9]]}, {"input": [[8, 8, 8, 8, 8], [8, 5, 5, 0, 8], [8, 5, 5, 0, 8], [8, 0, 0, 0, 8], [8, 8, 8, 8, 8]], "output": [[8, 8, 8, 8, 8], [8, 8, 8, 0, 8], [8, 8, 8, 0, 8], [8, 0, 0, 0, 8], [8, 8, 8, 8, 8]]}, {"input": [[3, 3, 3, 3, 3, 3, 3, 3], [3, 0, 0, 0, 0, 0, 0, 3], [3, 0, 6, 6, 6, 6, 0, 3], [3, 0, 6, 6, 6, 6, 0, 3], [3, 0, 6, 6, 6, 6, 0, 3], [3, 0, 6, 6, 6, 6, 0, 3], [3, 0, 6, 6, 6, 6, 0, 3], [3, 0, 0, 0, 0, 0, 0, 3], [3, 0, 0, 0, 0, 0, 0, 3], [3, 3, 3, 3, 3, 3, 3, 3]], "output": [[3, 3, 3, 3, 3, 3, 3, 3], [3, 0, 0, 0, 0, 0, 0, 3], [3, 0, 3, 3, 3, 3, 0, 3], [3, 0, 3, 3, 3, 3, 0, 3], [3, 0, 3, 3, 3, 3, 0, 3], [3, 0, 3, 3, 3, 3, 0, 3], [3, 0, 3, 3, 3, 3, 0, 3], [3, 0, 0, 0, 0, 0, 0, 3], [3, 0, 0, 0, 0, 0, 0, 3], [3, 3, 3, 3, 3, 3, 3, 3]]}, {"input": [[8, 8, 8, 8, 8, 8], [8, 0, 0, 0, 0, 8], [8, 6, 6, 6, 0, 8], [8, 6, 6, 6, 0, 8], [8, 6, 6, 6, 0, 8], [8, 6, 6, 6, 0, 8], [8, 0, 0, 0, 0, 8], [8, 0, 0, 0, 0, 8], [8, 8, 8, 8, 8, 8]], "output": [[8, 8, 8, 8, 8, 8], [8, 0, 0, 0, 0, 8], [8, 8, 8, 8, 0, 8], [8, 8, 8, 8, 0, 8], [8, 8, 8, 8, 0, 8], [8, 8, 8, 8, 0, 8], [8, 0, 0, 0, 0, 8], [8, 0, 0, 0, 0, 8], [8, 8, 8, 8, 8, 8]]}, {"input": [[2, 2, 2, 2, 2, 2, 2, 2, 2, 2], [2, 0, 5, 5, 5, 5, 5, 0, 0, 2], [2, 0, 5, 5, 5, 5, 5, 0, 0, 2], [2, 0, 5, 5, 5, 5, 5, 0, 0, 2], [2, 0, 0, 0, 0, 0, 0, 0, 0, 2], [2, 2, 2, 2, 2, 2, 2, 2, 2, 2]], "output": [[2, 2, 2, 2, 2, 2, 2, 2, 2, 2], [2, 0, 2, 2, 2, 2, 2, 0, 0, 2], [2, 0, 2, 2, 2, 2, 2, 0, 0, 2], [2, 0, 2, 2, 2, 2, 2, 0, 0, 2], [2, 0, 0, 0, 0, 0, 0, 0, 0, 2], [2, 2, 2, 2, 2, 2, 2, 2, 2, 2]]}, {"input": [[8, 8, 8, 8, 8, 8], [8, 1, 1, 1, 0, 8], [8, 1, 1, 1, 0, 8], [8, 1, 1, 1, 0, 8], [8, 0, 0, 0, 0, 8], [8, 8, 8, 8, 8, 8]], "output": [[8, 8, 8, 8, 8, 8], [8, 8, 8, 8, 0, 8], [8, 8, 8, 8, 0, 8], [8, 8, 8, 8, 0, 8], [8, 0, 0, 0, 0, 8], [8, 8, 8, 8, 8, 8]]}, {"input": [[3, 3, 3, 3, 3, 3, 3], [3, 4, 4, 4, 4, 0, 3], [3, 4, 4, 4, 4, 0, 3], [3, 0, 0, 0, 0, 0, 3], [3, 3, 3, 3, 3, 3, 3]], "output": [[3, 3, 3, 3, 3, 3, 3], [3, 3, 3, 3, 3, 0, 3], [3, 3, 3, 3, 3, 0, 3], [3, 0, 0, 0, 0, 0, 3], [3, 3, 3, 3, 3, 3, 3]]}, {"input": [[4, 4, 4, 4, 4, 4], [4, 5, 5, 5, 0, 4], [4, 5, 5, 5, 0, 4], [4, 5, 5, 5, 0, 4], [4, 0, 0, 0, 0, 4], [4, 4, 4, 4, 4, 4]], "output": [[4, 4, 4, 4, 4, 4], [4, 4, 4, 4, 0, 4], [4, 4, 4, 4, 0, 4], [4, 4, 4, 4, 0, 4], [4, 0, 0, 0, 0, 4], [4, 4, 4, 4, 4, 4]]}, {"input": [[9, 9, 9, 9, 9, 9], [9, 0, 0, 0, 0, 9], [9, 5, 5, 5, 0, 9], [9, 5, 5, 5, 0, 9], [9, 5, 5, 5, 0, 9], [9, 5, 5, 5, 0, 9], [9, 0, 0, 0, 0, 9], [9, 0, 0, 0, 0, 9], [9, 9, 9, 9, 9, 9]], "output": [[9, 9, 9, 9, 9, 9], [9, 0, 0, 0, 0, 9], [9, 9, 9, 9, 0, 9], [9, 9, 9, 9, 0, 9], [9, 9, 9, 9, 0, 9], [9, 9, 9, 9, 0, 9], [9, 0, 0, 0, 0, 9], [9, 0, 0, 0, 0, 9], [9, 9, 9, 9, 9, 9]]}, {"input": [[9, 9, 9, 9, 9, 9], [9, 0, 0, 0, 0, 9], [9, 1, 1, 1, 0, 9], [9, 1, 1, 1, 0, 9], [9, 1, 1, 1, 0, 9], [9, 1, 1, 1, 0, 9], [9, 0, 0, 0, 0, 9], [9, 0, 0, 0, 0, 9], [9, 9, 9, 9, 9, 9]], "output": [[9, 9, 9, 9, 9, 9], [9, 0, 0, 0, 0, 9], [9, 9, 9, 9, 0, 9], [9, 9, 9, 9, 0, 9], [9, 9, 9, 9, 0, 9], [9, 9, 9, 9, 0, 9], [9, 0, 0, 0, 0, 9], [9, 0, 0, 0, 0, 9], [9, 9, 9, 9, 9, 9]]}, {"input": [[7, 7, 7, 7, 7, 7, 7], [7, 8, 8, 8, 8, 0, 7], [7, 8, 8, 8, 8, 0, 7], [7, 0, 0, 0, 0, 0, 7], [7, 7, 7, 7, 7, 7, 7]], "output": [[7, 7, 7, 7, 7, 7, 7], [7, 7, 7, 7, 7, 0, 7], [7, 7, 7, 7, 7, 0, 7], [7, 0, 0, 0, 0, 0, 7], [7, 7, 7, 7, 7, 7, 7]]}, {"input": [[7, 7, 7, 7, 7], [7, 1, 1, 0, 7], [7, 1, 1, 0, 7], [7, 1, 1, 0, 7], [7, 0, 0, 0, 7], [7, 7, 7, 7, 7]], "output": [[7, 7, 7, 7, 7], [7, 7, 7, 0, 7], [7, 7, 7, 0, 7], [7, 7, 7, 0, 7], [7, 0, 0, 0, 7], [7, 7, 7, 7, 7]]}, {"input": [[7, 7, 7, 7, 7, 7, 7], [7, 5, 5, 5, 5, 0, 7], [7, 5, 5, 5, 5, 0, 7], [7, 5, 5, 5, 5, 0, 7], [7, 5, 5, 5, 5, 0, 7], [7, 0, 0, 0, 0, 0, 7], [7, 7, 7, 7, 7, 7, 7]], "output": [[7, 7, 7, 7, 7, 7, 7], [7, 7, 7, 7, 7, 0, 7], [7, 7, 7, 7, 7, 0, 7], [7, 7, 7, 7, 7, 0, 7], [7, 7, 7, 7, 7, 0, 7], [7, 0, 0, 0, 0, 0, 7], [7, 7, 7, 7, 7, 7, 7]]}, {"input": [[7, 7, 7, 7, 7, 7, 7, 7, 7, 7], [7, 0, 0, 0, 0, 0, 0, 0, 0, 7], [7, 0, 2, 2, 2, 2, 2, 0, 0, 7], [7, 0, 2, 2, 2, 2, 2, 0, 0, 7], [7, 0, 2, 2, 2, 2, 2, 0, 0, 7], [7, 0, 2, 2, 2, 2, 2, 0, 0, 7], [7, 0, 2, 2, 2, 2, 2, 0, 0, 7], [7, 0, 2, 2, 2, 2, 2, 0, 0, 7], [7, 0, 0, 0, 0, 0, 0, 0, 0, 7], [7, 0, 0, 0, 0, 0, 0, 0, 0, 7], [7, 7, 7, 7, 7, 7, 7, 7, 7, 7]], "output": [[7, 7, 7, 7, 7, 7, 7, 7, 7, 7], [7, 0, 0, 0, 0, 0, 0, 0, 0, 7], [7, 0, 7, 7, 7, 7, 7, 0, 0, 7], [7, 0, 7, 7, 7, 7, 7, 0, 0, 7], [7, 0, 7, 7, 7, 7, 7, 0, 0, 7], [7, 0, 7, 7, 7, 7, 7, 0, 0, 7], [7, 0, 7, 7, 7, 7, 7, 0, 0, 7], [7, 0, 7, 7, 7, 7, 7, 0, 0, 7], [7, 0, 0, 0, 0, 0, 0, 0, 0, 7], [7, 0, 0, 0, 0, 0, 0, 0, 0, 7], [7, 7, 7, 7, 7, 7, 7, 7, 7, 7]]}, {"input": [[7, 7, 7, 7, 7, 7, 7, 7], [7, 0, 0, 0, 0, 0, 0, 7], [7, 0, 6, 6, 6, 6, 0, 7], [7, 0, 6, 6, 6, 6, 0, 7], [7, 0, 6, 6, 6, 6, 0, 7], [7, 0, 6, 6, 6, 6, 0, 7], [7, 0, 6, 6, 6, 6, 0, 7], [7, 0, 6, 6, 6, 6, 0, 7], [7, 0, 0, 0, 0, 0, 0, 7], [7, 0, 0, 0, 0, 0, 0, 7], [7, 7, 7, 7, 7, 7, 7, 7]], "output": [[7, 7, 7, 7, 7, 7, 7, 7], [7, 0, 0, 0, 0, 0, 0, 7], [7, 0, 7, 7, 7, 7, 0, 7], [7, 0, 7, 7, 7, 7, 0, 7], [7, 0, 7, 7, 7, 7, 0, 7], [7, 0, 7, 7, 7, 7, 0, 7], [7, 0, 7, 7, 7, 7, 0, 7], [7, 0, 7, 7, 7, 7, 0, 7], [7, 0, 0, 0, 0, 0, 0, 7], [7, 0, 0, 0, 0, 0, 0, 7], [7, 7, 7, 7, 7, 7, 7, 7]]}, {"input": [[5, 5, 5, 5, 5, 5, 5], [5, 6, 6, 6, 6, 0, 5], [5, 6, 6, 6, 6, 0, 5], [5, 6, 6, 6, 6, 0, 5], [5, 6, 6, 6, 6, 0, 5], [5, 0, 0, 0, 0, 0, 5], [5, 5, 5, 5, 5, 5, 5]], "output": [[5, 5, 5, 5, 5, 5, 5], [5, 5, 5, 5, 5, 0, 5], [5, 5, 5, 5, 5, 0, 5], [5, 5, 5, 5, 5, 0, 5], [5, 5, 5, 5, 5, 0, 5], [5, 0, 0, 0, 0, 0, 5], [5, 5, 5, 5, 5, 5, 5]]}, {"input": [[8, 8, 8, 8, 8, 8, 8, 8], [8, 0, 0, 0, 0, 0, 0, 8], [8, 0, 9, 9, 9, 9, 0, 8], [8, 0, 9, 9, 9, 9, 0, 8], [8, 0, 9, 9, 9, 9, 0, 8], [8, 0, 9, 9, 9, 9, 0, 8], [8, 0, 9, 9, 9, 9, 0, 8], [8, 0, 0, 0, 0, 0, 0, 8], [8, 0, 0, 0, 0, 0, 0, 8], [8, 8, 8, 8, 8, 8, 8, 8]], "output": [[8, 8, 8, 8, 8, 8, 8, 8], [8, 0, 0, 0, 0, 0, 0, 8], [8, 0, 8, 8, 8, 8, 0, 8], [8, 0, 8, 8, 8, 8, 0, 8], [8, 0, 8, 8, 8, 8, 0, 8], [8, 0, 8, 8, 8, 8, 0, 8], [8, 0, 8, 8, 8, 8, 0, 8], [8, 0, 0, 0, 0, 0, 0, 8], [8, 0, 0, 0, 0, 0, 0, 8], [8, 8, 8, 8, 8, 8, 8, 8]]}, {"input": [[6, 6, 6, 6, 6, 6, 6, 6, 6], [6, 0, 0, 0, 0, 0, 0, 0, 6], [6, 0, 8, 8, 8, 8, 0, 0, 6], [6, 0, 8, 8, 8, 8, 0, 0, 6], [6, 0, 8, 8, 8, 8, 0, 0, 6], [6, 0, 8, 8, 8, 8, 0, 0, 6], [6, 0, 0, 0, 0, 0, 0, 0, 6], [6, 0, 0, 0, 0, 0, 0, 0, 6], [6, 6, 6, 6, 6, 6, 6, 6, 6]], "output": [[6, 6, 6, 6, 6, 6, 6, 6, 6], [6, 0, 0, 0, 0, 0, 0, 0, 6], [6, 0, 6, 6, 6, 6, 0, 0, 6], [6, 0, 6, 6, 6, 6, 0, 0, 6], [6, 0, 6, 6, 6, 6, 0, 0, 6], [6, 0, 6, 6, 6, 6, 0, 0, 6], [6, 0, 0, 0, 0, 0, 0, 0, 6], [6, 0, 0, 0, 0, 0, 0, 0, 6], [6, 6, 6, 6, 6, 6, 6, 6, 6]]}, {"input": [[4, 4, 4, 4, 4], [4, 8, 8, 0, 4], [4, 8, 8, 0, 4], [4, 8, 8, 0, 4], [4, 0, 0, 0, 4], [4, 4, 4, 4, 4]], "output": [[4, 4, 4, 4, 4], [4, 4, 4, 0, 4], [4, 4, 4, 0, 4], [4, 4, 4, 0, 4], [4, 0, 0, 0, 4], [4, 4, 4, 4, 4]]}, {"input": [[9, 9, 9, 9, 9, 9, 9, 9], [9, 0, 6, 6, 6, 6, 0, 9], [9, 0, 6, 6, 6, 6, 0, 9], [9, 0, 6, 6, 6, 6, 0, 9], [9, 0, 6, 6, 6, 6, 0, 9], [9, 0, 0, 0, 0, 0, 0, 9], [9, 9, 9, 9, 9, 9, 9, 9]], "output": [[9, 9, 9, 9, 9, 9, 9, 9], [9, 0, 9, 9, 9, 9, 0, 9], [9, 0, 9, 9, 9, 9, 0, 9], [9, 0, 9, 9, 9, 9, 0, 9], [9, 0, 9, 9, 9, 9, 0, 9], [9, 0, 0, 0, 0, 0, 0, 9], [9, 9, 9, 9, 9, 9, 9, 9]]}], "test": [{"input": [[9, 9, 9, 9, 9, 9, 9], [9, 0, 0, 0, 0, 0, 9], [9, 4, 4, 4, 4, 0, 9], [9, 4, 4, 4, 4, 0, 9], [9, 4, 4, 4, 4, 0, 9], [9, 4, 4, 4, 4, 0, 9], [9, 4, 4, 4, 4, 0, 9], [9, 0, 0, 0, 0, 0, 9], [9, 0, 0, 0, 0, 0, 9], [9, 9, 9, 9, 9, 9, 9]], "output": [[9, 9, 9, 9, 9, 9, 9], [9, 0, 0, 0, 0, 0, 9], [9, 9, 9, 9, 9, 0, 9], [9, 9, 9, 9, 9, 0, 9], [9, 9, 9, 9, 9, 0, 9], [9, 9, 9, 9, 9, 0, 9], [9, 9, 9, 9, 9, 0, 9], [9, 0, 0, 0, 0, 0, 9], [9, 0, 0, 0, 0, 0, 9], [9, 9, 9, 9, 9, 9, 9]]}, {"input": [[4, 4, 4, 4, 4, 4, 4], [4, 6, 6, 6, 6, 0, 4], [4, 6, 6, 6, 6, 0, 4], [4, 6, 6, 6, 6, 0, 4], [4, 6, 6, 6, 6, 0, 4], [4, 0, 0, 0, 0, 0, 4], [4, 4, 4, 4, 4, 4, 4]], "output": [[4, 4, 4, 4, 4, 4, 4], [4, 4, 4, 4, 4, 0, 4], [4, 4, 4, 4, 4, 0, 4], [4, 4, 4, 4, 4, 0, 4], [4, 4, 4, 4, 4, 0, 4], [4, 0, 0, 0, 0, 0, 4], [4, 4, 4, 4, 4, 4, 4]]}, {"input": [[7, 7, 7, 7, 7, 7, 7, 7, 7, 7], [7, 0, 0, 0, 0, 0, 0, 0, 0, 7], [7, 0, 8, 8, 8, 8, 8, 0, 0, 7], [7, 0, 8, 8, 8, 8, 8, 0, 0, 7], [7, 0, 8, 8, 8, 8, 8, 0, 0, 7], [7, 0, 8, 8, 8, 8, 8, 0, 0, 7], [7, 0, 0, 0, 0, 0, 0, 0, 0, 7], [7, 7, 7, 7, 7, 7, 7, 7, 7, 7]], "output": [[7, 7, 7, 7, 7, 7, 7, 7, 7, 7], [7, 0, 0, 0, 0, 0, 0, 0, 0, 7], [7, 0, 7, 7, 7, 7, 7, 0, 0, 7], [7, 0, 7, 7, 7, 7, 7, 0, 0, 7], [7, 0, 7, 7, 7, 7, 7, 0, 0, 7], [7, 0, 7, 7, 7, 7, 7, 0, 0, 7], [7, 0, 0, 0, 0, 0, 0, 0, 0, 7], [7, 7, 7, 7, 7, 7, 7, 7, 7, 7]]}]}