{"train": [{"input": [[0, 0, 0, 0, 0, 0, 0], [0, 0, 0, 0, 0, 0, 0], [9, 9, 0, 0, 0, 0, 5], [9, 9, 0, 0, 2, 2, 0], [0, 0, 4, 0, 2, 2, 0]], "output": [[0, 0, 0, 0, 0, 0, 0], [0, 0, 0, 0, 0, 0, 0], [5, 0, 0, 0, 0, 9, 9], [0, 2, 2, 0, 0, 9, 9], [0, 2, 2, 0, 4, 0, 0]]}, {"input": [[0, 0, 0, 0, 0], [8, 0, 0, 5, 5], [0, 0, 0, 5, 5], [0, 0, 0, 0, 0], [0, 0, 0, 0, 0], [0, 0, 0, 0, 0]], "output": [[0, 0, 0, 0, 0], [5, 5, 0, 0, 8], [5, 5, 0, 0, 0], [0, 0, 0, 0, 0], [0, 0, 0, 0, 0], [0, 0, 0, 0, 0]]}, {"input": [[0, 0, 0, 7, 7, 6], [0, 0, 0, 7, 7, 0], [2, 0, 5, 0, 0, 0], [0, 0, 0, 0, 0, 0], [0, 1, 1, 0, 0, 0], [0, 1, 1, 0, 0, 0]], "output": [[6, 7, 7, 0, 0, 0], [0, 7, 7, 0, 0, 0], [0, 0, 0, 5, 0, 2], [0, 0, 0, 0, 0, 0], [0, 0, 0, 1, 1, 0], [0, 0, 0, 1, 1, 0]]}, {"input": [[8, 8, 0, 0], [8, 9, 9, 4], [7, 9, 9, 4], [0, 0, 0, 0]], "output": [[0, 0, 8, 8], [4, 9, 9, 8], [4, 9, 9, 7], [0, 0, 0, 0]]}, {"input": [[0, 0, 0, 0, 0, 0], [0, 0, 0, 0, 0, 0], [0, 0, 0, 0, 0, 0], [0, 0, 0, 0, 0, 0], [0, 0, 9, 7, 7, 0], [0, 6, 2, 7, 3, 3], [0, 6, 6, 0, 3, 3]], "output": [[0, 0, 0, 0, 0, 0], [0, 0, 0, 0, 0, 0], [0, 0, 0, 0, 0, 0], [0, 0, 0, 0, 0, 0], [0, 7, 7, 9, 0, 0], [3, 3, 7, 2, 6, 0], [3, 3, 0, 6, 6, 0]]}, {"input": [[0, 0, 0, 0, 0, 0], [0, 0, 0, 0, 0, 0], [0, 9, 0, 0, 7, 7], [0, 0, 0, 0, 7, 7], [0, 0, 0, 0, 0, 0], [0, 0, 0, 0, 0, 0], [0, 0, 0, 0, 0, 0]], "output": [[0, 0, 0, 0, 0, 0], [0, 0, 0, 0, 0, 0], [7, 7, 0, 0, 9, 0], [7, 7, 0, 0, 0, 0], [0, 0, 0, 0, 0, 0], [0, 0, 0, 0, 0, 0], [0, 0, 0, 0, 0, 0]]}, {"input": [[0, 0, 0, 4, 4, 0, 0], [0, 0, 0, 4, 4, 0, 0], [0, 0, 0, 0, 0, 0, 0], [0, 0, 0, 0, 0, 0, 0], [0, 0, 0, 0, 0, 0, 0]], "output": [[0, 0, 4, 4, 0, 0, 0], [0, 0, 4, 4, 0, 0, 0], [0, 0, 0, 0, 0, 0, 0], [0, 0, 0, 0, 0, 0, 0], [0, 0, 0, 0, 0, 0, 0]]}, {"input": [[9, 0, 0, 0], [0, 0, 0, 0], [1, 3, 0, 0], [2, 3, 0, 0]], "output": [[0, 0, 0, 9], [0, 0, 0, 0], [0, 0, 3, 1], [0, 0, 3, 2]]}, {"input": [[0, 0, 0, 0, 0, 0, 0], [0, 0, 0, 0, 0, 0, 0], [0, 0, 0, 0, 0, 0, 0], [0, 9, 9, 0, 0, 8, 8], [0, 7, 9, 0, 0, 8, 8]], "output": [[0, 0, 0, 0, 0, 0, 0], [0, 0, 0, 0, 0, 0, 0], [0, 0, 0, 0, 0, 0, 0], [8, 8, 0, 0, 9, 9, 0], [8, 8, 0, 0, 9, 7, 0]]}, {"input": [[0, 0, 9, 0, 0], [0, 0, 0, 0, 0], [0, 1, 1, 0, 0], [0, 1, 1, 0, 0]], "output": [[0, 0, 9, 0, 0], [0, 0, 0, 0, 0], [0, 0, 1, 1, 0], [0, 0, 1, 1, 0]]}, {"input": [[0, 0, 0, 0, 0], [0, 0, 0, 0, 0], [0, 0, 0, 0, 0], [0, 0, 0, 9, 9], [1, 1, 6, 6, 9], [1, 1, 6, 6, 0], [4, 0, 0, 0, 0]], "output": [[0, 0, 0, 0, 0], [0, 0, 0, 0, 0], [0, 0, 0, 0, 0], [9, 9, 0, 0, 0], [9, 6, 6, 1, 1], [0, 6, 6, 1, 1], [0, 0, 0, 0, 4]]}, {"input": [[9, 0, 0, 0, 0, 0], [0, 0, 0, 0, 0, 0], [0, 0, 0, 6, 0, 0], [0, 0, 2, 0, 0, 0]], "output": [[0, 0, 0, 0, 0, 9], [0, 0, 0, 0, 0, 0], [0, 0, 6, 0, 0, 0], [0, 0, 0, 2, 0, 0]]}, {"input": [[0, 9, 9, 0, 0], [0, 9, 9, 0, 0], [0, 2, 2, 1, 1], [0, 2, 2, 1, 1], [0, 7, 0, 0, 0]], "output": [[0, 0, 9, 9, 0], [0, 0, 9, 9, 0], [1, 1, 2, 2, 0], [1, 1, 2, 2, 0], [0, 0, 0, 7, 0]]}, {"input": [[0, 7, 1, 1, 0], [0, 0, 1, 6, 6], [0, 0, 3, 3, 6], [0, 0, 3, 3, 0]], "output": [[0, 1, 1, 7, 0], [6, 6, 1, 0, 0], [6, 3, 3, 0, 0], [0, 3, 3, 0, 0]]}, {"input": [[0, 0, 3, 0], [8, 0, 0, 0], [0, 0, 0, 0], [0, 0, 0, 0], [0, 0, 0, 0], [0, 0, 0, 0], [0, 0, 0, 0]], "output": [[0, 3, 0, 0], [0, 0, 0, 8], [0, 0, 0, 0], [0, 0, 0, 0], [0, 0, 0, 0], [0, 0, 0, 0], [0, 0, 0, 0]]}, {"input": [[0, 0, 0, 0, 0, 0], [0, 0, 4, 4, 9, 9], [0, 0, 4, 4, 9, 9], [0, 0, 0, 0, 2, 0]], "output": [[0, 0, 0, 0, 0, 0], [9, 9, 4, 4, 0, 0], [9, 9, 4, 4, 0, 0], [0, 2, 0, 0, 0, 0]]}, {"input": [[0, 0, 0, 0, 0, 0, 0], [0, 0, 5, 0, 0, 0, 0], [0, 0, 0, 0, 0, 0, 0], [0, 0, 0, 0, 0, 0, 0], [0, 0, 0, 0, 0, 0, 0]], "output": [[0, 0, 0, 0, 0, 0, 0], [0, 0, 0, 0, 5, 0, 0], [0, 0, 0, 0, 0, 0, 0], [0, 0, 0, 0, 0, 0, 0], [0, 0, 0, 0, 0, 0, 0]]}, {"input": [[0, 0, 0, 0, 0, 0, 0], [8, 8, 0, 0, 0, 2, 1], [8, 8, 0, 0, 0, 0, 0], [0, 0, 0, 0, 3, 3, 0], [0, 0, 0, 0, 3, 3, 0]], "output": [[0, 0, 0, 0, 0, 0, 0], [1, 2, 0, 0, 0, 8, 8], [0, 0, 0, 0, 0, 8, 8], [0, 3, 3, 0, 0, 0, 0], [0, 3, 3, 0, 0, 0, 0]]}, {"input": [[7, 7, 4, 0, 0, 1], [7, 7, 0, 0, 0, 0], [0, 0, 0, 0, 0, 0], [0, 0, 0, 0, 0, 3], [0, 0, 6, 0, 0, 0], [0, 0, 0, 0, 0, 0]], "output": [[1, 0, 0, 4, 7, 7], [0, 0, 0, 0, 7, 7], [0, 0, 0, 0, 0, 0], [3, 0, 0, 0, 0, 0], [0, 0, 0, 6, 0, 0], [0, 0, 0, 0, 0, 0]]}, {"input": [[0, 0, 0, 0, 0], [0, 0, 3, 3, 0], [0, 0, 8, 8, 0], [0, 0, 8, 8, 0], [0, 0, 0, 0, 0], [0, 0, 0, 0, 0]], "output": [[0, 0, 0, 0, 0], [0, 3, 3, 0, 0], [0, 8, 8, 0, 0], [0, 8, 8, 0, 0], [0, 0, 0, 0, 0], [0, 0, 0, 0, 0]]}, {"input": [[5, 5, 0, 0, 0, 0, 0], [5, 5, 0, 0, 3, 3, 0], [0, 0, 0, 0, 3, 3, 0], [0, 0, 0, 0, 0, 0, 0], [0, 0, 0, 0, 0, 0, 0], [0, 0, 0, 0, 0, 0, 0]], "output": [[0, 0, 0, 0, 0, 5, 5], [0, 3, 3, 0, 0, 5, 5], [0, 3, 3, 0, 0, 0, 0], [0, 0, 0, 0, 0, 0, 0], [0, 0, 0, 0, 0, 0, 0], [0, 0, 0, 0, 0, 0, 0]]}, {"input": [[0, 4, 4, 1, 1, 0], [0, 4, 4, 3, 3, 0], [0, 0, 0, 3, 8, 0], [0, 0, 0, 0, 0, 0], [0, 0, 0, 0, 0, 0], [0, 0, 0, 0, 0, 0]], "output": [[0, 1, 1, 4, 4, 0], [0, 3, 3, 4, 4, 0], [0, 8, 3, 0, 0, 0], [0, 0, 0, 0, 0, 0], [0, 0, 0, 0, 0, 0], [0, 0, 0, 0, 0, 0]]}, {"input": [[0, 0, 0, 6, 6, 0, 0], [2, 0, 0, 6, 6, 7, 0], [5, 0, 0, 0, 7, 7, 0], [0, 3, 3, 0, 0, 0, 0], [0, 3, 3, 0, 0, 0, 0]], "output": [[0, 0, 6, 6, 0, 0, 0], [0, 7, 6, 6, 0, 0, 2], [0, 7, 7, 0, 0, 0, 5], [0, 0, 0, 0, 3, 3, 0], [0, 0, 0, 0, 3, 3, 0]]}, {"input": [[0, 0, 3, 0], [0, 0, 0, 0], [5, 1, 0, 7], [2, 1, 0, 0]], "output": [[0, 3, 0, 0], [0, 0, 0, 0], [7, 0, 1, 5], [0, 0, 1, 2]]}, {"input": [[0, 0, 7, 7], [0, 0, 4, 7], [0, 0, 9, 9], [0, 0, 9, 9], [0, 2, 0, 0]], "output": [[7, 7, 0, 0], [7, 4, 0, 0], [9, 9, 0, 0], [9, 9, 0, 0], [0, 0, 2, 0]]}, {"input": [[4, 0, 0, 0, 0, 0, 0], [0, 0, 5, 5, 0, 0, 0], [0, 0, 3, 3, 0, 0, 0], [1, 1, 3, 3, 0, 0, 0], [1, 1, 0, 0, 0, 0, 8], [0, 0, 0, 0, 0, 0, 0]], "output": [[0, 0, 0, 0, 0, 0, 4], [0, 0, 0, 5, 5, 0, 0], [0, 0, 0, 3, 3, 0, 0], [0, 0, 0, 3, 3, 1, 1], [8, 0, 0, 0, 0, 1, 1], [0, 0, 0, 0, 0, 0, 0]]}], "test": [{"input": [[0, 0, 0, 0, 0, 0], [0, 0, 0, 0, 0, 7], [0, 0, 0, 0, 0, 0], [0, 0, 0, 0, 0, 0], [0, 0, 0, 0, 0, 0]], "output": [[0, 0, 0, 0, 0, 0], [7, 0, 0, 0, 0, 0], [0, 0, 0, 0, 0, 0], [0, 0, 0, 0, 0, 0], [0, 0, 0, 0, 0, 0]]}, {"input": [[0, 8, 0, 0, 0, 0], [0, 0, 0, 0, 0, 0], [0, 0, 0, 0, 0, 0], [0, 0, 0, 0, 0, 0], [0, 7, 0, 4, 4, 0], [0, 0, 0, 4, 4, 0]], "output": [[0, 0, 0, 0, 8, 0], [0, 0, 0, 0, 0, 0], [0, 0, 0, 0, 0, 0], [0, 0, 0, 0, 0, 0], [0, 4, 4, 0, 7, 0], [0, 4, 4, 0, 0, 0]]}, {"input": [[0, 0, 0, 0, 3], [0, 0, 0, 0, 0], [0, 0, 0, 0, 0], [0, 0, 0, 0, 0], [0, 0, 0, 0, 0], [0, 0, 0, 9, 9], [0, 0, 0, 9, 9]], "output": [[3, 0, 0, 0, 0], [0, 0, 0, 0, 0], [0, 0, 0, 0, 0], [0, 0, 0, 0, 0], [0, 0, 0, 0, 0], [9, 9, 0, 0, 0], [9, 9, 0, 0, 0]]}]}