{"train": [{"input": [[1, 5, 1, 5, 1, 5, 1], [5, 1, 5, 1, 5, 1, 5], [1, 5, 1, 5, 1, 5, 1], [5, 1, 5, 1, 5, 1, 5], [1, 5, 1, 5, 1, 5, 1], [5, 1, 5, 1, 5, 1, 5], [1, 5, 1, 5, 1, 5, 1], [5, 1, 5, 1, 5, 1, 5], [1, 5, 1, 5, 1, 5, 1]], "output": [[0, 2, 0, 2, 0, 2, 0], [2, 0, 2, 0, 2, 0, 2], [0, 2, 0, 2, 0, 2, 0], [2, 0, 2, 0, 2, 0, 2], [0, 2, 0, 2, 0, 2, 0], [2, 0, 2, 0, 2, 0, 2], [0, 2, 0, 2, 0, 2, 0], [2, 0, 2, 0, 2, 0, 2], [0, 2, 0, 2, 0, 2, 0]]}, {"input": [[5, 6, 5, 6, 5, 6, 5, 6, 5], [6, 5, 6, 5, 6, 5, 6, 5, 6], [5, 6, 5, 6, 5, 6, 5, 6, 5], [6, 5, 6, 5, 6, 5, 6, 5, 6], [5, 6, 5, 6, 5, 6, 5, 6, 5], [6, 5, 6, 5, 6, 5, 6, 5, 6]], "output": [[0, 2, 0, 2, 0, 2, 0, 2, 0], [2, 0, 2, 0, 2, 0, 2, 0, 2], [0, 2, 0, 2, 0, 2, 0, 2, 0], [2, 0, 2, 0, 2, 0, 2, 0, 2], [0, 2, 0, 2, 0, 2, 0, 2, 0], [2, 0, 2, 0, 2, 0, 2, 0, 2]]}, {"input": [[6, 1, 6, 1, 6, 1, 6, 1], [1, 6, 1, 6, 1, 6, 1, 6], [6, 1, 6, 1, 6, 1, 6, 1], [1, 6, 1, 6, 1, 6, 1, 6], [6, 1, 6, 1, 6, 1, 6, 1], [1, 6, 1, 6, 1, 6, 1, 6]], "output": [[0, 2, 0, 2, 0, 2, 0, 2], [2, 0, 2, 0, 2, 0, 2, 0], [0, 2, 0, 2, 0, 2, 0, 2], [2, 0, 2, 0, 2, 0, 2, 0], [0, 2, 0, 2, 0, 2, 0, 2], [2, 0, 2, 0, 2, 0, 2, 0]]}, {"input": [[4, 9, 4, 9, 4, 9, 4, 9], [9, 4, 9, 4, 9, 4, 9, 4], [4, 9, 4, 9, 4, 9, 4, 9], [9, 4, 9, 4, 9, 4, 9, 4], [4, 9, 4, 9, 4, 9, 4, 9], [9, 4, 9, 4, 9, 4, 9, 4], [4, 9, 4, 9, 4, 9, 4, 9], [9, 4, 9, 4, 9, 4, 9, 4]], "output": [[0, 2, 0, 2, 0, 2, 0, 2], [2, 0, 2, 0, 2, 0, 2, 0], [0, 2, 0, 2, 0, 2, 0, 2], [2, 0, 2, 0, 2, 0, 2, 0], [0, 2, 0, 2, 0, 2, 0, 2], [2, 0, 2, 0, 2, 0, 2, 0], [0, 2, 0, 2, 0, 2, 0, 2], [2, 0, 2, 0, 2, 0, 2, 0]]}, {"input": [[6, 7, 6, 7, 6, 7, 6, 7], [7, 6, 7, 6, 7, 6, 7, 6], [6, 7, 6, 7, 6, 7, 6, 7], [7, 6, 7, 6, 7, 6, 7, 6], [6, 7, 6, 7, 6, 7, 6, 7], [7, 6, 7, 6, 7, 6, 7, 6], [6, 7, 6, 7, 6, 7, 6, 7]], "output": [[0, 2, 0, 2, 0, 2, 0, 2], [2, 0, 2, 0, 2, 0, 2, 0], [0, 2, 0, 2, 0, 2, 0, 2], [2, 0, 2, 0, 2, 0, 2, 0], [0, 2, 0, 2, 0, 2, 0, 2], [2, 0, 2, 0, 2, 0, 2, 0], [0, 2, 0, 2, 0, 2, 0, 2]]}, {"input": [[5, 8, 5, 8, 5, 8, 5, 8, 5], [8, 5, 8, 5, 8, 5, 8, 5, 8], [5, 8, 5, 8, 5, 8, 5, 8, 5], [8, 5, 8, 5, 8, 5, 8, 5, 8], [5, 8, 5, 8, 5, 8, 5, 8, 5]], "output": [[0, 2, 0, 2, 0, 2, 0, 2, 0], [2, 0, 2, 0, 2, 0, 2, 0, 2], [0, 2, 0, 2, 0, 2, 0, 2, 0], [2, 0, 2, 0, 2, 0, 2, 0, 2], [0, 2, 0, 2, 0, 2, 0, 2, 0]]}, {"input": [[4, 5, 4, 5], [5, 4, 5, 4], [4, 5, 4, 5], [5, 4, 5, 4], [4, 5, 4, 5]], "output": [[0, 2, 0, 2], [2, 0, 2, 0], [0, 2, 0, 2], [2, 0, 2, 0], [0, 2, 0, 2]]}, {"input": [[9, 3, 9, 3], [3, 9, 3, 9], [9, 3, 9, 3], [3, 9, 3, 9]], "output": [[0, 2, 0, 2], [2, 0, 2, 0], [0, 2, 0, 2], [2, 0, 2, 0]]}, {"input": [[4, 7, 4, 7, 4, 7, 4], [7, 4, 7, 4, 7, 4, 7], [4, 7, 4, 7, 4, 7, 4], [7, 4, 7, 4, 7, 4, 7], [4, 7, 4, 7, 4, 7, 4], [7, 4, 7, 4, 7, 4, 7], [4, 7, 4, 7, 4, 7, 4], [7, 4, 7, 4, 7, 4, 7], [4, 7, 4, 7, 4, 7, 4]], "output": [[0, 2, 0, 2, 0, 2, 0], [2, 0, 2, 0, 2, 0, 2], [0, 2, 0, 2, 0, 2, 0], [2, 0, 2, 0, 2, 0, 2], [0, 2, 0, 2, 0, 2, 0], [2, 0, 2, 0, 2, 0, 2], [0, 2, 0, 2, 0, 2, 0], [2, 0, 2, 0, 2, 0, 2], [0, 2, 0, 2, 0, 2, 0]]}, {"input": [[9, 1, 9, 1, 9], [1, 9, 1, 9, 1], [9, 1, 9, 1, 9], [1, 9, 1, 9, 1], [9, 1, 9, 1, 9], [1, 9, 1, 9, 1], [9, 1, 9, 1, 9], [1, 9, 1, 9, 1]], "output": [[0, 2, 0, 2, 0], [2, 0, 2, 0, 2], [0, 2, 0, 2, 0], [2, 0, 2, 0, 2], [0, 2, 0, 2, 0], [2, 0, 2, 0, 2], [0, 2, 0, 2, 0], [2, 0, 2, 0, 2]]}, {"input": [[9, 4, 9, 4, 9, 4, 9, 4, 9], [4, 9, 4, 9, 4, 9, 4, 9, 4], [9, 4, 9, 4, 9, 4, 9, 4, 9], [4, 9, 4, 9, 4, 9, 4, 9, 4], [9, 4, 9, 4, 9, 4, 9, 4, 9]], "output": [[0, 2, 0, 2, 0, 2, 0, 2, 0], [2, 0, 2, 0, 2, 0, 2, 0, 2], [0, 2, 0, 2, 0, 2, 0, 2, 0], [2, 0, 2, 0, 2, 0, 2, 0, 2], [0, 2, 0, 2, 0, 2, 0, 2, 0]]}, {"input": [[6, 7, 6, 7, 6], [7, 6, 7, 6, 7], [6, 7, 6, 7, 6], [7, 6, 7, 6, 7], [6, 7, 6, 7, 6]], "output": [[0, 2, 0, 2, 0], [2, 0, 2, 0, 2], [0, 2, 0, 2, 0], [2, 0, 2, 0, 2], [0, 2, 0, 2, 0]]}, {"input": [[2, 8, 2, 8, 2, 8], [8, 2, 8, 2, 8, 2], [2, 8, 2, 8, 2, 8], [8, 2, 8, 2, 8, 2]], "output": [[0, 2, 0, 2, 0, 2], [2, 0, 2, 0, 2, 0], [0, 2, 0, 2, 0, 2], [2, 0, 2, 0, 2, 0]]}, {"input": [[1, 2, 1, 2, 1], [2, 1, 2, 1, 2], [1, 2, 1, 2, 1], [2, 1, 2, 1, 2], [1, 2, 1, 2, 1]], "output": [[0, 2, 0, 2, 0], [2, 0, 2, 0, 2], [0, 2, 0, 2, 0], [2, 0, 2, 0, 2], [0, 2, 0, 2, 0]]}, {"input": [[1, 6, 1, 6, 1], [6, 1, 6, 1, 6], [1, 6, 1, 6, 1], [6, 1, 6, 1, 6], [1, 6, 1, 6, 1], [6, 1, 6, 1, 6], [1, 6, 1, 6, 1], [6, 1, 6, 1, 6]], "output": [[0, 2, 0, 2, 0], [2, 0, 2, 0, 2], [0, 2, 0, 2, 0], [2, 0, 2, 0, 2], [0, 2, 0, 2, 0], [2, 0, 2, 0, 2], [0, 2, 0, 2, 0], [2, 0, 2, 0, 2]]}, {"input": [[8, 3, 8, 3, 8], [3, 8, 3, 8, 3], [8, 3, 8, 3, 8], [3, 8, 3, 8, 3], [8, 3, 8, 3, 8], [3, 8, 3, 8, 3], [8, 3, 8, 3, 8], [3, 8, 3, 8, 3]], "output": [[0, 2, 0, 2, 0], [2, 0, 2, 0, 2], [0, 2, 0, 2, 0], [2, 0, 2, 0, 2], [0, 2, 0, 2, 0], [2, 0, 2, 0, 2], [0, 2, 0, 2, 0], [2, 0, 2, 0, 2]]}, {"input": [[3, 6, 3, 6, 3, 6], [6, 3, 6, 3, 6, 3], [3, 6, 3, 6, 3, 6], [6, 3, 6, 3, 6, 3]], "output": [[0, 2, 0, 2, 0, 2], [2, 0, 2, 0, 2, 0], [0, 2, 0, 2, 0, 2], [2, 0, 2, 0, 2, 0]]}, {"input": [[5, 2, 5, 2], [2, 5, 2, 5], [5, 2, 5, 2], [2, 5, 2, 5], [5, 2, 5, 2]], "output": [[0, 2, 0, 2], [2, 0, 2, 0], [0, 2, 0, 2], [2, 0, 2, 0], [0, 2, 0, 2]]}, {"input": [[2, 3, 2, 3, 2, 3, 2, 3, 2], [3, 2, 3, 2, 3, 2, 3, 2, 3], [2, 3, 2, 3, 2, 3, 2, 3, 2], [3, 2, 3, 2, 3, 2, 3, 2, 3], [2, 3, 2, 3, 2, 3, 2, 3, 2], [3, 2, 3, 2, 3, 2, 3, 2, 3], [2, 3, 2, 3, 2, 3, 2, 3, 2], [3, 2, 3, 2, 3, 2, 3, 2, 3], [2, 3, 2, 3, 2, 3, 2, 3, 2]], "output": [[0, 2, 0, 2, 0, 2, 0, 2, 0], [2, 0, 2, 0, 2, 0, 2, 0, 2], [0, 2, 0, 2, 0, 2, 0, 2, 0], [2, 0, 2, 0, 2, 0, 2, 0, 2], [0, 2, 0, 2, 0, 2, 0, 2, 0], [2, 0, 2, 0, 2, 0, 2, 0, 2], [0, 2, 0, 2, 0, 2, 0, 2, 0], [2, 0, 2, 0, 2, 0, 2, 0, 2], [0, 2, 0, 2, 0, 2, 0, 2, 0]]}, {"input": [[6, 2, 6, 2, 6, 2], [2, 6, 2, 6, 2, 6], [6, 2, 6, 2, 6, 2], [2, 6, 2, 6, 2, 6], [6, 2, 6, 2, 6, 2], [2, 6, 2, 6, 2, 6]], "output": [[0, 2, 0, 2, 0, 2], [2, 0, 2, 0, 2, 0], [0, 2, 0, 2, 0, 2], [2, 0, 2, 0, 2, 0], [0, 2, 0, 2, 0, 2], [2, 0, 2, 0, 2, 0]]}, {"input": [[3, 8, 3, 8, 3], [8, 3, 8, 3, 8], [3, 8, 3, 8, 3], [8, 3, 8, 3, 8], [3, 8, 3, 8, 3], [8, 3, 8, 3, 8], [3, 8, 3, 8, 3], [8, 3, 8, 3, 8], [3, 8, 3, 8, 3]], "output": [[0, 2, 0, 2, 0], [2, 0, 2, 0, 2], [0, 2, 0, 2, 0], [2, 0, 2, 0, 2], [0, 2, 0, 2, 0], [2, 0, 2, 0, 2], [0, 2, 0, 2, 0], [2, 0, 2, 0, 2], [0, 2, 0, 2, 0]]}, {"input": [[5, 3, 5, 3, 5], [3, 5, 3, 5, 3], [5, 3, 5, 3, 5], [3, 5, 3, 5, 3], [5, 3, 5, 3, 5], [3, 5, 3, 5, 3], [5, 3, 5, 3, 5]], "output": [[0, 2, 0, 2, 0], [2, 0, 2, 0, 2], [0, 2, 0, 2, 0], [2, 0, 2, 0, 2], [0, 2, 0, 2, 0], [2, 0, 2, 0, 2], [0, 2, 0, 2, 0]]}, {"input": [[7, 1, 7, 1, 7, 1], [1, 7, 1, 7, 1, 7], [7, 1, 7, 1, 7, 1], [1, 7, 1, 7, 1, 7], [7, 1, 7, 1, 7, 1], [1, 7, 1, 7, 1, 7]], "output": [[0, 2, 0, 2, 0, 2], [2, 0, 2, 0, 2, 0], [0, 2, 0, 2, 0, 2], [2, 0, 2, 0, 2, 0], [0, 2, 0, 2, 0, 2], [2, 0, 2, 0, 2, 0]]}, {"input": [[5, 7, 5, 7, 5, 7, 5], [7, 5, 7, 5, 7, 5, 7], [5, 7, 5, 7, 5, 7, 5], [7, 5, 7, 5, 7, 5, 7], [5, 7, 5, 7, 5, 7, 5], [7, 5, 7, 5, 7, 5, 7], [5, 7, 5, 7, 5, 7, 5], [7, 5, 7, 5, 7, 5, 7], [5, 7, 5, 7, 5, 7, 5]], "output": [[0, 2, 0, 2, 0, 2, 0], [2, 0, 2, 0, 2, 0, 2], [0, 2, 0, 2, 0, 2, 0], [2, 0, 2, 0, 2, 0, 2], [0, 2, 0, 2, 0, 2, 0], [2, 0, 2, 0, 2, 0, 2], [0, 2, 0, 2, 0, 2, 0], [2, 0, 2, 0, 2, 0, 2], [0, 2, 0, 2, 0, 2, 0]]}, {"input": [[1, 7, 1, 7, 1, 7, 1, 7], [7, 1, 7, 1, 7, 1, 7, 1], [1, 7, 1, 7, 1, 7, 1, 7], [7, 1, 7, 1, 7, 1, 7, 1], [1, 7, 1, 7, 1, 7, 1, 7], [7, 1, 7, 1, 7, 1, 7, 1], [1, 7, 1, 7, 1, 7, 1, 7], [7, 1, 7, 1, 7, 1, 7, 1]], "output": [[0, 2, 0, 2, 0, 2, 0, 2], [2, 0, 2, 0, 2, 0, 2, 0], [0, 2, 0, 2, 0, 2, 0, 2], [2, 0, 2, 0, 2, 0, 2, 0], [0, 2, 0, 2, 0, 2, 0, 2], [2, 0, 2, 0, 2, 0, 2, 0], [0, 2, 0, 2, 0, 2, 0, 2], [2, 0, 2, 0, 2, 0, 2, 0]]}, {"input": [[7, 2, 7, 2], [2, 7, 2, 7], [7, 2, 7, 2], [2, 7, 2, 7], [7, 2, 7, 2]], "output": [[0, 2, 0, 2], [2, 0, 2, 0], [0, 2, 0, 2], [2, 0, 2, 0], [0, 2, 0, 2]]}, {"input": [[8, 4, 8, 4, 8, 4, 8], [4, 8, 4, 8, 4, 8, 4], [8, 4, 8, 4, 8, 4, 8], [4, 8, 4, 8, 4, 8, 4], [8, 4, 8, 4, 8, 4, 8], [4, 8, 4, 8, 4, 8, 4]], "output": [[0, 2, 0, 2, 0, 2, 0], [2, 0, 2, 0, 2, 0, 2], [0, 2, 0, 2, 0, 2, 0], [2, 0, 2, 0, 2, 0, 2], [0, 2, 0, 2, 0, 2, 0], [2, 0, 2, 0, 2, 0, 2]]}], "test": [{"input": [[6, 3, 6, 3, 6, 3], [3, 6, 3, 6, 3, 6], [6, 3, 6, 3, 6, 3], [3, 6, 3, 6, 3, 6], [6, 3, 6, 3, 6, 3], [3, 6, 3, 6, 3, 6], [6, 3, 6, 3, 6, 3], [3, 6, 3, 6, 3, 6], [6, 3, 6, 3, 6, 3]], "output": [[0, 2, 0, 2, 0, 2], [2, 0, 2, 0, 2, 0], [0, 2, 0, 2, 0, 2], [2, 0, 2, 0, 2, 0], [0, 2, 0, 2, 0, 2], [2, 0, 2, 0, 2, 0], [0, 2, 0, 2, 0, 2], [2, 0, 2, 0, 2, 0], [0, 2, 0, 2, 0, 2]]}, {"input": [[1, 5, 1, 5, 1, 5], [5, 1, 5, 1, 5, 1], [1, 5, 1, 5, 1, 5], [5, 1, 5, 1, 5, 1], [1, 5, 1, 5, 1, 5], [5, 1, 5, 1, 5, 1]], "output": [[0, 2, 0, 2, 0, 2], [2, 0, 2, 0, 2, 0], [0, 2, 0, 2, 0, 2], [2, 0, 2, 0, 2, 0], [0, 2, 0, 2, 0, 2], [2, 0, 2, 0, 2, 0]]}, {"input": [[3, 6, 3, 6, 3, 6, 3, 6, 3], [6, 3, 6, 3, 6, 3, 6, 3, 6], [3, 6, 3, 6, 3, 6, 3, 6, 3], [6, 3, 6, 3, 6, 3, 6, 3, 6], [3, 6, 3, 6, 3, 6, 3, 6, 3], [6, 3, 6, 3, 6, 3, 6, 3, 6], [3, 6, 3, 6, 3, 6, 3, 6, 3]], "output": [[0, 2, 0, 2, 0, 2, 0, 2, 0], [2, 0, 2, 0, 2, 0, 2, 0, 2], [0, 2, 0, 2, 0, 2, 0, 2, 0], [2, 0, 2, 0, 2, 0, 2, 0, 2], [0, 2, 0, 2, 0, 2, 0, 2, 0], [2, 0, 2, 0, 2, 0, 2, 0, 2], [0, 2, 0, 2, 0, 2, 0, 2, 0]]}]}