{"train": [{"input": [[0, 0, 0, 2]], "output": [[0, 0, 0, 2, 0, 0, 0], [0, 0, 0, 2, 0, 0, 0], [0, 0, 0, 2, 0, 0, 0], [0, 0, 0, 2, 0, 0, 0], [0, 0, 0, 2, 0, 0, 0], [0, 0, 0, 2, 0, 0, 0], [0, 0, 0, 2, 0, 0, 0]]}, {"input": [[0, 2, 0, 0, 1]], "output": [[0, 2, 0, 0, 1, 0, 0, 0, 0], [0, 2, 0, 0, 1, 0, 0, 0, 0], [0, 2, 0, 0, 1, 0, 0, 0, 0], [0, 2, 0, 0, 1, 0, 0, 0, 0], [0, 2, 0, 0, 1, 0, 0, 0, 0], [0, 2, 0, 0, 1, 0, 0, 0, 0], [0, 2, 0, 0, 1, 0, 0, 0, 0], [0, 2, 0, 0, 1, 0, 0, 0, 0], [0, 2, 0, 0, 1, 0, 0, 0, 0]]}, {"input": [[0, 0, 0, 8, 0]], "output": [[0, 0, 0, 8, 0, 0, 0, 0, 0], [0, 0, 0, 8, 0, 0, 0, 0, 0], [0, 0, 0, 8, 0, 0, 0, 0, 0], [0, 0, 0, 8, 0, 0, 0, 0, 0], [0, 0, 0, 8, 0, 0, 0, 0, 0], [0, 0, 0, 8, 0, 0, 0, 0, 0], [0, 0, 0, 8, 0, 0, 0, 0, 0], [0, 0, 0, 8, 0, 0, 0, 0, 0], [0, 0, 0, 8, 0, 0, 0, 0, 0]]}, {"input": [[0, 0, 3]], "output": [[0, 0, 3, 0, 0], [0, 0, 3, 0, 0], [0, 0, 3, 0, 0], [0, 0, 3, 0, 0], [0, 0, 3, 0, 0]]}, {"input": [[6, 2, 3, 7, 0, 0]], "output": [[6, 2, 3, 7, 0, 0, 0, 0, 0, 0, 0], [6, 2, 3, 7, 0, 0, 0, 0, 0, 0, 0], [6, 2, 3, 7, 0, 0, 0, 0, 0, 0, 0], [6, 2, 3, 7, 0, 0, 0, 0, 0, 0, 0], [6, 2, 3, 7, 0, 0, 0, 0, 0, 0, 0], [6, 2, 3, 7, 0, 0, 0, 0, 0, 0, 0], [6, 2, 3, 7, 0, 0, 0, 0, 0, 0, 0], [6, 2, 3, 7, 0, 0, 0, 0, 0, 0, 0], [6, 2, 3, 7, 0, 0, 0, 0, 0, 0, 0], [6, 2, 3, 7, 0, 0, 0, 0, 0, 0, 0], [6, 2, 3, 7, 0, 0, 0, 0, 0, 0, 0]]}, {"input": [[9, 7, 8, 5, 2, 4]], "output": [[9, 7, 8, 5, 2, 4, 0, 0, 0, 0, 0], [9, 7, 8, 5, 2, 4, 0, 0, 0, 0, 0], [9, 7, 8, 5, 2, 4, 0, 0, 0, 0, 0], [9, 7, 8, 5, 2, 4, 0, 0, 0, 0, 0], [9, 7, 8, 5, 2, 4, 0, 0, 0, 0, 0], [9, 7, 8, 5, 2, 4, 0, 0, 0, 0, 0], [9, 7, 8, 5, 2, 4, 0, 0, 0, 0, 0], [9, 7, 8, 5, 2, 4, 0, 0, 0, 0, 0], [9, 7, 8, 5, 2, 4, 0, 0, 0, 0, 0], [9, 7, 8, 5, 2, 4, 0, 0, 0, 0, 0], [9, 7, 8, 5, 2, 4, 0, 0, 0, 0, 0]]}, {"input": [[7, 0, 1]], "output": [[7, 0, 1, 0, 0], [7, 0, 1, 0, 0], [7, 0, 1, 0, 0], [7, 0, 1, 0, 0], [7, 0, 1, 0, 0]]}, {"input": [[4, 7, 0, 2]], "output": [[4, 7, 0, 2, 0, 0, 0], [4, 7, 0, 2, 0, 0, 0], [4, 7, 0, 2, 0, 0, 0], [4, 7, 0, 2, 0, 0, 0], [4, 7, 0, 2, 0, 0, 0], [4, 7, 0, 2, 0, 0, 0], [4, 7, 0, 2, 0, 0, 0]]}, {"input": [[1, 8, 0]], "output": [[1, 8, 0, 0, 0], [1, 8, 0, 0, 0], [1, 8, 0, 0, 0], [1, 8, 0, 0, 0], [1, 8, 0, 0, 0]]}, {"input": [[0, 4, 1, 6, 0, 7]], "output": [[0, 4, 1, 6, 0, 7, 0, 0, 0, 0, 0], [0, 4, 1, 6, 0, 7, 0, 0, 0, 0, 0], [0, 4, 1, 6, 0, 7, 0, 0, 0, 0, 0], [0, 4, 1, 6, 0, 7, 0, 0, 0, 0, 0], [0, 4, 1, 6, 0, 7, 0, 0, 0, 0, 0], [0, 4, 1, 6, 0, 7, 0, 0, 0, 0, 0], [0, 4, 1, 6, 0, 7, 0, 0, 0, 0, 0], [0, 4, 1, 6, 0, 7, 0, 0, 0, 0, 0], [0, 4, 1, 6, 0, 7, 0, 0, 0, 0, 0], [0, 4, 1, 6, 0, 7, 0, 0, 0, 0, 0], [0, 4, 1, 6, 0, 7, 0, 0, 0, 0, 0]]}, {"input": [[6, 7, 5, 9]], "output": [[6, 7, 5, 9, 0, 0, 0], [6, 7, 5, 9, 0, 0, 0], [6, 7, 5, 9, 0, 0, 0], [6, 7, 5, 9, 0, 0, 0], [6, 7, 5, 9, 0, 0, 0], [6, 7, 5, 9, 0, 0, 0], [6, 7, 5, 9, 0, 0, 0]]}, {"input": [[2, 0, 0]], "output": [[2, 0, 0, 0, 0], [2, 0, 0, 0, 0], [2, 0, 0, 0, 0], [2, 0, 0, 0, 0], [2, 0, 0, 0, 0]]}, {"input": [[0, 0, 3, 0]], "output": [[0, 0, 3, 0, 0, 0, 0], [0, 0, 3, 0, 0, 0, 0], [0, 0, 3, 0, 0, 0, 0], [0, 0, 3, 0, 0, 0, 0], [0, 0, 3, 0, 0, 0, 0], [0, 0, 3, 0, 0, 0, 0], [0, 0, 3, 0, 0, 0, 0]]}, {"input": [[3, 6, 7]], "output": [[3, 6, 7, 0, 0], [3, 6, 7, 0, 0], [3, 6, 7, 0, 0], [3, 6, 7, 0, 0], [3, 6, 7, 0, 0]]}, {"input": [[7, 3, 5, 0, 6, 9]], "output": [[7, 3, 5, 0, 6, 9, 0, 0, 0, 0, 0], [7, 3, 5, 0, 6, 9, 0, 0, 0, 0, 0], [7, 3, 5, 0, 6, 9, 0, 0, 0, 0, 0], [7, 3, 5, 0, 6, 9, 0, 0, 0, 0, 0], [7, 3, 5, 0, 6, 9, 0, 0, 0, 0, 0], [7, 3, 5, 0, 6, 9, 0, 0, 0, 0, 0], [7, 3, 5, 0, 6, 9, 0, 0, 0, 0, 0], [7, 3, 5, 0, 6, 9, 0, 0, 0, 0, 0], [7, 3, 5, 0, 6, 9, 0, 0, 0, 0, 0], [7, 3, 5, 0, 6, 9, 0, 0, 0, 0, 0], [7, 3, 5, 0, 6, 9, 0, 0, 0, 0, 0]]}, {"input": [[4, 5, 8, 0]], "output": [[4, 5, 8, 0, 0, 0, 0], [4, 5, 8, 0, 0, 0, 0], [4, 5, 8, 0, 0, 0, 0], [4, 5, 8, 0, 0, 0, 0], [4, 5, 8, 0, 0, 0, 0], [4, 5, 8, 0, 0, 0, 0], [4, 5, 8, 0, 0, 0, 0]]}, {"input": [[0, 5, 0, 3]], "output": [[0, 5, 0, 3, 0, 0, 0], [0, 5, 0, 3, 0, 0, 0], [0, 5, 0, 3, 0, 0, 0], [0, 5, 0, 3, 0, 0, 0], [0, 5, 0, 3, 0, 0, 0], [0, 5, 0, 3, 0, 0, 0], [0, 5, 0, 3, 0, 0, 0]]}, {"input": [[0, 0, 0, 0, 6]], "output": [[0, 0, 0, 0, 6, 0, 0, 0, 0], [0, 0, 0, 0, 6, 0, 0, 0, 0], [0, 0, 0, 0, 6, 0, 0, 0, 0], [0, 0, 0, 0, 6, 0, 0, 0, 0], [0, 0, 0, 0, 6, 0, 0, 0, 0], [0, 0, 0, 0, 6, 0, 0, 0, 0], [0, 0, 0, 0, 6, 0, 0, 0, 0], [0, 0, 0, 0, 6, 0, 0, 0, 0], [0, 0, 0, 0, 6, 0, 0, 0, 0]]}, {"input": [[0, 0, 8, 5, 0]], "output": [[0, 0, 8, 5, 0, 0, 0, 0, 0], [0, 0, 8, 5, 0, 0, 0, 0, 0], [0, 0, 8, 5, 0, 0, 0, 0, 0], [0, 0, 8, 5, 0, 0, 0, 0, 0], [0, 0, 8, 5, 0, 0, 0, 0, 0], [0, 0, 8, 5, 0, 0, 0, 0, 0], [0, 0, 8, 5, 0, 0, 0, 0, 0], [0, 0, 8, 5, 0, 0, 0, 0, 0], [0, 0, 8, 5, 0, 0, 0, 0, 0]]}, {"input": [[3, 8, 0, 1, 4]], "output": [[3, 8, 0, 1, 4, 0, 0, 0, 0], [3, 8, 0, 1, 4, 0, 0, 0, 0], [3, 8, 0, 1, 4, 0, 0, 0, 0], [3, 8, 0, 1, 4, 0, 0, 0, 0], [3, 8, 0, 1, 4, 0, 0, 0, 0], [3, 8, 0, 1, 4, 0, 0, 0, 0], [3, 8, 0, 1, 4, 0, 0, 0, 0], [3, 8, 0, 1, 4, 0, 0, 0, 0], [3, 8, 0, 1, 4, 0, 0, 0, 0]]}, {"input": [[8, 0, 9, 1, 2]], "output": [[8, 0, 9, 1, 2, 0, 0, 0, 0], [8, 0, 9, 1, 2, 0, 0, 0, 0], [8, 0, 9, 1, 2, 0, 0, 0, 0], [8, 0, 9, 1, 2, 0, 0, 0, 0], [8, 0, 9, 1, 2, 0, 0, 0, 0], [8, 0, 9, 1, 2, 0, 0, 0, 0], [8, 0, 9, 1, 2, 0, 0, 0, 0], [8, 0, 9, 1, 2, 0, 0, 0, 0], [8, 0, 9, 1, 2, 0, 0, 0, 0]]}, {"input": [[6, 2, 3, 8]], "output": [[6, 2, 3, 8, 0, 0, 0], [6, 2, 3, 8, 0, 0, 0], [6, 2, 3, 8, 0, 0, 0], [6, 2, 3, 8, 0, 0, 0], [6, 2, 3, 8, 0, 0, 0], [6, 2, 3, 8, 0, 0, 0], [6, 2, 3, 8, 0, 0, 0]]}, {"input": [[1, 7, 2]], "output": [[1, 7, 2, 0, 0], [1, 7, 2, 0, 0], [1, 7, 2, 0, 0], [1, 7, 2, 0, 0], [1, 7, 2, 0, 0]]}, {"input": [[7, 0, 0, 0]], "output": [[7, 0, 0, 0, 0, 0, 0], [7, 0, 0, 0, 0, 0, 0], [7, 0, 0, 0, 0, 0, 0], [7, 0, 0, 0, 0, 0, 0], [7, 0, 0, 0, 0, 0, 0], [7, 0, 0, 0, 0, 0, 0], [7, 0, 0, 0, 0, 0, 0]]}, {"input": [[8, 4, 5, 0, 1]], "output": [[8, 4, 5, 0, 1, 0, 0, 0, 0], [8, 4, 5, 0, 1, 0, 0, 0, 0], [8, 4, 5, 0, 1, 0, 0, 0, 0], [8, 4, 5, 0, 1, 0, 0, 0, 0], [8, 4, 5, 0, 1, 0, 0, 0, 0], [8, 4, 5, 0, 1, 0, 0, 0, 0], [8, 4, 5, 0, 1, 0, 0, 0, 0], [8, 4, 5, 0, 1, 0, 0, 0, 0], [8, 4, 5, 0, 1, 0, 0, 0, 0]]}, {"input": [[6, 3, 1, 8]], "output": [[6, 3, 1, 8, 0, 0, 0], [6, 3, 1, 8, 0, 0, 0], [6, 3, 1, 8, 0, 0, 0], [6, 3, 1, 8, 0, 0, 0], [6, 3, 1, 8, 0, 0, 0], [6, 3, 1, 8, 0, 0, 0], [6, 3, 1, 8, 0, 0, 0]]}, {"input": [[0, 5, 7, 0, 3]], "output": [[0, 5, 7, 0, 3, 0, 0, 0, 0], [0, 5, 7, 0, 3, 0, 0, 0, 0], [0, 5, 7, 0, 3, 0, 0, 0, 0], [0, 5, 7, 0, 3, 0, 0, 0, 0], [0, 5, 7, 0, 3, 0, 0, 0, 0], [0, 5, 7, 0, 3, 0, 0, 0, 0], [0, 5, 7, 0, 3, 0, 0, 0, 0], [0, 5, 7, 0, 3, 0, 0, 0, 0], [0, 5, 7, 0, 3, 0, 0, 0, 0]]}, {"input": [[3, 9, 0, 1, 5, 4]], "output": [[3, 9, 0, 1, 5, 4, 0, 0, 0, 0, 0], [3, 9, 0, 1, 5, 4, 0, 0, 0, 0, 0], [3, 9, 0, 1, 5, 4, 0, 0, 0, 0, 0], [3, 9, 0, 1, 5, 4, 0, 0, 0, 0, 0], [3, 9, 0, 1, 5, 4, 0, 0, 0, 0, 0], [3, 9, 0, 1, 5, 4, 0, 0, 0, 0, 0], [3, 9, 0, 1, 5, 4, 0, 0, 0, 0, 0], [3, 9, 0, 1, 5, 4, 0, 0, 0, 0, 0], [3, 9, 0, 1, 5, 4, 0, 0, 0, 0, 0], [3, 9, 0, 1, 5, 4, 0, 0, 0, 0, 0], [3, 9, 0, 1, 5, 4, 0, 0, 0, 0, 0]]}, {"input": [[9, 4, 6, 5]], "output": [[9, 4, 6, 5, 0, 0, 0], [9, 4, 6, 5, 0, 0, 0], [9, 4, 6, 5, 0, 0, 0], [9, 4, 6, 5, 0, 0, 0], [9, 4, 6, 5, 0, 0, 0], [9, 4, 6, 5, 0, 0, 0], [9, 4, 6, 5, 0, 0, 0]]}, {"input": [[3, 1, 4]], "output": [[3, 1, 4, 0, 0], [3, 1, 4, 0, 0], [3, 1, 4, 0, 0], [3, 1, 4, 0, 0], [3, 1, 4, 0, 0]]}, {"input": [[0, 0, 8, 2]], "output": [[0, 0, 8, 2, 0, 0, 0], [0, 0, 8, 2, 0, 0, 0], [0, 0, 8, 2, 0, 0, 0], [0, 0, 8, 2, 0, 0, 0], [0, 0, 8, 2, 0, 0, 0], [0, 0, 8, 2, 0, 0, 0], [0, 0, 8, 2, 0, 0, 0]]}, {"input": [[8, 6, 2, 9, 7, 0]], "output": [[8, 6, 2, 9, 7, 0, 0, 0, 0, 0, 0], [8, 6, 2, 9, 7, 0, 0, 0, 0, 0, 0], [8, 6, 2, 9, 7, 0, 0, 0, 0, 0, 0], [8, 6, 2, 9, 7, 0, 0, 0, 0, 0, 0], [8, 6, 2, 9, 7, 0, 0, 0, 0, 0, 0], [8, 6, 2, 9, 7, 0, 0, 0, 0, 0, 0], [8, 6, 2, 9, 7, 0, 0, 0, 0, 0, 0], [8, 6, 2, 9, 7, 0, 0, 0, 0, 0, 0], [8, 6, 2, 9, 7, 0, 0, 0, 0, 0, 0], [8, 6, 2, 9, 7, 0, 0, 0, 0, 0, 0], [8, 6, 2, 9, 7, 0, 0, 0, 0, 0, 0]]}, {"input": [[2, 0, 5]], "output": [[2, 0, 5, 0, 0], [2, 0, 5, 0, 0], [2, 0, 5, 0, 0], [2, 0, 5, 0, 0], [2, 0, 5, 0, 0]]}, {"input": [[7, 0, 0]], "output": [[7, 0, 0, 0, 0], [7, 0, 0, 0, 0], [7, 0, 0, 0, 0], [7, 0, 0, 0, 0], [7, 0, 0, 0, 0]]}, {"input": [[1, 0, 0, 4, 7]], "output": [[1, 0, 0, 4, 7, 0, 0, 0, 0], [1, 0, 0, 4, 7, 0, 0, 0, 0], [1, 0, 0, 4, 7, 0, 0, 0, 0], [1, 0, 0, 4, 7, 0, 0, 0, 0], [1, 0, 0, 4, 7, 0, 0, 0, 0], [1, 0, 0, 4, 7, 0, 0, 0, 0], [1, 0, 0, 4, 7, 0, 0, 0, 0], [1, 0, 0, 4, 7, 0, 0, 0, 0], [1, 0, 0, 4, 7, 0, 0, 0, 0]]}, {"input": [[0, 1, 0]], "output": [[0, 1, 0, 0, 0], [0, 1, 0, 0, 0], [0, 1, 0, 0, 0], [0, 1, 0, 0, 0], [0, 1, 0, 0, 0]]}, {"input": [[4, 3, 1, 0, 6, 0]], "output": [[4, 3, 1, 0, 6, 0, 0, 0, 0, 0, 0], [4, 3, 1, 0, 6, 0, 0, 0, 0, 0, 0], [4, 3, 1, 0, 6, 0, 0, 0, 0, 0, 0], [4, 3, 1, 0, 6, 0, 0, 0, 0, 0, 0], [4, 3, 1, 0, 6, 0, 0, 0, 0, 0, 0], [4, 3, 1, 0, 6, 0, 0, 0, 0, 0, 0], [4, 3, 1, 0, 6, 0, 0, 0, 0, 0, 0], [4, 3, 1, 0, 6, 0, 0, 0, 0, 0, 0], [4, 3, 1, 0, 6, 0, 0, 0, 0, 0, 0], [4, 3, 1, 0, 6, 0, 0, 0, 0, 0, 0], [4, 3, 1, 0, 6, 0, 0, 0, 0, 0, 0]]}, {"input": [[0, 3, 2, 4, 7, 0]], "output": [[0, 3, 2, 4, 7, 0, 0, 0, 0, 0, 0], [0, 3, 2, 4, 7, 0, 0, 0, 0, 0, 0], [0, 3, 2, 4, 7, 0, 0, 0, 0, 0, 0], [0, 3, 2, 4, 7, 0, 0, 0, 0, 0, 0], [0, 3, 2, 4, 7, 0, 0, 0, 0, 0, 0], [0, 3, 2, 4, 7, 0, 0, 0, 0, 0, 0], [0, 3, 2, 4, 7, 0, 0, 0, 0, 0, 0], [0, 3, 2, 4, 7, 0, 0, 0, 0, 0, 0], [0, 3, 2, 4, 7, 0, 0, 0, 0, 0, 0], [0, 3, 2, 4, 7, 0, 0, 0, 0, 0, 0], [0, 3, 2, 4, 7, 0, 0, 0, 0, 0, 0]]}, {"input": [[7, 2, 5]], "output": [[7, 2, 5, 0, 0], [7, 2, 5, 0, 0], [7, 2, 5, 0, 0], [7, 2, 5, 0, 0], [7, 2, 5, 0, 0]]}, {"input": [[7, 8, 0, 3, 0]], "output": [[7, 8, 0, 3, 0, 0, 0, 0, 0], [7, 8, 0, 3, 0, 0, 0, 0, 0], [7, 8, 0, 3, 0, 0, 0, 0, 0], [7, 8, 0, 3, 0, 0, 0, 0, 0], [7, 8, 0, 3, 0, 0, 0, 0, 0], [7, 8, 0, 3, 0, 0, 0, 0, 0], [7, 8, 0, 3, 0, 0, 0, 0, 0], [7, 8, 0, 3, 0, 0, 0, 0, 0], [7, 8, 0, 3, 0, 0, 0, 0, 0]]}, {"input": [[0, 0, 1, 0, 0, 9]], "output": [[0, 0, 1, 0, 0, 9, 0, 0, 0, 0, 0], [0, 0, 1, 0, 0, 9, 0, 0, 0, 0, 0], [0, 0, 1, 0, 0, 9, 0, 0, 0, 0, 0], [0, 0, 1, 0, 0, 9, 0, 0, 0, 0, 0], [0, 0, 1, 0, 0, 9, 0, 0, 0, 0, 0], [0, 0, 1, 0, 0, 9, 0, 0, 0, 0, 0], [0, 0, 1, 0, 0, 9, 0, 0, 0, 0, 0], [0, 0, 1, 0, 0, 9, 0, 0, 0, 0, 0], [0, 0, 1, 0, 0, 9, 0, 0, 0, 0, 0], [0, 0, 1, 0, 0, 9, 0, 0, 0, 0, 0], [0, 0, 1, 0, 0, 9, 0, 0, 0, 0, 0]]}, {"input": [[0, 1, 0, 0, 3]], "output": [[0, 1, 0, 0, 3, 0, 0, 0, 0], [0, 1, 0, 0, 3, 0, 0, 0, 0], [0, 1, 0, 0, 3, 0, 0, 0, 0], [0, 1, 0, 0, 3, 0, 0, 0, 0], [0, 1, 0, 0, 3, 0, 0, 0, 0], [0, 1, 0, 0, 3, 0, 0, 0, 0], [0, 1, 0, 0, 3, 0, 0, 0, 0], [0, 1, 0, 0, 3, 0, 0, 0, 0], [0, 1, 0, 0, 3, 0, 0, 0, 0]]}, {"input": [[0, 0, 0, 8, 2, 1]], "output": [[0, 0, 0, 8, 2, 1, 0, 0, 0, 0, 0], [0, 0, 0, 8, 2, 1, 0, 0, 0, 0, 0], [0, 0, 0, 8, 2, 1, 0, 0, 0, 0, 0], [0, 0, 0, 8, 2, 1, 0, 0, 0, 0, 0], [0, 0, 0, 8, 2, 1, 0, 0, 0, 0, 0], [0, 0, 0, 8, 2, 1, 0, 0, 0, 0, 0], [0, 0, 0, 8, 2, 1, 0, 0, 0, 0, 0], [0, 0, 0, 8, 2, 1, 0, 0, 0, 0, 0], [0, 0, 0, 8, 2, 1, 0, 0, 0, 0, 0], [0, 0, 0, 8, 2, 1, 0, 0, 0, 0, 0], [0, 0, 0, 8, 2, 1, 0, 0, 0, 0, 0]]}, {"input": [[3, 5, 0, 8]], "output": [[3, 5, 0, 8, 0, 0, 0], [3, 5, 0, 8, 0, 0, 0], [3, 5, 0, 8, 0, 0, 0], [3, 5, 0, 8, 0, 0, 0], [3, 5, 0, 8, 0, 0, 0], [3, 5, 0, 8, 0, 0, 0], [3, 5, 0, 8, 0, 0, 0]]}, {"input": [[1, 9, 5]], "output": [[1, 9, 5, 0, 0], [1, 9, 5, 0, 0], [1, 9, 5, 0, 0], [1, 9, 5, 0, 0], [1, 9, 5, 0, 0]]}, {"input": [[7, 8, 1, 5, 3, 2]], "output": [[7, 8, 1, 5, 3, 2, 0, 0, 0, 0, 0], [7, 8, 1, 5, 3, 2, 0, 0, 0, 0, 0], [7, 8, 1, 5, 3, 2, 0, 0, 0, 0, 0], [7, 8, 1, 5, 3, 2, 0, 0, 0, 0, 0], [7, 8, 1, 5, 3, 2, 0, 0, 0, 0, 0], [7, 8, 1, 5, 3, 2, 0, 0, 0, 0, 0], [7, 8, 1, 5, 3, 2, 0, 0, 0, 0, 0], [7, 8, 1, 5, 3, 2, 0, 0, 0, 0, 0], [7, 8, 1, 5, 3, 2, 0, 0, 0, 0, 0], [7, 8, 1, 5, 3, 2, 0, 0, 0, 0, 0], [7, 8, 1, 5, 3, 2, 0, 0, 0, 0, 0]]}, {"input": [[2, 0, 1, 6, 7, 0]], "output": [[2, 0, 1, 6, 7, 0, 0, 0, 0, 0, 0], [2, 0, 1, 6, 7, 0, 0, 0, 0, 0, 0], [2, 0, 1, 6, 7, 0, 0, 0, 0, 0, 0], [2, 0, 1, 6, 7, 0, 0, 0, 0, 0, 0], [2, 0, 1, 6, 7, 0, 0, 0, 0, 0, 0], [2, 0, 1, 6, 7, 0, 0, 0, 0, 0, 0], [2, 0, 1, 6, 7, 0, 0, 0, 0, 0, 0], [2, 0, 1, 6, 7, 0, 0, 0, 0, 0, 0], [2, 0, 1, 6, 7, 0, 0, 0, 0, 0, 0], [2, 0, 1, 6, 7, 0, 0, 0, 0, 0, 0], [2, 0, 1, 6, 7, 0, 0, 0, 0, 0, 0]]}, {"input": [[5, 8, 9, 6]], "output": [[5, 8, 9, 6, 0, 0, 0], [5, 8, 9, 6, 0, 0, 0], [5, 8, 9, 6, 0, 0, 0], [5, 8, 9, 6, 0, 0, 0], [5, 8, 9, 6, 0, 0, 0], [5, 8, 9, 6, 0, 0, 0], [5, 8, 9, 6, 0, 0, 0]]}, {"input": [[2, 8, 0, 1]], "output": [[2, 8, 0, 1, 0, 0, 0], [2, 8, 0, 1, 0, 0, 0], [2, 8, 0, 1, 0, 0, 0], [2, 8, 0, 1, 0, 0, 0], [2, 8, 0, 1, 0, 0, 0], [2, 8, 0, 1, 0, 0, 0], [2, 8, 0, 1, 0, 0, 0]]}, {"input": [[6, 9, 0, 4]], "output": [[6, 9, 0, 4, 0, 0, 0], [6, 9, 0, 4, 0, 0, 0], [6, 9, 0, 4, 0, 0, 0], [6, 9, 0, 4, 0, 0, 0], [6, 9, 0, 4, 0, 0, 0], [6, 9, 0, 4, 0, 0, 0], [6, 9, 0, 4, 0, 0, 0]]}, {"input": [[0, 0, 0, 0, 4, 0]], "output": [[0, 0, 0, 0, 4, 0, 0, 0, 0, 0, 0], [0, 0, 0, 0, 4, 0, 0, 0, 0, 0, 0], [0, 0, 0, 0, 4, 0, 0, 0, 0, 0, 0], [0, 0, 0, 0, 4, 0, 0, 0, 0, 0, 0], [0, 0, 0, 0, 4, 0, 0, 0, 0, 0, 0], [0, 0, 0, 0, 4, 0, 0, 0, 0, 0, 0], [0, 0, 0, 0, 4, 0, 0, 0, 0, 0, 0], [0, 0, 0, 0, 4, 0, 0, 0, 0, 0, 0], [0, 0, 0, 0, 4, 0, 0, 0, 0, 0, 0], [0, 0, 0, 0, 4, 0, 0, 0, 0, 0, 0], [0, 0, 0, 0, 4, 0, 0, 0, 0, 0, 0]]}, {"input": [[9, 0, 4]], "output": [[9, 0, 4, 0, 0], [9, 0, 4, 0, 0], [9, 0, 4, 0, 0], [9, 0, 4, 0, 0], [9, 0, 4, 0, 0]]}, {"input": [[7, 8, 0, 6, 2, 0]], "output": [[7, 8, 0, 6, 2, 0, 0, 0, 0, 0, 0], [7, 8, 0, 6, 2, 0, 0, 0, 0, 0, 0], [7, 8, 0, 6, 2, 0, 0, 0, 0, 0, 0], [7, 8, 0, 6, 2, 0, 0, 0, 0, 0, 0], [7, 8, 0, 6, 2, 0, 0, 0, 0, 0, 0], [7, 8, 0, 6, 2, 0, 0, 0, 0, 0, 0], [7, 8, 0, 6, 2, 0, 0, 0, 0, 0, 0], [7, 8, 0, 6, 2, 0, 0, 0, 0, 0, 0], [7, 8, 0, 6, 2, 0, 0, 0, 0, 0, 0], [7, 8, 0, 6, 2, 0, 0, 0, 0, 0, 0], [7, 8, 0, 6, 2, 0, 0, 0, 0, 0, 0]]}, {"input": [[3, 0, 0, 4, 8]], "output": [[3, 0, 0, 4, 8, 0, 0, 0, 0], [3, 0, 0, 4, 8, 0, 0, 0, 0], [3, 0, 0, 4, 8, 0, 0, 0, 0], [3, 0, 0, 4, 8, 0, 0, 0, 0], [3, 0, 0, 4, 8, 0, 0, 0, 0], [3, 0, 0, 4, 8, 0, 0, 0, 0], [3, 0, 0, 4, 8, 0, 0, 0, 0], [3, 0, 0, 4, 8, 0, 0, 0, 0], [3, 0, 0, 4, 8, 0, 0, 0, 0]]}, {"input": [[7, 1, 5]], "output": [[7, 1, 5, 0, 0], [7, 1, 5, 0, 0], [7, 1, 5, 0, 0], [7, 1, 5, 0, 0], [7, 1, 5, 0, 0]]}], "test": [{"input": [[3, 8, 0, 0]], "output": [[3, 8, 0, 0, 0, 0, 0], [3, 8, 0, 0, 0, 0, 0], [3, 8, 0, 0, 0, 0, 0], [3, 8, 0, 0, 0, 0, 0], [3, 8, 0, 0, 0, 0, 0], [3, 8, 0, 0, 0, 0, 0], [3, 8, 0, 0, 0, 0, 0]]}, {"input": [[4, 0, 0, 7, 2, 3]], "output": [[4, 0, 0, 7, 2, 3, 0, 0, 0, 0, 0], [4, 0, 0, 7, 2, 3, 0, 0, 0, 0, 0], [4, 0, 0, 7, 2, 3, 0, 0, 0, 0, 0], [4, 0, 0, 7, 2, 3, 0, 0, 0, 0, 0], [4, 0, 0, 7, 2, 3, 0, 0, 0, 0, 0], [4, 0, 0, 7, 2, 3, 0, 0, 0, 0, 0], [4, 0, 0, 7, 2, 3, 0, 0, 0, 0, 0], [4, 0, 0, 7, 2, 3, 0, 0, 0, 0, 0], [4, 0, 0, 7, 2, 3, 0, 0, 0, 0, 0], [4, 0, 0, 7, 2, 3, 0, 0, 0, 0, 0], [4, 0, 0, 7, 2, 3, 0, 0, 0, 0, 0]]}, {"input": [[8, 5, 2, 3, 7, 0]], "output": [[8, 5, 2, 3, 7, 0, 0, 0, 0, 0, 0], [8, 5, 2, 3, 7, 0, 0, 0, 0, 0, 0], [8, 5, 2, 3, 7, 0, 0, 0, 0, 0, 0], [8, 5, 2, 3, 7, 0, 0, 0, 0, 0, 0], [8, 5, 2, 3, 7, 0, 0, 0, 0, 0, 0], [8, 5, 2, 3, 7, 0, 0, 0, 0, 0, 0], [8, 5, 2, 3, 7, 0, 0, 0, 0, 0, 0], [8, 5, 2, 3, 7, 0, 0, 0, 0, 0, 0], [8, 5, 2, 3, 7, 0, 0, 0, 0, 0, 0], [8, 5, 2, 3, 7, 0, 0, 0, 0, 0, 0], [8, 5, 2, 3, 7, 0, 0, 0, 0, 0, 0]]}]}