{"train": [{"input": [[0, 3, 3, 3, 3, 3, 0, 0, 3, 3, 3, 3, 0, 0], [3, 3, 3, 3, 3, 3, 3, 3, 3, 3, 3, 3, 0, 0], [3, 3, 3, 3, 3, 3, 3, 3, 3, 3, 3, 3, 0, 0], [3, 3, 3, 3, 3, 3, 3, 3, 3, 3, 3, 3, 0, 0], [3, 3, 3, 3, 3, 3, 3, 3, 3, 3, 3, 3, 0, 0], [3, 3, 3, 3, 3, 3, 3, 3, 3, 3, 3, 3, 0, 0], [3, 3, 3, 3, 3, 3, 3, 3, 3, 3, 3, 3, 0, 0], [3, 3, 3, 3, 3, 3, 3, 3, 3, 3, 3, 3, 0, 0], [3, 0, 0, 0, 3, 3, 3, 3, 3, 3, 0, 0, 0, 0], [3, 3, 3, 3, 3, 3, 3, 3, 3, 3, 3, 3, 0, 0], [3, 3, 3, 3, 3, 3, 3, 3, 3, 3, 3, 3, 0, 0], [3, 3, 3, 3, 3, 3, 3, 3, 3, 3, 3, 3, 0, 0], [3, 3, 3, 3, 3, 3, 3, 3, 3, 3, 3, 3, 0, 0], [3, 3, 3, 3, 3, 3, 3, 3, 3, 3, 3, 3, 0, 0]], "output": [[0, 3, 3, 3, 3, 3, 0, 0, 3, 3, 3, 3, 7, 0], [3, 3, 3, 3, 3, 3, 3, 3, 3, 3, 3, 3, 7, 7], [3, 3, 3, 3, 3, 3, 3, 3, 3, 3, 3, 3, 7, 7], [3, 3, 3, 3, 3, 3, 3, 3, 3, 3, 3, 3, 7, 7], [3, 3, 3, 3, 3, 3, 3, 3, 3, 3, 3, 3, 7, 7], [3, 3, 3, 3, 3, 3, 3, 3, 3, 3, 3, 3, 7, 7], [3, 3, 3, 3, 3, 3, 3, 3, 3, 3, 3, 3, 7, 7], [3, 3, 3, 3, 3, 3, 3, 3, 3, 3, 3, 3, 7, 7], [3, 0, 0, 0, 3, 3, 3, 3, 3, 3, 0, 0, 0, 7], [3, 3, 3, 3, 3, 3, 3, 3, 3, 3, 3, 3, 7, 7], [3, 3, 3, 3, 3, 3, 3, 3, 3, 3, 3, 3, 7, 7], [3, 3, 3, 3, 3, 3, 3, 3, 3, 3, 3, 3, 7, 7], [3, 3, 3, 3, 3, 3, 3, 3, 3, 3, 3, 3, 7, 7], [3, 3, 3, 3, 3, 3, 3, 3, 3, 3, 3, 3, 7, 7]]}, {"input": [[3, 0, 0, 0, 0, 0, 0, 0, 0, 0, 0, 0, 0, 0], [3, 3, 3, 0, 0, 0, 0, 0, 0, 0, 0, 3, 0, 0], [3, 0, 0, 0, 0, 0, 0, 0, 0, 0, 0, 0, 0, 0], [3, 0, 0, 0, 0, 0, 0, 0, 0, 0, 0, 0, 0, 0], [3, 3, 3, 3, 0, 0, 0, 0, 0, 0, 3, 3, 0, 0], [3, 3, 3, 3, 3, 3, 0, 0, 3, 3, 3, 3, 0, 0], [3, 3, 3, 3, 3, 3, 0, 0, 3, 3, 3, 3, 0, 0], [3, 3, 0, 3, 3, 3, 0, 0, 3, 3, 3, 0, 0, 0], [3, 3, 3, 3, 3, 3, 3, 3, 3, 3, 3, 3, 0, 0], [3, 3, 3, 3, 3, 3, 3, 3, 3, 3, 3, 3, 0, 0], [3, 3, 3, 3, 3, 3, 3, 3, 3, 3, 3, 3, 0, 0], [3, 3, 3, 3, 3, 3, 3, 3, 3, 3, 3, 3, 0, 0], [3, 3, 3, 3, 3, 3, 3, 3, 3, 3, 3, 3, 0, 0], [3, 3, 3, 3, 3, 0, 0, 0, 0, 3, 3, 3, 0, 0], [3, 3, 3, 3, 0, 0, 0, 0, 0, 0, 3, 3, 0, 0], [3, 3, 3, 3, 0, 0, 0, 0, 0, 0, 3, 3, 0, 0], [3, 3, 3, 3, 0, 0, 0, 0, 0, 0, 3, 3, 0, 0]], "output": [[3, 0, 0, 0, 0, 0, 0, 0, 0, 0, 0, 0, 0, 7], [3, 3, 3, 0, 0, 0, 0, 0, 0, 0, 0, 3, 7, 7], [3, 0, 0, 0, 0, 0, 0, 0, 0, 0, 0, 0, 0, 7], [3, 0, 0, 0, 0, 0, 0, 0, 0, 0, 0, 0, 0, 7], [3, 3, 3, 3, 0, 0, 0, 0, 0, 0, 3, 3, 7, 7], [3, 3, 3, 3, 3, 3, 0, 0, 3, 3, 3, 3, 7, 7], [3, 3, 3, 3, 3, 3, 0, 0, 3, 3, 3, 3, 7, 7], [3, 3, 0, 3, 3, 3, 0, 0, 3, 3, 3, 0, 7, 7], [3, 3, 3, 3, 3, 3, 3, 3, 3, 3, 3, 3, 7, 7], [3, 3, 3, 3, 3, 3, 3, 3, 3, 3, 3, 3, 7, 7], [3, 3, 3, 3, 3, 3, 3, 3, 3, 3, 3, 3, 7, 7], [3, 3, 3, 3, 3, 3, 3, 3, 3, 3, 3, 3, 7, 7], [3, 3, 3, 3, 3, 3, 3, 3, 3, 3, 3, 3, 7, 7], [3, 3, 3, 3, 3, 0, 0, 0, 0, 3, 3, 3, 7, 7], [3, 3, 3, 3, 0, 0, 0, 0, 0, 0, 3, 3, 7, 7], [3, 3, 3, 3, 0, 0, 0, 0, 0, 0, 3, 3, 7, 7], [3, 3, 3, 3, 0, 0, 0, 0, 0, 0, 3, 3, 7, 7]]}, {"input": [[0, 0, 0, 0, 3, 3, 3, 0, 0, 0, 0, 3, 3, 3, 0, 0, 0, 0], [3, 3, 3, 3, 3, 3, 0, 0, 0, 0, 0, 0, 3, 3, 3, 0, 0, 0], [3, 0, 3, 3, 3, 3, 3, 3, 3, 3, 3, 3, 3, 3, 3, 0, 0, 0], [3, 3, 3, 3, 3, 3, 0, 3, 3, 3, 3, 0, 3, 3, 3, 0, 0, 0], [3, 3, 3, 3, 3, 3, 3, 3, 3, 3, 3, 3, 3, 3, 3, 0, 0, 0], [3, 3, 3, 3, 3, 3, 3, 3, 3, 3, 3, 3, 3, 3, 3, 0, 0, 0], [3, 3, 3, 3, 3, 3, 3, 3, 0, 0, 3, 3, 3, 3, 3, 0, 0, 0], [3, 3, 3, 3, 3, 3, 3, 3, 3, 3, 3, 3, 3, 3, 3, 0, 0, 0], [3, 3, 3, 3, 3, 3, 3, 3, 3, 3, 3, 3, 3, 3, 3, 0, 0, 0], [3, 3, 3, 3, 3, 3, 3, 3, 3, 3, 3, 3, 3, 3, 3, 0, 0, 0], [3, 3, 3, 3, 3, 3, 3, 3, 3, 3, 3, 3, 3, 3, 3, 0, 0, 0], [3, 3, 3, 3, 3, 3, 3, 3, 3, 3, 3, 3, 3, 3, 3, 0, 0, 0], [3, 3, 3, 3, 3, 3, 3, 3, 3, 3, 3, 3, 3, 3, 3, 0, 0, 0], [3, 3, 3, 3, 3, 3, 3, 3, 3, 3, 3, 3, 3, 3, 3, 0, 0, 0], [3, 3, 3, 3, 3, 3, 3, 3, 3, 3, 3, 3, 3, 3, 3, 0, 0, 0], [3, 3, 3, 3, 3, 3, 3, 3, 3, 3, 3, 3, 3, 3, 3, 0, 0, 0], [3, 3, 3, 3, 3, 3, 3, 3, 3, 3, 3, 3, 3, 3, 3, 0, 0, 0], [0, 0, 3, 3, 3, 3, 3, 3, 3, 3, 3, 3, 3, 3, 3, 0, 0, 0]], "output": [[0, 0, 0, 0, 3, 3, 3, 0, 0, 0, 0, 3, 3, 3, 0, 0, 0, 0], [3, 3, 3, 3, 3, 3, 0, 0, 0, 0, 0, 0, 3, 3, 3, 7, 7, 7], [3, 0, 3, 3, 3, 3, 3, 3, 3, 3, 3, 3, 3, 3, 3, 7, 0, 7], [3, 3, 3, 3, 3, 3, 0, 3, 3, 3, 3, 0, 3, 3, 3, 7, 7, 7], [3, 3, 3, 3, 3, 3, 3, 3, 3, 3, 3, 3, 3, 3, 3, 7, 7, 7], [3, 3, 3, 3, 3, 3, 3, 3, 3, 3, 3, 3, 3, 3, 3, 7, 7, 7], [3, 3, 3, 3, 3, 3, 3, 3, 0, 0, 3, 3, 3, 3, 3, 7, 7, 7], [3, 3, 3, 3, 3, 3, 3, 3, 3, 3, 3, 3, 3, 3, 3, 7, 7, 7], [3, 3, 3, 3, 3, 3, 3, 3, 3, 3, 3, 3, 3, 3, 3, 7, 7, 7], [3, 3, 3, 3, 3, 3, 3, 3, 3, 3, 3, 3, 3, 3, 3, 7, 7, 7], [3, 3, 3, 3, 3, 3, 3, 3, 3, 3, 3, 3, 3, 3, 3, 7, 7, 7], [3, 3, 3, 3, 3, 3, 3, 3, 3, 3, 3, 3, 3, 3, 3, 7, 7, 7], [3, 3, 3, 3, 3, 3, 3, 3, 3, 3, 3, 3, 3, 3, 3, 7, 7, 7], [3, 3, 3, 3, 3, 3, 3, 3, 3, 3, 3, 3, 3, 3, 3, 7, 7, 7], [3, 3, 3, 3, 3, 3, 3, 3, 3, 3, 3, 3, 3, 3, 3, 7, 7, 7], [3, 3, 3, 3, 3, 3, 3, 3, 3, 3, 3, 3, 3, 3, 3, 7, 7, 7], [3, 3, 3, 3, 3, 3, 3, 3, 3, 3, 3, 3, 3, 3, 3, 7, 7, 7], [0, 0, 3, 3, 3, 3, 3, 3, 3, 3, 3, 3, 3, 3, 3, 7, 0, 0]]}, {"input": [[0, 3, 3, 3, 3, 3, 3, 3, 3, 3, 0, 0], [0, 0, 3, 3, 3, 3, 3, 3, 3, 3, 0, 0], [0, 3, 3, 3, 3, 3, 3, 3, 3, 3, 0, 0], [0, 3, 3, 3, 3, 3, 3, 3, 3, 3, 0, 0], [3, 3, 3, 3, 3, 3, 3, 3, 3, 3, 0, 0], [3, 3, 3, 3, 0, 3, 3, 0, 3, 3, 0, 0], [0, 3, 3, 3, 0, 3, 3, 0, 3, 3, 0, 0], [0, 3, 3, 3, 3, 3, 3, 3, 3, 3, 0, 0], [0, 3, 3, 3, 3, 3, 3, 3, 3, 3, 0, 0], [3, 3, 3, 3, 3, 3, 3, 3, 3, 3, 0, 0], [3, 3, 3, 0, 3, 3, 3, 3, 0, 3, 0, 0], [3, 3, 3, 3, 3, 3, 3, 3, 3, 3, 0, 0], [3, 3, 3, 3, 3, 0, 0, 3, 3, 3, 0, 0], [3, 3, 0, 0, 0, 0, 0, 0, 0, 0, 0, 0], [3, 3, 0, 0, 0, 0, 0, 0, 0, 0, 0, 0]], "output": [[0, 3, 3, 3, 3, 3, 3, 3, 3, 3, 7, 0], [0, 0, 3, 3, 3, 3, 3, 3, 3, 3, 0, 0], [0, 3, 3, 3, 3, 3, 3, 3, 3, 3, 7, 0], [0, 3, 3, 3, 3, 3, 3, 3, 3, 3, 7, 0], [3, 3, 3, 3, 3, 3, 3, 3, 3, 3, 7, 7], [3, 3, 3, 3, 0, 3, 3, 0, 3, 3, 7, 7], [0, 3, 3, 3, 0, 3, 3, 0, 3, 3, 7, 0], [0, 3, 3, 3, 3, 3, 3, 3, 3, 3, 7, 0], [0, 3, 3, 3, 3, 3, 3, 3, 3, 3, 7, 0], [3, 3, 3, 3, 3, 3, 3, 3, 3, 3, 7, 7], [3, 3, 3, 0, 3, 3, 3, 3, 0, 3, 7, 7], [3, 3, 3, 3, 3, 3, 3, 3, 3, 3, 7, 7], [3, 3, 3, 3, 3, 0, 0, 3, 3, 3, 7, 7], [3, 3, 0, 0, 0, 0, 0, 0, 0, 0, 7, 7], [3, 3, 0, 0, 0, 0, 0, 0, 0, 0, 7, 7]]}, {"input": [[0, 3, 3, 3, 3, 0, 3, 3, 3, 3, 0], [0, 3, 3, 3, 3, 0, 3, 3, 3, 3, 0], [3, 3, 3, 3, 3, 3, 3, 3, 3, 3, 0], [3, 3, 3, 3, 3, 3, 3, 3, 3, 3, 0], [3, 3, 3, 3, 3, 3, 3, 3, 3, 3, 0], [3, 3, 3, 3, 3, 3, 3, 3, 3, 3, 0], [3, 3, 3, 3, 3, 3, 3, 3, 3, 3, 0], [3, 3, 3, 3, 3, 3, 3, 3, 3, 3, 0], [3, 3, 3, 3, 3, 3, 3, 3, 3, 3, 0], [3, 3, 3, 3, 3, 3, 3, 3, 3, 3, 0], [3, 3, 3, 3, 3, 3, 3, 3, 3, 3, 0], [3, 3, 3, 3, 3, 3, 3, 3, 3, 3, 0], [3, 3, 3, 3, 3, 3, 3, 3, 3, 3, 0], [3, 3, 3, 3, 0, 0, 0, 3, 3, 3, 0]], "output": [[0, 3, 3, 3, 3, 0, 3, 3, 3, 3, 0], [0, 3, 3, 3, 3, 0, 3, 3, 3, 3, 0], [3, 3, 3, 3, 3, 3, 3, 3, 3, 3, 7], [3, 3, 3, 3, 3, 3, 3, 3, 3, 3, 7], [3, 3, 3, 3, 3, 3, 3, 3, 3, 3, 7], [3, 3, 3, 3, 3, 3, 3, 3, 3, 3, 7], [3, 3, 3, 3, 3, 3, 3, 3, 3, 3, 7], [3, 3, 3, 3, 3, 3, 3, 3, 3, 3, 7], [3, 3, 3, 3, 3, 3, 3, 3, 3, 3, 7], [3, 3, 3, 3, 3, 3, 3, 3, 3, 3, 7], [3, 3, 3, 3, 3, 3, 3, 3, 3, 3, 7], [3, 3, 3, 3, 3, 3, 3, 3, 3, 3, 7], [3, 3, 3, 3, 3, 3, 3, 3, 3, 3, 7], [3, 3, 3, 3, 0, 0, 0, 3, 3, 3, 7]]}, {"input": [[3, 3, 0, 0, 0, 0, 0, 0, 0, 0, 0, 0, 0, 0, 0, 0, 0, 0, 0], [3, 3, 3, 3, 0, 0, 0, 0, 0, 0, 0, 0, 0, 0, 0, 3, 0, 0, 0], [3, 3, 3, 3, 0, 3, 3, 0, 0, 0, 0, 0, 3, 3, 0, 3, 0, 0, 0], [3, 3, 3, 3, 3, 3, 0, 0, 0, 0, 0, 0, 0, 3, 3, 3, 0, 0, 0], [3, 3, 3, 3, 3, 3, 3, 3, 0, 0, 0, 3, 3, 3, 3, 3, 0, 0, 0], [3, 3, 3, 3, 3, 3, 3, 3, 3, 0, 3, 3, 3, 3, 3, 3, 0, 0, 0], [3, 3, 3, 3, 3, 3, 3, 3, 3, 0, 3, 3, 3, 3, 3, 3, 0, 0, 0], [3, 3, 3, 3, 3, 3, 3, 3, 3, 3, 3, 3, 3, 3, 3, 3, 0, 0, 0], [3, 3, 3, 3, 3, 0, 3, 3, 3, 3, 3, 3, 3, 0, 3, 3, 0, 0, 0], [3, 3, 3, 3, 3, 0, 3, 3, 3, 3, 3, 3, 3, 0, 3, 3, 0, 0, 0], [3, 3, 3, 3, 3, 3, 3, 3, 3, 3, 3, 3, 3, 3, 3, 3, 0, 0, 0]], "output": [[3, 3, 0, 0, 0, 0, 0, 0, 0, 0, 0, 0, 0, 0, 0, 0, 0, 7, 7], [3, 3, 3, 3, 0, 0, 0, 0, 0, 0, 0, 0, 0, 0, 0, 3, 7, 7, 7], [3, 3, 3, 3, 0, 3, 3, 0, 0, 0, 0, 0, 3, 3, 0, 3, 7, 7, 7], [3, 3, 3, 3, 3, 3, 0, 0, 0, 0, 0, 0, 0, 3, 3, 3, 7, 7, 7], [3, 3, 3, 3, 3, 3, 3, 3, 0, 0, 0, 3, 3, 3, 3, 3, 7, 7, 7], [3, 3, 3, 3, 3, 3, 3, 3, 3, 0, 3, 3, 3, 3, 3, 3, 7, 7, 7], [3, 3, 3, 3, 3, 3, 3, 3, 3, 0, 3, 3, 3, 3, 3, 3, 7, 7, 7], [3, 3, 3, 3, 3, 3, 3, 3, 3, 3, 3, 3, 3, 3, 3, 3, 7, 7, 7], [3, 3, 3, 3, 3, 0, 3, 3, 3, 3, 3, 3, 3, 0, 3, 3, 7, 7, 7], [3, 3, 3, 3, 3, 0, 3, 3, 3, 3, 3, 3, 3, 0, 3, 3, 7, 7, 7], [3, 3, 3, 3, 3, 3, 3, 3, 3, 3, 3, 3, 3, 3, 3, 3, 7, 7, 7]]}, {"input": [[3, 3, 3, 3, 3, 0, 0, 3, 3, 3, 3, 0], [3, 3, 3, 3, 3, 0, 0, 3, 3, 3, 3, 0], [3, 3, 3, 3, 3, 3, 3, 3, 3, 3, 3, 0], [3, 3, 3, 3, 3, 3, 3, 3, 3, 3, 3, 0], [3, 3, 3, 3, 3, 3, 3, 3, 3, 3, 3, 0], [3, 3, 3, 3, 3, 3, 3, 3, 3, 3, 3, 0], [3, 3, 0, 0, 3, 3, 3, 3, 0, 0, 3, 0], [0, 3, 3, 3, 3, 3, 3, 3, 3, 3, 3, 0], [0, 0, 3, 3, 3, 0, 0, 3, 3, 3, 0, 0], [0, 3, 3, 3, 3, 0, 0, 3, 3, 3, 3, 0]], "output": [[3, 3, 3, 3, 3, 0, 0, 3, 3, 3, 3, 7], [3, 3, 3, 3, 3, 0, 0, 3, 3, 3, 3, 7], [3, 3, 3, 3, 3, 3, 3, 3, 3, 3, 3, 7], [3, 3, 3, 3, 3, 3, 3, 3, 3, 3, 3, 7], [3, 3, 3, 3, 3, 3, 3, 3, 3, 3, 3, 7], [3, 3, 3, 3, 3, 3, 3, 3, 3, 3, 3, 7], [3, 3, 0, 0, 3, 3, 3, 3, 0, 0, 3, 7], [0, 3, 3, 3, 3, 3, 3, 3, 3, 3, 3, 0], [0, 0, 3, 3, 3, 0, 0, 3, 3, 3, 0, 0], [0, 3, 3, 3, 3, 0, 0, 3, 3, 3, 3, 0]]}, {"input": [[3, 3, 3, 3, 3, 3, 3, 3, 3, 3, 3, 3, 3, 0, 0], [3, 3, 3, 3, 3, 3, 3, 3, 3, 3, 3, 3, 3, 0, 0], [3, 3, 3, 3, 3, 3, 3, 3, 3, 3, 3, 3, 3, 0, 0], [3, 3, 3, 3, 3, 3, 3, 3, 3, 3, 3, 3, 3, 0, 0], [3, 3, 3, 3, 3, 3, 3, 3, 3, 3, 3, 3, 3, 0, 0], [3, 3, 3, 3, 3, 3, 3, 3, 3, 3, 3, 3, 3, 0, 0], [3, 3, 3, 3, 3, 3, 3, 3, 3, 3, 3, 3, 3, 0, 0], [3, 3, 3, 3, 3, 3, 3, 0, 3, 3, 3, 3, 3, 0, 0], [3, 3, 3, 3, 3, 3, 0, 0, 0, 3, 3, 3, 3, 0, 0], [3, 3, 3, 3, 3, 3, 3, 0, 3, 3, 3, 3, 3, 0, 0], [0, 3, 3, 3, 3, 3, 3, 0, 3, 3, 3, 3, 3, 0, 0], [3, 3, 3, 3, 3, 3, 3, 3, 3, 3, 3, 3, 3, 0, 0], [3, 3, 3, 3, 3, 0, 3, 3, 3, 0, 3, 3, 3, 0, 0], [0, 0, 0, 3, 3, 3, 3, 3, 3, 3, 3, 3, 0, 0, 0], [0, 0, 3, 3, 3, 3, 3, 3, 3, 3, 3, 3, 3, 0, 0], [0, 0, 3, 3, 3, 3, 0, 0, 0, 3, 3, 3, 3, 0, 0], [0, 0, 3, 3, 0, 0, 0, 0, 0, 0, 0, 3, 3, 0, 0]], "output": [[3, 3, 3, 3, 3, 3, 3, 3, 3, 3, 3, 3, 3, 7, 7], [3, 3, 3, 3, 3, 3, 3, 3, 3, 3, 3, 3, 3, 7, 7], [3, 3, 3, 3, 3, 3, 3, 3, 3, 3, 3, 3, 3, 7, 7], [3, 3, 3, 3, 3, 3, 3, 3, 3, 3, 3, 3, 3, 7, 7], [3, 3, 3, 3, 3, 3, 3, 3, 3, 3, 3, 3, 3, 7, 7], [3, 3, 3, 3, 3, 3, 3, 3, 3, 3, 3, 3, 3, 7, 7], [3, 3, 3, 3, 3, 3, 3, 3, 3, 3, 3, 3, 3, 7, 7], [3, 3, 3, 3, 3, 3, 3, 0, 3, 3, 3, 3, 3, 7, 7], [3, 3, 3, 3, 3, 3, 0, 0, 0, 3, 3, 3, 3, 7, 7], [3, 3, 3, 3, 3, 3, 3, 0, 3, 3, 3, 3, 3, 7, 7], [0, 3, 3, 3, 3, 3, 3, 0, 3, 3, 3, 3, 3, 7, 0], [3, 3, 3, 3, 3, 3, 3, 3, 3, 3, 3, 3, 3, 7, 7], [3, 3, 3, 3, 3, 0, 3, 3, 3, 0, 3, 3, 3, 7, 7], [0, 0, 0, 3, 3, 3, 3, 3, 3, 3, 3, 3, 0, 0, 0], [0, 0, 3, 3, 3, 3, 3, 3, 3, 3, 3, 3, 3, 0, 0], [0, 0, 3, 3, 3, 3, 0, 0, 0, 3, 3, 3, 3, 0, 0], [0, 0, 3, 3, 0, 0, 0, 0, 0, 0, 0, 3, 3, 0, 0]]}, {"input": [[0, 0, 0, 0, 0, 0, 3, 0, 0, 3, 0, 0, 0, 0, 0, 0], [0, 0, 0, 0, 0, 0, 3, 0, 0, 3, 0, 0, 0, 0, 0, 0], [0, 0, 0, 0, 3, 3, 3, 3, 3, 3, 3, 3, 0, 0, 0, 0], [0, 3, 3, 3, 3, 3, 3, 3, 3, 3, 3, 3, 3, 3, 3, 0], [0, 3, 3, 3, 3, 3, 3, 3, 3, 3, 3, 3, 3, 3, 3, 0], [0, 0, 3, 3, 3, 3, 3, 3, 3, 3, 3, 3, 3, 3, 0, 0], [3, 3, 3, 3, 3, 3, 3, 3, 3, 3, 3, 3, 3, 3, 3, 0], [3, 3, 0, 3, 3, 3, 3, 3, 3, 3, 3, 3, 3, 0, 3, 0], [3, 3, 3, 3, 3, 3, 3, 3, 3, 3, 3, 3, 3, 3, 3, 0], [0, 3, 3, 3, 0, 3, 3, 3, 3, 3, 3, 0, 3, 3, 3, 0], [0, 3, 3, 0, 0, 3, 3, 3, 3, 3, 3, 0, 0, 3, 3, 0], [0, 3, 0, 0, 0, 0, 3, 0, 0, 3, 0, 0, 0, 0, 3, 0], [0, 3, 3, 3, 0, 0, 3, 0, 0, 3, 0, 0, 3, 3, 3, 0], [0, 3, 3, 3, 0, 3, 3, 3, 3, 3, 3, 0, 3, 3, 3, 0], [0, 0, 3, 0, 0, 3, 3, 3, 3, 3, 3, 0, 0, 3, 0, 0], [0, 0, 3, 3, 3, 3, 0, 0, 0, 0, 3, 3, 3, 3, 0, 0]], "output": [[0, 0, 0, 0, 0, 0, 3, 0, 0, 3, 0, 0, 0, 0, 0, 0], [0, 0, 0, 0, 0, 0, 3, 0, 0, 3, 0, 0, 0, 0, 0, 0], [0, 0, 0, 0, 3, 3, 3, 3, 3, 3, 3, 3, 0, 0, 0, 0], [0, 3, 3, 3, 3, 3, 3, 3, 3, 3, 3, 3, 3, 3, 3, 0], [0, 3, 3, 3, 3, 3, 3, 3, 3, 3, 3, 3, 3, 3, 3, 0], [0, 0, 3, 3, 3, 3, 3, 3, 3, 3, 3, 3, 3, 3, 0, 0], [3, 3, 3, 3, 3, 3, 3, 3, 3, 3, 3, 3, 3, 3, 3, 7], [3, 3, 0, 3, 3, 3, 3, 3, 3, 3, 3, 3, 3, 0, 3, 7], [3, 3, 3, 3, 3, 3, 3, 3, 3, 3, 3, 3, 3, 3, 3, 7], [0, 3, 3, 3, 0, 3, 3, 3, 3, 3, 3, 0, 3, 3, 3, 0], [0, 3, 3, 0, 0, 3, 3, 3, 3, 3, 3, 0, 0, 3, 3, 0], [0, 3, 0, 0, 0, 0, 3, 0, 0, 3, 0, 0, 0, 0, 3, 0], [0, 3, 3, 3, 0, 0, 3, 0, 0, 3, 0, 0, 3, 3, 3, 0], [0, 3, 3, 3, 0, 3, 3, 3, 3, 3, 3, 0, 3, 3, 3, 0], [0, 0, 3, 0, 0, 3, 3, 3, 3, 3, 3, 0, 0, 3, 0, 0], [0, 0, 3, 3, 3, 3, 0, 0, 0, 0, 3, 3, 3, 3, 0, 0]]}, {"input": [[3, 3, 3, 3, 3, 3, 3, 0, 0, 0, 0, 0, 3, 3, 3, 3, 3, 0, 0], [3, 3, 3, 3, 3, 3, 3, 3, 3, 0, 3, 3, 3, 3, 3, 3, 3, 0, 0], [3, 3, 3, 3, 3, 3, 3, 3, 3, 0, 3, 3, 3, 3, 3, 3, 3, 0, 0], [3, 3, 3, 3, 3, 3, 3, 3, 3, 0, 3, 3, 3, 3, 3, 3, 3, 0, 0], [3, 3, 3, 3, 3, 3, 3, 3, 3, 3, 3, 3, 3, 3, 3, 3, 3, 0, 0], [3, 3, 3, 3, 3, 3, 0, 3, 0, 0, 0, 3, 0, 3, 3, 3, 3, 0, 0], [3, 3, 3, 0, 0, 0, 0, 3, 0, 0, 0, 3, 0, 0, 0, 0, 3, 0, 0], [3, 3, 3, 3, 0, 0, 3, 3, 0, 0, 0, 3, 3, 0, 0, 3, 3, 0, 0], [3, 3, 3, 3, 3, 3, 3, 3, 3, 0, 3, 3, 3, 3, 3, 3, 3, 0, 0], [3, 3, 3, 3, 3, 3, 3, 3, 3, 0, 3, 3, 3, 3, 3, 3, 3, 0, 0], [3, 3, 3, 3, 3, 3, 3, 3, 3, 3, 3, 3, 3, 3, 3, 3, 3, 0, 0], [3, 3, 3, 3, 3, 3, 3, 3, 3, 3, 3, 3, 3, 3, 3, 3, 3, 0, 0], [3, 3, 3, 3, 3, 3, 3, 3, 3, 3, 3, 3, 3, 3, 3, 3, 3, 0, 0], [3, 3, 3, 3, 3, 3, 3, 3, 3, 3, 3, 3, 3, 3, 3, 3, 3, 0, 0], [3, 3, 3, 3, 3, 3, 3, 3, 3, 3, 3, 3, 3, 3, 3, 3, 3, 0, 0], [3, 3, 3, 3, 3, 3, 3, 3, 3, 0, 3, 3, 3, 3, 3, 3, 3, 0, 0]], "output": [[3, 3, 3, 3, 3, 3, 3, 0, 0, 0, 0, 0, 3, 3, 3, 3, 3, 7, 7], [3, 3, 3, 3, 3, 3, 3, 3, 3, 0, 3, 3, 3, 3, 3, 3, 3, 7, 7], [3, 3, 3, 3, 3, 3, 3, 3, 3, 0, 3, 3, 3, 3, 3, 3, 3, 7, 7], [3, 3, 3, 3, 3, 3, 3, 3, 3, 0, 3, 3, 3, 3, 3, 3, 3, 7, 7], [3, 3, 3, 3, 3, 3, 3, 3, 3, 3, 3, 3, 3, 3, 3, 3, 3, 7, 7], [3, 3, 3, 3, 3, 3, 0, 3, 0, 0, 0, 3, 0, 3, 3, 3, 3, 7, 7], [3, 3, 3, 0, 0, 0, 0, 3, 0, 0, 0, 3, 0, 0, 0, 0, 3, 7, 7], [3, 3, 3, 3, 0, 0, 3, 3, 0, 0, 0, 3, 3, 0, 0, 3, 3, 7, 7], [3, 3, 3, 3, 3, 3, 3, 3, 3, 0, 3, 3, 3, 3, 3, 3, 3, 7, 7], [3, 3, 3, 3, 3, 3, 3, 3, 3, 0, 3, 3, 3, 3, 3, 3, 3, 7, 7], [3, 3, 3, 3, 3, 3, 3, 3, 3, 3, 3, 3, 3, 3, 3, 3, 3, 7, 7], [3, 3, 3, 3, 3, 3, 3, 3, 3, 3, 3, 3, 3, 3, 3, 3, 3, 7, 7], [3, 3, 3, 3, 3, 3, 3, 3, 3, 3, 3, 3, 3, 3, 3, 3, 3, 7, 7], [3, 3, 3, 3, 3, 3, 3, 3, 3, 3, 3, 3, 3, 3, 3, 3, 3, 7, 7], [3, 3, 3, 3, 3, 3, 3, 3, 3, 3, 3, 3, 3, 3, 3, 3, 3, 7, 7], [3, 3, 3, 3, 3, 3, 3, 3, 3, 0, 3, 3, 3, 3, 3, 3, 3, 7, 7]]}, {"input": [[0, 3, 3, 3, 3, 3, 3, 3, 3, 3, 3, 3, 3, 3, 0], [0, 3, 3, 3, 3, 3, 3, 3, 3, 3, 3, 3, 3, 3, 0], [0, 3, 3, 3, 3, 3, 3, 3, 3, 3, 3, 3, 3, 3, 0], [3, 3, 3, 3, 3, 3, 3, 3, 3, 3, 3, 3, 3, 3, 0], [3, 3, 3, 3, 3, 3, 3, 3, 3, 3, 3, 3, 3, 3, 0], [3, 3, 3, 3, 3, 3, 3, 3, 3, 3, 3, 3, 3, 3, 0], [0, 3, 3, 3, 3, 3, 3, 3, 3, 3, 3, 3, 3, 3, 0], [0, 0, 3, 3, 3, 3, 3, 3, 3, 3, 3, 3, 3, 0, 0], [0, 3, 3, 3, 3, 3, 3, 3, 3, 3, 3, 3, 3, 3, 0], [3, 3, 3, 3, 3, 3, 3, 3, 3, 3, 3, 3, 3, 3, 0], [0, 3, 0, 3, 3, 3, 3, 3, 3, 3, 3, 3, 0, 3, 0], [0, 0, 3, 3, 3, 3, 3, 3, 3, 3, 3, 3, 3, 0, 0], [0, 0, 0, 3, 3, 3, 3, 3, 3, 3, 3, 3, 0, 0, 0], [0, 0, 0, 3, 3, 3, 3, 3, 3, 3, 3, 3, 0, 0, 0]], "output": [[0, 3, 3, 3, 3, 3, 3, 3, 3, 3, 3, 3, 3, 3, 0], [0, 3, 3, 3, 3, 3, 3, 3, 3, 3, 3, 3, 3, 3, 0], [0, 3, 3, 3, 3, 3, 3, 3, 3, 3, 3, 3, 3, 3, 0], [3, 3, 3, 3, 3, 3, 3, 3, 3, 3, 3, 3, 3, 3, 7], [3, 3, 3, 3, 3, 3, 3, 3, 3, 3, 3, 3, 3, 3, 7], [3, 3, 3, 3, 3, 3, 3, 3, 3, 3, 3, 3, 3, 3, 7], [0, 3, 3, 3, 3, 3, 3, 3, 3, 3, 3, 3, 3, 3, 0], [0, 0, 3, 3, 3, 3, 3, 3, 3, 3, 3, 3, 3, 0, 0], [0, 3, 3, 3, 3, 3, 3, 3, 3, 3, 3, 3, 3, 3, 0], [3, 3, 3, 3, 3, 3, 3, 3, 3, 3, 3, 3, 3, 3, 7], [0, 3, 0, 3, 3, 3, 3, 3, 3, 3, 3, 3, 0, 3, 0], [0, 0, 3, 3, 3, 3, 3, 3, 3, 3, 3, 3, 3, 0, 0], [0, 0, 0, 3, 3, 3, 3, 3, 3, 3, 3, 3, 0, 0, 0], [0, 0, 0, 3, 3, 3, 3, 3, 3, 3, 3, 3, 0, 0, 0]]}, {"input": [[0, 3, 3, 3, 3, 3, 3, 3, 3, 0], [0, 3, 3, 3, 3, 3, 3, 3, 3, 0], [3, 3, 3, 3, 3, 3, 3, 3, 3, 0], [3, 3, 3, 3, 3, 3, 3, 3, 3, 0], [3, 3, 3, 3, 3, 3, 3, 3, 3, 0], [0, 0, 3, 3, 3, 3, 3, 3, 0, 0], [0, 0, 0, 3, 3, 3, 3, 0, 0, 0], [0, 0, 0, 0, 3, 3, 0, 0, 0, 0], [0, 0, 0, 0, 3, 3, 0, 0, 0, 0], [0, 0, 0, 3, 3, 3, 3, 0, 0, 0], [0, 0, 0, 3, 0, 0, 3, 0, 0, 0]], "output": [[0, 3, 3, 3, 3, 3, 3, 3, 3, 0], [0, 3, 3, 3, 3, 3, 3, 3, 3, 0], [3, 3, 3, 3, 3, 3, 3, 3, 3, 7], [3, 3, 3, 3, 3, 3, 3, 3, 3, 7], [3, 3, 3, 3, 3, 3, 3, 3, 3, 7], [0, 0, 3, 3, 3, 3, 3, 3, 0, 0], [0, 0, 0, 3, 3, 3, 3, 0, 0, 0], [0, 0, 0, 0, 3, 3, 0, 0, 0, 0], [0, 0, 0, 0, 3, 3, 0, 0, 0, 0], [0, 0, 0, 3, 3, 3, 3, 0, 0, 0], [0, 0, 0, 3, 0, 0, 3, 0, 0, 0]]}, {"input": [[3, 3, 3, 3, 3, 3, 3, 3, 0, 0, 3, 3, 3, 3, 3, 0, 0, 0], [3, 3, 3, 3, 3, 0, 3, 3, 0, 0, 3, 3, 0, 3, 3, 0, 0, 0], [3, 3, 3, 0, 0, 0, 0, 0, 0, 0, 0, 0, 0, 0, 0, 0, 0, 0], [3, 3, 3, 0, 0, 0, 0, 0, 0, 0, 0, 0, 0, 0, 0, 0, 0, 0], [3, 3, 3, 3, 3, 0, 0, 0, 0, 0, 0, 0, 0, 3, 3, 0, 0, 0], [3, 3, 3, 0, 0, 0, 0, 0, 0, 0, 0, 0, 0, 0, 0, 0, 0, 0], [3, 3, 3, 3, 0, 3, 0, 0, 0, 0, 0, 0, 3, 0, 3, 0, 0, 0], [3, 3, 3, 3, 3, 3, 3, 0, 3, 3, 0, 3, 3, 3, 3, 0, 0, 0], [3, 3, 3, 3, 3, 3, 3, 3, 3, 3, 3, 3, 3, 3, 3, 0, 0, 0], [0, 3, 3, 3, 3, 3, 3, 3, 3, 3, 3, 3, 3, 3, 3, 0, 0, 0], [0, 3, 3, 3, 3, 3, 3, 3, 3, 3, 3, 3, 3, 3, 3, 0, 0, 0], [0, 0, 3, 3, 0, 0, 0, 3, 0, 0, 3, 0, 0, 0, 3, 0, 0, 0]], "output": [[3, 3, 3, 3, 3, 3, 3, 3, 0, 0, 3, 3, 3, 3, 3, 7, 7, 7], [3, 3, 3, 3, 3, 0, 3, 3, 0, 0, 3, 3, 0, 3, 3, 7, 7, 7], [3, 3, 3, 0, 0, 0, 0, 0, 0, 0, 0, 0, 0, 0, 0, 7, 7, 7], [3, 3, 3, 0, 0, 0, 0, 0, 0, 0, 0, 0, 0, 0, 0, 7, 7, 7], [3, 3, 3, 3, 3, 0, 0, 0, 0, 0, 0, 0, 0, 3, 3, 7, 7, 7], [3, 3, 3, 0, 0, 0, 0, 0, 0, 0, 0, 0, 0, 0, 0, 7, 7, 7], [3, 3, 3, 3, 0, 3, 0, 0, 0, 0, 0, 0, 3, 0, 3, 7, 7, 7], [3, 3, 3, 3, 3, 3, 3, 0, 3, 3, 0, 3, 3, 3, 3, 7, 7, 7], [3, 3, 3, 3, 3, 3, 3, 3, 3, 3, 3, 3, 3, 3, 3, 7, 7, 7], [0, 3, 3, 3, 3, 3, 3, 3, 3, 3, 3, 3, 3, 3, 3, 7, 7, 0], [0, 3, 3, 3, 3, 3, 3, 3, 3, 3, 3, 3, 3, 3, 3, 7, 7, 0], [0, 0, 3, 3, 0, 0, 0, 3, 0, 0, 3, 0, 0, 0, 3, 7, 0, 0]]}, {"input": [[3, 3, 3, 3, 3, 3, 0, 0, 0, 0, 0, 0, 3, 3, 3, 0, 0, 0], [3, 3, 3, 3, 3, 3, 3, 0, 0, 0, 0, 3, 3, 3, 3, 0, 0, 0], [3, 3, 3, 3, 3, 3, 3, 3, 0, 0, 3, 3, 3, 3, 3, 0, 0, 0], [3, 3, 3, 3, 3, 3, 3, 3, 3, 3, 3, 3, 3, 3, 3, 0, 0, 0], [3, 3, 3, 3, 3, 3, 3, 3, 0, 0, 3, 3, 3, 3, 3, 0, 0, 0], [3, 3, 3, 3, 3, 3, 3, 0, 0, 0, 0, 3, 3, 3, 3, 0, 0, 0], [3, 3, 3, 3, 3, 3, 3, 3, 0, 0, 3, 3, 3, 3, 3, 0, 0, 0], [3, 3, 3, 3, 3, 3, 3, 0, 0, 0, 0, 3, 3, 3, 3, 0, 0, 0], [3, 3, 3, 3, 3, 3, 3, 0, 0, 0, 0, 3, 3, 3, 3, 0, 0, 0], [3, 3, 3, 3, 0, 3, 3, 0, 0, 0, 0, 3, 3, 0, 3, 0, 0, 0], [3, 0, 3, 3, 3, 3, 0, 0, 0, 0, 0, 0, 3, 3, 3, 0, 0, 0], [3, 3, 3, 3, 3, 0, 0, 0, 0, 0, 0, 0, 0, 3, 3, 0, 0, 0], [3, 3, 3, 3, 0, 0, 0, 0, 0, 0, 0, 0, 0, 0, 3, 0, 0, 0], [3, 3, 3, 3, 0, 0, 0, 0, 0, 0, 0, 0, 0, 0, 3, 0, 0, 0], [3, 3, 3, 0, 0, 0, 0, 0, 0, 0, 0, 0, 0, 0, 0, 0, 0, 0]], "output": [[3, 3, 3, 3, 3, 3, 0, 0, 0, 0, 0, 0, 3, 3, 3, 7, 7, 7], [3, 3, 3, 3, 3, 3, 3, 0, 0, 0, 0, 3, 3, 3, 3, 7, 7, 7], [3, 3, 3, 3, 3, 3, 3, 3, 0, 0, 3, 3, 3, 3, 3, 7, 7, 7], [3, 3, 3, 3, 3, 3, 3, 3, 3, 3, 3, 3, 3, 3, 3, 7, 7, 7], [3, 3, 3, 3, 3, 3, 3, 3, 0, 0, 3, 3, 3, 3, 3, 7, 7, 7], [3, 3, 3, 3, 3, 3, 3, 0, 0, 0, 0, 3, 3, 3, 3, 7, 7, 7], [3, 3, 3, 3, 3, 3, 3, 3, 0, 0, 3, 3, 3, 3, 3, 7, 7, 7], [3, 3, 3, 3, 3, 3, 3, 0, 0, 0, 0, 3, 3, 3, 3, 7, 7, 7], [3, 3, 3, 3, 3, 3, 3, 0, 0, 0, 0, 3, 3, 3, 3, 7, 7, 7], [3, 3, 3, 3, 0, 3, 3, 0, 0, 0, 0, 3, 3, 0, 3, 7, 7, 7], [3, 0, 3, 3, 3, 3, 0, 0, 0, 0, 0, 0, 3, 3, 3, 7, 0, 7], [3, 3, 3, 3, 3, 0, 0, 0, 0, 0, 0, 0, 0, 3, 3, 7, 7, 7], [3, 3, 3, 3, 0, 0, 0, 0, 0, 0, 0, 0, 0, 0, 3, 7, 7, 7], [3, 3, 3, 3, 0, 0, 0, 0, 0, 0, 0, 0, 0, 0, 3, 7, 7, 7], [3, 3, 3, 0, 0, 0, 0, 0, 0, 0, 0, 0, 0, 0, 0, 7, 7, 7]]}], "test": [{"input": [[0, 3, 3, 0, 0, 3, 3, 3, 0, 0, 0, 3, 3, 3, 0, 0, 3, 0, 0], [0, 3, 3, 3, 3, 3, 3, 0, 0, 0, 0, 0, 3, 3, 3, 3, 3, 0, 0], [0, 3, 3, 3, 3, 3, 0, 0, 0, 0, 0, 0, 0, 3, 3, 3, 3, 0, 0], [0, 3, 3, 3, 3, 3, 3, 3, 3, 3, 3, 3, 3, 3, 3, 3, 3, 0, 0], [0, 3, 3, 3, 3, 3, 3, 3, 3, 0, 3, 3, 3, 3, 3, 3, 3, 0, 0], [0, 3, 3, 3, 3, 3, 3, 3, 3, 0, 3, 3, 3, 3, 3, 3, 3, 0, 0], [3, 3, 3, 3, 3, 3, 3, 3, 3, 3, 3, 3, 3, 3, 3, 3, 3, 0, 0], [0, 3, 3, 3, 3, 3, 3, 3, 3, 3, 3, 3, 3, 3, 3, 3, 3, 0, 0], [3, 3, 3, 3, 3, 3, 3, 3, 3, 3, 3, 3, 3, 3, 3, 3, 3, 0, 0], [3, 3, 3, 3, 3, 3, 3, 3, 3, 3, 3, 3, 3, 3, 3, 3, 3, 0, 0], [3, 3, 3, 3, 3, 3, 3, 3, 3, 3, 3, 3, 3, 3, 3, 3, 3, 0, 0], [3, 3, 3, 3, 3, 3, 3, 0, 3, 3, 3, 0, 3, 3, 3, 3, 3, 0, 0], [3, 3, 3, 3, 3, 3, 3, 3, 3, 3, 3, 3, 3, 3, 3, 3, 3, 0, 0]], "output": [[0, 3, 3, 0, 0, 3, 3, 3, 0, 0, 0, 3, 3, 3, 0, 0, 3, 7, 0], [0, 3, 3, 3, 3, 3, 3, 0, 0, 0, 0, 0, 3, 3, 3, 3, 3, 7, 0], [0, 3, 3, 3, 3, 3, 0, 0, 0, 0, 0, 0, 0, 3, 3, 3, 3, 7, 0], [0, 3, 3, 3, 3, 3, 3, 3, 3, 3, 3, 3, 3, 3, 3, 3, 3, 7, 0], [0, 3, 3, 3, 3, 3, 3, 3, 3, 0, 3, 3, 3, 3, 3, 3, 3, 7, 0], [0, 3, 3, 3, 3, 3, 3, 3, 3, 0, 3, 3, 3, 3, 3, 3, 3, 7, 0], [3, 3, 3, 3, 3, 3, 3, 3, 3, 3, 3, 3, 3, 3, 3, 3, 3, 7, 7], [0, 3, 3, 3, 3, 3, 3, 3, 3, 3, 3, 3, 3, 3, 3, 3, 3, 7, 0], [3, 3, 3, 3, 3, 3, 3, 3, 3, 3, 3, 3, 3, 3, 3, 3, 3, 7, 7], [3, 3, 3, 3, 3, 3, 3, 3, 3, 3, 3, 3, 3, 3, 3, 3, 3, 7, 7], [3, 3, 3, 3, 3, 3, 3, 3, 3, 3, 3, 3, 3, 3, 3, 3, 3, 7, 7], [3, 3, 3, 3, 3, 3, 3, 0, 3, 3, 3, 0, 3, 3, 3, 3, 3, 7, 7], [3, 3, 3, 3, 3, 3, 3, 3, 3, 3, 3, 3, 3, 3, 3, 3, 3, 7, 7]]}, {"input": [[3, 3, 0, 0, 0, 3, 3, 3, 3, 3, 3, 0, 0, 0, 0, 0], [3, 3, 3, 0, 3, 3, 3, 3, 3, 3, 3, 3, 0, 3, 0, 0], [3, 3, 3, 3, 3, 3, 3, 3, 3, 3, 3, 3, 3, 3, 0, 0], [3, 3, 3, 0, 3, 3, 3, 3, 3, 3, 3, 3, 0, 3, 0, 0], [3, 3, 3, 0, 3, 3, 0, 3, 3, 0, 3, 3, 0, 3, 0, 0], [3, 3, 3, 3, 3, 0, 0, 3, 3, 0, 0, 3, 3, 3, 0, 0], [3, 3, 3, 3, 3, 3, 3, 3, 3, 3, 3, 3, 3, 3, 0, 0], [3, 3, 3, 3, 3, 3, 0, 0, 0, 0, 3, 3, 3, 3, 0, 0], [3, 3, 3, 3, 3, 3, 3, 3, 3, 3, 3, 3, 3, 3, 0, 0], [3, 3, 3, 3, 3, 3, 3, 3, 3, 3, 3, 3, 3, 3, 0, 0], [3, 3, 3, 3, 3, 3, 3, 3, 3, 3, 3, 3, 3, 3, 0, 0], [3, 3, 3, 3, 0, 0, 0, 3, 3, 0, 0, 0, 3, 3, 0, 0], [3, 0, 3, 3, 3, 0, 0, 3, 3, 0, 0, 3, 3, 3, 0, 0], [0, 0, 0, 3, 3, 3, 0, 0, 0, 0, 3, 3, 3, 0, 0, 0], [0, 0, 0, 3, 3, 3, 0, 0, 0, 0, 3, 3, 3, 0, 0, 0]], "output": [[3, 3, 0, 0, 0, 3, 3, 3, 3, 3, 3, 0, 0, 0, 7, 7], [3, 3, 3, 0, 3, 3, 3, 3, 3, 3, 3, 3, 0, 3, 7, 7], [3, 3, 3, 3, 3, 3, 3, 3, 3, 3, 3, 3, 3, 3, 7, 7], [3, 3, 3, 0, 3, 3, 3, 3, 3, 3, 3, 3, 0, 3, 7, 7], [3, 3, 3, 0, 3, 3, 0, 3, 3, 0, 3, 3, 0, 3, 7, 7], [3, 3, 3, 3, 3, 0, 0, 3, 3, 0, 0, 3, 3, 3, 7, 7], [3, 3, 3, 3, 3, 3, 3, 3, 3, 3, 3, 3, 3, 3, 7, 7], [3, 3, 3, 3, 3, 3, 0, 0, 0, 0, 3, 3, 3, 3, 7, 7], [3, 3, 3, 3, 3, 3, 3, 3, 3, 3, 3, 3, 3, 3, 7, 7], [3, 3, 3, 3, 3, 3, 3, 3, 3, 3, 3, 3, 3, 3, 7, 7], [3, 3, 3, 3, 3, 3, 3, 3, 3, 3, 3, 3, 3, 3, 7, 7], [3, 3, 3, 3, 0, 0, 0, 3, 3, 0, 0, 0, 3, 3, 7, 7], [3, 0, 3, 3, 3, 0, 0, 3, 3, 0, 0, 3, 3, 3, 0, 7], [0, 0, 0, 3, 3, 3, 0, 0, 0, 0, 3, 3, 3, 0, 0, 0], [0, 0, 0, 3, 3, 3, 0, 0, 0, 0, 3, 3, 3, 0, 0, 0]]}]}