{"train": [{"input": [[0, 7, 0, 0, 3, 0, 0, 0], [0, 6, 0, 0, 0, 0, 0, 0], [0, 0, 5, 0, 7, 5, 6, 7], [0, 4, 0, 1, 3, 0, 0, 9], [0, 6, 0, 0, 0, 7, 0, 7], [0, 0, 0, 0, 0, 5, 0, 8], [9, 0, 6, 0, 7, 0, 4, 9], [7, 0, 0, 0, 8, 0, 0, 0]], "output": [[0, 0, 0, 0, 0, 0, 0, 0], [0, 0, 0, 0, 0, 0, 0, 0], [0, 0, 0, 0, 0, 0, 0, 0], [0, 0, 8, 4, 1, 3, 9, 0], [0, 0, 7, 7, 7, 3, 6, 0], [0, 0, 9, 6, 0, 6, 7, 0], [0, 0, 4, 5, 7, 5, 7, 0], [0, 0, 7, 6, 9, 8, 5, 0]]}, {"input": [[7, 7, 0, 0, 9, 4, 7], [0, 0, 0, 0, 8, 8, 0], [0, 2, 1, 0, 0, 0, 6], [2, 9, 0, 0, 0, 9, 3], [0, 0, 0, 1, 0, 9, 8], [0, 0, 5, 6, 0, 0, 5], [0, 0, 0, 0, 1, 0, 9]], "output": [[0, 0, 0, 0, 0, 0, 0], [0, 0, 0, 0, 0, 0, 0], [0, 0, 1, 6, 2, 9, 0], [0, 0, 2, 7, 7, 9, 0], [0, 9, 8, 0, 9, 3, 0], [0, 1, 8, 7, 4, 1, 0], [0, 5, 6, 5, 8, 9, 0]]}, {"input": [[0, 0, 0, 0, 0, 0, 0], [4, 0, 0, 0, 0, 0, 0], [0, 0, 0, 0, 1, 0, 0], [0, 0, 0, 0, 0, 0, 0], [0, 0, 0, 0, 0, 0, 0], [0, 4, 0, 2, 0, 0, 0], [0, 0, 3, 0, 9, 5, 0]], "output": [[0, 0, 0, 0, 0, 0, 0], [0, 0, 0, 0, 0, 0, 0], [0, 0, 0, 0, 0, 0, 0], [0, 0, 0, 4, 1, 0, 0], [0, 0, 5, 0, 4, 0, 0], [0, 0, 9, 3, 2, 0, 0], [0, 0, 0, 0, 0, 0, 0]]}, {"input": [[0, 0, 0, 0, 0, 5, 0, 0, 0], [0, 0, 0, 0, 0, 0, 0, 0, 0], [0, 0, 0, 0, 0, 0, 0, 0, 0], [0, 0, 0, 0, 0, 0, 0, 0, 0], [0, 0, 0, 0, 0, 3, 0, 0, 6], [0, 0, 0, 0, 0, 0, 0, 0, 0], [0, 0, 0, 0, 0, 9, 0, 0, 0], [0, 0, 0, 0, 0, 0, 0, 0, 0], [0, 0, 0, 0, 0, 0, 0, 0, 6]], "output": [[0, 0, 0, 0, 0, 0, 0, 0, 0], [0, 0, 0, 0, 0, 0, 0, 0, 0], [0, 0, 0, 0, 0, 0, 0, 0, 0], [0, 0, 0, 0, 0, 0, 0, 0, 0], [0, 0, 0, 0, 5, 3, 0, 0, 0], [0, 0, 0, 0, 0, 6, 0, 0, 0], [0, 0, 0, 0, 6, 9, 0, 0, 0], [0, 0, 0, 0, 0, 0, 0, 0, 0], [0, 0, 0, 0, 0, 0, 0, 0, 0]]}, {"input": [[0, 0, 0, 0, 7, 0, 0, 0], [0, 0, 2, 0, 0, 0, 0, 0], [0, 8, 8, 6, 0, 0, 0, 8], [0, 0, 0, 0, 0, 1, 0, 0], [0, 0, 0, 0, 4, 3, 6, 0], [0, 0, 0, 0, 0, 5, 0, 0], [0, 0, 0, 0, 0, 0, 0, 0], [0, 8, 0, 0, 5, 0, 5, 2]], "output": [[0, 0, 0, 0, 0, 0, 0, 0], [0, 0, 0, 0, 0, 0, 0, 0], [0, 0, 0, 0, 0, 0, 0, 0], [0, 0, 0, 3, 6, 5, 8, 0], [0, 0, 0, 4, 7, 2, 5, 0], [0, 0, 0, 1, 0, 8, 5, 0], [0, 0, 0, 8, 6, 8, 2, 0], [0, 0, 0, 0, 0, 0, 0, 0]]}, {"input": [[0, 8, 0, 9, 9, 0], [0, 0, 1, 3, 5, 0], [2, 0, 0, 2, 4, 0], [2, 0, 4, 0, 3, 0], [0, 0, 5, 0, 5, 9], [6, 0, 0, 6, 0, 0]], "output": [[0, 0, 0, 0, 0, 0], [0, 0, 0, 0, 0, 0], [0, 0, 4, 2, 4, 3], [0, 0, 2, 8, 9, 5], [0, 6, 2, 0, 9, 5], [0, 6, 5, 3, 1, 9]]}, {"input": [[0, 8, 0, 0, 0, 7], [0, 3, 0, 4, 5, 9], [3, 6, 0, 0, 0, 2], [0, 0, 4, 0, 5, 0], [3, 0, 1, 0, 4, 7], [0, 0, 1, 0, 0, 0]], "output": [[0, 0, 0, 0, 0, 0], [0, 0, 0, 0, 0, 0], [0, 0, 2, 4, 5, 3], [0, 0, 6, 8, 7, 1], [0, 0, 3, 0, 3, 4], [0, 1, 9, 5, 4, 7]]}, {"input": [[0, 0, 0, 8, 0], [4, 6, 0, 9, 0], [8, 0, 0, 1, 5], [0, 0, 0, 0, 0], [0, 4, 0, 6, 0]], "output": [[0, 0, 0, 0, 0], [0, 6, 0, 0, 0], [0, 4, 8, 4, 0], [0, 5, 0, 6, 0], [0, 1, 8, 9, 0]]}, {"input": [[0, 0, 0, 0, 0, 0, 0, 0], [0, 0, 0, 0, 0, 0, 0, 0], [0, 0, 0, 0, 0, 0, 0, 0], [0, 0, 9, 0, 0, 0, 0, 0], [0, 0, 0, 0, 0, 0, 0, 0], [0, 0, 0, 0, 0, 0, 0, 6], [0, 0, 0, 0, 0, 0, 0, 0], [0, 0, 0, 0, 6, 0, 0, 0]], "output": [[0, 0, 0, 0, 0, 0, 0, 0], [0, 0, 0, 0, 0, 0, 0, 0], [0, 0, 0, 0, 0, 0, 0, 0], [0, 0, 0, 0, 0, 0, 0, 0], [0, 0, 0, 0, 9, 6, 0, 0], [0, 0, 0, 0, 0, 6, 0, 0], [0, 0, 0, 0, 0, 0, 0, 0], [0, 0, 0, 0, 0, 0, 0, 0]]}, {"input": [[0, 0, 0, 0, 0, 0, 0, 0, 0], [0, 0, 0, 0, 0, 0, 0, 0, 0], [0, 0, 0, 0, 0, 0, 0, 8, 0], [0, 0, 0, 0, 0, 0, 0, 0, 0], [0, 0, 0, 0, 0, 0, 0, 0, 0], [0, 6, 0, 0, 0, 0, 0, 0, 0], [0, 0, 0, 0, 0, 0, 0, 0, 0], [0, 0, 0, 0, 0, 0, 0, 0, 0], [0, 0, 0, 0, 0, 0, 0, 0, 0]], "output": [[0, 0, 0, 0, 0, 0, 0, 0, 0], [0, 0, 0, 0, 0, 0, 0, 0, 0], [0, 0, 0, 0, 0, 0, 0, 0, 0], [0, 0, 0, 0, 0, 0, 0, 0, 0], [0, 0, 0, 0, 8, 6, 0, 0, 0], [0, 0, 0, 0, 0, 0, 0, 0, 0], [0, 0, 0, 0, 0, 0, 0, 0, 0], [0, 0, 0, 0, 0, 0, 0, 0, 0], [0, 0, 0, 0, 0, 0, 0, 0, 0]]}, {"input": [[0, 8, 3, 0, 0, 0], [0, 7, 5, 0, 0, 5], [0, 4, 8, 0, 0, 0], [0, 4, 2, 0, 2, 6], [0, 0, 3, 0, 0, 9], [0, 0, 0, 0, 4, 0]], "output": [[0, 0, 0, 0, 0, 0], [0, 0, 0, 0, 0, 0], [0, 0, 2, 2, 6, 3], [0, 0, 4, 8, 3, 9], [0, 0, 8, 0, 7, 4], [0, 0, 4, 5, 5, 0]]}, {"input": [[0, 0, 0, 2, 0, 0], [5, 9, 0, 0, 0, 3], [0, 0, 0, 0, 0, 1], [0, 9, 2, 0, 0, 0], [3, 0, 0, 0, 0, 0], [0, 0, 8, 0, 3, 0]], "output": [[0, 0, 0, 0, 0, 0], [0, 0, 0, 0, 0, 0], [0, 0, 8, 3, 0, 0], [0, 0, 3, 2, 5, 0], [0, 0, 2, 0, 9, 0], [0, 0, 9, 1, 3, 0]]}, {"input": [[4, 0, 9, 0, 3], [0, 5, 5, 0, 0], [0, 1, 3, 9, 3], [8, 0, 7, 0, 0], [0, 0, 0, 0, 0]], "output": [[0, 0, 0, 0, 0], [0, 3, 8, 7, 0], [0, 9, 4, 9, 0], [0, 3, 0, 3, 0], [0, 1, 5, 5, 0]]}, {"input": [[4, 0, 9, 0, 3, 0], [6, 0, 6, 0, 4, 6], [8, 7, 3, 0, 0, 0], [5, 0, 0, 0, 4, 0], [5, 0, 0, 0, 4, 0], [0, 0, 0, 0, 8, 0]], "output": [[0, 0, 0, 0, 0, 0], [0, 0, 0, 0, 0, 0], [0, 0, 7, 3, 5, 4], [0, 0, 8, 4, 9, 5], [0, 0, 6, 0, 3, 4], [0, 0, 4, 6, 6, 8]]}, {"input": [[0, 0, 0, 0, 0, 0, 0, 0, 0], [0, 0, 0, 0, 0, 0, 0, 0, 0], [0, 0, 0, 0, 0, 0, 0, 0, 0], [0, 0, 0, 0, 0, 0, 0, 0, 0], [0, 0, 0, 5, 0, 0, 0, 0, 0], [0, 0, 0, 0, 0, 0, 0, 0, 0], [0, 0, 0, 0, 0, 0, 0, 0, 0], [0, 0, 0, 0, 0, 0, 0, 9, 0], [0, 0, 0, 0, 0, 0, 0, 0, 0]], "output": [[0, 0, 0, 0, 0, 0, 0, 0, 0], [0, 0, 0, 0, 0, 0, 0, 0, 0], [0, 0, 0, 0, 0, 0, 0, 0, 0], [0, 0, 0, 0, 0, 0, 0, 0, 0], [0, 0, 0, 0, 5, 9, 0, 0, 0], [0, 0, 0, 0, 0, 0, 0, 0, 0], [0, 0, 0, 0, 0, 0, 0, 0, 0], [0, 0, 0, 0, 0, 0, 0, 0, 0], [0, 0, 0, 0, 0, 0, 0, 0, 0]]}, {"input": [[0, 0, 0, 0, 0, 0, 0, 0, 0], [0, 0, 0, 9, 0, 0, 0, 0, 0], [0, 0, 0, 0, 0, 0, 0, 0, 0], [0, 0, 0, 0, 0, 0, 0, 0, 0], [0, 0, 0, 0, 0, 0, 0, 0, 0], [0, 1, 0, 0, 0, 0, 0, 0, 0], [0, 0, 0, 0, 0, 0, 0, 0, 0], [0, 0, 0, 0, 0, 0, 0, 0, 0], [0, 0, 0, 0, 0, 0, 0, 0, 0]], "output": [[0, 0, 0, 0, 0, 0, 0, 0, 0], [0, 0, 0, 0, 0, 0, 0, 0, 0], [0, 0, 0, 0, 0, 0, 0, 0, 0], [0, 0, 0, 0, 0, 0, 0, 0, 0], [0, 0, 0, 0, 9, 1, 0, 0, 0], [0, 0, 0, 0, 0, 0, 0, 0, 0], [0, 0, 0, 0, 0, 0, 0, 0, 0], [0, 0, 0, 0, 0, 0, 0, 0, 0], [0, 0, 0, 0, 0, 0, 0, 0, 0]]}, {"input": [[0, 0, 0, 0, 0], [0, 0, 0, 0, 5], [0, 0, 0, 0, 0], [8, 0, 0, 0, 0], [7, 0, 0, 0, 0]], "output": [[0, 0, 0, 0, 0], [0, 0, 0, 0, 0], [0, 0, 5, 8, 0], [0, 0, 0, 7, 0], [0, 0, 0, 0, 0]]}, {"input": [[7, 0, 0, 0, 0, 0], [0, 0, 0, 0, 0, 0], [0, 0, 0, 0, 0, 0], [0, 0, 0, 0, 0, 0], [0, 0, 0, 0, 0, 0], [0, 0, 0, 0, 0, 0]], "output": [[0, 0, 0, 0, 0, 0], [0, 0, 0, 0, 0, 0], [0, 0, 0, 0, 0, 0], [0, 0, 0, 7, 0, 0], [0, 0, 0, 0, 0, 0], [0, 0, 0, 0, 0, 0]]}, {"input": [[0, 0, 0, 0, 0, 0, 0, 0], [0, 0, 0, 0, 0, 0, 0, 0], [0, 0, 0, 0, 0, 0, 0, 0], [0, 0, 0, 0, 1, 0, 0, 0], [0, 7, 0, 0, 6, 0, 0, 0], [0, 0, 0, 0, 0, 7, 0, 0], [0, 0, 0, 0, 0, 0, 0, 0], [0, 0, 0, 0, 0, 0, 0, 0]], "output": [[0, 0, 0, 0, 0, 0, 0, 0], [0, 0, 0, 0, 0, 0, 0, 0], [0, 0, 0, 0, 0, 0, 0, 0], [0, 0, 0, 0, 0, 0, 0, 0], [0, 0, 0, 0, 1, 7, 0, 0], [0, 0, 0, 0, 0, 6, 0, 0], [0, 0, 0, 0, 0, 7, 0, 0], [0, 0, 0, 0, 0, 0, 0, 0]]}, {"input": [[0, 0, 5, 0, 0, 0, 7], [9, 0, 3, 0, 0, 9, 0], [0, 0, 5, 0, 0, 0, 0], [6, 7, 0, 0, 0, 6, 9], [0, 4, 6, 5, 0, 5, 5], [0, 0, 0, 0, 6, 9, 5], [0, 7, 0, 0, 0, 0, 0]], "output": [[0, 0, 0, 0, 0, 0, 0], [0, 0, 0, 0, 0, 0, 0], [0, 0, 6, 9, 4, 6, 0], [0, 0, 7, 5, 7, 5, 0], [0, 0, 6, 0, 9, 5, 0], [0, 0, 5, 9, 3, 5, 0], [0, 0, 7, 5, 9, 6, 0]]}, {"input": [[0, 0, 7, 0, 0, 7], [0, 0, 3, 0, 0, 1], [0, 0, 0, 6, 0, 0], [0, 0, 0, 0, 5, 0], [0, 0, 9, 3, 0, 4], [4, 4, 7, 5, 2, 0]], "output": [[0, 0, 0, 0, 0, 0], [0, 0, 0, 0, 0, 0], [0, 0, 4, 4, 4, 7], [0, 0, 3, 7, 7, 5], [0, 0, 9, 0, 3, 2], [0, 0, 5, 6, 1, 0]]}, {"input": [[9, 0, 0, 0, 9, 0, 0, 0], [6, 5, 0, 0, 4, 0, 5, 0], [0, 0, 0, 5, 0, 5, 2, 0], [4, 6, 0, 0, 1, 0, 0, 0], [0, 1, 0, 0, 5, 0, 0, 7], [1, 0, 2, 0, 0, 0, 0, 0], [0, 0, 0, 9, 0, 0, 2, 5], [8, 0, 4, 0, 0, 0, 4, 0]], "output": [[0, 0, 0, 0, 0, 0, 0, 0], [0, 0, 0, 0, 0, 0, 0, 0], [0, 0, 0, 0, 0, 0, 0, 0], [0, 0, 0, 2, 4, 6, 1, 0], [0, 0, 4, 5, 9, 9, 1, 0], [0, 0, 4, 5, 0, 6, 5, 0], [0, 0, 8, 5, 4, 5, 7, 0], [0, 0, 5, 2, 9, 2, 1, 0]]}, {"input": [[0, 0, 0, 0, 0, 0, 0], [0, 0, 0, 0, 5, 0, 0], [0, 0, 0, 0, 0, 0, 0], [0, 0, 6, 0, 0, 0, 0], [6, 0, 0, 0, 0, 0, 0], [0, 0, 0, 0, 0, 0, 0], [0, 0, 0, 0, 0, 0, 0]], "output": [[0, 0, 0, 0, 0, 0, 0], [0, 0, 0, 0, 0, 0, 0], [0, 0, 0, 0, 0, 0, 0], [0, 0, 0, 5, 6, 0, 0], [0, 0, 0, 0, 6, 0, 0], [0, 0, 0, 0, 0, 0, 0], [0, 0, 0, 0, 0, 0, 0]]}, {"input": [[0, 0, 0, 3, 8, 0, 0, 8], [9, 4, 0, 4, 0, 0, 0, 0], [2, 0, 0, 0, 0, 0, 0, 0], [0, 0, 0, 0, 0, 0, 0, 0], [0, 0, 8, 0, 6, 7, 0, 0], [0, 0, 0, 0, 1, 0, 0, 0], [0, 0, 0, 0, 0, 0, 0, 0], [0, 0, 7, 0, 0, 0, 1, 0]], "output": [[0, 0, 0, 0, 0, 0, 0, 0], [0, 0, 0, 0, 0, 0, 0, 0], [0, 0, 0, 0, 0, 0, 0, 0], [0, 0, 0, 6, 7, 1, 7, 0], [0, 0, 0, 8, 3, 8, 1, 0], [0, 0, 0, 2, 0, 8, 0, 0], [0, 0, 0, 4, 4, 9, 0, 0], [0, 0, 0, 0, 0, 0, 0, 0]]}, {"input": [[8, 6, 5, 0, 0, 1, 0, 0, 0], [0, 0, 0, 3, 0, 7, 4, 0, 0], [9, 2, 0, 5, 3, 0, 0, 6, 9], [0, 9, 0, 0, 9, 2, 8, 0, 0], [4, 0, 0, 0, 3, 5, 0, 7, 0], [4, 1, 0, 0, 4, 0, 0, 0, 0], [0, 2, 0, 0, 8, 7, 0, 3, 0], [0, 0, 4, 7, 0, 0, 0, 2, 6], [0, 9, 2, 9, 0, 0, 5, 0, 3]], "output": [[0, 0, 0, 0, 0, 0, 0, 0, 0], [0, 0, 0, 0, 0, 0, 0, 0, 0], [0, 0, 2, 8, 7, 3, 4, 7, 0], [0, 0, 4, 2, 5, 3, 6, 2, 0], [0, 0, 1, 9, 8, 6, 9, 6, 0], [0, 0, 4, 4, 0, 5, 9, 9, 0], [0, 0, 7, 7, 3, 1, 9, 2, 0], [0, 0, 5, 3, 4, 8, 2, 9, 0], [0, 0, 0, 0, 0, 0, 3, 5, 0]]}, {"input": [[7, 0, 0, 1, 5, 0], [0, 8, 4, 0, 8, 4], [0, 8, 0, 0, 3, 5], [7, 0, 0, 0, 0, 0], [0, 0, 0, 0, 3, 0], [5, 8, 2, 7, 0, 6]], "output": [[0, 0, 0, 0, 0, 0], [0, 0, 0, 0, 0, 0], [0, 0, 3, 5, 7, 3], [0, 0, 8, 7, 1, 5], [0, 6, 4, 0, 5, 8], [0, 7, 8, 4, 8, 2]]}, {"input": [[7, 0, 0, 9, 0, 0, 0], [0, 0, 0, 0, 0, 0, 0], [0, 0, 5, 0, 0, 1, 0], [0, 0, 0, 0, 0, 0, 5], [0, 0, 0, 0, 0, 0, 0], [0, 9, 0, 0, 0, 0, 0], [0, 0, 0, 0, 0, 0, 0]], "output": [[0, 0, 0, 0, 0, 0, 0], [0, 0, 0, 0, 0, 0, 0], [0, 0, 0, 0, 0, 0, 0], [0, 0, 0, 7, 9, 0, 0], [0, 0, 0, 0, 5, 0, 0], [0, 0, 9, 5, 1, 0, 0], [0, 0, 0, 0, 0, 0, 0]]}], "test": [{"input": [[1, 6, 0, 0, 0, 0, 0], [0, 0, 0, 0, 0, 0, 0], [0, 0, 0, 0, 0, 0, 9], [0, 3, 2, 0, 0, 0, 4], [0, 0, 0, 0, 5, 0, 0], [0, 5, 0, 0, 7, 0, 0], [0, 0, 0, 0, 0, 0, 0]], "output": [[0, 0, 0, 0, 0, 0, 0], [0, 0, 0, 0, 0, 0, 0], [0, 0, 7, 0, 0, 0, 0], [0, 0, 5, 1, 6, 0, 0], [0, 0, 5, 0, 9, 0, 0], [0, 0, 4, 2, 3, 0, 0], [0, 0, 0, 0, 0, 0, 0]]}, {"input": [[2, 0, 9, 0, 0, 0, 0], [0, 1, 0, 3, 0, 0, 2], [0, 0, 0, 0, 0, 0, 0], [7, 0, 0, 0, 9, 0, 0], [0, 0, 0, 4, 4, 0, 0], [0, 5, 0, 0, 6, 0, 0], [0, 0, 0, 0, 0, 0, 0]], "output": [[0, 0, 0, 0, 0, 0, 0], [0, 0, 0, 0, 0, 0, 0], [0, 0, 4, 5, 6, 0, 0], [0, 0, 4, 2, 9, 0, 0], [0, 0, 9, 0, 1, 0, 0], [0, 0, 7, 2, 3, 0, 0], [0, 0, 0, 0, 0, 0, 0]]}, {"input": [[0, 0, 0, 0, 0, 0, 0, 0], [0, 0, 0, 0, 0, 0, 0, 0], [4, 0, 0, 0, 0, 0, 0, 0], [0, 0, 0, 0, 0, 0, 0, 0], [0, 0, 0, 0, 0, 0, 0, 5], [0, 0, 0, 0, 7, 5, 0, 2], [0, 0, 0, 8, 0, 0, 0, 0], [0, 0, 0, 0, 0, 0, 0, 0]], "output": [[0, 0, 0, 0, 0, 0, 0, 0], [0, 0, 0, 0, 0, 0, 0, 0], [0, 0, 0, 0, 0, 0, 0, 0], [0, 0, 0, 0, 0, 0, 0, 0], [0, 0, 0, 0, 4, 5, 0, 0], [0, 0, 0, 0, 0, 7, 0, 0], [0, 0, 0, 8, 2, 5, 0, 0], [0, 0, 0, 0, 0, 0, 0, 0]]}]}