{"train": [{"input": [[0, 0, 0, 0, 0, 0, 0, 0, 0, 0, 0, 0, 0], [0, 0, 0, 0, 0, 0, 0, 0, 0, 0, 0, 0, 0], [0, 0, 0, 0, 0, 0, 0, 0, 0, 0, 0, 0, 0], [0, 0, 0, 0, 0, 7, 7, 0, 0, 0, 0, 0, 0], [0, 0, 0, 0, 7, 7, 7, 7, 0, 0, 0, 0, 0], [0, 0, 0, 7, 7, 7, 7, 7, 0, 0, 0, 0, 0], [0, 0, 0, 7, 7, 7, 7, 7, 0, 0, 0, 0, 0], [0, 0, 0, 0, 7, 7, 7, 7, 0, 0, 0, 0, 0], [0, 0, 0, 0, 0, 7, 7, 0, 0, 0, 0, 0, 0], [0, 0, 0, 0, 0, 0, 0, 0, 0, 0, 0, 0, 0], [0, 0, 0, 0, 0, 0, 0, 0, 0, 0, 0, 0, 0], [0, 0, 0, 0, 0, 0, 0, 0, 0, 0, 0, 0, 0], [0, 0, 0, 0, 0, 0, 0, 0, 0, 0, 0, 0, 0]], "output": [[0, 0, 0, 0, 0, 0, 0, 0, 0, 0, 0, 0, 0], [0, 0, 0, 0, 0, 0, 0, 0, 0, 0, 0, 0, 0], [0, 0, 0, 0, 0, 0, 0, 0, 0, 0, 0, 0, 0], [0, 0, 0, 0, 0, 7, 7, 0, 0, 0, 0, 0, 0], [0, 0, 0, 0, 7, 7, 7, 7, 0, 0, 0, 0, 0], [0, 0, 0, 7, 7, 7, 7, 7, 4, 0, 0, 0, 0], [0, 0, 0, 7, 7, 7, 7, 7, 4, 0, 0, 0, 0], [0, 0, 0, 0, 7, 7, 7, 7, 0, 0, 0, 0, 0], [0, 0, 0, 0, 0, 7, 7, 0, 0, 0, 0, 0, 0], [0, 0, 0, 0, 0, 0, 0, 0, 0, 0, 0, 0, 0], [0, 0, 0, 0, 0, 0, 0, 0, 0, 0, 0, 0, 0], [0, 0, 0, 0, 0, 0, 0, 0, 0, 0, 0, 0, 0], [0, 0, 0, 0, 0, 0, 0, 0, 0, 0, 0, 0, 0]]}, {"input": [[0, 0, 0, 0, 0, 0, 0, 0, 0, 0, 0, 0], [0, 0, 0, 0, 0, 0, 0, 0, 0, 0, 0, 0], [0, 0, 0, 0, 0, 0, 0, 0, 0, 0, 0, 0], [0, 0, 0, 0, 0, 0, 0, 0, 0, 0, 0, 0], [0, 0, 0, 0, 0, 0, 0, 0, 0, 0, 0, 0], [0, 0, 0, 0, 0, 0, 0, 0, 0, 0, 0, 0], [0, 0, 0, 0, 7, 7, 0, 7, 7, 7, 7, 0], [0, 0, 0, 0, 7, 7, 7, 7, 0, 0, 0, 0], [0, 0, 0, 0, 0, 0, 7, 7, 7, 7, 0, 0], [0, 0, 0, 7, 7, 7, 7, 0, 7, 7, 0, 0], [0, 0, 0, 0, 0, 7, 7, 0, 7, 0, 0, 0], [0, 0, 0, 0, 0, 0, 0, 0, 7, 0, 0, 0]], "output": [[0, 0, 0, 0, 0, 0, 0, 0, 0, 0, 0, 0], [0, 0, 0, 0, 0, 0, 0, 0, 0, 0, 0, 0], [0, 0, 0, 0, 0, 0, 0, 0, 0, 0, 0, 0], [0, 0, 0, 0, 0, 0, 0, 0, 0, 0, 0, 0], [0, 0, 0, 0, 0, 4, 0, 0, 0, 0, 0, 0], [0, 0, 0, 0, 0, 4, 0, 4, 4, 0, 0, 0], [0, 0, 0, 0, 7, 7, 0, 7, 7, 7, 7, 0], [0, 0, 0, 0, 7, 7, 7, 7, 0, 0, 0, 0], [0, 0, 0, 0, 0, 0, 7, 7, 7, 7, 0, 0], [0, 0, 0, 7, 7, 7, 7, 0, 7, 7, 0, 0], [0, 0, 0, 0, 0, 7, 7, 0, 7, 0, 0, 0], [0, 0, 0, 0, 0, 0, 0, 0, 7, 0, 0, 0]]}, {"input": [[0, 0, 0, 0, 0, 0, 0, 0, 0, 0, 0, 0, 0, 0], [0, 0, 0, 0, 0, 0, 0, 0, 0, 0, 0, 0, 0, 0], [0, 0, 0, 0, 0, 0, 0, 0, 0, 0, 0, 0, 0, 0], [0, 0, 0, 0, 0, 0, 0, 0, 0, 0, 0, 0, 0, 0], [0, 0, 0, 0, 0, 0, 0, 0, 0, 0, 0, 0, 0, 0], [0, 0, 0, 0, 0, 0, 0, 0, 0, 0, 0, 0, 0, 0], [0, 0, 0, 0, 0, 0, 0, 0, 0, 0, 0, 0, 0, 0], [0, 0, 0, 0, 0, 0, 0, 0, 0, 0, 0, 7, 0, 0], [0, 0, 0, 0, 0, 0, 0, 0, 0, 0, 7, 7, 7, 0], [0, 0, 0, 0, 0, 0, 0, 0, 0, 0, 7, 7, 7, 7], [0, 0, 0, 0, 0, 0, 0, 0, 0, 0, 7, 7, 7, 0], [0, 0, 0, 0, 0, 0, 0, 0, 0, 0, 0, 7, 0, 0]], "output": [[0, 0, 0, 0, 0, 0, 0, 0, 0, 0, 0, 0, 0, 0], [0, 0, 0, 0, 0, 0, 0, 0, 0, 0, 0, 0, 0, 0], [0, 0, 0, 0, 0, 0, 0, 0, 0, 0, 0, 0, 0, 0], [0, 0, 0, 0, 0, 0, 0, 0, 0, 0, 0, 0, 0, 0], [0, 0, 0, 0, 0, 0, 0, 0, 0, 0, 0, 0, 0, 0], [0, 0, 0, 0, 0, 0, 0, 0, 0, 0, 0, 0, 0, 0], [0, 0, 0, 0, 0, 0, 0, 0, 0, 0, 0, 0, 0, 0], [0, 0, 0, 0, 0, 0, 0, 0, 0, 0, 0, 7, 0, 0], [0, 0, 0, 0, 0, 0, 0, 0, 0, 0, 7, 7, 7, 0], [0, 0, 0, 0, 0, 0, 0, 0, 0, 4, 7, 7, 7, 7], [0, 0, 0, 0, 0, 0, 0, 0, 0, 0, 7, 7, 7, 0], [0, 0, 0, 0, 0, 0, 0, 0, 0, 0, 0, 7, 0, 0]]}, {"input": [[0, 0, 0, 0, 0, 0, 0, 0, 0, 0, 0, 0, 0, 0], [0, 0, 0, 0, 0, 0, 7, 7, 0, 0, 0, 7, 0, 0], [0, 0, 0, 7, 7, 7, 7, 7, 0, 0, 0, 7, 0, 0], [0, 0, 0, 0, 0, 0, 7, 7, 7, 7, 0, 7, 0, 0], [0, 0, 0, 0, 0, 7, 7, 7, 7, 7, 7, 7, 7, 0], [0, 0, 0, 0, 0, 7, 7, 7, 7, 7, 7, 7, 7, 0], [0, 0, 0, 7, 7, 7, 7, 7, 7, 7, 7, 0, 0, 0], [0, 0, 0, 7, 7, 7, 7, 7, 7, 7, 7, 0, 0, 0], [0, 0, 0, 0, 7, 0, 7, 7, 7, 7, 0, 0, 0, 0], [0, 0, 0, 0, 7, 0, 0, 0, 7, 7, 7, 7, 7, 0], [0, 0, 0, 0, 0, 0, 0, 0, 0, 0, 0, 0, 0, 0], [0, 0, 0, 0, 0, 0, 0, 0, 0, 0, 0, 0, 0, 0], [0, 0, 0, 0, 0, 0, 0, 0, 0, 0, 0, 0, 0, 0], [0, 0, 0, 0, 0, 0, 0, 0, 0, 0, 0, 0, 0, 0]], "output": [[0, 0, 0, 0, 0, 0, 0, 0, 0, 0, 0, 0, 0, 0], [0, 0, 0, 0, 0, 0, 7, 7, 0, 0, 0, 7, 0, 0], [0, 0, 0, 7, 7, 7, 7, 7, 0, 0, 0, 7, 0, 0], [0, 0, 0, 0, 0, 0, 7, 7, 7, 7, 0, 7, 0, 0], [0, 0, 0, 0, 0, 7, 7, 7, 7, 7, 7, 7, 7, 0], [0, 0, 0, 0, 0, 7, 7, 7, 7, 7, 7, 7, 7, 0], [0, 0, 0, 7, 7, 7, 7, 7, 7, 7, 7, 0, 0, 0], [0, 0, 0, 7, 7, 7, 7, 7, 7, 7, 7, 0, 0, 0], [0, 0, 0, 0, 7, 0, 7, 7, 7, 7, 0, 0, 0, 0], [0, 0, 0, 0, 7, 0, 0, 0, 7, 7, 7, 7, 7, 0], [0, 0, 0, 0, 4, 0, 0, 0, 4, 4, 0, 0, 0, 0], [0, 0, 0, 0, 0, 0, 0, 0, 0, 0, 0, 0, 0, 0], [0, 0, 0, 0, 0, 0, 0, 0, 0, 0, 0, 0, 0, 0], [0, 0, 0, 0, 0, 0, 0, 0, 0, 0, 0, 0, 0, 0]]}, {"input": [[0, 0, 0, 0, 0, 7, 0, 0, 7, 0, 0, 0, 0, 0], [0, 0, 0, 0, 0, 7, 0, 0, 7, 7, 7, 7, 0, 0], [0, 0, 0, 0, 0, 7, 0, 0, 7, 0, 0, 0, 0, 0], [0, 0, 0, 0, 0, 7, 7, 7, 7, 0, 0, 0, 0, 0], [0, 0, 0, 0, 0, 0, 0, 7, 7, 7, 7, 7, 0, 0], [0, 0, 0, 0, 0, 0, 0, 7, 0, 0, 7, 0, 0, 0], [0, 0, 0, 0, 0, 7, 7, 7, 0, 0, 7, 0, 0, 0], [0, 0, 0, 0, 0, 0, 0, 7, 0, 0, 7, 0, 0, 0], [0, 0, 0, 0, 0, 0, 0, 0, 0, 0, 0, 0, 0, 0], [0, 0, 0, 0, 0, 0, 0, 0, 0, 0, 0, 0, 0, 0], [0, 0, 0, 0, 0, 0, 0, 0, 0, 0, 0, 0, 0, 0], [0, 0, 0, 0, 0, 0, 0, 0, 0, 0, 0, 0, 0, 0], [0, 0, 0, 0, 0, 0, 0, 0, 0, 0, 0, 0, 0, 0]], "output": [[0, 0, 0, 0, 0, 7, 0, 0, 7, 0, 0, 0, 0, 0], [0, 0, 0, 0, 0, 7, 0, 0, 7, 7, 7, 7, 0, 0], [0, 0, 0, 0, 0, 7, 0, 0, 7, 0, 0, 0, 0, 0], [0, 0, 0, 0, 4, 7, 7, 7, 7, 0, 0, 0, 0, 0], [0, 0, 0, 0, 0, 0, 0, 7, 7, 7, 7, 7, 0, 0], [0, 0, 0, 0, 0, 0, 0, 7, 0, 0, 7, 0, 0, 0], [0, 0, 0, 0, 4, 7, 7, 7, 0, 0, 7, 0, 0, 0], [0, 0, 0, 0, 0, 0, 0, 7, 0, 0, 7, 0, 0, 0], [0, 0, 0, 0, 0, 0, 0, 0, 0, 0, 0, 0, 0, 0], [0, 0, 0, 0, 0, 0, 0, 0, 0, 0, 0, 0, 0, 0], [0, 0, 0, 0, 0, 0, 0, 0, 0, 0, 0, 0, 0, 0], [0, 0, 0, 0, 0, 0, 0, 0, 0, 0, 0, 0, 0, 0], [0, 0, 0, 0, 0, 0, 0, 0, 0, 0, 0, 0, 0, 0]]}, {"input": [[0, 0, 0, 0, 0, 0, 0, 0, 0, 0], [0, 0, 0, 0, 0, 0, 0, 0, 0, 0], [0, 0, 0, 0, 0, 0, 0, 0, 0, 0], [0, 0, 0, 0, 0, 0, 0, 0, 0, 0], [0, 0, 0, 0, 0, 0, 0, 7, 0, 0], [0, 0, 0, 7, 7, 7, 7, 7, 0, 0], [0, 0, 0, 7, 7, 7, 7, 7, 0, 0], [0, 0, 0, 7, 7, 7, 7, 7, 0, 0], [0, 0, 0, 7, 7, 7, 7, 7, 0, 0], [0, 0, 0, 7, 7, 7, 7, 7, 7, 0], [0, 0, 0, 7, 0, 0, 0, 0, 0, 0]], "output": [[0, 0, 0, 0, 0, 0, 0, 0, 0, 0], [0, 0, 0, 0, 0, 0, 0, 0, 0, 0], [0, 0, 0, 0, 0, 0, 0, 0, 0, 0], [0, 0, 0, 0, 0, 0, 0, 0, 0, 0], [0, 0, 0, 0, 0, 0, 0, 7, 0, 0], [0, 0, 4, 7, 7, 7, 7, 7, 0, 0], [0, 0, 0, 7, 7, 7, 7, 7, 0, 0], [0, 0, 0, 7, 7, 7, 7, 7, 0, 0], [0, 0, 0, 7, 7, 7, 7, 7, 0, 0], [0, 0, 0, 7, 7, 7, 7, 7, 7, 0], [0, 0, 0, 7, 0, 0, 0, 0, 0, 0]]}, {"input": [[0, 0, 0, 0, 0, 0, 0, 0, 0, 0], [0, 0, 0, 0, 0, 0, 0, 0, 0, 0], [0, 0, 0, 0, 0, 0, 0, 0, 0, 0], [0, 0, 7, 7, 0, 0, 7, 7, 0, 0], [0, 0, 7, 7, 7, 7, 7, 7, 0, 0], [0, 0, 7, 7, 7, 7, 7, 7, 0, 0], [0, 0, 0, 7, 7, 7, 7, 7, 0, 0], [0, 0, 0, 7, 7, 7, 7, 7, 0, 0], [0, 0, 7, 7, 7, 7, 7, 7, 0, 0], [0, 0, 7, 7, 7, 0, 0, 7, 0, 0], [0, 0, 0, 0, 0, 0, 0, 0, 0, 0]], "output": [[0, 0, 0, 0, 0, 0, 0, 0, 0, 0], [0, 0, 0, 0, 0, 0, 0, 0, 0, 0], [0, 0, 0, 0, 0, 0, 0, 0, 0, 0], [0, 0, 7, 7, 0, 0, 7, 7, 0, 0], [0, 0, 7, 7, 7, 7, 7, 7, 4, 0], [0, 0, 7, 7, 7, 7, 7, 7, 0, 0], [0, 0, 0, 7, 7, 7, 7, 7, 0, 0], [0, 0, 0, 7, 7, 7, 7, 7, 4, 0], [0, 0, 7, 7, 7, 7, 7, 7, 4, 0], [0, 0, 7, 7, 7, 0, 0, 7, 4, 0], [0, 0, 0, 0, 0, 0, 0, 0, 0, 0]]}, {"input": [[0, 0, 0, 7, 7, 7, 7, 0, 7, 7], [0, 0, 0, 7, 7, 7, 7, 7, 7, 7], [0, 0, 0, 0, 7, 0, 7, 0, 7, 7], [0, 0, 0, 7, 7, 7, 7, 7, 7, 7], [0, 0, 0, 7, 7, 0, 7, 0, 7, 0], [0, 0, 0, 7, 7, 7, 7, 7, 7, 7], [0, 0, 0, 0, 0, 0, 0, 0, 0, 0], [0, 0, 0, 0, 0, 0, 0, 0, 0, 0], [0, 0, 0, 0, 0, 0, 0, 0, 0, 0], [0, 0, 0, 0, 0, 0, 0, 0, 0, 0]], "output": [[0, 0, 0, 7, 7, 7, 7, 0, 7, 7], [0, 0, 0, 7, 7, 7, 7, 7, 7, 7], [0, 0, 0, 0, 7, 0, 7, 0, 7, 7], [0, 0, 0, 7, 7, 7, 7, 7, 7, 7], [0, 0, 0, 7, 7, 0, 7, 0, 7, 0], [0, 0, 0, 7, 7, 7, 7, 7, 7, 7], [0, 0, 0, 4, 4, 0, 4, 4, 4, 0], [0, 0, 0, 0, 0, 0, 0, 0, 0, 0], [0, 0, 0, 0, 0, 0, 0, 0, 0, 0], [0, 0, 0, 0, 0, 0, 0, 0, 0, 0]]}, {"input": [[0, 0, 0, 0, 0, 0, 0, 0, 0, 0, 0, 0], [0, 0, 0, 0, 0, 0, 0, 0, 0, 0, 0, 0], [0, 0, 7, 7, 7, 0, 0, 0, 7, 0, 0, 0], [0, 0, 7, 7, 7, 7, 0, 0, 0, 0, 0, 0], [0, 0, 7, 0, 7, 7, 0, 0, 7, 0, 0, 0], [0, 0, 0, 0, 0, 7, 7, 7, 7, 0, 0, 0], [0, 0, 0, 0, 0, 7, 7, 7, 0, 0, 0, 0], [0, 0, 0, 7, 7, 7, 7, 7, 0, 0, 0, 0], [0, 0, 7, 7, 7, 0, 0, 7, 7, 0, 0, 0], [0, 0, 7, 7, 0, 0, 0, 7, 7, 0, 0, 0], [0, 0, 7, 7, 7, 0, 0, 0, 7, 0, 0, 0], [0, 0, 0, 0, 0, 0, 0, 0, 0, 0, 0, 0], [0, 0, 0, 0, 0, 0, 0, 0, 0, 0, 0, 0]], "output": [[0, 0, 0, 0, 0, 0, 0, 0, 0, 0, 0, 0], [0, 0, 0, 0, 0, 0, 0, 0, 0, 0, 0, 0], [0, 0, 7, 7, 7, 0, 0, 0, 7, 0, 0, 0], [0, 0, 7, 7, 7, 7, 0, 0, 0, 0, 0, 0], [0, 0, 7, 0, 7, 7, 0, 0, 7, 4, 4, 0], [0, 0, 0, 0, 0, 7, 7, 7, 7, 4, 0, 0], [0, 0, 0, 0, 0, 7, 7, 7, 0, 0, 0, 0], [0, 0, 0, 7, 7, 7, 7, 7, 0, 0, 0, 0], [0, 0, 7, 7, 7, 0, 0, 7, 7, 0, 4, 0], [0, 0, 7, 7, 0, 0, 0, 7, 7, 4, 4, 0], [0, 0, 7, 7, 7, 0, 0, 0, 7, 4, 4, 0], [0, 0, 0, 0, 0, 0, 0, 0, 0, 0, 0, 0], [0, 0, 0, 0, 0, 0, 0, 0, 0, 0, 0, 0]]}, {"input": [[0, 0, 0, 0, 0, 0, 0, 0, 0, 0, 0], [0, 0, 0, 0, 0, 0, 0, 0, 0, 0, 0], [0, 0, 0, 0, 0, 0, 0, 0, 0, 0, 0], [0, 0, 0, 0, 7, 7, 0, 0, 0, 0, 0], [0, 0, 0, 0, 7, 7, 7, 7, 0, 0, 0], [0, 0, 0, 0, 7, 7, 7, 7, 0, 0, 0], [0, 0, 0, 7, 7, 7, 7, 7, 0, 0, 0], [0, 0, 0, 7, 7, 7, 7, 7, 0, 0, 0], [0, 0, 0, 0, 0, 0, 7, 7, 0, 0, 0], [0, 0, 0, 0, 0, 0, 0, 0, 0, 0, 0], [0, 0, 0, 0, 0, 0, 0, 0, 0, 0, 0], [0, 0, 0, 0, 0, 0, 0, 0, 0, 0, 0], [0, 0, 0, 0, 0, 0, 0, 0, 0, 0, 0], [0, 0, 0, 0, 0, 0, 0, 0, 0, 0, 0]], "output": [[0, 0, 0, 0, 0, 0, 0, 0, 0, 0, 0], [0, 0, 0, 0, 0, 0, 0, 0, 0, 0, 0], [0, 0, 0, 0, 0, 0, 0, 0, 0, 0, 0], [0, 0, 0, 0, 7, 7, 0, 0, 0, 0, 0], [0, 0, 0, 0, 7, 7, 7, 7, 4, 0, 0], [0, 0, 0, 0, 7, 7, 7, 7, 4, 0, 0], [0, 0, 0, 7, 7, 7, 7, 7, 0, 0, 0], [0, 0, 0, 7, 7, 7, 7, 7, 0, 0, 0], [0, 0, 0, 0, 0, 0, 7, 7, 0, 0, 0], [0, 0, 0, 0, 0, 0, 0, 0, 0, 0, 0], [0, 0, 0, 0, 0, 0, 0, 0, 0, 0, 0], [0, 0, 0, 0, 0, 0, 0, 0, 0, 0, 0], [0, 0, 0, 0, 0, 0, 0, 0, 0, 0, 0], [0, 0, 0, 0, 0, 0, 0, 0, 0, 0, 0]]}, {"input": [[0, 0, 0, 0, 0, 0, 0, 0, 0, 0, 0, 0, 0], [0, 0, 0, 0, 0, 0, 0, 0, 0, 0, 0, 0, 0], [0, 0, 0, 0, 0, 0, 0, 0, 0, 0, 0, 0, 0], [0, 0, 0, 0, 0, 0, 0, 0, 0, 0, 0, 0, 0], [0, 0, 0, 0, 7, 7, 0, 0, 0, 0, 0, 0, 0], [0, 0, 0, 0, 0, 7, 0, 0, 7, 0, 0, 0, 0], [0, 0, 0, 0, 0, 7, 7, 7, 7, 0, 0, 0, 0], [0, 0, 0, 7, 7, 7, 7, 0, 0, 0, 0, 0, 0], [0, 0, 0, 7, 0, 0, 7, 0, 0, 0, 0, 0, 0], [0, 0, 0, 0, 0, 0, 0, 0, 0, 0, 0, 0, 0], [0, 0, 0, 0, 0, 0, 0, 0, 0, 0, 0, 0, 0]], "output": [[0, 0, 0, 0, 0, 0, 0, 0, 0, 0, 0, 0, 0], [0, 0, 0, 0, 0, 0, 0, 0, 0, 0, 0, 0, 0], [0, 0, 0, 0, 0, 0, 0, 0, 0, 0, 0, 0, 0], [0, 0, 0, 0, 0, 0, 0, 0, 0, 0, 0, 0, 0], [0, 0, 0, 0, 7, 7, 0, 0, 0, 0, 0, 0, 0], [0, 0, 0, 0, 0, 7, 0, 0, 7, 0, 0, 0, 0], [0, 0, 0, 0, 0, 7, 7, 7, 7, 0, 0, 0, 0], [0, 0, 0, 7, 7, 7, 7, 0, 0, 0, 0, 0, 0], [0, 0, 0, 7, 0, 0, 7, 0, 0, 0, 0, 0, 0], [0, 0, 0, 0, 0, 0, 4, 4, 0, 0, 0, 0, 0], [0, 0, 0, 0, 0, 0, 0, 0, 0, 0, 0, 0, 0]]}, {"input": [[0, 0, 0, 0, 0, 0, 0, 0, 0, 0, 0], [0, 0, 0, 0, 0, 0, 7, 7, 0, 0, 0], [0, 0, 0, 0, 0, 0, 7, 7, 0, 0, 0], [0, 0, 7, 7, 7, 0, 7, 7, 0, 0, 0], [0, 0, 7, 7, 7, 7, 7, 0, 0, 0, 0], [0, 0, 0, 0, 0, 7, 7, 7, 0, 0, 0], [0, 0, 0, 0, 7, 7, 0, 7, 0, 0, 0], [0, 0, 0, 0, 7, 7, 0, 0, 0, 0, 0], [0, 0, 0, 0, 7, 7, 0, 0, 0, 0, 0], [0, 0, 0, 0, 0, 0, 0, 0, 0, 0, 0], [0, 0, 0, 0, 0, 0, 0, 0, 0, 0, 0]], "output": [[0, 0, 0, 0, 0, 0, 0, 0, 0, 0, 0], [0, 0, 0, 0, 0, 0, 7, 7, 0, 0, 0], [0, 0, 0, 0, 0, 0, 7, 7, 0, 0, 0], [0, 0, 7, 7, 7, 0, 7, 7, 0, 0, 0], [0, 0, 7, 7, 7, 7, 7, 0, 0, 0, 0], [0, 0, 0, 0, 0, 7, 7, 7, 4, 4, 0], [0, 0, 0, 0, 7, 7, 0, 7, 4, 4, 0], [0, 0, 0, 0, 7, 7, 0, 0, 0, 0, 0], [0, 0, 0, 0, 7, 7, 0, 0, 0, 0, 0], [0, 0, 0, 0, 0, 0, 0, 0, 0, 0, 0], [0, 0, 0, 0, 0, 0, 0, 0, 0, 0, 0]]}, {"input": [[0, 0, 0, 0, 0, 0, 0, 0, 0, 0, 0, 0], [0, 0, 0, 0, 0, 0, 0, 0, 0, 0, 0, 0], [0, 0, 0, 0, 0, 0, 0, 0, 0, 0, 0, 0], [0, 0, 0, 0, 0, 0, 7, 0, 0, 0, 0, 0], [0, 0, 0, 0, 0, 7, 7, 7, 0, 0, 0, 0], [0, 0, 0, 0, 7, 7, 7, 7, 7, 0, 0, 0], [0, 0, 0, 0, 7, 7, 7, 7, 7, 7, 0, 0], [0, 0, 0, 0, 7, 7, 7, 7, 7, 0, 0, 0], [0, 0, 0, 0, 0, 7, 7, 7, 0, 0, 0, 0], [0, 0, 0, 0, 0, 0, 7, 0, 0, 0, 0, 0]], "output": [[0, 0, 0, 0, 0, 0, 0, 0, 0, 0, 0, 0], [0, 0, 0, 0, 0, 0, 0, 0, 0, 0, 0, 0], [0, 0, 0, 0, 0, 0, 0, 0, 0, 0, 0, 0], [0, 0, 0, 0, 0, 0, 7, 0, 0, 0, 0, 0], [0, 0, 0, 0, 0, 7, 7, 7, 0, 0, 0, 0], [0, 0, 0, 0, 7, 7, 7, 7, 7, 0, 0, 0], [0, 0, 0, 4, 7, 7, 7, 7, 7, 7, 0, 0], [0, 0, 0, 0, 7, 7, 7, 7, 7, 0, 0, 0], [0, 0, 0, 0, 0, 7, 7, 7, 0, 0, 0, 0], [0, 0, 0, 0, 0, 0, 7, 0, 0, 0, 0, 0]]}, {"input": [[0, 0, 0, 0, 0, 0, 0, 0, 0, 0, 0], [0, 0, 0, 0, 0, 0, 0, 0, 0, 0, 0], [0, 0, 0, 0, 0, 0, 0, 0, 0, 0, 0], [0, 0, 0, 0, 0, 0, 0, 0, 0, 0, 0], [0, 7, 7, 7, 0, 7, 7, 0, 0, 0, 0], [0, 7, 7, 7, 0, 7, 7, 0, 0, 0, 0], [0, 0, 0, 7, 0, 7, 7, 0, 0, 0, 0], [0, 7, 7, 7, 7, 7, 7, 0, 0, 0, 0], [0, 7, 0, 7, 0, 0, 0, 0, 0, 0, 0], [0, 7, 0, 7, 7, 7, 7, 0, 0, 0, 0], [0, 7, 0, 7, 7, 7, 7, 0, 0, 0, 0]], "output": [[0, 0, 0, 0, 0, 0, 0, 0, 0, 0, 0], [0, 0, 0, 0, 0, 0, 0, 0, 0, 0, 0], [0, 0, 0, 0, 0, 0, 0, 0, 0, 0, 0], [0, 0, 0, 0, 0, 0, 0, 0, 0, 0, 0], [4, 7, 7, 7, 0, 7, 7, 0, 0, 0, 0], [4, 7, 7, 7, 0, 7, 7, 0, 0, 0, 0], [0, 0, 0, 7, 0, 7, 7, 0, 0, 0, 0], [4, 7, 7, 7, 7, 7, 7, 0, 0, 0, 0], [4, 7, 0, 7, 0, 0, 0, 0, 0, 0, 0], [4, 7, 0, 7, 7, 7, 7, 0, 0, 0, 0], [0, 7, 0, 7, 7, 7, 7, 0, 0, 0, 0]]}, {"input": [[0, 0, 0, 0, 0, 0, 0, 0, 0, 0, 0], [0, 0, 0, 0, 0, 0, 0, 0, 0, 0, 0], [0, 0, 0, 7, 7, 0, 0, 0, 7, 7, 0], [0, 0, 0, 7, 7, 7, 0, 7, 7, 0, 0], [0, 0, 0, 0, 0, 7, 7, 7, 0, 0, 0], [0, 0, 0, 0, 0, 0, 7, 7, 7, 0, 0], [0, 0, 0, 0, 0, 7, 7, 0, 7, 7, 7], [0, 0, 0, 0, 7, 7, 0, 0, 0, 7, 7], [0, 0, 0, 0, 7, 7, 0, 0, 0, 0, 0], [0, 0, 0, 0, 0, 0, 0, 0, 0, 0, 0], [0, 0, 0, 0, 0, 0, 0, 0, 0, 0, 0], [0, 0, 0, 0, 0, 0, 0, 0, 0, 0, 0], [0, 0, 0, 0, 0, 0, 0, 0, 0, 0, 0], [0, 0, 0, 0, 0, 0, 0, 0, 0, 0, 0]], "output": [[0, 0, 0, 0, 0, 0, 0, 0, 0, 0, 0], [0, 0, 0, 0, 0, 0, 0, 0, 4, 4, 0], [0, 0, 0, 7, 7, 0, 0, 0, 7, 7, 0], [0, 0, 0, 7, 7, 7, 0, 7, 7, 0, 0], [0, 0, 0, 0, 0, 7, 7, 7, 0, 0, 0], [0, 0, 0, 0, 0, 0, 7, 7, 7, 0, 0], [0, 0, 0, 0, 0, 7, 7, 0, 7, 7, 7], [0, 0, 0, 0, 7, 7, 0, 0, 0, 7, 7], [0, 0, 0, 0, 7, 7, 0, 0, 0, 0, 0], [0, 0, 0, 0, 0, 0, 0, 0, 0, 0, 0], [0, 0, 0, 0, 0, 0, 0, 0, 0, 0, 0], [0, 0, 0, 0, 0, 0, 0, 0, 0, 0, 0], [0, 0, 0, 0, 0, 0, 0, 0, 0, 0, 0], [0, 0, 0, 0, 0, 0, 0, 0, 0, 0, 0]]}, {"input": [[0, 0, 0, 0, 0, 0, 0, 0, 0, 0, 0], [0, 0, 0, 0, 0, 0, 0, 0, 0, 0, 0], [0, 0, 0, 0, 0, 0, 0, 0, 0, 0, 0], [0, 0, 0, 0, 0, 0, 0, 0, 0, 0, 0], [0, 0, 0, 0, 0, 0, 0, 0, 0, 0, 0], [0, 0, 0, 0, 0, 0, 0, 0, 0, 0, 0], [0, 0, 0, 0, 0, 0, 0, 0, 0, 0, 0], [0, 0, 0, 0, 0, 0, 7, 0, 7, 0, 0], [0, 0, 0, 0, 7, 7, 7, 7, 7, 0, 0], [0, 0, 0, 0, 7, 0, 7, 0, 0, 0, 0], [0, 0, 0, 0, 7, 0, 7, 7, 7, 0, 0], [0, 0, 0, 0, 0, 0, 0, 0, 0, 0, 0], [0, 0, 0, 0, 0, 0, 0, 0, 0, 0, 0], [0, 0, 0, 0, 0, 0, 0, 0, 0, 0, 0]], "output": [[0, 0, 0, 0, 0, 0, 0, 0, 0, 0, 0], [0, 0, 0, 0, 0, 0, 0, 0, 0, 0, 0], [0, 0, 0, 0, 0, 0, 0, 0, 0, 0, 0], [0, 0, 0, 0, 0, 0, 0, 0, 0, 0, 0], [0, 0, 0, 0, 0, 0, 0, 0, 0, 0, 0], [0, 0, 0, 0, 0, 0, 0, 0, 0, 0, 0], [0, 0, 0, 0, 0, 4, 4, 0, 4, 0, 0], [0, 0, 0, 0, 0, 0, 7, 0, 7, 0, 0], [0, 0, 0, 0, 7, 7, 7, 7, 7, 0, 0], [0, 0, 0, 0, 7, 0, 7, 0, 0, 0, 0], [0, 0, 0, 0, 7, 0, 7, 7, 7, 0, 0], [0, 0, 0, 0, 0, 0, 0, 0, 0, 0, 0], [0, 0, 0, 0, 0, 0, 0, 0, 0, 0, 0], [0, 0, 0, 0, 0, 0, 0, 0, 0, 0, 0]]}, {"input": [[0, 0, 0, 0, 0, 7, 0, 0, 0, 0, 0, 0], [0, 0, 0, 0, 0, 7, 7, 7, 0, 7, 7, 0], [0, 0, 0, 0, 0, 0, 7, 7, 7, 7, 0, 0], [0, 0, 0, 0, 0, 7, 7, 7, 7, 7, 0, 0], [0, 0, 0, 0, 0, 7, 7, 7, 7, 0, 0, 0], [0, 0, 0, 0, 0, 7, 0, 7, 7, 7, 0, 0], [0, 0, 0, 0, 0, 0, 0, 0, 0, 7, 0, 0], [0, 0, 0, 0, 0, 0, 0, 0, 0, 0, 0, 0], [0, 0, 0, 0, 0, 0, 0, 0, 0, 0, 0, 0], [0, 0, 0, 0, 0, 0, 0, 0, 0, 0, 0, 0]], "output": [[0, 0, 0, 0, 0, 7, 0, 0, 0, 0, 0, 0], [0, 0, 0, 0, 0, 7, 7, 7, 0, 7, 7, 0], [0, 0, 0, 0, 0, 0, 7, 7, 7, 7, 0, 0], [0, 0, 0, 0, 0, 7, 7, 7, 7, 7, 0, 0], [0, 0, 0, 0, 0, 7, 7, 7, 7, 0, 0, 0], [0, 0, 0, 0, 4, 7, 0, 7, 7, 7, 0, 0], [0, 0, 0, 0, 0, 0, 0, 0, 0, 7, 0, 0], [0, 0, 0, 0, 0, 0, 0, 0, 0, 0, 0, 0], [0, 0, 0, 0, 0, 0, 0, 0, 0, 0, 0, 0], [0, 0, 0, 0, 0, 0, 0, 0, 0, 0, 0, 0]]}, {"input": [[0, 0, 0, 0, 0, 0, 0, 0, 0, 0], [0, 0, 0, 0, 0, 0, 0, 0, 0, 0], [0, 0, 0, 0, 0, 0, 0, 0, 0, 0], [0, 0, 0, 7, 0, 0, 0, 0, 0, 0], [0, 0, 0, 7, 0, 0, 0, 0, 0, 0], [0, 0, 0, 7, 0, 0, 0, 0, 0, 0], [7, 7, 7, 7, 7, 7, 0, 0, 0, 0], [0, 0, 0, 7, 0, 0, 0, 0, 0, 0], [0, 0, 0, 7, 0, 0, 0, 0, 0, 0], [0, 0, 0, 7, 0, 0, 0, 0, 0, 0], [0, 0, 0, 0, 0, 0, 0, 0, 0, 0]], "output": [[0, 0, 0, 0, 0, 0, 0, 0, 0, 0], [0, 0, 0, 0, 0, 0, 0, 0, 0, 0], [0, 0, 0, 0, 0, 0, 0, 0, 0, 0], [0, 0, 0, 7, 0, 0, 0, 0, 0, 0], [0, 0, 0, 7, 0, 0, 0, 0, 0, 0], [0, 0, 0, 7, 0, 0, 0, 0, 0, 0], [7, 7, 7, 7, 7, 7, 4, 0, 0, 0], [0, 0, 0, 7, 0, 0, 0, 0, 0, 0], [0, 0, 0, 7, 0, 0, 0, 0, 0, 0], [0, 0, 0, 7, 0, 0, 0, 0, 0, 0], [0, 0, 0, 0, 0, 0, 0, 0, 0, 0]]}, {"input": [[0, 0, 0, 0, 0, 0, 0, 0, 0, 0, 0, 0, 0], [0, 0, 0, 0, 0, 0, 0, 0, 0, 0, 0, 0, 0], [0, 0, 0, 0, 0, 0, 0, 0, 0, 0, 0, 0, 0], [0, 0, 0, 7, 7, 7, 0, 0, 0, 0, 0, 0, 0], [0, 0, 0, 0, 7, 7, 0, 0, 0, 0, 0, 0, 0], [0, 0, 0, 0, 7, 7, 0, 0, 0, 0, 0, 0, 0], [0, 0, 0, 0, 7, 7, 7, 7, 7, 0, 0, 0, 0], [0, 0, 0, 0, 7, 7, 7, 7, 7, 0, 0, 0, 0], [0, 7, 7, 7, 7, 7, 7, 7, 0, 0, 0, 0, 0], [0, 7, 7, 7, 7, 7, 7, 7, 0, 0, 0, 0, 0], [0, 7, 0, 0, 0, 0, 7, 7, 0, 0, 0, 0, 0], [0, 0, 0, 0, 0, 0, 7, 7, 0, 0, 0, 0, 0], [0, 0, 0, 0, 0, 0, 7, 7, 7, 0, 0, 0, 0]], "output": [[0, 0, 0, 0, 0, 0, 0, 0, 0, 0, 0, 0, 0], [0, 0, 0, 0, 0, 0, 0, 0, 0, 0, 0, 0, 0], [0, 0, 0, 0, 0, 0, 0, 0, 0, 0, 0, 0, 0], [0, 0, 0, 7, 7, 7, 0, 0, 0, 0, 0, 0, 0], [0, 0, 0, 0, 7, 7, 0, 0, 0, 0, 0, 0, 0], [0, 0, 0, 0, 7, 7, 0, 0, 0, 0, 4, 0, 0], [0, 0, 0, 0, 7, 7, 7, 7, 7, 4, 4, 0, 0], [0, 0, 0, 0, 7, 7, 7, 7, 7, 4, 4, 0, 0], [0, 7, 7, 7, 7, 7, 7, 7, 0, 0, 0, 0, 0], [0, 7, 7, 7, 7, 7, 7, 7, 0, 0, 0, 0, 0], [0, 7, 0, 0, 0, 0, 7, 7, 0, 0, 0, 0, 0], [0, 0, 0, 0, 0, 0, 7, 7, 0, 0, 0, 0, 0], [0, 0, 0, 0, 0, 0, 7, 7, 7, 0, 0, 0, 0]]}, {"input": [[0, 0, 0, 0, 0, 0, 0, 0, 0, 0, 0, 0], [0, 0, 0, 0, 0, 0, 0, 7, 7, 7, 7, 0], [0, 0, 0, 0, 7, 0, 0, 7, 7, 7, 7, 0], [0, 0, 0, 0, 7, 7, 7, 7, 7, 7, 0, 0], [0, 0, 0, 0, 7, 7, 7, 7, 7, 7, 0, 0], [0, 0, 0, 0, 7, 7, 7, 7, 7, 7, 7, 7], [0, 0, 0, 0, 0, 7, 7, 7, 7, 7, 7, 7], [0, 0, 0, 0, 0, 7, 7, 7, 7, 7, 7, 7], [0, 0, 0, 0, 7, 7, 7, 7, 0, 0, 7, 7], [0, 0, 0, 0, 7, 7, 7, 7, 0, 0, 0, 0], [0, 0, 0, 0, 0, 0, 0, 0, 0, 0, 0, 0], [0, 0, 0, 0, 0, 0, 0, 0, 0, 0, 0, 0]], "output": [[0, 0, 0, 0, 0, 0, 0, 0, 0, 0, 0, 0], [0, 0, 0, 0, 0, 0, 0, 7, 7, 7, 7, 0], [0, 0, 0, 4, 7, 0, 0, 7, 7, 7, 7, 0], [0, 0, 0, 4, 7, 7, 7, 7, 7, 7, 0, 0], [0, 0, 0, 4, 7, 7, 7, 7, 7, 7, 0, 0], [0, 0, 0, 4, 7, 7, 7, 7, 7, 7, 7, 7], [0, 0, 0, 0, 0, 7, 7, 7, 7, 7, 7, 7], [0, 0, 0, 0, 0, 7, 7, 7, 7, 7, 7, 7], [0, 0, 0, 0, 7, 7, 7, 7, 0, 0, 7, 7], [0, 0, 0, 0, 7, 7, 7, 7, 0, 0, 0, 0], [0, 0, 0, 0, 0, 0, 0, 0, 0, 0, 0, 0], [0, 0, 0, 0, 0, 0, 0, 0, 0, 0, 0, 0]]}, {"input": [[0, 0, 0, 0, 0, 0, 0, 0, 0, 0], [0, 0, 0, 0, 0, 0, 0, 0, 0, 0], [0, 0, 0, 0, 0, 0, 0, 0, 0, 0], [0, 0, 0, 0, 0, 0, 0, 0, 0, 0], [0, 0, 0, 0, 0, 0, 0, 0, 0, 0], [0, 0, 0, 0, 7, 7, 7, 7, 7, 0], [0, 0, 0, 0, 0, 7, 7, 7, 7, 0], [0, 0, 0, 0, 0, 7, 7, 7, 7, 0], [0, 0, 0, 0, 0, 7, 7, 7, 7, 7], [0, 0, 0, 0, 0, 7, 0, 0, 0, 0], [0, 0, 0, 0, 0, 0, 0, 0, 0, 0]], "output": [[0, 0, 0, 0, 0, 0, 0, 0, 0, 0], [0, 0, 0, 0, 0, 0, 0, 0, 0, 0], [0, 0, 0, 0, 0, 0, 0, 0, 0, 0], [0, 0, 0, 0, 0, 0, 0, 0, 0, 0], [0, 0, 0, 0, 0, 0, 0, 0, 4, 0], [0, 0, 0, 0, 7, 7, 7, 7, 7, 0], [0, 0, 0, 0, 0, 7, 7, 7, 7, 0], [0, 0, 0, 0, 0, 7, 7, 7, 7, 0], [0, 0, 0, 0, 0, 7, 7, 7, 7, 7], [0, 0, 0, 0, 0, 7, 0, 0, 0, 0], [0, 0, 0, 0, 0, 0, 0, 0, 0, 0]]}, {"input": [[0, 0, 0, 0, 0, 0, 0, 0, 0, 0, 0], [0, 0, 0, 0, 0, 0, 0, 0, 0, 0, 0], [0, 0, 0, 0, 0, 0, 0, 0, 0, 0, 0], [0, 0, 0, 0, 0, 0, 0, 0, 0, 0, 0], [0, 0, 0, 0, 0, 0, 0, 0, 0, 0, 0], [0, 0, 0, 0, 0, 0, 0, 0, 0, 0, 0], [0, 0, 0, 0, 0, 0, 0, 0, 0, 0, 0], [0, 0, 7, 0, 0, 0, 0, 0, 0, 0, 0], [0, 0, 7, 7, 7, 7, 7, 0, 0, 0, 0], [0, 0, 7, 7, 7, 7, 0, 0, 0, 0, 0], [0, 0, 7, 7, 7, 7, 0, 0, 0, 0, 0], [0, 7, 7, 7, 7, 7, 0, 0, 0, 0, 0], [0, 0, 0, 0, 0, 0, 0, 0, 0, 0, 0]], "output": [[0, 0, 0, 0, 0, 0, 0, 0, 0, 0, 0], [0, 0, 0, 0, 0, 0, 0, 0, 0, 0, 0], [0, 0, 0, 0, 0, 0, 0, 0, 0, 0, 0], [0, 0, 0, 0, 0, 0, 0, 0, 0, 0, 0], [0, 0, 0, 0, 0, 0, 0, 0, 0, 0, 0], [0, 0, 0, 0, 0, 0, 0, 0, 0, 0, 0], [0, 0, 0, 0, 0, 0, 0, 0, 0, 0, 0], [0, 0, 7, 0, 0, 0, 0, 0, 0, 0, 0], [0, 0, 7, 7, 7, 7, 7, 0, 0, 0, 0], [0, 0, 7, 7, 7, 7, 0, 0, 0, 0, 0], [0, 0, 7, 7, 7, 7, 0, 0, 0, 0, 0], [0, 7, 7, 7, 7, 7, 0, 0, 0, 0, 0], [0, 0, 0, 0, 0, 4, 0, 0, 0, 0, 0]]}, {"input": [[0, 0, 0, 0, 0, 7, 7, 7, 0, 0, 0, 0], [0, 0, 0, 0, 0, 7, 0, 7, 0, 7, 0, 0], [0, 0, 0, 0, 7, 7, 7, 7, 7, 7, 7, 7], [0, 0, 0, 0, 0, 7, 7, 7, 7, 7, 0, 7], [0, 0, 0, 7, 7, 7, 7, 7, 7, 7, 7, 7], [0, 0, 0, 7, 0, 7, 7, 7, 7, 7, 0, 0], [0, 0, 0, 7, 7, 7, 7, 7, 7, 7, 7, 0], [0, 0, 0, 0, 0, 0, 0, 0, 0, 0, 0, 0], [0, 0, 0, 0, 0, 0, 0, 0, 0, 0, 0, 0], [0, 0, 0, 0, 0, 0, 0, 0, 0, 0, 0, 0], [0, 0, 0, 0, 0, 0, 0, 0, 0, 0, 0, 0], [0, 0, 0, 0, 0, 0, 0, 0, 0, 0, 0, 0]], "output": [[0, 0, 0, 0, 0, 7, 7, 7, 0, 0, 0, 0], [0, 0, 0, 0, 0, 7, 0, 7, 0, 7, 0, 0], [0, 0, 0, 0, 7, 7, 7, 7, 7, 7, 7, 7], [0, 0, 0, 0, 0, 7, 7, 7, 7, 7, 0, 7], [0, 0, 0, 7, 7, 7, 7, 7, 7, 7, 7, 7], [0, 0, 0, 7, 0, 7, 7, 7, 7, 7, 0, 0], [0, 0, 0, 7, 7, 7, 7, 7, 7, 7, 7, 0], [0, 0, 0, 0, 0, 4, 0, 4, 0, 4, 0, 0], [0, 0, 0, 0, 0, 0, 0, 4, 4, 4, 0, 0], [0, 0, 0, 0, 0, 0, 0, 0, 0, 0, 0, 0], [0, 0, 0, 0, 0, 0, 0, 0, 0, 0, 0, 0], [0, 0, 0, 0, 0, 0, 0, 0, 0, 0, 0, 0]]}, {"input": [[0, 0, 0, 0, 0, 0, 0, 0, 0, 0, 0, 0, 0, 0], [0, 0, 0, 0, 0, 0, 0, 0, 0, 0, 0, 0, 0, 0], [0, 0, 0, 0, 0, 0, 0, 0, 0, 0, 0, 0, 0, 0], [0, 0, 0, 0, 0, 0, 0, 0, 0, 0, 0, 0, 0, 0], [0, 0, 0, 0, 0, 0, 0, 0, 0, 0, 0, 0, 0, 0], [0, 0, 0, 0, 0, 0, 0, 0, 0, 0, 0, 0, 0, 0], [0, 0, 0, 0, 0, 7, 7, 7, 7, 7, 0, 0, 0, 0], [0, 0, 0, 7, 7, 7, 7, 7, 7, 7, 0, 0, 0, 0], [0, 0, 0, 0, 7, 7, 7, 7, 7, 7, 7, 0, 0, 0], [0, 0, 0, 0, 7, 7, 7, 7, 7, 0, 0, 0, 0, 0], [0, 0, 0, 0, 0, 0, 7, 7, 7, 0, 0, 0, 0, 0], [0, 0, 0, 0, 0, 0, 7, 0, 0, 0, 0, 0, 0, 0], [0, 0, 0, 0, 0, 0, 0, 0, 0, 0, 0, 0, 0, 0]], "output": [[0, 0, 0, 0, 0, 0, 0, 0, 0, 0, 0, 0, 0, 0], [0, 0, 0, 0, 0, 0, 0, 0, 0, 0, 0, 0, 0, 0], [0, 0, 0, 0, 0, 0, 0, 0, 0, 0, 0, 0, 0, 0], [0, 0, 0, 0, 0, 0, 0, 0, 0, 0, 0, 0, 0, 0], [0, 0, 0, 0, 0, 0, 0, 4, 0, 0, 0, 0, 0, 0], [0, 0, 0, 0, 0, 4, 4, 4, 0, 0, 0, 0, 0, 0], [0, 0, 0, 0, 0, 7, 7, 7, 7, 7, 0, 0, 0, 0], [0, 0, 0, 7, 7, 7, 7, 7, 7, 7, 0, 0, 0, 0], [0, 0, 0, 0, 7, 7, 7, 7, 7, 7, 7, 0, 0, 0], [0, 0, 0, 0, 7, 7, 7, 7, 7, 0, 0, 0, 0, 0], [0, 0, 0, 0, 0, 0, 7, 7, 7, 0, 0, 0, 0, 0], [0, 0, 0, 0, 0, 0, 7, 0, 0, 0, 0, 0, 0, 0], [0, 0, 0, 0, 0, 0, 0, 0, 0, 0, 0, 0, 0, 0]]}, {"input": [[0, 0, 0, 0, 0, 0, 0, 0, 0, 0, 0, 0, 0, 0], [0, 0, 0, 0, 0, 0, 0, 0, 0, 0, 0, 0, 0, 0], [0, 0, 0, 0, 0, 0, 7, 7, 7, 0, 0, 0, 0, 0], [0, 0, 0, 0, 0, 0, 7, 7, 7, 0, 0, 0, 0, 0], [0, 0, 0, 0, 0, 0, 7, 7, 7, 0, 7, 7, 7, 7], [0, 0, 0, 0, 0, 0, 7, 7, 7, 0, 7, 7, 7, 7], [0, 0, 0, 0, 0, 0, 0, 0, 7, 7, 7, 7, 7, 7], [0, 0, 0, 0, 0, 7, 7, 7, 7, 7, 0, 0, 0, 0], [0, 0, 0, 0, 0, 7, 7, 7, 0, 7, 7, 7, 0, 0], [0, 0, 0, 0, 0, 7, 7, 7, 0, 7, 7, 7, 0, 0], [0, 0, 0, 0, 0, 0, 0, 0, 0, 7, 7, 7, 0, 0], [0, 0, 0, 0, 0, 0, 0, 0, 0, 7, 7, 7, 0, 0], [0, 0, 0, 0, 0, 0, 0, 0, 0, 0, 0, 0, 0, 0], [0, 0, 0, 0, 0, 0, 0, 0, 0, 0, 0, 0, 0, 0]], "output": [[0, 0, 0, 0, 0, 0, 0, 0, 0, 0, 0, 0, 0, 0], [0, 0, 0, 0, 0, 0, 0, 0, 0, 0, 0, 0, 0, 0], [0, 0, 0, 0, 0, 0, 7, 7, 7, 0, 0, 0, 0, 0], [0, 0, 0, 0, 0, 0, 7, 7, 7, 0, 0, 0, 0, 0], [0, 0, 0, 0, 0, 0, 7, 7, 7, 0, 7, 7, 7, 7], [0, 0, 0, 0, 0, 0, 7, 7, 7, 0, 7, 7, 7, 7], [0, 0, 0, 0, 0, 0, 0, 0, 7, 7, 7, 7, 7, 7], [0, 0, 0, 0, 4, 7, 7, 7, 7, 7, 0, 0, 0, 0], [0, 0, 0, 0, 4, 7, 7, 7, 0, 7, 7, 7, 0, 0], [0, 0, 0, 0, 4, 7, 7, 7, 0, 7, 7, 7, 0, 0], [0, 0, 0, 0, 0, 0, 0, 0, 0, 7, 7, 7, 0, 0], [0, 0, 0, 0, 0, 0, 0, 0, 0, 7, 7, 7, 0, 0], [0, 0, 0, 0, 0, 0, 0, 0, 0, 0, 0, 0, 0, 0], [0, 0, 0, 0, 0, 0, 0, 0, 0, 0, 0, 0, 0, 0]]}, {"input": [[0, 0, 0, 0, 0, 0, 7, 7, 0, 0], [0, 0, 0, 0, 7, 7, 7, 7, 0, 0], [0, 0, 0, 0, 7, 7, 7, 7, 0, 0], [0, 0, 0, 0, 7, 7, 7, 7, 7, 0], [0, 0, 0, 0, 7, 7, 7, 7, 7, 0], [0, 0, 0, 0, 7, 7, 0, 0, 0, 0], [0, 0, 0, 0, 0, 0, 0, 0, 0, 0], [0, 0, 0, 0, 0, 0, 0, 0, 0, 0], [0, 0, 0, 0, 0, 0, 0, 0, 0, 0], [0, 0, 0, 0, 0, 0, 0, 0, 0, 0], [0, 0, 0, 0, 0, 0, 0, 0, 0, 0]], "output": [[0, 0, 0, 0, 0, 0, 7, 7, 0, 0], [0, 0, 0, 4, 7, 7, 7, 7, 0, 0], [0, 0, 0, 4, 7, 7, 7, 7, 0, 0], [0, 0, 0, 0, 7, 7, 7, 7, 7, 0], [0, 0, 0, 0, 7, 7, 7, 7, 7, 0], [0, 0, 0, 0, 7, 7, 0, 0, 0, 0], [0, 0, 0, 0, 0, 0, 0, 0, 0, 0], [0, 0, 0, 0, 0, 0, 0, 0, 0, 0], [0, 0, 0, 0, 0, 0, 0, 0, 0, 0], [0, 0, 0, 0, 0, 0, 0, 0, 0, 0], [0, 0, 0, 0, 0, 0, 0, 0, 0, 0]]}, {"input": [[0, 0, 0, 0, 0, 0, 0, 0, 0, 0, 0, 0, 0], [0, 0, 0, 0, 0, 0, 0, 0, 0, 0, 0, 0, 0], [0, 0, 0, 0, 0, 0, 0, 0, 0, 0, 0, 0, 0], [0, 0, 0, 0, 0, 0, 0, 0, 0, 0, 0, 0, 0], [0, 0, 0, 0, 0, 0, 0, 0, 7, 7, 0, 7, 0], [0, 0, 0, 0, 0, 0, 7, 7, 7, 7, 0, 7, 7], [0, 0, 0, 0, 7, 7, 7, 7, 7, 7, 7, 7, 7], [0, 0, 0, 0, 7, 7, 0, 7, 7, 7, 7, 0, 0], [0, 0, 0, 0, 0, 7, 0, 7, 7, 0, 0, 0, 0], [0, 0, 0, 0, 0, 0, 0, 0, 7, 7, 7, 0, 0], [0, 0, 0, 0, 0, 0, 0, 0, 7, 7, 0, 0, 0], [0, 0, 0, 0, 0, 0, 0, 0, 0, 0, 0, 0, 0]], "output": [[0, 0, 0, 0, 0, 0, 0, 0, 0, 0, 0, 0, 0], [0, 0, 0, 0, 0, 0, 0, 0, 0, 0, 0, 0, 0], [0, 0, 0, 0, 0, 0, 0, 4, 4, 0, 0, 0, 0], [0, 0, 0, 0, 0, 0, 4, 4, 4, 0, 0, 0, 0], [0, 0, 0, 0, 0, 0, 0, 0, 7, 7, 0, 7, 0], [0, 0, 0, 0, 0, 0, 7, 7, 7, 7, 0, 7, 7], [0, 0, 0, 0, 7, 7, 7, 7, 7, 7, 7, 7, 7], [0, 0, 0, 0, 7, 7, 0, 7, 7, 7, 7, 0, 0], [0, 0, 0, 0, 0, 7, 0, 7, 7, 0, 0, 0, 0], [0, 0, 0, 0, 0, 0, 0, 0, 7, 7, 7, 0, 0], [0, 0, 0, 0, 0, 0, 0, 0, 7, 7, 0, 0, 0], [0, 0, 0, 0, 0, 0, 0, 0, 0, 0, 0, 0, 0]]}], "test": [{"input": [[0, 0, 0, 0, 0, 0, 0, 0, 0, 0], [0, 0, 0, 0, 0, 0, 0, 0, 0, 0], [0, 0, 0, 0, 0, 0, 0, 0, 0, 0], [0, 0, 0, 0, 0, 7, 7, 0, 0, 0], [0, 0, 0, 0, 0, 0, 7, 0, 0, 0], [0, 0, 0, 0, 0, 0, 7, 7, 7, 0], [0, 0, 0, 0, 7, 7, 7, 7, 0, 0], [0, 0, 0, 0, 7, 0, 0, 7, 0, 0], [0, 0, 0, 0, 0, 0, 0, 7, 7, 0], [0, 0, 0, 0, 0, 0, 0, 0, 0, 0], [0, 0, 0, 0, 0, 0, 0, 0, 0, 0], [0, 0, 0, 0, 0, 0, 0, 0, 0, 0]], "output": [[0, 0, 0, 0, 0, 0, 0, 0, 0, 0], [0, 0, 0, 0, 0, 0, 0, 0, 0, 0], [0, 0, 0, 0, 0, 0, 0, 0, 0, 0], [0, 0, 0, 0, 0, 7, 7, 0, 0, 0], [0, 0, 0, 0, 0, 0, 7, 0, 0, 4], [0, 0, 0, 0, 0, 0, 7, 7, 7, 4], [0, 0, 0, 0, 7, 7, 7, 7, 0, 0], [0, 0, 0, 0, 7, 0, 0, 7, 0, 0], [0, 0, 0, 0, 0, 0, 0, 7, 7, 0], [0, 0, 0, 0, 0, 0, 0, 0, 0, 0], [0, 0, 0, 0, 0, 0, 0, 0, 0, 0], [0, 0, 0, 0, 0, 0, 0, 0, 0, 0]]}, {"input": [[0, 0, 0, 0, 0, 0, 0, 0, 0, 0, 0, 0], [0, 0, 0, 0, 0, 0, 0, 0, 0, 0, 0, 0], [0, 0, 0, 0, 0, 0, 0, 0, 0, 0, 0, 0], [0, 0, 0, 0, 0, 7, 7, 0, 0, 0, 0, 0], [0, 0, 7, 7, 7, 7, 7, 7, 0, 0, 0, 0], [0, 7, 7, 7, 7, 7, 7, 7, 0, 0, 0, 0], [0, 7, 7, 7, 7, 7, 7, 7, 0, 0, 0, 0], [0, 0, 7, 7, 7, 7, 7, 7, 7, 0, 0, 0], [0, 0, 7, 7, 7, 7, 7, 7, 7, 0, 0, 0], [0, 0, 0, 0, 0, 0, 0, 0, 0, 0, 0, 0], [0, 0, 0, 0, 0, 0, 0, 0, 0, 0, 0, 0], [0, 0, 0, 0, 0, 0, 0, 0, 0, 0, 0, 0]], "output": [[0, 0, 0, 0, 0, 0, 0, 0, 0, 0, 0, 0], [0, 0, 0, 0, 0, 0, 0, 0, 0, 0, 0, 0], [0, 0, 0, 0, 0, 0, 4, 4, 0, 0, 0, 0], [0, 0, 0, 4, 4, 7, 7, 4, 0, 0, 0, 0], [0, 0, 7, 7, 7, 7, 7, 7, 0, 0, 0, 0], [0, 7, 7, 7, 7, 7, 7, 7, 0, 0, 0, 0], [0, 7, 7, 7, 7, 7, 7, 7, 0, 0, 0, 0], [0, 0, 7, 7, 7, 7, 7, 7, 7, 0, 0, 0], [0, 0, 7, 7, 7, 7, 7, 7, 7, 0, 0, 0], [0, 0, 0, 0, 4, 4, 0, 0, 0, 0, 0, 0], [0, 0, 0, 0, 0, 0, 0, 0, 0, 0, 0, 0], [0, 0, 0, 0, 0, 0, 0, 0, 0, 0, 0, 0]]}, {"input": [[0, 0, 0, 0, 0, 0, 0, 0, 0, 0, 0], [0, 0, 0, 0, 0, 0, 0, 0, 0, 0, 0], [0, 0, 0, 0, 0, 0, 0, 0, 0, 0, 0], [0, 0, 0, 0, 0, 0, 0, 0, 0, 0, 0], [0, 0, 0, 0, 0, 0, 0, 0, 0, 0, 0], [0, 0, 0, 0, 0, 0, 7, 0, 0, 0, 0], [0, 7, 7, 0, 7, 0, 7, 0, 0, 0, 0], [0, 0, 7, 7, 7, 7, 7, 0, 0, 0, 0], [0, 7, 7, 7, 7, 7, 0, 0, 0, 0, 0], [0, 0, 7, 7, 7, 7, 7, 0, 0, 0, 0], [0, 7, 7, 7, 7, 7, 0, 0, 0, 0, 0], [0, 7, 0, 7, 0, 7, 7, 7, 0, 0, 0], [0, 7, 0, 0, 0, 0, 0, 0, 0, 0, 0]], "output": [[0, 0, 0, 0, 0, 0, 0, 0, 0, 0, 0], [0, 0, 0, 0, 0, 0, 0, 0, 0, 0, 0], [0, 0, 0, 0, 0, 0, 0, 0, 0, 0, 0], [0, 0, 0, 0, 0, 0, 0, 0, 0, 0, 0], [0, 0, 0, 0, 0, 0, 0, 0, 0, 0, 0], [0, 0, 0, 0, 0, 0, 7, 0, 0, 0, 0], [4, 7, 7, 0, 7, 0, 7, 0, 0, 0, 0], [0, 0, 7, 7, 7, 7, 7, 0, 0, 0, 0], [0, 7, 7, 7, 7, 7, 0, 0, 0, 0, 0], [0, 0, 7, 7, 7, 7, 7, 0, 0, 0, 0], [0, 7, 7, 7, 7, 7, 0, 0, 0, 0, 0], [0, 7, 0, 7, 0, 7, 7, 7, 0, 0, 0], [0, 7, 0, 0, 0, 0, 0, 0, 0, 0, 0]]}]}