{"train": [{"input": [[2, 1, 2, 1, 2, 1, 2, 1, 2, 1, 2, 1, 2, 1, 2], [2, 1, 2, 1, 2, 1, 2, 1, 2, 1, 2, 1, 2, 1, 2], [2, 1, 2, 1, 2, 1, 2, 1, 2, 1, 2, 1, 2, 1, 2], [2, 1, 2, 1, 2, 1, 2, 1, 2, 1, 2, 1, 2, 1, 2], [0, 0, 0, 0, 0, 0, 0, 0, 0, 0, 0, 0, 0, 0, 0], [0, 0, 0, 0, 0, 0, 0, 0, 0, 0, 0, 0, 0, 0, 0], [0, 0, 0, 0, 0, 0, 0, 0, 0, 0, 0, 0, 0, 0, 0], [0, 0, 0, 0, 0, 0, 0, 0, 0, 0, 0, 0, 0, 0, 0], [0, 0, 0, 0, 0, 0, 0, 0, 0, 0, 0, 0, 0, 0, 0], [0, 0, 0, 0, 0, 0, 0, 0, 0, 0, 0, 0, 0, 0, 0], [0, 0, 0, 0, 0, 0, 0, 0, 0, 0, 0, 0, 0, 0, 0]], "output": [[1, 2, 1, 2, 1, 2, 1, 2, 1, 2, 1, 2, 1, 2, 1], [2, 1, 2, 1, 2, 1, 2, 1, 2, 1, 2, 1, 2, 1, 2], [1, 2, 1, 2, 1, 2, 1, 2, 1, 2, 1, 2, 1, 2, 1], [2, 1, 2, 1, 2, 1, 2, 1, 2, 1, 2, 1, 2, 1, 2], [2, 1, 2, 1, 2, 1, 2, 1, 2, 1, 2, 1, 2, 1, 2], [1, 2, 1, 2, 1, 2, 1, 2, 1, 2, 1, 2, 1, 2, 1], [2, 1, 2, 1, 2, 1, 2, 1, 2, 1, 2, 1, 2, 1, 2], [1, 2, 1, 2, 1, 2, 1, 2, 1, 2, 1, 2, 1, 2, 1], [2, 1, 2, 1, 2, 1, 2, 1, 2, 1, 2, 1, 2, 1, 2], [1, 2, 1, 2, 1, 2, 1, 2, 1, 2, 1, 2, 1, 2, 1], [2, 1, 2, 1, 2, 1, 2, 1, 2, 1, 2, 1, 2, 1, 2]]}, {"input": [[2, 1, 2, 1, 2, 1, 2, 1, 2, 1, 2, 1, 2], [2, 1, 2, 1, 2, 1, 2, 1, 2, 1, 2, 1, 2], [2, 1, 2, 1, 2, 1, 2, 1, 2, 1, 2, 1, 2], [2, 1, 2, 1, 2, 1, 2, 1, 2, 1, 2, 1, 2], [0, 0, 0, 0, 0, 0, 0, 0, 0, 0, 0, 0, 0], [0, 0, 0, 0, 0, 0, 0, 0, 0, 0, 0, 0, 0], [0, 0, 0, 0, 0, 0, 0, 0, 0, 0, 0, 0, 0], [0, 0, 0, 0, 0, 0, 0, 0, 0, 0, 0, 0, 0], [0, 0, 0, 0, 0, 0, 0, 0, 0, 0, 0, 0, 0], [0, 0, 0, 0, 0, 0, 0, 0, 0, 0, 0, 0, 0]], "output": [[1, 2, 1, 2, 1, 2, 1, 2, 1, 2, 1, 2, 1], [2, 1, 2, 1, 2, 1, 2, 1, 2, 1, 2, 1, 2], [1, 2, 1, 2, 1, 2, 1, 2, 1, 2, 1, 2, 1], [2, 1, 2, 1, 2, 1, 2, 1, 2, 1, 2, 1, 2], [2, 1, 2, 1, 2, 1, 2, 1, 2, 1, 2, 1, 2], [1, 2, 1, 2, 1, 2, 1, 2, 1, 2, 1, 2, 1], [2, 1, 2, 1, 2, 1, 2, 1, 2, 1, 2, 1, 2], [1, 2, 1, 2, 1, 2, 1, 2, 1, 2, 1, 2, 1], [2, 1, 2, 1, 2, 1, 2, 1, 2, 1, 2, 1, 2], [1, 2, 1, 2, 1, 2, 1, 2, 1, 2, 1, 2, 1]]}, {"input": [[2, 1, 2, 1, 2, 1, 2, 1, 2, 1, 2, 1, 2, 1], [2, 1, 2, 1, 2, 1, 2, 1, 2, 1, 2, 1, 2, 1], [0, 0, 0, 0, 0, 0, 0, 0, 0, 0, 0, 0, 0, 0], [0, 0, 0, 0, 0, 0, 0, 0, 0, 0, 0, 0, 0, 0], [0, 0, 0, 0, 0, 0, 0, 0, 0, 0, 0, 0, 0, 0], [0, 0, 0, 0, 0, 0, 0, 0, 0, 0, 0, 0, 0, 0], [0, 0, 0, 0, 0, 0, 0, 0, 0, 0, 0, 0, 0, 0], [0, 0, 0, 0, 0, 0, 0, 0, 0, 0, 0, 0, 0, 0], [0, 0, 0, 0, 0, 0, 0, 0, 0, 0, 0, 0, 0, 0], [0, 0, 0, 0, 0, 0, 0, 0, 0, 0, 0, 0, 0, 0]], "output": [[1, 2, 1, 2, 1, 2, 1, 2, 1, 2, 1, 2, 1, 2], [2, 1, 2, 1, 2, 1, 2, 1, 2, 1, 2, 1, 2, 1], [2, 1, 2, 1, 2, 1, 2, 1, 2, 1, 2, 1, 2, 1], [1, 2, 1, 2, 1, 2, 1, 2, 1, 2, 1, 2, 1, 2], [2, 1, 2, 1, 2, 1, 2, 1, 2, 1, 2, 1, 2, 1], [1, 2, 1, 2, 1, 2, 1, 2, 1, 2, 1, 2, 1, 2], [2, 1, 2, 1, 2, 1, 2, 1, 2, 1, 2, 1, 2, 1], [1, 2, 1, 2, 1, 2, 1, 2, 1, 2, 1, 2, 1, 2], [2, 1, 2, 1, 2, 1, 2, 1, 2, 1, 2, 1, 2, 1], [1, 2, 1, 2, 1, 2, 1, 2, 1, 2, 1, 2, 1, 2]]}, {"input": [[2, 1, 2, 1, 2, 1, 2, 1, 2, 1, 2, 1], [2, 1, 2, 1, 2, 1, 2, 1, 2, 1, 2, 1], [2, 1, 2, 1, 2, 1, 2, 1, 2, 1, 2, 1], [0, 0, 0, 0, 0, 0, 0, 0, 0, 0, 0, 0], [0, 0, 0, 0, 0, 0, 0, 0, 0, 0, 0, 0], [0, 0, 0, 0, 0, 0, 0, 0, 0, 0, 0, 0], [0, 0, 0, 0, 0, 0, 0, 0, 0, 0, 0, 0], [0, 0, 0, 0, 0, 0, 0, 0, 0, 0, 0, 0], [0, 0, 0, 0, 0, 0, 0, 0, 0, 0, 0, 0], [0, 0, 0, 0, 0, 0, 0, 0, 0, 0, 0, 0], [0, 0, 0, 0, 0, 0, 0, 0, 0, 0, 0, 0], [0, 0, 0, 0, 0, 0, 0, 0, 0, 0, 0, 0]], "output": [[2, 1, 2, 1, 2, 1, 2, 1, 2, 1, 2, 1], [1, 2, 1, 2, 1, 2, 1, 2, 1, 2, 1, 2], [2, 1, 2, 1, 2, 1, 2, 1, 2, 1, 2, 1], [2, 1, 2, 1, 2, 1, 2, 1, 2, 1, 2, 1], [1, 2, 1, 2, 1, 2, 1, 2, 1, 2, 1, 2], [2, 1, 2, 1, 2, 1, 2, 1, 2, 1, 2, 1], [1, 2, 1, 2, 1, 2, 1, 2, 1, 2, 1, 2], [2, 1, 2, 1, 2, 1, 2, 1, 2, 1, 2, 1], [1, 2, 1, 2, 1, 2, 1, 2, 1, 2, 1, 2], [2, 1, 2, 1, 2, 1, 2, 1, 2, 1, 2, 1], [1, 2, 1, 2, 1, 2, 1, 2, 1, 2, 1, 2], [2, 1, 2, 1, 2, 1, 2, 1, 2, 1, 2, 1]]}, {"input": [[2, 1, 2, 1, 2, 1, 2, 1, 2, 1, 2, 1, 2, 1, 2], [2, 1, 2, 1, 2, 1, 2, 1, 2, 1, 2, 1, 2, 1, 2], [0, 0, 0, 0, 0, 0, 0, 0, 0, 0, 0, 0, 0, 0, 0], [0, 0, 0, 0, 0, 0, 0, 0, 0, 0, 0, 0, 0, 0, 0], [0, 0, 0, 0, 0, 0, 0, 0, 0, 0, 0, 0, 0, 0, 0], [0, 0, 0, 0, 0, 0, 0, 0, 0, 0, 0, 0, 0, 0, 0], [0, 0, 0, 0, 0, 0, 0, 0, 0, 0, 0, 0, 0, 0, 0], [0, 0, 0, 0, 0, 0, 0, 0, 0, 0, 0, 0, 0, 0, 0], [0, 0, 0, 0, 0, 0, 0, 0, 0, 0, 0, 0, 0, 0, 0], [0, 0, 0, 0, 0, 0, 0, 0, 0, 0, 0, 0, 0, 0, 0], [0, 0, 0, 0, 0, 0, 0, 0, 0, 0, 0, 0, 0, 0, 0], [0, 0, 0, 0, 0, 0, 0, 0, 0, 0, 0, 0, 0, 0, 0], [0, 0, 0, 0, 0, 0, 0, 0, 0, 0, 0, 0, 0, 0, 0], [0, 0, 0, 0, 0, 0, 0, 0, 0, 0, 0, 0, 0, 0, 0], [0, 0, 0, 0, 0, 0, 0, 0, 0, 0, 0, 0, 0, 0, 0], [0, 0, 0, 0, 0, 0, 0, 0, 0, 0, 0, 0, 0, 0, 0], [0, 0, 0, 0, 0, 0, 0, 0, 0, 0, 0, 0, 0, 0, 0], [0, 0, 0, 0, 0, 0, 0, 0, 0, 0, 0, 0, 0, 0, 0], [0, 0, 0, 0, 0, 0, 0, 0, 0, 0, 0, 0, 0, 0, 0]], "output": [[1, 2, 1, 2, 1, 2, 1, 2, 1, 2, 1, 2, 1, 2, 1], [2, 1, 2, 1, 2, 1, 2, 1, 2, 1, 2, 1, 2, 1, 2], [2, 1, 2, 1, 2, 1, 2, 1, 2, 1, 2, 1, 2, 1, 2], [1, 2, 1, 2, 1, 2, 1, 2, 1, 2, 1, 2, 1, 2, 1], [2, 1, 2, 1, 2, 1, 2, 1, 2, 1, 2, 1, 2, 1, 2], [1, 2, 1, 2, 1, 2, 1, 2, 1, 2, 1, 2, 1, 2, 1], [2, 1, 2, 1, 2, 1, 2, 1, 2, 1, 2, 1, 2, 1, 2], [1, 2, 1, 2, 1, 2, 1, 2, 1, 2, 1, 2, 1, 2, 1], [2, 1, 2, 1, 2, 1, 2, 1, 2, 1, 2, 1, 2, 1, 2], [1, 2, 1, 2, 1, 2, 1, 2, 1, 2, 1, 2, 1, 2, 1], [2, 1, 2, 1, 2, 1, 2, 1, 2, 1, 2, 1, 2, 1, 2], [1, 2, 1, 2, 1, 2, 1, 2, 1, 2, 1, 2, 1, 2, 1], [2, 1, 2, 1, 2, 1, 2, 1, 2, 1, 2, 1, 2, 1, 2], [1, 2, 1, 2, 1, 2, 1, 2, 1, 2, 1, 2, 1, 2, 1], [2, 1, 2, 1, 2, 1, 2, 1, 2, 1, 2, 1, 2, 1, 2], [1, 2, 1, 2, 1, 2, 1, 2, 1, 2, 1, 2, 1, 2, 1], [2, 1, 2, 1, 2, 1, 2, 1, 2, 1, 2, 1, 2, 1, 2], [1, 2, 1, 2, 1, 2, 1, 2, 1, 2, 1, 2, 1, 2, 1], [2, 1, 2, 1, 2, 1, 2, 1, 2, 1, 2, 1, 2, 1, 2]]}, {"input": [[2, 1, 2, 1, 2, 1, 2, 1, 2, 1, 2, 1, 2], [2, 1, 2, 1, 2, 1, 2, 1, 2, 1, 2, 1, 2], [0, 0, 0, 0, 0, 0, 0, 0, 0, 0, 0, 0, 0], [0, 0, 0, 0, 0, 0, 0, 0, 0, 0, 0, 0, 0], [0, 0, 0, 0, 0, 0, 0, 0, 0, 0, 0, 0, 0], [0, 0, 0, 0, 0, 0, 0, 0, 0, 0, 0, 0, 0], [0, 0, 0, 0, 0, 0, 0, 0, 0, 0, 0, 0, 0], [0, 0, 0, 0, 0, 0, 0, 0, 0, 0, 0, 0, 0], [0, 0, 0, 0, 0, 0, 0, 0, 0, 0, 0, 0, 0], [0, 0, 0, 0, 0, 0, 0, 0, 0, 0, 0, 0, 0], [0, 0, 0, 0, 0, 0, 0, 0, 0, 0, 0, 0, 0], [0, 0, 0, 0, 0, 0, 0, 0, 0, 0, 0, 0, 0], [0, 0, 0, 0, 0, 0, 0, 0, 0, 0, 0, 0, 0], [0, 0, 0, 0, 0, 0, 0, 0, 0, 0, 0, 0, 0], [0, 0, 0, 0, 0, 0, 0, 0, 0, 0, 0, 0, 0], [0, 0, 0, 0, 0, 0, 0, 0, 0, 0, 0, 0, 0], [0, 0, 0, 0, 0, 0, 0, 0, 0, 0, 0, 0, 0]], "output": [[1, 2, 1, 2, 1, 2, 1, 2, 1, 2, 1, 2, 1], [2, 1, 2, 1, 2, 1, 2, 1, 2, 1, 2, 1, 2], [2, 1, 2, 1, 2, 1, 2, 1, 2, 1, 2, 1, 2], [1, 2, 1, 2, 1, 2, 1, 2, 1, 2, 1, 2, 1], [2, 1, 2, 1, 2, 1, 2, 1, 2, 1, 2, 1, 2], [1, 2, 1, 2, 1, 2, 1, 2, 1, 2, 1, 2, 1], [2, 1, 2, 1, 2, 1, 2, 1, 2, 1, 2, 1, 2], [1, 2, 1, 2, 1, 2, 1, 2, 1, 2, 1, 2, 1], [2, 1, 2, 1, 2, 1, 2, 1, 2, 1, 2, 1, 2], [1, 2, 1, 2, 1, 2, 1, 2, 1, 2, 1, 2, 1], [2, 1, 2, 1, 2, 1, 2, 1, 2, 1, 2, 1, 2], [1, 2, 1, 2, 1, 2, 1, 2, 1, 2, 1, 2, 1], [2, 1, 2, 1, 2, 1, 2, 1, 2, 1, 2, 1, 2], [1, 2, 1, 2, 1, 2, 1, 2, 1, 2, 1, 2, 1], [2, 1, 2, 1, 2, 1, 2, 1, 2, 1, 2, 1, 2], [1, 2, 1, 2, 1, 2, 1, 2, 1, 2, 1, 2, 1], [2, 1, 2, 1, 2, 1, 2, 1, 2, 1, 2, 1, 2]]}, {"input": [[2, 1, 2, 1, 2, 1, 2, 1, 2, 1, 2, 1, 2, 1], [2, 1, 2, 1, 2, 1, 2, 1, 2, 1, 2, 1, 2, 1], [0, 0, 0, 0, 0, 0, 0, 0, 0, 0, 0, 0, 0, 0], [0, 0, 0, 0, 0, 0, 0, 0, 0, 0, 0, 0, 0, 0], [0, 0, 0, 0, 0, 0, 0, 0, 0, 0, 0, 0, 0, 0], [0, 0, 0, 0, 0, 0, 0, 0, 0, 0, 0, 0, 0, 0], [0, 0, 0, 0, 0, 0, 0, 0, 0, 0, 0, 0, 0, 0], [0, 0, 0, 0, 0, 0, 0, 0, 0, 0, 0, 0, 0, 0], [0, 0, 0, 0, 0, 0, 0, 0, 0, 0, 0, 0, 0, 0]], "output": [[1, 2, 1, 2, 1, 2, 1, 2, 1, 2, 1, 2, 1, 2], [2, 1, 2, 1, 2, 1, 2, 1, 2, 1, 2, 1, 2, 1], [2, 1, 2, 1, 2, 1, 2, 1, 2, 1, 2, 1, 2, 1], [1, 2, 1, 2, 1, 2, 1, 2, 1, 2, 1, 2, 1, 2], [2, 1, 2, 1, 2, 1, 2, 1, 2, 1, 2, 1, 2, 1], [1, 2, 1, 2, 1, 2, 1, 2, 1, 2, 1, 2, 1, 2], [2, 1, 2, 1, 2, 1, 2, 1, 2, 1, 2, 1, 2, 1], [1, 2, 1, 2, 1, 2, 1, 2, 1, 2, 1, 2, 1, 2], [2, 1, 2, 1, 2, 1, 2, 1, 2, 1, 2, 1, 2, 1]]}, {"input": [[2, 1, 2, 1, 2, 1, 2, 1, 2, 1, 2, 1, 2, 1, 2, 1], [2, 1, 2, 1, 2, 1, 2, 1, 2, 1, 2, 1, 2, 1, 2, 1], [2, 1, 2, 1, 2, 1, 2, 1, 2, 1, 2, 1, 2, 1, 2, 1], [2, 1, 2, 1, 2, 1, 2, 1, 2, 1, 2, 1, 2, 1, 2, 1], [0, 0, 0, 0, 0, 0, 0, 0, 0, 0, 0, 0, 0, 0, 0, 0], [0, 0, 0, 0, 0, 0, 0, 0, 0, 0, 0, 0, 0, 0, 0, 0], [0, 0, 0, 0, 0, 0, 0, 0, 0, 0, 0, 0, 0, 0, 0, 0], [0, 0, 0, 0, 0, 0, 0, 0, 0, 0, 0, 0, 0, 0, 0, 0], [0, 0, 0, 0, 0, 0, 0, 0, 0, 0, 0, 0, 0, 0, 0, 0], [0, 0, 0, 0, 0, 0, 0, 0, 0, 0, 0, 0, 0, 0, 0, 0], [0, 0, 0, 0, 0, 0, 0, 0, 0, 0, 0, 0, 0, 0, 0, 0], [0, 0, 0, 0, 0, 0, 0, 0, 0, 0, 0, 0, 0, 0, 0, 0], [0, 0, 0, 0, 0, 0, 0, 0, 0, 0, 0, 0, 0, 0, 0, 0], [0, 0, 0, 0, 0, 0, 0, 0, 0, 0, 0, 0, 0, 0, 0, 0], [0, 0, 0, 0, 0, 0, 0, 0, 0, 0, 0, 0, 0, 0, 0, 0], [0, 0, 0, 0, 0, 0, 0, 0, 0, 0, 0, 0, 0, 0, 0, 0]], "output": [[1, 2, 1, 2, 1, 2, 1, 2, 1, 2, 1, 2, 1, 2, 1, 2], [2, 1, 2, 1, 2, 1, 2, 1, 2, 1, 2, 1, 2, 1, 2, 1], [1, 2, 1, 2, 1, 2, 1, 2, 1, 2, 1, 2, 1, 2, 1, 2], [2, 1, 2, 1, 2, 1, 2, 1, 2, 1, 2, 1, 2, 1, 2, 1], [2, 1, 2, 1, 2, 1, 2, 1, 2, 1, 2, 1, 2, 1, 2, 1], [1, 2, 1, 2, 1, 2, 1, 2, 1, 2, 1, 2, 1, 2, 1, 2], [2, 1, 2, 1, 2, 1, 2, 1, 2, 1, 2, 1, 2, 1, 2, 1], [1, 2, 1, 2, 1, 2, 1, 2, 1, 2, 1, 2, 1, 2, 1, 2], [2, 1, 2, 1, 2, 1, 2, 1, 2, 1, 2, 1, 2, 1, 2, 1], [1, 2, 1, 2, 1, 2, 1, 2, 1, 2, 1, 2, 1, 2, 1, 2], [2, 1, 2, 1, 2, 1, 2, 1, 2, 1, 2, 1, 2, 1, 2, 1], [1, 2, 1, 2, 1, 2, 1, 2, 1, 2, 1, 2, 1, 2, 1, 2], [2, 1, 2, 1, 2, 1, 2, 1, 2, 1, 2, 1, 2, 1, 2, 1], [1, 2, 1, 2, 1, 2, 1, 2, 1, 2, 1, 2, 1, 2, 1, 2], [2, 1, 2, 1, 2, 1, 2, 1, 2, 1, 2, 1, 2, 1, 2, 1], [1, 2, 1, 2, 1, 2, 1, 2, 1, 2, 1, 2, 1, 2, 1, 2]]}, {"input": [[2, 1, 2, 1, 2, 1, 2, 1, 2, 1, 2, 1, 2, 1, 2, 1, 2, 1, 2], [2, 1, 2, 1, 2, 1, 2, 1, 2, 1, 2, 1, 2, 1, 2, 1, 2, 1, 2], [2, 1, 2, 1, 2, 1, 2, 1, 2, 1, 2, 1, 2, 1, 2, 1, 2, 1, 2], [2, 1, 2, 1, 2, 1, 2, 1, 2, 1, 2, 1, 2, 1, 2, 1, 2, 1, 2], [0, 0, 0, 0, 0, 0, 0, 0, 0, 0, 0, 0, 0, 0, 0, 0, 0, 0, 0], [0, 0, 0, 0, 0, 0, 0, 0, 0, 0, 0, 0, 0, 0, 0, 0, 0, 0, 0], [0, 0, 0, 0, 0, 0, 0, 0, 0, 0, 0, 0, 0, 0, 0, 0, 0, 0, 0], [0, 0, 0, 0, 0, 0, 0, 0, 0, 0, 0, 0, 0, 0, 0, 0, 0, 0, 0], [0, 0, 0, 0, 0, 0, 0, 0, 0, 0, 0, 0, 0, 0, 0, 0, 0, 0, 0], [0, 0, 0, 0, 0, 0, 0, 0, 0, 0, 0, 0, 0, 0, 0, 0, 0, 0, 0], [0, 0, 0, 0, 0, 0, 0, 0, 0, 0, 0, 0, 0, 0, 0, 0, 0, 0, 0], [0, 0, 0, 0, 0, 0, 0, 0, 0, 0, 0, 0, 0, 0, 0, 0, 0, 0, 0], [0, 0, 0, 0, 0, 0, 0, 0, 0, 0, 0, 0, 0, 0, 0, 0, 0, 0, 0]], "output": [[1, 2, 1, 2, 1, 2, 1, 2, 1, 2, 1, 2, 1, 2, 1, 2, 1, 2, 1], [2, 1, 2, 1, 2, 1, 2, 1, 2, 1, 2, 1, 2, 1, 2, 1, 2, 1, 2], [1, 2, 1, 2, 1, 2, 1, 2, 1, 2, 1, 2, 1, 2, 1, 2, 1, 2, 1], [2, 1, 2, 1, 2, 1, 2, 1, 2, 1, 2, 1, 2, 1, 2, 1, 2, 1, 2], [2, 1, 2, 1, 2, 1, 2, 1, 2, 1, 2, 1, 2, 1, 2, 1, 2, 1, 2], [1, 2, 1, 2, 1, 2, 1, 2, 1, 2, 1, 2, 1, 2, 1, 2, 1, 2, 1], [2, 1, 2, 1, 2, 1, 2, 1, 2, 1, 2, 1, 2, 1, 2, 1, 2, 1, 2], [1, 2, 1, 2, 1, 2, 1, 2, 1, 2, 1, 2, 1, 2, 1, 2, 1, 2, 1], [2, 1, 2, 1, 2, 1, 2, 1, 2, 1, 2, 1, 2, 1, 2, 1, 2, 1, 2], [1, 2, 1, 2, 1, 2, 1, 2, 1, 2, 1, 2, 1, 2, 1, 2, 1, 2, 1], [2, 1, 2, 1, 2, 1, 2, 1, 2, 1, 2, 1, 2, 1, 2, 1, 2, 1, 2], [1, 2, 1, 2, 1, 2, 1, 2, 1, 2, 1, 2, 1, 2, 1, 2, 1, 2, 1], [2, 1, 2, 1, 2, 1, 2, 1, 2, 1, 2, 1, 2, 1, 2, 1, 2, 1, 2]]}, {"input": [[2, 1, 2, 1, 2, 1, 2, 1, 2], [2, 1, 2, 1, 2, 1, 2, 1, 2], [2, 1, 2, 1, 2, 1, 2, 1, 2], [0, 0, 0, 0, 0, 0, 0, 0, 0], [0, 0, 0, 0, 0, 0, 0, 0, 0], [0, 0, 0, 0, 0, 0, 0, 0, 0], [0, 0, 0, 0, 0, 0, 0, 0, 0], [0, 0, 0, 0, 0, 0, 0, 0, 0], [0, 0, 0, 0, 0, 0, 0, 0, 0], [0, 0, 0, 0, 0, 0, 0, 0, 0], [0, 0, 0, 0, 0, 0, 0, 0, 0], [0, 0, 0, 0, 0, 0, 0, 0, 0]], "output": [[2, 1, 2, 1, 2, 1, 2, 1, 2], [1, 2, 1, 2, 1, 2, 1, 2, 1], [2, 1, 2, 1, 2, 1, 2, 1, 2], [2, 1, 2, 1, 2, 1, 2, 1, 2], [1, 2, 1, 2, 1, 2, 1, 2, 1], [2, 1, 2, 1, 2, 1, 2, 1, 2], [1, 2, 1, 2, 1, 2, 1, 2, 1], [2, 1, 2, 1, 2, 1, 2, 1, 2], [1, 2, 1, 2, 1, 2, 1, 2, 1], [2, 1, 2, 1, 2, 1, 2, 1, 2], [1, 2, 1, 2, 1, 2, 1, 2, 1], [2, 1, 2, 1, 2, 1, 2, 1, 2]]}, {"input": [[2, 1, 2, 1, 2, 1, 2, 1, 2, 1, 2, 1, 2, 1, 2, 1, 2, 1, 2], [2, 1, 2, 1, 2, 1, 2, 1, 2, 1, 2, 1, 2, 1, 2, 1, 2, 1, 2], [2, 1, 2, 1, 2, 1, 2, 1, 2, 1, 2, 1, 2, 1, 2, 1, 2, 1, 2], [0, 0, 0, 0, 0, 0, 0, 0, 0, 0, 0, 0, 0, 0, 0, 0, 0, 0, 0], [0, 0, 0, 0, 0, 0, 0, 0, 0, 0, 0, 0, 0, 0, 0, 0, 0, 0, 0], [0, 0, 0, 0, 0, 0, 0, 0, 0, 0, 0, 0, 0, 0, 0, 0, 0, 0, 0], [0, 0, 0, 0, 0, 0, 0, 0, 0, 0, 0, 0, 0, 0, 0, 0, 0, 0, 0], [0, 0, 0, 0, 0, 0, 0, 0, 0, 0, 0, 0, 0, 0, 0, 0, 0, 0, 0], [0, 0, 0, 0, 0, 0, 0, 0, 0, 0, 0, 0, 0, 0, 0, 0, 0, 0, 0], [0, 0, 0, 0, 0, 0, 0, 0, 0, 0, 0, 0, 0, 0, 0, 0, 0, 0, 0], [0, 0, 0, 0, 0, 0, 0, 0, 0, 0, 0, 0, 0, 0, 0, 0, 0, 0, 0], [0, 0, 0, 0, 0, 0, 0, 0, 0, 0, 0, 0, 0, 0, 0, 0, 0, 0, 0], [0, 0, 0, 0, 0, 0, 0, 0, 0, 0, 0, 0, 0, 0, 0, 0, 0, 0, 0], [0, 0, 0, 0, 0, 0, 0, 0, 0, 0, 0, 0, 0, 0, 0, 0, 0, 0, 0], [0, 0, 0, 0, 0, 0, 0, 0, 0, 0, 0, 0, 0, 0, 0, 0, 0, 0, 0], [0, 0, 0, 0, 0, 0, 0, 0, 0, 0, 0, 0, 0, 0, 0, 0, 0, 0, 0], [0, 0, 0, 0, 0, 0, 0, 0, 0, 0, 0, 0, 0, 0, 0, 0, 0, 0, 0]], "output": [[2, 1, 2, 1, 2, 1, 2, 1, 2, 1, 2, 1, 2, 1, 2, 1, 2, 1, 2], [1, 2, 1, 2, 1, 2, 1, 2, 1, 2, 1, 2, 1, 2, 1, 2, 1, 2, 1], [2, 1, 2, 1, 2, 1, 2, 1, 2, 1, 2, 1, 2, 1, 2, 1, 2, 1, 2], [2, 1, 2, 1, 2, 1, 2, 1, 2, 1, 2, 1, 2, 1, 2, 1, 2, 1, 2], [1, 2, 1, 2, 1, 2, 1, 2, 1, 2, 1, 2, 1, 2, 1, 2, 1, 2, 1], [2, 1, 2, 1, 2, 1, 2, 1, 2, 1, 2, 1, 2, 1, 2, 1, 2, 1, 2], [1, 2, 1, 2, 1, 2, 1, 2, 1, 2, 1, 2, 1, 2, 1, 2, 1, 2, 1], [2, 1, 2, 1, 2, 1, 2, 1, 2, 1, 2, 1, 2, 1, 2, 1, 2, 1, 2], [1, 2, 1, 2, 1, 2, 1, 2, 1, 2, 1, 2, 1, 2, 1, 2, 1, 2, 1], [2, 1, 2, 1, 2, 1, 2, 1, 2, 1, 2, 1, 2, 1, 2, 1, 2, 1, 2], [1, 2, 1, 2, 1, 2, 1, 2, 1, 2, 1, 2, 1, 2, 1, 2, 1, 2, 1], [2, 1, 2, 1, 2, 1, 2, 1, 2, 1, 2, 1, 2, 1, 2, 1, 2, 1, 2], [1, 2, 1, 2, 1, 2, 1, 2, 1, 2, 1, 2, 1, 2, 1, 2, 1, 2, 1], [2, 1, 2, 1, 2, 1, 2, 1, 2, 1, 2, 1, 2, 1, 2, 1, 2, 1, 2], [1, 2, 1, 2, 1, 2, 1, 2, 1, 2, 1, 2, 1, 2, 1, 2, 1, 2, 1], [2, 1, 2, 1, 2, 1, 2, 1, 2, 1, 2, 1, 2, 1, 2, 1, 2, 1, 2], [1, 2, 1, 2, 1, 2, 1, 2, 1, 2, 1, 2, 1, 2, 1, 2, 1, 2, 1]]}, {"input": [[2, 1, 2, 1, 2, 1, 2, 1, 2, 1, 2, 1, 2, 1, 2, 1, 2], [2, 1, 2, 1, 2, 1, 2, 1, 2, 1, 2, 1, 2, 1, 2, 1, 2], [2, 1, 2, 1, 2, 1, 2, 1, 2, 1, 2, 1, 2, 1, 2, 1, 2], [2, 1, 2, 1, 2, 1, 2, 1, 2, 1, 2, 1, 2, 1, 2, 1, 2], [0, 0, 0, 0, 0, 0, 0, 0, 0, 0, 0, 0, 0, 0, 0, 0, 0], [0, 0, 0, 0, 0, 0, 0, 0, 0, 0, 0, 0, 0, 0, 0, 0, 0], [0, 0, 0, 0, 0, 0, 0, 0, 0, 0, 0, 0, 0, 0, 0, 0, 0], [0, 0, 0, 0, 0, 0, 0, 0, 0, 0, 0, 0, 0, 0, 0, 0, 0], [0, 0, 0, 0, 0, 0, 0, 0, 0, 0, 0, 0, 0, 0, 0, 0, 0]], "output": [[1, 2, 1, 2, 1, 2, 1, 2, 1, 2, 1, 2, 1, 2, 1, 2, 1], [2, 1, 2, 1, 2, 1, 2, 1, 2, 1, 2, 1, 2, 1, 2, 1, 2], [1, 2, 1, 2, 1, 2, 1, 2, 1, 2, 1, 2, 1, 2, 1, 2, 1], [2, 1, 2, 1, 2, 1, 2, 1, 2, 1, 2, 1, 2, 1, 2, 1, 2], [2, 1, 2, 1, 2, 1, 2, 1, 2, 1, 2, 1, 2, 1, 2, 1, 2], [1, 2, 1, 2, 1, 2, 1, 2, 1, 2, 1, 2, 1, 2, 1, 2, 1], [2, 1, 2, 1, 2, 1, 2, 1, 2, 1, 2, 1, 2, 1, 2, 1, 2], [1, 2, 1, 2, 1, 2, 1, 2, 1, 2, 1, 2, 1, 2, 1, 2, 1], [2, 1, 2, 1, 2, 1, 2, 1, 2, 1, 2, 1, 2, 1, 2, 1, 2]]}, {"input": [[2, 1, 2, 1, 2, 1, 2, 1, 2, 1, 2, 1, 2, 1, 2, 1, 2, 1], [2, 1, 2, 1, 2, 1, 2, 1, 2, 1, 2, 1, 2, 1, 2, 1, 2, 1], [2, 1, 2, 1, 2, 1, 2, 1, 2, 1, 2, 1, 2, 1, 2, 1, 2, 1], [2, 1, 2, 1, 2, 1, 2, 1, 2, 1, 2, 1, 2, 1, 2, 1, 2, 1], [0, 0, 0, 0, 0, 0, 0, 0, 0, 0, 0, 0, 0, 0, 0, 0, 0, 0], [0, 0, 0, 0, 0, 0, 0, 0, 0, 0, 0, 0, 0, 0, 0, 0, 0, 0], [0, 0, 0, 0, 0, 0, 0, 0, 0, 0, 0, 0, 0, 0, 0, 0, 0, 0], [0, 0, 0, 0, 0, 0, 0, 0, 0, 0, 0, 0, 0, 0, 0, 0, 0, 0]], "output": [[1, 2, 1, 2, 1, 2, 1, 2, 1, 2, 1, 2, 1, 2, 1, 2, 1, 2], [2, 1, 2, 1, 2, 1, 2, 1, 2, 1, 2, 1, 2, 1, 2, 1, 2, 1], [1, 2, 1, 2, 1, 2, 1, 2, 1, 2, 1, 2, 1, 2, 1, 2, 1, 2], [2, 1, 2, 1, 2, 1, 2, 1, 2, 1, 2, 1, 2, 1, 2, 1, 2, 1], [2, 1, 2, 1, 2, 1, 2, 1, 2, 1, 2, 1, 2, 1, 2, 1, 2, 1], [1, 2, 1, 2, 1, 2, 1, 2, 1, 2, 1, 2, 1, 2, 1, 2, 1, 2], [2, 1, 2, 1, 2, 1, 2, 1, 2, 1, 2, 1, 2, 1, 2, 1, 2, 1], [1, 2, 1, 2, 1, 2, 1, 2, 1, 2, 1, 2, 1, 2, 1, 2, 1, 2]]}, {"input": [[2, 1, 2, 1, 2, 1, 2, 1, 2], [2, 1, 2, 1, 2, 1, 2, 1, 2], [2, 1, 2, 1, 2, 1, 2, 1, 2], [2, 1, 2, 1, 2, 1, 2, 1, 2], [0, 0, 0, 0, 0, 0, 0, 0, 0], [0, 0, 0, 0, 0, 0, 0, 0, 0], [0, 0, 0, 0, 0, 0, 0, 0, 0], [0, 0, 0, 0, 0, 0, 0, 0, 0], [0, 0, 0, 0, 0, 0, 0, 0, 0], [0, 0, 0, 0, 0, 0, 0, 0, 0], [0, 0, 0, 0, 0, 0, 0, 0, 0], [0, 0, 0, 0, 0, 0, 0, 0, 0], [0, 0, 0, 0, 0, 0, 0, 0, 0], [0, 0, 0, 0, 0, 0, 0, 0, 0], [0, 0, 0, 0, 0, 0, 0, 0, 0], [0, 0, 0, 0, 0, 0, 0, 0, 0], [0, 0, 0, 0, 0, 0, 0, 0, 0]], "output": [[1, 2, 1, 2, 1, 2, 1, 2, 1], [2, 1, 2, 1, 2, 1, 2, 1, 2], [1, 2, 1, 2, 1, 2, 1, 2, 1], [2, 1, 2, 1, 2, 1, 2, 1, 2], [2, 1, 2, 1, 2, 1, 2, 1, 2], [1, 2, 1, 2, 1, 2, 1, 2, 1], [2, 1, 2, 1, 2, 1, 2, 1, 2], [1, 2, 1, 2, 1, 2, 1, 2, 1], [2, 1, 2, 1, 2, 1, 2, 1, 2], [1, 2, 1, 2, 1, 2, 1, 2, 1], [2, 1, 2, 1, 2, 1, 2, 1, 2], [1, 2, 1, 2, 1, 2, 1, 2, 1], [2, 1, 2, 1, 2, 1, 2, 1, 2], [1, 2, 1, 2, 1, 2, 1, 2, 1], [2, 1, 2, 1, 2, 1, 2, 1, 2], [1, 2, 1, 2, 1, 2, 1, 2, 1], [2, 1, 2, 1, 2, 1, 2, 1, 2]]}, {"input": [[2, 1, 2, 1, 2, 1, 2, 1, 2, 1, 2, 1, 2, 1, 2, 1, 2, 1, 2], [2, 1, 2, 1, 2, 1, 2, 1, 2, 1, 2, 1, 2, 1, 2, 1, 2, 1, 2], [0, 0, 0, 0, 0, 0, 0, 0, 0, 0, 0, 0, 0, 0, 0, 0, 0, 0, 0], [0, 0, 0, 0, 0, 0, 0, 0, 0, 0, 0, 0, 0, 0, 0, 0, 0, 0, 0], [0, 0, 0, 0, 0, 0, 0, 0, 0, 0, 0, 0, 0, 0, 0, 0, 0, 0, 0], [0, 0, 0, 0, 0, 0, 0, 0, 0, 0, 0, 0, 0, 0, 0, 0, 0, 0, 0], [0, 0, 0, 0, 0, 0, 0, 0, 0, 0, 0, 0, 0, 0, 0, 0, 0, 0, 0], [0, 0, 0, 0, 0, 0, 0, 0, 0, 0, 0, 0, 0, 0, 0, 0, 0, 0, 0], [0, 0, 0, 0, 0, 0, 0, 0, 0, 0, 0, 0, 0, 0, 0, 0, 0, 0, 0]], "output": [[1, 2, 1, 2, 1, 2, 1, 2, 1, 2, 1, 2, 1, 2, 1, 2, 1, 2, 1], [2, 1, 2, 1, 2, 1, 2, 1, 2, 1, 2, 1, 2, 1, 2, 1, 2, 1, 2], [2, 1, 2, 1, 2, 1, 2, 1, 2, 1, 2, 1, 2, 1, 2, 1, 2, 1, 2], [1, 2, 1, 2, 1, 2, 1, 2, 1, 2, 1, 2, 1, 2, 1, 2, 1, 2, 1], [2, 1, 2, 1, 2, 1, 2, 1, 2, 1, 2, 1, 2, 1, 2, 1, 2, 1, 2], [1, 2, 1, 2, 1, 2, 1, 2, 1, 2, 1, 2, 1, 2, 1, 2, 1, 2, 1], [2, 1, 2, 1, 2, 1, 2, 1, 2, 1, 2, 1, 2, 1, 2, 1, 2, 1, 2], [1, 2, 1, 2, 1, 2, 1, 2, 1, 2, 1, 2, 1, 2, 1, 2, 1, 2, 1], [2, 1, 2, 1, 2, 1, 2, 1, 2, 1, 2, 1, 2, 1, 2, 1, 2, 1, 2]]}, {"input": [[2, 1, 2, 1, 2, 1, 2, 1, 2], [2, 1, 2, 1, 2, 1, 2, 1, 2], [0, 0, 0, 0, 0, 0, 0, 0, 0], [0, 0, 0, 0, 0, 0, 0, 0, 0], [0, 0, 0, 0, 0, 0, 0, 0, 0], [0, 0, 0, 0, 0, 0, 0, 0, 0], [0, 0, 0, 0, 0, 0, 0, 0, 0], [0, 0, 0, 0, 0, 0, 0, 0, 0], [0, 0, 0, 0, 0, 0, 0, 0, 0], [0, 0, 0, 0, 0, 0, 0, 0, 0], [0, 0, 0, 0, 0, 0, 0, 0, 0], [0, 0, 0, 0, 0, 0, 0, 0, 0], [0, 0, 0, 0, 0, 0, 0, 0, 0], [0, 0, 0, 0, 0, 0, 0, 0, 0], [0, 0, 0, 0, 0, 0, 0, 0, 0]], "output": [[1, 2, 1, 2, 1, 2, 1, 2, 1], [2, 1, 2, 1, 2, 1, 2, 1, 2], [2, 1, 2, 1, 2, 1, 2, 1, 2], [1, 2, 1, 2, 1, 2, 1, 2, 1], [2, 1, 2, 1, 2, 1, 2, 1, 2], [1, 2, 1, 2, 1, 2, 1, 2, 1], [2, 1, 2, 1, 2, 1, 2, 1, 2], [1, 2, 1, 2, 1, 2, 1, 2, 1], [2, 1, 2, 1, 2, 1, 2, 1, 2], [1, 2, 1, 2, 1, 2, 1, 2, 1], [2, 1, 2, 1, 2, 1, 2, 1, 2], [1, 2, 1, 2, 1, 2, 1, 2, 1], [2, 1, 2, 1, 2, 1, 2, 1, 2], [1, 2, 1, 2, 1, 2, 1, 2, 1], [2, 1, 2, 1, 2, 1, 2, 1, 2]]}, {"input": [[2, 1, 2, 1, 2, 1, 2, 1, 2, 1], [2, 1, 2, 1, 2, 1, 2, 1, 2, 1], [2, 1, 2, 1, 2, 1, 2, 1, 2, 1], [2, 1, 2, 1, 2, 1, 2, 1, 2, 1], [0, 0, 0, 0, 0, 0, 0, 0, 0, 0], [0, 0, 0, 0, 0, 0, 0, 0, 0, 0], [0, 0, 0, 0, 0, 0, 0, 0, 0, 0], [0, 0, 0, 0, 0, 0, 0, 0, 0, 0]], "output": [[1, 2, 1, 2, 1, 2, 1, 2, 1, 2], [2, 1, 2, 1, 2, 1, 2, 1, 2, 1], [1, 2, 1, 2, 1, 2, 1, 2, 1, 2], [2, 1, 2, 1, 2, 1, 2, 1, 2, 1], [2, 1, 2, 1, 2, 1, 2, 1, 2, 1], [1, 2, 1, 2, 1, 2, 1, 2, 1, 2], [2, 1, 2, 1, 2, 1, 2, 1, 2, 1], [1, 2, 1, 2, 1, 2, 1, 2, 1, 2]]}, {"input": [[2, 1, 2, 1, 2, 1, 2, 1], [2, 1, 2, 1, 2, 1, 2, 1], [2, 1, 2, 1, 2, 1, 2, 1], [2, 1, 2, 1, 2, 1, 2, 1], [0, 0, 0, 0, 0, 0, 0, 0], [0, 0, 0, 0, 0, 0, 0, 0], [0, 0, 0, 0, 0, 0, 0, 0], [0, 0, 0, 0, 0, 0, 0, 0], [0, 0, 0, 0, 0, 0, 0, 0], [0, 0, 0, 0, 0, 0, 0, 0], [0, 0, 0, 0, 0, 0, 0, 0], [0, 0, 0, 0, 0, 0, 0, 0], [0, 0, 0, 0, 0, 0, 0, 0], [0, 0, 0, 0, 0, 0, 0, 0], [0, 0, 0, 0, 0, 0, 0, 0], [0, 0, 0, 0, 0, 0, 0, 0], [0, 0, 0, 0, 0, 0, 0, 0]], "output": [[1, 2, 1, 2, 1, 2, 1, 2], [2, 1, 2, 1, 2, 1, 2, 1], [1, 2, 1, 2, 1, 2, 1, 2], [2, 1, 2, 1, 2, 1, 2, 1], [2, 1, 2, 1, 2, 1, 2, 1], [1, 2, 1, 2, 1, 2, 1, 2], [2, 1, 2, 1, 2, 1, 2, 1], [1, 2, 1, 2, 1, 2, 1, 2], [2, 1, 2, 1, 2, 1, 2, 1], [1, 2, 1, 2, 1, 2, 1, 2], [2, 1, 2, 1, 2, 1, 2, 1], [1, 2, 1, 2, 1, 2, 1, 2], [2, 1, 2, 1, 2, 1, 2, 1], [1, 2, 1, 2, 1, 2, 1, 2], [2, 1, 2, 1, 2, 1, 2, 1], [1, 2, 1, 2, 1, 2, 1, 2], [2, 1, 2, 1, 2, 1, 2, 1]]}, {"input": [[2, 1, 2, 1, 2, 1, 2, 1, 2, 1, 2, 1, 2], [2, 1, 2, 1, 2, 1, 2, 1, 2, 1, 2, 1, 2], [2, 1, 2, 1, 2, 1, 2, 1, 2, 1, 2, 1, 2], [0, 0, 0, 0, 0, 0, 0, 0, 0, 0, 0, 0, 0], [0, 0, 0, 0, 0, 0, 0, 0, 0, 0, 0, 0, 0], [0, 0, 0, 0, 0, 0, 0, 0, 0, 0, 0, 0, 0], [0, 0, 0, 0, 0, 0, 0, 0, 0, 0, 0, 0, 0], [0, 0, 0, 0, 0, 0, 0, 0, 0, 0, 0, 0, 0], [0, 0, 0, 0, 0, 0, 0, 0, 0, 0, 0, 0, 0], [0, 0, 0, 0, 0, 0, 0, 0, 0, 0, 0, 0, 0], [0, 0, 0, 0, 0, 0, 0, 0, 0, 0, 0, 0, 0], [0, 0, 0, 0, 0, 0, 0, 0, 0, 0, 0, 0, 0], [0, 0, 0, 0, 0, 0, 0, 0, 0, 0, 0, 0, 0], [0, 0, 0, 0, 0, 0, 0, 0, 0, 0, 0, 0, 0], [0, 0, 0, 0, 0, 0, 0, 0, 0, 0, 0, 0, 0]], "output": [[2, 1, 2, 1, 2, 1, 2, 1, 2, 1, 2, 1, 2], [1, 2, 1, 2, 1, 2, 1, 2, 1, 2, 1, 2, 1], [2, 1, 2, 1, 2, 1, 2, 1, 2, 1, 2, 1, 2], [2, 1, 2, 1, 2, 1, 2, 1, 2, 1, 2, 1, 2], [1, 2, 1, 2, 1, 2, 1, 2, 1, 2, 1, 2, 1], [2, 1, 2, 1, 2, 1, 2, 1, 2, 1, 2, 1, 2], [1, 2, 1, 2, 1, 2, 1, 2, 1, 2, 1, 2, 1], [2, 1, 2, 1, 2, 1, 2, 1, 2, 1, 2, 1, 2], [1, 2, 1, 2, 1, 2, 1, 2, 1, 2, 1, 2, 1], [2, 1, 2, 1, 2, 1, 2, 1, 2, 1, 2, 1, 2], [1, 2, 1, 2, 1, 2, 1, 2, 1, 2, 1, 2, 1], [2, 1, 2, 1, 2, 1, 2, 1, 2, 1, 2, 1, 2], [1, 2, 1, 2, 1, 2, 1, 2, 1, 2, 1, 2, 1], [2, 1, 2, 1, 2, 1, 2, 1, 2, 1, 2, 1, 2], [1, 2, 1, 2, 1, 2, 1, 2, 1, 2, 1, 2, 1]]}, {"input": [[2, 1, 2, 1, 2, 1, 2, 1, 2, 1], [2, 1, 2, 1, 2, 1, 2, 1, 2, 1], [2, 1, 2, 1, 2, 1, 2, 1, 2, 1], [2, 1, 2, 1, 2, 1, 2, 1, 2, 1], [0, 0, 0, 0, 0, 0, 0, 0, 0, 0], [0, 0, 0, 0, 0, 0, 0, 0, 0, 0], [0, 0, 0, 0, 0, 0, 0, 0, 0, 0], [0, 0, 0, 0, 0, 0, 0, 0, 0, 0], [0, 0, 0, 0, 0, 0, 0, 0, 0, 0], [0, 0, 0, 0, 0, 0, 0, 0, 0, 0], [0, 0, 0, 0, 0, 0, 0, 0, 0, 0], [0, 0, 0, 0, 0, 0, 0, 0, 0, 0], [0, 0, 0, 0, 0, 0, 0, 0, 0, 0], [0, 0, 0, 0, 0, 0, 0, 0, 0, 0], [0, 0, 0, 0, 0, 0, 0, 0, 0, 0], [0, 0, 0, 0, 0, 0, 0, 0, 0, 0], [0, 0, 0, 0, 0, 0, 0, 0, 0, 0], [0, 0, 0, 0, 0, 0, 0, 0, 0, 0]], "output": [[1, 2, 1, 2, 1, 2, 1, 2, 1, 2], [2, 1, 2, 1, 2, 1, 2, 1, 2, 1], [1, 2, 1, 2, 1, 2, 1, 2, 1, 2], [2, 1, 2, 1, 2, 1, 2, 1, 2, 1], [2, 1, 2, 1, 2, 1, 2, 1, 2, 1], [1, 2, 1, 2, 1, 2, 1, 2, 1, 2], [2, 1, 2, 1, 2, 1, 2, 1, 2, 1], [1, 2, 1, 2, 1, 2, 1, 2, 1, 2], [2, 1, 2, 1, 2, 1, 2, 1, 2, 1], [1, 2, 1, 2, 1, 2, 1, 2, 1, 2], [2, 1, 2, 1, 2, 1, 2, 1, 2, 1], [1, 2, 1, 2, 1, 2, 1, 2, 1, 2], [2, 1, 2, 1, 2, 1, 2, 1, 2, 1], [1, 2, 1, 2, 1, 2, 1, 2, 1, 2], [2, 1, 2, 1, 2, 1, 2, 1, 2, 1], [1, 2, 1, 2, 1, 2, 1, 2, 1, 2], [2, 1, 2, 1, 2, 1, 2, 1, 2, 1], [1, 2, 1, 2, 1, 2, 1, 2, 1, 2]]}, {"input": [[2, 1, 2, 1, 2, 1, 2, 1, 2, 1, 2, 1, 2, 1], [2, 1, 2, 1, 2, 1, 2, 1, 2, 1, 2, 1, 2, 1], [2, 1, 2, 1, 2, 1, 2, 1, 2, 1, 2, 1, 2, 1], [0, 0, 0, 0, 0, 0, 0, 0, 0, 0, 0, 0, 0, 0], [0, 0, 0, 0, 0, 0, 0, 0, 0, 0, 0, 0, 0, 0], [0, 0, 0, 0, 0, 0, 0, 0, 0, 0, 0, 0, 0, 0], [0, 0, 0, 0, 0, 0, 0, 0, 0, 0, 0, 0, 0, 0], [0, 0, 0, 0, 0, 0, 0, 0, 0, 0, 0, 0, 0, 0], [0, 0, 0, 0, 0, 0, 0, 0, 0, 0, 0, 0, 0, 0], [0, 0, 0, 0, 0, 0, 0, 0, 0, 0, 0, 0, 0, 0], [0, 0, 0, 0, 0, 0, 0, 0, 0, 0, 0, 0, 0, 0], [0, 0, 0, 0, 0, 0, 0, 0, 0, 0, 0, 0, 0, 0], [0, 0, 0, 0, 0, 0, 0, 0, 0, 0, 0, 0, 0, 0], [0, 0, 0, 0, 0, 0, 0, 0, 0, 0, 0, 0, 0, 0]], "output": [[2, 1, 2, 1, 2, 1, 2, 1, 2, 1, 2, 1, 2, 1], [1, 2, 1, 2, 1, 2, 1, 2, 1, 2, 1, 2, 1, 2], [2, 1, 2, 1, 2, 1, 2, 1, 2, 1, 2, 1, 2, 1], [2, 1, 2, 1, 2, 1, 2, 1, 2, 1, 2, 1, 2, 1], [1, 2, 1, 2, 1, 2, 1, 2, 1, 2, 1, 2, 1, 2], [2, 1, 2, 1, 2, 1, 2, 1, 2, 1, 2, 1, 2, 1], [1, 2, 1, 2, 1, 2, 1, 2, 1, 2, 1, 2, 1, 2], [2, 1, 2, 1, 2, 1, 2, 1, 2, 1, 2, 1, 2, 1], [1, 2, 1, 2, 1, 2, 1, 2, 1, 2, 1, 2, 1, 2], [2, 1, 2, 1, 2, 1, 2, 1, 2, 1, 2, 1, 2, 1], [1, 2, 1, 2, 1, 2, 1, 2, 1, 2, 1, 2, 1, 2], [2, 1, 2, 1, 2, 1, 2, 1, 2, 1, 2, 1, 2, 1], [1, 2, 1, 2, 1, 2, 1, 2, 1, 2, 1, 2, 1, 2], [2, 1, 2, 1, 2, 1, 2, 1, 2, 1, 2, 1, 2, 1]]}, {"input": [[2, 1, 2, 1, 2, 1, 2, 1, 2, 1, 2, 1, 2, 1], [2, 1, 2, 1, 2, 1, 2, 1, 2, 1, 2, 1, 2, 1], [2, 1, 2, 1, 2, 1, 2, 1, 2, 1, 2, 1, 2, 1], [0, 0, 0, 0, 0, 0, 0, 0, 0, 0, 0, 0, 0, 0], [0, 0, 0, 0, 0, 0, 0, 0, 0, 0, 0, 0, 0, 0], [0, 0, 0, 0, 0, 0, 0, 0, 0, 0, 0, 0, 0, 0], [0, 0, 0, 0, 0, 0, 0, 0, 0, 0, 0, 0, 0, 0], [0, 0, 0, 0, 0, 0, 0, 0, 0, 0, 0, 0, 0, 0], [0, 0, 0, 0, 0, 0, 0, 0, 0, 0, 0, 0, 0, 0], [0, 0, 0, 0, 0, 0, 0, 0, 0, 0, 0, 0, 0, 0], [0, 0, 0, 0, 0, 0, 0, 0, 0, 0, 0, 0, 0, 0], [0, 0, 0, 0, 0, 0, 0, 0, 0, 0, 0, 0, 0, 0], [0, 0, 0, 0, 0, 0, 0, 0, 0, 0, 0, 0, 0, 0], [0, 0, 0, 0, 0, 0, 0, 0, 0, 0, 0, 0, 0, 0], [0, 0, 0, 0, 0, 0, 0, 0, 0, 0, 0, 0, 0, 0], [0, 0, 0, 0, 0, 0, 0, 0, 0, 0, 0, 0, 0, 0], [0, 0, 0, 0, 0, 0, 0, 0, 0, 0, 0, 0, 0, 0], [0, 0, 0, 0, 0, 0, 0, 0, 0, 0, 0, 0, 0, 0], [0, 0, 0, 0, 0, 0, 0, 0, 0, 0, 0, 0, 0, 0]], "output": [[2, 1, 2, 1, 2, 1, 2, 1, 2, 1, 2, 1, 2, 1], [1, 2, 1, 2, 1, 2, 1, 2, 1, 2, 1, 2, 1, 2], [2, 1, 2, 1, 2, 1, 2, 1, 2, 1, 2, 1, 2, 1], [2, 1, 2, 1, 2, 1, 2, 1, 2, 1, 2, 1, 2, 1], [1, 2, 1, 2, 1, 2, 1, 2, 1, 2, 1, 2, 1, 2], [2, 1, 2, 1, 2, 1, 2, 1, 2, 1, 2, 1, 2, 1], [1, 2, 1, 2, 1, 2, 1, 2, 1, 2, 1, 2, 1, 2], [2, 1, 2, 1, 2, 1, 2, 1, 2, 1, 2, 1, 2, 1], [1, 2, 1, 2, 1, 2, 1, 2, 1, 2, 1, 2, 1, 2], [2, 1, 2, 1, 2, 1, 2, 1, 2, 1, 2, 1, 2, 1], [1, 2, 1, 2, 1, 2, 1, 2, 1, 2, 1, 2, 1, 2], [2, 1, 2, 1, 2, 1, 2, 1, 2, 1, 2, 1, 2, 1], [1, 2, 1, 2, 1, 2, 1, 2, 1, 2, 1, 2, 1, 2], [2, 1, 2, 1, 2, 1, 2, 1, 2, 1, 2, 1, 2, 1], [1, 2, 1, 2, 1, 2, 1, 2, 1, 2, 1, 2, 1, 2], [2, 1, 2, 1, 2, 1, 2, 1, 2, 1, 2, 1, 2, 1], [1, 2, 1, 2, 1, 2, 1, 2, 1, 2, 1, 2, 1, 2], [2, 1, 2, 1, 2, 1, 2, 1, 2, 1, 2, 1, 2, 1], [1, 2, 1, 2, 1, 2, 1, 2, 1, 2, 1, 2, 1, 2]]}, {"input": [[2, 1, 2, 1, 2, 1, 2, 1, 2, 1], [2, 1, 2, 1, 2, 1, 2, 1, 2, 1], [0, 0, 0, 0, 0, 0, 0, 0, 0, 0], [0, 0, 0, 0, 0, 0, 0, 0, 0, 0], [0, 0, 0, 0, 0, 0, 0, 0, 0, 0], [0, 0, 0, 0, 0, 0, 0, 0, 0, 0], [0, 0, 0, 0, 0, 0, 0, 0, 0, 0], [0, 0, 0, 0, 0, 0, 0, 0, 0, 0], [0, 0, 0, 0, 0, 0, 0, 0, 0, 0], [0, 0, 0, 0, 0, 0, 0, 0, 0, 0]], "output": [[1, 2, 1, 2, 1, 2, 1, 2, 1, 2], [2, 1, 2, 1, 2, 1, 2, 1, 2, 1], [2, 1, 2, 1, 2, 1, 2, 1, 2, 1], [1, 2, 1, 2, 1, 2, 1, 2, 1, 2], [2, 1, 2, 1, 2, 1, 2, 1, 2, 1], [1, 2, 1, 2, 1, 2, 1, 2, 1, 2], [2, 1, 2, 1, 2, 1, 2, 1, 2, 1], [1, 2, 1, 2, 1, 2, 1, 2, 1, 2], [2, 1, 2, 1, 2, 1, 2, 1, 2, 1], [1, 2, 1, 2, 1, 2, 1, 2, 1, 2]]}, {"input": [[2, 1, 2, 1, 2, 1, 2, 1, 2, 1, 2], [2, 1, 2, 1, 2, 1, 2, 1, 2, 1, 2], [0, 0, 0, 0, 0, 0, 0, 0, 0, 0, 0], [0, 0, 0, 0, 0, 0, 0, 0, 0, 0, 0], [0, 0, 0, 0, 0, 0, 0, 0, 0, 0, 0], [0, 0, 0, 0, 0, 0, 0, 0, 0, 0, 0], [0, 0, 0, 0, 0, 0, 0, 0, 0, 0, 0], [0, 0, 0, 0, 0, 0, 0, 0, 0, 0, 0], [0, 0, 0, 0, 0, 0, 0, 0, 0, 0, 0], [0, 0, 0, 0, 0, 0, 0, 0, 0, 0, 0], [0, 0, 0, 0, 0, 0, 0, 0, 0, 0, 0], [0, 0, 0, 0, 0, 0, 0, 0, 0, 0, 0], [0, 0, 0, 0, 0, 0, 0, 0, 0, 0, 0]], "output": [[1, 2, 1, 2, 1, 2, 1, 2, 1, 2, 1], [2, 1, 2, 1, 2, 1, 2, 1, 2, 1, 2], [2, 1, 2, 1, 2, 1, 2, 1, 2, 1, 2], [1, 2, 1, 2, 1, 2, 1, 2, 1, 2, 1], [2, 1, 2, 1, 2, 1, 2, 1, 2, 1, 2], [1, 2, 1, 2, 1, 2, 1, 2, 1, 2, 1], [2, 1, 2, 1, 2, 1, 2, 1, 2, 1, 2], [1, 2, 1, 2, 1, 2, 1, 2, 1, 2, 1], [2, 1, 2, 1, 2, 1, 2, 1, 2, 1, 2], [1, 2, 1, 2, 1, 2, 1, 2, 1, 2, 1], [2, 1, 2, 1, 2, 1, 2, 1, 2, 1, 2], [1, 2, 1, 2, 1, 2, 1, 2, 1, 2, 1], [2, 1, 2, 1, 2, 1, 2, 1, 2, 1, 2]]}, {"input": [[2, 1, 2, 1, 2, 1, 2, 1, 2, 1, 2, 1, 2], [2, 1, 2, 1, 2, 1, 2, 1, 2, 1, 2, 1, 2], [0, 0, 0, 0, 0, 0, 0, 0, 0, 0, 0, 0, 0], [0, 0, 0, 0, 0, 0, 0, 0, 0, 0, 0, 0, 0], [0, 0, 0, 0, 0, 0, 0, 0, 0, 0, 0, 0, 0], [0, 0, 0, 0, 0, 0, 0, 0, 0, 0, 0, 0, 0], [0, 0, 0, 0, 0, 0, 0, 0, 0, 0, 0, 0, 0], [0, 0, 0, 0, 0, 0, 0, 0, 0, 0, 0, 0, 0], [0, 0, 0, 0, 0, 0, 0, 0, 0, 0, 0, 0, 0], [0, 0, 0, 0, 0, 0, 0, 0, 0, 0, 0, 0, 0], [0, 0, 0, 0, 0, 0, 0, 0, 0, 0, 0, 0, 0], [0, 0, 0, 0, 0, 0, 0, 0, 0, 0, 0, 0, 0]], "output": [[1, 2, 1, 2, 1, 2, 1, 2, 1, 2, 1, 2, 1], [2, 1, 2, 1, 2, 1, 2, 1, 2, 1, 2, 1, 2], [2, 1, 2, 1, 2, 1, 2, 1, 2, 1, 2, 1, 2], [1, 2, 1, 2, 1, 2, 1, 2, 1, 2, 1, 2, 1], [2, 1, 2, 1, 2, 1, 2, 1, 2, 1, 2, 1, 2], [1, 2, 1, 2, 1, 2, 1, 2, 1, 2, 1, 2, 1], [2, 1, 2, 1, 2, 1, 2, 1, 2, 1, 2, 1, 2], [1, 2, 1, 2, 1, 2, 1, 2, 1, 2, 1, 2, 1], [2, 1, 2, 1, 2, 1, 2, 1, 2, 1, 2, 1, 2], [1, 2, 1, 2, 1, 2, 1, 2, 1, 2, 1, 2, 1], [2, 1, 2, 1, 2, 1, 2, 1, 2, 1, 2, 1, 2], [1, 2, 1, 2, 1, 2, 1, 2, 1, 2, 1, 2, 1]]}, {"input": [[2, 1, 2, 1, 2, 1, 2, 1], [2, 1, 2, 1, 2, 1, 2, 1], [2, 1, 2, 1, 2, 1, 2, 1], [0, 0, 0, 0, 0, 0, 0, 0], [0, 0, 0, 0, 0, 0, 0, 0], [0, 0, 0, 0, 0, 0, 0, 0], [0, 0, 0, 0, 0, 0, 0, 0], [0, 0, 0, 0, 0, 0, 0, 0], [0, 0, 0, 0, 0, 0, 0, 0]], "output": [[2, 1, 2, 1, 2, 1, 2, 1], [1, 2, 1, 2, 1, 2, 1, 2], [2, 1, 2, 1, 2, 1, 2, 1], [2, 1, 2, 1, 2, 1, 2, 1], [1, 2, 1, 2, 1, 2, 1, 2], [2, 1, 2, 1, 2, 1, 2, 1], [1, 2, 1, 2, 1, 2, 1, 2], [2, 1, 2, 1, 2, 1, 2, 1], [1, 2, 1, 2, 1, 2, 1, 2]]}, {"input": [[2, 1, 2, 1, 2, 1, 2, 1, 2, 1, 2, 1, 2, 1, 2, 1, 2, 1, 2], [2, 1, 2, 1, 2, 1, 2, 1, 2, 1, 2, 1, 2, 1, 2, 1, 2, 1, 2], [0, 0, 0, 0, 0, 0, 0, 0, 0, 0, 0, 0, 0, 0, 0, 0, 0, 0, 0], [0, 0, 0, 0, 0, 0, 0, 0, 0, 0, 0, 0, 0, 0, 0, 0, 0, 0, 0], [0, 0, 0, 0, 0, 0, 0, 0, 0, 0, 0, 0, 0, 0, 0, 0, 0, 0, 0], [0, 0, 0, 0, 0, 0, 0, 0, 0, 0, 0, 0, 0, 0, 0, 0, 0, 0, 0], [0, 0, 0, 0, 0, 0, 0, 0, 0, 0, 0, 0, 0, 0, 0, 0, 0, 0, 0], [0, 0, 0, 0, 0, 0, 0, 0, 0, 0, 0, 0, 0, 0, 0, 0, 0, 0, 0], [0, 0, 0, 0, 0, 0, 0, 0, 0, 0, 0, 0, 0, 0, 0, 0, 0, 0, 0], [0, 0, 0, 0, 0, 0, 0, 0, 0, 0, 0, 0, 0, 0, 0, 0, 0, 0, 0]], "output": [[1, 2, 1, 2, 1, 2, 1, 2, 1, 2, 1, 2, 1, 2, 1, 2, 1, 2, 1], [2, 1, 2, 1, 2, 1, 2, 1, 2, 1, 2, 1, 2, 1, 2, 1, 2, 1, 2], [2, 1, 2, 1, 2, 1, 2, 1, 2, 1, 2, 1, 2, 1, 2, 1, 2, 1, 2], [1, 2, 1, 2, 1, 2, 1, 2, 1, 2, 1, 2, 1, 2, 1, 2, 1, 2, 1], [2, 1, 2, 1, 2, 1, 2, 1, 2, 1, 2, 1, 2, 1, 2, 1, 2, 1, 2], [1, 2, 1, 2, 1, 2, 1, 2, 1, 2, 1, 2, 1, 2, 1, 2, 1, 2, 1], [2, 1, 2, 1, 2, 1, 2, 1, 2, 1, 2, 1, 2, 1, 2, 1, 2, 1, 2], [1, 2, 1, 2, 1, 2, 1, 2, 1, 2, 1, 2, 1, 2, 1, 2, 1, 2, 1], [2, 1, 2, 1, 2, 1, 2, 1, 2, 1, 2, 1, 2, 1, 2, 1, 2, 1, 2], [1, 2, 1, 2, 1, 2, 1, 2, 1, 2, 1, 2, 1, 2, 1, 2, 1, 2, 1]]}], "test": [{"input": [[2, 1, 2, 1, 2, 1, 2, 1, 2, 1, 2, 1, 2, 1, 2, 1, 2, 1], [2, 1, 2, 1, 2, 1, 2, 1, 2, 1, 2, 1, 2, 1, 2, 1, 2, 1], [2, 1, 2, 1, 2, 1, 2, 1, 2, 1, 2, 1, 2, 1, 2, 1, 2, 1], [0, 0, 0, 0, 0, 0, 0, 0, 0, 0, 0, 0, 0, 0, 0, 0, 0, 0], [0, 0, 0, 0, 0, 0, 0, 0, 0, 0, 0, 0, 0, 0, 0, 0, 0, 0], [0, 0, 0, 0, 0, 0, 0, 0, 0, 0, 0, 0, 0, 0, 0, 0, 0, 0], [0, 0, 0, 0, 0, 0, 0, 0, 0, 0, 0, 0, 0, 0, 0, 0, 0, 0], [0, 0, 0, 0, 0, 0, 0, 0, 0, 0, 0, 0, 0, 0, 0, 0, 0, 0], [0, 0, 0, 0, 0, 0, 0, 0, 0, 0, 0, 0, 0, 0, 0, 0, 0, 0], [0, 0, 0, 0, 0, 0, 0, 0, 0, 0, 0, 0, 0, 0, 0, 0, 0, 0], [0, 0, 0, 0, 0, 0, 0, 0, 0, 0, 0, 0, 0, 0, 0, 0, 0, 0], [0, 0, 0, 0, 0, 0, 0, 0, 0, 0, 0, 0, 0, 0, 0, 0, 0, 0], [0, 0, 0, 0, 0, 0, 0, 0, 0, 0, 0, 0, 0, 0, 0, 0, 0, 0]], "output": [[2, 1, 2, 1, 2, 1, 2, 1, 2, 1, 2, 1, 2, 1, 2, 1, 2, 1], [1, 2, 1, 2, 1, 2, 1, 2, 1, 2, 1, 2, 1, 2, 1, 2, 1, 2], [2, 1, 2, 1, 2, 1, 2, 1, 2, 1, 2, 1, 2, 1, 2, 1, 2, 1], [2, 1, 2, 1, 2, 1, 2, 1, 2, 1, 2, 1, 2, 1, 2, 1, 2, 1], [1, 2, 1, 2, 1, 2, 1, 2, 1, 2, 1, 2, 1, 2, 1, 2, 1, 2], [2, 1, 2, 1, 2, 1, 2, 1, 2, 1, 2, 1, 2, 1, 2, 1, 2, 1], [1, 2, 1, 2, 1, 2, 1, 2, 1, 2, 1, 2, 1, 2, 1, 2, 1, 2], [2, 1, 2, 1, 2, 1, 2, 1, 2, 1, 2, 1, 2, 1, 2, 1, 2, 1], [1, 2, 1, 2, 1, 2, 1, 2, 1, 2, 1, 2, 1, 2, 1, 2, 1, 2], [2, 1, 2, 1, 2, 1, 2, 1, 2, 1, 2, 1, 2, 1, 2, 1, 2, 1], [1, 2, 1, 2, 1, 2, 1, 2, 1, 2, 1, 2, 1, 2, 1, 2, 1, 2], [2, 1, 2, 1, 2, 1, 2, 1, 2, 1, 2, 1, 2, 1, 2, 1, 2, 1], [1, 2, 1, 2, 1, 2, 1, 2, 1, 2, 1, 2, 1, 2, 1, 2, 1, 2]]}, {"input": [[2, 1, 2, 1, 2, 1, 2, 1, 2, 1, 2, 1, 2, 1, 2, 1, 2, 1], [2, 1, 2, 1, 2, 1, 2, 1, 2, 1, 2, 1, 2, 1, 2, 1, 2, 1], [2, 1, 2, 1, 2, 1, 2, 1, 2, 1, 2, 1, 2, 1, 2, 1, 2, 1], [0, 0, 0, 0, 0, 0, 0, 0, 0, 0, 0, 0, 0, 0, 0, 0, 0, 0], [0, 0, 0, 0, 0, 0, 0, 0, 0, 0, 0, 0, 0, 0, 0, 0, 0, 0], [0, 0, 0, 0, 0, 0, 0, 0, 0, 0, 0, 0, 0, 0, 0, 0, 0, 0], [0, 0, 0, 0, 0, 0, 0, 0, 0, 0, 0, 0, 0, 0, 0, 0, 0, 0], [0, 0, 0, 0, 0, 0, 0, 0, 0, 0, 0, 0, 0, 0, 0, 0, 0, 0], [0, 0, 0, 0, 0, 0, 0, 0, 0, 0, 0, 0, 0, 0, 0, 0, 0, 0], [0, 0, 0, 0, 0, 0, 0, 0, 0, 0, 0, 0, 0, 0, 0, 0, 0, 0], [0, 0, 0, 0, 0, 0, 0, 0, 0, 0, 0, 0, 0, 0, 0, 0, 0, 0], [0, 0, 0, 0, 0, 0, 0, 0, 0, 0, 0, 0, 0, 0, 0, 0, 0, 0], [0, 0, 0, 0, 0, 0, 0, 0, 0, 0, 0, 0, 0, 0, 0, 0, 0, 0], [0, 0, 0, 0, 0, 0, 0, 0, 0, 0, 0, 0, 0, 0, 0, 0, 0, 0], [0, 0, 0, 0, 0, 0, 0, 0, 0, 0, 0, 0, 0, 0, 0, 0, 0, 0], [0, 0, 0, 0, 0, 0, 0, 0, 0, 0, 0, 0, 0, 0, 0, 0, 0, 0], [0, 0, 0, 0, 0, 0, 0, 0, 0, 0, 0, 0, 0, 0, 0, 0, 0, 0], [0, 0, 0, 0, 0, 0, 0, 0, 0, 0, 0, 0, 0, 0, 0, 0, 0, 0]], "output": [[2, 1, 2, 1, 2, 1, 2, 1, 2, 1, 2, 1, 2, 1, 2, 1, 2, 1], [1, 2, 1, 2, 1, 2, 1, 2, 1, 2, 1, 2, 1, 2, 1, 2, 1, 2], [2, 1, 2, 1, 2, 1, 2, 1, 2, 1, 2, 1, 2, 1, 2, 1, 2, 1], [2, 1, 2, 1, 2, 1, 2, 1, 2, 1, 2, 1, 2, 1, 2, 1, 2, 1], [1, 2, 1, 2, 1, 2, 1, 2, 1, 2, 1, 2, 1, 2, 1, 2, 1, 2], [2, 1, 2, 1, 2, 1, 2, 1, 2, 1, 2, 1, 2, 1, 2, 1, 2, 1], [1, 2, 1, 2, 1, 2, 1, 2, 1, 2, 1, 2, 1, 2, 1, 2, 1, 2], [2, 1, 2, 1, 2, 1, 2, 1, 2, 1, 2, 1, 2, 1, 2, 1, 2, 1], [1, 2, 1, 2, 1, 2, 1, 2, 1, 2, 1, 2, 1, 2, 1, 2, 1, 2], [2, 1, 2, 1, 2, 1, 2, 1, 2, 1, 2, 1, 2, 1, 2, 1, 2, 1], [1, 2, 1, 2, 1, 2, 1, 2, 1, 2, 1, 2, 1, 2, 1, 2, 1, 2], [2, 1, 2, 1, 2, 1, 2, 1, 2, 1, 2, 1, 2, 1, 2, 1, 2, 1], [1, 2, 1, 2, 1, 2, 1, 2, 1, 2, 1, 2, 1, 2, 1, 2, 1, 2], [2, 1, 2, 1, 2, 1, 2, 1, 2, 1, 2, 1, 2, 1, 2, 1, 2, 1], [1, 2, 1, 2, 1, 2, 1, 2, 1, 2, 1, 2, 1, 2, 1, 2, 1, 2], [2, 1, 2, 1, 2, 1, 2, 1, 2, 1, 2, 1, 2, 1, 2, 1, 2, 1], [1, 2, 1, 2, 1, 2, 1, 2, 1, 2, 1, 2, 1, 2, 1, 2, 1, 2], [2, 1, 2, 1, 2, 1, 2, 1, 2, 1, 2, 1, 2, 1, 2, 1, 2, 1]]}, {"input": [[2, 1, 2, 1, 2, 1, 2, 1, 2, 1, 2, 1, 2], [2, 1, 2, 1, 2, 1, 2, 1, 2, 1, 2, 1, 2], [2, 1, 2, 1, 2, 1, 2, 1, 2, 1, 2, 1, 2], [2, 1, 2, 1, 2, 1, 2, 1, 2, 1, 2, 1, 2], [0, 0, 0, 0, 0, 0, 0, 0, 0, 0, 0, 0, 0], [0, 0, 0, 0, 0, 0, 0, 0, 0, 0, 0, 0, 0], [0, 0, 0, 0, 0, 0, 0, 0, 0, 0, 0, 0, 0], [0, 0, 0, 0, 0, 0, 0, 0, 0, 0, 0, 0, 0], [0, 0, 0, 0, 0, 0, 0, 0, 0, 0, 0, 0, 0], [0, 0, 0, 0, 0, 0, 0, 0, 0, 0, 0, 0, 0], [0, 0, 0, 0, 0, 0, 0, 0, 0, 0, 0, 0, 0], [0, 0, 0, 0, 0, 0, 0, 0, 0, 0, 0, 0, 0], [0, 0, 0, 0, 0, 0, 0, 0, 0, 0, 0, 0, 0], [0, 0, 0, 0, 0, 0, 0, 0, 0, 0, 0, 0, 0], [0, 0, 0, 0, 0, 0, 0, 0, 0, 0, 0, 0, 0], [0, 0, 0, 0, 0, 0, 0, 0, 0, 0, 0, 0, 0], [0, 0, 0, 0, 0, 0, 0, 0, 0, 0, 0, 0, 0], [0, 0, 0, 0, 0, 0, 0, 0, 0, 0, 0, 0, 0], [0, 0, 0, 0, 0, 0, 0, 0, 0, 0, 0, 0, 0]], "output": [[1, 2, 1, 2, 1, 2, 1, 2, 1, 2, 1, 2, 1], [2, 1, 2, 1, 2, 1, 2, 1, 2, 1, 2, 1, 2], [1, 2, 1, 2, 1, 2, 1, 2, 1, 2, 1, 2, 1], [2, 1, 2, 1, 2, 1, 2, 1, 2, 1, 2, 1, 2], [2, 1, 2, 1, 2, 1, 2, 1, 2, 1, 2, 1, 2], [1, 2, 1, 2, 1, 2, 1, 2, 1, 2, 1, 2, 1], [2, 1, 2, 1, 2, 1, 2, 1, 2, 1, 2, 1, 2], [1, 2, 1, 2, 1, 2, 1, 2, 1, 2, 1, 2, 1], [2, 1, 2, 1, 2, 1, 2, 1, 2, 1, 2, 1, 2], [1, 2, 1, 2, 1, 2, 1, 2, 1, 2, 1, 2, 1], [2, 1, 2, 1, 2, 1, 2, 1, 2, 1, 2, 1, 2], [1, 2, 1, 2, 1, 2, 1, 2, 1, 2, 1, 2, 1], [2, 1, 2, 1, 2, 1, 2, 1, 2, 1, 2, 1, 2], [1, 2, 1, 2, 1, 2, 1, 2, 1, 2, 1, 2, 1], [2, 1, 2, 1, 2, 1, 2, 1, 2, 1, 2, 1, 2], [1, 2, 1, 2, 1, 2, 1, 2, 1, 2, 1, 2, 1], [2, 1, 2, 1, 2, 1, 2, 1, 2, 1, 2, 1, 2], [1, 2, 1, 2, 1, 2, 1, 2, 1, 2, 1, 2, 1], [2, 1, 2, 1, 2, 1, 2, 1, 2, 1, 2, 1, 2]]}]}