{"train": [{"input": [[5, 0, 0, 0, 0, 0, 0, 0, 0, 1], [0, 0, 0, 0, 0, 0, 0, 0, 0, 0], [0, 0, 0, 0, 0, 0, 0, 0, 0, 0], [0, 0, 0, 0, 0, 0, 0, 0, 0, 0], [0, 0, 0, 0, 0, 0, 0, 0, 0, 0], [0, 0, 0, 0, 0, 0, 0, 0, 0, 0], [0, 0, 0, 0, 0, 0, 0, 0, 0, 0], [0, 0, 0, 0, 0, 0, 0, 0, 0, 0], [0, 0, 0, 0, 0, 0, 0, 0, 0, 0], [0, 0, 0, 0, 0, 0, 0, 0, 0, 0]], "output": [[5, 0, 5, 0, 5, 0, 5, 0, 5, 0], [0, 1, 0, 1, 0, 1, 0, 1, 0, 1], [5, 0, 5, 0, 5, 0, 5, 0, 5, 0], [0, 1, 0, 1, 0, 1, 0, 1, 0, 1], [5, 0, 5, 0, 5, 0, 5, 0, 5, 0], [0, 1, 0, 1, 0, 1, 0, 1, 0, 1], [5, 0, 5, 0, 5, 0, 5, 0, 5, 0], [0, 1, 0, 1, 0, 1, 0, 1, 0, 1], [5, 0, 5, 0, 5, 0, 5, 0, 5, 0], [0, 1, 0, 1, 0, 1, 0, 1, 0, 1]]}, {"input": [[5, 0, 0, 0, 0, 0, 0, 0, 0, 2], [0, 0, 0, 0, 0, 0, 0, 0, 0, 0], [0, 0, 0, 0, 0, 0, 0, 0, 0, 0], [0, 0, 0, 0, 0, 0, 0, 0, 0, 0], [0, 0, 0, 0, 0, 0, 0, 0, 0, 0], [0, 0, 0, 0, 0, 0, 0, 0, 0, 0], [0, 0, 0, 0, 0, 0, 0, 0, 0, 0], [0, 0, 0, 0, 0, 0, 0, 0, 0, 0], [0, 0, 0, 0, 0, 0, 0, 0, 0, 0], [0, 0, 0, 0, 0, 0, 0, 0, 0, 0]], "output": [[5, 0, 5, 0, 5, 0, 5, 0, 5, 0], [0, 2, 0, 2, 0, 2, 0, 2, 0, 2], [5, 0, 5, 0, 5, 0, 5, 0, 5, 0], [0, 2, 0, 2, 0, 2, 0, 2, 0, 2], [5, 0, 5, 0, 5, 0, 5, 0, 5, 0], [0, 2, 0, 2, 0, 2, 0, 2, 0, 2], [5, 0, 5, 0, 5, 0, 5, 0, 5, 0], [0, 2, 0, 2, 0, 2, 0, 2, 0, 2], [5, 0, 5, 0, 5, 0, 5, 0, 5, 0], [0, 2, 0, 2, 0, 2, 0, 2, 0, 2]]}, {"input": [[6, 0, 0, 0, 0, 0, 0, 0, 0, 2], [0, 0, 0, 0, 0, 0, 0, 0, 0, 0], [0, 0, 0, 0, 0, 0, 0, 0, 0, 0], [0, 0, 0, 0, 0, 0, 0, 0, 0, 0], [0, 0, 0, 0, 0, 0, 0, 0, 0, 0], [0, 0, 0, 0, 0, 0, 0, 0, 0, 0], [0, 0, 0, 0, 0, 0, 0, 0, 0, 0], [0, 0, 0, 0, 0, 0, 0, 0, 0, 0], [0, 0, 0, 0, 0, 0, 0, 0, 0, 0], [0, 0, 0, 0, 0, 0, 0, 0, 0, 0]], "output": [[6, 0, 6, 0, 6, 0, 6, 0, 6, 0], [0, 2, 0, 2, 0, 2, 0, 2, 0, 2], [6, 0, 6, 0, 6, 0, 6, 0, 6, 0], [0, 2, 0, 2, 0, 2, 0, 2, 0, 2], [6, 0, 6, 0, 6, 0, 6, 0, 6, 0], [0, 2, 0, 2, 0, 2, 0, 2, 0, 2], [6, 0, 6, 0, 6, 0, 6, 0, 6, 0], [0, 2, 0, 2, 0, 2, 0, 2, 0, 2], [6, 0, 6, 0, 6, 0, 6, 0, 6, 0], [0, 2, 0, 2, 0, 2, 0, 2, 0, 2]]}, {"input": [[4, 0, 0, 0, 0, 0, 0, 0, 0, 3], [0, 0, 0, 0, 0, 0, 0, 0, 0, 0], [0, 0, 0, 0, 0, 0, 0, 0, 0, 0], [0, 0, 0, 0, 0, 0, 0, 0, 0, 0], [0, 0, 0, 0, 0, 0, 0, 0, 0, 0], [0, 0, 0, 0, 0, 0, 0, 0, 0, 0], [0, 0, 0, 0, 0, 0, 0, 0, 0, 0], [0, 0, 0, 0, 0, 0, 0, 0, 0, 0], [0, 0, 0, 0, 0, 0, 0, 0, 0, 0], [0, 0, 0, 0, 0, 0, 0, 0, 0, 0]], "output": [[4, 0, 4, 0, 4, 0, 4, 0, 4, 0], [0, 3, 0, 3, 0, 3, 0, 3, 0, 3], [4, 0, 4, 0, 4, 0, 4, 0, 4, 0], [0, 3, 0, 3, 0, 3, 0, 3, 0, 3], [4, 0, 4, 0, 4, 0, 4, 0, 4, 0], [0, 3, 0, 3, 0, 3, 0, 3, 0, 3], [4, 0, 4, 0, 4, 0, 4, 0, 4, 0], [0, 3, 0, 3, 0, 3, 0, 3, 0, 3], [4, 0, 4, 0, 4, 0, 4, 0, 4, 0], [0, 3, 0, 3, 0, 3, 0, 3, 0, 3]]}, {"input": [[9, 0, 0, 0, 0, 0, 0, 0, 0, 7], [0, 0, 0, 0, 0, 0, 0, 0, 0, 0], [0, 0, 0, 0, 0, 0, 0, 0, 0, 0], [0, 0, 0, 0, 0, 0, 0, 0, 0, 0], [0, 0, 0, 0, 0, 0, 0, 0, 0, 0], [0, 0, 0, 0, 0, 0, 0, 0, 0, 0], [0, 0, 0, 0, 0, 0, 0, 0, 0, 0], [0, 0, 0, 0, 0, 0, 0, 0, 0, 0], [0, 0, 0, 0, 0, 0, 0, 0, 0, 0], [0, 0, 0, 0, 0, 0, 0, 0, 0, 0]], "output": [[9, 0, 9, 0, 9, 0, 9, 0, 9, 0], [0, 7, 0, 7, 0, 7, 0, 7, 0, 7], [9, 0, 9, 0, 9, 0, 9, 0, 9, 0], [0, 7, 0, 7, 0, 7, 0, 7, 0, 7], [9, 0, 9, 0, 9, 0, 9, 0, 9, 0], [0, 7, 0, 7, 0, 7, 0, 7, 0, 7], [9, 0, 9, 0, 9, 0, 9, 0, 9, 0], [0, 7, 0, 7, 0, 7, 0, 7, 0, 7], [9, 0, 9, 0, 9, 0, 9, 0, 9, 0], [0, 7, 0, 7, 0, 7, 0, 7, 0, 7]]}, {"input": [[4, 0, 0, 0, 0, 0, 0, 0, 0, 9], [0, 0, 0, 0, 0, 0, 0, 0, 0, 0], [0, 0, 0, 0, 0, 0, 0, 0, 0, 0], [0, 0, 0, 0, 0, 0, 0, 0, 0, 0], [0, 0, 0, 0, 0, 0, 0, 0, 0, 0], [0, 0, 0, 0, 0, 0, 0, 0, 0, 0], [0, 0, 0, 0, 0, 0, 0, 0, 0, 0], [0, 0, 0, 0, 0, 0, 0, 0, 0, 0], [0, 0, 0, 0, 0, 0, 0, 0, 0, 0], [0, 0, 0, 0, 0, 0, 0, 0, 0, 0]], "output": [[4, 0, 4, 0, 4, 0, 4, 0, 4, 0], [0, 9, 0, 9, 0, 9, 0, 9, 0, 9], [4, 0, 4, 0, 4, 0, 4, 0, 4, 0], [0, 9, 0, 9, 0, 9, 0, 9, 0, 9], [4, 0, 4, 0, 4, 0, 4, 0, 4, 0], [0, 9, 0, 9, 0, 9, 0, 9, 0, 9], [4, 0, 4, 0, 4, 0, 4, 0, 4, 0], [0, 9, 0, 9, 0, 9, 0, 9, 0, 9], [4, 0, 4, 0, 4, 0, 4, 0, 4, 0], [0, 9, 0, 9, 0, 9, 0, 9, 0, 9]]}, {"input": [[6, 0, 0, 0, 0, 0, 0, 0, 0, 7], [0, 0, 0, 0, 0, 0, 0, 0, 0, 0], [0, 0, 0, 0, 0, 0, 0, 0, 0, 0], [0, 0, 0, 0, 0, 0, 0, 0, 0, 0], [0, 0, 0, 0, 0, 0, 0, 0, 0, 0], [0, 0, 0, 0, 0, 0, 0, 0, 0, 0], [0, 0, 0, 0, 0, 0, 0, 0, 0, 0], [0, 0, 0, 0, 0, 0, 0, 0, 0, 0], [0, 0, 0, 0, 0, 0, 0, 0, 0, 0], [0, 0, 0, 0, 0, 0, 0, 0, 0, 0]], "output": [[6, 0, 6, 0, 6, 0, 6, 0, 6, 0], [0, 7, 0, 7, 0, 7, 0, 7, 0, 7], [6, 0, 6, 0, 6, 0, 6, 0, 6, 0], [0, 7, 0, 7, 0, 7, 0, 7, 0, 7], [6, 0, 6, 0, 6, 0, 6, 0, 6, 0], [0, 7, 0, 7, 0, 7, 0, 7, 0, 7], [6, 0, 6, 0, 6, 0, 6, 0, 6, 0], [0, 7, 0, 7, 0, 7, 0, 7, 0, 7], [6, 0, 6, 0, 6, 0, 6, 0, 6, 0], [0, 7, 0, 7, 0, 7, 0, 7, 0, 7]]}, {"input": [[8, 0, 0, 0, 0, 0, 0, 0, 0, 1], [0, 0, 0, 0, 0, 0, 0, 0, 0, 0], [0, 0, 0, 0, 0, 0, 0, 0, 0, 0], [0, 0, 0, 0, 0, 0, 0, 0, 0, 0], [0, 0, 0, 0, 0, 0, 0, 0, 0, 0], [0, 0, 0, 0, 0, 0, 0, 0, 0, 0], [0, 0, 0, 0, 0, 0, 0, 0, 0, 0], [0, 0, 0, 0, 0, 0, 0, 0, 0, 0], [0, 0, 0, 0, 0, 0, 0, 0, 0, 0], [0, 0, 0, 0, 0, 0, 0, 0, 0, 0]], "output": [[8, 0, 8, 0, 8, 0, 8, 0, 8, 0], [0, 1, 0, 1, 0, 1, 0, 1, 0, 1], [8, 0, 8, 0, 8, 0, 8, 0, 8, 0], [0, 1, 0, 1, 0, 1, 0, 1, 0, 1], [8, 0, 8, 0, 8, 0, 8, 0, 8, 0], [0, 1, 0, 1, 0, 1, 0, 1, 0, 1], [8, 0, 8, 0, 8, 0, 8, 0, 8, 0], [0, 1, 0, 1, 0, 1, 0, 1, 0, 1], [8, 0, 8, 0, 8, 0, 8, 0, 8, 0], [0, 1, 0, 1, 0, 1, 0, 1, 0, 1]]}, {"input": [[1, 0, 0, 0, 0, 0, 0, 0, 0, 7], [0, 0, 0, 0, 0, 0, 0, 0, 0, 0], [0, 0, 0, 0, 0, 0, 0, 0, 0, 0], [0, 0, 0, 0, 0, 0, 0, 0, 0, 0], [0, 0, 0, 0, 0, 0, 0, 0, 0, 0], [0, 0, 0, 0, 0, 0, 0, 0, 0, 0], [0, 0, 0, 0, 0, 0, 0, 0, 0, 0], [0, 0, 0, 0, 0, 0, 0, 0, 0, 0], [0, 0, 0, 0, 0, 0, 0, 0, 0, 0], [0, 0, 0, 0, 0, 0, 0, 0, 0, 0]], "output": [[1, 0, 1, 0, 1, 0, 1, 0, 1, 0], [0, 7, 0, 7, 0, 7, 0, 7, 0, 7], [1, 0, 1, 0, 1, 0, 1, 0, 1, 0], [0, 7, 0, 7, 0, 7, 0, 7, 0, 7], [1, 0, 1, 0, 1, 0, 1, 0, 1, 0], [0, 7, 0, 7, 0, 7, 0, 7, 0, 7], [1, 0, 1, 0, 1, 0, 1, 0, 1, 0], [0, 7, 0, 7, 0, 7, 0, 7, 0, 7], [1, 0, 1, 0, 1, 0, 1, 0, 1, 0], [0, 7, 0, 7, 0, 7, 0, 7, 0, 7]]}, {"input": [[9, 0, 0, 0, 0, 0, 0, 0, 0, 4], [0, 0, 0, 0, 0, 0, 0, 0, 0, 0], [0, 0, 0, 0, 0, 0, 0, 0, 0, 0], [0, 0, 0, 0, 0, 0, 0, 0, 0, 0], [0, 0, 0, 0, 0, 0, 0, 0, 0, 0], [0, 0, 0, 0, 0, 0, 0, 0, 0, 0], [0, 0, 0, 0, 0, 0, 0, 0, 0, 0], [0, 0, 0, 0, 0, 0, 0, 0, 0, 0], [0, 0, 0, 0, 0, 0, 0, 0, 0, 0], [0, 0, 0, 0, 0, 0, 0, 0, 0, 0]], "output": [[9, 0, 9, 0, 9, 0, 9, 0, 9, 0], [0, 4, 0, 4, 0, 4, 0, 4, 0, 4], [9, 0, 9, 0, 9, 0, 9, 0, 9, 0], [0, 4, 0, 4, 0, 4, 0, 4, 0, 4], [9, 0, 9, 0, 9, 0, 9, 0, 9, 0], [0, 4, 0, 4, 0, 4, 0, 4, 0, 4], [9, 0, 9, 0, 9, 0, 9, 0, 9, 0], [0, 4, 0, 4, 0, 4, 0, 4, 0, 4], [9, 0, 9, 0, 9, 0, 9, 0, 9, 0], [0, 4, 0, 4, 0, 4, 0, 4, 0, 4]]}, {"input": [[5, 0, 0, 0, 0, 0, 0, 0, 0, 7], [0, 0, 0, 0, 0, 0, 0, 0, 0, 0], [0, 0, 0, 0, 0, 0, 0, 0, 0, 0], [0, 0, 0, 0, 0, 0, 0, 0, 0, 0], [0, 0, 0, 0, 0, 0, 0, 0, 0, 0], [0, 0, 0, 0, 0, 0, 0, 0, 0, 0], [0, 0, 0, 0, 0, 0, 0, 0, 0, 0], [0, 0, 0, 0, 0, 0, 0, 0, 0, 0], [0, 0, 0, 0, 0, 0, 0, 0, 0, 0], [0, 0, 0, 0, 0, 0, 0, 0, 0, 0]], "output": [[5, 0, 5, 0, 5, 0, 5, 0, 5, 0], [0, 7, 0, 7, 0, 7, 0, 7, 0, 7], [5, 0, 5, 0, 5, 0, 5, 0, 5, 0], [0, 7, 0, 7, 0, 7, 0, 7, 0, 7], [5, 0, 5, 0, 5, 0, 5, 0, 5, 0], [0, 7, 0, 7, 0, 7, 0, 7, 0, 7], [5, 0, 5, 0, 5, 0, 5, 0, 5, 0], [0, 7, 0, 7, 0, 7, 0, 7, 0, 7], [5, 0, 5, 0, 5, 0, 5, 0, 5, 0], [0, 7, 0, 7, 0, 7, 0, 7, 0, 7]]}, {"input": [[2, 0, 0, 0, 0, 0, 0, 0, 0, 7], [0, 0, 0, 0, 0, 0, 0, 0, 0, 0], [0, 0, 0, 0, 0, 0, 0, 0, 0, 0], [0, 0, 0, 0, 0, 0, 0, 0, 0, 0], [0, 0, 0, 0, 0, 0, 0, 0, 0, 0], [0, 0, 0, 0, 0, 0, 0, 0, 0, 0], [0, 0, 0, 0, 0, 0, 0, 0, 0, 0], [0, 0, 0, 0, 0, 0, 0, 0, 0, 0], [0, 0, 0, 0, 0, 0, 0, 0, 0, 0], [0, 0, 0, 0, 0, 0, 0, 0, 0, 0]], "output": [[2, 0, 2, 0, 2, 0, 2, 0, 2, 0], [0, 7, 0, 7, 0, 7, 0, 7, 0, 7], [2, 0, 2, 0, 2, 0, 2, 0, 2, 0], [0, 7, 0, 7, 0, 7, 0, 7, 0, 7], [2, 0, 2, 0, 2, 0, 2, 0, 2, 0], [0, 7, 0, 7, 0, 7, 0, 7, 0, 7], [2, 0, 2, 0, 2, 0, 2, 0, 2, 0], [0, 7, 0, 7, 0, 7, 0, 7, 0, 7], [2, 0, 2, 0, 2, 0, 2, 0, 2, 0], [0, 7, 0, 7, 0, 7, 0, 7, 0, 7]]}, {"input": [[9, 0, 0, 0, 0, 0, 0, 0, 0, 1], [0, 0, 0, 0, 0, 0, 0, 0, 0, 0], [0, 0, 0, 0, 0, 0, 0, 0, 0, 0], [0, 0, 0, 0, 0, 0, 0, 0, 0, 0], [0, 0, 0, 0, 0, 0, 0, 0, 0, 0], [0, 0, 0, 0, 0, 0, 0, 0, 0, 0], [0, 0, 0, 0, 0, 0, 0, 0, 0, 0], [0, 0, 0, 0, 0, 0, 0, 0, 0, 0], [0, 0, 0, 0, 0, 0, 0, 0, 0, 0], [0, 0, 0, 0, 0, 0, 0, 0, 0, 0]], "output": [[9, 0, 9, 0, 9, 0, 9, 0, 9, 0], [0, 1, 0, 1, 0, 1, 0, 1, 0, 1], [9, 0, 9, 0, 9, 0, 9, 0, 9, 0], [0, 1, 0, 1, 0, 1, 0, 1, 0, 1], [9, 0, 9, 0, 9, 0, 9, 0, 9, 0], [0, 1, 0, 1, 0, 1, 0, 1, 0, 1], [9, 0, 9, 0, 9, 0, 9, 0, 9, 0], [0, 1, 0, 1, 0, 1, 0, 1, 0, 1], [9, 0, 9, 0, 9, 0, 9, 0, 9, 0], [0, 1, 0, 1, 0, 1, 0, 1, 0, 1]]}, {"input": [[3, 0, 0, 0, 0, 0, 0, 0, 0, 6], [0, 0, 0, 0, 0, 0, 0, 0, 0, 0], [0, 0, 0, 0, 0, 0, 0, 0, 0, 0], [0, 0, 0, 0, 0, 0, 0, 0, 0, 0], [0, 0, 0, 0, 0, 0, 0, 0, 0, 0], [0, 0, 0, 0, 0, 0, 0, 0, 0, 0], [0, 0, 0, 0, 0, 0, 0, 0, 0, 0], [0, 0, 0, 0, 0, 0, 0, 0, 0, 0], [0, 0, 0, 0, 0, 0, 0, 0, 0, 0], [0, 0, 0, 0, 0, 0, 0, 0, 0, 0]], "output": [[3, 0, 3, 0, 3, 0, 3, 0, 3, 0], [0, 6, 0, 6, 0, 6, 0, 6, 0, 6], [3, 0, 3, 0, 3, 0, 3, 0, 3, 0], [0, 6, 0, 6, 0, 6, 0, 6, 0, 6], [3, 0, 3, 0, 3, 0, 3, 0, 3, 0], [0, 6, 0, 6, 0, 6, 0, 6, 0, 6], [3, 0, 3, 0, 3, 0, 3, 0, 3, 0], [0, 6, 0, 6, 0, 6, 0, 6, 0, 6], [3, 0, 3, 0, 3, 0, 3, 0, 3, 0], [0, 6, 0, 6, 0, 6, 0, 6, 0, 6]]}, {"input": [[9, 0, 0, 0, 0, 0, 0, 0, 0, 3], [0, 0, 0, 0, 0, 0, 0, 0, 0, 0], [0, 0, 0, 0, 0, 0, 0, 0, 0, 0], [0, 0, 0, 0, 0, 0, 0, 0, 0, 0], [0, 0, 0, 0, 0, 0, 0, 0, 0, 0], [0, 0, 0, 0, 0, 0, 0, 0, 0, 0], [0, 0, 0, 0, 0, 0, 0, 0, 0, 0], [0, 0, 0, 0, 0, 0, 0, 0, 0, 0], [0, 0, 0, 0, 0, 0, 0, 0, 0, 0], [0, 0, 0, 0, 0, 0, 0, 0, 0, 0]], "output": [[9, 0, 9, 0, 9, 0, 9, 0, 9, 0], [0, 3, 0, 3, 0, 3, 0, 3, 0, 3], [9, 0, 9, 0, 9, 0, 9, 0, 9, 0], [0, 3, 0, 3, 0, 3, 0, 3, 0, 3], [9, 0, 9, 0, 9, 0, 9, 0, 9, 0], [0, 3, 0, 3, 0, 3, 0, 3, 0, 3], [9, 0, 9, 0, 9, 0, 9, 0, 9, 0], [0, 3, 0, 3, 0, 3, 0, 3, 0, 3], [9, 0, 9, 0, 9, 0, 9, 0, 9, 0], [0, 3, 0, 3, 0, 3, 0, 3, 0, 3]]}, {"input": [[8, 0, 0, 0, 0, 0, 0, 0, 0, 9], [0, 0, 0, 0, 0, 0, 0, 0, 0, 0], [0, 0, 0, 0, 0, 0, 0, 0, 0, 0], [0, 0, 0, 0, 0, 0, 0, 0, 0, 0], [0, 0, 0, 0, 0, 0, 0, 0, 0, 0], [0, 0, 0, 0, 0, 0, 0, 0, 0, 0], [0, 0, 0, 0, 0, 0, 0, 0, 0, 0], [0, 0, 0, 0, 0, 0, 0, 0, 0, 0], [0, 0, 0, 0, 0, 0, 0, 0, 0, 0], [0, 0, 0, 0, 0, 0, 0, 0, 0, 0]], "output": [[8, 0, 8, 0, 8, 0, 8, 0, 8, 0], [0, 9, 0, 9, 0, 9, 0, 9, 0, 9], [8, 0, 8, 0, 8, 0, 8, 0, 8, 0], [0, 9, 0, 9, 0, 9, 0, 9, 0, 9], [8, 0, 8, 0, 8, 0, 8, 0, 8, 0], [0, 9, 0, 9, 0, 9, 0, 9, 0, 9], [8, 0, 8, 0, 8, 0, 8, 0, 8, 0], [0, 9, 0, 9, 0, 9, 0, 9, 0, 9], [8, 0, 8, 0, 8, 0, 8, 0, 8, 0], [0, 9, 0, 9, 0, 9, 0, 9, 0, 9]]}, {"input": [[4, 0, 0, 0, 0, 0, 0, 0, 0, 5], [0, 0, 0, 0, 0, 0, 0, 0, 0, 0], [0, 0, 0, 0, 0, 0, 0, 0, 0, 0], [0, 0, 0, 0, 0, 0, 0, 0, 0, 0], [0, 0, 0, 0, 0, 0, 0, 0, 0, 0], [0, 0, 0, 0, 0, 0, 0, 0, 0, 0], [0, 0, 0, 0, 0, 0, 0, 0, 0, 0], [0, 0, 0, 0, 0, 0, 0, 0, 0, 0], [0, 0, 0, 0, 0, 0, 0, 0, 0, 0], [0, 0, 0, 0, 0, 0, 0, 0, 0, 0]], "output": [[4, 0, 4, 0, 4, 0, 4, 0, 4, 0], [0, 5, 0, 5, 0, 5, 0, 5, 0, 5], [4, 0, 4, 0, 4, 0, 4, 0, 4, 0], [0, 5, 0, 5, 0, 5, 0, 5, 0, 5], [4, 0, 4, 0, 4, 0, 4, 0, 4, 0], [0, 5, 0, 5, 0, 5, 0, 5, 0, 5], [4, 0, 4, 0, 4, 0, 4, 0, 4, 0], [0, 5, 0, 5, 0, 5, 0, 5, 0, 5], [4, 0, 4, 0, 4, 0, 4, 0, 4, 0], [0, 5, 0, 5, 0, 5, 0, 5, 0, 5]]}, {"input": [[2, 0, 0, 0, 0, 0, 0, 0, 0, 5], [0, 0, 0, 0, 0, 0, 0, 0, 0, 0], [0, 0, 0, 0, 0, 0, 0, 0, 0, 0], [0, 0, 0, 0, 0, 0, 0, 0, 0, 0], [0, 0, 0, 0, 0, 0, 0, 0, 0, 0], [0, 0, 0, 0, 0, 0, 0, 0, 0, 0], [0, 0, 0, 0, 0, 0, 0, 0, 0, 0], [0, 0, 0, 0, 0, 0, 0, 0, 0, 0], [0, 0, 0, 0, 0, 0, 0, 0, 0, 0], [0, 0, 0, 0, 0, 0, 0, 0, 0, 0]], "output": [[2, 0, 2, 0, 2, 0, 2, 0, 2, 0], [0, 5, 0, 5, 0, 5, 0, 5, 0, 5], [2, 0, 2, 0, 2, 0, 2, 0, 2, 0], [0, 5, 0, 5, 0, 5, 0, 5, 0, 5], [2, 0, 2, 0, 2, 0, 2, 0, 2, 0], [0, 5, 0, 5, 0, 5, 0, 5, 0, 5], [2, 0, 2, 0, 2, 0, 2, 0, 2, 0], [0, 5, 0, 5, 0, 5, 0, 5, 0, 5], [2, 0, 2, 0, 2, 0, 2, 0, 2, 0], [0, 5, 0, 5, 0, 5, 0, 5, 0, 5]]}, {"input": [[2, 0, 0, 0, 0, 0, 0, 0, 0, 8], [0, 0, 0, 0, 0, 0, 0, 0, 0, 0], [0, 0, 0, 0, 0, 0, 0, 0, 0, 0], [0, 0, 0, 0, 0, 0, 0, 0, 0, 0], [0, 0, 0, 0, 0, 0, 0, 0, 0, 0], [0, 0, 0, 0, 0, 0, 0, 0, 0, 0], [0, 0, 0, 0, 0, 0, 0, 0, 0, 0], [0, 0, 0, 0, 0, 0, 0, 0, 0, 0], [0, 0, 0, 0, 0, 0, 0, 0, 0, 0], [0, 0, 0, 0, 0, 0, 0, 0, 0, 0]], "output": [[2, 0, 2, 0, 2, 0, 2, 0, 2, 0], [0, 8, 0, 8, 0, 8, 0, 8, 0, 8], [2, 0, 2, 0, 2, 0, 2, 0, 2, 0], [0, 8, 0, 8, 0, 8, 0, 8, 0, 8], [2, 0, 2, 0, 2, 0, 2, 0, 2, 0], [0, 8, 0, 8, 0, 8, 0, 8, 0, 8], [2, 0, 2, 0, 2, 0, 2, 0, 2, 0], [0, 8, 0, 8, 0, 8, 0, 8, 0, 8], [2, 0, 2, 0, 2, 0, 2, 0, 2, 0], [0, 8, 0, 8, 0, 8, 0, 8, 0, 8]]}, {"input": [[3, 0, 0, 0, 0, 0, 0, 0, 0, 8], [0, 0, 0, 0, 0, 0, 0, 0, 0, 0], [0, 0, 0, 0, 0, 0, 0, 0, 0, 0], [0, 0, 0, 0, 0, 0, 0, 0, 0, 0], [0, 0, 0, 0, 0, 0, 0, 0, 0, 0], [0, 0, 0, 0, 0, 0, 0, 0, 0, 0], [0, 0, 0, 0, 0, 0, 0, 0, 0, 0], [0, 0, 0, 0, 0, 0, 0, 0, 0, 0], [0, 0, 0, 0, 0, 0, 0, 0, 0, 0], [0, 0, 0, 0, 0, 0, 0, 0, 0, 0]], "output": [[3, 0, 3, 0, 3, 0, 3, 0, 3, 0], [0, 8, 0, 8, 0, 8, 0, 8, 0, 8], [3, 0, 3, 0, 3, 0, 3, 0, 3, 0], [0, 8, 0, 8, 0, 8, 0, 8, 0, 8], [3, 0, 3, 0, 3, 0, 3, 0, 3, 0], [0, 8, 0, 8, 0, 8, 0, 8, 0, 8], [3, 0, 3, 0, 3, 0, 3, 0, 3, 0], [0, 8, 0, 8, 0, 8, 0, 8, 0, 8], [3, 0, 3, 0, 3, 0, 3, 0, 3, 0], [0, 8, 0, 8, 0, 8, 0, 8, 0, 8]]}, {"input": [[7, 0, 0, 0, 0, 0, 0, 0, 0, 4], [0, 0, 0, 0, 0, 0, 0, 0, 0, 0], [0, 0, 0, 0, 0, 0, 0, 0, 0, 0], [0, 0, 0, 0, 0, 0, 0, 0, 0, 0], [0, 0, 0, 0, 0, 0, 0, 0, 0, 0], [0, 0, 0, 0, 0, 0, 0, 0, 0, 0], [0, 0, 0, 0, 0, 0, 0, 0, 0, 0], [0, 0, 0, 0, 0, 0, 0, 0, 0, 0], [0, 0, 0, 0, 0, 0, 0, 0, 0, 0], [0, 0, 0, 0, 0, 0, 0, 0, 0, 0]], "output": [[7, 0, 7, 0, 7, 0, 7, 0, 7, 0], [0, 4, 0, 4, 0, 4, 0, 4, 0, 4], [7, 0, 7, 0, 7, 0, 7, 0, 7, 0], [0, 4, 0, 4, 0, 4, 0, 4, 0, 4], [7, 0, 7, 0, 7, 0, 7, 0, 7, 0], [0, 4, 0, 4, 0, 4, 0, 4, 0, 4], [7, 0, 7, 0, 7, 0, 7, 0, 7, 0], [0, 4, 0, 4, 0, 4, 0, 4, 0, 4], [7, 0, 7, 0, 7, 0, 7, 0, 7, 0], [0, 4, 0, 4, 0, 4, 0, 4, 0, 4]]}, {"input": [[7, 0, 0, 0, 0, 0, 0, 0, 0, 2], [0, 0, 0, 0, 0, 0, 0, 0, 0, 0], [0, 0, 0, 0, 0, 0, 0, 0, 0, 0], [0, 0, 0, 0, 0, 0, 0, 0, 0, 0], [0, 0, 0, 0, 0, 0, 0, 0, 0, 0], [0, 0, 0, 0, 0, 0, 0, 0, 0, 0], [0, 0, 0, 0, 0, 0, 0, 0, 0, 0], [0, 0, 0, 0, 0, 0, 0, 0, 0, 0], [0, 0, 0, 0, 0, 0, 0, 0, 0, 0], [0, 0, 0, 0, 0, 0, 0, 0, 0, 0]], "output": [[7, 0, 7, 0, 7, 0, 7, 0, 7, 0], [0, 2, 0, 2, 0, 2, 0, 2, 0, 2], [7, 0, 7, 0, 7, 0, 7, 0, 7, 0], [0, 2, 0, 2, 0, 2, 0, 2, 0, 2], [7, 0, 7, 0, 7, 0, 7, 0, 7, 0], [0, 2, 0, 2, 0, 2, 0, 2, 0, 2], [7, 0, 7, 0, 7, 0, 7, 0, 7, 0], [0, 2, 0, 2, 0, 2, 0, 2, 0, 2], [7, 0, 7, 0, 7, 0, 7, 0, 7, 0], [0, 2, 0, 2, 0, 2, 0, 2, 0, 2]]}, {"input": [[7, 0, 0, 0, 0, 0, 0, 0, 0, 9], [0, 0, 0, 0, 0, 0, 0, 0, 0, 0], [0, 0, 0, 0, 0, 0, 0, 0, 0, 0], [0, 0, 0, 0, 0, 0, 0, 0, 0, 0], [0, 0, 0, 0, 0, 0, 0, 0, 0, 0], [0, 0, 0, 0, 0, 0, 0, 0, 0, 0], [0, 0, 0, 0, 0, 0, 0, 0, 0, 0], [0, 0, 0, 0, 0, 0, 0, 0, 0, 0], [0, 0, 0, 0, 0, 0, 0, 0, 0, 0], [0, 0, 0, 0, 0, 0, 0, 0, 0, 0]], "output": [[7, 0, 7, 0, 7, 0, 7, 0, 7, 0], [0, 9, 0, 9, 0, 9, 0, 9, 0, 9], [7, 0, 7, 0, 7, 0, 7, 0, 7, 0], [0, 9, 0, 9, 0, 9, 0, 9, 0, 9], [7, 0, 7, 0, 7, 0, 7, 0, 7, 0], [0, 9, 0, 9, 0, 9, 0, 9, 0, 9], [7, 0, 7, 0, 7, 0, 7, 0, 7, 0], [0, 9, 0, 9, 0, 9, 0, 9, 0, 9], [7, 0, 7, 0, 7, 0, 7, 0, 7, 0], [0, 9, 0, 9, 0, 9, 0, 9, 0, 9]]}, {"input": [[7, 0, 0, 0, 0, 0, 0, 0, 0, 8], [0, 0, 0, 0, 0, 0, 0, 0, 0, 0], [0, 0, 0, 0, 0, 0, 0, 0, 0, 0], [0, 0, 0, 0, 0, 0, 0, 0, 0, 0], [0, 0, 0, 0, 0, 0, 0, 0, 0, 0], [0, 0, 0, 0, 0, 0, 0, 0, 0, 0], [0, 0, 0, 0, 0, 0, 0, 0, 0, 0], [0, 0, 0, 0, 0, 0, 0, 0, 0, 0], [0, 0, 0, 0, 0, 0, 0, 0, 0, 0], [0, 0, 0, 0, 0, 0, 0, 0, 0, 0]], "output": [[7, 0, 7, 0, 7, 0, 7, 0, 7, 0], [0, 8, 0, 8, 0, 8, 0, 8, 0, 8], [7, 0, 7, 0, 7, 0, 7, 0, 7, 0], [0, 8, 0, 8, 0, 8, 0, 8, 0, 8], [7, 0, 7, 0, 7, 0, 7, 0, 7, 0], [0, 8, 0, 8, 0, 8, 0, 8, 0, 8], [7, 0, 7, 0, 7, 0, 7, 0, 7, 0], [0, 8, 0, 8, 0, 8, 0, 8, 0, 8], [7, 0, 7, 0, 7, 0, 7, 0, 7, 0], [0, 8, 0, 8, 0, 8, 0, 8, 0, 8]]}, {"input": [[1, 0, 0, 0, 0, 0, 0, 0, 0, 5], [0, 0, 0, 0, 0, 0, 0, 0, 0, 0], [0, 0, 0, 0, 0, 0, 0, 0, 0, 0], [0, 0, 0, 0, 0, 0, 0, 0, 0, 0], [0, 0, 0, 0, 0, 0, 0, 0, 0, 0], [0, 0, 0, 0, 0, 0, 0, 0, 0, 0], [0, 0, 0, 0, 0, 0, 0, 0, 0, 0], [0, 0, 0, 0, 0, 0, 0, 0, 0, 0], [0, 0, 0, 0, 0, 0, 0, 0, 0, 0], [0, 0, 0, 0, 0, 0, 0, 0, 0, 0]], "output": [[1, 0, 1, 0, 1, 0, 1, 0, 1, 0], [0, 5, 0, 5, 0, 5, 0, 5, 0, 5], [1, 0, 1, 0, 1, 0, 1, 0, 1, 0], [0, 5, 0, 5, 0, 5, 0, 5, 0, 5], [1, 0, 1, 0, 1, 0, 1, 0, 1, 0], [0, 5, 0, 5, 0, 5, 0, 5, 0, 5], [1, 0, 1, 0, 1, 0, 1, 0, 1, 0], [0, 5, 0, 5, 0, 5, 0, 5, 0, 5], [1, 0, 1, 0, 1, 0, 1, 0, 1, 0], [0, 5, 0, 5, 0, 5, 0, 5, 0, 5]]}, {"input": [[3, 0, 0, 0, 0, 0, 0, 0, 0, 9], [0, 0, 0, 0, 0, 0, 0, 0, 0, 0], [0, 0, 0, 0, 0, 0, 0, 0, 0, 0], [0, 0, 0, 0, 0, 0, 0, 0, 0, 0], [0, 0, 0, 0, 0, 0, 0, 0, 0, 0], [0, 0, 0, 0, 0, 0, 0, 0, 0, 0], [0, 0, 0, 0, 0, 0, 0, 0, 0, 0], [0, 0, 0, 0, 0, 0, 0, 0, 0, 0], [0, 0, 0, 0, 0, 0, 0, 0, 0, 0], [0, 0, 0, 0, 0, 0, 0, 0, 0, 0]], "output": [[3, 0, 3, 0, 3, 0, 3, 0, 3, 0], [0, 9, 0, 9, 0, 9, 0, 9, 0, 9], [3, 0, 3, 0, 3, 0, 3, 0, 3, 0], [0, 9, 0, 9, 0, 9, 0, 9, 0, 9], [3, 0, 3, 0, 3, 0, 3, 0, 3, 0], [0, 9, 0, 9, 0, 9, 0, 9, 0, 9], [3, 0, 3, 0, 3, 0, 3, 0, 3, 0], [0, 9, 0, 9, 0, 9, 0, 9, 0, 9], [3, 0, 3, 0, 3, 0, 3, 0, 3, 0], [0, 9, 0, 9, 0, 9, 0, 9, 0, 9]]}, {"input": [[7, 0, 0, 0, 0, 0, 0, 0, 0, 5], [0, 0, 0, 0, 0, 0, 0, 0, 0, 0], [0, 0, 0, 0, 0, 0, 0, 0, 0, 0], [0, 0, 0, 0, 0, 0, 0, 0, 0, 0], [0, 0, 0, 0, 0, 0, 0, 0, 0, 0], [0, 0, 0, 0, 0, 0, 0, 0, 0, 0], [0, 0, 0, 0, 0, 0, 0, 0, 0, 0], [0, 0, 0, 0, 0, 0, 0, 0, 0, 0], [0, 0, 0, 0, 0, 0, 0, 0, 0, 0], [0, 0, 0, 0, 0, 0, 0, 0, 0, 0]], "output": [[7, 0, 7, 0, 7, 0, 7, 0, 7, 0], [0, 5, 0, 5, 0, 5, 0, 5, 0, 5], [7, 0, 7, 0, 7, 0, 7, 0, 7, 0], [0, 5, 0, 5, 0, 5, 0, 5, 0, 5], [7, 0, 7, 0, 7, 0, 7, 0, 7, 0], [0, 5, 0, 5, 0, 5, 0, 5, 0, 5], [7, 0, 7, 0, 7, 0, 7, 0, 7, 0], [0, 5, 0, 5, 0, 5, 0, 5, 0, 5], [7, 0, 7, 0, 7, 0, 7, 0, 7, 0], [0, 5, 0, 5, 0, 5, 0, 5, 0, 5]]}, {"input": [[8, 0, 0, 0, 0, 0, 0, 0, 0, 7], [0, 0, 0, 0, 0, 0, 0, 0, 0, 0], [0, 0, 0, 0, 0, 0, 0, 0, 0, 0], [0, 0, 0, 0, 0, 0, 0, 0, 0, 0], [0, 0, 0, 0, 0, 0, 0, 0, 0, 0], [0, 0, 0, 0, 0, 0, 0, 0, 0, 0], [0, 0, 0, 0, 0, 0, 0, 0, 0, 0], [0, 0, 0, 0, 0, 0, 0, 0, 0, 0], [0, 0, 0, 0, 0, 0, 0, 0, 0, 0], [0, 0, 0, 0, 0, 0, 0, 0, 0, 0]], "output": [[8, 0, 8, 0, 8, 0, 8, 0, 8, 0], [0, 7, 0, 7, 0, 7, 0, 7, 0, 7], [8, 0, 8, 0, 8, 0, 8, 0, 8, 0], [0, 7, 0, 7, 0, 7, 0, 7, 0, 7], [8, 0, 8, 0, 8, 0, 8, 0, 8, 0], [0, 7, 0, 7, 0, 7, 0, 7, 0, 7], [8, 0, 8, 0, 8, 0, 8, 0, 8, 0], [0, 7, 0, 7, 0, 7, 0, 7, 0, 7], [8, 0, 8, 0, 8, 0, 8, 0, 8, 0], [0, 7, 0, 7, 0, 7, 0, 7, 0, 7]]}, {"input": [[3, 0, 0, 0, 0, 0, 0, 0, 0, 5], [0, 0, 0, 0, 0, 0, 0, 0, 0, 0], [0, 0, 0, 0, 0, 0, 0, 0, 0, 0], [0, 0, 0, 0, 0, 0, 0, 0, 0, 0], [0, 0, 0, 0, 0, 0, 0, 0, 0, 0], [0, 0, 0, 0, 0, 0, 0, 0, 0, 0], [0, 0, 0, 0, 0, 0, 0, 0, 0, 0], [0, 0, 0, 0, 0, 0, 0, 0, 0, 0], [0, 0, 0, 0, 0, 0, 0, 0, 0, 0], [0, 0, 0, 0, 0, 0, 0, 0, 0, 0]], "output": [[3, 0, 3, 0, 3, 0, 3, 0, 3, 0], [0, 5, 0, 5, 0, 5, 0, 5, 0, 5], [3, 0, 3, 0, 3, 0, 3, 0, 3, 0], [0, 5, 0, 5, 0, 5, 0, 5, 0, 5], [3, 0, 3, 0, 3, 0, 3, 0, 3, 0], [0, 5, 0, 5, 0, 5, 0, 5, 0, 5], [3, 0, 3, 0, 3, 0, 3, 0, 3, 0], [0, 5, 0, 5, 0, 5, 0, 5, 0, 5], [3, 0, 3, 0, 3, 0, 3, 0, 3, 0], [0, 5, 0, 5, 0, 5, 0, 5, 0, 5]]}, {"input": [[8, 0, 0, 0, 0, 0, 0, 0, 0, 2], [0, 0, 0, 0, 0, 0, 0, 0, 0, 0], [0, 0, 0, 0, 0, 0, 0, 0, 0, 0], [0, 0, 0, 0, 0, 0, 0, 0, 0, 0], [0, 0, 0, 0, 0, 0, 0, 0, 0, 0], [0, 0, 0, 0, 0, 0, 0, 0, 0, 0], [0, 0, 0, 0, 0, 0, 0, 0, 0, 0], [0, 0, 0, 0, 0, 0, 0, 0, 0, 0], [0, 0, 0, 0, 0, 0, 0, 0, 0, 0], [0, 0, 0, 0, 0, 0, 0, 0, 0, 0]], "output": [[8, 0, 8, 0, 8, 0, 8, 0, 8, 0], [0, 2, 0, 2, 0, 2, 0, 2, 0, 2], [8, 0, 8, 0, 8, 0, 8, 0, 8, 0], [0, 2, 0, 2, 0, 2, 0, 2, 0, 2], [8, 0, 8, 0, 8, 0, 8, 0, 8, 0], [0, 2, 0, 2, 0, 2, 0, 2, 0, 2], [8, 0, 8, 0, 8, 0, 8, 0, 8, 0], [0, 2, 0, 2, 0, 2, 0, 2, 0, 2], [8, 0, 8, 0, 8, 0, 8, 0, 8, 0], [0, 2, 0, 2, 0, 2, 0, 2, 0, 2]]}, {"input": [[4, 0, 0, 0, 0, 0, 0, 0, 0, 7], [0, 0, 0, 0, 0, 0, 0, 0, 0, 0], [0, 0, 0, 0, 0, 0, 0, 0, 0, 0], [0, 0, 0, 0, 0, 0, 0, 0, 0, 0], [0, 0, 0, 0, 0, 0, 0, 0, 0, 0], [0, 0, 0, 0, 0, 0, 0, 0, 0, 0], [0, 0, 0, 0, 0, 0, 0, 0, 0, 0], [0, 0, 0, 0, 0, 0, 0, 0, 0, 0], [0, 0, 0, 0, 0, 0, 0, 0, 0, 0], [0, 0, 0, 0, 0, 0, 0, 0, 0, 0]], "output": [[4, 0, 4, 0, 4, 0, 4, 0, 4, 0], [0, 7, 0, 7, 0, 7, 0, 7, 0, 7], [4, 0, 4, 0, 4, 0, 4, 0, 4, 0], [0, 7, 0, 7, 0, 7, 0, 7, 0, 7], [4, 0, 4, 0, 4, 0, 4, 0, 4, 0], [0, 7, 0, 7, 0, 7, 0, 7, 0, 7], [4, 0, 4, 0, 4, 0, 4, 0, 4, 0], [0, 7, 0, 7, 0, 7, 0, 7, 0, 7], [4, 0, 4, 0, 4, 0, 4, 0, 4, 0], [0, 7, 0, 7, 0, 7, 0, 7, 0, 7]]}, {"input": [[3, 0, 0, 0, 0, 0, 0, 0, 0, 1], [0, 0, 0, 0, 0, 0, 0, 0, 0, 0], [0, 0, 0, 0, 0, 0, 0, 0, 0, 0], [0, 0, 0, 0, 0, 0, 0, 0, 0, 0], [0, 0, 0, 0, 0, 0, 0, 0, 0, 0], [0, 0, 0, 0, 0, 0, 0, 0, 0, 0], [0, 0, 0, 0, 0, 0, 0, 0, 0, 0], [0, 0, 0, 0, 0, 0, 0, 0, 0, 0], [0, 0, 0, 0, 0, 0, 0, 0, 0, 0], [0, 0, 0, 0, 0, 0, 0, 0, 0, 0]], "output": [[3, 0, 3, 0, 3, 0, 3, 0, 3, 0], [0, 1, 0, 1, 0, 1, 0, 1, 0, 1], [3, 0, 3, 0, 3, 0, 3, 0, 3, 0], [0, 1, 0, 1, 0, 1, 0, 1, 0, 1], [3, 0, 3, 0, 3, 0, 3, 0, 3, 0], [0, 1, 0, 1, 0, 1, 0, 1, 0, 1], [3, 0, 3, 0, 3, 0, 3, 0, 3, 0], [0, 1, 0, 1, 0, 1, 0, 1, 0, 1], [3, 0, 3, 0, 3, 0, 3, 0, 3, 0], [0, 1, 0, 1, 0, 1, 0, 1, 0, 1]]}, {"input": [[9, 0, 0, 0, 0, 0, 0, 0, 0, 6], [0, 0, 0, 0, 0, 0, 0, 0, 0, 0], [0, 0, 0, 0, 0, 0, 0, 0, 0, 0], [0, 0, 0, 0, 0, 0, 0, 0, 0, 0], [0, 0, 0, 0, 0, 0, 0, 0, 0, 0], [0, 0, 0, 0, 0, 0, 0, 0, 0, 0], [0, 0, 0, 0, 0, 0, 0, 0, 0, 0], [0, 0, 0, 0, 0, 0, 0, 0, 0, 0], [0, 0, 0, 0, 0, 0, 0, 0, 0, 0], [0, 0, 0, 0, 0, 0, 0, 0, 0, 0]], "output": [[9, 0, 9, 0, 9, 0, 9, 0, 9, 0], [0, 6, 0, 6, 0, 6, 0, 6, 0, 6], [9, 0, 9, 0, 9, 0, 9, 0, 9, 0], [0, 6, 0, 6, 0, 6, 0, 6, 0, 6], [9, 0, 9, 0, 9, 0, 9, 0, 9, 0], [0, 6, 0, 6, 0, 6, 0, 6, 0, 6], [9, 0, 9, 0, 9, 0, 9, 0, 9, 0], [0, 6, 0, 6, 0, 6, 0, 6, 0, 6], [9, 0, 9, 0, 9, 0, 9, 0, 9, 0], [0, 6, 0, 6, 0, 6, 0, 6, 0, 6]]}, {"input": [[2, 0, 0, 0, 0, 0, 0, 0, 0, 1], [0, 0, 0, 0, 0, 0, 0, 0, 0, 0], [0, 0, 0, 0, 0, 0, 0, 0, 0, 0], [0, 0, 0, 0, 0, 0, 0, 0, 0, 0], [0, 0, 0, 0, 0, 0, 0, 0, 0, 0], [0, 0, 0, 0, 0, 0, 0, 0, 0, 0], [0, 0, 0, 0, 0, 0, 0, 0, 0, 0], [0, 0, 0, 0, 0, 0, 0, 0, 0, 0], [0, 0, 0, 0, 0, 0, 0, 0, 0, 0], [0, 0, 0, 0, 0, 0, 0, 0, 0, 0]], "output": [[2, 0, 2, 0, 2, 0, 2, 0, 2, 0], [0, 1, 0, 1, 0, 1, 0, 1, 0, 1], [2, 0, 2, 0, 2, 0, 2, 0, 2, 0], [0, 1, 0, 1, 0, 1, 0, 1, 0, 1], [2, 0, 2, 0, 2, 0, 2, 0, 2, 0], [0, 1, 0, 1, 0, 1, 0, 1, 0, 1], [2, 0, 2, 0, 2, 0, 2, 0, 2, 0], [0, 1, 0, 1, 0, 1, 0, 1, 0, 1], [2, 0, 2, 0, 2, 0, 2, 0, 2, 0], [0, 1, 0, 1, 0, 1, 0, 1, 0, 1]]}, {"input": [[9, 0, 0, 0, 0, 0, 0, 0, 0, 5], [0, 0, 0, 0, 0, 0, 0, 0, 0, 0], [0, 0, 0, 0, 0, 0, 0, 0, 0, 0], [0, 0, 0, 0, 0, 0, 0, 0, 0, 0], [0, 0, 0, 0, 0, 0, 0, 0, 0, 0], [0, 0, 0, 0, 0, 0, 0, 0, 0, 0], [0, 0, 0, 0, 0, 0, 0, 0, 0, 0], [0, 0, 0, 0, 0, 0, 0, 0, 0, 0], [0, 0, 0, 0, 0, 0, 0, 0, 0, 0], [0, 0, 0, 0, 0, 0, 0, 0, 0, 0]], "output": [[9, 0, 9, 0, 9, 0, 9, 0, 9, 0], [0, 5, 0, 5, 0, 5, 0, 5, 0, 5], [9, 0, 9, 0, 9, 0, 9, 0, 9, 0], [0, 5, 0, 5, 0, 5, 0, 5, 0, 5], [9, 0, 9, 0, 9, 0, 9, 0, 9, 0], [0, 5, 0, 5, 0, 5, 0, 5, 0, 5], [9, 0, 9, 0, 9, 0, 9, 0, 9, 0], [0, 5, 0, 5, 0, 5, 0, 5, 0, 5], [9, 0, 9, 0, 9, 0, 9, 0, 9, 0], [0, 5, 0, 5, 0, 5, 0, 5, 0, 5]]}, {"input": [[1, 0, 0, 0, 0, 0, 0, 0, 0, 9], [0, 0, 0, 0, 0, 0, 0, 0, 0, 0], [0, 0, 0, 0, 0, 0, 0, 0, 0, 0], [0, 0, 0, 0, 0, 0, 0, 0, 0, 0], [0, 0, 0, 0, 0, 0, 0, 0, 0, 0], [0, 0, 0, 0, 0, 0, 0, 0, 0, 0], [0, 0, 0, 0, 0, 0, 0, 0, 0, 0], [0, 0, 0, 0, 0, 0, 0, 0, 0, 0], [0, 0, 0, 0, 0, 0, 0, 0, 0, 0], [0, 0, 0, 0, 0, 0, 0, 0, 0, 0]], "output": [[1, 0, 1, 0, 1, 0, 1, 0, 1, 0], [0, 9, 0, 9, 0, 9, 0, 9, 0, 9], [1, 0, 1, 0, 1, 0, 1, 0, 1, 0], [0, 9, 0, 9, 0, 9, 0, 9, 0, 9], [1, 0, 1, 0, 1, 0, 1, 0, 1, 0], [0, 9, 0, 9, 0, 9, 0, 9, 0, 9], [1, 0, 1, 0, 1, 0, 1, 0, 1, 0], [0, 9, 0, 9, 0, 9, 0, 9, 0, 9], [1, 0, 1, 0, 1, 0, 1, 0, 1, 0], [0, 9, 0, 9, 0, 9, 0, 9, 0, 9]]}, {"input": [[6, 0, 0, 0, 0, 0, 0, 0, 0, 9], [0, 0, 0, 0, 0, 0, 0, 0, 0, 0], [0, 0, 0, 0, 0, 0, 0, 0, 0, 0], [0, 0, 0, 0, 0, 0, 0, 0, 0, 0], [0, 0, 0, 0, 0, 0, 0, 0, 0, 0], [0, 0, 0, 0, 0, 0, 0, 0, 0, 0], [0, 0, 0, 0, 0, 0, 0, 0, 0, 0], [0, 0, 0, 0, 0, 0, 0, 0, 0, 0], [0, 0, 0, 0, 0, 0, 0, 0, 0, 0], [0, 0, 0, 0, 0, 0, 0, 0, 0, 0]], "output": [[6, 0, 6, 0, 6, 0, 6, 0, 6, 0], [0, 9, 0, 9, 0, 9, 0, 9, 0, 9], [6, 0, 6, 0, 6, 0, 6, 0, 6, 0], [0, 9, 0, 9, 0, 9, 0, 9, 0, 9], [6, 0, 6, 0, 6, 0, 6, 0, 6, 0], [0, 9, 0, 9, 0, 9, 0, 9, 0, 9], [6, 0, 6, 0, 6, 0, 6, 0, 6, 0], [0, 9, 0, 9, 0, 9, 0, 9, 0, 9], [6, 0, 6, 0, 6, 0, 6, 0, 6, 0], [0, 9, 0, 9, 0, 9, 0, 9, 0, 9]]}, {"input": [[8, 0, 0, 0, 0, 0, 0, 0, 0, 4], [0, 0, 0, 0, 0, 0, 0, 0, 0, 0], [0, 0, 0, 0, 0, 0, 0, 0, 0, 0], [0, 0, 0, 0, 0, 0, 0, 0, 0, 0], [0, 0, 0, 0, 0, 0, 0, 0, 0, 0], [0, 0, 0, 0, 0, 0, 0, 0, 0, 0], [0, 0, 0, 0, 0, 0, 0, 0, 0, 0], [0, 0, 0, 0, 0, 0, 0, 0, 0, 0], [0, 0, 0, 0, 0, 0, 0, 0, 0, 0], [0, 0, 0, 0, 0, 0, 0, 0, 0, 0]], "output": [[8, 0, 8, 0, 8, 0, 8, 0, 8, 0], [0, 4, 0, 4, 0, 4, 0, 4, 0, 4], [8, 0, 8, 0, 8, 0, 8, 0, 8, 0], [0, 4, 0, 4, 0, 4, 0, 4, 0, 4], [8, 0, 8, 0, 8, 0, 8, 0, 8, 0], [0, 4, 0, 4, 0, 4, 0, 4, 0, 4], [8, 0, 8, 0, 8, 0, 8, 0, 8, 0], [0, 4, 0, 4, 0, 4, 0, 4, 0, 4], [8, 0, 8, 0, 8, 0, 8, 0, 8, 0], [0, 4, 0, 4, 0, 4, 0, 4, 0, 4]]}, {"input": [[1, 0, 0, 0, 0, 0, 0, 0, 0, 6], [0, 0, 0, 0, 0, 0, 0, 0, 0, 0], [0, 0, 0, 0, 0, 0, 0, 0, 0, 0], [0, 0, 0, 0, 0, 0, 0, 0, 0, 0], [0, 0, 0, 0, 0, 0, 0, 0, 0, 0], [0, 0, 0, 0, 0, 0, 0, 0, 0, 0], [0, 0, 0, 0, 0, 0, 0, 0, 0, 0], [0, 0, 0, 0, 0, 0, 0, 0, 0, 0], [0, 0, 0, 0, 0, 0, 0, 0, 0, 0], [0, 0, 0, 0, 0, 0, 0, 0, 0, 0]], "output": [[1, 0, 1, 0, 1, 0, 1, 0, 1, 0], [0, 6, 0, 6, 0, 6, 0, 6, 0, 6], [1, 0, 1, 0, 1, 0, 1, 0, 1, 0], [0, 6, 0, 6, 0, 6, 0, 6, 0, 6], [1, 0, 1, 0, 1, 0, 1, 0, 1, 0], [0, 6, 0, 6, 0, 6, 0, 6, 0, 6], [1, 0, 1, 0, 1, 0, 1, 0, 1, 0], [0, 6, 0, 6, 0, 6, 0, 6, 0, 6], [1, 0, 1, 0, 1, 0, 1, 0, 1, 0], [0, 6, 0, 6, 0, 6, 0, 6, 0, 6]]}, {"input": [[3, 0, 0, 0, 0, 0, 0, 0, 0, 2], [0, 0, 0, 0, 0, 0, 0, 0, 0, 0], [0, 0, 0, 0, 0, 0, 0, 0, 0, 0], [0, 0, 0, 0, 0, 0, 0, 0, 0, 0], [0, 0, 0, 0, 0, 0, 0, 0, 0, 0], [0, 0, 0, 0, 0, 0, 0, 0, 0, 0], [0, 0, 0, 0, 0, 0, 0, 0, 0, 0], [0, 0, 0, 0, 0, 0, 0, 0, 0, 0], [0, 0, 0, 0, 0, 0, 0, 0, 0, 0], [0, 0, 0, 0, 0, 0, 0, 0, 0, 0]], "output": [[3, 0, 3, 0, 3, 0, 3, 0, 3, 0], [0, 2, 0, 2, 0, 2, 0, 2, 0, 2], [3, 0, 3, 0, 3, 0, 3, 0, 3, 0], [0, 2, 0, 2, 0, 2, 0, 2, 0, 2], [3, 0, 3, 0, 3, 0, 3, 0, 3, 0], [0, 2, 0, 2, 0, 2, 0, 2, 0, 2], [3, 0, 3, 0, 3, 0, 3, 0, 3, 0], [0, 2, 0, 2, 0, 2, 0, 2, 0, 2], [3, 0, 3, 0, 3, 0, 3, 0, 3, 0], [0, 2, 0, 2, 0, 2, 0, 2, 0, 2]]}], "test": [{"input": [[1, 0, 0, 0, 0, 0, 0, 0, 0, 3], [0, 0, 0, 0, 0, 0, 0, 0, 0, 0], [0, 0, 0, 0, 0, 0, 0, 0, 0, 0], [0, 0, 0, 0, 0, 0, 0, 0, 0, 0], [0, 0, 0, 0, 0, 0, 0, 0, 0, 0], [0, 0, 0, 0, 0, 0, 0, 0, 0, 0], [0, 0, 0, 0, 0, 0, 0, 0, 0, 0], [0, 0, 0, 0, 0, 0, 0, 0, 0, 0], [0, 0, 0, 0, 0, 0, 0, 0, 0, 0], [0, 0, 0, 0, 0, 0, 0, 0, 0, 0]], "output": [[1, 0, 1, 0, 1, 0, 1, 0, 1, 0], [0, 3, 0, 3, 0, 3, 0, 3, 0, 3], [1, 0, 1, 0, 1, 0, 1, 0, 1, 0], [0, 3, 0, 3, 0, 3, 0, 3, 0, 3], [1, 0, 1, 0, 1, 0, 1, 0, 1, 0], [0, 3, 0, 3, 0, 3, 0, 3, 0, 3], [1, 0, 1, 0, 1, 0, 1, 0, 1, 0], [0, 3, 0, 3, 0, 3, 0, 3, 0, 3], [1, 0, 1, 0, 1, 0, 1, 0, 1, 0], [0, 3, 0, 3, 0, 3, 0, 3, 0, 3]]}, {"input": [[7, 0, 0, 0, 0, 0, 0, 0, 0, 3], [0, 0, 0, 0, 0, 0, 0, 0, 0, 0], [0, 0, 0, 0, 0, 0, 0, 0, 0, 0], [0, 0, 0, 0, 0, 0, 0, 0, 0, 0], [0, 0, 0, 0, 0, 0, 0, 0, 0, 0], [0, 0, 0, 0, 0, 0, 0, 0, 0, 0], [0, 0, 0, 0, 0, 0, 0, 0, 0, 0], [0, 0, 0, 0, 0, 0, 0, 0, 0, 0], [0, 0, 0, 0, 0, 0, 0, 0, 0, 0], [0, 0, 0, 0, 0, 0, 0, 0, 0, 0]], "output": [[7, 0, 7, 0, 7, 0, 7, 0, 7, 0], [0, 3, 0, 3, 0, 3, 0, 3, 0, 3], [7, 0, 7, 0, 7, 0, 7, 0, 7, 0], [0, 3, 0, 3, 0, 3, 0, 3, 0, 3], [7, 0, 7, 0, 7, 0, 7, 0, 7, 0], [0, 3, 0, 3, 0, 3, 0, 3, 0, 3], [7, 0, 7, 0, 7, 0, 7, 0, 7, 0], [0, 3, 0, 3, 0, 3, 0, 3, 0, 3], [7, 0, 7, 0, 7, 0, 7, 0, 7, 0], [0, 3, 0, 3, 0, 3, 0, 3, 0, 3]]}, {"input": [[8, 0, 0, 0, 0, 0, 0, 0, 0, 5], [0, 0, 0, 0, 0, 0, 0, 0, 0, 0], [0, 0, 0, 0, 0, 0, 0, 0, 0, 0], [0, 0, 0, 0, 0, 0, 0, 0, 0, 0], [0, 0, 0, 0, 0, 0, 0, 0, 0, 0], [0, 0, 0, 0, 0, 0, 0, 0, 0, 0], [0, 0, 0, 0, 0, 0, 0, 0, 0, 0], [0, 0, 0, 0, 0, 0, 0, 0, 0, 0], [0, 0, 0, 0, 0, 0, 0, 0, 0, 0], [0, 0, 0, 0, 0, 0, 0, 0, 0, 0]], "output": [[8, 0, 8, 0, 8, 0, 8, 0, 8, 0], [0, 5, 0, 5, 0, 5, 0, 5, 0, 5], [8, 0, 8, 0, 8, 0, 8, 0, 8, 0], [0, 5, 0, 5, 0, 5, 0, 5, 0, 5], [8, 0, 8, 0, 8, 0, 8, 0, 8, 0], [0, 5, 0, 5, 0, 5, 0, 5, 0, 5], [8, 0, 8, 0, 8, 0, 8, 0, 8, 0], [0, 5, 0, 5, 0, 5, 0, 5, 0, 5], [8, 0, 8, 0, 8, 0, 8, 0, 8, 0], [0, 5, 0, 5, 0, 5, 0, 5, 0, 5]]}]}