{"train": [{"input": [[0, 0, 0, 0, 0, 0, 0, 0, 0, 0], [0, 0, 2, 0, 9, 0, 1, 3, 0, 0], [0, 9, 0, 0, 0, 0, 0, 0, 1, 0], [0, 0, 0, 0, 0, 0, 0, 0, 0, 0], [0, 0, 0, 0, 0, 0, 0, 0, 0, 0], [0, 1, 0, 0, 0, 0, 0, 0, 0, 9], [0, 0, 0, 0, 0, 0, 0, 0, 0, 0], [0, 9, 0, 0, 0, 0, 0, 0, 1, 0], [0, 0, 0, 9, 0, 0, 0, 5, 0, 0], [0, 0, 0, 0, 0, 2, 0, 0, 0, 0]], "output": [[0, 0, 0, 0, 0, 2, 0, 0, 0, 0], [0, 0, 0, 9, 0, 0, 0, 5, 0, 0], [0, 9, 0, 0, 0, 0, 0, 0, 3, 0], [0, 0, 0, 0, 0, 0, 0, 0, 0, 0], [0, 3, 0, 0, 0, 0, 0, 0, 0, 9], [0, 0, 0, 0, 0, 0, 0, 0, 0, 0], [0, 0, 0, 0, 0, 0, 0, 0, 0, 0], [0, 9, 0, 0, 0, 0, 0, 0, 3, 0], [0, 0, 2, 0, 9, 0, 3, 3, 0, 0], [0, 0, 0, 0, 0, 0, 0, 0, 0, 0]]}, {"input": [[0, 0, 0, 0, 0, 0, 0], [0, 9, 5, 0, 5, 0, 0], [0, 0, 0, 0, 0, 0, 0], [0, 6, 0, 0, 1, 5, 0], [0, 5, 6, 0, 1, 0, 0], [0, 0, 0, 9, 0, 0, 0], [0, 0, 0, 0, 0, 0, 0]], "output": [[0, 0, 0, 0, 0, 0, 0], [0, 0, 0, 9, 0, 0, 0], [0, 5, 6, 0, 3, 0, 0], [0, 6, 0, 0, 3, 5, 0], [0, 0, 0, 0, 0, 0, 0], [0, 9, 5, 0, 5, 0, 0], [0, 0, 0, 0, 0, 0, 0]]}, {"input": [[0, 0, 0, 0, 0, 0, 0], [0, 0, 0, 0, 0, 0, 0], [0, 0, 2, 1, 0, 0, 0], [0, 0, 1, 1, 9, 0, 0], [0, 0, 0, 8, 0, 0, 0], [0, 0, 0, 0, 0, 0, 0], [0, 0, 0, 0, 0, 0, 0]], "output": [[0, 0, 0, 0, 0, 0, 0], [0, 0, 0, 0, 0, 0, 0], [0, 0, 0, 8, 0, 0, 0], [0, 0, 3, 3, 9, 0, 0], [0, 0, 2, 3, 0, 0, 0], [0, 0, 0, 0, 0, 0, 0], [0, 0, 0, 0, 0, 0, 0]]}, {"input": [[0, 0, 0, 0, 0, 0, 0, 0, 0], [0, 0, 0, 0, 0, 0, 0, 0, 0], [0, 0, 0, 0, 0, 0, 0, 0, 0], [0, 0, 0, 4, 1, 0, 0, 0, 0], [0, 0, 0, 4, 4, 7, 0, 0, 0], [0, 0, 0, 0, 4, 0, 0, 0, 0], [0, 0, 0, 0, 0, 0, 0, 0, 0], [0, 0, 0, 0, 0, 0, 0, 0, 0], [0, 0, 0, 0, 0, 0, 0, 0, 0]], "output": [[0, 0, 0, 0, 0, 0, 0, 0, 0], [0, 0, 0, 0, 0, 0, 0, 0, 0], [0, 0, 0, 0, 0, 0, 0, 0, 0], [0, 0, 0, 0, 4, 0, 0, 0, 0], [0, 0, 0, 4, 4, 7, 0, 0, 0], [0, 0, 0, 4, 3, 0, 0, 0, 0], [0, 0, 0, 0, 0, 0, 0, 0, 0], [0, 0, 0, 0, 0, 0, 0, 0, 0], [0, 0, 0, 0, 0, 0, 0, 0, 0]]}, {"input": [[0, 0, 0, 0, 0, 0, 0, 0], [0, 0, 1, 1, 0, 1, 0, 0], [0, 2, 0, 0, 0, 0, 3, 0], [0, 0, 0, 0, 0, 0, 1, 0], [0, 1, 0, 0, 0, 0, 0, 2], [0, 7, 0, 0, 0, 0, 7, 0], [0, 0, 1, 0, 0, 2, 0, 0], [0, 0, 0, 0, 7, 0, 0, 0]], "output": [[0, 0, 0, 0, 7, 0, 0, 0], [0, 0, 3, 0, 0, 2, 0, 0], [0, 7, 0, 0, 0, 0, 7, 0], [0, 3, 0, 0, 0, 0, 0, 2], [0, 0, 0, 0, 0, 0, 3, 0], [0, 2, 0, 0, 0, 0, 3, 0], [0, 0, 3, 3, 0, 3, 0, 0], [0, 0, 0, 0, 0, 0, 0, 0]]}, {"input": [[0, 0, 0, 0, 0, 0], [0, 5, 5, 0, 9, 0], [0, 0, 0, 0, 0, 0], [0, 6, 0, 0, 0, 5], [0, 6, 9, 1, 8, 0], [0, 0, 0, 7, 0, 0]], "output": [[0, 0, 0, 7, 0, 0], [0, 6, 9, 3, 8, 0], [0, 6, 0, 0, 0, 5], [0, 0, 0, 0, 0, 0], [0, 5, 5, 0, 9, 0], [0, 0, 0, 0, 0, 0]]}, {"input": [[0, 0, 0, 0, 0, 0], [0, 2, 5, 0, 1, 0], [0, 0, 0, 0, 0, 0], [0, 5, 0, 0, 0, 2], [0, 6, 6, 0, 2, 0], [0, 0, 0, 2, 0, 0]], "output": [[0, 0, 0, 2, 0, 0], [0, 6, 6, 0, 2, 0], [0, 5, 0, 0, 0, 2], [0, 0, 0, 0, 0, 0], [0, 2, 5, 0, 3, 0], [0, 0, 0, 0, 0, 0]]}, {"input": [[0, 0, 0, 0, 0], [0, 6, 1, 0, 0], [0, 1, 6, 8, 0], [0, 0, 7, 0, 0], [0, 0, 0, 0, 0]], "output": [[0, 0, 0, 0, 0], [0, 0, 7, 0, 0], [0, 3, 6, 8, 0], [0, 6, 3, 0, 0], [0, 0, 0, 0, 0]]}, {"input": [[0, 0, 0, 0, 0, 0, 0, 0, 0, 0], [0, 0, 9, 0, 7, 0, 0, 4, 0, 0], [0, 4, 0, 0, 0, 0, 0, 0, 1, 0], [0, 0, 0, 0, 0, 0, 0, 0, 0, 0], [0, 0, 0, 0, 0, 0, 0, 0, 0, 0], [0, 7, 0, 0, 0, 0, 0, 0, 0, 7], [0, 0, 0, 0, 0, 0, 0, 0, 0, 0], [0, 2, 0, 0, 0, 0, 0, 0, 9, 0], [0, 0, 0, 2, 0, 0, 0, 1, 0, 0], [0, 0, 0, 0, 0, 1, 0, 0, 0, 0]], "output": [[0, 0, 0, 0, 0, 3, 0, 0, 0, 0], [0, 0, 0, 2, 0, 0, 0, 3, 0, 0], [0, 2, 0, 0, 0, 0, 0, 0, 9, 0], [0, 0, 0, 0, 0, 0, 0, 0, 0, 0], [0, 7, 0, 0, 0, 0, 0, 0, 0, 7], [0, 0, 0, 0, 0, 0, 0, 0, 0, 0], [0, 0, 0, 0, 0, 0, 0, 0, 0, 0], [0, 4, 0, 0, 0, 0, 0, 0, 3, 0], [0, 0, 9, 0, 7, 0, 0, 4, 0, 0], [0, 0, 0, 0, 0, 0, 0, 0, 0, 0]]}, {"input": [[0, 0, 0, 0, 0, 0, 0, 0, 0], [0, 0, 0, 0, 0, 0, 0, 0, 0], [0, 0, 5, 5, 0, 1, 0, 0, 0], [0, 0, 1, 0, 0, 0, 0, 0, 0], [0, 0, 9, 0, 0, 0, 9, 0, 0], [0, 0, 1, 4, 0, 1, 0, 0, 0], [0, 0, 0, 0, 5, 0, 0, 0, 0], [0, 0, 0, 0, 0, 0, 0, 0, 0], [0, 0, 0, 0, 0, 0, 0, 0, 0]], "output": [[0, 0, 0, 0, 0, 0, 0, 0, 0], [0, 0, 0, 0, 0, 0, 0, 0, 0], [0, 0, 0, 0, 5, 0, 0, 0, 0], [0, 0, 3, 4, 0, 3, 0, 0, 0], [0, 0, 9, 0, 0, 0, 9, 0, 0], [0, 0, 3, 0, 0, 0, 0, 0, 0], [0, 0, 5, 5, 0, 3, 0, 0, 0], [0, 0, 0, 0, 0, 0, 0, 0, 0], [0, 0, 0, 0, 0, 0, 0, 0, 0]]}, {"input": [[0, 0, 0, 0, 0, 0], [0, 1, 1, 0, 1, 0], [0, 1, 0, 0, 0, 0], [0, 4, 0, 0, 0, 6], [0, 5, 5, 0, 9, 0], [0, 0, 0, 1, 0, 0]], "output": [[0, 0, 0, 3, 0, 0], [0, 5, 5, 0, 9, 0], [0, 4, 0, 0, 0, 6], [0, 3, 0, 0, 0, 0], [0, 3, 3, 0, 3, 0], [0, 0, 0, 0, 0, 0]]}, {"input": [[0, 0, 0, 0, 0, 0], [0, 5, 5, 0, 1, 0], [0, 0, 0, 0, 0, 0], [0, 1, 0, 0, 0, 5], [0, 5, 4, 0, 1, 0], [0, 0, 0, 4, 0, 0]], "output": [[0, 0, 0, 4, 0, 0], [0, 5, 4, 0, 3, 0], [0, 3, 0, 0, 0, 5], [0, 0, 0, 0, 0, 0], [0, 5, 5, 0, 3, 0], [0, 0, 0, 0, 0, 0]]}, {"input": [[0, 0, 0, 0, 0], [0, 1, 1, 0, 0], [0, 1, 2, 2, 0], [0, 0, 9, 0, 0], [0, 0, 0, 0, 0]], "output": [[0, 0, 0, 0, 0], [0, 0, 9, 0, 0], [0, 3, 2, 2, 0], [0, 3, 3, 0, 0], [0, 0, 0, 0, 0]]}, {"input": [[0, 0, 0, 0, 0, 0], [0, 6, 1, 0, 3, 0], [0, 0, 0, 0, 0, 0], [0, 2, 0, 0, 0, 8], [0, 3, 1, 0, 3, 0], [0, 0, 0, 2, 0, 0]], "output": [[0, 0, 0, 2, 0, 0], [0, 3, 3, 0, 3, 0], [0, 2, 0, 0, 0, 8], [0, 0, 0, 0, 0, 0], [0, 6, 3, 0, 3, 0], [0, 0, 0, 0, 0, 0]]}, {"input": [[0, 0, 0, 0, 0, 0, 0, 0, 0], [0, 0, 0, 0, 0, 0, 0, 0, 0], [0, 0, 1, 3, 1, 1, 0, 0, 0], [0, 0, 6, 0, 0, 0, 0, 0, 0], [0, 0, 1, 0, 0, 0, 1, 0, 0], [0, 0, 6, 8, 0, 3, 0, 0, 0], [0, 0, 0, 0, 3, 0, 0, 0, 0], [0, 0, 0, 0, 0, 0, 0, 0, 0], [0, 0, 0, 0, 0, 0, 0, 0, 0]], "output": [[0, 0, 0, 0, 0, 0, 0, 0, 0], [0, 0, 0, 0, 0, 0, 0, 0, 0], [0, 0, 0, 0, 3, 0, 0, 0, 0], [0, 0, 6, 8, 0, 3, 0, 0, 0], [0, 0, 3, 0, 0, 0, 3, 0, 0], [0, 0, 6, 0, 0, 0, 0, 0, 0], [0, 0, 3, 3, 3, 3, 0, 0, 0], [0, 0, 0, 0, 0, 0, 0, 0, 0], [0, 0, 0, 0, 0, 0, 0, 0, 0]]}, {"input": [[0, 0, 0, 0, 0, 0, 0, 0, 0], [0, 0, 0, 0, 0, 0, 0, 0, 0], [0, 0, 3, 4, 0, 4, 0, 0, 0], [0, 0, 1, 0, 0, 0, 0, 0, 0], [0, 0, 4, 0, 0, 0, 5, 0, 0], [0, 0, 3, 7, 0, 7, 0, 0, 0], [0, 0, 0, 0, 8, 0, 0, 0, 0], [0, 0, 0, 0, 0, 0, 0, 0, 0], [0, 0, 0, 0, 0, 0, 0, 0, 0]], "output": [[0, 0, 0, 0, 0, 0, 0, 0, 0], [0, 0, 0, 0, 0, 0, 0, 0, 0], [0, 0, 0, 0, 8, 0, 0, 0, 0], [0, 0, 3, 7, 0, 7, 0, 0, 0], [0, 0, 4, 0, 0, 0, 5, 0, 0], [0, 0, 3, 0, 0, 0, 0, 0, 0], [0, 0, 3, 4, 0, 4, 0, 0, 0], [0, 0, 0, 0, 0, 0, 0, 0, 0], [0, 0, 0, 0, 0, 0, 0, 0, 0]]}, {"input": [[0, 0, 0, 0, 0], [0, 1, 1, 0, 0], [0, 1, 6, 4, 0], [0, 0, 1, 0, 0], [0, 0, 0, 0, 0]], "output": [[0, 0, 0, 0, 0], [0, 0, 3, 0, 0], [0, 3, 6, 4, 0], [0, 3, 3, 0, 0], [0, 0, 0, 0, 0]]}, {"input": [[0, 0, 0, 0, 0, 0], [0, 5, 4, 0, 4, 0], [0, 1, 0, 0, 0, 0], [0, 8, 0, 0, 0, 4], [0, 5, 4, 0, 2, 0], [0, 0, 0, 2, 0, 0]], "output": [[0, 0, 0, 2, 0, 0], [0, 5, 4, 0, 2, 0], [0, 8, 0, 0, 0, 4], [0, 3, 0, 0, 0, 0], [0, 5, 4, 0, 4, 0], [0, 0, 0, 0, 0, 0]]}, {"input": [[0, 0, 0, 0, 0, 0, 0, 0, 0, 0], [0, 0, 2, 0, 5, 0, 0, 5, 0, 0], [0, 2, 0, 0, 0, 0, 0, 0, 1, 0], [0, 0, 0, 0, 0, 0, 0, 0, 1, 0], [0, 0, 0, 0, 0, 0, 0, 0, 0, 0], [0, 5, 0, 0, 0, 0, 0, 0, 0, 7], [0, 1, 0, 0, 0, 0, 0, 0, 0, 0], [0, 7, 0, 0, 0, 0, 0, 0, 7, 0], [0, 0, 0, 3, 0, 0, 0, 7, 0, 0], [0, 0, 0, 0, 0, 5, 0, 0, 0, 0]], "output": [[0, 0, 0, 0, 0, 5, 0, 0, 0, 0], [0, 0, 0, 3, 0, 0, 0, 7, 0, 0], [0, 7, 0, 0, 0, 0, 0, 0, 7, 0], [0, 3, 0, 0, 0, 0, 0, 0, 0, 0], [0, 5, 0, 0, 0, 0, 0, 0, 0, 7], [0, 0, 0, 0, 0, 0, 0, 0, 0, 0], [0, 0, 0, 0, 0, 0, 0, 0, 3, 0], [0, 2, 0, 0, 0, 0, 0, 0, 3, 0], [0, 0, 2, 0, 5, 0, 0, 5, 0, 0], [0, 0, 0, 0, 0, 0, 0, 0, 0, 0]]}, {"input": [[0, 0, 0, 0, 0, 0, 0], [0, 0, 0, 0, 0, 0, 0], [0, 0, 1, 1, 0, 0, 0], [0, 0, 6, 4, 2, 0, 0], [0, 0, 0, 2, 0, 0, 0], [0, 0, 0, 0, 0, 0, 0], [0, 0, 0, 0, 0, 0, 0]], "output": [[0, 0, 0, 0, 0, 0, 0], [0, 0, 0, 0, 0, 0, 0], [0, 0, 0, 2, 0, 0, 0], [0, 0, 6, 4, 2, 0, 0], [0, 0, 3, 3, 0, 0, 0], [0, 0, 0, 0, 0, 0, 0], [0, 0, 0, 0, 0, 0, 0]]}, {"input": [[0, 0, 0, 0, 0, 0, 0, 0, 0, 0], [0, 0, 0, 0, 0, 0, 0, 0, 0, 0], [0, 0, 0, 4, 7, 0, 9, 0, 0, 0], [0, 0, 5, 0, 0, 0, 0, 4, 0, 0], [0, 0, 0, 0, 0, 0, 0, 0, 0, 0], [0, 0, 1, 0, 0, 0, 0, 0, 5, 0], [0, 0, 9, 0, 0, 0, 0, 5, 0, 0], [0, 0, 0, 9, 0, 0, 9, 0, 0, 0], [0, 0, 0, 0, 0, 9, 0, 0, 0, 0], [0, 0, 0, 0, 0, 0, 0, 0, 0, 0]], "output": [[0, 0, 0, 0, 0, 0, 0, 0, 0, 0], [0, 0, 0, 0, 0, 9, 0, 0, 0, 0], [0, 0, 0, 9, 0, 0, 9, 0, 0, 0], [0, 0, 9, 0, 0, 0, 0, 5, 0, 0], [0, 0, 3, 0, 0, 0, 0, 0, 5, 0], [0, 0, 0, 0, 0, 0, 0, 0, 0, 0], [0, 0, 5, 0, 0, 0, 0, 4, 0, 0], [0, 0, 0, 4, 7, 0, 9, 0, 0, 0], [0, 0, 0, 0, 0, 0, 0, 0, 0, 0], [0, 0, 0, 0, 0, 0, 0, 0, 0, 0]]}, {"input": [[0, 0, 0, 0, 0, 0, 0, 0], [0, 0, 3, 8, 0, 5, 0, 0], [0, 7, 0, 0, 0, 0, 7, 0], [0, 0, 0, 0, 0, 0, 0, 0], [0, 3, 0, 0, 0, 0, 0, 8], [0, 1, 0, 0, 0, 0, 5, 0], [0, 0, 1, 0, 0, 1, 0, 0], [0, 0, 0, 0, 3, 0, 0, 0]], "output": [[0, 0, 0, 0, 3, 0, 0, 0], [0, 0, 3, 0, 0, 3, 0, 0], [0, 3, 0, 0, 0, 0, 5, 0], [0, 3, 0, 0, 0, 0, 0, 8], [0, 0, 0, 0, 0, 0, 0, 0], [0, 7, 0, 0, 0, 0, 7, 0], [0, 0, 3, 8, 0, 5, 0, 0], [0, 0, 0, 0, 0, 0, 0, 0]]}, {"input": [[0, 0, 0, 0, 0, 0, 0], [0, 0, 0, 0, 0, 0, 0], [0, 0, 3, 7, 0, 0, 0], [0, 0, 1, 1, 7, 0, 0], [0, 0, 0, 7, 0, 0, 0], [0, 0, 0, 0, 0, 0, 0], [0, 0, 0, 0, 0, 0, 0]], "output": [[0, 0, 0, 0, 0, 0, 0], [0, 0, 0, 0, 0, 0, 0], [0, 0, 0, 7, 0, 0, 0], [0, 0, 3, 3, 7, 0, 0], [0, 0, 3, 7, 0, 0, 0], [0, 0, 0, 0, 0, 0, 0], [0, 0, 0, 0, 0, 0, 0]]}, {"input": [[0, 0, 0, 0, 0, 0, 0, 0, 0, 0], [0, 0, 5, 0, 7, 0, 0, 3, 0, 0], [0, 7, 0, 0, 0, 0, 0, 0, 7, 0], [0, 0, 0, 0, 0, 0, 0, 0, 1, 0], [0, 0, 0, 0, 0, 0, 0, 0, 0, 0], [0, 2, 0, 0, 0, 0, 0, 0, 0, 2], [0, 0, 0, 0, 0, 0, 0, 0, 0, 0], [0, 6, 0, 0, 0, 0, 0, 0, 2, 0], [0, 0, 0, 7, 0, 1, 0, 5, 0, 0], [0, 0, 0, 0, 0, 7, 0, 0, 0, 0]], "output": [[0, 0, 0, 0, 0, 7, 0, 0, 0, 0], [0, 0, 0, 7, 0, 3, 0, 5, 0, 0], [0, 6, 0, 0, 0, 0, 0, 0, 2, 0], [0, 0, 0, 0, 0, 0, 0, 0, 0, 0], [0, 2, 0, 0, 0, 0, 0, 0, 0, 2], [0, 0, 0, 0, 0, 0, 0, 0, 0, 0], [0, 0, 0, 0, 0, 0, 0, 0, 3, 0], [0, 7, 0, 0, 0, 0, 0, 0, 7, 0], [0, 0, 5, 0, 7, 0, 0, 3, 0, 0], [0, 0, 0, 0, 0, 0, 0, 0, 0, 0]]}, {"input": [[0, 0, 0, 0, 0, 0, 0, 0, 0], [0, 0, 0, 0, 0, 0, 0, 0, 0], [0, 0, 0, 0, 0, 0, 0, 0, 0], [0, 0, 0, 1, 1, 0, 0, 0, 0], [0, 0, 0, 1, 3, 7, 0, 0, 0], [0, 0, 0, 0, 3, 0, 0, 0, 0], [0, 0, 0, 0, 0, 0, 0, 0, 0], [0, 0, 0, 0, 0, 0, 0, 0, 0], [0, 0, 0, 0, 0, 0, 0, 0, 0]], "output": [[0, 0, 0, 0, 0, 0, 0, 0, 0], [0, 0, 0, 0, 0, 0, 0, 0, 0], [0, 0, 0, 0, 0, 0, 0, 0, 0], [0, 0, 0, 0, 3, 0, 0, 0, 0], [0, 0, 0, 3, 3, 7, 0, 0, 0], [0, 0, 0, 3, 3, 0, 0, 0, 0], [0, 0, 0, 0, 0, 0, 0, 0, 0], [0, 0, 0, 0, 0, 0, 0, 0, 0], [0, 0, 0, 0, 0, 0, 0, 0, 0]]}, {"input": [[0, 0, 0, 0, 0, 0], [0, 0, 0, 0, 0, 0], [0, 0, 1, 2, 0, 0], [0, 0, 1, 1, 2, 0], [0, 0, 0, 5, 0, 0], [0, 0, 0, 0, 0, 0]], "output": [[0, 0, 0, 0, 0, 0], [0, 0, 0, 5, 0, 0], [0, 0, 3, 3, 2, 0], [0, 0, 3, 2, 0, 0], [0, 0, 0, 0, 0, 0], [0, 0, 0, 0, 0, 0]]}, {"input": [[0, 0, 0, 0, 0, 0, 0], [0, 5, 3, 0, 3, 0, 0], [0, 0, 0, 0, 0, 0, 0], [0, 5, 0, 0, 0, 1, 0], [0, 1, 8, 0, 1, 0, 0], [0, 0, 0, 8, 0, 0, 0], [0, 0, 0, 0, 0, 0, 0]], "output": [[0, 0, 0, 0, 0, 0, 0], [0, 0, 0, 8, 0, 0, 0], [0, 3, 8, 0, 3, 0, 0], [0, 5, 0, 0, 0, 3, 0], [0, 0, 0, 0, 0, 0, 0], [0, 5, 3, 0, 3, 0, 0], [0, 0, 0, 0, 0, 0, 0]]}], "test": [{"input": [[0, 0, 0, 0, 0, 0, 0, 0, 0, 0], [0, 0, 0, 0, 0, 0, 0, 0, 0, 0], [0, 0, 0, 6, 6, 0, 8, 0, 0, 0], [0, 0, 1, 0, 0, 0, 0, 3, 0, 0], [0, 0, 1, 0, 0, 0, 0, 0, 0, 0], [0, 0, 3, 0, 0, 0, 0, 0, 5, 0], [0, 0, 6, 0, 0, 0, 0, 5, 0, 0], [0, 0, 0, 5, 0, 0, 3, 0, 0, 0], [0, 0, 0, 0, 0, 5, 0, 0, 0, 0], [0, 0, 0, 0, 0, 0, 0, 0, 0, 0]], "output": [[0, 0, 0, 0, 0, 0, 0, 0, 0, 0], [0, 0, 0, 0, 0, 5, 0, 0, 0, 0], [0, 0, 0, 5, 0, 0, 3, 0, 0, 0], [0, 0, 6, 0, 0, 0, 0, 5, 0, 0], [0, 0, 3, 0, 0, 0, 0, 0, 5, 0], [0, 0, 3, 0, 0, 0, 0, 0, 0, 0], [0, 0, 3, 0, 0, 0, 0, 3, 0, 0], [0, 0, 0, 6, 6, 0, 8, 0, 0, 0], [0, 0, 0, 0, 0, 0, 0, 0, 0, 0], [0, 0, 0, 0, 0, 0, 0, 0, 0, 0]]}, {"input": [[0, 0, 0, 0, 0, 0, 0], [0, 0, 0, 0, 0, 0, 0], [0, 0, 1, 8, 0, 0, 0], [0, 0, 1, 1, 1, 0, 0], [0, 0, 0, 8, 0, 0, 0], [0, 0, 0, 0, 0, 0, 0], [0, 0, 0, 0, 0, 0, 0]], "output": [[0, 0, 0, 0, 0, 0, 0], [0, 0, 0, 0, 0, 0, 0], [0, 0, 0, 8, 0, 0, 0], [0, 0, 3, 3, 3, 0, 0], [0, 0, 3, 8, 0, 0, 0], [0, 0, 0, 0, 0, 0, 0], [0, 0, 0, 0, 0, 0, 0]]}, {"input": [[0, 0, 0, 0, 0, 0, 0, 0], [0, 0, 0, 0, 0, 0, 0, 0], [0, 0, 1, 6, 0, 6, 0, 0], [0, 0, 1, 0, 0, 1, 0, 0], [0, 0, 3, 0, 0, 0, 1, 0], [0, 0, 5, 6, 0, 3, 0, 0], [0, 0, 0, 0, 5, 0, 0, 0], [0, 0, 0, 0, 0, 0, 0, 0]], "output": [[0, 0, 0, 0, 0, 0, 0, 0], [0, 0, 0, 0, 5, 0, 0, 0], [0, 0, 5, 6, 0, 3, 0, 0], [0, 0, 3, 0, 0, 0, 3, 0], [0, 0, 3, 0, 0, 3, 0, 0], [0, 0, 3, 6, 0, 6, 0, 0], [0, 0, 0, 0, 0, 0, 0, 0], [0, 0, 0, 0, 0, 0, 0, 0]]}]}