{"train":[{"input":[[5,0,0,0,0,0,0],[0,4,0,0,0,3,0],[0,0,3,0,0,0,0]],"output":[[2,2,5,0,0,0,0,0,0],[2,0,4,0,0,0,3,0,2],[0,0,3,0,0,0,0,2,2]]},{"input":[[9,2,9,9,0],[5,2,9,0,9],[5,3,0,5,5],[5,0,9,4,5],[5,5,9,9,9]],"output":[[2,2,2,2,9,2,9,9,0],[2,2,2,5,2,9,0,9,2],[2,2,5,3,0,5,5,2,2],[2,5,0,9,4,5,2,2,2],[5,5,9,9,9,2,2,2,2]]}],"test":[{"input":[[2,9,9],[2,5,4]],"output":[[2,2,9,9],[2,5,4,2]]},{"input":[[6,6,6,6,6,6],[6,5,6,8,1,7],[6,6,5,5,9,7],[6,6,6,9,5,5],[6,6,9,6,6,1],[6,9,7,7,7,7]],"output":[[2,2,2,2,2,6,6,6,6,6,6],[2,2,2,2,6,5,6,8,1,7,2],[2,2,2,6,6,5,5,9,7,2,2],[2,2,6,6,6,9,5,5,2,2,2],[2,6,6,9,6,6,1,2,2,2,2],[6,9,7,7,7,7,2,2,2,2,2]]}],"metadata":{"dataset_id":"solve_skew","transformation_id":"skew_left"}}