{"train": [{"input": [[4, 9, 5, 7, 3, 7], [4, 9, 5, 7, 3, 7], [4, 9, 5, 7, 3, 7], [4, 9, 5, 7, 3, 0], [4, 9, 5, 7, 3, 0], [4, 9, 5, 7, 3, 0], [0, 0, 5, 0, 3, 0], [0, 0, 5, 0, 3, 0], [0, 0, 0, 0, 3, 0]], "output": [[4, 9, 5, 7, 3, 7], [4, 9, 5, 7, 3, 7], [4, 9, 5, 7, 3, 7], [4, 9, 5, 7, 3, 7], [4, 9, 5, 7, 3, 7], [4, 9, 5, 7, 3, 7]]}, {"input": [[4, 2, 6, 5, 7], [4, 0, 6, 0, 7], [4, 0, 6, 0, 0], [4, 0, 0, 0, 0], [4, 0, 0, 0, 0], [4, 0, 0, 0, 0], [4, 0, 0, 0, 0], [0, 0, 0, 0, 0]], "output": [[4, 2, 6, 5, 7], [4, 2, 6, 5, 7], [4, 2, 6, 5, 7], [4, 2, 6, 5, 7], [4, 2, 6, 5, 7]]}, {"input": [[9, 4, 3, 7, 6], [9, 4, 3, 0, 6], [9, 4, 0, 0, 6], [9, 4, 0, 0, 6], [9, 0, 0, 0, 6], [0, 0, 0, 0, 6], [0, 0, 0, 0, 6], [0, 0, 0, 0, 6], [0, 0, 0, 0, 0]], "output": [[9, 4, 3, 7, 6], [9, 4, 3, 7, 6], [9, 4, 3, 7, 6], [9, 4, 3, 7, 6], [9, 4, 3, 7, 6]]}, {"input": [[6, 5, 6, 5, 9, 6, 6], [6, 5, 6, 0, 9, 0, 6], [6, 5, 6, 0, 9, 0, 6], [6, 5, 0, 0, 9, 0, 6], [6, 5, 0, 0, 0, 0, 6], [6, 0, 0, 0, 0, 0, 0], [0, 0, 0, 0, 0, 0, 0]], "output": [[6, 5, 6, 5, 9, 6, 6], [6, 5, 6, 5, 9, 6, 6], [6, 5, 6, 5, 9, 6, 6], [6, 5, 6, 5, 9, 6, 6], [6, 5, 6, 5, 9, 6, 6], [6, 5, 6, 5, 9, 6, 6], [6, 5, 6, 5, 9, 6, 6]]}, {"input": [[5, 5, 1, 8, 2, 2], [5, 5, 1, 8, 2, 2], [5, 5, 1, 8, 2, 2], [5, 5, 1, 0, 2, 2], [5, 0, 1, 0, 2, 2], [5, 0, 1, 0, 2, 2], [5, 0, 1, 0, 2, 0], [5, 0, 1, 0, 2, 0], [0, 0, 0, 0, 0, 0]], "output": [[5, 5, 1, 8, 2, 2], [5, 5, 1, 8, 2, 2], [5, 5, 1, 8, 2, 2], [5, 5, 1, 8, 2, 2], [5, 5, 1, 8, 2, 2], [5, 5, 1, 8, 2, 2]]}, {"input": [[4, 4, 5, 3], [0, 4, 5, 0], [0, 0, 5, 0], [0, 0, 5, 0], [0, 0, 5, 0], [0, 0, 0, 0], [0, 0, 0, 0], [0, 0, 0, 0]], "output": [[4, 4, 5, 3], [4, 4, 5, 3], [4, 4, 5, 3], [4, 4, 5, 3]]}, {"input": [[3, 1, 8, 5], [3, 0, 8, 5], [3, 0, 8, 5], [3, 0, 0, 5], [3, 0, 0, 0], [3, 0, 0, 0], [3, 0, 0, 0], [3, 0, 0, 0], [3, 0, 0, 0]], "output": [[3, 1, 8, 5], [3, 1, 8, 5], [3, 1, 8, 5], [3, 1, 8, 5]]}, {"input": [[8, 4, 8], [8, 0, 8], [8, 0, 0]], "output": [[8, 4, 8], [8, 4, 8], [8, 4, 8]]}, {"input": [[6, 6, 4, 6, 6, 2], [6, 0, 4, 6, 6, 2], [6, 0, 4, 6, 6, 2], [6, 0, 4, 0, 6, 2], [6, 0, 4, 0, 0, 0]], "output": [[6, 6, 4, 6, 6, 2], [6, 6, 4, 6, 6, 2], [6, 6, 4, 6, 6, 2], [6, 6, 4, 6, 6, 2], [6, 6, 4, 6, 6, 2], [6, 6, 4, 6, 6, 2]]}, {"input": [[8, 3, 6, 2, 1, 8, 6], [8, 3, 6, 2, 1, 0, 6], [0, 0, 6, 0, 1, 0, 6], [0, 0, 6, 0, 0, 0, 0]], "output": [[8, 3, 6, 2, 1, 8, 6], [8, 3, 6, 2, 1, 8, 6], [8, 3, 6, 2, 1, 8, 6], [8, 3, 6, 2, 1, 8, 6], [8, 3, 6, 2, 1, 8, 6], [8, 3, 6, 2, 1, 8, 6], [8, 3, 6, 2, 1, 8, 6]]}, {"input": [[2, 5, 4, 4], [2, 5, 4, 4], [2, 5, 4, 4], [2, 0, 4, 4], [0, 0, 4, 4], [0, 0, 0, 4], [0, 0, 0, 4], [0, 0, 0, 4]], "output": [[2, 5, 4, 4], [2, 5, 4, 4], [2, 5, 4, 4], [2, 5, 4, 4]]}, {"input": [[8, 2, 9, 3], [8, 0, 9, 3], [8, 0, 9, 0], [8, 0, 9, 0]], "output": [[8, 2, 9, 3], [8, 2, 9, 3], [8, 2, 9, 3], [8, 2, 9, 3]]}, {"input": [[4, 1, 3], [4, 1, 3], [4, 1, 3], [0, 1, 3], [0, 1, 3]], "output": [[4, 1, 3], [4, 1, 3], [4, 1, 3]]}, {"input": [[4, 4, 3, 8], [4, 0, 3, 8], [4, 0, 3, 8], [0, 0, 3, 0]], "output": [[4, 4, 3, 8], [4, 4, 3, 8], [4, 4, 3, 8], [4, 4, 3, 8]]}, {"input": [[9, 8, 5, 7, 8, 8, 7], [9, 0, 5, 7, 8, 0, 7], [9, 0, 5, 7, 8, 0, 7], [9, 0, 5, 7, 8, 0, 7]], "output": [[9, 8, 5, 7, 8, 8, 7], [9, 8, 5, 7, 8, 8, 7], [9, 8, 5, 7, 8, 8, 7], [9, 8, 5, 7, 8, 8, 7], [9, 8, 5, 7, 8, 8, 7], [9, 8, 5, 7, 8, 8, 7], [9, 8, 5, 7, 8, 8, 7]]}, {"input": [[1, 2, 4, 2, 2, 7, 9], [0, 2, 4, 2, 2, 0, 9], [0, 0, 4, 0, 2, 0, 9], [0, 0, 4, 0, 0, 0, 9]], "output": [[1, 2, 4, 2, 2, 7, 9], [1, 2, 4, 2, 2, 7, 9], [1, 2, 4, 2, 2, 7, 9], [1, 2, 4, 2, 2, 7, 9], [1, 2, 4, 2, 2, 7, 9], [1, 2, 4, 2, 2, 7, 9], [1, 2, 4, 2, 2, 7, 9]]}, {"input": [[5, 4, 4], [5, 0, 0], [5, 0, 0], [5, 0, 0], [5, 0, 0]], "output": [[5, 4, 4], [5, 4, 4], [5, 4, 4]]}, {"input": [[7, 9, 9, 7], [7, 0, 9, 0], [7, 0, 0, 0]], "output": [[7, 9, 9, 7], [7, 9, 9, 7], [7, 9, 9, 7], [7, 9, 9, 7]]}, {"input": [[7, 7, 1, 2, 6, 9], [7, 7, 1, 2, 6, 9], [7, 7, 1, 2, 6, 9], [7, 7, 1, 2, 6, 9], [7, 0, 1, 2, 6, 0], [7, 0, 0, 0, 6, 0]], "output": [[7, 7, 1, 2, 6, 9], [7, 7, 1, 2, 6, 9], [7, 7, 1, 2, 6, 9], [7, 7, 1, 2, 6, 9], [7, 7, 1, 2, 6, 9], [7, 7, 1, 2, 6, 9]]}, {"input": [[5, 7, 6, 6, 6], [5, 7, 6, 6, 0], [5, 7, 0, 6, 0], [5, 7, 0, 6, 0], [5, 7, 0, 6, 0]], "output": [[5, 7, 6, 6, 6], [5, 7, 6, 6, 6], [5, 7, 6, 6, 6], [5, 7, 6, 6, 6], [5, 7, 6, 6, 6]]}, {"input": [[9, 4, 7, 7], [9, 0, 7, 7], [0, 0, 0, 0]], "output": [[9, 4, 7, 7], [9, 4, 7, 7], [9, 4, 7, 7], [9, 4, 7, 7]]}, {"input": [[1, 9, 1, 6, 2, 1], [1, 9, 1, 6, 2, 1], [1, 9, 0, 6, 0, 1], [1, 9, 0, 6, 0, 1], [1, 0, 0, 6, 0, 1], [1, 0, 0, 6, 0, 0], [0, 0, 0, 6, 0, 0], [0, 0, 0, 6, 0, 0], [0, 0, 0, 6, 0, 0]], "output": [[1, 9, 1, 6, 2, 1], [1, 9, 1, 6, 2, 1], [1, 9, 1, 6, 2, 1], [1, 9, 1, 6, 2, 1], [1, 9, 1, 6, 2, 1], [1, 9, 1, 6, 2, 1]]}, {"input": [[6, 5, 8, 9, 6], [6, 5, 8, 9, 6], [6, 0, 8, 9, 6], [6, 0, 8, 0, 0], [6, 0, 0, 0, 0]], "output": [[6, 5, 8, 9, 6], [6, 5, 8, 9, 6], [6, 5, 8, 9, 6], [6, 5, 8, 9, 6], [6, 5, 8, 9, 6]]}, {"input": [[9, 4, 6, 8, 1, 2], [9, 4, 6, 0, 1, 2], [9, 4, 6, 0, 1, 0], [9, 4, 0, 0, 0, 0], [0, 0, 0, 0, 0, 0], [0, 0, 0, 0, 0, 0], [0, 0, 0, 0, 0, 0]], "output": [[9, 4, 6, 8, 1, 2], [9, 4, 6, 8, 1, 2], [9, 4, 6, 8, 1, 2], [9, 4, 6, 8, 1, 2], [9, 4, 6, 8, 1, 2], [9, 4, 6, 8, 1, 2]]}, {"input": [[8, 4, 4, 4, 7, 5, 3], [8, 4, 4, 4, 7, 0, 3], [8, 4, 4, 4, 7, 0, 3], [8, 4, 4, 4, 7, 0, 0], [8, 4, 0, 4, 7, 0, 0], [8, 0, 0, 4, 7, 0, 0], [0, 0, 0, 0, 0, 0, 0]], "output": [[8, 4, 4, 4, 7, 5, 3], [8, 4, 4, 4, 7, 5, 3], [8, 4, 4, 4, 7, 5, 3], [8, 4, 4, 4, 7, 5, 3], [8, 4, 4, 4, 7, 5, 3], [8, 4, 4, 4, 7, 5, 3], [8, 4, 4, 4, 7, 5, 3]]}, {"input": [[4, 8, 5, 4], [4, 8, 0, 4], [0, 0, 0, 4]], "output": [[4, 8, 5, 4], [4, 8, 5, 4], [4, 8, 5, 4], [4, 8, 5, 4]]}, {"input": [[9, 7, 9, 5, 9], [9, 7, 9, 0, 9], [9, 7, 0, 0, 9], [9, 7, 0, 0, 9], [9, 7, 0, 0, 9], [0, 7, 0, 0, 0]], "output": [[9, 7, 9, 5, 9], [9, 7, 9, 5, 9], [9, 7, 9, 5, 9], [9, 7, 9, 5, 9], [9, 7, 9, 5, 9]]}], "test": [{"input": [[4, 1, 5, 2, 5], [0, 1, 5, 2, 5], [0, 1, 5, 2, 5], [0, 1, 0, 2, 5], [0, 1, 0, 2, 5], [0, 0, 0, 2, 5], [0, 0, 0, 2, 5], [0, 0, 0, 0, 0]], "output": [[4, 1, 5, 2, 5], [4, 1, 5, 2, 5], [4, 1, 5, 2, 5], [4, 1, 5, 2, 5], [4, 1, 5, 2, 5]]}, {"input": [[6, 9, 9, 7, 2], [6, 9, 9, 7, 0], [6, 9, 9, 7, 0], [6, 0, 9, 7, 0], [0, 0, 0, 0, 0]], "output": [[6, 9, 9, 7, 2], [6, 9, 9, 7, 2], [6, 9, 9, 7, 2], [6, 9, 9, 7, 2], [6, 9, 9, 7, 2]]}, {"input": [[8, 4, 5, 6, 4, 8], [8, 4, 5, 6, 4, 8], [8, 0, 5, 6, 4, 8], [8, 0, 5, 6, 4, 8], [8, 0, 5, 6, 4, 8], [8, 0, 5, 0, 0, 8], [8, 0, 5, 0, 0, 0], [0, 0, 5, 0, 0, 0]], "output": [[8, 4, 5, 6, 4, 8], [8, 4, 5, 6, 4, 8], [8, 4, 5, 6, 4, 8], [8, 4, 5, 6, 4, 8], [8, 4, 5, 6, 4, 8], [8, 4, 5, 6, 4, 8]]}]}