{"train": [{"input": [[0, 0, 0, 0, 0, 0, 0, 0], [0, 0, 0, 0, 0, 0, 0, 0], [0, 0, 1, 1, 1, 0, 0, 0], [0, 0, 1, 1, 1, 0, 0, 0], [0, 0, 1, 1, 1, 0, 0, 0], [0, 0, 0, 0, 0, 0, 0, 0], [0, 0, 0, 0, 0, 0, 0, 0], [0, 0, 0, 0, 0, 0, 0, 7]], "output": [[0, 0, 0, 0, 0, 0, 0, 0], [0, 0, 0, 0, 0, 0, 0, 0], [0, 0, 0, 0, 0, 0, 0, 0], [0, 0, 0, 0, 0, 0, 0, 0], [0, 0, 0, 0, 0, 7, 7, 7], [0, 0, 0, 0, 0, 7, 7, 7], [0, 0, 0, 0, 0, 7, 7, 7], [0, 0, 0, 0, 0, 0, 0, 0]]}, {"input": [[0, 0, 0, 0, 0, 0, 0], [0, 0, 0, 0, 0, 0, 0], [0, 0, 0, 0, 0, 0, 0], [0, 0, 2, 2, 0, 0, 0], [0, 0, 2, 2, 0, 0, 0], [0, 0, 0, 0, 0, 0, 0], [0, 0, 0, 0, 0, 0, 4]], "output": [[0, 0, 0, 0, 0, 0, 0], [0, 0, 0, 0, 0, 0, 0], [0, 0, 0, 0, 0, 0, 0], [0, 0, 0, 0, 0, 0, 0], [0, 0, 0, 0, 0, 0, 0], [0, 0, 0, 0, 4, 4, 0], [0, 0, 0, 0, 4, 4, 0]]}, {"input": [[0, 0, 0, 0, 0, 0, 0, 0, 0], [0, 0, 0, 0, 0, 0, 0, 0, 0], [0, 0, 0, 0, 0, 0, 0, 0, 0], [0, 0, 0, 9, 9, 0, 0, 0, 0], [0, 0, 0, 9, 9, 0, 0, 0, 0], [0, 0, 0, 0, 0, 0, 0, 0, 0], [0, 0, 0, 0, 0, 0, 0, 0, 3]], "output": [[0, 0, 0, 0, 0, 0, 0, 0, 0], [0, 0, 0, 0, 0, 0, 0, 0, 0], [0, 0, 0, 0, 0, 0, 0, 0, 0], [0, 0, 0, 0, 0, 0, 0, 0, 0], [0, 0, 0, 0, 0, 0, 0, 0, 0], [0, 0, 0, 0, 0, 0, 0, 0, 0], [0, 0, 0, 0, 0, 3, 3, 0, 0]]}, {"input": [[0, 0, 0, 0, 0], [5, 5, 5, 5, 0], [5, 5, 5, 5, 0], [5, 5, 5, 5, 0], [5, 5, 5, 5, 0], [0, 0, 0, 0, 2]], "output": [[0, 0, 0, 0, 0], [0, 2, 2, 2, 2], [0, 2, 2, 2, 2], [0, 2, 2, 2, 2], [0, 2, 2, 2, 2], [0, 0, 0, 0, 0]]}, {"input": [[1, 1, 1, 1, 0], [1, 1, 1, 1, 0], [1, 1, 1, 1, 0], [1, 1, 1, 1, 0], [0, 0, 0, 0, 0], [0, 0, 0, 0, 9]], "output": [[0, 0, 9, 9, 9], [0, 0, 9, 9, 9], [0, 0, 9, 9, 9], [0, 0, 9, 9, 9], [0, 0, 0, 0, 0], [0, 0, 0, 0, 0]]}, {"input": [[2, 2, 2, 2, 0], [2, 2, 2, 2, 0], [2, 2, 2, 2, 0], [2, 2, 2, 2, 0], [0, 0, 0, 0, 3]], "output": [[0, 3, 3, 3, 3], [0, 3, 3, 3, 3], [0, 3, 3, 3, 3], [0, 3, 3, 3, 3], [0, 0, 0, 0, 0]]}, {"input": [[0, 0, 0, 0, 0, 0, 0], [0, 0, 0, 0, 0, 0, 0], [0, 0, 0, 0, 0, 0, 0], [0, 0, 0, 0, 0, 0, 0], [0, 0, 7, 7, 7, 0, 0], [0, 0, 7, 7, 7, 0, 0], [0, 0, 7, 7, 7, 0, 0], [0, 0, 0, 0, 0, 0, 1]], "output": [[0, 0, 0, 0, 0, 0, 0], [0, 0, 0, 0, 0, 0, 0], [0, 0, 0, 0, 0, 0, 0], [0, 0, 0, 0, 0, 0, 0], [0, 0, 0, 0, 0, 0, 0], [0, 0, 0, 0, 0, 0, 0], [0, 0, 0, 1, 1, 1, 0], [0, 0, 0, 1, 1, 1, 0]]}, {"input": [[0, 0, 0, 0, 0, 0], [0, 0, 0, 0, 0, 0], [0, 0, 0, 0, 0, 0], [0, 0, 0, 0, 0, 0], [0, 0, 0, 0, 0, 0], [0, 0, 9, 9, 9, 0], [0, 0, 9, 9, 9, 0], [0, 0, 9, 9, 9, 0], [0, 0, 0, 0, 0, 3]], "output": [[0, 0, 0, 0, 0, 0], [0, 0, 0, 0, 0, 0], [0, 0, 0, 0, 0, 0], [0, 0, 0, 0, 0, 0], [0, 0, 0, 0, 0, 0], [0, 0, 0, 0, 0, 0], [0, 0, 0, 0, 0, 0], [0, 0, 0, 3, 3, 3], [0, 0, 0, 3, 3, 3]]}, {"input": [[0, 0, 0, 0, 0, 0, 0, 0], [0, 3, 3, 3, 0, 0, 0, 0], [0, 3, 3, 3, 0, 0, 0, 0], [0, 3, 3, 3, 0, 0, 0, 0], [0, 0, 0, 0, 0, 0, 0, 0], [0, 0, 0, 0, 0, 0, 0, 4]], "output": [[0, 0, 0, 0, 0, 0, 0, 0], [0, 0, 0, 0, 0, 0, 0, 0], [0, 0, 0, 4, 4, 4, 0, 0], [0, 0, 0, 4, 4, 4, 0, 0], [0, 0, 0, 4, 4, 4, 0, 0], [0, 0, 0, 0, 0, 0, 0, 0]]}, {"input": [[0, 0, 0, 0, 0, 0], [2, 2, 2, 2, 0, 0], [2, 2, 2, 2, 0, 0], [2, 2, 2, 2, 0, 0], [2, 2, 2, 2, 0, 0], [0, 0, 0, 0, 0, 9]], "output": [[0, 0, 0, 0, 0, 0], [0, 9, 9, 9, 9, 0], [0, 9, 9, 9, 9, 0], [0, 9, 9, 9, 9, 0], [0, 9, 9, 9, 9, 0], [0, 0, 0, 0, 0, 0]]}, {"input": [[6, 6, 6, 6, 0, 0, 0], [6, 6, 6, 6, 0, 0, 0], [6, 6, 6, 6, 0, 0, 0], [6, 6, 6, 6, 0, 0, 0], [0, 0, 0, 0, 0, 0, 1]], "output": [[0, 1, 1, 1, 1, 0, 0], [0, 1, 1, 1, 1, 0, 0], [0, 1, 1, 1, 1, 0, 0], [0, 1, 1, 1, 1, 0, 0], [0, 0, 0, 0, 0, 0, 0]]}, {"input": [[0, 0, 0, 0, 0, 0], [5, 5, 5, 5, 0, 0], [5, 5, 5, 5, 0, 0], [5, 5, 5, 5, 0, 0], [5, 5, 5, 5, 0, 0], [0, 0, 0, 0, 0, 9]], "output": [[0, 0, 0, 0, 0, 0], [0, 9, 9, 9, 9, 0], [0, 9, 9, 9, 9, 0], [0, 9, 9, 9, 9, 0], [0, 9, 9, 9, 9, 0], [0, 0, 0, 0, 0, 0]]}, {"input": [[6, 6, 6, 6, 0, 0, 0], [6, 6, 6, 6, 0, 0, 0], [6, 6, 6, 6, 0, 0, 0], [6, 6, 6, 6, 0, 0, 0], [0, 0, 0, 0, 0, 0, 7]], "output": [[0, 7, 7, 7, 7, 0, 0], [0, 7, 7, 7, 7, 0, 0], [0, 7, 7, 7, 7, 0, 0], [0, 7, 7, 7, 7, 0, 0], [0, 0, 0, 0, 0, 0, 0]]}, {"input": [[1, 1, 1, 1, 0], [1, 1, 1, 1, 0], [1, 1, 1, 1, 0], [1, 1, 1, 1, 0], [0, 0, 0, 0, 0], [0, 0, 0, 0, 2]], "output": [[0, 0, 2, 2, 2], [0, 0, 2, 2, 2], [0, 0, 2, 2, 2], [0, 0, 2, 2, 2], [0, 0, 0, 0, 0], [0, 0, 0, 0, 0]]}, {"input": [[0, 0, 0, 0, 0, 0, 0, 0], [0, 0, 0, 0, 0, 0, 0, 0], [0, 0, 0, 0, 0, 0, 0, 0], [0, 0, 0, 0, 1, 1, 1, 0], [0, 0, 0, 0, 1, 1, 1, 0], [0, 0, 0, 0, 1, 1, 1, 0], [0, 0, 0, 0, 0, 0, 0, 0], [0, 0, 0, 0, 0, 0, 0, 6]], "output": [[0, 0, 0, 0, 0, 0, 0, 0], [0, 0, 0, 0, 0, 0, 0, 0], [0, 0, 0, 0, 0, 0, 0, 0], [0, 0, 0, 0, 0, 0, 0, 0], [0, 0, 0, 0, 0, 0, 0, 0], [0, 0, 0, 0, 0, 0, 0, 0], [0, 0, 0, 0, 0, 0, 0, 0], [0, 0, 0, 0, 0, 0, 6, 6]]}, {"input": [[0, 0, 3, 3, 3, 3, 0], [0, 0, 3, 3, 3, 3, 0], [0, 0, 3, 3, 3, 3, 0], [0, 0, 3, 3, 3, 3, 0], [0, 0, 0, 0, 0, 0, 0], [0, 0, 0, 0, 0, 0, 0], [0, 0, 0, 0, 0, 0, 6]], "output": [[0, 0, 0, 0, 0, 0, 0], [0, 0, 0, 0, 0, 0, 0], [0, 0, 0, 0, 0, 6, 6], [0, 0, 0, 0, 0, 6, 6], [0, 0, 0, 0, 0, 6, 6], [0, 0, 0, 0, 0, 6, 6], [0, 0, 0, 0, 0, 0, 0]]}, {"input": [[5, 5, 5, 0, 0], [5, 5, 5, 0, 0], [5, 5, 5, 0, 0], [0, 0, 0, 0, 0], [0, 0, 0, 0, 0], [0, 0, 0, 0, 4]], "output": [[0, 0, 0, 4, 4], [0, 0, 0, 4, 4], [0, 0, 0, 4, 4], [0, 0, 0, 0, 0], [0, 0, 0, 0, 0], [0, 0, 0, 0, 0]]}, {"input": [[0, 0, 0, 0, 0, 0], [0, 0, 0, 0, 0, 0], [0, 0, 0, 0, 0, 0], [5, 5, 5, 0, 0, 0], [5, 5, 5, 0, 0, 0], [5, 5, 5, 0, 0, 0], [0, 0, 0, 0, 0, 0], [0, 0, 0, 0, 0, 1]], "output": [[0, 0, 0, 0, 0, 0], [0, 0, 0, 0, 0, 0], [0, 0, 0, 0, 0, 0], [0, 0, 1, 1, 1, 0], [0, 0, 1, 1, 1, 0], [0, 0, 1, 1, 1, 0], [0, 0, 0, 0, 0, 0], [0, 0, 0, 0, 0, 0]]}, {"input": [[0, 0, 0, 0, 0, 0, 0, 0, 0], [0, 0, 0, 0, 0, 0, 0, 0, 0], [0, 0, 0, 0, 0, 0, 0, 0, 0], [0, 0, 0, 3, 3, 0, 0, 0, 0], [0, 0, 0, 3, 3, 0, 0, 0, 0], [0, 0, 0, 0, 0, 0, 0, 0, 0], [0, 0, 0, 0, 0, 0, 0, 0, 0], [0, 0, 0, 0, 0, 0, 0, 0, 7]], "output": [[0, 0, 0, 0, 0, 0, 0, 0, 0], [0, 0, 0, 0, 0, 0, 0, 0, 0], [0, 0, 0, 0, 0, 0, 0, 0, 0], [0, 0, 0, 0, 0, 0, 0, 0, 0], [0, 0, 0, 0, 0, 0, 0, 0, 0], [0, 0, 0, 0, 0, 0, 0, 0, 0], [0, 0, 0, 0, 0, 0, 7, 7, 0], [0, 0, 0, 0, 0, 0, 7, 7, 0]]}, {"input": [[0, 0, 0, 0, 0, 0, 0, 0, 0], [0, 0, 0, 0, 0, 0, 0, 0, 0], [0, 0, 0, 0, 0, 0, 0, 0, 0], [0, 0, 0, 0, 0, 0, 0, 0, 0], [0, 0, 0, 3, 3, 3, 0, 0, 0], [0, 0, 0, 3, 3, 3, 0, 0, 0], [0, 0, 0, 3, 3, 3, 0, 0, 0], [0, 0, 0, 0, 0, 0, 0, 0, 0], [0, 0, 0, 0, 0, 0, 0, 0, 5]], "output": [[0, 0, 0, 0, 0, 0, 0, 0, 0], [0, 0, 0, 0, 0, 0, 0, 0, 0], [0, 0, 0, 0, 0, 0, 0, 0, 0], [0, 0, 0, 0, 0, 0, 0, 0, 0], [0, 0, 0, 0, 0, 0, 0, 0, 0], [0, 0, 0, 0, 0, 0, 0, 0, 0], [0, 0, 0, 0, 0, 0, 0, 0, 0], [0, 0, 0, 0, 0, 5, 5, 5, 0], [0, 0, 0, 0, 0, 5, 5, 5, 0]]}, {"input": [[0, 0, 0, 0, 0], [0, 1, 1, 1, 0], [0, 1, 1, 1, 0], [0, 1, 1, 1, 0], [0, 0, 0, 0, 0], [0, 0, 0, 0, 6]], "output": [[0, 0, 0, 0, 0], [0, 0, 0, 0, 0], [0, 0, 0, 6, 6], [0, 0, 0, 6, 6], [0, 0, 0, 6, 6], [0, 0, 0, 0, 0]]}], "test": [{"input": [[0, 0, 0, 0, 0], [0, 0, 0, 0, 0], [0, 6, 6, 6, 0], [0, 6, 6, 6, 0], [0, 6, 6, 6, 0], [0, 0, 0, 0, 0], [0, 0, 0, 0, 2]], "output": [[0, 0, 0, 0, 0], [0, 0, 0, 0, 0], [0, 0, 0, 0, 0], [0, 0, 0, 2, 2], [0, 0, 0, 2, 2], [0, 0, 0, 2, 2], [0, 0, 0, 0, 0]]}, {"input": [[0, 0, 0, 0, 0, 0, 0], [0, 0, 0, 0, 0, 0, 0], [0, 0, 0, 0, 0, 0, 0], [0, 3, 3, 3, 0, 0, 0], [0, 3, 3, 3, 0, 0, 0], [0, 3, 3, 3, 0, 0, 0], [0, 0, 0, 0, 0, 0, 7]], "output": [[0, 0, 0, 0, 0, 0, 0], [0, 0, 0, 0, 0, 0, 0], [0, 0, 0, 0, 0, 0, 0], [0, 0, 0, 0, 0, 0, 0], [0, 0, 7, 7, 7, 0, 0], [0, 0, 7, 7, 7, 0, 0], [0, 0, 7, 7, 7, 0, 0]]}, {"input": [[0, 0, 0, 0, 0, 0], [0, 0, 0, 0, 0, 0], [0, 0, 0, 0, 0, 0], [0, 6, 6, 6, 6, 0], [0, 6, 6, 6, 6, 0], [0, 6, 6, 6, 6, 0], [0, 6, 6, 6, 6, 0], [0, 0, 0, 0, 0, 5]], "output": [[0, 0, 0, 0, 0, 0], [0, 0, 0, 0, 0, 0], [0, 0, 0, 0, 0, 0], [0, 0, 0, 0, 0, 0], [0, 0, 5, 5, 5, 5], [0, 0, 5, 5, 5, 5], [0, 0, 5, 5, 5, 5], [0, 0, 5, 5, 5, 5]]}]}