{"train": [{"input": [[0, 0, 0, 0, 0, 0, 0, 0, 0, 0], [0, 0, 0, 0, 0, 0, 0, 0, 0, 0], [0, 0, 0, 0, 0, 0, 0, 0, 0, 0], [0, 0, 0, 0, 0, 0, 0, 0, 0, 0], [0, 0, 0, 0, 0, 0, 0, 0, 0, 0], [0, 0, 0, 0, 8, 0, 6, 0, 0, 0], [0, 0, 0, 0, 6, 0, 0, 0, 7, 0], [0, 0, 0, 0, 0, 0, 7, 1, 0, 0], [0, 0, 0, 0, 0, 0, 0, 3, 8, 0], [0, 0, 0, 0, 0, 8, 0, 0, 0, 0]], "output": [[0, 0, 0, 0, 8, 0, 0, 0, 0, 0], [0, 8, 3, 0, 0, 0, 7, 0, 8, 0], [0, 0, 1, 7, 0, 0, 0, 1, 3, 0], [0, 7, 0, 0, 0, 6, 0, 7, 0, 0], [0, 0, 0, 6, 8, 8, 0, 0, 0, 8], [8, 0, 0, 0, 8, 8, 6, 0, 0, 0], [0, 0, 7, 0, 6, 0, 0, 0, 7, 0], [0, 3, 1, 0, 0, 0, 7, 1, 0, 0], [0, 8, 0, 7, 0, 0, 0, 3, 8, 0], [0, 0, 0, 0, 0, 8, 0, 0, 0, 0]]}, {"input": [[0, 0, 0, 0, 0, 0, 0, 0, 0, 0], [0, 0, 5, 0, 0, 0, 0, 0, 0, 0], [0, 0, 0, 5, 0, 0, 0, 0, 0, 0], [0, 7, 0, 8, 0, 0, 0, 0, 0, 0], [0, 0, 0, 1, 0, 0, 0, 0, 0, 0], [0, 0, 8, 0, 8, 0, 0, 0, 0, 0], [0, 0, 0, 0, 0, 0, 0, 0, 0, 0], [0, 0, 0, 0, 0, 0, 0, 0, 0, 0], [0, 0, 0, 0, 0, 0, 0, 0, 0, 0], [0, 0, 0, 0, 0, 0, 0, 0, 0, 0]], "output": [[0, 0, 0, 0, 0, 0, 0, 0, 0, 0], [0, 0, 5, 0, 0, 0, 0, 0, 0, 0], [0, 0, 0, 5, 7, 0, 0, 0, 0, 0], [0, 7, 8, 8, 8, 0, 5, 0, 0, 0], [0, 5, 8, 1, 8, 5, 0, 0, 0, 0], [5, 0, 8, 8, 8, 7, 0, 0, 0, 0], [0, 0, 7, 5, 0, 0, 0, 0, 0, 0], [0, 0, 0, 0, 5, 0, 0, 0, 0, 0], [0, 0, 0, 0, 0, 0, 0, 0, 0, 0], [0, 0, 0, 0, 0, 0, 0, 0, 0, 0]]}, {"input": [[0, 0, 0, 0, 0, 0, 0, 0, 0, 0], [0, 0, 0, 0, 0, 0, 0, 0, 0, 0], [0, 0, 0, 0, 0, 4, 0, 0, 0, 0], [0, 0, 0, 0, 0, 0, 0, 0, 0, 0], [0, 0, 0, 0, 0, 0, 0, 0, 0, 0], [0, 0, 0, 0, 0, 8, 0, 8, 0, 0], [0, 0, 0, 0, 0, 8, 4, 0, 0, 0], [0, 0, 0, 0, 0, 0, 0, 0, 0, 0], [0, 0, 0, 0, 0, 0, 0, 0, 0, 0], [0, 0, 0, 0, 0, 0, 0, 0, 0, 0]], "output": [[0, 0, 0, 0, 0, 0, 0, 0, 8, 0], [0, 0, 0, 0, 0, 0, 0, 0, 0, 4], [0, 8, 8, 0, 0, 4, 0, 0, 8, 8], [0, 4, 0, 0, 0, 0, 0, 0, 0, 0], [0, 0, 8, 0, 0, 0, 0, 0, 0, 0], [0, 0, 0, 0, 0, 8, 0, 8, 0, 0], [0, 0, 0, 0, 0, 8, 4, 0, 0, 0], [0, 0, 0, 0, 0, 0, 0, 0, 0, 0], [0, 0, 0, 0, 4, 8, 0, 0, 0, 0], [0, 0, 0, 8, 0, 8, 0, 0, 0, 0]]}, {"input": [[0, 0, 0, 0, 0, 0, 0, 0, 0, 0], [0, 0, 0, 0, 0, 0, 0, 0, 0, 0], [0, 0, 0, 0, 0, 0, 0, 0, 0, 0], [0, 0, 0, 0, 0, 0, 0, 0, 0, 3], [0, 0, 0, 0, 0, 0, 0, 0, 2, 0], [0, 0, 0, 0, 0, 0, 1, 0, 0, 5], [0, 0, 0, 0, 0, 0, 0, 2, 0, 7], [0, 0, 0, 0, 0, 2, 0, 5, 0, 1], [0, 0, 0, 0, 0, 0, 0, 0, 0, 0], [0, 0, 0, 0, 0, 0, 0, 0, 0, 0]], "output": [[0, 0, 0, 0, 3, 0, 5, 7, 1, 0], [0, 1, 0, 5, 0, 2, 0, 0, 0, 0], [0, 7, 0, 2, 0, 0, 0, 2, 5, 0], [0, 5, 0, 0, 1, 0, 1, 0, 0, 3], [0, 0, 2, 0, 0, 0, 0, 0, 2, 0], [0, 3, 0, 0, 1, 0, 1, 0, 0, 5], [0, 0, 5, 2, 0, 0, 0, 2, 0, 7], [0, 0, 0, 0, 0, 2, 0, 5, 0, 1], [0, 0, 1, 7, 5, 0, 3, 0, 0, 0], [0, 0, 0, 0, 0, 0, 0, 0, 0, 0]]}, {"input": [[0, 0, 0, 0, 0, 0, 0, 0, 0, 0], [0, 0, 0, 0, 0, 0, 0, 0, 0, 0], [0, 3, 0, 6, 0, 0, 0, 0, 0, 0], [0, 0, 8, 0, 0, 0, 0, 0, 0, 0], [0, 9, 0, 0, 0, 0, 0, 0, 0, 0], [0, 0, 0, 0, 0, 0, 0, 0, 0, 0], [0, 0, 0, 7, 9, 0, 0, 0, 0, 0], [0, 0, 0, 0, 0, 0, 0, 0, 0, 0], [0, 0, 0, 0, 0, 0, 0, 0, 0, 0], [0, 0, 0, 0, 0, 0, 0, 0, 0, 0]], "output": [[0, 0, 0, 0, 0, 0, 0, 0, 0, 0], [0, 0, 0, 9, 7, 3, 0, 0, 0, 0], [0, 3, 0, 6, 8, 0, 0, 0, 0, 0], [0, 7, 8, 0, 0, 6, 9, 0, 0, 0], [0, 9, 6, 0, 0, 8, 7, 0, 0, 0], [0, 0, 0, 8, 6, 0, 3, 0, 0, 0], [0, 0, 3, 7, 9, 0, 0, 0, 0, 0], [0, 0, 0, 0, 0, 0, 0, 0, 0, 0], [0, 0, 0, 0, 0, 0, 0, 0, 0, 0], [0, 0, 0, 0, 0, 0, 0, 0, 0, 0]]}, {"input": [[0, 0, 0, 0, 0, 0, 0, 0, 0, 0], [0, 0, 0, 0, 0, 0, 0, 0, 0, 0], [0, 0, 0, 0, 8, 8, 2, 0, 8, 0], [0, 0, 0, 0, 0, 0, 0, 9, 0, 0], [0, 0, 0, 0, 0, 0, 0, 0, 1, 0], [0, 0, 0, 0, 3, 0, 0, 9, 0, 0], [0, 0, 0, 0, 0, 0, 8, 6, 1, 0], [0, 0, 0, 0, 0, 0, 0, 0, 0, 0], [0, 0, 0, 0, 0, 0, 0, 0, 0, 0], [0, 0, 0, 0, 0, 0, 0, 0, 0, 0]], "output": [[1, 0, 0, 0, 2, 0, 0, 0, 8, 0], [0, 9, 0, 0, 8, 0, 0, 0, 0, 0], [8, 3, 2, 8, 8, 8, 2, 3, 8, 0], [0, 0, 0, 0, 8, 0, 0, 9, 0, 0], [8, 0, 0, 0, 2, 0, 0, 0, 1, 0], [6, 9, 0, 9, 3, 0, 0, 9, 0, 0], [1, 0, 1, 0, 8, 0, 8, 6, 1, 0], [0, 0, 0, 0, 0, 0, 0, 0, 0, 0], [1, 6, 8, 0, 8, 0, 1, 0, 1, 0], [0, 9, 0, 0, 3, 9, 0, 9, 6, 0]]}, {"input": [[0, 0, 0, 0, 0, 0, 0, 0, 0, 0], [0, 0, 0, 0, 0, 0, 0, 0, 0, 0], [0, 0, 0, 0, 0, 0, 0, 0, 0, 0], [0, 0, 0, 0, 0, 0, 0, 0, 0, 0], [0, 0, 0, 0, 0, 0, 0, 0, 0, 0], [0, 0, 3, 1, 0, 0, 0, 0, 0, 0], [0, 0, 0, 8, 3, 1, 0, 0, 0, 0], [0, 0, 0, 0, 0, 0, 9, 0, 0, 0], [0, 0, 0, 0, 0, 0, 0, 0, 0, 0], [0, 0, 0, 6, 0, 0, 4, 0, 0, 0]], "output": [[0, 0, 0, 4, 0, 0, 6, 0, 0, 0], [0, 0, 0, 0, 0, 0, 0, 0, 0, 0], [0, 0, 0, 9, 3, 0, 0, 0, 0, 0], [6, 0, 0, 8, 1, 3, 8, 9, 0, 4], [0, 0, 0, 3, 0, 0, 1, 3, 0, 0], [0, 0, 3, 1, 0, 0, 3, 0, 0, 0], [4, 0, 9, 8, 3, 1, 8, 0, 0, 6], [0, 0, 0, 0, 0, 3, 9, 0, 0, 0], [0, 0, 0, 0, 0, 0, 0, 0, 0, 0], [0, 0, 0, 6, 0, 0, 4, 0, 0, 0]]}, {"input": [[0, 0, 0, 0, 0, 0, 0, 0, 0, 0], [0, 0, 0, 0, 0, 0, 0, 0, 0, 0], [0, 0, 0, 0, 0, 0, 0, 0, 0, 0], [0, 0, 0, 0, 0, 4, 0, 3, 0, 4], [0, 0, 0, 0, 0, 9, 0, 0, 0, 0], [0, 0, 0, 0, 0, 0, 1, 2, 7, 9], [0, 0, 0, 0, 0, 0, 0, 0, 7, 0], [0, 0, 0, 0, 0, 0, 0, 0, 0, 5], [0, 0, 0, 0, 0, 0, 0, 0, 0, 0], [0, 0, 0, 0, 0, 0, 0, 0, 0, 0]], "output": [[0, 0, 7, 0, 0, 0, 0, 7, 7, 0], [0, 9, 7, 2, 1, 3, 0, 2, 0, 0], [0, 0, 0, 0, 0, 9, 0, 1, 0, 0], [0, 4, 0, 3, 9, 4, 9, 3, 0, 4], [0, 0, 0, 1, 0, 9, 0, 0, 0, 0], [0, 0, 0, 2, 0, 3, 1, 2, 7, 9], [0, 0, 7, 7, 0, 0, 0, 0, 7, 0], [0, 5, 0, 9, 0, 4, 0, 0, 0, 5], [0, 0, 0, 0, 0, 0, 0, 0, 0, 0], [0, 5, 0, 0, 0, 4, 0, 9, 0, 5]]}, {"input": [[0, 0, 0, 0, 0, 2, 2, 6, 0, 8], [0, 0, 0, 0, 0, 0, 0, 0, 8, 0], [0, 0, 0, 0, 0, 0, 0, 0, 0, 0], [0, 0, 0, 0, 0, 1, 0, 0, 0, 0], [0, 0, 0, 0, 0, 7, 6, 0, 0, 8], [0, 0, 0, 0, 0, 0, 0, 0, 0, 0], [0, 0, 0, 0, 0, 0, 0, 0, 0, 0], [0, 0, 0, 0, 0, 0, 0, 0, 0, 0], [0, 0, 0, 0, 0, 0, 0, 0, 0, 0], [0, 0, 0, 0, 0, 0, 0, 0, 0, 0]], "output": [[0, 0, 0, 2, 1, 2, 2, 6, 0, 8], [0, 0, 0, 2, 0, 0, 1, 7, 8, 0], [0, 8, 7, 1, 0, 0, 2, 0, 0, 0], [8, 0, 6, 2, 2, 1, 2, 0, 0, 0], [0, 0, 0, 0, 0, 7, 6, 0, 0, 8], [0, 0, 0, 0, 0, 8, 0, 0, 0, 0], [0, 0, 8, 0, 0, 0, 8, 0, 0, 0], [0, 0, 0, 8, 0, 0, 0, 8, 0, 0], [0, 0, 0, 0, 8, 0, 0, 0, 0, 0], [8, 0, 0, 6, 7, 0, 0, 0, 0, 0]]}, {"input": [[0, 0, 0, 0, 0, 0, 0, 0, 0, 0], [0, 0, 0, 0, 0, 0, 0, 0, 0, 0], [0, 0, 0, 0, 0, 0, 0, 0, 0, 0], [0, 0, 0, 0, 7, 0, 0, 0, 0, 0], [0, 0, 0, 0, 0, 0, 0, 0, 8, 0], [0, 0, 0, 0, 0, 0, 0, 0, 0, 0], [0, 0, 0, 0, 0, 6, 0, 0, 0, 0], [0, 0, 0, 0, 1, 0, 0, 0, 4, 0], [0, 0, 0, 0, 0, 0, 0, 0, 0, 0], [0, 0, 0, 0, 0, 0, 0, 0, 0, 0]], "output": [[0, 0, 0, 6, 0, 0, 0, 0, 0, 0], [0, 0, 0, 0, 0, 0, 0, 0, 0, 0], [8, 0, 0, 0, 0, 0, 0, 6, 0, 0], [1, 0, 0, 0, 7, 0, 0, 0, 1, 0], [0, 6, 0, 0, 0, 0, 0, 0, 8, 0], [0, 0, 0, 0, 0, 0, 0, 0, 0, 0], [0, 0, 0, 0, 0, 6, 0, 0, 0, 0], [4, 0, 0, 8, 1, 0, 0, 0, 4, 0], [0, 0, 0, 0, 0, 0, 0, 0, 0, 0], [4, 0, 0, 0, 1, 8, 0, 0, 4, 0]]}, {"input": [[0, 0, 0, 0, 0, 0, 0, 0, 0, 0], [0, 0, 0, 0, 0, 0, 0, 0, 0, 0], [0, 0, 0, 0, 0, 0, 0, 0, 0, 0], [0, 0, 0, 0, 0, 0, 0, 0, 0, 0], [0, 1, 1, 0, 0, 4, 0, 0, 0, 0], [0, 0, 2, 3, 1, 0, 0, 0, 0, 0], [0, 0, 0, 7, 2, 0, 0, 0, 0, 0], [0, 0, 1, 0, 2, 0, 0, 0, 0, 0], [0, 4, 7, 0, 0, 0, 0, 0, 0, 0], [0, 0, 0, 0, 0, 0, 0, 0, 0, 0]], "output": [[0, 4, 0, 0, 0, 1, 0, 0, 7, 4], [0, 7, 1, 0, 2, 1, 2, 0, 1, 0], [0, 0, 0, 7, 3, 0, 2, 7, 0, 0], [0, 0, 2, 2, 1, 0, 1, 3, 2, 0], [0, 1, 1, 0, 0, 4, 0, 0, 1, 1], [0, 0, 2, 3, 1, 0, 1, 2, 2, 0], [0, 0, 0, 7, 2, 0, 3, 7, 0, 0], [0, 0, 1, 0, 2, 1, 2, 0, 1, 7], [0, 4, 7, 0, 0, 1, 0, 0, 0, 4], [0, 0, 0, 0, 0, 0, 0, 0, 0, 0]]}, {"input": [[0, 0, 0, 0, 0, 0, 0, 0, 0, 0], [0, 0, 0, 0, 0, 0, 0, 0, 0, 0], [0, 0, 0, 0, 0, 6, 0, 0, 0, 5], [0, 0, 0, 0, 0, 0, 1, 1, 7, 0], [0, 0, 0, 0, 0, 0, 8, 7, 0, 5], [0, 0, 0, 0, 0, 0, 0, 4, 3, 0], [0, 0, 0, 0, 0, 0, 0, 0, 0, 0], [0, 0, 0, 0, 0, 0, 0, 0, 0, 0], [0, 0, 0, 0, 0, 0, 0, 0, 0, 0], [0, 0, 0, 0, 0, 0, 0, 0, 0, 0]], "output": [[0, 5, 0, 7, 8, 0, 1, 7, 4, 0], [0, 0, 7, 1, 1, 0, 1, 8, 0, 0], [0, 5, 0, 0, 0, 6, 0, 0, 0, 5], [0, 0, 0, 8, 1, 0, 1, 1, 7, 0], [0, 0, 4, 7, 1, 0, 8, 7, 0, 5], [0, 0, 3, 0, 7, 0, 0, 4, 3, 0], [0, 0, 0, 5, 0, 5, 0, 0, 0, 0], [0, 0, 0, 0, 0, 0, 0, 0, 0, 0], [0, 0, 0, 0, 0, 5, 0, 5, 0, 0], [0, 0, 3, 4, 0, 0, 7, 0, 3, 0]]}, {"input": [[0, 0, 0, 0, 0, 0, 0, 0, 0, 0], [0, 0, 0, 0, 0, 0, 0, 0, 0, 0], [0, 0, 0, 0, 6, 0, 0, 0, 0, 0], [8, 0, 0, 0, 0, 0, 0, 0, 0, 0], [0, 0, 0, 8, 6, 0, 0, 0, 0, 0], [0, 8, 6, 0, 0, 0, 0, 0, 0, 0], [0, 0, 0, 3, 0, 0, 0, 0, 0, 0], [0, 0, 0, 0, 0, 0, 0, 0, 0, 0], [0, 0, 0, 0, 0, 0, 0, 0, 0, 0], [0, 0, 0, 0, 0, 0, 0, 0, 0, 0]], "output": [[0, 0, 0, 0, 0, 0, 0, 0, 0, 0], [0, 0, 0, 0, 0, 0, 0, 0, 0, 0], [6, 0, 0, 0, 6, 0, 0, 0, 6, 0], [8, 0, 3, 0, 0, 0, 0, 0, 0, 0], [0, 6, 0, 8, 6, 0, 0, 0, 0, 3], [6, 8, 6, 0, 0, 0, 0, 0, 0, 0], [0, 6, 0, 3, 0, 0, 0, 0, 6, 8], [3, 0, 8, 0, 0, 0, 0, 0, 0, 0], [0, 0, 6, 0, 6, 0, 0, 0, 6, 0], [0, 0, 0, 0, 0, 0, 0, 0, 0, 0]]}], "test": [{"input": [[0, 0, 0, 0, 0, 0, 0, 0, 0, 0], [0, 0, 0, 0, 0, 4, 0, 0, 0, 0], [0, 0, 0, 0, 9, 0, 0, 0, 0, 0], [0, 0, 0, 0, 0, 2, 8, 0, 0, 0], [0, 0, 0, 0, 0, 2, 5, 0, 0, 0], [0, 0, 0, 0, 0, 0, 0, 0, 0, 0], [0, 0, 0, 0, 0, 0, 0, 0, 0, 0], [0, 0, 0, 0, 0, 0, 0, 0, 0, 0], [0, 0, 0, 0, 0, 0, 0, 0, 0, 0], [0, 0, 0, 0, 0, 0, 0, 0, 0, 0]], "output": [[0, 0, 0, 0, 9, 0, 9, 8, 5, 0], [0, 0, 2, 2, 0, 4, 0, 2, 2, 0], [0, 0, 5, 8, 9, 0, 9, 0, 0, 0], [0, 0, 0, 0, 0, 2, 8, 0, 0, 0], [0, 0, 0, 0, 0, 2, 5, 0, 0, 0], [0, 0, 0, 0, 0, 0, 0, 0, 0, 0], [0, 0, 0, 0, 0, 0, 0, 0, 0, 0], [0, 0, 0, 0, 0, 0, 0, 0, 0, 0], [0, 0, 0, 0, 5, 2, 0, 0, 0, 0], [0, 0, 0, 0, 8, 2, 0, 0, 0, 0]]}, {"input": [[0, 0, 0, 0, 0, 0, 0, 0, 0, 0], [0, 0, 0, 4, 0, 4, 7, 0, 0, 0], [0, 0, 0, 0, 3, 0, 0, 8, 0, 0], [0, 0, 0, 0, 0, 0, 0, 0, 0, 0], [0, 0, 0, 1, 0, 0, 0, 6, 0, 0], [0, 0, 0, 9, 0, 0, 9, 0, 0, 0], [0, 0, 0, 0, 0, 0, 0, 0, 0, 0], [0, 0, 0, 0, 0, 0, 0, 0, 0, 0], [0, 0, 0, 0, 0, 0, 0, 0, 0, 0], [0, 0, 0, 0, 0, 0, 0, 0, 0, 0]], "output": [[0, 6, 0, 7, 0, 1, 0, 9, 0, 0], [0, 9, 1, 4, 0, 4, 7, 0, 0, 0], [0, 8, 0, 0, 3, 0, 0, 8, 0, 0], [0, 0, 7, 4, 0, 4, 1, 9, 0, 0], [0, 9, 0, 1, 0, 7, 0, 6, 0, 0], [0, 0, 6, 9, 8, 0, 9, 0, 0, 0], [0, 0, 0, 0, 0, 0, 0, 0, 0, 0], [0, 0, 0, 0, 0, 0, 0, 0, 0, 0], [0, 0, 0, 0, 0, 0, 0, 0, 0, 0], [0, 0, 9, 0, 8, 9, 6, 0, 0, 0]]}]}