{"train": [{"input": [[0, 6, 0, 0, 0, 0, 0, 0], [6, 6, 6, 6, 0, 0, 0, 0], [0, 6, 6, 6, 0, 0, 0, 0], [0, 6, 6, 6, 0, 0, 0, 0], [0, 0, 0, 0, 5, 5, 5, 5], [0, 0, 0, 0, 5, 5, 5, 5], [0, 0, 0, 0, 5, 0, 5, 5], [0, 0, 0, 0, 0, 5, 5, 5]], "output": [[0, 6, 0, 0, 0, 6, 0, 0], [6, 6, 6, 6, 6, 6, 6, 6], [0, 6, 6, 6, 0, 6, 6, 6], [0, 6, 6, 6, 0, 6, 6, 6], [0, 6, 0, 0, 5, 5, 5, 5], [6, 6, 6, 6, 5, 5, 5, 5], [0, 6, 6, 6, 5, 6, 5, 5], [0, 6, 6, 6, 0, 5, 5, 5]]}, {"input": [[4, 4, 0, 4, 4, 0, 0, 0, 0, 0], [4, 4, 4, 4, 4, 0, 0, 0, 0, 0], [4, 4, 4, 4, 4, 0, 0, 0, 0, 0], [4, 4, 4, 4, 4, 0, 0, 0, 0, 0], [4, 4, 0, 4, 4, 0, 0, 0, 0, 0], [0, 0, 0, 0, 1, 0, 4, 4, 4, 4], [0, 0, 0, 5, 5, 4, 4, 4, 4, 4], [1, 0, 0, 5, 0, 0, 0, 4, 4, 4], [5, 1, 1, 5, 0, 4, 4, 4, 4, 4], [5, 5, 5, 5, 5, 0, 4, 4, 4, 4]], "output": [[4, 4, 0, 4, 4, 4, 4, 0, 4, 4], [4, 4, 4, 4, 4, 4, 4, 4, 4, 4], [4, 4, 4, 4, 4, 4, 4, 4, 4, 4], [4, 4, 4, 4, 4, 4, 4, 4, 4, 4], [4, 4, 0, 4, 4, 4, 4, 0, 4, 4], [4, 4, 0, 4, 1, 4, 4, 4, 4, 4], [4, 4, 4, 5, 5, 4, 4, 4, 4, 4], [1, 4, 4, 5, 4, 4, 4, 4, 4, 4], [5, 1, 1, 5, 4, 4, 4, 4, 4, 4], [5, 5, 5, 5, 5, 4, 4, 4, 4, 4]]}, {"input": [[4, 0, 0, 0, 4, 0, 0, 4, 4, 4], [4, 4, 0, 4, 4, 0, 0, 4, 4, 4], [4, 4, 4, 4, 4, 4, 4, 4, 4, 4], [4, 4, 0, 4, 4, 4, 4, 4, 4, 4], [4, 0, 0, 0, 4, 4, 4, 4, 4, 4], [0, 0, 6, 0, 0, 0, 0, 0, 0, 4], [0, 0, 6, 0, 0, 0, 0, 0, 0, 4], [6, 6, 6, 6, 6, 0, 0, 4, 4, 4], [0, 0, 6, 0, 0, 4, 4, 4, 4, 4], [0, 0, 6, 0, 0, 4, 4, 4, 0, 4]], "output": [[4, 0, 0, 0, 4, 4, 0, 4, 4, 4], [4, 4, 0, 4, 4, 4, 4, 4, 4, 4], [4, 4, 4, 4, 4, 4, 4, 4, 4, 4], [4, 4, 0, 4, 4, 4, 4, 4, 4, 4], [4, 0, 0, 0, 4, 4, 4, 4, 4, 4], [4, 0, 6, 0, 4, 4, 0, 0, 0, 4], [4, 4, 6, 4, 4, 4, 4, 0, 4, 4], [6, 6, 6, 6, 6, 4, 4, 4, 4, 4], [4, 4, 6, 4, 4, 4, 4, 4, 4, 4], [4, 0, 6, 0, 4, 4, 4, 4, 0, 4]]}, {"input": [[0, 3, 0, 8, 8, 8], [3, 3, 3, 8, 8, 8], [0, 3, 0, 0, 8, 0], [0, 0, 0, 0, 0, 0], [0, 0, 0, 0, 0, 0], [0, 0, 0, 0, 0, 0]], "output": [[0, 3, 0, 8, 8, 8], [3, 3, 3, 8, 8, 8], [0, 3, 0, 0, 8, 0], [0, 3, 0, 0, 3, 0], [3, 3, 3, 3, 3, 3], [0, 3, 0, 0, 3, 0]]}, {"input": [[0, 6, 6, 5, 6, 0, 0, 0, 0, 0], [6, 6, 6, 5, 5, 0, 0, 0, 0, 0], [6, 6, 0, 0, 0, 0, 0, 0, 0, 0], [5, 5, 0, 0, 0, 0, 0, 0, 0, 0], [6, 5, 0, 0, 0, 0, 0, 0, 0, 0], [3, 3, 0, 0, 0, 0, 0, 0, 0, 0], [3, 3, 3, 3, 2, 0, 0, 0, 0, 0], [2, 3, 3, 3, 3, 0, 0, 0, 0, 0], [3, 3, 3, 3, 2, 0, 0, 0, 0, 0], [3, 3, 0, 0, 0, 0, 0, 0, 0, 0]], "output": [[0, 6, 6, 5, 6, 0, 6, 6, 5, 6], [6, 6, 6, 5, 5, 6, 6, 6, 5, 5], [6, 6, 0, 0, 0, 6, 6, 0, 0, 0], [5, 5, 0, 0, 0, 5, 5, 0, 0, 0], [6, 5, 0, 0, 0, 6, 5, 0, 0, 0], [3, 3, 6, 5, 6, 0, 6, 6, 5, 6], [3, 3, 3, 3, 2, 6, 6, 6, 5, 5], [2, 3, 3, 3, 3, 6, 6, 0, 0, 0], [3, 3, 3, 3, 2, 5, 5, 0, 0, 0], [3, 3, 0, 0, 0, 6, 5, 0, 0, 0]]}, {"input": [[0, 2, 0, 2, 0, 0, 0, 0, 0, 0], [8, 8, 2, 8, 8, 0, 0, 0, 0, 0], [0, 8, 0, 8, 0, 0, 0, 0, 0, 0], [8, 8, 2, 8, 8, 0, 0, 0, 0, 0], [0, 2, 0, 2, 0, 0, 0, 0, 0, 0], [0, 0, 0, 0, 0, 0, 0, 8, 8, 0], [0, 0, 0, 0, 0, 8, 7, 8, 7, 0], [0, 0, 0, 0, 0, 8, 8, 7, 8, 8], [0, 0, 0, 0, 0, 0, 7, 8, 7, 8], [0, 0, 0, 0, 0, 0, 8, 8, 0, 0]], "output": [[0, 2, 0, 2, 0, 0, 2, 0, 2, 0], [8, 8, 2, 8, 8, 8, 8, 2, 8, 8], [0, 8, 0, 8, 0, 0, 8, 0, 8, 0], [8, 8, 2, 8, 8, 8, 8, 2, 8, 8], [0, 2, 0, 2, 0, 0, 2, 0, 2, 0], [0, 2, 0, 2, 0, 0, 2, 8, 8, 0], [8, 8, 2, 8, 8, 8, 7, 8, 7, 8], [0, 8, 0, 8, 0, 8, 8, 7, 8, 8], [8, 8, 2, 8, 8, 8, 7, 8, 7, 8], [0, 2, 0, 2, 0, 0, 8, 8, 2, 0]]}, {"input": [[8, 8, 8, 8, 0, 0, 0, 0], [8, 8, 8, 8, 0, 0, 0, 0], [8, 8, 8, 8, 0, 0, 0, 0], [8, 0, 0, 8, 0, 0, 0, 0], [0, 0, 1, 1, 0, 3, 3, 0], [0, 0, 1, 1, 3, 3, 3, 3], [1, 1, 1, 1, 3, 3, 3, 3], [1, 1, 1, 0, 3, 3, 3, 3]], "output": [[8, 8, 8, 8, 8, 8, 8, 8], [8, 8, 8, 8, 8, 8, 8, 8], [8, 8, 8, 8, 8, 8, 8, 8], [8, 0, 0, 8, 8, 0, 0, 8], [8, 8, 1, 1, 8, 3, 3, 8], [8, 8, 1, 1, 3, 3, 3, 3], [1, 1, 1, 1, 3, 3, 3, 3], [1, 1, 1, 8, 3, 3, 3, 3]]}, {"input": [[0, 2, 0, 5, 0, 5], [2, 2, 2, 5, 9, 5], [0, 2, 0, 9, 0, 9], [0, 0, 0, 5, 5, 5], [0, 0, 0, 5, 5, 0], [0, 0, 0, 5, 5, 5]], "output": [[0, 2, 0, 5, 2, 5], [2, 2, 2, 5, 9, 5], [0, 2, 0, 9, 2, 9], [0, 2, 0, 5, 5, 5], [2, 2, 2, 5, 5, 2], [0, 2, 0, 5, 5, 5]]}, {"input": [[2, 2, 2, 2, 0, 0, 0, 0], [2, 0, 2, 2, 0, 0, 0, 0], [2, 2, 2, 2, 0, 0, 0, 0], [2, 2, 2, 2, 0, 0, 0, 0], [0, 5, 0, 0, 0, 0, 0, 0], [0, 5, 5, 5, 0, 0, 0, 0], [5, 5, 5, 0, 0, 0, 0, 0], [0, 0, 5, 0, 0, 0, 0, 0]], "output": [[2, 2, 2, 2, 2, 2, 2, 2], [2, 0, 2, 2, 2, 0, 2, 2], [2, 2, 2, 2, 2, 2, 2, 2], [2, 2, 2, 2, 2, 2, 2, 2], [2, 5, 2, 2, 2, 2, 2, 2], [2, 5, 5, 5, 2, 0, 2, 2], [5, 5, 5, 2, 2, 2, 2, 2], [2, 2, 5, 2, 2, 2, 2, 2]]}, {"input": [[1, 0, 0, 0, 0, 0], [1, 1, 0, 0, 0, 0], [1, 1, 1, 0, 0, 0], [0, 0, 0, 2, 2, 0], [0, 0, 0, 2, 2, 2], [0, 0, 0, 2, 2, 2]], "output": [[1, 0, 0, 1, 0, 0], [1, 1, 0, 1, 1, 0], [1, 1, 1, 1, 1, 1], [1, 0, 0, 2, 2, 0], [1, 1, 0, 2, 2, 2], [1, 1, 1, 2, 2, 2]]}, {"input": [[9, 9, 9, 9, 0, 0, 0, 0], [0, 9, 9, 0, 0, 0, 0, 0], [0, 9, 9, 0, 0, 0, 0, 0], [9, 9, 9, 9, 0, 0, 0, 0], [0, 0, 0, 0, 0, 0, 0, 0], [0, 0, 0, 0, 0, 0, 0, 0], [0, 0, 0, 0, 0, 0, 0, 0], [0, 0, 0, 0, 0, 0, 0, 0]], "output": [[9, 9, 9, 9, 9, 9, 9, 9], [0, 9, 9, 0, 0, 9, 9, 0], [0, 9, 9, 0, 0, 9, 9, 0], [9, 9, 9, 9, 9, 9, 9, 9], [9, 9, 9, 9, 9, 9, 9, 9], [0, 9, 9, 0, 0, 9, 9, 0], [0, 9, 9, 0, 0, 9, 9, 0], [9, 9, 9, 9, 9, 9, 9, 9]]}, {"input": [[0, 0, 0, 2, 0, 0, 0, 0], [0, 0, 2, 2, 0, 0, 0, 0], [0, 2, 2, 2, 0, 0, 0, 0], [2, 2, 2, 2, 0, 0, 0, 0], [0, 0, 0, 0, 0, 5, 5, 5], [0, 0, 0, 0, 5, 5, 5, 5], [0, 0, 0, 0, 5, 5, 5, 5], [0, 0, 0, 0, 5, 5, 5, 0]], "output": [[0, 0, 0, 2, 0, 0, 0, 2], [0, 0, 2, 2, 0, 0, 2, 2], [0, 2, 2, 2, 0, 2, 2, 2], [2, 2, 2, 2, 2, 2, 2, 2], [0, 0, 0, 2, 0, 5, 5, 5], [0, 0, 2, 2, 5, 5, 5, 5], [0, 2, 2, 2, 5, 5, 5, 5], [2, 2, 2, 2, 5, 5, 5, 2]]}, {"input": [[0, 8, 0, 0, 4, 0], [8, 8, 8, 4, 4, 4], [0, 8, 0, 0, 4, 0], [5, 5, 5, 0, 0, 0], [0, 5, 0, 0, 0, 0], [0, 5, 0, 0, 0, 0]], "output": [[0, 8, 0, 0, 4, 0], [8, 8, 8, 4, 4, 4], [0, 8, 0, 0, 4, 0], [5, 5, 5, 0, 8, 0], [8, 5, 8, 8, 8, 8], [0, 5, 0, 0, 8, 0]]}, {"input": [[7, 7, 7, 7, 0, 0, 0, 0], [0, 0, 7, 7, 0, 0, 0, 0], [0, 0, 0, 7, 0, 0, 0, 0], [0, 0, 0, 7, 0, 0, 0, 0], [1, 1, 1, 1, 0, 0, 0, 0], [1, 0, 0, 1, 0, 0, 0, 0], [1, 0, 0, 1, 0, 0, 0, 0], [1, 1, 1, 1, 0, 0, 0, 0]], "output": [[7, 7, 7, 7, 7, 7, 7, 7], [0, 0, 7, 7, 0, 0, 7, 7], [0, 0, 0, 7, 0, 0, 0, 7], [0, 0, 0, 7, 0, 0, 0, 7], [1, 1, 1, 1, 7, 7, 7, 7], [1, 0, 7, 1, 0, 0, 7, 7], [1, 0, 0, 1, 0, 0, 0, 7], [1, 1, 1, 1, 0, 0, 0, 7]]}, {"input": [[0, 5, 0, 0, 0, 0], [5, 5, 5, 0, 0, 0], [0, 5, 0, 0, 0, 0], [0, 0, 0, 5, 4, 5], [0, 0, 0, 0, 5, 5], [0, 0, 0, 5, 4, 5]], "output": [[0, 5, 0, 0, 5, 0], [5, 5, 5, 5, 5, 5], [0, 5, 0, 0, 5, 0], [0, 5, 0, 5, 4, 5], [5, 5, 5, 5, 5, 5], [0, 5, 0, 5, 4, 5]]}, {"input": [[7, 7, 7, 0, 0, 0], [0, 7, 7, 0, 0, 0], [7, 7, 7, 0, 0, 0], [0, 5, 0, 0, 2, 0], [5, 5, 5, 7, 7, 7], [5, 5, 5, 2, 7, 2]], "output": [[7, 7, 7, 7, 7, 7], [0, 7, 7, 0, 7, 7], [7, 7, 7, 7, 7, 7], [7, 5, 7, 7, 2, 7], [5, 5, 5, 7, 7, 7], [5, 5, 5, 2, 7, 2]]}, {"input": [[2, 0, 0, 9, 9, 0], [2, 2, 0, 1, 1, 1], [2, 2, 2, 9, 9, 0], [0, 8, 0, 0, 0, 0], [8, 8, 8, 0, 0, 0], [0, 8, 0, 0, 0, 0]], "output": [[2, 0, 0, 9, 9, 0], [2, 2, 0, 1, 1, 1], [2, 2, 2, 9, 9, 2], [2, 8, 0, 2, 0, 0], [8, 8, 8, 2, 2, 0], [2, 8, 2, 2, 2, 2]]}, {"input": [[0, 9, 9, 0, 0, 0, 0, 0], [9, 9, 9, 9, 0, 0, 0, 0], [9, 9, 9, 9, 0, 0, 0, 0], [0, 9, 9, 0, 0, 0, 0, 0], [3, 3, 3, 3, 2, 2, 2, 2], [0, 3, 3, 0, 0, 2, 2, 0], [0, 3, 3, 0, 2, 2, 2, 2], [3, 3, 3, 3, 2, 2, 2, 2]], "output": [[0, 9, 9, 0, 0, 9, 9, 0], [9, 9, 9, 9, 9, 9, 9, 9], [9, 9, 9, 9, 9, 9, 9, 9], [0, 9, 9, 0, 0, 9, 9, 0], [3, 3, 3, 3, 2, 2, 2, 2], [9, 3, 3, 9, 9, 2, 2, 9], [9, 3, 3, 9, 2, 2, 2, 2], [3, 3, 3, 3, 2, 2, 2, 2]]}, {"input": [[0, 0, 1, 0, 0, 0, 0, 0], [1, 1, 1, 0, 0, 0, 0, 0], [0, 1, 1, 1, 0, 0, 0, 0], [0, 1, 0, 0, 0, 0, 0, 0], [0, 0, 0, 0, 0, 0, 0, 0], [0, 0, 0, 0, 0, 0, 0, 0], [0, 0, 0, 0, 0, 0, 0, 0], [0, 0, 0, 0, 0, 0, 0, 0]], "output": [[0, 0, 1, 0, 0, 0, 1, 0], [1, 1, 1, 0, 1, 1, 1, 0], [0, 1, 1, 1, 0, 1, 1, 1], [0, 1, 0, 0, 0, 1, 0, 0], [0, 0, 1, 0, 0, 0, 1, 0], [1, 1, 1, 0, 1, 1, 1, 0], [0, 1, 1, 1, 0, 1, 1, 1], [0, 1, 0, 0, 0, 1, 0, 0]]}, {"input": [[9, 9, 9, 9, 9, 0, 0, 0, 0, 2], [9, 9, 9, 9, 9, 0, 0, 0, 2, 2], [9, 9, 0, 0, 0, 0, 0, 2, 2, 2], [9, 9, 0, 0, 0, 0, 2, 2, 0, 2], [9, 9, 0, 0, 0, 2, 2, 2, 2, 2], [0, 0, 4, 4, 0, 3, 3, 3, 3, 3], [4, 4, 4, 4, 0, 3, 3, 3, 3, 3], [4, 4, 4, 4, 4, 3, 3, 3, 3, 3], [0, 4, 4, 4, 4, 3, 3, 3, 3, 3], [0, 4, 4, 0, 0, 3, 3, 3, 3, 3]], "output": [[9, 9, 9, 9, 9, 9, 9, 9, 9, 2], [9, 9, 9, 9, 9, 9, 9, 9, 2, 2], [9, 9, 0, 0, 0, 9, 9, 2, 2, 2], [9, 9, 0, 0, 0, 9, 2, 2, 0, 2], [9, 9, 0, 0, 0, 2, 2, 2, 2, 2], [9, 9, 4, 4, 9, 3, 3, 3, 3, 3], [4, 4, 4, 4, 9, 3, 3, 3, 3, 3], [4, 4, 4, 4, 4, 3, 3, 3, 3, 3], [9, 4, 4, 4, 4, 3, 3, 3, 3, 3], [9, 4, 4, 0, 0, 3, 3, 3, 3, 3]]}, {"input": [[0, 1, 1, 0, 0, 0, 0, 0, 0, 0], [0, 0, 1, 0, 1, 0, 0, 0, 0, 0], [1, 1, 1, 1, 1, 0, 0, 0, 0, 0], [1, 0, 1, 0, 0, 0, 0, 0, 0, 0], [0, 0, 1, 1, 0, 0, 0, 0, 0, 0], [0, 1, 1, 1, 1, 0, 0, 0, 0, 0], [1, 1, 1, 1, 1, 0, 0, 0, 0, 0], [1, 0, 0, 0, 1, 0, 0, 0, 0, 0], [1, 1, 1, 1, 1, 0, 0, 0, 0, 0], [0, 1, 1, 1, 1, 0, 0, 0, 0, 0]], "output": [[0, 1, 1, 0, 0, 0, 1, 1, 0, 0], [0, 0, 1, 0, 1, 0, 0, 1, 0, 1], [1, 1, 1, 1, 1, 1, 1, 1, 1, 1], [1, 0, 1, 0, 0, 1, 0, 1, 0, 0], [0, 0, 1, 1, 0, 0, 0, 1, 1, 0], [0, 1, 1, 1, 1, 0, 1, 1, 0, 0], [1, 1, 1, 1, 1, 0, 0, 1, 0, 1], [1, 1, 1, 1, 1, 1, 1, 1, 1, 1], [1, 1, 1, 1, 1, 1, 0, 1, 0, 0], [0, 1, 1, 1, 1, 0, 0, 1, 1, 0]]}, {"input": [[0, 5, 5, 0, 0, 0, 0, 0, 0, 0], [0, 5, 5, 5, 5, 0, 0, 0, 0, 0], [5, 5, 5, 5, 5, 0, 0, 0, 0, 0], [5, 5, 5, 5, 0, 0, 0, 0, 0, 0], [0, 0, 5, 5, 0, 0, 0, 0, 0, 0], [4, 4, 0, 4, 4, 0, 0, 0, 0, 0], [4, 4, 0, 4, 4, 0, 0, 0, 0, 0], [4, 4, 4, 4, 4, 0, 0, 0, 0, 0], [4, 4, 0, 4, 4, 0, 0, 0, 0, 0], [4, 4, 0, 4, 4, 0, 0, 0, 0, 0]], "output": [[0, 5, 5, 0, 0, 0, 5, 5, 0, 0], [0, 5, 5, 5, 5, 0, 5, 5, 5, 5], [5, 5, 5, 5, 5, 5, 5, 5, 5, 5], [5, 5, 5, 5, 0, 5, 5, 5, 5, 0], [0, 0, 5, 5, 0, 0, 0, 5, 5, 0], [4, 4, 5, 4, 4, 0, 5, 5, 0, 0], [4, 4, 5, 4, 4, 0, 5, 5, 5, 5], [4, 4, 4, 4, 4, 5, 5, 5, 5, 5], [4, 4, 5, 4, 4, 5, 5, 5, 5, 0], [4, 4, 5, 4, 4, 0, 0, 5, 5, 0]]}, {"input": [[0, 2, 2, 2, 0, 6, 1, 6, 1, 6], [2, 2, 0, 2, 2, 0, 1, 1, 1, 0], [2, 2, 0, 2, 2, 0, 0, 6, 0, 0], [2, 2, 0, 2, 2, 0, 1, 1, 1, 0], [2, 0, 0, 0, 2, 6, 1, 6, 1, 6], [9, 9, 9, 9, 9, 0, 0, 0, 0, 0], [0, 9, 9, 9, 9, 0, 0, 0, 0, 0], [0, 0, 0, 9, 9, 0, 0, 0, 0, 0], [0, 9, 9, 9, 9, 0, 0, 0, 0, 0], [9, 9, 9, 9, 9, 0, 0, 0, 0, 0]], "output": [[0, 2, 2, 2, 0, 6, 1, 6, 1, 6], [2, 2, 0, 2, 2, 2, 1, 1, 1, 2], [2, 2, 0, 2, 2, 2, 2, 6, 2, 2], [2, 2, 0, 2, 2, 2, 1, 1, 1, 2], [2, 0, 0, 0, 2, 6, 1, 6, 1, 6], [9, 9, 9, 9, 9, 0, 2, 2, 2, 0], [2, 9, 9, 9, 9, 2, 2, 0, 2, 2], [2, 2, 0, 9, 9, 2, 2, 0, 2, 2], [2, 9, 9, 9, 9, 2, 2, 0, 2, 2], [9, 9, 9, 9, 9, 2, 0, 0, 0, 2]]}, {"input": [[5, 5, 5, 5, 0, 0, 0, 0], [0, 5, 5, 0, 0, 0, 0, 0], [0, 5, 5, 0, 0, 0, 0, 0], [5, 5, 5, 5, 0, 0, 0, 0], [0, 3, 3, 0, 0, 0, 0, 0], [3, 3, 3, 3, 0, 0, 0, 0], [3, 3, 3, 3, 0, 0, 0, 0], [3, 3, 3, 3, 0, 0, 0, 0]], "output": [[5, 5, 5, 5, 5, 5, 5, 5], [0, 5, 5, 0, 0, 5, 5, 0], [0, 5, 5, 0, 0, 5, 5, 0], [5, 5, 5, 5, 5, 5, 5, 5], [5, 3, 3, 5, 5, 5, 5, 5], [3, 3, 3, 3, 0, 5, 5, 0], [3, 3, 3, 3, 0, 5, 5, 0], [3, 3, 3, 3, 5, 5, 5, 5]]}, {"input": [[6, 6, 6, 6, 0, 6], [6, 6, 6, 6, 6, 6], [0, 6, 0, 6, 6, 6], [0, 0, 0, 0, 0, 0], [0, 0, 0, 0, 0, 0], [0, 0, 0, 0, 0, 0]], "output": [[6, 6, 6, 6, 6, 6], [6, 6, 6, 6, 6, 6], [0, 6, 0, 6, 6, 6], [6, 6, 6, 6, 6, 6], [6, 6, 6, 6, 6, 6], [0, 6, 0, 0, 6, 0]]}, {"input": [[5, 0, 0, 5, 6, 6, 6, 6], [5, 5, 5, 5, 6, 6, 6, 6], [5, 5, 5, 5, 6, 6, 6, 6], [5, 5, 5, 5, 6, 6, 6, 6], [0, 0, 0, 0, 0, 0, 0, 0], [0, 0, 0, 0, 0, 0, 0, 0], [0, 0, 0, 0, 0, 0, 0, 0], [0, 0, 0, 0, 0, 0, 0, 0]], "output": [[5, 0, 0, 5, 6, 6, 6, 6], [5, 5, 5, 5, 6, 6, 6, 6], [5, 5, 5, 5, 6, 6, 6, 6], [5, 5, 5, 5, 6, 6, 6, 6], [5, 0, 0, 5, 5, 0, 0, 5], [5, 5, 5, 5, 5, 5, 5, 5], [5, 5, 5, 5, 5, 5, 5, 5], [5, 5, 5, 5, 5, 5, 5, 5]]}, {"input": [[0, 0, 3, 0, 0, 0, 0, 0, 0, 0], [0, 3, 3, 3, 0, 0, 0, 0, 0, 0], [3, 3, 3, 3, 3, 0, 0, 0, 0, 0], [0, 3, 3, 3, 0, 0, 0, 0, 0, 0], [0, 0, 3, 0, 0, 0, 0, 0, 0, 0], [2, 2, 2, 2, 2, 8, 8, 8, 8, 8], [2, 2, 2, 2, 2, 0, 8, 8, 8, 8], [2, 2, 2, 0, 2, 0, 0, 0, 8, 8], [2, 2, 2, 2, 2, 0, 0, 0, 8, 8], [2, 2, 2, 2, 2, 0, 0, 0, 0, 8]], "output": [[0, 0, 3, 0, 0, 0, 0, 3, 0, 0], [0, 3, 3, 3, 0, 0, 3, 3, 3, 0], [3, 3, 3, 3, 3, 3, 3, 3, 3, 3], [0, 3, 3, 3, 0, 0, 3, 3, 3, 0], [0, 0, 3, 0, 0, 0, 0, 3, 0, 0], [2, 2, 2, 2, 2, 8, 8, 8, 8, 8], [2, 2, 2, 2, 2, 0, 8, 8, 8, 8], [2, 2, 2, 3, 2, 3, 3, 3, 8, 8], [2, 2, 2, 2, 2, 0, 3, 3, 8, 8], [2, 2, 2, 2, 2, 0, 0, 3, 0, 8]]}], "test": [{"input": [[0, 4, 0, 0, 0, 4, 4, 0], [0, 4, 4, 4, 4, 4, 4, 4], [4, 4, 4, 0, 4, 4, 4, 4], [0, 0, 4, 0, 0, 4, 4, 0], [0, 0, 0, 0, 7, 7, 7, 0], [0, 0, 0, 0, 7, 7, 0, 7], [0, 0, 0, 0, 7, 0, 7, 7], [0, 0, 0, 0, 7, 7, 7, 7]], "output": [[0, 4, 0, 0, 0, 4, 4, 0], [0, 4, 4, 4, 4, 4, 4, 4], [4, 4, 4, 0, 4, 4, 4, 4], [0, 0, 4, 0, 0, 4, 4, 0], [0, 4, 0, 0, 7, 7, 7, 0], [0, 4, 4, 4, 7, 7, 4, 7], [4, 4, 4, 0, 7, 4, 7, 7], [0, 0, 4, 0, 7, 7, 7, 7]]}, {"input": [[7, 7, 7, 0, 0, 0, 4, 0, 0, 0], [7, 7, 7, 0, 0, 4, 4, 0, 0, 0], [7, 7, 7, 7, 7, 4, 4, 9, 9, 0], [7, 7, 7, 7, 7, 9, 7, 9, 7, 4], [7, 7, 7, 7, 7, 7, 7, 7, 7, 7], [0, 0, 0, 0, 0, 0, 0, 0, 0, 0], [0, 0, 0, 0, 0, 0, 0, 0, 0, 0], [0, 0, 0, 0, 0, 0, 0, 0, 0, 0], [0, 0, 0, 0, 0, 0, 0, 0, 0, 0], [0, 0, 0, 0, 0, 0, 0, 0, 0, 0]], "output": [[7, 7, 7, 0, 0, 7, 4, 7, 0, 0], [7, 7, 7, 0, 0, 4, 4, 7, 0, 0], [7, 7, 7, 7, 7, 4, 4, 9, 9, 7], [7, 7, 7, 7, 7, 9, 7, 9, 7, 4], [7, 7, 7, 7, 7, 7, 7, 7, 7, 7], [7, 7, 7, 0, 0, 7, 7, 7, 0, 0], [7, 7, 7, 0, 0, 7, 7, 7, 0, 0], [7, 7, 7, 7, 7, 7, 7, 7, 7, 7], [7, 7, 7, 7, 7, 7, 7, 7, 7, 7], [7, 7, 7, 7, 7, 7, 7, 7, 7, 7]]}, {"input": [[2, 0, 2, 2, 6, 6, 0, 0], [2, 2, 2, 0, 1, 1, 6, 0], [0, 2, 2, 2, 1, 0, 6, 6], [2, 2, 0, 2, 1, 0, 0, 6], [0, 0, 0, 0, 0, 0, 0, 0], [0, 0, 0, 0, 0, 0, 0, 0], [0, 0, 0, 0, 0, 0, 0, 0], [0, 0, 0, 0, 0, 0, 0, 0]], "output": [[2, 0, 2, 2, 6, 6, 2, 2], [2, 2, 2, 0, 1, 1, 6, 0], [0, 2, 2, 2, 1, 2, 6, 6], [2, 2, 0, 2, 1, 2, 0, 6], [2, 0, 2, 2, 2, 0, 2, 2], [2, 2, 2, 0, 2, 2, 2, 0], [0, 2, 2, 2, 0, 2, 2, 2], [2, 2, 0, 2, 2, 2, 0, 2]]}]}