{"train": [{"input": [[8, 0, 0, 0, 0, 0, 0], [0, 4, 4, 4, 0, 0, 0], [0, 4, 4, 4, 4, 0, 0], [0, 4, 4, 4, 4, 4, 0], [0, 0, 4, 4, 4, 4, 0], [0, 0, 0, 4, 4, 4, 0], [0, 0, 0, 0, 0, 0, 0]], "output": [[8, 8, 8, 8, 8, 8, 8], [8, 4, 4, 4, 8, 8, 8], [8, 4, 4, 4, 4, 8, 8], [8, 4, 4, 4, 4, 4, 8], [8, 8, 4, 4, 4, 4, 8], [8, 8, 8, 4, 4, 4, 8], [8, 8, 8, 8, 8, 8, 8]]}, {"input": [[6, 0, 0, 0, 0, 0, 0], [0, 0, 3, 3, 3, 0, 0], [0, 3, 3, 3, 3, 3, 0], [0, 3, 3, 3, 3, 3, 0], [0, 3, 3, 0, 3, 3, 0], [0, 3, 3, 0, 3, 3, 0], [0, 0, 0, 0, 0, 0, 0]], "output": [[6, 6, 6, 6, 6, 6, 6], [6, 6, 3, 3, 3, 6, 6], [6, 3, 3, 3, 3, 3, 6], [6, 3, 3, 3, 3, 3, 6], [6, 3, 3, 6, 3, 3, 6], [6, 3, 3, 6, 3, 3, 6], [6, 6, 6, 6, 6, 6, 6]]}, {"input": [[7, 0, 0, 0, 0, 0, 0], [0, 0, 3, 3, 3, 3, 0], [0, 3, 3, 3, 3, 3, 0], [0, 3, 0, 3, 3, 3, 0], [0, 3, 0, 0, 3, 3, 0], [0, 3, 3, 3, 3, 0, 0], [0, 0, 0, 0, 0, 0, 0]], "output": [[7, 7, 7, 7, 7, 7, 7], [7, 7, 3, 3, 3, 3, 7], [7, 3, 3, 3, 3, 3, 7], [7, 3, 0, 3, 3, 3, 7], [7, 3, 0, 0, 3, 3, 7], [7, 3, 3, 3, 3, 7, 7], [7, 7, 7, 7, 7, 7, 7]]}, {"input": [[5, 0, 0, 0, 0, 0, 0], [0, 0, 5, 5, 0, 0, 0], [0, 0, 5, 5, 5, 5, 0], [0, 5, 5, 5, 5, 5, 0], [0, 5, 5, 5, 5, 0, 0], [0, 0, 0, 5, 5, 0, 0], [0, 0, 0, 0, 0, 0, 0]], "output": [[5, 5, 5, 5, 5, 5, 5], [5, 5, 5, 5, 5, 5, 5], [5, 5, 5, 5, 5, 5, 5], [5, 5, 5, 5, 5, 5, 5], [5, 5, 5, 5, 5, 5, 5], [5, 5, 5, 5, 5, 5, 5], [5, 5, 5, 5, 5, 5, 5]]}, {"input": [[5, 0, 0, 0, 0, 0, 0], [0, 8, 8, 8, 8, 0, 0], [0, 8, 8, 0, 0, 8, 0], [0, 8, 8, 0, 0, 8, 0], [0, 8, 8, 8, 8, 8, 0], [0, 0, 8, 8, 8, 8, 0], [0, 0, 0, 0, 0, 0, 0]], "output": [[5, 5, 5, 5, 5, 5, 5], [5, 8, 8, 8, 8, 5, 5], [5, 8, 8, 0, 0, 8, 5], [5, 8, 8, 0, 0, 8, 5], [5, 8, 8, 8, 8, 8, 5], [5, 5, 8, 8, 8, 8, 5], [5, 5, 5, 5, 5, 5, 5]]}, {"input": [[1, 0, 0, 0, 0, 0, 0], [0, 0, 6, 0, 6, 0, 0], [0, 6, 6, 6, 6, 6, 0], [0, 0, 6, 0, 6, 0, 0], [0, 6, 6, 6, 6, 6, 0], [0, 0, 6, 0, 6, 0, 0], [0, 0, 0, 0, 0, 0, 0]], "output": [[1, 1, 1, 1, 1, 1, 1], [1, 1, 6, 1, 6, 1, 1], [1, 6, 6, 6, 6, 6, 1], [1, 1, 6, 0, 6, 1, 1], [1, 6, 6, 6, 6, 6, 1], [1, 1, 6, 1, 6, 1, 1], [1, 1, 1, 1, 1, 1, 1]]}, {"input": [[7, 0, 0, 0, 0, 0, 0], [0, 2, 2, 2, 2, 2, 0], [0, 2, 2, 2, 2, 2, 0], [0, 2, 2, 2, 2, 2, 0], [0, 2, 2, 0, 2, 2, 0], [0, 2, 0, 0, 0, 2, 0], [0, 0, 0, 0, 0, 0, 0]], "output": [[7, 7, 7, 7, 7, 7, 7], [7, 2, 2, 2, 2, 2, 7], [7, 2, 2, 2, 2, 2, 7], [7, 2, 2, 2, 2, 2, 7], [7, 2, 2, 7, 2, 2, 7], [7, 2, 7, 7, 7, 2, 7], [7, 7, 7, 7, 7, 7, 7]]}, {"input": [[9, 0, 0, 0, 0, 0, 0], [0, 0, 9, 0, 9, 0, 0], [0, 9, 9, 9, 9, 9, 0], [0, 0, 9, 9, 9, 0, 0], [0, 9, 9, 9, 9, 9, 0], [0, 0, 9, 0, 9, 0, 0], [0, 0, 0, 0, 0, 0, 0]], "output": [[9, 9, 9, 9, 9, 9, 9], [9, 9, 9, 9, 9, 9, 9], [9, 9, 9, 9, 9, 9, 9], [9, 9, 9, 9, 9, 9, 9], [9, 9, 9, 9, 9, 9, 9], [9, 9, 9, 9, 9, 9, 9], [9, 9, 9, 9, 9, 9, 9]]}, {"input": [[3, 0, 0, 0, 0, 0, 0], [0, 0, 0, 6, 6, 0, 0], [0, 6, 6, 6, 6, 0, 0], [0, 6, 6, 6, 6, 6, 0], [0, 0, 6, 6, 6, 6, 0], [0, 0, 6, 6, 0, 0, 0], [0, 0, 0, 0, 0, 0, 0]], "output": [[3, 3, 3, 3, 3, 3, 3], [3, 3, 3, 6, 6, 3, 3], [3, 6, 6, 6, 6, 3, 3], [3, 6, 6, 6, 6, 6, 3], [3, 3, 6, 6, 6, 6, 3], [3, 3, 6, 6, 3, 3, 3], [3, 3, 3, 3, 3, 3, 3]]}, {"input": [[2, 0, 0, 0, 0, 0, 0], [0, 5, 5, 5, 5, 5, 0], [0, 0, 0, 0, 5, 5, 0], [0, 0, 0, 0, 5, 5, 0], [0, 0, 0, 0, 0, 5, 0], [0, 0, 0, 0, 0, 5, 0], [0, 0, 0, 0, 0, 0, 0]], "output": [[2, 2, 2, 2, 2, 2, 2], [2, 5, 5, 5, 5, 5, 2], [2, 2, 2, 2, 5, 5, 2], [2, 2, 2, 2, 5, 5, 2], [2, 2, 2, 2, 2, 5, 2], [2, 2, 2, 2, 2, 5, 2], [2, 2, 2, 2, 2, 2, 2]]}, {"input": [[5, 0, 0, 0, 0, 0, 0], [0, 2, 2, 2, 2, 2, 0], [0, 0, 2, 2, 2, 0, 0], [0, 0, 0, 2, 0, 0, 0], [0, 0, 2, 2, 2, 0, 0], [0, 2, 2, 2, 2, 2, 0], [0, 0, 0, 0, 0, 0, 0]], "output": [[5, 5, 5, 5, 5, 5, 5], [5, 2, 2, 2, 2, 2, 5], [5, 5, 2, 2, 2, 5, 5], [5, 5, 5, 2, 5, 5, 5], [5, 5, 2, 2, 2, 5, 5], [5, 2, 2, 2, 2, 2, 5], [5, 5, 5, 5, 5, 5, 5]]}, {"input": [[8, 0, 0, 0, 0, 0, 0], [0, 2, 2, 2, 0, 0, 0], [0, 0, 2, 2, 0, 0, 0], [0, 0, 2, 2, 2, 2, 0], [0, 0, 0, 2, 2, 2, 0], [0, 0, 0, 0, 0, 2, 0], [0, 0, 0, 0, 0, 0, 0]], "output": [[8, 8, 8, 8, 8, 8, 8], [8, 2, 2, 2, 8, 8, 8], [8, 8, 2, 2, 8, 8, 8], [8, 8, 2, 2, 2, 2, 8], [8, 8, 8, 2, 2, 2, 8], [8, 8, 8, 8, 8, 2, 8], [8, 8, 8, 8, 8, 8, 8]]}, {"input": [[3, 0, 0, 0, 0, 0, 0], [0, 0, 1, 1, 0, 0, 0], [0, 0, 1, 1, 1, 1, 0], [0, 1, 1, 1, 1, 1, 0], [0, 1, 1, 1, 1, 0, 0], [0, 0, 0, 1, 1, 0, 0], [0, 0, 0, 0, 0, 0, 0]], "output": [[3, 3, 3, 3, 3, 3, 3], [3, 3, 1, 1, 3, 3, 3], [3, 3, 1, 1, 1, 1, 3], [3, 1, 1, 1, 1, 1, 3], [3, 1, 1, 1, 1, 3, 3], [3, 3, 3, 1, 1, 3, 3], [3, 3, 3, 3, 3, 3, 3]]}, {"input": [[4, 0, 0, 0, 0, 0, 0], [0, 2, 0, 0, 0, 2, 0], [0, 2, 2, 0, 2, 2, 0], [0, 2, 2, 2, 2, 2, 0], [0, 2, 2, 0, 2, 2, 0], [0, 2, 0, 0, 0, 2, 0], [0, 0, 0, 0, 0, 0, 0]], "output": [[4, 4, 4, 4, 4, 4, 4], [4, 2, 4, 4, 4, 2, 4], [4, 2, 2, 4, 2, 2, 4], [4, 2, 2, 2, 2, 2, 4], [4, 2, 2, 4, 2, 2, 4], [4, 2, 4, 4, 4, 2, 4], [4, 4, 4, 4, 4, 4, 4]]}, {"input": [[9, 0, 0, 0, 0, 0, 0], [0, 0, 0, 0, 2, 0, 0], [0, 2, 2, 2, 2, 0, 0], [0, 0, 2, 2, 2, 0, 0], [0, 0, 2, 2, 2, 2, 0], [0, 0, 2, 0, 0, 0, 0], [0, 0, 0, 0, 0, 0, 0]], "output": [[9, 9, 9, 9, 9, 9, 9], [9, 9, 9, 9, 2, 9, 9], [9, 2, 2, 2, 2, 9, 9], [9, 9, 2, 2, 2, 9, 9], [9, 9, 2, 2, 2, 2, 9], [9, 9, 2, 9, 9, 9, 9], [9, 9, 9, 9, 9, 9, 9]]}, {"input": [[2, 0, 0, 0, 0, 0, 0], [0, 8, 0, 0, 0, 8, 0], [0, 8, 8, 8, 8, 8, 0], [0, 8, 8, 8, 8, 8, 0], [0, 8, 8, 8, 8, 8, 0], [0, 8, 8, 0, 8, 8, 0], [0, 0, 0, 0, 0, 0, 0]], "output": [[2, 2, 2, 2, 2, 2, 2], [2, 8, 2, 2, 2, 8, 2], [2, 8, 8, 8, 8, 8, 2], [2, 8, 8, 8, 8, 8, 2], [2, 8, 8, 8, 8, 8, 2], [2, 8, 8, 2, 8, 8, 2], [2, 2, 2, 2, 2, 2, 2]]}, {"input": [[3, 0, 0, 0, 0, 0, 0], [0, 0, 1, 1, 1, 0, 0], [0, 0, 1, 1, 1, 0, 0], [0, 1, 1, 1, 1, 1, 0], [0, 0, 1, 1, 1, 0, 0], [0, 0, 1, 1, 1, 0, 0], [0, 0, 0, 0, 0, 0, 0]], "output": [[3, 3, 3, 3, 3, 3, 3], [3, 3, 1, 1, 1, 3, 3], [3, 3, 1, 1, 1, 3, 3], [3, 1, 1, 1, 1, 1, 3], [3, 3, 1, 1, 1, 3, 3], [3, 3, 1, 1, 1, 3, 3], [3, 3, 3, 3, 3, 3, 3]]}, {"input": [[7, 0, 0, 0, 0, 0, 0], [0, 1, 1, 1, 1, 0, 0], [0, 1, 1, 1, 1, 1, 0], [0, 0, 0, 1, 1, 1, 0], [0, 0, 0, 0, 1, 1, 0], [0, 0, 0, 0, 1, 1, 0], [0, 0, 0, 0, 0, 0, 0]], "output": [[7, 7, 7, 7, 7, 7, 7], [7, 1, 1, 1, 1, 7, 7], [7, 1, 1, 1, 1, 1, 7], [7, 7, 7, 1, 1, 1, 7], [7, 7, 7, 7, 1, 1, 7], [7, 7, 7, 7, 1, 1, 7], [7, 7, 7, 7, 7, 7, 7]]}, {"input": [[6, 0, 0, 0, 0, 0, 0], [0, 0, 8, 0, 0, 0, 0], [0, 0, 8, 8, 8, 8, 0], [0, 0, 8, 8, 8, 0, 0], [0, 8, 8, 8, 8, 0, 0], [0, 0, 0, 0, 8, 0, 0], [0, 0, 0, 0, 0, 0, 0]], "output": [[6, 6, 6, 6, 6, 6, 6], [6, 6, 8, 6, 6, 6, 6], [6, 6, 8, 8, 8, 8, 6], [6, 6, 8, 8, 8, 6, 6], [6, 8, 8, 8, 8, 6, 6], [6, 6, 6, 6, 8, 6, 6], [6, 6, 6, 6, 6, 6, 6]]}, {"input": [[7, 0, 0, 0, 0, 0, 0], [0, 3, 3, 3, 0, 0, 0], [0, 3, 3, 0, 0, 0, 0], [0, 3, 3, 3, 0, 3, 0], [0, 3, 3, 3, 3, 3, 0], [0, 3, 3, 3, 3, 3, 0], [0, 0, 0, 0, 0, 0, 0]], "output": [[7, 7, 7, 7, 7, 7, 7], [7, 3, 3, 3, 7, 7, 7], [7, 3, 3, 7, 7, 7, 7], [7, 3, 3, 3, 7, 3, 7], [7, 3, 3, 3, 3, 3, 7], [7, 3, 3, 3, 3, 3, 7], [7, 7, 7, 7, 7, 7, 7]]}, {"input": [[7, 0, 0, 0, 0, 0, 0], [0, 0, 0, 7, 0, 0, 0], [0, 0, 7, 7, 7, 0, 0], [0, 7, 7, 7, 7, 7, 0], [0, 0, 7, 7, 7, 0, 0], [0, 0, 0, 7, 0, 0, 0], [0, 0, 0, 0, 0, 0, 0]], "output": [[7, 7, 7, 7, 7, 7, 7], [7, 7, 7, 7, 7, 7, 7], [7, 7, 7, 7, 7, 7, 7], [7, 7, 7, 7, 7, 7, 7], [7, 7, 7, 7, 7, 7, 7], [7, 7, 7, 7, 7, 7, 7], [7, 7, 7, 7, 7, 7, 7]]}, {"input": [[6, 0, 0, 0, 0, 0, 0], [0, 0, 7, 7, 0, 0, 0], [0, 0, 7, 7, 7, 7, 0], [0, 7, 7, 7, 7, 7, 0], [0, 7, 7, 7, 7, 0, 0], [0, 0, 0, 7, 7, 0, 0], [0, 0, 0, 0, 0, 0, 0]], "output": [[6, 6, 6, 6, 6, 6, 6], [6, 6, 7, 7, 6, 6, 6], [6, 6, 7, 7, 7, 7, 6], [6, 7, 7, 7, 7, 7, 6], [6, 7, 7, 7, 7, 6, 6], [6, 6, 6, 7, 7, 6, 6], [6, 6, 6, 6, 6, 6, 6]]}, {"input": [[3, 0, 0, 0, 0, 0, 0], [0, 3, 3, 3, 3, 3, 0], [0, 3, 3, 3, 3, 3, 0], [0, 3, 3, 3, 3, 3, 0], [0, 3, 3, 0, 3, 3, 0], [0, 3, 0, 0, 0, 3, 0], [0, 0, 0, 0, 0, 0, 0]], "output": [[3, 3, 3, 3, 3, 3, 3], [3, 3, 3, 3, 3, 3, 3], [3, 3, 3, 3, 3, 3, 3], [3, 3, 3, 3, 3, 3, 3], [3, 3, 3, 3, 3, 3, 3], [3, 3, 3, 3, 3, 3, 3], [3, 3, 3, 3, 3, 3, 3]]}, {"input": [[4, 0, 0, 0, 0, 0, 0], [0, 0, 0, 6, 6, 6, 0], [0, 0, 6, 6, 6, 6, 0], [0, 6, 6, 0, 6, 0, 0], [0, 6, 6, 6, 6, 6, 0], [0, 6, 6, 0, 6, 0, 0], [0, 0, 0, 0, 0, 0, 0]], "output": [[4, 4, 4, 4, 4, 4, 4], [4, 4, 4, 6, 6, 6, 4], [4, 4, 6, 6, 6, 6, 4], [4, 6, 6, 0, 6, 4, 4], [4, 6, 6, 6, 6, 6, 4], [4, 6, 6, 4, 6, 4, 4], [4, 4, 4, 4, 4, 4, 4]]}, {"input": [[6, 0, 0, 0, 0, 0, 0], [0, 5, 5, 5, 5, 5, 0], [0, 5, 5, 5, 5, 5, 0], [0, 5, 5, 5, 5, 5, 0], [0, 5, 5, 5, 5, 5, 0], [0, 5, 5, 5, 5, 5, 0], [0, 0, 0, 0, 0, 0, 0]], "output": [[6, 6, 6, 6, 6, 6, 6], [6, 5, 5, 5, 5, 5, 6], [6, 5, 5, 5, 5, 5, 6], [6, 5, 5, 5, 5, 5, 6], [6, 5, 5, 5, 5, 5, 6], [6, 5, 5, 5, 5, 5, 6], [6, 6, 6, 6, 6, 6, 6]]}, {"input": [[1, 0, 0, 0, 0, 0, 0], [0, 0, 2, 2, 2, 0, 0], [0, 2, 2, 2, 2, 2, 0], [0, 2, 2, 2, 2, 2, 0], [0, 2, 2, 2, 2, 2, 0], [0, 2, 2, 2, 2, 2, 0], [0, 0, 0, 0, 0, 0, 0]], "output": [[1, 1, 1, 1, 1, 1, 1], [1, 1, 2, 2, 2, 1, 1], [1, 2, 2, 2, 2, 2, 1], [1, 2, 2, 2, 2, 2, 1], [1, 2, 2, 2, 2, 2, 1], [1, 2, 2, 2, 2, 2, 1], [1, 1, 1, 1, 1, 1, 1]]}, {"input": [[9, 0, 0, 0, 0, 0, 0], [0, 0, 0, 3, 3, 0, 0], [0, 3, 3, 3, 3, 0, 0], [0, 3, 3, 3, 3, 3, 0], [0, 0, 3, 3, 3, 3, 0], [0, 0, 3, 3, 0, 0, 0], [0, 0, 0, 0, 0, 0, 0]], "output": [[9, 9, 9, 9, 9, 9, 9], [9, 9, 9, 3, 3, 9, 9], [9, 3, 3, 3, 3, 9, 9], [9, 3, 3, 3, 3, 3, 9], [9, 9, 3, 3, 3, 3, 9], [9, 9, 3, 3, 9, 9, 9], [9, 9, 9, 9, 9, 9, 9]]}], "test": [{"input": [[9, 0, 0, 0, 0, 0, 0], [0, 0, 6, 6, 6, 0, 0], [0, 6, 6, 6, 6, 6, 0], [0, 6, 6, 6, 6, 6, 0], [0, 6, 6, 0, 6, 6, 0], [0, 6, 6, 6, 6, 6, 0], [0, 0, 0, 0, 0, 0, 0]], "output": [[9, 9, 9, 9, 9, 9, 9], [9, 9, 6, 6, 6, 9, 9], [9, 6, 6, 6, 6, 6, 9], [9, 6, 6, 6, 6, 6, 9], [9, 6, 6, 0, 6, 6, 9], [9, 6, 6, 6, 6, 6, 9], [9, 9, 9, 9, 9, 9, 9]]}, {"input": [[6, 0, 0, 0, 0, 0, 0], [0, 0, 4, 4, 4, 4, 0], [0, 4, 4, 4, 4, 4, 0], [0, 4, 4, 4, 4, 4, 0], [0, 4, 4, 4, 4, 4, 0], [0, 4, 4, 4, 4, 4, 0], [0, 0, 0, 0, 0, 0, 0]], "output": [[6, 6, 6, 6, 6, 6, 6], [6, 6, 4, 4, 4, 4, 6], [6, 4, 4, 4, 4, 4, 6], [6, 4, 4, 4, 4, 4, 6], [6, 4, 4, 4, 4, 4, 6], [6, 4, 4, 4, 4, 4, 6], [6, 6, 6, 6, 6, 6, 6]]}, {"input": [[7, 0, 0, 0, 0, 0, 0], [0, 6, 6, 0, 6, 6, 0], [0, 6, 0, 0, 0, 6, 0], [0, 6, 6, 6, 6, 6, 0], [0, 6, 6, 6, 6, 6, 0], [0, 6, 6, 6, 6, 6, 0], [0, 0, 0, 0, 0, 0, 0]], "output": [[7, 7, 7, 7, 7, 7, 7], [7, 6, 6, 7, 6, 6, 7], [7, 6, 7, 7, 7, 6, 7], [7, 6, 6, 6, 6, 6, 7], [7, 6, 6, 6, 6, 6, 7], [7, 6, 6, 6, 6, 6, 7], [7, 7, 7, 7, 7, 7, 7]]}]}