{"train": [{"input": [[0, 0, 0, 0, 0, 0, 0, 0, 0, 0], [0, 2, 8, 8, 2, 0, 0, 4, 4, 0], [0, 2, 2, 2, 2, 0, 4, 4, 4, 0], [0, 0, 0, 0, 0, 0, 4, 4, 4, 0], [0, 6, 2, 6, 0, 0, 0, 4, 4, 0], [0, 0, 6, 6, 6, 0, 0, 0, 0, 0], [0, 0, 0, 6, 2, 0, 0, 0, 0, 0], [0, 0, 0, 0, 6, 0, 0, 0, 0, 0], [0, 0, 0, 0, 0, 0, 7, 2, 2, 7], [0, 0, 0, 0, 0, 0, 0, 2, 2, 0]], "output": [[0, 0, 0, 0, 0, 0, 0, 0, 0, 0], [0, 3, 3, 3, 3, 0, 0, 1, 1, 0], [0, 3, 3, 3, 3, 0, 1, 1, 1, 0], [0, 0, 0, 0, 0, 0, 1, 1, 1, 0], [0, 3, 3, 3, 0, 0, 0, 1, 1, 0], [0, 0, 3, 3, 3, 0, 0, 0, 0, 0], [0, 0, 0, 3, 3, 0, 0, 0, 0, 0], [0, 0, 0, 0, 3, 0, 0, 0, 0, 0], [0, 0, 0, 0, 0, 0, 3, 3, 3, 3], [0, 0, 0, 0, 0, 0, 0, 3, 3, 0]]}, {"input": [[0, 2, 0, 0, 0, 0, 2, 2, 0, 0], [0, 9, 9, 2, 0, 0, 2, 2, 2, 0], [0, 0, 0, 0, 0, 0, 2, 2, 2, 0], [0, 2, 2, 2, 2, 0, 2, 2, 0, 0], [0, 2, 2, 2, 2, 0, 0, 0, 0, 0], [0, 0, 0, 0, 0, 0, 0, 0, 0, 0], [0, 0, 0, 2, 6, 6, 2, 0, 0, 0], [0, 0, 0, 2, 6, 6, 2, 0, 0, 0], [2, 2, 0, 2, 6, 6, 2, 0, 0, 0], [2, 1, 0, 2, 6, 6, 2, 0, 0, 0]], "output": [[0, 3, 0, 0, 0, 0, 3, 3, 0, 0], [0, 3, 3, 3, 0, 0, 3, 3, 3, 0], [0, 0, 0, 0, 0, 0, 3, 3, 3, 0], [0, 3, 3, 3, 3, 0, 3, 3, 0, 0], [0, 3, 3, 3, 3, 0, 0, 0, 0, 0], [0, 0, 0, 0, 0, 0, 0, 0, 0, 0], [0, 0, 0, 3, 3, 3, 3, 0, 0, 0], [0, 0, 0, 3, 3, 3, 3, 0, 0, 0], [3, 3, 0, 3, 3, 3, 3, 0, 0, 0], [3, 3, 0, 3, 3, 3, 3, 0, 0, 0]]}, {"input": [[0, 0, 0, 0, 0, 0, 0, 0, 0, 0], [0, 0, 0, 0, 0, 0, 0, 0, 0, 0], [0, 0, 5, 0, 0, 0, 0, 0, 0, 0], [0, 5, 5, 5, 0, 0, 0, 0, 0, 0], [0, 0, 5, 0, 0, 0, 0, 5, 2, 0], [0, 0, 0, 0, 0, 0, 0, 2, 2, 2], [0, 0, 0, 0, 0, 2, 0, 2, 2, 2], [0, 0, 0, 0, 5, 2, 0, 5, 2, 0], [0, 0, 0, 0, 5, 2, 0, 0, 0, 0], [0, 0, 0, 0, 0, 2, 0, 0, 0, 0]], "output": [[0, 0, 0, 0, 0, 0, 0, 0, 0, 0], [0, 0, 0, 0, 0, 0, 0, 0, 0, 0], [0, 0, 1, 0, 0, 0, 0, 0, 0, 0], [0, 1, 1, 1, 0, 0, 0, 0, 0, 0], [0, 0, 1, 0, 0, 0, 0, 3, 3, 0], [0, 0, 0, 0, 0, 0, 0, 3, 3, 3], [0, 0, 0, 0, 0, 3, 0, 3, 3, 3], [0, 0, 0, 0, 3, 3, 0, 3, 3, 0], [0, 0, 0, 0, 3, 3, 0, 0, 0, 0], [0, 0, 0, 0, 0, 3, 0, 0, 0, 0]]}, {"input": [[0, 0, 0, 0, 5, 5, 0, 0, 0, 0], [0, 0, 0, 0, 5, 5, 0, 0, 0, 0], [0, 0, 0, 0, 5, 5, 0, 0, 0, 0], [0, 0, 0, 0, 0, 0, 0, 0, 0, 0], [0, 0, 0, 0, 0, 0, 0, 9, 9, 0], [0, 0, 0, 0, 0, 0, 9, 2, 9, 0], [0, 0, 0, 0, 0, 0, 9, 2, 9, 0], [9, 9, 9, 9, 0, 0, 0, 9, 9, 0], [9, 9, 9, 9, 0, 0, 0, 0, 0, 0], [0, 0, 0, 0, 0, 0, 0, 0, 0, 0]], "output": [[0, 0, 0, 0, 1, 1, 0, 0, 0, 0], [0, 0, 0, 0, 1, 1, 0, 0, 0, 0], [0, 0, 0, 0, 1, 1, 0, 0, 0, 0], [0, 0, 0, 0, 0, 0, 0, 0, 0, 0], [0, 0, 0, 0, 0, 0, 0, 3, 3, 0], [0, 0, 0, 0, 0, 0, 3, 3, 3, 0], [0, 0, 0, 0, 0, 0, 3, 3, 3, 0], [1, 1, 1, 1, 0, 0, 0, 3, 3, 0], [1, 1, 1, 1, 0, 0, 0, 0, 0, 0], [0, 0, 0, 0, 0, 0, 0, 0, 0, 0]]}, {"input": [[0, 0, 0, 0, 0, 0, 0, 0, 0, 0], [0, 0, 0, 0, 0, 0, 0, 0, 0, 0], [4, 2, 2, 0, 6, 6, 6, 6, 0, 0], [0, 4, 2, 0, 6, 6, 6, 6, 0, 0], [0, 0, 4, 0, 0, 0, 0, 0, 0, 0], [0, 0, 0, 0, 0, 0, 0, 0, 0, 0], [0, 0, 0, 0, 0, 0, 0, 2, 0, 0], [6, 6, 6, 6, 0, 0, 2, 3, 2, 0], [6, 6, 6, 6, 0, 0, 0, 2, 0, 0], [0, 0, 0, 0, 0, 0, 0, 0, 0, 0]], "output": [[0, 0, 0, 0, 0, 0, 0, 0, 0, 0], [0, 0, 0, 0, 0, 0, 0, 0, 0, 0], [3, 3, 3, 0, 1, 1, 1, 1, 0, 0], [0, 3, 3, 0, 1, 1, 1, 1, 0, 0], [0, 0, 3, 0, 0, 0, 0, 0, 0, 0], [0, 0, 0, 0, 0, 0, 0, 0, 0, 0], [0, 0, 0, 0, 0, 0, 0, 3, 0, 0], [1, 1, 1, 1, 0, 0, 3, 3, 3, 0], [1, 1, 1, 1, 0, 0, 0, 3, 0, 0], [0, 0, 0, 0, 0, 0, 0, 0, 0, 0]]}, {"input": [[0, 0, 2, 2, 0, 0, 0, 0, 0, 0], [0, 0, 0, 2, 0, 0, 0, 0, 0, 0], [0, 0, 0, 2, 0, 0, 0, 0, 0, 0], [0, 0, 2, 2, 0, 0, 0, 0, 0, 0], [0, 0, 0, 0, 0, 0, 0, 0, 0, 0], [0, 2, 2, 0, 0, 0, 0, 0, 0, 0], [2, 2, 2, 2, 0, 0, 2, 3, 3, 0], [2, 2, 2, 2, 0, 0, 2, 2, 0, 0], [0, 0, 0, 0, 0, 0, 2, 2, 0, 0], [0, 0, 0, 0, 0, 0, 2, 3, 3, 0]], "output": [[0, 0, 3, 3, 0, 0, 0, 0, 0, 0], [0, 0, 0, 3, 0, 0, 0, 0, 0, 0], [0, 0, 0, 3, 0, 0, 0, 0, 0, 0], [0, 0, 3, 3, 0, 0, 0, 0, 0, 0], [0, 0, 0, 0, 0, 0, 0, 0, 0, 0], [0, 3, 3, 0, 0, 0, 0, 0, 0, 0], [3, 3, 3, 3, 0, 0, 3, 3, 3, 0], [3, 3, 3, 3, 0, 0, 3, 3, 0, 0], [0, 0, 0, 0, 0, 0, 3, 3, 0, 0], [0, 0, 0, 0, 0, 0, 3, 3, 3, 0]]}, {"input": [[3, 3, 2, 0, 0, 0, 0, 0, 0, 0], [2, 2, 2, 0, 0, 0, 0, 0, 0, 0], [2, 2, 2, 0, 0, 2, 5, 5, 2, 0], [3, 3, 2, 0, 0, 2, 5, 5, 2, 0], [0, 0, 0, 0, 0, 0, 0, 0, 0, 0], [2, 2, 2, 2, 0, 0, 0, 0, 0, 0], [0, 2, 2, 0, 0, 0, 0, 0, 0, 0], [0, 2, 2, 0, 0, 9, 9, 0, 0, 0], [2, 2, 2, 2, 0, 9, 9, 0, 0, 0], [0, 0, 0, 0, 0, 9, 9, 0, 0, 0]], "output": [[3, 3, 3, 0, 0, 0, 0, 0, 0, 0], [3, 3, 3, 0, 0, 0, 0, 0, 0, 0], [3, 3, 3, 0, 0, 3, 3, 3, 3, 0], [3, 3, 3, 0, 0, 3, 3, 3, 3, 0], [0, 0, 0, 0, 0, 0, 0, 0, 0, 0], [3, 3, 3, 3, 0, 0, 0, 0, 0, 0], [0, 3, 3, 0, 0, 0, 0, 0, 0, 0], [0, 3, 3, 0, 0, 1, 1, 0, 0, 0], [3, 3, 3, 3, 0, 1, 1, 0, 0, 0], [0, 0, 0, 0, 0, 1, 1, 0, 0, 0]]}, {"input": [[0, 0, 0, 0, 0, 0, 0, 0, 0, 0], [0, 0, 0, 0, 0, 0, 0, 0, 0, 0], [0, 3, 3, 0, 0, 8, 0, 8, 0, 0], [3, 3, 3, 3, 0, 8, 2, 8, 0, 0], [0, 3, 3, 0, 0, 0, 0, 0, 0, 0], [0, 0, 0, 0, 0, 0, 0, 0, 0, 0], [0, 0, 0, 0, 0, 0, 0, 3, 3, 0], [0, 0, 0, 2, 2, 0, 0, 3, 3, 0], [0, 0, 2, 2, 2, 2, 0, 0, 0, 0], [0, 0, 2, 2, 2, 2, 0, 0, 0, 0]], "output": [[0, 0, 0, 0, 0, 0, 0, 0, 0, 0], [0, 0, 0, 0, 0, 0, 0, 0, 0, 0], [0, 1, 1, 0, 0, 3, 0, 3, 0, 0], [1, 1, 1, 1, 0, 3, 3, 3, 0, 0], [0, 1, 1, 0, 0, 0, 0, 0, 0, 0], [0, 0, 0, 0, 0, 0, 0, 0, 0, 0], [0, 0, 0, 0, 0, 0, 0, 1, 1, 0], [0, 0, 0, 3, 3, 0, 0, 1, 1, 0], [0, 0, 3, 3, 3, 3, 0, 0, 0, 0], [0, 0, 3, 3, 3, 3, 0, 0, 0, 0]]}, {"input": [[0, 0, 0, 0, 0, 0, 0, 0, 0, 0], [0, 2, 0, 0, 0, 0, 0, 0, 0, 0], [2, 2, 2, 0, 0, 0, 0, 0, 0, 0], [2, 3, 2, 0, 0, 0, 0, 0, 0, 0], [2, 0, 2, 0, 0, 3, 3, 0, 0, 0], [0, 0, 0, 0, 0, 3, 3, 0, 0, 0], [0, 0, 9, 2, 0, 0, 0, 0, 0, 0], [0, 2, 2, 2, 9, 0, 0, 0, 0, 0], [0, 9, 2, 2, 2, 0, 0, 0, 0, 0], [0, 0, 2, 9, 0, 0, 0, 0, 0, 0]], "output": [[0, 0, 0, 0, 0, 0, 0, 0, 0, 0], [0, 3, 0, 0, 0, 0, 0, 0, 0, 0], [3, 3, 3, 0, 0, 0, 0, 0, 0, 0], [3, 3, 3, 0, 0, 0, 0, 0, 0, 0], [3, 0, 3, 0, 0, 1, 1, 0, 0, 0], [0, 0, 0, 0, 0, 1, 1, 0, 0, 0], [0, 0, 3, 3, 0, 0, 0, 0, 0, 0], [0, 3, 3, 3, 3, 0, 0, 0, 0, 0], [0, 3, 3, 3, 3, 0, 0, 0, 0, 0], [0, 0, 3, 3, 0, 0, 0, 0, 0, 0]]}, {"input": [[0, 0, 0, 0, 0, 0, 0, 0, 0, 0], [0, 0, 0, 0, 0, 0, 0, 0, 0, 0], [0, 8, 8, 8, 8, 0, 0, 0, 0, 0], [0, 8, 8, 8, 8, 0, 0, 0, 0, 0], [0, 0, 0, 0, 0, 0, 0, 0, 0, 0], [0, 0, 2, 2, 0, 0, 0, 0, 0, 0], [0, 0, 2, 2, 0, 0, 0, 2, 9, 9], [0, 0, 0, 0, 0, 0, 0, 2, 9, 9], [0, 0, 0, 0, 0, 0, 0, 2, 9, 9], [0, 0, 0, 0, 0, 0, 0, 2, 9, 9]], "output": [[0, 0, 0, 0, 0, 0, 0, 0, 0, 0], [0, 0, 0, 0, 0, 0, 0, 0, 0, 0], [0, 1, 1, 1, 1, 0, 0, 0, 0, 0], [0, 1, 1, 1, 1, 0, 0, 0, 0, 0], [0, 0, 0, 0, 0, 0, 0, 0, 0, 0], [0, 0, 3, 3, 0, 0, 0, 0, 0, 0], [0, 0, 3, 3, 0, 0, 0, 3, 3, 3], [0, 0, 0, 0, 0, 0, 0, 3, 3, 3], [0, 0, 0, 0, 0, 0, 0, 3, 3, 3], [0, 0, 0, 0, 0, 0, 0, 3, 3, 3]]}, {"input": [[0, 0, 0, 0, 0, 2, 2, 0, 0, 0], [0, 0, 0, 0, 0, 2, 2, 0, 0, 0], [0, 0, 0, 0, 0, 0, 0, 0, 0, 0], [0, 0, 0, 0, 0, 0, 0, 0, 0, 0], [0, 0, 0, 0, 0, 0, 0, 0, 0, 0], [0, 0, 0, 0, 0, 0, 0, 0, 0, 0], [0, 0, 0, 0, 2, 2, 2, 0, 2, 5], [0, 0, 0, 0, 2, 0, 2, 0, 0, 5], [0, 0, 0, 0, 2, 2, 2, 0, 0, 5], [0, 0, 0, 0, 0, 0, 0, 0, 2, 5]], "output": [[0, 0, 0, 0, 0, 3, 3, 0, 0, 0], [0, 0, 0, 0, 0, 3, 3, 0, 0, 0], [0, 0, 0, 0, 0, 0, 0, 0, 0, 0], [0, 0, 0, 0, 0, 0, 0, 0, 0, 0], [0, 0, 0, 0, 0, 0, 0, 0, 0, 0], [0, 0, 0, 0, 0, 0, 0, 0, 0, 0], [0, 0, 0, 0, 3, 3, 3, 0, 3, 3], [0, 0, 0, 0, 3, 0, 3, 0, 0, 3], [0, 0, 0, 0, 3, 3, 3, 0, 0, 3], [0, 0, 0, 0, 0, 0, 0, 0, 3, 3]]}, {"input": [[0, 0, 0, 0, 0, 0, 0, 0, 0, 0], [0, 0, 0, 1, 1, 0, 0, 0, 0, 0], [0, 0, 0, 1, 1, 0, 0, 0, 0, 0], [6, 6, 0, 1, 1, 0, 0, 0, 0, 0], [2, 6, 0, 0, 0, 0, 3, 3, 0, 0], [6, 6, 0, 0, 0, 0, 3, 3, 0, 0], [0, 0, 0, 0, 0, 0, 3, 3, 0, 0], [0, 0, 0, 0, 0, 0, 3, 3, 0, 0], [0, 0, 0, 0, 0, 0, 0, 0, 0, 0], [0, 0, 0, 0, 0, 0, 0, 0, 0, 0]], "output": [[0, 0, 0, 0, 0, 0, 0, 0, 0, 0], [0, 0, 0, 1, 1, 0, 0, 0, 0, 0], [0, 0, 0, 1, 1, 0, 0, 0, 0, 0], [3, 3, 0, 1, 1, 0, 0, 0, 0, 0], [3, 3, 0, 0, 0, 0, 1, 1, 0, 0], [3, 3, 0, 0, 0, 0, 1, 1, 0, 0], [0, 0, 0, 0, 0, 0, 1, 1, 0, 0], [0, 0, 0, 0, 0, 0, 1, 1, 0, 0], [0, 0, 0, 0, 0, 0, 0, 0, 0, 0], [0, 0, 0, 0, 0, 0, 0, 0, 0, 0]]}, {"input": [[0, 0, 0, 0, 2, 2, 2, 0, 0, 0], [0, 0, 0, 0, 2, 2, 2, 0, 0, 0], [7, 7, 0, 0, 2, 0, 2, 0, 0, 0], [7, 7, 0, 0, 0, 0, 0, 0, 0, 0], [0, 0, 0, 0, 8, 0, 0, 0, 0, 0], [0, 0, 0, 8, 8, 8, 0, 0, 0, 0], [0, 0, 0, 0, 8, 0, 0, 0, 0, 0], [0, 0, 0, 0, 0, 0, 0, 0, 0, 0], [0, 0, 0, 0, 9, 9, 2, 2, 0, 0], [0, 0, 0, 0, 9, 9, 2, 2, 0, 0]], "output": [[0, 0, 0, 0, 3, 3, 3, 0, 0, 0], [0, 0, 0, 0, 3, 3, 3, 0, 0, 0], [1, 1, 0, 0, 3, 0, 3, 0, 0, 0], [1, 1, 0, 0, 0, 0, 0, 0, 0, 0], [0, 0, 0, 0, 1, 0, 0, 0, 0, 0], [0, 0, 0, 1, 1, 1, 0, 0, 0, 0], [0, 0, 0, 0, 1, 0, 0, 0, 0, 0], [0, 0, 0, 0, 0, 0, 0, 0, 0, 0], [0, 0, 0, 0, 3, 3, 3, 3, 0, 0], [0, 0, 0, 0, 3, 3, 3, 3, 0, 0]]}, {"input": [[0, 0, 0, 6, 2, 2, 6, 0, 0, 0], [0, 0, 0, 6, 2, 2, 6, 0, 0, 0], [0, 0, 0, 0, 0, 0, 0, 0, 0, 0], [0, 2, 2, 2, 2, 0, 0, 0, 3, 3], [0, 5, 5, 5, 5, 0, 0, 0, 3, 2], [0, 0, 0, 0, 0, 0, 0, 0, 3, 2], [9, 9, 9, 9, 0, 0, 0, 0, 3, 3], [0, 0, 9, 0, 0, 0, 0, 0, 0, 0], [9, 9, 9, 9, 0, 0, 5, 5, 0, 0], [0, 0, 0, 0, 0, 0, 5, 5, 0, 0]], "output": [[0, 0, 0, 3, 3, 3, 3, 0, 0, 0], [0, 0, 0, 3, 3, 3, 3, 0, 0, 0], [0, 0, 0, 0, 0, 0, 0, 0, 0, 0], [0, 3, 3, 3, 3, 0, 0, 0, 3, 3], [0, 3, 3, 3, 3, 0, 0, 0, 3, 3], [0, 0, 0, 0, 0, 0, 0, 0, 3, 3], [1, 1, 1, 1, 0, 0, 0, 0, 3, 3], [0, 0, 1, 0, 0, 0, 0, 0, 0, 0], [1, 1, 1, 1, 0, 0, 1, 1, 0, 0], [0, 0, 0, 0, 0, 0, 1, 1, 0, 0]]}, {"input": [[0, 0, 0, 0, 7, 0, 0, 0, 0, 0], [0, 0, 0, 7, 7, 7, 0, 0, 0, 0], [0, 0, 0, 0, 7, 0, 0, 0, 0, 0], [0, 0, 0, 0, 0, 0, 8, 2, 2, 8], [0, 0, 0, 0, 0, 0, 8, 2, 2, 8], [2, 2, 2, 0, 0, 0, 0, 0, 0, 0], [2, 0, 2, 0, 0, 1, 1, 2, 0, 0], [0, 0, 0, 0, 0, 1, 1, 2, 0, 0], [0, 1, 1, 1, 0, 0, 0, 0, 0, 0], [0, 1, 1, 1, 0, 0, 0, 0, 0, 0]], "output": [[0, 0, 0, 0, 1, 0, 0, 0, 0, 0], [0, 0, 0, 1, 1, 1, 0, 0, 0, 0], [0, 0, 0, 0, 1, 0, 0, 0, 0, 0], [0, 0, 0, 0, 0, 0, 3, 3, 3, 3], [0, 0, 0, 0, 0, 0, 3, 3, 3, 3], [3, 3, 3, 0, 0, 0, 0, 0, 0, 0], [3, 0, 3, 0, 0, 3, 3, 3, 0, 0], [0, 0, 0, 0, 0, 3, 3, 3, 0, 0], [0, 1, 1, 1, 0, 0, 0, 0, 0, 0], [0, 1, 1, 1, 0, 0, 0, 0, 0, 0]]}, {"input": [[0, 0, 0, 0, 0, 0, 0, 0, 0, 0], [0, 0, 0, 0, 0, 0, 0, 2, 0, 0], [0, 0, 0, 2, 2, 0, 8, 2, 0, 0], [0, 0, 0, 2, 2, 0, 8, 2, 0, 0], [0, 0, 0, 0, 0, 0, 0, 2, 0, 0], [0, 0, 0, 0, 0, 0, 0, 0, 0, 0], [2, 2, 2, 0, 0, 8, 8, 0, 0, 0], [4, 4, 4, 0, 8, 8, 8, 8, 0, 0], [4, 4, 4, 0, 8, 8, 8, 8, 0, 0], [2, 2, 2, 0, 0, 8, 8, 0, 0, 0]], "output": [[0, 0, 0, 0, 0, 0, 0, 0, 0, 0], [0, 0, 0, 0, 0, 0, 0, 3, 0, 0], [0, 0, 0, 3, 3, 0, 3, 3, 0, 0], [0, 0, 0, 3, 3, 0, 3, 3, 0, 0], [0, 0, 0, 0, 0, 0, 0, 3, 0, 0], [0, 0, 0, 0, 0, 0, 0, 0, 0, 0], [3, 3, 3, 0, 0, 1, 1, 0, 0, 0], [3, 3, 3, 0, 1, 1, 1, 1, 0, 0], [3, 3, 3, 0, 1, 1, 1, 1, 0, 0], [3, 3, 3, 0, 0, 1, 1, 0, 0, 0]]}, {"input": [[0, 0, 0, 0, 0, 0, 0, 0, 2, 2], [0, 1, 0, 1, 0, 0, 0, 7, 2, 2], [0, 2, 1, 2, 0, 0, 0, 0, 2, 0], [0, 2, 1, 2, 0, 0, 2, 2, 2, 0], [0, 0, 0, 0, 0, 0, 0, 0, 0, 0], [0, 0, 0, 2, 5, 0, 0, 0, 0, 0], [0, 0, 2, 2, 2, 5, 0, 0, 7, 7], [0, 0, 2, 2, 2, 5, 0, 0, 7, 7], [0, 0, 0, 2, 5, 0, 0, 0, 7, 7], [0, 0, 0, 0, 0, 0, 0, 0, 7, 7]], "output": [[0, 0, 0, 0, 0, 0, 0, 0, 3, 3], [0, 3, 0, 3, 0, 0, 0, 3, 3, 3], [0, 3, 3, 3, 0, 0, 0, 0, 3, 0], [0, 3, 3, 3, 0, 0, 3, 3, 3, 0], [0, 0, 0, 0, 0, 0, 0, 0, 0, 0], [0, 0, 0, 3, 3, 0, 0, 0, 0, 0], [0, 0, 3, 3, 3, 3, 0, 0, 1, 1], [0, 0, 3, 3, 3, 3, 0, 0, 1, 1], [0, 0, 0, 3, 3, 0, 0, 0, 1, 1], [0, 0, 0, 0, 0, 0, 0, 0, 1, 1]]}, {"input": [[0, 0, 0, 0, 0, 0, 0, 0, 9, 2], [0, 0, 2, 2, 2, 0, 2, 2, 2, 2], [0, 0, 2, 0, 2, 0, 0, 0, 9, 2], [0, 0, 2, 0, 2, 0, 0, 0, 0, 0], [0, 0, 2, 0, 2, 0, 0, 0, 0, 0], [0, 0, 0, 0, 0, 0, 0, 1, 2, 0], [0, 0, 0, 0, 0, 0, 0, 1, 1, 0], [0, 0, 0, 0, 2, 0, 0, 1, 1, 0], [0, 0, 9, 2, 2, 2, 0, 1, 2, 0], [0, 0, 9, 0, 0, 0, 0, 0, 0, 0]], "output": [[0, 0, 0, 0, 0, 0, 0, 0, 3, 3], [0, 0, 3, 3, 3, 0, 3, 3, 3, 3], [0, 0, 3, 0, 3, 0, 0, 0, 3, 3], [0, 0, 3, 0, 3, 0, 0, 0, 0, 0], [0, 0, 3, 0, 3, 0, 0, 0, 0, 0], [0, 0, 0, 0, 0, 0, 0, 3, 3, 0], [0, 0, 0, 0, 0, 0, 0, 3, 3, 0], [0, 0, 0, 0, 3, 0, 0, 3, 3, 0], [0, 0, 3, 3, 3, 3, 0, 3, 3, 0], [0, 0, 3, 0, 0, 0, 0, 0, 0, 0]]}, {"input": [[0, 0, 0, 2, 2, 2, 0, 0, 0, 0], [0, 0, 0, 2, 2, 7, 0, 0, 8, 8], [0, 0, 0, 2, 2, 7, 0, 0, 8, 8], [0, 0, 0, 2, 2, 2, 0, 0, 2, 2], [0, 0, 0, 0, 0, 0, 0, 0, 0, 0], [0, 0, 0, 7, 0, 0, 0, 0, 0, 0], [0, 0, 0, 7, 0, 0, 0, 0, 1, 0], [0, 0, 0, 2, 0, 0, 1, 1, 1, 0], [0, 0, 0, 2, 2, 0, 0, 1, 1, 1], [0, 0, 0, 0, 0, 0, 0, 1, 0, 0]], "output": [[0, 0, 0, 3, 3, 3, 0, 0, 0, 0], [0, 0, 0, 3, 3, 3, 0, 0, 3, 3], [0, 0, 0, 3, 3, 3, 0, 0, 3, 3], [0, 0, 0, 3, 3, 3, 0, 0, 3, 3], [0, 0, 0, 0, 0, 0, 0, 0, 0, 0], [0, 0, 0, 3, 0, 0, 0, 0, 0, 0], [0, 0, 0, 3, 0, 0, 0, 0, 1, 0], [0, 0, 0, 3, 0, 0, 1, 1, 1, 0], [0, 0, 0, 3, 3, 0, 0, 1, 1, 1], [0, 0, 0, 0, 0, 0, 0, 1, 0, 0]]}, {"input": [[0, 0, 0, 0, 0, 9, 0, 0, 0, 0], [0, 0, 0, 0, 0, 9, 2, 0, 0, 0], [0, 0, 0, 0, 0, 9, 9, 2, 0, 0], [0, 0, 0, 0, 0, 0, 9, 9, 9, 0], [2, 2, 2, 2, 0, 0, 0, 0, 0, 0], [0, 0, 2, 2, 0, 0, 0, 0, 0, 0], [2, 2, 2, 2, 0, 0, 0, 0, 0, 0], [0, 0, 0, 0, 0, 2, 0, 0, 0, 0], [0, 0, 0, 0, 2, 2, 2, 0, 0, 0], [0, 0, 0, 0, 0, 2, 0, 0, 0, 0]], "output": [[0, 0, 0, 0, 0, 3, 0, 0, 0, 0], [0, 0, 0, 0, 0, 3, 3, 0, 0, 0], [0, 0, 0, 0, 0, 3, 3, 3, 0, 0], [0, 0, 0, 0, 0, 0, 3, 3, 3, 0], [3, 3, 3, 3, 0, 0, 0, 0, 0, 0], [0, 0, 3, 3, 0, 0, 0, 0, 0, 0], [3, 3, 3, 3, 0, 0, 0, 0, 0, 0], [0, 0, 0, 0, 0, 3, 0, 0, 0, 0], [0, 0, 0, 0, 3, 3, 3, 0, 0, 0], [0, 0, 0, 0, 0, 3, 0, 0, 0, 0]]}, {"input": [[0, 0, 0, 2, 2, 0, 0, 0, 0, 0], [9, 9, 0, 2, 2, 0, 0, 0, 0, 0], [2, 9, 0, 0, 0, 0, 0, 0, 0, 0], [2, 9, 0, 0, 0, 0, 0, 0, 0, 0], [9, 9, 0, 0, 0, 0, 0, 0, 0, 0], [0, 0, 0, 0, 0, 0, 0, 0, 0, 0], [0, 0, 0, 0, 0, 2, 2, 2, 0, 0], [2, 0, 0, 0, 0, 0, 2, 0, 0, 0], [2, 0, 0, 0, 0, 0, 0, 0, 0, 0], [2, 4, 0, 0, 0, 0, 0, 0, 0, 0]], "output": [[0, 0, 0, 3, 3, 0, 0, 0, 0, 0], [3, 3, 0, 3, 3, 0, 0, 0, 0, 0], [3, 3, 0, 0, 0, 0, 0, 0, 0, 0], [3, 3, 0, 0, 0, 0, 0, 0, 0, 0], [3, 3, 0, 0, 0, 0, 0, 0, 0, 0], [0, 0, 0, 0, 0, 0, 0, 0, 0, 0], [0, 0, 0, 0, 0, 3, 3, 3, 0, 0], [3, 0, 0, 0, 0, 0, 3, 0, 0, 0], [3, 0, 0, 0, 0, 0, 0, 0, 0, 0], [3, 3, 0, 0, 0, 0, 0, 0, 0, 0]]}, {"input": [[0, 0, 0, 0, 0, 0, 0, 8, 8, 0], [0, 1, 0, 0, 0, 0, 0, 8, 8, 0], [1, 1, 0, 0, 0, 0, 0, 0, 0, 0], [1, 1, 0, 0, 0, 0, 0, 0, 0, 0], [0, 1, 0, 0, 0, 0, 0, 0, 0, 0], [0, 0, 0, 0, 0, 0, 0, 0, 0, 0], [0, 0, 0, 0, 0, 0, 0, 0, 0, 0], [0, 0, 0, 0, 5, 0, 0, 0, 0, 0], [0, 0, 0, 5, 5, 5, 0, 0, 0, 0], [0, 0, 0, 0, 5, 0, 0, 0, 0, 0]], "output": [[0, 0, 0, 0, 0, 0, 0, 1, 1, 0], [0, 1, 0, 0, 0, 0, 0, 1, 1, 0], [1, 1, 0, 0, 0, 0, 0, 0, 0, 0], [1, 1, 0, 0, 0, 0, 0, 0, 0, 0], [0, 1, 0, 0, 0, 0, 0, 0, 0, 0], [0, 0, 0, 0, 0, 0, 0, 0, 0, 0], [0, 0, 0, 0, 0, 0, 0, 0, 0, 0], [0, 0, 0, 0, 1, 0, 0, 0, 0, 0], [0, 0, 0, 1, 1, 1, 0, 0, 0, 0], [0, 0, 0, 0, 1, 0, 0, 0, 0, 0]]}, {"input": [[0, 0, 0, 0, 0, 0, 0, 0, 0, 0], [2, 2, 2, 2, 0, 0, 0, 0, 0, 0], [2, 2, 2, 2, 0, 0, 0, 0, 0, 0], [0, 0, 0, 0, 0, 0, 1, 0, 0, 0], [0, 0, 0, 0, 0, 0, 1, 1, 1, 0], [8, 8, 0, 0, 0, 1, 1, 1, 0, 0], [8, 8, 0, 0, 0, 0, 0, 1, 0, 0], [8, 8, 0, 0, 0, 0, 0, 0, 0, 0], [8, 8, 0, 0, 0, 0, 0, 0, 0, 0], [0, 0, 0, 0, 0, 0, 0, 0, 0, 0]], "output": [[0, 0, 0, 0, 0, 0, 0, 0, 0, 0], [3, 3, 3, 3, 0, 0, 0, 0, 0, 0], [3, 3, 3, 3, 0, 0, 0, 0, 0, 0], [0, 0, 0, 0, 0, 0, 1, 0, 0, 0], [0, 0, 0, 0, 0, 0, 1, 1, 1, 0], [1, 1, 0, 0, 0, 1, 1, 1, 0, 0], [1, 1, 0, 0, 0, 0, 0, 1, 0, 0], [1, 1, 0, 0, 0, 0, 0, 0, 0, 0], [1, 1, 0, 0, 0, 0, 0, 0, 0, 0], [0, 0, 0, 0, 0, 0, 0, 0, 0, 0]]}, {"input": [[0, 0, 0, 0, 0, 0, 0, 0, 0, 0], [0, 0, 5, 0, 0, 0, 0, 0, 0, 0], [0, 5, 5, 5, 0, 0, 2, 2, 0, 0], [0, 0, 5, 0, 0, 0, 2, 4, 0, 0], [0, 0, 0, 0, 0, 0, 2, 2, 4, 2], [2, 2, 2, 2, 0, 0, 0, 2, 2, 2], [2, 0, 2, 2, 0, 0, 0, 0, 0, 0], [2, 0, 0, 2, 0, 0, 0, 0, 0, 0], [2, 0, 0, 0, 0, 0, 0, 0, 0, 0], [0, 0, 0, 0, 0, 0, 0, 0, 0, 0]], "output": [[0, 0, 0, 0, 0, 0, 0, 0, 0, 0], [0, 0, 1, 0, 0, 0, 0, 0, 0, 0], [0, 1, 1, 1, 0, 0, 3, 3, 0, 0], [0, 0, 1, 0, 0, 0, 3, 3, 0, 0], [0, 0, 0, 0, 0, 0, 3, 3, 3, 3], [3, 3, 3, 3, 0, 0, 0, 3, 3, 3], [3, 0, 3, 3, 0, 0, 0, 0, 0, 0], [3, 0, 0, 3, 0, 0, 0, 0, 0, 0], [3, 0, 0, 0, 0, 0, 0, 0, 0, 0], [0, 0, 0, 0, 0, 0, 0, 0, 0, 0]]}, {"input": [[0, 0, 0, 0, 0, 3, 3, 0, 0, 0], [0, 0, 0, 0, 0, 3, 3, 0, 0, 0], [2, 0, 2, 0, 0, 3, 3, 0, 2, 2], [2, 2, 2, 0, 0, 3, 3, 0, 2, 2], [2, 0, 2, 0, 0, 0, 0, 0, 2, 2], [0, 0, 0, 0, 0, 0, 0, 0, 0, 0], [0, 0, 0, 0, 0, 0, 0, 4, 0, 4], [0, 0, 0, 4, 2, 4, 0, 4, 4, 4], [0, 0, 2, 2, 2, 0, 0, 0, 0, 0], [0, 0, 0, 4, 2, 4, 0, 0, 0, 0]], "output": [[0, 0, 0, 0, 0, 1, 1, 0, 0, 0], [0, 0, 0, 0, 0, 1, 1, 0, 0, 0], [3, 0, 3, 0, 0, 1, 1, 0, 3, 3], [3, 3, 3, 0, 0, 1, 1, 0, 3, 3], [3, 0, 3, 0, 0, 0, 0, 0, 3, 3], [0, 0, 0, 0, 0, 0, 0, 0, 0, 0], [0, 0, 0, 0, 0, 0, 0, 1, 0, 1], [0, 0, 0, 3, 3, 3, 0, 1, 1, 1], [0, 0, 3, 3, 3, 0, 0, 0, 0, 0], [0, 0, 0, 3, 3, 3, 0, 0, 0, 0]]}, {"input": [[0, 0, 0, 0, 0, 0, 0, 0, 0, 0], [0, 2, 2, 0, 0, 0, 0, 0, 0, 0], [2, 2, 2, 2, 0, 0, 0, 0, 0, 0], [2, 2, 2, 2, 0, 0, 0, 2, 0, 0], [0, 2, 2, 0, 0, 2, 2, 2, 0, 0], [0, 0, 0, 0, 0, 0, 2, 2, 2, 0], [2, 2, 2, 2, 0, 0, 2, 0, 0, 0], [0, 0, 2, 2, 0, 0, 0, 0, 0, 0], [2, 2, 2, 2, 0, 0, 0, 0, 0, 0], [0, 0, 0, 0, 0, 0, 0, 0, 0, 0]], "output": [[0, 0, 0, 0, 0, 0, 0, 0, 0, 0], [0, 3, 3, 0, 0, 0, 0, 0, 0, 0], [3, 3, 3, 3, 0, 0, 0, 0, 0, 0], [3, 3, 3, 3, 0, 0, 0, 3, 0, 0], [0, 3, 3, 0, 0, 3, 3, 3, 0, 0], [0, 0, 0, 0, 0, 0, 3, 3, 3, 0], [3, 3, 3, 3, 0, 0, 3, 0, 0, 0], [0, 0, 3, 3, 0, 0, 0, 0, 0, 0], [3, 3, 3, 3, 0, 0, 0, 0, 0, 0], [0, 0, 0, 0, 0, 0, 0, 0, 0, 0]]}, {"input": [[0, 0, 0, 0, 0, 0, 0, 0, 0, 0], [0, 0, 0, 0, 0, 0, 0, 0, 0, 0], [0, 0, 0, 0, 0, 0, 4, 4, 4, 0], [0, 0, 0, 0, 0, 0, 4, 4, 4, 0], [0, 8, 8, 0, 0, 0, 0, 0, 0, 0], [0, 8, 2, 2, 0, 2, 2, 2, 2, 0], [0, 8, 8, 0, 0, 0, 5, 5, 0, 0], [0, 0, 0, 0, 0, 0, 0, 0, 0, 0], [0, 0, 0, 0, 0, 0, 0, 0, 0, 0], [0, 0, 0, 0, 0, 0, 0, 0, 0, 0]], "output": [[0, 0, 0, 0, 0, 0, 0, 0, 0, 0], [0, 0, 0, 0, 0, 0, 0, 0, 0, 0], [0, 0, 0, 0, 0, 0, 1, 1, 1, 0], [0, 0, 0, 0, 0, 0, 1, 1, 1, 0], [0, 3, 3, 0, 0, 0, 0, 0, 0, 0], [0, 3, 3, 3, 0, 3, 3, 3, 3, 0], [0, 3, 3, 0, 0, 0, 3, 3, 0, 0], [0, 0, 0, 0, 0, 0, 0, 0, 0, 0], [0, 0, 0, 0, 0, 0, 0, 0, 0, 0], [0, 0, 0, 0, 0, 0, 0, 0, 0, 0]]}, {"input": [[0, 0, 0, 0, 0, 0, 0, 0, 0, 0], [0, 0, 0, 0, 0, 0, 0, 0, 0, 0], [0, 0, 0, 0, 0, 0, 0, 0, 0, 0], [0, 0, 0, 0, 2, 2, 0, 4, 4, 0], [0, 0, 0, 0, 9, 9, 0, 4, 4, 0], [0, 0, 0, 0, 0, 0, 0, 4, 4, 0], [0, 0, 0, 0, 0, 4, 0, 0, 0, 0], [0, 0, 0, 0, 0, 4, 0, 0, 0, 0], [0, 0, 0, 0, 4, 4, 4, 0, 0, 0], [0, 0, 0, 0, 4, 4, 4, 0, 0, 0]], "output": [[0, 0, 0, 0, 0, 0, 0, 0, 0, 0], [0, 0, 0, 0, 0, 0, 0, 0, 0, 0], [0, 0, 0, 0, 0, 0, 0, 0, 0, 0], [0, 0, 0, 0, 3, 3, 0, 1, 1, 0], [0, 0, 0, 0, 3, 3, 0, 1, 1, 0], [0, 0, 0, 0, 0, 0, 0, 1, 1, 0], [0, 0, 0, 0, 0, 1, 0, 0, 0, 0], [0, 0, 0, 0, 0, 1, 0, 0, 0, 0], [0, 0, 0, 0, 1, 1, 1, 0, 0, 0], [0, 0, 0, 0, 1, 1, 1, 0, 0, 0]]}, {"input": [[0, 0, 7, 7, 7, 7, 0, 0, 0, 0], [0, 0, 7, 7, 7, 2, 0, 0, 0, 0], [0, 0, 7, 7, 7, 2, 0, 0, 0, 0], [0, 0, 7, 2, 2, 2, 0, 0, 0, 0], [0, 0, 0, 0, 0, 0, 0, 0, 0, 0], [0, 0, 0, 0, 0, 0, 0, 0, 0, 0], [0, 2, 2, 2, 2, 0, 0, 0, 0, 0], [0, 2, 2, 2, 2, 0, 0, 2, 2, 9], [0, 0, 0, 0, 0, 0, 0, 0, 2, 0], [0, 0, 0, 0, 0, 0, 0, 0, 0, 0]], "output": [[0, 0, 3, 3, 3, 3, 0, 0, 0, 0], [0, 0, 3, 3, 3, 3, 0, 0, 0, 0], [0, 0, 3, 3, 3, 3, 0, 0, 0, 0], [0, 0, 3, 3, 3, 3, 0, 0, 0, 0], [0, 0, 0, 0, 0, 0, 0, 0, 0, 0], [0, 0, 0, 0, 0, 0, 0, 0, 0, 0], [0, 3, 3, 3, 3, 0, 0, 0, 0, 0], [0, 3, 3, 3, 3, 0, 0, 3, 3, 3], [0, 0, 0, 0, 0, 0, 0, 0, 3, 0], [0, 0, 0, 0, 0, 0, 0, 0, 0, 0]]}, {"input": [[0, 0, 0, 0, 0, 0, 0, 0, 0, 0], [0, 0, 0, 0, 0, 0, 0, 0, 0, 0], [0, 0, 0, 7, 7, 7, 0, 0, 2, 2], [0, 0, 0, 7, 7, 7, 0, 6, 6, 6], [0, 0, 0, 7, 0, 7, 0, 6, 6, 6], [0, 0, 0, 7, 0, 7, 0, 0, 2, 2], [0, 0, 0, 0, 0, 0, 0, 0, 0, 0], [0, 0, 0, 0, 0, 2, 2, 2, 0, 0], [0, 0, 0, 0, 0, 2, 8, 2, 0, 0], [0, 0, 0, 0, 0, 8, 0, 8, 0, 0]], "output": [[0, 0, 0, 0, 0, 0, 0, 0, 0, 0], [0, 0, 0, 0, 0, 0, 0, 0, 0, 0], [0, 0, 0, 1, 1, 1, 0, 0, 3, 3], [0, 0, 0, 1, 1, 1, 0, 3, 3, 3], [0, 0, 0, 1, 0, 1, 0, 3, 3, 3], [0, 0, 0, 1, 0, 1, 0, 0, 3, 3], [0, 0, 0, 0, 0, 0, 0, 0, 0, 0], [0, 0, 0, 0, 0, 3, 3, 3, 0, 0], [0, 0, 0, 0, 0, 3, 3, 3, 0, 0], [0, 0, 0, 0, 0, 3, 0, 3, 0, 0]]}, {"input": [[0, 0, 0, 0, 0, 0, 0, 0, 0, 0], [0, 0, 0, 0, 0, 0, 0, 0, 0, 0], [0, 0, 0, 0, 0, 0, 0, 0, 0, 0], [2, 2, 0, 0, 0, 0, 0, 0, 0, 0], [4, 2, 0, 0, 0, 0, 4, 4, 0, 0], [4, 2, 0, 0, 0, 0, 4, 4, 0, 0], [2, 2, 0, 0, 0, 0, 0, 0, 0, 0], [0, 0, 0, 7, 7, 2, 0, 0, 0, 0], [0, 0, 0, 0, 7, 7, 7, 0, 0, 0], [0, 0, 0, 7, 7, 2, 0, 0, 0, 0]], "output": [[0, 0, 0, 0, 0, 0, 0, 0, 0, 0], [0, 0, 0, 0, 0, 0, 0, 0, 0, 0], [0, 0, 0, 0, 0, 0, 0, 0, 0, 0], [3, 3, 0, 0, 0, 0, 0, 0, 0, 0], [3, 3, 0, 0, 0, 0, 1, 1, 0, 0], [3, 3, 0, 0, 0, 0, 1, 1, 0, 0], [3, 3, 0, 0, 0, 0, 0, 0, 0, 0], [0, 0, 0, 3, 3, 3, 0, 0, 0, 0], [0, 0, 0, 0, 3, 3, 3, 0, 0, 0], [0, 0, 0, 3, 3, 3, 0, 0, 0, 0]]}, {"input": [[4, 2, 2, 0, 0, 0, 0, 0, 0, 0], [4, 4, 0, 0, 0, 0, 0, 9, 9, 0], [4, 2, 2, 0, 0, 0, 0, 9, 9, 0], [0, 0, 0, 0, 7, 7, 0, 9, 9, 0], [0, 0, 0, 0, 2, 2, 0, 0, 0, 0], [0, 0, 0, 7, 2, 2, 7, 0, 0, 0], [0, 0, 0, 7, 2, 2, 7, 0, 0, 0], [0, 0, 0, 0, 0, 0, 0, 0, 0, 0], [0, 0, 0, 0, 0, 2, 9, 9, 2, 0], [0, 0, 0, 0, 0, 2, 9, 9, 2, 0]], "output": [[3, 3, 3, 0, 0, 0, 0, 0, 0, 0], [3, 3, 0, 0, 0, 0, 0, 1, 1, 0], [3, 3, 3, 0, 0, 0, 0, 1, 1, 0], [0, 0, 0, 0, 3, 3, 0, 1, 1, 0], [0, 0, 0, 0, 3, 3, 0, 0, 0, 0], [0, 0, 0, 3, 3, 3, 3, 0, 0, 0], [0, 0, 0, 3, 3, 3, 3, 0, 0, 0], [0, 0, 0, 0, 0, 0, 0, 0, 0, 0], [0, 0, 0, 0, 0, 3, 3, 3, 3, 0], [0, 0, 0, 0, 0, 3, 3, 3, 3, 0]]}, {"input": [[0, 0, 0, 0, 0, 0, 0, 0, 0, 0], [0, 2, 2, 2, 0, 0, 0, 0, 0, 0], [0, 0, 2, 2, 2, 0, 0, 0, 0, 0], [0, 0, 0, 2, 2, 0, 0, 0, 0, 0], [0, 0, 0, 0, 2, 0, 4, 4, 0, 0], [0, 0, 0, 0, 0, 0, 4, 4, 0, 0], [0, 2, 2, 6, 6, 0, 0, 0, 0, 0], [0, 2, 2, 0, 0, 0, 0, 2, 2, 0], [0, 2, 2, 6, 6, 0, 0, 0, 1, 0], [0, 0, 0, 0, 0, 0, 0, 2, 2, 0]], "output": [[0, 0, 0, 0, 0, 0, 0, 0, 0, 0], [0, 3, 3, 3, 0, 0, 0, 0, 0, 0], [0, 0, 3, 3, 3, 0, 0, 0, 0, 0], [0, 0, 0, 3, 3, 0, 0, 0, 0, 0], [0, 0, 0, 0, 3, 0, 1, 1, 0, 0], [0, 0, 0, 0, 0, 0, 1, 1, 0, 0], [0, 3, 3, 3, 3, 0, 0, 0, 0, 0], [0, 3, 3, 0, 0, 0, 0, 3, 3, 0], [0, 3, 3, 3, 3, 0, 0, 0, 3, 0], [0, 0, 0, 0, 0, 0, 0, 3, 3, 0]]}, {"input": [[0, 0, 0, 0, 0, 0, 0, 0, 0, 0], [0, 0, 0, 0, 3, 2, 3, 0, 0, 0], [0, 0, 0, 0, 0, 2, 0, 0, 0, 0], [0, 0, 0, 0, 0, 0, 0, 2, 2, 0], [0, 0, 0, 0, 0, 0, 0, 2, 2, 0], [0, 0, 9, 2, 2, 9, 0, 0, 0, 0], [0, 0, 2, 2, 2, 2, 0, 0, 0, 0], [0, 0, 9, 2, 2, 9, 0, 0, 0, 0], [0, 0, 9, 9, 9, 9, 0, 0, 0, 0], [0, 0, 0, 0, 0, 0, 0, 0, 0, 0]], "output": [[0, 0, 0, 0, 0, 0, 0, 0, 0, 0], [0, 0, 0, 0, 3, 3, 3, 0, 0, 0], [0, 0, 0, 0, 0, 3, 0, 0, 0, 0], [0, 0, 0, 0, 0, 0, 0, 3, 3, 0], [0, 0, 0, 0, 0, 0, 0, 3, 3, 0], [0, 0, 3, 3, 3, 3, 0, 0, 0, 0], [0, 0, 3, 3, 3, 3, 0, 0, 0, 0], [0, 0, 3, 3, 3, 3, 0, 0, 0, 0], [0, 0, 3, 3, 3, 3, 0, 0, 0, 0], [0, 0, 0, 0, 0, 0, 0, 0, 0, 0]]}, {"input": [[0, 0, 0, 0, 0, 0, 0, 0, 3, 2], [0, 0, 0, 0, 0, 0, 0, 0, 2, 2], [0, 0, 0, 0, 0, 0, 0, 0, 3, 2], [0, 0, 0, 0, 0, 0, 0, 0, 0, 0], [0, 0, 0, 0, 0, 3, 0, 0, 3, 0], [0, 3, 0, 0, 0, 3, 3, 3, 3, 0], [3, 2, 2, 0, 0, 3, 3, 3, 3, 0], [0, 2, 2, 0, 0, 0, 0, 0, 0, 0], [0, 0, 0, 0, 0, 0, 0, 0, 0, 0], [0, 0, 0, 0, 0, 0, 0, 0, 0, 0]], "output": [[0, 0, 0, 0, 0, 0, 0, 0, 3, 3], [0, 0, 0, 0, 0, 0, 0, 0, 3, 3], [0, 0, 0, 0, 0, 0, 0, 0, 3, 3], [0, 0, 0, 0, 0, 0, 0, 0, 0, 0], [0, 0, 0, 0, 0, 1, 0, 0, 1, 0], [0, 3, 0, 0, 0, 1, 1, 1, 1, 0], [3, 3, 3, 0, 0, 1, 1, 1, 1, 0], [0, 3, 3, 0, 0, 0, 0, 0, 0, 0], [0, 0, 0, 0, 0, 0, 0, 0, 0, 0], [0, 0, 0, 0, 0, 0, 0, 0, 0, 0]]}], "test": [{"input": [[0, 0, 0, 0, 0, 0, 0, 0, 0, 0], [0, 0, 0, 0, 0, 0, 0, 0, 0, 0], [0, 6, 0, 0, 6, 0, 0, 0, 0, 0], [0, 6, 6, 6, 6, 0, 0, 0, 0, 0], [0, 6, 0, 0, 6, 0, 0, 0, 0, 0], [0, 0, 0, 0, 0, 0, 0, 0, 0, 0], [0, 0, 0, 2, 2, 0, 0, 0, 0, 0], [0, 0, 0, 4, 2, 0, 0, 2, 2, 2], [0, 0, 0, 4, 2, 0, 0, 4, 4, 4], [0, 0, 0, 2, 2, 0, 0, 4, 0, 4]], "output": [[0, 0, 0, 0, 0, 0, 0, 0, 0, 0], [0, 0, 0, 0, 0, 0, 0, 0, 0, 0], [0, 1, 0, 0, 1, 0, 0, 0, 0, 0], [0, 1, 1, 1, 1, 0, 0, 0, 0, 0], [0, 1, 0, 0, 1, 0, 0, 0, 0, 0], [0, 0, 0, 0, 0, 0, 0, 0, 0, 0], [0, 0, 0, 3, 3, 0, 0, 0, 0, 0], [0, 0, 0, 3, 3, 0, 0, 3, 3, 3], [0, 0, 0, 3, 3, 0, 0, 3, 3, 3], [0, 0, 0, 3, 3, 0, 0, 3, 0, 3]]}, {"input": [[0, 0, 0, 0, 0, 0, 0, 0, 0, 0], [0, 2, 0, 0, 0, 2, 7, 0, 0, 0], [2, 7, 2, 0, 0, 2, 2, 0, 0, 0], [0, 2, 0, 0, 0, 2, 7, 0, 0, 0], [0, 0, 0, 0, 0, 0, 0, 0, 0, 0], [0, 0, 2, 2, 2, 0, 0, 0, 0, 0], [0, 0, 0, 8, 2, 0, 0, 0, 0, 0], [0, 0, 2, 2, 2, 0, 0, 0, 0, 0], [0, 0, 0, 0, 0, 0, 0, 4, 2, 4], [0, 0, 0, 0, 0, 0, 0, 4, 2, 4]], "output": [[0, 0, 0, 0, 0, 0, 0, 0, 0, 0], [0, 3, 0, 0, 0, 3, 3, 0, 0, 0], [3, 3, 3, 0, 0, 3, 3, 0, 0, 0], [0, 3, 0, 0, 0, 3, 3, 0, 0, 0], [0, 0, 0, 0, 0, 0, 0, 0, 0, 0], [0, 0, 3, 3, 3, 0, 0, 0, 0, 0], [0, 0, 0, 3, 3, 0, 0, 0, 0, 0], [0, 0, 3, 3, 3, 0, 0, 0, 0, 0], [0, 0, 0, 0, 0, 0, 0, 3, 3, 3], [0, 0, 0, 0, 0, 0, 0, 3, 3, 3]]}, {"input": [[0, 1, 1, 2, 0, 0, 0, 0, 0, 0], [0, 1, 1, 1, 0, 0, 0, 0, 0, 0], [0, 1, 1, 1, 0, 0, 0, 0, 0, 0], [0, 1, 1, 2, 0, 0, 0, 0, 0, 0], [0, 0, 0, 0, 0, 0, 8, 8, 8, 8], [2, 2, 0, 0, 0, 0, 8, 8, 8, 8], [4, 4, 0, 0, 0, 0, 0, 0, 0, 0], [2, 2, 0, 0, 0, 0, 0, 0, 0, 0], [0, 0, 0, 0, 0, 0, 0, 0, 0, 0], [0, 0, 0, 0, 0, 0, 0, 0, 0, 0]], "output": [[0, 3, 3, 3, 0, 0, 0, 0, 0, 0], [0, 3, 3, 3, 0, 0, 0, 0, 0, 0], [0, 3, 3, 3, 0, 0, 0, 0, 0, 0], [0, 3, 3, 3, 0, 0, 0, 0, 0, 0], [0, 0, 0, 0, 0, 0, 1, 1, 1, 1], [3, 3, 0, 0, 0, 0, 1, 1, 1, 1], [3, 3, 0, 0, 0, 0, 0, 0, 0, 0], [3, 3, 0, 0, 0, 0, 0, 0, 0, 0], [0, 0, 0, 0, 0, 0, 0, 0, 0, 0], [0, 0, 0, 0, 0, 0, 0, 0, 0, 0]]}]}