{"train": [{"input": [[0, 0, 0], [0, 4, 0], [0, 0, 0]], "output": [[3, 3, 3], [3, 2, 3], [3, 3, 3]]}, {"input": [[0, 0, 0], [0, 3, 0], [0, 0, 0]], "output": [[3, 3, 3], [3, 2, 3], [3, 3, 3]]}, {"input": [[0, 0, 0], [0, 5, 0], [0, 0, 0]], "output": [[3, 3, 3], [3, 2, 3], [3, 3, 3]]}, {"input": [[0, 0, 0], [0, 8, 0], [0, 0, 0]], "output": [[3, 3, 3], [3, 2, 3], [3, 3, 3]]}, {"input": [[0, 0, 0], [0, 6, 0], [0, 0, 0]], "output": [[3, 3, 3], [3, 2, 3], [3, 3, 3]]}, {"input": [[0, 0, 0], [0, 2, 0], [0, 0, 0]], "output": [[3, 3, 3], [3, 2, 3], [3, 3, 3]]}, {"input": [[0, 0, 0], [0, 9, 0], [0, 0, 0]], "output": [[3, 3, 3], [3, 2, 3], [3, 3, 3]]}, {"input": [[0, 0, 0], [0, 1, 0], [0, 0, 0]], "output": [[3, 3, 3], [3, 2, 3], [3, 3, 3]]}], "test": [{"input": [[0, 0, 0], [0, 7, 0], [0, 0, 0]], "output": [[3, 3, 3], [3, 2, 3], [3, 3, 3]]}]}