{"train": [{"input": [[6, 6, 5, 5, 3, 3, 6, 6], [6, 6, 5, 5, 3, 3, 6, 6], [9, 9, 5, 5, 9, 9, 1, 1], [9, 9, 5, 5, 9, 9, 1, 1], [6, 6, 5, 5, 6, 6, 5, 5], [6, 6, 5, 5, 6, 6, 5, 5], [6, 6, 9, 9, 9, 9, 7, 7], [6, 6, 9, 9, 9, 9, 7, 7]], "output": [[6, 0, 0, 0, 0, 0, 9, 0, 0, 0, 0, 0, 6, 0, 0, 0, 0, 0, 6, 0, 0, 0, 0, 0], [0, 6, 0, 0, 0, 0, 0, 9, 0, 0, 0, 0, 0, 6, 0, 0, 0, 0, 0, 6, 0, 0, 0, 0], [0, 0, 6, 0, 0, 0, 0, 0, 9, 0, 0, 0, 0, 0, 6, 0, 0, 0, 0, 0, 6, 0, 0, 0], [0, 0, 0, 0, 0, 0, 0, 0, 0, 0, 0, 0, 0, 0, 0, 0, 0, 0, 0, 0, 0, 0, 0, 0], [0, 0, 0, 0, 0, 0, 0, 0, 0, 0, 0, 0, 0, 0, 0, 0, 0, 0, 0, 0, 0, 0, 0, 0], [0, 0, 0, 0, 0, 0, 0, 0, 0, 0, 0, 0, 0, 0, 0, 0, 0, 0, 0, 0, 0, 0, 0, 0], [5, 0, 0, 0, 0, 0, 5, 0, 0, 0, 0, 0, 5, 0, 0, 0, 0, 0, 9, 0, 0, 0, 0, 0], [0, 5, 0, 0, 0, 0, 0, 5, 0, 0, 0, 0, 0, 5, 0, 0, 0, 0, 0, 9, 0, 0, 0, 0], [0, 0, 5, 0, 0, 0, 0, 0, 5, 0, 0, 0, 0, 0, 5, 0, 0, 0, 0, 0, 9, 0, 0, 0], [0, 0, 0, 0, 0, 0, 0, 0, 0, 0, 0, 0, 0, 0, 0, 0, 0, 0, 0, 0, 0, 0, 0, 0], [0, 0, 0, 0, 0, 0, 0, 0, 0, 0, 0, 0, 0, 0, 0, 0, 0, 0, 0, 0, 0, 0, 0, 0], [0, 0, 0, 0, 0, 0, 0, 0, 0, 0, 0, 0, 0, 0, 0, 0, 0, 0, 0, 0, 0, 0, 0, 0], [3, 0, 0, 0, 0, 0, 9, 0, 0, 0, 0, 0, 6, 0, 0, 0, 0, 0, 9, 0, 0, 0, 0, 0], [0, 3, 0, 0, 0, 0, 0, 9, 0, 0, 0, 0, 0, 6, 0, 0, 0, 0, 0, 9, 0, 0, 0, 0], [0, 0, 3, 0, 0, 0, 0, 0, 9, 0, 0, 0, 0, 0, 6, 0, 0, 0, 0, 0, 9, 0, 0, 0], [0, 0, 0, 0, 0, 0, 0, 0, 0, 0, 0, 0, 0, 0, 0, 0, 0, 0, 0, 0, 0, 0, 0, 0], [0, 0, 0, 0, 0, 0, 0, 0, 0, 0, 0, 0, 0, 0, 0, 0, 0, 0, 0, 0, 0, 0, 0, 0], [0, 0, 0, 0, 0, 0, 0, 0, 0, 0, 0, 0, 0, 0, 0, 0, 0, 0, 0, 0, 0, 0, 0, 0], [6, 0, 0, 0, 0, 0, 1, 0, 0, 0, 0, 0, 5, 0, 0, 0, 0, 0, 7, 0, 0, 0, 0, 0], [0, 6, 0, 0, 0, 0, 0, 1, 0, 0, 0, 0, 0, 5, 0, 0, 0, 0, 0, 7, 0, 0, 0, 0], [0, 0, 6, 0, 0, 0, 0, 0, 1, 0, 0, 0, 0, 0, 5, 0, 0, 0, 0, 0, 7, 0, 0, 0], [0, 0, 0, 0, 0, 0, 0, 0, 0, 0, 0, 0, 0, 0, 0, 0, 0, 0, 0, 0, 0, 0, 0, 0], [0, 0, 0, 0, 0, 0, 0, 0, 0, 0, 0, 0, 0, 0, 0, 0, 0, 0, 0, 0, 0, 0, 0, 0], [0, 0, 0, 0, 0, 0, 0, 0, 0, 0, 0, 0, 0, 0, 0, 0, 0, 0, 0, 0, 0, 0, 0, 0]]}, {"input": [[8, 8, 5, 5], [8, 8, 5, 5], [4, 4, 6, 6], [4, 4, 6, 6]], "output": [[8, 0, 0, 0, 0, 0, 4, 0, 0, 0, 0, 0], [0, 8, 0, 0, 0, 0, 0, 4, 0, 0, 0, 0], [0, 0, 8, 0, 0, 0, 0, 0, 4, 0, 0, 0], [0, 0, 0, 0, 0, 0, 0, 0, 0, 0, 0, 0], [0, 0, 0, 0, 0, 0, 0, 0, 0, 0, 0, 0], [0, 0, 0, 0, 0, 0, 0, 0, 0, 0, 0, 0], [5, 0, 0, 0, 0, 0, 6, 0, 0, 0, 0, 0], [0, 5, 0, 0, 0, 0, 0, 6, 0, 0, 0, 0], [0, 0, 5, 0, 0, 0, 0, 0, 6, 0, 0, 0], [0, 0, 0, 0, 0, 0, 0, 0, 0, 0, 0, 0], [0, 0, 0, 0, 0, 0, 0, 0, 0, 0, 0, 0], [0, 0, 0, 0, 0, 0, 0, 0, 0, 0, 0, 0]]}, {"input": [[8, 8, 1, 1, 2], [8, 8, 1, 1, 2], [9, 9, 2, 2, 3], [9, 9, 2, 2, 3], [9, 9, 3, 3, 3]], "output": [[8, 0, 0, 0, 0, 0, 9, 0, 0, 0, 0, 0, 9, 0, 0], [0, 8, 0, 0, 0, 0, 0, 9, 0, 0, 0, 0, 0, 9, 0], [0, 0, 8, 0, 0, 0, 0, 0, 9, 0, 0, 0, 0, 0, 9], [0, 0, 0, 0, 0, 0, 0, 0, 0, 0, 0, 0, 0, 0, 0], [0, 0, 0, 0, 0, 0, 0, 0, 0, 0, 0, 0, 0, 0, 0], [0, 0, 0, 0, 0, 0, 0, 0, 0, 0, 0, 0, 0, 0, 0], [1, 0, 0, 0, 0, 0, 2, 0, 0, 0, 0, 0, 3, 0, 0], [0, 1, 0, 0, 0, 0, 0, 2, 0, 0, 0, 0, 0, 3, 0], [0, 0, 1, 0, 0, 0, 0, 0, 2, 0, 0, 0, 0, 0, 3], [0, 0, 0, 0, 0, 0, 0, 0, 0, 0, 0, 0, 0, 0, 0], [0, 0, 0, 0, 0, 0, 0, 0, 0, 0, 0, 0, 0, 0, 0], [0, 0, 0, 0, 0, 0, 0, 0, 0, 0, 0, 0, 0, 0, 0], [2, 0, 0, 0, 0, 0, 3, 0, 0, 0, 0, 0, 3, 0, 0], [0, 2, 0, 0, 0, 0, 0, 3, 0, 0, 0, 0, 0, 3, 0], [0, 0, 2, 0, 0, 0, 0, 0, 3, 0, 0, 0, 0, 0, 3]]}, {"input": [[4, 4, 5, 5, 4], [4, 4, 5, 5, 4], [8, 8, 3, 3, 7], [8, 8, 3, 3, 7], [8, 8, 6, 6, 4]], "output": [[4, 0, 0, 0, 0, 0, 8, 0, 0, 0, 0, 0, 8, 0, 0], [0, 4, 0, 0, 0, 0, 0, 8, 0, 0, 0, 0, 0, 8, 0], [0, 0, 4, 0, 0, 0, 0, 0, 8, 0, 0, 0, 0, 0, 8], [0, 0, 0, 0, 0, 0, 0, 0, 0, 0, 0, 0, 0, 0, 0], [0, 0, 0, 0, 0, 0, 0, 0, 0, 0, 0, 0, 0, 0, 0], [0, 0, 0, 0, 0, 0, 0, 0, 0, 0, 0, 0, 0, 0, 0], [5, 0, 0, 0, 0, 0, 3, 0, 0, 0, 0, 0, 6, 0, 0], [0, 5, 0, 0, 0, 0, 0, 3, 0, 0, 0, 0, 0, 6, 0], [0, 0, 5, 0, 0, 0, 0, 0, 3, 0, 0, 0, 0, 0, 6], [0, 0, 0, 0, 0, 0, 0, 0, 0, 0, 0, 0, 0, 0, 0], [0, 0, 0, 0, 0, 0, 0, 0, 0, 0, 0, 0, 0, 0, 0], [0, 0, 0, 0, 0, 0, 0, 0, 0, 0, 0, 0, 0, 0, 0], [4, 0, 0, 0, 0, 0, 7, 0, 0, 0, 0, 0, 4, 0, 0], [0, 4, 0, 0, 0, 0, 0, 7, 0, 0, 0, 0, 0, 4, 0], [0, 0, 4, 0, 0, 0, 0, 0, 7, 0, 0, 0, 0, 0, 4]]}, {"input": [[4, 4, 4, 4, 6, 6, 7, 7, 7], [4, 4, 4, 4, 6, 6, 7, 7, 7], [1, 1, 2, 2, 6, 6, 6, 6, 4], [1, 1, 2, 2, 6, 6, 6, 6, 4], [9, 9, 9, 9, 7, 7, 2, 2, 7], [9, 9, 9, 9, 7, 7, 2, 2, 7], [8, 8, 2, 2, 3, 3, 6, 6, 2], [8, 8, 2, 2, 3, 3, 6, 6, 2], [6, 6, 5, 5, 9, 9, 9, 9, 9]], "output": [[4, 0, 0, 0, 0, 0, 1, 0, 0, 0, 0, 0, 9, 0, 0, 0, 0, 0, 8, 0, 0, 0, 0, 0, 6, 0, 0], [0, 4, 0, 0, 0, 0, 0, 1, 0, 0, 0, 0, 0, 9, 0, 0, 0, 0, 0, 8, 0, 0, 0, 0, 0, 6, 0], [0, 0, 4, 0, 0, 0, 0, 0, 1, 0, 0, 0, 0, 0, 9, 0, 0, 0, 0, 0, 8, 0, 0, 0, 0, 0, 6], [0, 0, 0, 0, 0, 0, 0, 0, 0, 0, 0, 0, 0, 0, 0, 0, 0, 0, 0, 0, 0, 0, 0, 0, 0, 0, 0], [0, 0, 0, 0, 0, 0, 0, 0, 0, 0, 0, 0, 0, 0, 0, 0, 0, 0, 0, 0, 0, 0, 0, 0, 0, 0, 0], [0, 0, 0, 0, 0, 0, 0, 0, 0, 0, 0, 0, 0, 0, 0, 0, 0, 0, 0, 0, 0, 0, 0, 0, 0, 0, 0], [4, 0, 0, 0, 0, 0, 2, 0, 0, 0, 0, 0, 9, 0, 0, 0, 0, 0, 2, 0, 0, 0, 0, 0, 5, 0, 0], [0, 4, 0, 0, 0, 0, 0, 2, 0, 0, 0, 0, 0, 9, 0, 0, 0, 0, 0, 2, 0, 0, 0, 0, 0, 5, 0], [0, 0, 4, 0, 0, 0, 0, 0, 2, 0, 0, 0, 0, 0, 9, 0, 0, 0, 0, 0, 2, 0, 0, 0, 0, 0, 5], [0, 0, 0, 0, 0, 0, 0, 0, 0, 0, 0, 0, 0, 0, 0, 0, 0, 0, 0, 0, 0, 0, 0, 0, 0, 0, 0], [0, 0, 0, 0, 0, 0, 0, 0, 0, 0, 0, 0, 0, 0, 0, 0, 0, 0, 0, 0, 0, 0, 0, 0, 0, 0, 0], [0, 0, 0, 0, 0, 0, 0, 0, 0, 0, 0, 0, 0, 0, 0, 0, 0, 0, 0, 0, 0, 0, 0, 0, 0, 0, 0], [6, 0, 0, 0, 0, 0, 6, 0, 0, 0, 0, 0, 7, 0, 0, 0, 0, 0, 3, 0, 0, 0, 0, 0, 9, 0, 0], [0, 6, 0, 0, 0, 0, 0, 6, 0, 0, 0, 0, 0, 7, 0, 0, 0, 0, 0, 3, 0, 0, 0, 0, 0, 9, 0], [0, 0, 6, 0, 0, 0, 0, 0, 6, 0, 0, 0, 0, 0, 7, 0, 0, 0, 0, 0, 3, 0, 0, 0, 0, 0, 9], [0, 0, 0, 0, 0, 0, 0, 0, 0, 0, 0, 0, 0, 0, 0, 0, 0, 0, 0, 0, 0, 0, 0, 0, 0, 0, 0], [0, 0, 0, 0, 0, 0, 0, 0, 0, 0, 0, 0, 0, 0, 0, 0, 0, 0, 0, 0, 0, 0, 0, 0, 0, 0, 0], [0, 0, 0, 0, 0, 0, 0, 0, 0, 0, 0, 0, 0, 0, 0, 0, 0, 0, 0, 0, 0, 0, 0, 0, 0, 0, 0], [7, 0, 0, 0, 0, 0, 6, 0, 0, 0, 0, 0, 2, 0, 0, 0, 0, 0, 6, 0, 0, 0, 0, 0, 9, 0, 0], [0, 7, 0, 0, 0, 0, 0, 6, 0, 0, 0, 0, 0, 2, 0, 0, 0, 0, 0, 6, 0, 0, 0, 0, 0, 9, 0], [0, 0, 7, 0, 0, 0, 0, 0, 6, 0, 0, 0, 0, 0, 2, 0, 0, 0, 0, 0, 6, 0, 0, 0, 0, 0, 9], [0, 0, 0, 0, 0, 0, 0, 0, 0, 0, 0, 0, 0, 0, 0, 0, 0, 0, 0, 0, 0, 0, 0, 0, 0, 0, 0], [0, 0, 0, 0, 0, 0, 0, 0, 0, 0, 0, 0, 0, 0, 0, 0, 0, 0, 0, 0, 0, 0, 0, 0, 0, 0, 0], [0, 0, 0, 0, 0, 0, 0, 0, 0, 0, 0, 0, 0, 0, 0, 0, 0, 0, 0, 0, 0, 0, 0, 0, 0, 0, 0], [7, 0, 0, 0, 0, 0, 4, 0, 0, 0, 0, 0, 7, 0, 0, 0, 0, 0, 2, 0, 0, 0, 0, 0, 9, 0, 0], [0, 7, 0, 0, 0, 0, 0, 4, 0, 0, 0, 0, 0, 7, 0, 0, 0, 0, 0, 2, 0, 0, 0, 0, 0, 9, 0], [0, 0, 7, 0, 0, 0, 0, 0, 4, 0, 0, 0, 0, 0, 7, 0, 0, 0, 0, 0, 2, 0, 0, 0, 0, 0, 9]]}, {"input": [[7, 7, 5, 5, 7, 7], [7, 7, 5, 5, 7, 7], [6, 6, 6, 6, 9, 9], [6, 6, 6, 6, 9, 9], [6, 6, 9, 9, 5, 5], [6, 6, 9, 9, 5, 5]], "output": [[7, 0, 0, 0, 0, 0, 6, 0, 0, 0, 0, 0, 6, 0, 0, 0, 0, 0], [0, 7, 0, 0, 0, 0, 0, 6, 0, 0, 0, 0, 0, 6, 0, 0, 0, 0], [0, 0, 7, 0, 0, 0, 0, 0, 6, 0, 0, 0, 0, 0, 6, 0, 0, 0], [0, 0, 0, 0, 0, 0, 0, 0, 0, 0, 0, 0, 0, 0, 0, 0, 0, 0], [0, 0, 0, 0, 0, 0, 0, 0, 0, 0, 0, 0, 0, 0, 0, 0, 0, 0], [0, 0, 0, 0, 0, 0, 0, 0, 0, 0, 0, 0, 0, 0, 0, 0, 0, 0], [5, 0, 0, 0, 0, 0, 6, 0, 0, 0, 0, 0, 9, 0, 0, 0, 0, 0], [0, 5, 0, 0, 0, 0, 0, 6, 0, 0, 0, 0, 0, 9, 0, 0, 0, 0], [0, 0, 5, 0, 0, 0, 0, 0, 6, 0, 0, 0, 0, 0, 9, 0, 0, 0], [0, 0, 0, 0, 0, 0, 0, 0, 0, 0, 0, 0, 0, 0, 0, 0, 0, 0], [0, 0, 0, 0, 0, 0, 0, 0, 0, 0, 0, 0, 0, 0, 0, 0, 0, 0], [0, 0, 0, 0, 0, 0, 0, 0, 0, 0, 0, 0, 0, 0, 0, 0, 0, 0], [7, 0, 0, 0, 0, 0, 9, 0, 0, 0, 0, 0, 5, 0, 0, 0, 0, 0], [0, 7, 0, 0, 0, 0, 0, 9, 0, 0, 0, 0, 0, 5, 0, 0, 0, 0], [0, 0, 7, 0, 0, 0, 0, 0, 9, 0, 0, 0, 0, 0, 5, 0, 0, 0], [0, 0, 0, 0, 0, 0, 0, 0, 0, 0, 0, 0, 0, 0, 0, 0, 0, 0], [0, 0, 0, 0, 0, 0, 0, 0, 0, 0, 0, 0, 0, 0, 0, 0, 0, 0], [0, 0, 0, 0, 0, 0, 0, 0, 0, 0, 0, 0, 0, 0, 0, 0, 0, 0]]}, {"input": [[5, 5, 6, 6, 6, 6], [5, 5, 6, 6, 6, 6], [2, 2, 5, 5, 8, 8], [2, 2, 5, 5, 8, 8], [3, 3, 9, 9, 3, 3], [3, 3, 9, 9, 3, 3]], "output": [[5, 0, 0, 0, 0, 0, 2, 0, 0, 0, 0, 0, 3, 0, 0, 0, 0, 0], [0, 5, 0, 0, 0, 0, 0, 2, 0, 0, 0, 0, 0, 3, 0, 0, 0, 0], [0, 0, 5, 0, 0, 0, 0, 0, 2, 0, 0, 0, 0, 0, 3, 0, 0, 0], [0, 0, 0, 0, 0, 0, 0, 0, 0, 0, 0, 0, 0, 0, 0, 0, 0, 0], [0, 0, 0, 0, 0, 0, 0, 0, 0, 0, 0, 0, 0, 0, 0, 0, 0, 0], [0, 0, 0, 0, 0, 0, 0, 0, 0, 0, 0, 0, 0, 0, 0, 0, 0, 0], [6, 0, 0, 0, 0, 0, 5, 0, 0, 0, 0, 0, 9, 0, 0, 0, 0, 0], [0, 6, 0, 0, 0, 0, 0, 5, 0, 0, 0, 0, 0, 9, 0, 0, 0, 0], [0, 0, 6, 0, 0, 0, 0, 0, 5, 0, 0, 0, 0, 0, 9, 0, 0, 0], [0, 0, 0, 0, 0, 0, 0, 0, 0, 0, 0, 0, 0, 0, 0, 0, 0, 0], [0, 0, 0, 0, 0, 0, 0, 0, 0, 0, 0, 0, 0, 0, 0, 0, 0, 0], [0, 0, 0, 0, 0, 0, 0, 0, 0, 0, 0, 0, 0, 0, 0, 0, 0, 0], [6, 0, 0, 0, 0, 0, 8, 0, 0, 0, 0, 0, 3, 0, 0, 0, 0, 0], [0, 6, 0, 0, 0, 0, 0, 8, 0, 0, 0, 0, 0, 3, 0, 0, 0, 0], [0, 0, 6, 0, 0, 0, 0, 0, 8, 0, 0, 0, 0, 0, 3, 0, 0, 0], [0, 0, 0, 0, 0, 0, 0, 0, 0, 0, 0, 0, 0, 0, 0, 0, 0, 0], [0, 0, 0, 0, 0, 0, 0, 0, 0, 0, 0, 0, 0, 0, 0, 0, 0, 0], [0, 0, 0, 0, 0, 0, 0, 0, 0, 0, 0, 0, 0, 0, 0, 0, 0, 0]]}, {"input": [[6, 6, 8, 8, 4, 4, 4, 4], [6, 6, 8, 8, 4, 4, 4, 4], [4, 4, 6, 6, 7, 7, 9, 9], [4, 4, 6, 6, 7, 7, 9, 9], [5, 5, 3, 3, 3, 3, 9, 9], [5, 5, 3, 3, 3, 3, 9, 9], [9, 9, 3, 3, 2, 2, 8, 8], [9, 9, 3, 3, 2, 2, 8, 8]], "output": [[6, 0, 0, 0, 0, 0, 4, 0, 0, 0, 0, 0, 5, 0, 0, 0, 0, 0, 9, 0, 0, 0, 0, 0], [0, 6, 0, 0, 0, 0, 0, 4, 0, 0, 0, 0, 0, 5, 0, 0, 0, 0, 0, 9, 0, 0, 0, 0], [0, 0, 6, 0, 0, 0, 0, 0, 4, 0, 0, 0, 0, 0, 5, 0, 0, 0, 0, 0, 9, 0, 0, 0], [0, 0, 0, 0, 0, 0, 0, 0, 0, 0, 0, 0, 0, 0, 0, 0, 0, 0, 0, 0, 0, 0, 0, 0], [0, 0, 0, 0, 0, 0, 0, 0, 0, 0, 0, 0, 0, 0, 0, 0, 0, 0, 0, 0, 0, 0, 0, 0], [0, 0, 0, 0, 0, 0, 0, 0, 0, 0, 0, 0, 0, 0, 0, 0, 0, 0, 0, 0, 0, 0, 0, 0], [8, 0, 0, 0, 0, 0, 6, 0, 0, 0, 0, 0, 3, 0, 0, 0, 0, 0, 3, 0, 0, 0, 0, 0], [0, 8, 0, 0, 0, 0, 0, 6, 0, 0, 0, 0, 0, 3, 0, 0, 0, 0, 0, 3, 0, 0, 0, 0], [0, 0, 8, 0, 0, 0, 0, 0, 6, 0, 0, 0, 0, 0, 3, 0, 0, 0, 0, 0, 3, 0, 0, 0], [0, 0, 0, 0, 0, 0, 0, 0, 0, 0, 0, 0, 0, 0, 0, 0, 0, 0, 0, 0, 0, 0, 0, 0], [0, 0, 0, 0, 0, 0, 0, 0, 0, 0, 0, 0, 0, 0, 0, 0, 0, 0, 0, 0, 0, 0, 0, 0], [0, 0, 0, 0, 0, 0, 0, 0, 0, 0, 0, 0, 0, 0, 0, 0, 0, 0, 0, 0, 0, 0, 0, 0], [4, 0, 0, 0, 0, 0, 7, 0, 0, 0, 0, 0, 3, 0, 0, 0, 0, 0, 2, 0, 0, 0, 0, 0], [0, 4, 0, 0, 0, 0, 0, 7, 0, 0, 0, 0, 0, 3, 0, 0, 0, 0, 0, 2, 0, 0, 0, 0], [0, 0, 4, 0, 0, 0, 0, 0, 7, 0, 0, 0, 0, 0, 3, 0, 0, 0, 0, 0, 2, 0, 0, 0], [0, 0, 0, 0, 0, 0, 0, 0, 0, 0, 0, 0, 0, 0, 0, 0, 0, 0, 0, 0, 0, 0, 0, 0], [0, 0, 0, 0, 0, 0, 0, 0, 0, 0, 0, 0, 0, 0, 0, 0, 0, 0, 0, 0, 0, 0, 0, 0], [0, 0, 0, 0, 0, 0, 0, 0, 0, 0, 0, 0, 0, 0, 0, 0, 0, 0, 0, 0, 0, 0, 0, 0], [4, 0, 0, 0, 0, 0, 9, 0, 0, 0, 0, 0, 9, 0, 0, 0, 0, 0, 8, 0, 0, 0, 0, 0], [0, 4, 0, 0, 0, 0, 0, 9, 0, 0, 0, 0, 0, 9, 0, 0, 0, 0, 0, 8, 0, 0, 0, 0], [0, 0, 4, 0, 0, 0, 0, 0, 9, 0, 0, 0, 0, 0, 9, 0, 0, 0, 0, 0, 8, 0, 0, 0], [0, 0, 0, 0, 0, 0, 0, 0, 0, 0, 0, 0, 0, 0, 0, 0, 0, 0, 0, 0, 0, 0, 0, 0], [0, 0, 0, 0, 0, 0, 0, 0, 0, 0, 0, 0, 0, 0, 0, 0, 0, 0, 0, 0, 0, 0, 0, 0], [0, 0, 0, 0, 0, 0, 0, 0, 0, 0, 0, 0, 0, 0, 0, 0, 0, 0, 0, 0, 0, 0, 0, 0]]}], "test": [{"input": [[4, 4, 6, 6, 9, 9], [4, 4, 6, 6, 9, 9], [4, 4, 9, 9, 7, 7], [4, 4, 9, 9, 7, 7], [1, 1, 2, 2, 5, 5], [1, 1, 2, 2, 5, 5]], "output": [[4, 0, 0, 0, 0, 0, 4, 0, 0, 0, 0, 0, 1, 0, 0, 0, 0, 0], [0, 4, 0, 0, 0, 0, 0, 4, 0, 0, 0, 0, 0, 1, 0, 0, 0, 0], [0, 0, 4, 0, 0, 0, 0, 0, 4, 0, 0, 0, 0, 0, 1, 0, 0, 0], [0, 0, 0, 0, 0, 0, 0, 0, 0, 0, 0, 0, 0, 0, 0, 0, 0, 0], [0, 0, 0, 0, 0, 0, 0, 0, 0, 0, 0, 0, 0, 0, 0, 0, 0, 0], [0, 0, 0, 0, 0, 0, 0, 0, 0, 0, 0, 0, 0, 0, 0, 0, 0, 0], [6, 0, 0, 0, 0, 0, 9, 0, 0, 0, 0, 0, 2, 0, 0, 0, 0, 0], [0, 6, 0, 0, 0, 0, 0, 9, 0, 0, 0, 0, 0, 2, 0, 0, 0, 0], [0, 0, 6, 0, 0, 0, 0, 0, 9, 0, 0, 0, 0, 0, 2, 0, 0, 0], [0, 0, 0, 0, 0, 0, 0, 0, 0, 0, 0, 0, 0, 0, 0, 0, 0, 0], [0, 0, 0, 0, 0, 0, 0, 0, 0, 0, 0, 0, 0, 0, 0, 0, 0, 0], [0, 0, 0, 0, 0, 0, 0, 0, 0, 0, 0, 0, 0, 0, 0, 0, 0, 0], [9, 0, 0, 0, 0, 0, 7, 0, 0, 0, 0, 0, 5, 0, 0, 0, 0, 0], [0, 9, 0, 0, 0, 0, 0, 7, 0, 0, 0, 0, 0, 5, 0, 0, 0, 0], [0, 0, 9, 0, 0, 0, 0, 0, 7, 0, 0, 0, 0, 0, 5, 0, 0, 0], [0, 0, 0, 0, 0, 0, 0, 0, 0, 0, 0, 0, 0, 0, 0, 0, 0, 0], [0, 0, 0, 0, 0, 0, 0, 0, 0, 0, 0, 0, 0, 0, 0, 0, 0, 0], [0, 0, 0, 0, 0, 0, 0, 0, 0, 0, 0, 0, 0, 0, 0, 0, 0, 0]]}]}