{"train": [{"input": [[0, 4, 2, 2, 2, 0, 0, 0], [2, 4, 5, 1, 1, 0, 0, 0], [0, 5, 1, 6, 6, 0, 0, 0], [0, 0, 8, 6, 6, 1, 1, 0], [0, 0, 0, 0, 0, 1, 1, 8], [0, 0, 0, 0, 0, 1, 2, 8], [0, 0, 0, 0, 0, 1, 1, 8], [0, 0, 0, 0, 0, 0, 0, 8]], "output": [[4, 4, 4, 4, 4, 4, 3, 4], [4, 4, 4, 4, 4, 8, 1, 1], [4, 4, 4, 4, 5, 4, 8, 3], [4, 4, 4, 4, 7, 7, 4, 3], [4, 4, 4, 4, 7, 7, 4, 3], [4, 4, 4, 4, 4, 4, 4, 4], [4, 4, 3, 4, 4, 4, 4, 4], [5, 5, 5, 5, 4, 4, 4, 4]]}, {"input": [[0, 6, 8, 0, 0, 0, 0], [6, 6, 6, 5, 8, 4, 0], [6, 6, 8, 8, 8, 8, 0], [3, 3, 3, 8, 8, 5, 0], [3, 1, 1, 8, 5, 5, 0], [3, 3, 1, 8, 5, 5, 5], [0, 0, 6, 8, 0, 5, 0]], "output": [[4, 2, 2, 2, 7, 7, 4], [4, 2, 4, 2, 7, 7, 7], [7, 4, 4, 2, 5, 7, 5], [5, 5, 5, 5, 5, 8, 4], [4, 8, 8, 5, 5, 5, 4], [8, 8, 8, 8, 5, 1, 4], [4, 8, 4, 4, 4, 4, 4]]}, {"input": [[8, 8, 0, 0, 9, 2, 2, 6, 5], [8, 8, 7, 8, 8, 0, 0, 6, 0], [8, 1, 7, 0, 0, 0, 0, 4, 0], [0, 0, 7, 0, 0, 0, 3, 4, 9], [0, 7, 7, 0, 0, 0, 4, 2, 4], [0, 0, 0, 0, 0, 0, 4, 8, 3], [0, 0, 0, 0, 0, 0, 4, 8, 9]], "output": [[4, 4, 4, 4, 5, 5, 5], [4, 4, 6, 4, 4, 5, 5], [4, 4, 6, 6, 6, 6, 4], [4, 4, 4, 4, 4, 5, 4], [4, 4, 4, 4, 4, 5, 0], [4, 4, 4, 4, 4, 4, 3], [1, 1, 1, 2, 4, 4, 3], [5, 5, 3, 1, 1, 7, 7], [0, 2, 1, 0, 4, 4, 8]]}, {"input": [[0, 4, 4, 4, 0, 0, 0, 0, 0], [0, 0, 4, 0, 0, 0, 0, 0, 0], [9, 4, 4, 0, 0, 2, 0, 0, 0], [6, 5, 9, 2, 8, 8, 0, 0, 0], [0, 0, 0, 6, 2, 7, 3, 0, 0], [0, 0, 0, 0, 2, 6, 3, 0, 0], [0, 0, 0, 0, 7, 2, 6, 8, 8], [0, 0, 0, 0, 7, 2, 6, 6, 1], [0, 0, 0, 0, 0, 0, 0, 6, 2]], "output": [[4, 4, 4, 4, 4, 7, 0, 4, 4], [4, 4, 4, 4, 4, 8, 1, 4, 1], [4, 4, 4, 4, 4, 0, 1, 1, 1], [4, 4, 4, 4, 7, 3, 4, 4, 1], [4, 6, 6, 3, 3, 5, 4, 4, 4], [4, 3, 3, 7, 6, 5, 3, 4, 4], [4, 7, 7, 2, 2, 4, 4, 4, 4], [7, 7, 5, 4, 4, 4, 4, 4, 4], [3, 4, 5, 4, 4, 4, 4, 4, 4]]}, {"input": [[5, 7, 7, 6, 2, 0, 0, 0, 0], [7, 7, 6, 0, 5, 0, 0, 0, 0], [0, 0, 6, 0, 8, 8, 8, 8, 0], [0, 0, 0, 0, 5, 5, 9, 9, 9], [0, 0, 0, 0, 0, 8, 9, 0, 1], [0, 0, 0, 0, 0, 5, 8, 1, 1], [0, 0, 0, 0, 0, 5, 4, 1, 0], [0, 0, 0, 0, 0, 1, 1, 1, 0]], "output": [[4, 4, 4, 4, 4, 4, 6, 8], [4, 4, 4, 4, 4, 4, 6, 6], [4, 4, 4, 4, 4, 7, 7, 6], [4, 4, 4, 4, 4, 4, 4, 7], [4, 4, 4, 4, 8, 5, 8, 3], [4, 8, 8, 5, 8, 5, 4, 4], [4, 1, 5, 0, 0, 5, 4, 4], [4, 4, 4, 4, 0, 5, 4, 4], [4, 4, 4, 4, 0, 4, 4, 4]]}, {"input": [[2, 1, 0, 0, 0], [2, 9, 0, 0, 0], [2, 0, 0, 0, 0], [2, 0, 0, 0, 5], [7, 0, 9, 3, 5], [3, 5, 8, 1, 5]], "output": [[2, 6, 3, 3, 3, 3], [8, 4, 4, 4, 0, 4], [5, 0, 4, 4, 4, 4], [4, 2, 4, 4, 4, 4], [8, 8, 8, 4, 4, 4]]}, {"input": [[5, 5, 6, 0, 0], [5, 6, 4, 0, 0], [5, 6, 0, 0, 0], [3, 6, 6, 0, 0], [5, 5, 3, 3, 0], [0, 0, 0, 8, 8]], "output": [[4, 8, 2, 8, 8, 8], [4, 8, 7, 7, 7, 8], [4, 2, 7, 4, 1, 7], [5, 2, 4, 4, 4, 4], [5, 4, 4, 4, 4, 4]]}, {"input": [[4, 4, 4, 8, 8], [1, 0, 0, 0, 8], [1, 0, 0, 0, 0], [1, 0, 0, 0, 0], [1, 0, 0, 0, 0]], "output": [[4, 4, 4, 4, 1], [4, 4, 4, 4, 1], [4, 4, 4, 4, 1], [4, 4, 4, 4, 5], [4, 4, 4, 5, 5]]}, {"input": [[5, 7, 9, 6, 6, 8, 0], [9, 1, 1, 1, 7, 8, 0], [8, 8, 9, 0, 0, 0, 0], [0, 1, 9, 6, 0, 0, 0], [0, 7, 1, 6, 6, 0, 0], [3, 3, 9, 6, 0, 0, 0], [0, 3, 3, 0, 0, 6, 3], [0, 0, 5, 5, 6, 6, 3]], "output": [[4, 4, 2, 4, 4, 5, 0, 8], [4, 2, 2, 6, 4, 5, 4, 6], [8, 2, 0, 4, 0, 0, 4, 0], [8, 4, 7, 7, 7, 4, 4, 7], [7, 4, 4, 7, 4, 4, 6, 7], [7, 7, 4, 4, 4, 4, 5, 5], [2, 2, 4, 4, 4, 4, 4, 4]]}, {"input": [[0, 0, 7, 7, 0, 0], [0, 0, 0, 6, 0, 0], [0, 0, 0, 6, 6, 0], [0, 5, 5, 0, 5, 0], [0, 5, 5, 5, 2, 0], [4, 5, 5, 5, 8, 4], [4, 3, 4, 1, 8, 4], [6, 3, 4, 4, 8, 4], [5, 5, 6, 5, 5, 7]], "output": [[8, 7, 1, 1, 4, 4, 4, 4, 4], [8, 2, 2, 8, 8, 8, 4, 4, 4], [7, 1, 1, 8, 8, 8, 4, 4, 6], [8, 1, 4, 8, 8, 4, 7, 7, 6], [8, 5, 5, 5, 3, 8, 7, 4, 4], [6, 1, 1, 1, 4, 4, 4, 4, 4]]}, {"input": [[8, 6, 6, 5, 4, 4, 0, 0], [8, 6, 1, 1, 5, 0, 0, 0], [9, 9, 1, 1, 0, 0, 6, 6], [9, 6, 0, 0, 0, 5, 6, 6], [0, 3, 4, 4, 4, 5, 0, 5], [0, 0, 0, 0, 4, 4, 4, 4]], "output": [[4, 4, 0, 0, 5, 5], [4, 2, 7, 0, 7, 7], [4, 1, 4, 4, 4, 7], [4, 1, 4, 4, 4, 8], [1, 1, 4, 4, 8, 1], [1, 8, 8, 4, 4, 1], [1, 4, 7, 7, 4, 4], [1, 8, 7, 7, 4, 4]]}, {"input": [[0, 2, 2, 2, 2, 2], [0, 0, 2, 0, 0, 0], [0, 0, 8, 3, 0, 0], [0, 9, 3, 6, 0, 0], [9, 1, 1, 6, 1, 1], [0, 9, 1, 9, 9, 8]], "output": [[4, 0, 4, 4, 4, 4], [0, 4, 0, 4, 4, 3], [4, 4, 2, 5, 3, 3], [0, 7, 7, 2, 4, 3], [0, 4, 4, 4, 4, 3], [5, 4, 4, 4, 4, 3]]}, {"input": [[0, 9, 4, 0, 0, 0, 0], [0, 9, 5, 5, 4, 7, 0], [0, 2, 0, 0, 0, 3, 0], [2, 2, 1, 0, 0, 3, 0], [4, 3, 3, 0, 0, 7, 7]], "output": [[1, 3, 4, 4, 4], [2, 3, 3, 0, 0], [2, 4, 4, 8, 1], [4, 4, 4, 8, 4], [4, 4, 4, 1, 4], [6, 2, 2, 6, 4], [6, 4, 4, 4, 4]]}, {"input": [[0, 0, 0, 0, 8, 8], [0, 0, 0, 8, 8, 8], [0, 0, 0, 0, 2, 0], [0, 0, 3, 2, 2, 3], [5, 3, 3, 2, 1, 3], [3, 6, 1, 1, 1, 1]], "output": [[2, 8, 4, 4, 4, 4], [7, 2, 4, 4, 4, 4], [4, 2, 2, 4, 4, 4], [4, 3, 3, 4, 5, 4], [4, 4, 3, 3, 5, 5], [4, 2, 2, 4, 5, 5]]}, {"input": [[0, 4, 4, 4, 0, 0], [9, 4, 0, 0, 0, 0], [9, 8, 8, 4, 4, 0], [0, 0, 0, 4, 4, 0], [0, 0, 0, 4, 4, 3], [0, 0, 0, 0, 4, 3], [0, 0, 0, 0, 5, 0], [0, 0, 0, 0, 5, 0], [0, 0, 1, 1, 5, 0]], "output": [[4, 4, 4, 4, 4, 4, 0, 0, 4], [4, 4, 4, 4, 4, 4, 5, 1, 1], [4, 4, 4, 4, 4, 4, 5, 4, 1], [4, 4, 4, 4, 1, 1, 1, 4, 1], [8, 8, 8, 1, 1, 1, 1, 4, 4], [4, 4, 4, 2, 2, 4, 4, 4, 4]]}, {"input": [[7, 7, 9, 9, 0, 0], [2, 3, 6, 4, 1, 0], [7, 3, 4, 4, 1, 1], [2, 2, 2, 4, 1, 0], [2, 1, 1, 4, 0, 0], [3, 6, 0, 0, 0, 0], [0, 6, 0, 0, 0, 0], [3, 6, 0, 0, 0, 0], [8, 8, 0, 0, 0, 0]], "output": [[5, 2, 4, 2, 3, 3, 6, 3, 6], [5, 7, 7, 7, 4, 3, 2, 2, 6], [4, 4, 4, 4, 4, 3, 1, 7, 0], [4, 4, 4, 4, 1, 1, 1, 1, 0], [4, 4, 4, 4, 4, 4, 4, 4, 4], [4, 4, 4, 4, 4, 4, 4, 4, 4]]}, {"input": [[0, 0, 0, 5, 0, 8, 0], [0, 0, 5, 8, 8, 8, 8], [0, 0, 8, 0, 0, 0, 0], [0, 1, 8, 1, 0, 0, 0], [9, 9, 4, 0, 0, 0, 0]], "output": [[0, 4, 4, 4, 4], [0, 4, 4, 4, 4], [1, 5, 5, 8, 4], [4, 4, 4, 5, 8], [4, 4, 4, 5, 4], [4, 4, 4, 5, 5], [4, 4, 4, 5, 4]]}, {"input": [[0, 0, 0, 4, 4], [0, 0, 0, 4, 0], [8, 8, 8, 4, 0], [0, 0, 3, 0, 0], [0, 0, 9, 5, 5], [0, 0, 9, 1, 5]], "output": [[4, 4, 4, 5, 4, 4], [4, 4, 4, 5, 4, 4], [0, 0, 2, 5, 4, 4], [4, 8, 4, 1, 1, 1], [8, 8, 4, 4, 4, 1]]}, {"input": [[6, 2, 0, 0, 0, 0, 0, 0], [6, 1, 5, 0, 0, 0, 0, 0], [1, 9, 3, 0, 0, 0, 0, 0], [3, 6, 3, 0, 0, 0, 0, 0], [3, 6, 0, 8, 4, 0, 0, 0], [3, 6, 6, 6, 5, 0, 0, 0], [0, 6, 0, 7, 6, 8, 0, 0], [0, 0, 0, 5, 6, 6, 6, 6]], "output": [[4, 4, 2, 2, 2, 4, 7, 7], [4, 7, 7, 7, 7, 0, 4, 3], [4, 4, 7, 4, 2, 2, 8, 4], [8, 6, 7, 5, 4, 4, 4, 4], [7, 7, 8, 1, 4, 4, 4, 4], [7, 5, 4, 4, 4, 4, 4, 4], [7, 4, 4, 4, 4, 4, 4, 4], [7, 4, 4, 4, 4, 4, 4, 4]]}, {"input": [[3, 3, 5, 5, 5, 5, 5], [3, 5, 5, 5, 5, 4, 4], [3, 3, 7, 7, 7, 2, 0], [9, 9, 7, 9, 9, 9, 0], [9, 9, 7, 5, 0, 0, 0], [0, 4, 2, 2, 0, 0, 0], [8, 4, 2, 2, 6, 0, 0]], "output": [[5, 4, 0, 0, 2, 2, 2], [1, 1, 0, 0, 2, 8, 2], [3, 3, 6, 6, 6, 8, 8], [3, 3, 8, 0, 6, 8, 8], [7, 4, 4, 0, 6, 8, 8], [4, 4, 4, 0, 3, 1, 8], [4, 4, 4, 4, 4, 1, 8]]}, {"input": [[6, 6, 6, 0, 0], [9, 5, 6, 0, 0], [4, 4, 6, 4, 4], [4, 6, 9, 9, 4], [4, 4, 2, 0, 6], [4, 4, 1, 0, 3]], "output": [[1, 1, 1, 1, 0, 7], [1, 1, 7, 1, 8, 7], [4, 3, 0, 7, 7, 7], [4, 4, 0, 1, 4, 4], [2, 7, 1, 1, 4, 4]]}, {"input": [[0, 0, 0, 0, 6, 6], [0, 0, 8, 8, 7, 6], [0, 0, 8, 6, 5, 1], [0, 0, 8, 5, 5, 0], [0, 4, 4, 0, 0, 0], [4, 1, 3, 0, 0, 3], [8, 8, 2, 9, 3, 3], [0, 0, 2, 0, 0, 7]], "output": [[4, 5, 1, 4, 4, 4, 4, 4], [4, 5, 4, 1, 4, 4, 4, 4], [3, 3, 2, 1, 5, 5, 5, 4], [4, 0, 4, 4, 8, 7, 5, 4], [4, 2, 4, 4, 8, 8, 6, 7], [6, 2, 2, 4, 4, 4, 7, 7]]}, {"input": [[0, 0, 0, 0, 0, 8, 8], [0, 0, 0, 0, 0, 1, 9], [0, 0, 0, 2, 2, 2, 2], [8, 8, 0, 8, 8, 2, 0], [8, 2, 2, 8, 0, 0, 0], [3, 7, 7, 2, 0, 0, 3], [7, 1, 3, 4, 4, 7, 3]], "output": [[6, 2, 5, 5, 4, 4, 4], [4, 6, 3, 5, 4, 4, 4], [2, 6, 3, 4, 4, 4, 4], [1, 3, 5, 5, 3, 4, 4], [1, 4, 4, 5, 3, 4, 4], [6, 4, 4, 3, 3, 4, 5], [2, 2, 4, 4, 3, 0, 5]]}, {"input": [[8, 8, 8, 3, 3, 3, 2, 7, 4], [2, 2, 2, 2, 3, 3, 2, 4, 3], [2, 2, 2, 6, 3, 3, 7, 1, 1], [5, 5, 5, 0, 0, 6, 6, 6, 5], [5, 9, 0, 0, 0, 0, 6, 6, 6], [5, 0, 0, 0, 0, 0, 0, 0, 0], [5, 9, 0, 0, 0, 0, 0, 0, 0], [0, 9, 0, 0, 0, 0, 0, 0, 0]], "output": [[4, 8, 8, 8, 8, 3, 3, 5], [0, 0, 4, 0, 8, 3, 3, 5], [4, 4, 4, 4, 8, 3, 3, 5], [4, 4, 4, 4, 4, 7, 3, 2], [4, 4, 4, 4, 4, 2, 2, 2], [4, 4, 4, 4, 7, 2, 2, 2], [4, 4, 4, 7, 7, 6, 3, 3], [4, 4, 4, 7, 7, 4, 1, 6], [4, 4, 4, 7, 8, 4, 2, 1]]}, {"input": [[9, 8, 8, 0, 0, 0, 0, 0, 0], [6, 8, 8, 8, 8, 0, 0, 0, 0], [0, 0, 4, 4, 8, 0, 0, 0, 0], [0, 0, 0, 1, 1, 9, 9, 9, 8], [0, 7, 7, 1, 1, 9, 4, 3, 3], [0, 0, 7, 7, 7, 0, 6, 6, 5], [0, 0, 0, 4, 4, 8, 8, 6, 5], [0, 0, 7, 7, 0, 6, 8, 4, 4], [0, 0, 7, 7, 4, 9, 8, 5, 5]], "output": [[4, 4, 4, 4, 4, 4, 4, 7, 0], [4, 4, 4, 4, 6, 4, 4, 5, 5], [6, 6, 4, 6, 6, 4, 1, 5, 5], [6, 6, 1, 6, 4, 4, 1, 5, 4], [1, 4, 1, 6, 4, 4, 5, 5, 4], [0, 7, 5, 4, 0, 0, 4, 4, 4], [5, 5, 5, 7, 1, 0, 4, 4, 4], [8, 1, 7, 7, 2, 0, 4, 4, 4], [8, 1, 8, 8, 2, 5, 4, 4, 4]]}, {"input": [[0, 8, 6, 3, 0], [8, 8, 8, 3, 3], [0, 0, 4, 6, 0], [0, 0, 1, 6, 2], [0, 0, 6, 2, 2], [0, 0, 6, 0, 0]], "output": [[4, 4, 4, 4, 5, 4], [4, 4, 4, 4, 5, 5], [7, 7, 4, 1, 5, 7], [4, 3, 7, 7, 2, 2], [4, 3, 3, 4, 2, 4]]}, {"input": [[5, 0, 9, 2, 0, 4, 4, 1], [5, 7, 7, 7, 8, 7, 1, 1], [5, 9, 9, 2, 8, 6, 3, 5], [5, 4, 2, 2, 6, 4, 7, 8], [8, 8, 5, 2, 3, 6, 8, 8], [0, 0, 1, 0, 3, 7, 4, 5], [0, 0, 0, 0, 3, 4, 4, 5]], "output": [[4, 4, 5, 8, 8, 8, 8], [4, 4, 5, 1, 0, 6, 4], [4, 4, 8, 3, 0, 6, 0], [4, 4, 3, 3, 3, 6, 3], [2, 2, 2, 7, 5, 5, 4], [1, 6, 7, 1, 7, 6, 1], [1, 1, 5, 6, 2, 4, 1], [8, 8, 5, 5, 8, 4, 4]]}], "test": [{"input": [[9, 9, 3, 2, 5], [7, 0, 1, 5, 5], [7, 5, 1, 0, 0], [0, 1, 0, 0, 0], [9, 1, 9, 1, 0], [0, 6, 6, 9, 0], [0, 0, 1, 1, 0]], "output": [[4, 4, 0, 4, 6, 6, 0], [4, 7, 4, 4, 8, 4, 0], [4, 7, 0, 4, 4, 4, 2], [4, 0, 4, 4, 4, 8, 3], [4, 4, 4, 4, 4, 8, 8]]}, {"input": [[6, 0, 6, 6, 6, 0, 0], [6, 6, 6, 6, 4, 4, 7], [0, 0, 0, 7, 3, 3, 6], [0, 0, 0, 0, 2, 7, 4], [0, 0, 0, 0, 6, 3, 4], [0, 0, 0, 0, 5, 1, 1], [0, 0, 0, 0, 1, 4, 4]], "output": [[4, 4, 4, 4, 4, 7, 7], [4, 4, 4, 4, 4, 7, 4], [4, 4, 4, 4, 4, 7, 7], [4, 4, 4, 4, 6, 7, 7], [4, 8, 7, 3, 2, 1, 7], [1, 4, 2, 6, 2, 1, 4], [1, 4, 1, 1, 7, 6, 4]]}, {"input": [[5, 5, 0, 0, 0, 0], [5, 5, 0, 0, 5, 2], [5, 1, 4, 3, 2, 2], [3, 2, 2, 9, 4, 0], [1, 2, 4, 0, 0, 0], [1, 2, 4, 4, 0, 0], [1, 1, 0, 4, 0, 0], [0, 5, 1, 6, 9, 9]], "output": [[4, 4, 4, 4, 2, 8, 8, 8], [8, 4, 3, 3, 3, 4, 8, 8], [4, 4, 1, 1, 3, 1, 4, 4], [7, 1, 1, 4, 0, 2, 4, 4], [0, 4, 4, 4, 1, 3, 8, 4], [0, 4, 4, 4, 4, 3, 3, 4]]}]}