{"train": [{"input": [[9, 0, 0, 0, 4, 0, 4, 4, 0, 0, 0, 0, 0, 0, 0, 9, 4], [4, 0, 0, 0, 0, 0, 0, 0, 0, 5, 4, 0, 0, 0, 0, 4, 0], [0, 0, 1, 0, 0, 0, 0, 0, 0, 9, 1, 0, 0, 0, 0, 0, 0], [4, 0, 0, 0, 0, 0, 0, 0, 0, 0, 0, 0, 0, 5, 5, 0, 0], [0, 0, 0, 0, 0, 5, 4, 0, 0, 0, 0, 0, 0, 0, 4, 0, 0], [0, 8, 0, 0, 0, 0, 0, 0, 0, 1, 0, 0, 8, 4, 0, 0, 0], [1, 0, 0, 0, 0, 0, 5, 0, 9, 0, 0, 1, 0, 0, 0, 0, 0], [8, 0, 0, 0, 9, 0, 4, 0, 0, 0, 1, 8, 0, 0, 0, 0, 0], [1, 1, 0, 0, 0, 0, 0, 0, 0, 0, 1, 0, 0, 0, 0, 0, 0], [0, 0, 0, 4, 0, 0, 4, 0, 0, 1, 1, 0, 0, 0, 0, 0, 5], [0, 0, 0, 9, 4, 0, 0, 0, 0, 0, 0, 0, 0, 1, 0, 0, 0], [0, 0, 0, 0, 0, 0, 0, 4, 0, 0, 0, 9, 0, 0, 0, 0, 0], [0, 0, 4, 9, 0, 0, 1, 5, 4, 0, 0, 5, 4, 0, 0, 8, 0]], "output": [[3, 3, 3, 3, 3, 3, 3, 3, 3, 3, 3, 3, 3, 3, 3, 3, 3], [3, 3, 3, 3, 3, 3, 3, 3, 3, 3, 3, 3, 3, 3, 3, 3, 3], [3, 3, 3, 3, 3, 3, 3, 3, 3, 3, 3, 3, 3, 3, 3, 3, 3], [3, 3, 3, 3, 3, 3, 3, 3, 3, 3, 3, 3, 3, 3, 3, 3, 3], [3, 3, 3, 3, 3, 3, 3, 3, 3, 3, 3, 3, 3, 3, 3, 3, 3], [3, 3, 3, 3, 3, 3, 3, 3, 3, 3, 3, 3, 3, 3, 3, 3, 3], [3, 3, 3, 3, 3, 3, 3, 3, 3, 3, 3, 3, 3, 3, 3, 3, 3], [3, 3, 3, 3, 3, 3, 3, 3, 3, 3, 3, 3, 3, 3, 3, 3, 3], [3, 3, 3, 3, 3, 3, 3, 3, 3, 3, 3, 3, 3, 3, 3, 3, 3], [3, 3, 3, 3, 3, 3, 3, 3, 3, 3, 3, 3, 3, 3, 3, 3, 3], [3, 3, 3, 3, 3, 3, 3, 3, 3, 3, 3, 3, 3, 3, 3, 3, 3], [3, 3, 3, 3, 3, 3, 3, 3, 3, 3, 3, 3, 3, 3, 3, 3, 3], [3, 3, 3, 3, 3, 3, 3, 3, 3, 3, 3, 3, 3, 3, 3, 3, 3]]}, {"input": [[3, 0, 7, 0, 0, 0, 0, 5, 0, 0, 0, 0, 0, 0, 0], [0, 3, 0, 0, 0, 0, 0, 0, 0, 0, 0, 0, 0, 0, 0], [6, 0, 7, 0, 0, 3, 0, 0, 0, 0, 0, 0, 0, 0, 0], [0, 0, 0, 0, 0, 0, 0, 0, 0, 5, 0, 0, 0, 0, 8], [0, 5, 0, 0, 8, 0, 0, 0, 0, 0, 0, 0, 0, 0, 0], [0, 8, 0, 0, 0, 0, 5, 0, 0, 0, 0, 5, 0, 0, 0], [0, 0, 0, 0, 8, 0, 0, 0, 3, 3, 0, 0, 0, 0, 0], [0, 5, 0, 0, 0, 0, 0, 7, 0, 8, 0, 0, 5, 0, 0], [0, 0, 0, 0, 3, 0, 0, 0, 0, 0, 0, 6, 0, 0, 5], [5, 0, 0, 0, 6, 0, 0, 0, 0, 0, 0, 0, 0, 0, 0], [5, 0, 0, 6, 0, 0, 0, 0, 0, 0, 0, 0, 0, 0, 5], [6, 0, 0, 0, 0, 7, 0, 0, 0, 0, 7, 0, 0, 0, 5]], "output": [[3, 3, 3, 3, 3, 3, 3, 3, 3, 3, 3, 3, 3, 3, 3], [3, 3, 3, 3, 3, 3, 3, 3, 3, 3, 3, 3, 3, 3, 3], [3, 3, 3, 3, 3, 3, 3, 3, 3, 3, 3, 3, 3, 3, 3], [3, 3, 3, 3, 3, 3, 3, 3, 3, 3, 3, 3, 3, 3, 3], [3, 3, 3, 3, 3, 3, 3, 3, 3, 3, 3, 3, 3, 3, 3], [3, 3, 3, 3, 3, 3, 3, 3, 3, 3, 3, 3, 3, 3, 3], [3, 3, 3, 3, 3, 3, 3, 3, 3, 3, 3, 3, 3, 3, 3], [3, 3, 3, 3, 3, 3, 3, 3, 3, 3, 3, 3, 3, 3, 3], [3, 3, 3, 3, 3, 3, 3, 3, 3, 3, 3, 3, 3, 3, 3], [3, 3, 3, 3, 3, 3, 3, 3, 3, 3, 3, 3, 3, 3, 3], [3, 3, 3, 3, 3, 3, 3, 3, 3, 3, 3, 3, 3, 3, 3], [3, 3, 3, 3, 3, 3, 3, 3, 3, 3, 3, 3, 3, 3, 3]]}, {"input": [[0, 0, 1, 5, 3, 0, 4, 0, 0, 0, 3, 0, 1, 1, 0, 5], [0, 0, 0, 0, 0, 0, 0, 0, 0, 0, 0, 0, 0, 0, 0, 0], [1, 0, 0, 0, 3, 0, 1, 0, 0, 0, 0, 0, 1, 0, 0, 0], [0, 0, 5, 0, 0, 3, 0, 4, 3, 0, 0, 0, 0, 0, 6, 0], [3, 1, 0, 0, 0, 0, 0, 0, 0, 4, 0, 0, 0, 0, 0, 0], [5, 0, 0, 0, 0, 0, 0, 5, 0, 6, 0, 0, 0, 0, 0, 0], [3, 0, 6, 0, 0, 0, 0, 6, 0, 0, 3, 0, 0, 0, 1, 0], [1, 0, 0, 0, 0, 6, 0, 0, 0, 4, 0, 0, 0, 0, 6, 0], [0, 0, 0, 1, 0, 0, 0, 0, 0, 0, 3, 5, 0, 0, 0, 0], [0, 0, 0, 5, 0, 5, 0, 0, 1, 4, 0, 0, 3, 0, 0, 0], [4, 3, 0, 4, 0, 0, 0, 5, 0, 0, 0, 0, 0, 6, 0, 5], [4, 0, 5, 0, 0, 4, 0, 0, 0, 0, 0, 0, 0, 0, 0, 5]], "output": [[3, 3, 3, 3, 3, 3, 3, 3, 3, 3, 3, 3, 3, 3, 3, 3], [3, 3, 3, 3, 3, 3, 3, 3, 3, 3, 3, 3, 3, 3, 3, 3], [3, 3, 3, 3, 3, 3, 3, 3, 3, 3, 3, 3, 3, 3, 3, 3], [3, 3, 3, 3, 3, 3, 3, 3, 3, 3, 3, 3, 3, 3, 6, 3], [3, 3, 3, 3, 3, 3, 3, 3, 3, 3, 3, 3, 3, 3, 3, 3], [3, 3, 3, 3, 3, 3, 3, 3, 3, 6, 3, 3, 3, 3, 3, 3], [3, 3, 6, 3, 3, 3, 3, 6, 3, 3, 3, 3, 3, 3, 3, 3], [3, 3, 3, 3, 3, 6, 3, 3, 3, 3, 3, 3, 3, 3, 6, 3], [3, 3, 3, 3, 3, 3, 3, 3, 3, 3, 3, 3, 3, 3, 3, 3], [3, 3, 3, 3, 3, 3, 3, 3, 3, 3, 3, 3, 3, 3, 3, 3], [3, 3, 3, 3, 3, 3, 3, 3, 3, 3, 3, 3, 3, 6, 3, 3], [3, 3, 3, 3, 3, 3, 3, 3, 3, 3, 3, 3, 3, 3, 3, 3]]}, {"input": [[0, 0, 2, 9, 0, 1, 0, 0, 0, 8, 9, 0, 0, 0], [0, 0, 0, 0, 0, 0, 1, 0, 0, 0, 9, 8, 9, 0], [0, 0, 9, 0, 0, 5, 0, 1, 0, 0, 0, 0, 0, 0], [8, 0, 0, 0, 1, 0, 0, 0, 0, 0, 0, 0, 1, 0], [0, 5, 2, 0, 9, 0, 9, 0, 1, 0, 0, 8, 0, 0], [0, 8, 2, 0, 2, 0, 9, 0, 0, 0, 0, 9, 1, 0], [0, 8, 9, 2, 5, 0, 2, 9, 8, 2, 5, 0, 0, 0], [9, 0, 0, 0, 0, 0, 2, 2, 0, 9, 0, 5, 0, 0], [1, 0, 0, 0, 0, 0, 0, 0, 0, 9, 0, 0, 0, 0], [0, 0, 0, 9, 0, 1, 0, 0, 9, 2, 1, 0, 8, 5], [0, 0, 9, 2, 0, 2, 8, 0, 0, 0, 0, 8, 1, 0], [1, 0, 0, 0, 5, 0, 5, 5, 2, 9, 2, 0, 0, 0], [9, 0, 9, 0, 5, 0, 0, 0, 0, 5, 0, 0, 0, 0], [9, 8, 8, 0, 0, 0, 0, 0, 9, 0, 0, 0, 0, 9]], "output": [[3, 3, 3, 3, 3, 3, 3, 3, 3, 3, 3, 3, 3, 3], [3, 3, 3, 3, 3, 3, 3, 3, 3, 3, 3, 3, 3, 3], [3, 3, 3, 3, 3, 3, 3, 3, 3, 3, 3, 3, 3, 3], [3, 3, 3, 3, 3, 3, 3, 3, 3, 3, 3, 3, 3, 3], [3, 3, 3, 3, 3, 3, 3, 3, 3, 3, 3, 3, 3, 3], [3, 3, 3, 3, 3, 3, 3, 3, 3, 3, 3, 3, 3, 3], [3, 3, 3, 3, 3, 3, 3, 3, 3, 3, 3, 3, 3, 3], [3, 3, 3, 3, 3, 3, 3, 3, 3, 3, 3, 3, 3, 3], [3, 3, 3, 3, 3, 3, 3, 3, 3, 3, 3, 3, 3, 3], [3, 3, 3, 3, 3, 3, 3, 3, 3, 3, 3, 3, 3, 3], [3, 3, 3, 3, 3, 3, 3, 3, 3, 3, 3, 3, 3, 3], [3, 3, 3, 3, 3, 3, 3, 3, 3, 3, 3, 3, 3, 3], [3, 3, 3, 3, 3, 3, 3, 3, 3, 3, 3, 3, 3, 3], [3, 3, 3, 3, 3, 3, 3, 3, 3, 3, 3, 3, 3, 3]]}, {"input": [[5, 9, 0, 0, 0, 0, 0, 0, 9, 0, 9, 9, 0, 0], [0, 0, 0, 0, 0, 0, 0, 4, 1, 0, 0, 0, 0, 0], [0, 0, 0, 0, 0, 0, 0, 0, 0, 0, 0, 0, 0, 0], [0, 0, 0, 0, 0, 0, 0, 0, 0, 0, 0, 0, 5, 0], [0, 0, 2, 0, 0, 0, 2, 0, 0, 0, 0, 9, 0, 1], [9, 2, 0, 0, 0, 0, 0, 5, 0, 0, 0, 0, 1, 0], [0, 0, 0, 0, 0, 0, 0, 0, 0, 0, 0, 0, 0, 0], [1, 0, 0, 0, 0, 0, 0, 4, 0, 0, 0, 0, 0, 0], [0, 0, 0, 0, 0, 0, 0, 0, 0, 0, 0, 9, 5, 0], [4, 2, 9, 0, 0, 5, 0, 0, 0, 0, 0, 4, 0, 0], [4, 0, 1, 1, 0, 0, 0, 0, 5, 0, 4, 0, 0, 0], [0, 0, 4, 0, 0, 0, 5, 0, 0, 0, 0, 0, 0, 0], [0, 0, 0, 2, 4, 0, 0, 0, 0, 0, 0, 2, 0, 1], [5, 4, 0, 0, 0, 4, 0, 0, 0, 0, 0, 5, 0, 0], [0, 0, 0, 0, 0, 0, 0, 0, 0, 0, 0, 0, 0, 0], [0, 0, 2, 0, 0, 0, 0, 0, 0, 0, 0, 0, 0, 0], [0, 0, 0, 0, 4, 9, 0, 0, 0, 0, 0, 0, 0, 9]], "output": [[3, 3, 3, 3, 3, 3, 3, 3, 3, 3, 3, 3, 3, 3], [3, 3, 3, 3, 3, 3, 3, 3, 3, 3, 3, 3, 3, 3], [3, 3, 3, 3, 3, 3, 3, 3, 3, 3, 3, 3, 3, 3], [3, 3, 3, 3, 3, 3, 3, 3, 3, 3, 3, 3, 3, 3], [3, 3, 2, 3, 3, 3, 2, 3, 3, 3, 3, 3, 3, 3], [3, 2, 3, 3, 3, 3, 3, 3, 3, 3, 3, 3, 3, 3], [3, 3, 3, 3, 3, 3, 3, 3, 3, 3, 3, 3, 3, 3], [3, 3, 3, 3, 3, 3, 3, 3, 3, 3, 3, 3, 3, 3], [3, 3, 3, 3, 3, 3, 3, 3, 3, 3, 3, 3, 3, 3], [3, 2, 3, 3, 3, 3, 3, 3, 3, 3, 3, 3, 3, 3], [3, 3, 3, 3, 3, 3, 3, 3, 3, 3, 3, 3, 3, 3], [3, 3, 3, 3, 3, 3, 3, 3, 3, 3, 3, 3, 3, 3], [3, 3, 3, 2, 3, 3, 3, 3, 3, 3, 3, 2, 3, 3], [3, 3, 3, 3, 3, 3, 3, 3, 3, 3, 3, 3, 3, 3], [3, 3, 3, 3, 3, 3, 3, 3, 3, 3, 3, 3, 3, 3], [3, 3, 2, 3, 3, 3, 3, 3, 3, 3, 3, 3, 3, 3], [3, 3, 3, 3, 3, 3, 3, 3, 3, 3, 3, 3, 3, 3]]}, {"input": [[0, 0, 0, 0, 0, 0, 0, 0, 0, 3, 0, 0, 6, 0, 3], [0, 0, 0, 4, 0, 0, 0, 0, 0, 3, 3, 0, 0, 0, 0], [0, 0, 0, 0, 0, 0, 0, 0, 6, 7, 0, 3, 0, 3, 0], [0, 0, 0, 0, 0, 0, 7, 0, 0, 2, 0, 4, 0, 0, 0], [0, 0, 0, 0, 0, 0, 0, 0, 0, 0, 0, 0, 0, 0, 0], [0, 0, 7, 0, 0, 0, 0, 0, 0, 0, 0, 0, 0, 0, 0], [0, 0, 2, 0, 0, 3, 0, 6, 0, 0, 0, 0, 0, 0, 0], [0, 0, 0, 0, 0, 0, 0, 0, 0, 0, 0, 0, 0, 0, 0], [0, 0, 6, 0, 0, 0, 0, 0, 7, 0, 3, 0, 0, 0, 0], [0, 0, 0, 6, 0, 0, 2, 0, 0, 0, 0, 0, 6, 0, 0], [0, 0, 0, 2, 0, 0, 0, 0, 0, 0, 0, 0, 2, 3, 0], [0, 0, 0, 0, 0, 0, 0, 0, 0, 0, 0, 0, 0, 0, 0], [0, 0, 0, 0, 0, 3, 0, 0, 0, 0, 0, 0, 0, 0, 0], [0, 0, 0, 0, 0, 0, 0, 0, 3, 0, 0, 0, 0, 0, 3], [0, 0, 0, 0, 4, 0, 0, 0, 0, 0, 6, 0, 0, 7, 0], [0, 0, 0, 0, 0, 0, 0, 0, 7, 7, 3, 0, 3, 0, 4], [3, 0, 2, 0, 4, 0, 0, 0, 0, 0, 0, 0, 0, 0, 2], [0, 0, 0, 7, 0, 6, 0, 0, 0, 4, 7, 0, 0, 0, 0], [0, 0, 3, 0, 0, 0, 0, 0, 0, 0, 0, 0, 7, 0, 0]], "output": [[3, 3, 3, 3, 3, 3, 3, 3, 3, 3, 3, 3, 3, 3, 3], [3, 3, 3, 3, 3, 3, 3, 3, 3, 3, 3, 3, 3, 3, 3], [3, 3, 3, 3, 3, 3, 3, 3, 3, 3, 3, 3, 3, 3, 3], [3, 3, 3, 3, 3, 3, 3, 3, 3, 3, 3, 3, 3, 3, 3], [3, 3, 3, 3, 3, 3, 3, 3, 3, 3, 3, 3, 3, 3, 3], [3, 3, 3, 3, 3, 3, 3, 3, 3, 3, 3, 3, 3, 3, 3], [3, 3, 3, 3, 3, 3, 3, 3, 3, 3, 3, 3, 3, 3, 3], [3, 3, 3, 3, 3, 3, 3, 3, 3, 3, 3, 3, 3, 3, 3], [3, 3, 3, 3, 3, 3, 3, 3, 3, 3, 3, 3, 3, 3, 3], [3, 3, 3, 3, 3, 3, 3, 3, 3, 3, 3, 3, 3, 3, 3], [3, 3, 3, 3, 3, 3, 3, 3, 3, 3, 3, 3, 3, 3, 3], [3, 3, 3, 3, 3, 3, 3, 3, 3, 3, 3, 3, 3, 3, 3], [3, 3, 3, 3, 3, 3, 3, 3, 3, 3, 3, 3, 3, 3, 3], [3, 3, 3, 3, 3, 3, 3, 3, 3, 3, 3, 3, 3, 3, 3], [3, 3, 3, 3, 3, 3, 3, 3, 3, 3, 3, 3, 3, 3, 3], [3, 3, 3, 3, 3, 3, 3, 3, 3, 3, 3, 3, 3, 3, 3], [3, 3, 3, 3, 3, 3, 3, 3, 3, 3, 3, 3, 3, 3, 3], [3, 3, 3, 3, 3, 3, 3, 3, 3, 3, 3, 3, 3, 3, 3], [3, 3, 3, 3, 3, 3, 3, 3, 3, 3, 3, 3, 3, 3, 3]]}, {"input": [[1, 1, 0, 0, 0, 0, 6, 0, 0, 0, 6, 0, 0, 0, 1, 6], [0, 9, 9, 4, 0, 0, 1, 6, 0, 0, 8, 4, 1, 8, 6, 9], [0, 9, 6, 9, 0, 0, 0, 0, 0, 0, 0, 4, 0, 8, 0, 0], [0, 9, 0, 6, 0, 9, 4, 0, 0, 6, 0, 9, 0, 9, 0, 0], [1, 0, 4, 1, 0, 0, 0, 0, 8, 9, 0, 4, 0, 9, 4, 0], [6, 8, 1, 0, 0, 0, 0, 4, 4, 0, 0, 0, 0, 1, 0, 0], [4, 4, 0, 8, 0, 0, 0, 9, 8, 1, 0, 0, 0, 0, 0, 1], [6, 0, 0, 8, 0, 0, 0, 4, 0, 0, 0, 0, 0, 0, 0, 0], [0, 0, 0, 8, 8, 6, 8, 0, 0, 0, 0, 0, 0, 1, 0, 0], [0, 0, 8, 0, 0, 0, 0, 4, 0, 6, 0, 8, 4, 6, 0, 0], [0, 9, 0, 0, 6, 0, 4, 0, 0, 1, 0, 0, 4, 0, 0, 6]], "output": [[3, 3, 3, 3, 3, 3, 3, 3, 3, 3, 3, 3, 3, 3, 3, 3], [3, 3, 3, 3, 3, 3, 3, 3, 3, 3, 8, 3, 3, 8, 3, 3], [3, 3, 3, 3, 3, 3, 3, 3, 3, 3, 3, 3, 3, 8, 3, 3], [3, 3, 3, 3, 3, 3, 3, 3, 3, 3, 3, 3, 3, 3, 3, 3], [3, 3, 3, 3, 3, 3, 3, 3, 8, 3, 3, 3, 3, 3, 3, 3], [3, 8, 3, 3, 3, 3, 3, 3, 3, 3, 3, 3, 3, 3, 3, 3], [3, 3, 3, 8, 3, 3, 3, 3, 8, 3, 3, 3, 3, 3, 3, 3], [3, 3, 3, 8, 3, 3, 3, 3, 3, 3, 3, 3, 3, 3, 3, 3], [3, 3, 3, 8, 8, 3, 8, 3, 3, 3, 3, 3, 3, 3, 3, 3], [3, 3, 8, 3, 3, 3, 3, 3, 3, 3, 3, 8, 3, 3, 3, 3], [3, 3, 3, 3, 3, 3, 3, 3, 3, 3, 3, 3, 3, 3, 3, 3]]}, {"input": [[0, 0, 0, 0, 1, 0, 0, 0, 0, 0, 0, 0, 0, 0, 9, 0, 0, 0], [0, 0, 0, 8, 0, 8, 0, 0, 0, 6, 0, 0, 5, 0, 0, 0, 0, 0], [1, 0, 0, 0, 0, 0, 0, 0, 0, 0, 0, 0, 0, 0, 0, 8, 0, 0], [0, 0, 0, 0, 0, 0, 0, 0, 0, 0, 0, 0, 0, 0, 0, 0, 0, 8], [0, 0, 0, 0, 0, 0, 0, 0, 0, 0, 0, 0, 0, 0, 0, 0, 0, 0], [8, 0, 6, 0, 0, 0, 0, 0, 0, 0, 0, 0, 0, 0, 0, 0, 0, 9], [0, 0, 6, 0, 5, 0, 0, 0, 0, 0, 0, 9, 0, 0, 0, 0, 0, 0], [8, 0, 1, 5, 0, 0, 0, 0, 0, 0, 0, 9, 0, 0, 0, 0, 0, 0], [0, 0, 0, 0, 0, 0, 0, 0, 0, 0, 0, 0, 0, 0, 0, 6, 5, 6], [0, 0, 0, 0, 0, 0, 6, 0, 0, 0, 0, 0, 0, 8, 0, 0, 0, 0], [0, 0, 5, 0, 0, 0, 0, 0, 0, 6, 0, 0, 0, 0, 0, 0, 0, 0], [0, 0, 1, 0, 0, 0, 1, 0, 0, 0, 0, 0, 0, 0, 0, 0, 0, 0], [0, 0, 9, 0, 0, 1, 0, 0, 0, 0, 0, 8, 0, 0, 0, 9, 0, 0], [0, 0, 0, 0, 0, 0, 0, 0, 6, 0, 1, 0, 0, 0, 0, 8, 0, 0], [9, 0, 0, 0, 0, 0, 0, 0, 0, 0, 0, 0, 9, 0, 0, 5, 0, 0], [0, 0, 0, 0, 0, 0, 8, 0, 0, 0, 0, 0, 0, 0, 0, 0, 0, 8], [0, 0, 0, 0, 0, 0, 0, 0, 0, 9, 0, 0, 0, 0, 0, 0, 0, 9], [0, 0, 0, 0, 0, 0, 0, 0, 0, 0, 0, 0, 0, 0, 0, 9, 9, 0]], "output": [[3, 3, 3, 3, 3, 3, 3, 3, 3, 3, 3, 3, 3, 3, 3, 3, 3, 3], [3, 3, 3, 3, 3, 3, 3, 3, 3, 3, 3, 3, 5, 3, 3, 3, 3, 3], [3, 3, 3, 3, 3, 3, 3, 3, 3, 3, 3, 3, 3, 3, 3, 3, 3, 3], [3, 3, 3, 3, 3, 3, 3, 3, 3, 3, 3, 3, 3, 3, 3, 3, 3, 3], [3, 3, 3, 3, 3, 3, 3, 3, 3, 3, 3, 3, 3, 3, 3, 3, 3, 3], [3, 3, 3, 3, 3, 3, 3, 3, 3, 3, 3, 3, 3, 3, 3, 3, 3, 3], [3, 3, 3, 3, 5, 3, 3, 3, 3, 3, 3, 3, 3, 3, 3, 3, 3, 3], [3, 3, 3, 5, 3, 3, 3, 3, 3, 3, 3, 3, 3, 3, 3, 3, 3, 3], [3, 3, 3, 3, 3, 3, 3, 3, 3, 3, 3, 3, 3, 3, 3, 3, 5, 3], [3, 3, 3, 3, 3, 3, 3, 3, 3, 3, 3, 3, 3, 3, 3, 3, 3, 3], [3, 3, 5, 3, 3, 3, 3, 3, 3, 3, 3, 3, 3, 3, 3, 3, 3, 3], [3, 3, 3, 3, 3, 3, 3, 3, 3, 3, 3, 3, 3, 3, 3, 3, 3, 3], [3, 3, 3, 3, 3, 3, 3, 3, 3, 3, 3, 3, 3, 3, 3, 3, 3, 3], [3, 3, 3, 3, 3, 3, 3, 3, 3, 3, 3, 3, 3, 3, 3, 3, 3, 3], [3, 3, 3, 3, 3, 3, 3, 3, 3, 3, 3, 3, 3, 3, 3, 5, 3, 3], [3, 3, 3, 3, 3, 3, 3, 3, 3, 3, 3, 3, 3, 3, 3, 3, 3, 3], [3, 3, 3, 3, 3, 3, 3, 3, 3, 3, 3, 3, 3, 3, 3, 3, 3, 3], [3, 3, 3, 3, 3, 3, 3, 3, 3, 3, 3, 3, 3, 3, 3, 3, 3, 3]]}, {"input": [[4, 0, 0, 0, 0, 0, 0, 2, 0, 0, 0, 8], [9, 5, 0, 2, 5, 4, 0, 0, 0, 0, 0, 8], [0, 0, 0, 0, 2, 2, 0, 0, 8, 8, 0, 0], [4, 9, 0, 0, 8, 0, 0, 0, 0, 0, 9, 0], [0, 4, 0, 0, 0, 0, 0, 4, 0, 0, 0, 0], [0, 0, 0, 4, 0, 4, 9, 2, 0, 9, 0, 0], [0, 0, 0, 0, 2, 2, 0, 0, 5, 8, 0, 0], [0, 0, 0, 0, 0, 0, 0, 0, 9, 0, 0, 0], [4, 0, 0, 0, 8, 0, 0, 0, 0, 4, 0, 0], [5, 0, 0, 0, 0, 8, 0, 0, 0, 4, 0, 4], [0, 0, 0, 0, 2, 8, 2, 2, 8, 2, 0, 0], [0, 0, 0, 4, 0, 0, 0, 0, 0, 0, 0, 0], [0, 0, 0, 8, 0, 0, 4, 0, 5, 0, 0, 0], [0, 0, 2, 0, 0, 0, 8, 0, 0, 0, 4, 2], [0, 0, 5, 0, 4, 0, 0, 0, 4, 0, 0, 0]], "output": [[3, 3, 3, 3, 3, 3, 3, 3, 3, 3, 3, 3], [3, 3, 3, 3, 3, 3, 3, 3, 3, 3, 3, 3], [3, 3, 3, 3, 3, 3, 3, 3, 3, 3, 3, 3], [3, 3, 3, 3, 3, 3, 3, 3, 3, 3, 3, 3], [3, 3, 3, 3, 3, 3, 3, 3, 3, 3, 3, 3], [3, 3, 3, 3, 3, 3, 3, 3, 3, 3, 3, 3], [3, 3, 3, 3, 3, 3, 3, 3, 3, 3, 3, 3], [3, 3, 3, 3, 3, 3, 3, 3, 3, 3, 3, 3], [3, 3, 3, 3, 3, 3, 3, 3, 3, 3, 3, 3], [3, 3, 3, 3, 3, 3, 3, 3, 3, 3, 3, 3], [3, 3, 3, 3, 3, 3, 3, 3, 3, 3, 3, 3], [3, 3, 3, 3, 3, 3, 3, 3, 3, 3, 3, 3], [3, 3, 3, 3, 3, 3, 3, 3, 3, 3, 3, 3], [3, 3, 3, 3, 3, 3, 3, 3, 3, 3, 3, 3], [3, 3, 3, 3, 3, 3, 3, 3, 3, 3, 3, 3]]}, {"input": [[0, 0, 5, 3, 0, 6, 0, 0, 0, 0, 0], [6, 3, 0, 0, 0, 0, 0, 0, 7, 0, 0], [0, 0, 0, 0, 0, 7, 0, 0, 5, 0, 7], [0, 0, 0, 5, 0, 0, 0, 0, 1, 0, 0], [0, 7, 0, 0, 0, 5, 0, 0, 0, 0, 0], [0, 0, 7, 5, 0, 0, 1, 0, 0, 7, 6], [0, 1, 5, 0, 5, 0, 0, 0, 3, 0, 0], [0, 3, 0, 5, 0, 7, 0, 0, 0, 0, 7], [0, 6, 0, 1, 0, 0, 7, 0, 0, 0, 5], [6, 0, 3, 0, 1, 0, 0, 0, 0, 0, 0], [0, 0, 0, 0, 0, 0, 3, 0, 6, 5, 0], [0, 0, 0, 0, 0, 0, 0, 0, 0, 0, 0], [0, 0, 3, 0, 3, 6, 6, 6, 7, 0, 6], [6, 5, 7, 6, 0, 0, 6, 0, 0, 0, 0]], "output": [[3, 3, 3, 3, 3, 3, 3, 3, 3, 3, 3], [3, 3, 3, 3, 3, 3, 3, 3, 3, 3, 3], [3, 3, 3, 3, 3, 3, 3, 3, 3, 3, 3], [3, 3, 3, 3, 3, 3, 3, 3, 1, 3, 3], [3, 3, 3, 3, 3, 3, 3, 3, 3, 3, 3], [3, 3, 3, 3, 3, 3, 1, 3, 3, 3, 3], [3, 1, 3, 3, 3, 3, 3, 3, 3, 3, 3], [3, 3, 3, 3, 3, 3, 3, 3, 3, 3, 3], [3, 3, 3, 1, 3, 3, 3, 3, 3, 3, 3], [3, 3, 3, 3, 1, 3, 3, 3, 3, 3, 3], [3, 3, 3, 3, 3, 3, 3, 3, 3, 3, 3], [3, 3, 3, 3, 3, 3, 3, 3, 3, 3, 3], [3, 3, 3, 3, 3, 3, 3, 3, 3, 3, 3], [3, 3, 3, 3, 3, 3, 3, 3, 3, 3, 3]]}, {"input": [[0, 0, 0, 0, 0, 0, 7, 6, 0, 0, 0], [6, 0, 0, 0, 0, 0, 0, 0, 0, 0, 0], [0, 0, 0, 0, 0, 0, 0, 0, 9, 0, 7], [5, 0, 0, 0, 0, 0, 0, 0, 9, 0, 6], [5, 0, 5, 0, 5, 0, 0, 7, 6, 0, 0], [0, 0, 0, 6, 0, 7, 0, 0, 0, 0, 6], [7, 0, 0, 7, 0, 9, 0, 7, 0, 0, 6], [0, 9, 0, 0, 0, 0, 7, 5, 0, 0, 0], [6, 0, 8, 0, 0, 0, 0, 0, 0, 0, 0], [0, 0, 5, 8, 0, 0, 0, 0, 0, 0, 0], [0, 0, 0, 0, 0, 9, 0, 0, 0, 6, 9], [0, 9, 0, 0, 0, 0, 8, 0, 0, 0, 0], [0, 0, 0, 0, 0, 0, 0, 0, 0, 7, 5], [0, 0, 8, 0, 0, 5, 0, 0, 0, 0, 0], [0, 0, 0, 0, 0, 0, 0, 0, 0, 0, 0], [0, 0, 0, 0, 9, 8, 0, 0, 0, 0, 0], [0, 0, 0, 6, 0, 0, 0, 0, 0, 0, 0], [0, 0, 0, 6, 0, 0, 0, 0, 0, 9, 0], [0, 0, 5, 0, 0, 0, 0, 0, 0, 0, 6]], "output": [[3, 3, 3, 3, 3, 3, 3, 3, 3, 3, 3], [3, 3, 3, 3, 3, 3, 3, 3, 3, 3, 3], [3, 3, 3, 3, 3, 3, 3, 3, 3, 3, 3], [3, 3, 3, 3, 3, 3, 3, 3, 3, 3, 3], [3, 3, 3, 3, 3, 3, 3, 3, 3, 3, 3], [3, 3, 3, 3, 3, 3, 3, 3, 3, 3, 3], [3, 3, 3, 3, 3, 3, 3, 3, 3, 3, 3], [3, 3, 3, 3, 3, 3, 3, 3, 3, 3, 3], [3, 3, 8, 3, 3, 3, 3, 3, 3, 3, 3], [3, 3, 3, 8, 3, 3, 3, 3, 3, 3, 3], [3, 3, 3, 3, 3, 3, 3, 3, 3, 3, 3], [3, 3, 3, 3, 3, 3, 8, 3, 3, 3, 3], [3, 3, 3, 3, 3, 3, 3, 3, 3, 3, 3], [3, 3, 8, 3, 3, 3, 3, 3, 3, 3, 3], [3, 3, 3, 3, 3, 3, 3, 3, 3, 3, 3], [3, 3, 3, 3, 3, 8, 3, 3, 3, 3, 3], [3, 3, 3, 3, 3, 3, 3, 3, 3, 3, 3], [3, 3, 3, 3, 3, 3, 3, 3, 3, 3, 3], [3, 3, 3, 3, 3, 3, 3, 3, 3, 3, 3]]}, {"input": [[7, 0, 7, 0, 0, 0, 0, 0, 0, 4, 0, 0, 0, 0, 2, 9, 0, 0, 0], [0, 0, 4, 0, 0, 4, 0, 9, 0, 0, 0, 7, 0, 0, 0, 0, 0, 0, 9], [2, 9, 9, 0, 4, 6, 0, 6, 0, 0, 9, 0, 0, 4, 0, 2, 2, 0, 0], [0, 0, 0, 0, 0, 7, 0, 7, 6, 0, 0, 0, 0, 0, 4, 0, 0, 0, 0], [0, 0, 0, 6, 0, 0, 0, 0, 7, 9, 0, 0, 6, 0, 0, 0, 4, 6, 0], [0, 9, 2, 0, 0, 0, 6, 0, 0, 0, 0, 7, 0, 0, 4, 0, 0, 6, 2], [0, 9, 2, 0, 0, 0, 0, 0, 0, 0, 0, 4, 0, 2, 0, 6, 2, 0, 7], [0, 0, 0, 0, 0, 0, 0, 0, 0, 0, 0, 0, 0, 0, 0, 0, 2, 4, 0], [0, 4, 2, 0, 7, 0, 9, 0, 0, 0, 0, 0, 0, 2, 0, 0, 0, 4, 0], [7, 0, 7, 0, 0, 7, 9, 0, 0, 0, 0, 4, 0, 0, 0, 0, 0, 0, 0], [9, 0, 0, 0, 0, 0, 0, 6, 0, 9, 0, 0, 0, 7, 7, 7, 2, 0, 6]], "output": [[3, 3, 3, 3, 3, 3, 3, 3, 3, 3, 3, 3, 3, 3, 3, 3, 3, 3, 3], [3, 3, 3, 3, 3, 3, 3, 3, 3, 3, 3, 3, 3, 3, 3, 3, 3, 3, 3], [3, 3, 3, 3, 3, 3, 3, 3, 3, 3, 3, 3, 3, 3, 3, 3, 3, 3, 3], [3, 3, 3, 3, 3, 3, 3, 3, 3, 3, 3, 3, 3, 3, 3, 3, 3, 3, 3], [3, 3, 3, 3, 3, 3, 3, 3, 3, 3, 3, 3, 3, 3, 3, 3, 3, 3, 3], [3, 3, 3, 3, 3, 3, 3, 3, 3, 3, 3, 3, 3, 3, 3, 3, 3, 3, 3], [3, 3, 3, 3, 3, 3, 3, 3, 3, 3, 3, 3, 3, 3, 3, 3, 3, 3, 3], [3, 3, 3, 3, 3, 3, 3, 3, 3, 3, 3, 3, 3, 3, 3, 3, 3, 3, 3], [3, 3, 3, 3, 3, 3, 3, 3, 3, 3, 3, 3, 3, 3, 3, 3, 3, 3, 3], [3, 3, 3, 3, 3, 3, 3, 3, 3, 3, 3, 3, 3, 3, 3, 3, 3, 3, 3], [3, 3, 3, 3, 3, 3, 3, 3, 3, 3, 3, 3, 3, 3, 3, 3, 3, 3, 3]]}, {"input": [[0, 4, 0, 0, 0, 0, 4, 4, 0, 0, 0, 9], [0, 0, 0, 9, 0, 9, 7, 0, 0, 4, 7, 0], [4, 0, 9, 0, 9, 0, 0, 0, 9, 0, 0, 4], [0, 0, 0, 0, 0, 2, 0, 0, 2, 0, 0, 0], [4, 0, 7, 2, 0, 0, 0, 0, 0, 0, 5, 0], [0, 0, 4, 0, 0, 0, 0, 5, 0, 2, 0, 0], [4, 0, 5, 7, 0, 0, 0, 0, 0, 2, 5, 9], [0, 0, 0, 0, 0, 0, 0, 7, 0, 0, 0, 0], [0, 0, 0, 0, 0, 0, 0, 0, 0, 0, 0, 0], [0, 4, 0, 0, 0, 0, 9, 0, 0, 0, 0, 0]], "output": [[3, 3, 3, 3, 3, 3, 3, 3, 3, 3, 3, 3], [3, 3, 3, 3, 3, 3, 7, 3, 3, 3, 7, 3], [3, 3, 3, 3, 3, 3, 3, 3, 3, 3, 3, 3], [3, 3, 3, 3, 3, 2, 3, 3, 2, 3, 3, 3], [3, 3, 7, 2, 3, 3, 3, 3, 3, 3, 5, 3], [3, 3, 3, 3, 3, 3, 3, 5, 3, 2, 3, 3], [3, 3, 5, 7, 3, 3, 3, 3, 3, 2, 5, 3], [3, 3, 3, 3, 3, 3, 3, 7, 3, 3, 3, 3], [3, 3, 3, 3, 3, 3, 3, 3, 3, 3, 3, 3], [3, 3, 3, 3, 3, 3, 3, 3, 3, 3, 3, 3]]}, {"input": [[6, 0, 5, 0, 3, 0, 6, 0, 6, 7, 0], [0, 0, 0, 0, 0, 4, 0, 7, 0, 0, 0], [6, 5, 0, 0, 0, 0, 5, 0, 0, 0, 0], [6, 0, 0, 0, 0, 5, 0, 0, 4, 0, 0], [0, 6, 0, 3, 6, 0, 0, 0, 3, 0, 0], [0, 5, 0, 7, 0, 0, 0, 0, 0, 0, 3], [0, 0, 0, 0, 7, 0, 0, 0, 5, 5, 0], [0, 6, 0, 0, 0, 0, 0, 3, 0, 0, 0], [3, 4, 0, 3, 0, 0, 0, 3, 4, 6, 0], [0, 5, 6, 4, 0, 0, 0, 0, 6, 7, 7], [0, 3, 6, 3, 0, 0, 0, 0, 0, 5, 0], [0, 0, 0, 0, 0, 0, 0, 0, 0, 6, 0], [4, 0, 0, 0, 0, 3, 0, 3, 5, 6, 5], [0, 6, 0, 0, 3, 0, 0, 0, 0, 0, 0], [5, 0, 0, 6, 0, 0, 0, 0, 0, 0, 7], [0, 4, 5, 0, 7, 0, 7, 0, 3, 7, 4], [0, 0, 0, 0, 0, 0, 0, 3, 0, 0, 0], [0, 0, 0, 0, 0, 0, 0, 0, 0, 0, 6], [0, 0, 5, 0, 0, 0, 0, 3, 4, 6, 0]], "output": [[3, 3, 3, 3, 3, 3, 3, 3, 3, 3, 3], [3, 3, 3, 3, 3, 3, 3, 3, 3, 3, 3], [3, 3, 3, 3, 3, 3, 3, 3, 3, 3, 3], [3, 3, 3, 3, 3, 3, 3, 3, 3, 3, 3], [3, 3, 3, 3, 3, 3, 3, 3, 3, 3, 3], [3, 3, 3, 3, 3, 3, 3, 3, 3, 3, 3], [3, 3, 3, 3, 3, 3, 3, 3, 3, 3, 3], [3, 3, 3, 3, 3, 3, 3, 3, 3, 3, 3], [3, 3, 3, 3, 3, 3, 3, 3, 3, 3, 3], [3, 3, 3, 3, 3, 3, 3, 3, 3, 3, 3], [3, 3, 3, 3, 3, 3, 3, 3, 3, 3, 3], [3, 3, 3, 3, 3, 3, 3, 3, 3, 3, 3], [3, 3, 3, 3, 3, 3, 3, 3, 3, 3, 3], [3, 3, 3, 3, 3, 3, 3, 3, 3, 3, 3], [3, 3, 3, 3, 3, 3, 3, 3, 3, 3, 3], [3, 3, 3, 3, 3, 3, 3, 3, 3, 3, 3], [3, 3, 3, 3, 3, 3, 3, 3, 3, 3, 3], [3, 3, 3, 3, 3, 3, 3, 3, 3, 3, 3], [3, 3, 3, 3, 3, 3, 3, 3, 3, 3, 3]]}, {"input": [[0, 9, 0, 4, 0, 4, 0, 0, 0, 0, 0, 0, 0, 0, 0, 9, 0, 0], [4, 0, 0, 9, 0, 0, 0, 0, 4, 0, 0, 0, 0, 0, 0, 0, 3, 0], [0, 0, 0, 0, 0, 0, 0, 0, 6, 0, 3, 0, 0, 0, 0, 0, 0, 0], [0, 0, 0, 0, 8, 9, 9, 0, 8, 0, 0, 0, 0, 0, 0, 0, 0, 0], [0, 0, 0, 0, 8, 0, 0, 3, 0, 4, 0, 0, 0, 0, 0, 0, 9, 0], [0, 0, 0, 0, 0, 0, 0, 3, 0, 0, 3, 0, 9, 0, 0, 0, 0, 0], [3, 8, 0, 6, 0, 6, 0, 4, 3, 0, 0, 0, 0, 0, 9, 0, 0, 4], [6, 0, 0, 0, 3, 6, 0, 9, 0, 0, 0, 0, 0, 0, 0, 8, 0, 0], [9, 0, 0, 0, 0, 0, 0, 0, 0, 0, 0, 0, 4, 0, 0, 0, 0, 8], [0, 4, 0, 0, 4, 0, 0, 0, 0, 0, 9, 0, 0, 0, 0, 9, 0, 0], [4, 0, 0, 0, 0, 0, 0, 0, 0, 0, 4, 0, 0, 8, 0, 0, 0, 9]], "output": [[3, 3, 3, 3, 3, 3, 3, 3, 3, 3, 3, 3, 3, 3, 3, 3, 3, 3], [3, 3, 3, 3, 3, 3, 3, 3, 3, 3, 3, 3, 3, 3, 3, 3, 3, 3], [3, 3, 3, 3, 3, 3, 3, 3, 3, 3, 3, 3, 3, 3, 3, 3, 3, 3], [3, 3, 3, 3, 3, 3, 3, 3, 3, 3, 3, 3, 3, 3, 3, 3, 3, 3], [3, 3, 3, 3, 3, 3, 3, 3, 3, 3, 3, 3, 3, 3, 3, 3, 3, 3], [3, 3, 3, 3, 3, 3, 3, 3, 3, 3, 3, 3, 3, 3, 3, 3, 3, 3], [3, 3, 3, 3, 3, 3, 3, 3, 3, 3, 3, 3, 3, 3, 3, 3, 3, 3], [3, 3, 3, 3, 3, 3, 3, 3, 3, 3, 3, 3, 3, 3, 3, 3, 3, 3], [3, 3, 3, 3, 3, 3, 3, 3, 3, 3, 3, 3, 3, 3, 3, 3, 3, 3], [3, 3, 3, 3, 3, 3, 3, 3, 3, 3, 3, 3, 3, 3, 3, 3, 3, 3], [3, 3, 3, 3, 3, 3, 3, 3, 3, 3, 3, 3, 3, 3, 3, 3, 3, 3]]}, {"input": [[0, 0, 0, 0, 9, 0, 0, 0, 0, 5, 0], [0, 0, 0, 0, 2, 2, 0, 0, 0, 5, 0], [0, 0, 0, 0, 0, 0, 9, 0, 4, 0, 0], [0, 4, 0, 6, 0, 0, 2, 0, 0, 0, 5], [0, 0, 0, 0, 0, 0, 0, 0, 0, 0, 6], [0, 9, 0, 0, 6, 0, 0, 2, 0, 0, 0], [0, 0, 0, 0, 4, 0, 0, 0, 0, 0, 9], [0, 0, 0, 6, 0, 0, 0, 5, 0, 0, 0], [5, 0, 0, 0, 0, 0, 0, 0, 0, 0, 0], [9, 4, 0, 0, 0, 0, 0, 0, 0, 0, 0], [0, 0, 9, 0, 9, 0, 0, 0, 0, 6, 0], [5, 9, 0, 0, 0, 0, 0, 0, 0, 0, 5], [4, 2, 0, 6, 2, 4, 0, 5, 0, 0, 0], [6, 0, 0, 2, 0, 0, 0, 0, 0, 0, 0], [0, 0, 0, 0, 0, 4, 0, 4, 0, 0, 9], [0, 0, 0, 0, 5, 0, 0, 0, 0, 0, 0], [0, 0, 0, 0, 0, 0, 0, 0, 0, 5, 0]], "output": [[3, 3, 3, 3, 3, 3, 3, 3, 3, 3, 3], [3, 3, 3, 3, 2, 2, 3, 3, 3, 3, 3], [3, 3, 3, 3, 3, 3, 3, 3, 3, 3, 3], [3, 3, 3, 3, 3, 3, 2, 3, 3, 3, 3], [3, 3, 3, 3, 3, 3, 3, 3, 3, 3, 3], [3, 3, 3, 3, 3, 3, 3, 2, 3, 3, 3], [3, 3, 3, 3, 3, 3, 3, 3, 3, 3, 3], [3, 3, 3, 3, 3, 3, 3, 3, 3, 3, 3], [3, 3, 3, 3, 3, 3, 3, 3, 3, 3, 3], [3, 3, 3, 3, 3, 3, 3, 3, 3, 3, 3], [3, 3, 3, 3, 3, 3, 3, 3, 3, 3, 3], [3, 3, 3, 3, 3, 3, 3, 3, 3, 3, 3], [3, 2, 3, 3, 2, 3, 3, 3, 3, 3, 3], [3, 3, 3, 2, 3, 3, 3, 3, 3, 3, 3], [3, 3, 3, 3, 3, 3, 3, 3, 3, 3, 3], [3, 3, 3, 3, 3, 3, 3, 3, 3, 3, 3], [3, 3, 3, 3, 3, 3, 3, 3, 3, 3, 3]]}, {"input": [[4, 9, 4, 5, 0, 9, 7, 0, 0, 0, 9, 7], [5, 0, 0, 6, 0, 0, 4, 7, 0, 0, 6, 9], [0, 7, 0, 6, 4, 7, 7, 0, 0, 7, 0, 0], [5, 6, 0, 0, 0, 0, 0, 7, 0, 6, 0, 0], [0, 0, 5, 0, 0, 7, 5, 7, 7, 9, 0, 4], [0, 9, 9, 0, 0, 9, 0, 0, 4, 9, 0, 4], [0, 5, 7, 0, 0, 0, 0, 0, 0, 0, 0, 0], [0, 0, 7, 4, 4, 5, 7, 0, 0, 0, 6, 0], [0, 0, 0, 0, 9, 4, 0, 0, 0, 0, 0, 0], [0, 0, 7, 4, 0, 0, 9, 6, 0, 0, 0, 0]], "output": [[3, 3, 3, 3, 3, 3, 3, 3, 3, 3, 3, 3], [3, 3, 3, 3, 3, 3, 3, 3, 3, 3, 3, 3], [3, 3, 3, 3, 3, 3, 3, 3, 3, 3, 3, 3], [3, 3, 3, 3, 3, 3, 3, 3, 3, 3, 3, 3], [3, 3, 3, 3, 3, 3, 3, 3, 3, 3, 3, 3], [3, 3, 3, 3, 3, 3, 3, 3, 3, 3, 3, 3], [3, 3, 3, 3, 3, 3, 3, 3, 3, 3, 3, 3], [3, 3, 3, 3, 3, 3, 3, 3, 3, 3, 3, 3], [3, 3, 3, 3, 3, 3, 3, 3, 3, 3, 3, 3], [3, 3, 3, 3, 3, 3, 3, 3, 3, 3, 3, 3]]}, {"input": [[7, 0, 0, 0, 0, 2, 0, 0, 5, 0], [7, 8, 7, 0, 0, 0, 0, 5, 0, 9], [5, 0, 0, 0, 0, 0, 0, 0, 8, 8], [0, 0, 0, 0, 8, 0, 0, 9, 8, 2], [0, 7, 8, 8, 9, 0, 7, 0, 0, 0], [0, 0, 0, 0, 8, 0, 9, 7, 0, 0], [2, 0, 0, 0, 0, 0, 0, 5, 0, 9], [0, 0, 0, 0, 9, 0, 0, 0, 0, 0], [0, 0, 0, 2, 2, 0, 7, 0, 7, 0], [0, 7, 0, 9, 7, 0, 0, 0, 0, 0], [0, 0, 8, 0, 0, 0, 0, 0, 0, 0], [8, 5, 0, 0, 0, 0, 0, 9, 0, 9], [0, 0, 0, 2, 0, 0, 0, 0, 0, 5], [0, 0, 0, 2, 0, 0, 0, 0, 0, 2], [0, 0, 0, 0, 0, 5, 2, 0, 0, 0], [0, 0, 0, 2, 9, 0, 0, 5, 0, 0], [0, 9, 0, 0, 0, 0, 0, 0, 7, 5], [0, 0, 8, 0, 0, 0, 0, 0, 0, 0], [0, 0, 2, 2, 0, 9, 5, 8, 8, 2]], "output": [[3, 3, 3, 3, 3, 3, 3, 3, 3, 3], [3, 3, 3, 3, 3, 3, 3, 3, 3, 3], [3, 3, 3, 3, 3, 3, 3, 3, 3, 3], [3, 3, 3, 3, 3, 3, 3, 3, 3, 3], [3, 3, 3, 3, 3, 3, 3, 3, 3, 3], [3, 3, 3, 3, 3, 3, 3, 3, 3, 3], [3, 3, 3, 3, 3, 3, 3, 3, 3, 3], [3, 3, 3, 3, 3, 3, 3, 3, 3, 3], [3, 3, 3, 3, 3, 3, 3, 3, 3, 3], [3, 3, 3, 3, 3, 3, 3, 3, 3, 3], [3, 3, 3, 3, 3, 3, 3, 3, 3, 3], [3, 3, 3, 3, 3, 3, 3, 3, 3, 3], [3, 3, 3, 3, 3, 3, 3, 3, 3, 3], [3, 3, 3, 3, 3, 3, 3, 3, 3, 3], [3, 3, 3, 3, 3, 3, 3, 3, 3, 3], [3, 3, 3, 3, 3, 3, 3, 3, 3, 3], [3, 3, 3, 3, 3, 3, 3, 3, 3, 3], [3, 3, 3, 3, 3, 3, 3, 3, 3, 3], [3, 3, 3, 3, 3, 3, 3, 3, 3, 3]]}, {"input": [[0, 1, 0, 0, 3, 0, 6, 0, 0, 0, 0, 0, 6, 0, 0], [0, 0, 0, 0, 0, 2, 6, 0, 0, 0, 1, 6, 0, 0, 0], [3, 0, 0, 0, 0, 2, 6, 0, 0, 3, 0, 0, 3, 0, 0], [0, 0, 1, 1, 0, 2, 0, 3, 0, 1, 0, 0, 0, 0, 0], [3, 0, 0, 0, 0, 0, 0, 0, 0, 0, 0, 0, 0, 0, 0], [0, 3, 6, 0, 0, 2, 1, 0, 8, 6, 0, 6, 0, 8, 0], [8, 0, 0, 0, 0, 1, 0, 2, 0, 0, 6, 0, 1, 6, 3], [3, 0, 0, 0, 0, 0, 6, 0, 0, 0, 6, 0, 0, 2, 1], [6, 0, 0, 0, 0, 0, 3, 0, 1, 0, 0, 0, 0, 6, 0], [0, 0, 0, 0, 0, 0, 0, 0, 0, 1, 0, 0, 0, 2, 1], [1, 0, 0, 0, 0, 0, 0, 1, 0, 0, 6, 0, 2, 0, 0], [0, 0, 0, 6, 0, 0, 0, 0, 0, 0, 8, 0, 0, 2, 0], [0, 0, 0, 0, 0, 0, 1, 1, 0, 1, 0, 0, 3, 0, 0], [0, 2, 0, 0, 0, 0, 0, 0, 0, 0, 0, 0, 0, 0, 0], [0, 3, 1, 0, 0, 3, 0, 3, 0, 0, 0, 0, 0, 0, 0], [0, 0, 0, 0, 8, 0, 0, 1, 0, 0, 0, 0, 1, 0, 0], [0, 0, 0, 0, 1, 8, 0, 6, 0, 0, 6, 0, 0, 0, 0]], "output": [[3, 3, 3, 3, 3, 3, 3, 3, 3, 3, 3, 3, 3, 3, 3], [3, 3, 3, 3, 3, 2, 3, 3, 3, 3, 3, 3, 3, 3, 3], [3, 3, 3, 3, 3, 2, 3, 3, 3, 3, 3, 3, 3, 3, 3], [3, 3, 3, 3, 3, 2, 3, 3, 3, 3, 3, 3, 3, 3, 3], [3, 3, 3, 3, 3, 3, 3, 3, 3, 3, 3, 3, 3, 3, 3], [3, 3, 3, 3, 3, 2, 3, 3, 3, 3, 3, 3, 3, 3, 3], [3, 3, 3, 3, 3, 3, 3, 2, 3, 3, 3, 3, 3, 3, 3], [3, 3, 3, 3, 3, 3, 3, 3, 3, 3, 3, 3, 3, 2, 3], [3, 3, 3, 3, 3, 3, 3, 3, 3, 3, 3, 3, 3, 3, 3], [3, 3, 3, 3, 3, 3, 3, 3, 3, 3, 3, 3, 3, 2, 3], [3, 3, 3, 3, 3, 3, 3, 3, 3, 3, 3, 3, 2, 3, 3], [3, 3, 3, 3, 3, 3, 3, 3, 3, 3, 3, 3, 3, 2, 3], [3, 3, 3, 3, 3, 3, 3, 3, 3, 3, 3, 3, 3, 3, 3], [3, 2, 3, 3, 3, 3, 3, 3, 3, 3, 3, 3, 3, 3, 3], [3, 3, 3, 3, 3, 3, 3, 3, 3, 3, 3, 3, 3, 3, 3], [3, 3, 3, 3, 3, 3, 3, 3, 3, 3, 3, 3, 3, 3, 3], [3, 3, 3, 3, 3, 3, 3, 3, 3, 3, 3, 3, 3, 3, 3]]}, {"input": [[0, 0, 0, 0, 0, 0, 1, 9, 0, 0, 0, 0, 9, 0, 0, 0], [0, 0, 0, 0, 0, 0, 0, 0, 0, 0, 2, 0, 6, 0, 0, 0], [9, 6, 0, 0, 0, 0, 0, 0, 0, 5, 0, 0, 0, 0, 0, 1], [0, 6, 0, 0, 0, 0, 0, 0, 9, 0, 0, 1, 0, 0, 0, 0], [0, 0, 0, 1, 9, 6, 0, 0, 0, 6, 0, 0, 0, 5, 0, 0], [0, 0, 0, 0, 2, 0, 0, 0, 0, 0, 2, 5, 1, 0, 0, 0], [0, 0, 0, 0, 6, 0, 0, 0, 0, 6, 0, 0, 0, 0, 9, 0], [0, 0, 0, 0, 0, 0, 0, 0, 0, 0, 0, 0, 0, 0, 1, 0], [0, 0, 0, 0, 0, 0, 0, 0, 0, 0, 0, 0, 0, 0, 0, 2], [0, 0, 0, 0, 6, 2, 0, 0, 6, 9, 0, 0, 0, 0, 0, 0], [9, 2, 0, 0, 6, 0, 0, 0, 0, 2, 0, 0, 1, 0, 5, 0], [1, 0, 0, 0, 9, 0, 5, 1, 6, 0, 0, 9, 0, 0, 0, 0]], "output": [[3, 3, 3, 3, 3, 3, 3, 3, 3, 3, 3, 3, 3, 3, 3, 3], [3, 3, 3, 3, 3, 3, 3, 3, 3, 3, 3, 3, 3, 3, 3, 3], [3, 3, 3, 3, 3, 3, 3, 3, 3, 3, 3, 3, 3, 3, 3, 3], [3, 3, 3, 3, 3, 3, 3, 3, 3, 3, 3, 3, 3, 3, 3, 3], [3, 3, 3, 3, 3, 3, 3, 3, 3, 3, 3, 3, 3, 3, 3, 3], [3, 3, 3, 3, 3, 3, 3, 3, 3, 3, 3, 3, 3, 3, 3, 3], [3, 3, 3, 3, 3, 3, 3, 3, 3, 3, 3, 3, 3, 3, 3, 3], [3, 3, 3, 3, 3, 3, 3, 3, 3, 3, 3, 3, 3, 3, 3, 3], [3, 3, 3, 3, 3, 3, 3, 3, 3, 3, 3, 3, 3, 3, 3, 3], [3, 3, 3, 3, 3, 3, 3, 3, 3, 3, 3, 3, 3, 3, 3, 3], [3, 3, 3, 3, 3, 3, 3, 3, 3, 3, 3, 3, 3, 3, 3, 3], [3, 3, 3, 3, 3, 3, 3, 3, 3, 3, 3, 3, 3, 3, 3, 3]]}, {"input": [[0, 0, 0, 8, 0, 0, 0, 4, 0, 0, 5, 0, 0, 0, 0, 0], [6, 0, 4, 0, 0, 0, 0, 6, 0, 0, 0, 0, 0, 0, 0, 0], [5, 0, 0, 0, 0, 0, 3, 0, 0, 0, 0, 8, 4, 0, 6, 0], [0, 0, 0, 0, 4, 0, 0, 0, 0, 0, 0, 0, 0, 0, 0, 0], [0, 0, 0, 0, 0, 0, 0, 0, 0, 0, 0, 5, 5, 4, 6, 0], [0, 0, 0, 5, 3, 0, 3, 0, 0, 0, 0, 0, 0, 0, 0, 0], [0, 0, 0, 0, 0, 0, 0, 0, 0, 0, 0, 0, 0, 0, 0, 6], [0, 0, 0, 5, 0, 0, 0, 0, 0, 0, 4, 0, 5, 0, 0, 0], [0, 0, 0, 0, 0, 0, 4, 8, 0, 0, 0, 0, 0, 3, 0, 0], [0, 0, 4, 0, 8, 0, 4, 0, 0, 0, 0, 0, 0, 0, 3, 0], [0, 0, 0, 3, 0, 5, 0, 0, 0, 6, 4, 0, 0, 8, 0, 0], [0, 4, 0, 0, 0, 0, 0, 0, 0, 0, 0, 0, 0, 0, 0, 0], [0, 8, 0, 0, 0, 0, 0, 0, 0, 0, 6, 4, 0, 0, 0, 0], [0, 5, 0, 0, 5, 8, 0, 0, 4, 0, 0, 0, 0, 0, 0, 5], [0, 0, 0, 0, 0, 0, 6, 0, 0, 0, 4, 0, 0, 0, 0, 0], [0, 0, 5, 0, 0, 0, 0, 0, 0, 0, 0, 0, 0, 0, 0, 0]], "output": [[3, 3, 3, 3, 3, 3, 3, 3, 3, 3, 3, 3, 3, 3, 3, 3], [3, 3, 3, 3, 3, 3, 3, 3, 3, 3, 3, 3, 3, 3, 3, 3], [3, 3, 3, 3, 3, 3, 3, 3, 3, 3, 3, 3, 3, 3, 3, 3], [3, 3, 3, 3, 3, 3, 3, 3, 3, 3, 3, 3, 3, 3, 3, 3], [3, 3, 3, 3, 3, 3, 3, 3, 3, 3, 3, 3, 3, 3, 3, 3], [3, 3, 3, 3, 3, 3, 3, 3, 3, 3, 3, 3, 3, 3, 3, 3], [3, 3, 3, 3, 3, 3, 3, 3, 3, 3, 3, 3, 3, 3, 3, 3], [3, 3, 3, 3, 3, 3, 3, 3, 3, 3, 3, 3, 3, 3, 3, 3], [3, 3, 3, 3, 3, 3, 3, 3, 3, 3, 3, 3, 3, 3, 3, 3], [3, 3, 3, 3, 3, 3, 3, 3, 3, 3, 3, 3, 3, 3, 3, 3], [3, 3, 3, 3, 3, 3, 3, 3, 3, 3, 3, 3, 3, 3, 3, 3], [3, 3, 3, 3, 3, 3, 3, 3, 3, 3, 3, 3, 3, 3, 3, 3], [3, 3, 3, 3, 3, 3, 3, 3, 3, 3, 3, 3, 3, 3, 3, 3], [3, 3, 3, 3, 3, 3, 3, 3, 3, 3, 3, 3, 3, 3, 3, 3], [3, 3, 3, 3, 3, 3, 3, 3, 3, 3, 3, 3, 3, 3, 3, 3], [3, 3, 3, 3, 3, 3, 3, 3, 3, 3, 3, 3, 3, 3, 3, 3]]}, {"input": [[0, 0, 0, 0, 0, 3, 0, 0, 0, 0, 0, 0, 1, 0, 0, 0, 0, 6, 0], [0, 6, 0, 0, 0, 6, 5, 0, 1, 0, 0, 0, 3, 0, 0, 0, 0, 1, 0], [1, 0, 0, 0, 1, 5, 0, 0, 0, 0, 0, 0, 3, 0, 0, 0, 0, 0, 0], [0, 0, 0, 0, 0, 0, 0, 0, 5, 0, 0, 8, 5, 0, 0, 0, 0, 0, 6], [1, 0, 0, 0, 5, 0, 0, 0, 0, 0, 0, 0, 0, 5, 0, 0, 0, 0, 0], [0, 0, 0, 3, 3, 0, 0, 0, 5, 0, 0, 0, 6, 8, 0, 0, 0, 0, 0], [0, 0, 0, 8, 5, 0, 0, 3, 5, 0, 1, 8, 0, 0, 0, 0, 0, 0, 0], [8, 6, 1, 0, 5, 0, 6, 0, 0, 1, 0, 0, 1, 0, 0, 0, 0, 0, 1], [0, 0, 0, 0, 0, 0, 0, 8, 0, 6, 8, 0, 0, 0, 1, 1, 0, 8, 1], [0, 3, 8, 0, 0, 6, 0, 0, 6, 0, 0, 1, 0, 0, 0, 0, 0, 0, 1], [0, 0, 0, 0, 6, 0, 0, 0, 0, 0, 0, 0, 6, 0, 0, 0, 0, 0, 1], [0, 0, 0, 0, 0, 0, 0, 5, 0, 0, 6, 0, 0, 0, 6, 0, 0, 0, 0], [3, 0, 0, 0, 0, 0, 6, 8, 0, 5, 0, 6, 6, 0, 0, 0, 0, 0, 0], [0, 0, 0, 0, 0, 0, 0, 0, 0, 0, 0, 8, 0, 8, 0, 0, 0, 3, 0], [1, 3, 0, 0, 0, 0, 3, 0, 0, 0, 0, 0, 3, 0, 0, 0, 0, 0, 0], [0, 0, 0, 0, 0, 0, 0, 8, 0, 8, 0, 0, 0, 1, 0, 1, 0, 0, 0]], "output": [[3, 3, 3, 3, 3, 3, 3, 3, 3, 3, 3, 3, 3, 3, 3, 3, 3, 3, 3], [3, 3, 3, 3, 3, 3, 5, 3, 3, 3, 3, 3, 3, 3, 3, 3, 3, 3, 3], [3, 3, 3, 3, 3, 5, 3, 3, 3, 3, 3, 3, 3, 3, 3, 3, 3, 3, 3], [3, 3, 3, 3, 3, 3, 3, 3, 5, 3, 3, 3, 5, 3, 3, 3, 3, 3, 3], [3, 3, 3, 3, 5, 3, 3, 3, 3, 3, 3, 3, 3, 5, 3, 3, 3, 3, 3], [3, 3, 3, 3, 3, 3, 3, 3, 5, 3, 3, 3, 3, 3, 3, 3, 3, 3, 3], [3, 3, 3, 3, 5, 3, 3, 3, 5, 3, 3, 3, 3, 3, 3, 3, 3, 3, 3], [3, 3, 3, 3, 5, 3, 3, 3, 3, 3, 3, 3, 3, 3, 3, 3, 3, 3, 3], [3, 3, 3, 3, 3, 3, 3, 3, 3, 3, 3, 3, 3, 3, 3, 3, 3, 3, 3], [3, 3, 3, 3, 3, 3, 3, 3, 3, 3, 3, 3, 3, 3, 3, 3, 3, 3, 3], [3, 3, 3, 3, 3, 3, 3, 3, 3, 3, 3, 3, 3, 3, 3, 3, 3, 3, 3], [3, 3, 3, 3, 3, 3, 3, 5, 3, 3, 3, 3, 3, 3, 3, 3, 3, 3, 3], [3, 3, 3, 3, 3, 3, 3, 3, 3, 5, 3, 3, 3, 3, 3, 3, 3, 3, 3], [3, 3, 3, 3, 3, 3, 3, 3, 3, 3, 3, 3, 3, 3, 3, 3, 3, 3, 3], [3, 3, 3, 3, 3, 3, 3, 3, 3, 3, 3, 3, 3, 3, 3, 3, 3, 3, 3], [3, 3, 3, 3, 3, 3, 3, 3, 3, 3, 3, 3, 3, 3, 3, 3, 3, 3, 3]]}, {"input": [[0, 3, 0, 0, 0, 0, 0, 9, 5, 0, 1, 0], [9, 0, 1, 0, 5, 0, 0, 0, 0, 0, 9, 1], [0, 7, 0, 7, 7, 1, 0, 3, 1, 0, 7, 0], [3, 5, 0, 0, 0, 0, 0, 0, 0, 0, 0, 5], [0, 0, 0, 0, 0, 7, 0, 7, 0, 5, 1, 1], [7, 3, 0, 0, 0, 9, 0, 0, 0, 7, 0, 0], [7, 0, 0, 9, 0, 0, 0, 0, 0, 0, 3, 1], [0, 9, 9, 9, 0, 0, 0, 0, 0, 9, 1, 0], [9, 0, 5, 0, 3, 9, 5, 0, 0, 0, 0, 0], [0, 0, 7, 0, 1, 1, 0, 0, 0, 0, 0, 9], [0, 3, 9, 0, 0, 0, 0, 0, 7, 5, 0, 1], [3, 5, 1, 0, 0, 0, 0, 0, 0, 0, 9, 9]], "output": [[3, 3, 3, 3, 3, 3, 3, 3, 3, 3, 3, 3], [3, 3, 3, 3, 3, 3, 3, 3, 3, 3, 3, 3], [3, 3, 3, 3, 3, 3, 3, 3, 3, 3, 3, 3], [3, 3, 3, 3, 3, 3, 3, 3, 3, 3, 3, 3], [3, 3, 3, 3, 3, 3, 3, 3, 3, 3, 3, 3], [3, 3, 3, 3, 3, 3, 3, 3, 3, 3, 3, 3], [3, 3, 3, 3, 3, 3, 3, 3, 3, 3, 3, 3], [3, 3, 3, 3, 3, 3, 3, 3, 3, 3, 3, 3], [3, 3, 3, 3, 3, 3, 3, 3, 3, 3, 3, 3], [3, 3, 3, 3, 3, 3, 3, 3, 3, 3, 3, 3], [3, 3, 3, 3, 3, 3, 3, 3, 3, 3, 3, 3], [3, 3, 3, 3, 3, 3, 3, 3, 3, 3, 3, 3]]}, {"input": [[0, 0, 0, 0, 0, 6, 0, 4, 0, 6, 0, 0, 0], [0, 0, 0, 6, 0, 0, 0, 0, 0, 6, 0, 0, 0], [0, 0, 0, 0, 0, 4, 0, 8, 0, 0, 5, 0, 0], [0, 0, 0, 0, 0, 0, 5, 0, 0, 0, 4, 0, 0], [0, 0, 0, 4, 0, 0, 0, 0, 0, 9, 0, 0, 0], [0, 4, 0, 0, 0, 0, 9, 0, 0, 5, 0, 0, 0], [0, 4, 0, 0, 0, 0, 0, 0, 0, 0, 6, 0, 6], [0, 0, 4, 0, 4, 0, 5, 8, 4, 0, 0, 4, 0], [0, 0, 0, 9, 0, 0, 0, 0, 0, 0, 0, 0, 0], [6, 0, 0, 0, 0, 0, 0, 8, 9, 8, 0, 0, 0], [6, 0, 0, 0, 0, 0, 0, 8, 0, 4, 4, 0, 4], [0, 0, 0, 0, 0, 0, 0, 0, 6, 0, 5, 0, 0], [0, 0, 0, 4, 0, 8, 0, 0, 0, 0, 0, 0, 4], [0, 0, 0, 0, 0, 0, 0, 0, 0, 0, 8, 0, 0], [6, 0, 0, 0, 0, 0, 0, 0, 0, 0, 0, 0, 6]], "output": [[3, 3, 3, 3, 3, 3, 3, 3, 3, 3, 3, 3, 3], [3, 3, 3, 3, 3, 3, 3, 3, 3, 3, 3, 3, 3], [3, 3, 3, 3, 3, 3, 3, 8, 3, 3, 5, 3, 3], [3, 3, 3, 3, 3, 3, 5, 3, 3, 3, 3, 3, 3], [3, 3, 3, 3, 3, 3, 3, 3, 3, 9, 3, 3, 3], [3, 3, 3, 3, 3, 3, 9, 3, 3, 5, 3, 3, 3], [3, 3, 3, 3, 3, 3, 3, 3, 3, 3, 3, 3, 3], [3, 3, 3, 3, 3, 3, 5, 8, 3, 3, 3, 3, 3], [3, 3, 3, 9, 3, 3, 3, 3, 3, 3, 3, 3, 3], [3, 3, 3, 3, 3, 3, 3, 8, 9, 8, 3, 3, 3], [3, 3, 3, 3, 3, 3, 3, 8, 3, 3, 3, 3, 3], [3, 3, 3, 3, 3, 3, 3, 3, 3, 3, 5, 3, 3], [3, 3, 3, 3, 3, 8, 3, 3, 3, 3, 3, 3, 3], [3, 3, 3, 3, 3, 3, 3, 3, 3, 3, 8, 3, 3], [3, 3, 3, 3, 3, 3, 3, 3, 3, 3, 3, 3, 3]]}, {"input": [[0, 5, 6, 0, 0, 0, 0, 0, 0, 7, 0, 9, 0, 0, 9], [0, 0, 6, 6, 0, 0, 0, 6, 3, 0, 0, 0, 0, 6, 0], [7, 0, 0, 0, 0, 3, 6, 0, 0, 0, 0, 0, 5, 0, 3], [0, 0, 0, 0, 9, 0, 0, 0, 0, 0, 0, 0, 0, 5, 7], [0, 6, 3, 0, 0, 0, 7, 0, 9, 5, 0, 3, 0, 5, 0], [9, 0, 6, 0, 0, 0, 0, 0, 7, 7, 0, 0, 9, 3, 0], [0, 0, 0, 0, 6, 0, 0, 0, 0, 7, 0, 3, 0, 7, 6], [0, 0, 5, 0, 0, 0, 0, 0, 9, 0, 0, 0, 0, 0, 0], [0, 9, 0, 3, 0, 0, 0, 3, 0, 7, 0, 0, 0, 0, 0], [0, 0, 0, 0, 9, 0, 0, 0, 6, 0, 5, 0, 0, 0, 7], [0, 0, 7, 0, 0, 0, 5, 3, 0, 0, 0, 6, 0, 3, 3], [0, 0, 5, 7, 0, 0, 0, 6, 0, 0, 7, 0, 0, 0, 0], [0, 7, 6, 7, 9, 0, 0, 6, 0, 0, 0, 0, 0, 0, 0], [7, 0, 7, 0, 0, 0, 0, 0, 0, 0, 7, 3, 0, 0, 0]], "output": [[3, 3, 3, 3, 3, 3, 3, 3, 3, 3, 3, 3, 3, 3, 3], [3, 3, 3, 3, 3, 3, 3, 3, 3, 3, 3, 3, 3, 3, 3], [3, 3, 3, 3, 3, 3, 3, 3, 3, 3, 3, 3, 3, 3, 3], [3, 3, 3, 3, 3, 3, 3, 3, 3, 3, 3, 3, 3, 3, 3], [3, 3, 3, 3, 3, 3, 3, 3, 3, 3, 3, 3, 3, 3, 3], [3, 3, 3, 3, 3, 3, 3, 3, 3, 3, 3, 3, 3, 3, 3], [3, 3, 3, 3, 3, 3, 3, 3, 3, 3, 3, 3, 3, 3, 3], [3, 3, 3, 3, 3, 3, 3, 3, 3, 3, 3, 3, 3, 3, 3], [3, 3, 3, 3, 3, 3, 3, 3, 3, 3, 3, 3, 3, 3, 3], [3, 3, 3, 3, 3, 3, 3, 3, 3, 3, 3, 3, 3, 3, 3], [3, 3, 3, 3, 3, 3, 3, 3, 3, 3, 3, 3, 3, 3, 3], [3, 3, 3, 3, 3, 3, 3, 3, 3, 3, 3, 3, 3, 3, 3], [3, 3, 3, 3, 3, 3, 3, 3, 3, 3, 3, 3, 3, 3, 3], [3, 3, 3, 3, 3, 3, 3, 3, 3, 3, 3, 3, 3, 3, 3]]}, {"input": [[7, 3, 0, 7, 0, 9, 8, 9, 8, 8], [0, 0, 4, 0, 0, 9, 9, 0, 0, 3], [7, 9, 8, 0, 8, 0, 0, 4, 0, 8], [0, 0, 0, 0, 8, 4, 0, 4, 0, 0], [4, 3, 0, 8, 0, 0, 3, 0, 4, 3], [0, 4, 0, 0, 9, 0, 7, 3, 0, 0], [0, 7, 0, 4, 7, 8, 0, 0, 0, 3], [0, 0, 8, 0, 0, 4, 4, 0, 0, 4], [0, 4, 8, 4, 0, 7, 7, 9, 0, 4], [9, 3, 0, 0, 9, 0, 7, 7, 0, 7], [8, 3, 0, 9, 8, 8, 4, 7, 0, 9]], "output": [[3, 3, 3, 3, 3, 3, 3, 3, 3, 3], [3, 3, 3, 3, 3, 3, 3, 3, 3, 3], [3, 3, 3, 3, 3, 3, 3, 3, 3, 3], [3, 3, 3, 3, 3, 3, 3, 3, 3, 3], [3, 3, 3, 3, 3, 3, 3, 3, 3, 3], [3, 3, 3, 3, 3, 3, 3, 3, 3, 3], [3, 3, 3, 3, 3, 3, 3, 3, 3, 3], [3, 3, 3, 3, 3, 3, 3, 3, 3, 3], [3, 3, 3, 3, 3, 3, 3, 3, 3, 3], [3, 3, 3, 3, 3, 3, 3, 3, 3, 3], [3, 3, 3, 3, 3, 3, 3, 3, 3, 3]]}, {"input": [[6, 0, 0, 0, 3, 4, 0, 0, 0, 6, 3, 0, 0, 6, 0, 0, 0, 0], [0, 0, 0, 5, 0, 0, 0, 5, 6, 0, 0, 0, 0, 0, 4, 0, 0, 0], [0, 0, 0, 0, 6, 4, 0, 0, 0, 2, 0, 0, 0, 0, 4, 0, 0, 0], [4, 0, 0, 0, 0, 5, 0, 0, 4, 2, 0, 0, 3, 0, 0, 0, 0, 0], [0, 0, 6, 0, 0, 0, 0, 0, 0, 0, 0, 5, 5, 0, 5, 2, 0, 0], [3, 0, 0, 6, 0, 0, 0, 4, 0, 0, 0, 0, 0, 0, 0, 0, 0, 0], [0, 0, 4, 6, 6, 5, 2, 0, 4, 5, 3, 2, 0, 5, 0, 2, 0, 4], [0, 0, 5, 0, 0, 0, 0, 0, 0, 5, 0, 3, 0, 6, 0, 5, 5, 0], [0, 5, 0, 0, 0, 0, 0, 0, 0, 4, 0, 0, 2, 0, 0, 0, 0, 0], [0, 6, 5, 0, 6, 0, 0, 0, 6, 0, 0, 0, 0, 6, 0, 0, 0, 3], [2, 5, 2, 0, 0, 0, 6, 0, 0, 0, 0, 0, 0, 0, 3, 0, 0, 6], [0, 0, 0, 3, 4, 6, 0, 0, 3, 5, 0, 0, 2, 0, 0, 0, 2, 0]], "output": [[3, 3, 3, 3, 3, 3, 3, 3, 3, 3, 3, 3, 3, 3, 3, 3, 3, 3], [3, 3, 3, 3, 3, 3, 3, 3, 3, 3, 3, 3, 3, 3, 3, 3, 3, 3], [3, 3, 3, 3, 3, 3, 3, 3, 3, 3, 3, 3, 3, 3, 3, 3, 3, 3], [3, 3, 3, 3, 3, 3, 3, 3, 3, 3, 3, 3, 3, 3, 3, 3, 3, 3], [3, 3, 3, 3, 3, 3, 3, 3, 3, 3, 3, 3, 3, 3, 3, 3, 3, 3], [3, 3, 3, 3, 3, 3, 3, 3, 3, 3, 3, 3, 3, 3, 3, 3, 3, 3], [3, 3, 3, 3, 3, 3, 3, 3, 3, 3, 3, 3, 3, 3, 3, 3, 3, 3], [3, 3, 3, 3, 3, 3, 3, 3, 3, 3, 3, 3, 3, 3, 3, 3, 3, 3], [3, 3, 3, 3, 3, 3, 3, 3, 3, 3, 3, 3, 3, 3, 3, 3, 3, 3], [3, 3, 3, 3, 3, 3, 3, 3, 3, 3, 3, 3, 3, 3, 3, 3, 3, 3], [3, 3, 3, 3, 3, 3, 3, 3, 3, 3, 3, 3, 3, 3, 3, 3, 3, 3], [3, 3, 3, 3, 3, 3, 3, 3, 3, 3, 3, 3, 3, 3, 3, 3, 3, 3]]}], "test": [{"input": [[4, 4, 9, 0, 0, 0, 0, 0, 0, 9, 3, 8, 0, 0, 0, 0, 4, 0], [0, 0, 0, 8, 5, 0, 0, 0, 0, 0, 0, 0, 0, 9, 0, 0, 3, 0], [0, 0, 0, 0, 0, 8, 9, 8, 0, 0, 0, 0, 0, 3, 0, 3, 0, 0], [0, 5, 0, 8, 0, 0, 0, 0, 5, 8, 3, 0, 4, 0, 0, 0, 0, 0], [0, 0, 0, 0, 0, 0, 0, 0, 0, 0, 0, 0, 0, 0, 0, 0, 0, 5], [0, 0, 4, 0, 0, 0, 0, 0, 5, 0, 5, 5, 0, 0, 0, 4, 0, 0], [9, 0, 0, 0, 0, 0, 5, 4, 0, 0, 5, 0, 8, 0, 0, 0, 4, 0], [9, 0, 0, 0, 8, 0, 0, 0, 0, 0, 0, 0, 0, 0, 0, 0, 0, 0], [0, 0, 0, 0, 0, 5, 9, 0, 0, 0, 0, 0, 0, 0, 0, 0, 3, 0], [0, 3, 0, 0, 0, 8, 0, 0, 0, 0, 0, 0, 0, 0, 0, 0, 0, 3], [0, 0, 0, 0, 5, 0, 0, 0, 8, 0, 0, 0, 0, 5, 0, 0, 9, 4], [0, 0, 0, 0, 0, 0, 5, 0, 0, 8, 0, 0, 0, 0, 0, 0, 0, 0], [8, 0, 5, 0, 0, 0, 4, 0, 0, 3, 0, 0, 0, 0, 3, 0, 3, 0], [4, 0, 0, 0, 4, 0, 0, 4, 0, 5, 5, 0, 0, 0, 0, 0, 0, 0], [3, 9, 0, 0, 5, 0, 0, 8, 0, 5, 3, 8, 0, 8, 4, 8, 0, 4]], "output": [[3, 3, 3, 3, 3, 3, 3, 3, 3, 3, 3, 3, 3, 3, 3, 3, 3, 3], [3, 3, 3, 3, 3, 3, 3, 3, 3, 3, 3, 3, 3, 3, 3, 3, 3, 3], [3, 3, 3, 3, 3, 3, 3, 3, 3, 3, 3, 3, 3, 3, 3, 3, 3, 3], [3, 3, 3, 3, 3, 3, 3, 3, 3, 3, 3, 3, 3, 3, 3, 3, 3, 3], [3, 3, 3, 3, 3, 3, 3, 3, 3, 3, 3, 3, 3, 3, 3, 3, 3, 3], [3, 3, 3, 3, 3, 3, 3, 3, 3, 3, 3, 3, 3, 3, 3, 3, 3, 3], [3, 3, 3, 3, 3, 3, 3, 3, 3, 3, 3, 3, 3, 3, 3, 3, 3, 3], [3, 3, 3, 3, 3, 3, 3, 3, 3, 3, 3, 3, 3, 3, 3, 3, 3, 3], [3, 3, 3, 3, 3, 3, 3, 3, 3, 3, 3, 3, 3, 3, 3, 3, 3, 3], [3, 3, 3, 3, 3, 3, 3, 3, 3, 3, 3, 3, 3, 3, 3, 3, 3, 3], [3, 3, 3, 3, 3, 3, 3, 3, 3, 3, 3, 3, 3, 3, 3, 3, 3, 3], [3, 3, 3, 3, 3, 3, 3, 3, 3, 3, 3, 3, 3, 3, 3, 3, 3, 3], [3, 3, 3, 3, 3, 3, 3, 3, 3, 3, 3, 3, 3, 3, 3, 3, 3, 3], [3, 3, 3, 3, 3, 3, 3, 3, 3, 3, 3, 3, 3, 3, 3, 3, 3, 3], [3, 3, 3, 3, 3, 3, 3, 3, 3, 3, 3, 3, 3, 3, 3, 3, 3, 3]]}, {"input": [[0, 6, 0, 0, 0, 0, 0, 0, 6, 1, 0, 0, 0, 0, 0, 0, 0, 0, 0], [0, 9, 0, 0, 0, 2, 0, 0, 0, 0, 0, 0, 6, 0, 9, 0, 0, 0, 1], [0, 5, 0, 0, 0, 0, 0, 1, 0, 0, 1, 0, 1, 0, 0, 0, 1, 2, 0], [6, 0, 0, 0, 5, 0, 9, 1, 0, 0, 0, 0, 0, 0, 0, 0, 1, 0, 6], [0, 5, 0, 2, 0, 0, 0, 0, 0, 0, 6, 5, 0, 0, 0, 0, 6, 0, 0], [1, 0, 0, 0, 0, 0, 0, 0, 1, 0, 6, 0, 0, 0, 0, 5, 0, 0, 0], [0, 2, 0, 0, 0, 0, 6, 2, 6, 0, 0, 0, 0, 0, 0, 0, 0, 5, 6], [0, 1, 0, 0, 0, 5, 0, 9, 1, 0, 0, 0, 0, 0, 5, 0, 0, 0, 1], [0, 1, 0, 0, 0, 0, 9, 2, 0, 0, 0, 0, 0, 0, 0, 0, 6, 0, 0], [0, 0, 0, 0, 0, 1, 0, 0, 0, 0, 0, 0, 0, 0, 0, 0, 0, 0, 0], [0, 0, 5, 0, 0, 0, 0, 0, 5, 0, 0, 0, 0, 0, 0, 0, 6, 0, 0], [0, 0, 0, 0, 0, 5, 5, 9, 9, 0, 0, 0, 0, 0, 0, 0, 0, 0, 0], [6, 1, 0, 0, 0, 0, 0, 0, 0, 6, 1, 0, 0, 0, 0, 0, 0, 0, 0]], "output": [[3, 3, 3, 3, 3, 3, 3, 3, 3, 3, 3, 3, 3, 3, 3, 3, 3, 3, 3], [3, 9, 3, 3, 3, 2, 3, 3, 3, 3, 3, 3, 3, 3, 9, 3, 3, 3, 3], [3, 5, 3, 3, 3, 3, 3, 3, 3, 3, 3, 3, 3, 3, 3, 3, 3, 2, 3], [3, 3, 3, 3, 5, 3, 9, 3, 3, 3, 3, 3, 3, 3, 3, 3, 3, 3, 3], [3, 5, 3, 2, 3, 3, 3, 3, 3, 3, 3, 5, 3, 3, 3, 3, 3, 3, 3], [3, 3, 3, 3, 3, 3, 3, 3, 3, 3, 3, 3, 3, 3, 3, 5, 3, 3, 3], [3, 2, 3, 3, 3, 3, 3, 2, 3, 3, 3, 3, 3, 3, 3, 3, 3, 5, 3], [3, 3, 3, 3, 3, 5, 3, 9, 3, 3, 3, 3, 3, 3, 5, 3, 3, 3, 3], [3, 3, 3, 3, 3, 3, 9, 2, 3, 3, 3, 3, 3, 3, 3, 3, 3, 3, 3], [3, 3, 3, 3, 3, 3, 3, 3, 3, 3, 3, 3, 3, 3, 3, 3, 3, 3, 3], [3, 3, 5, 3, 3, 3, 3, 3, 5, 3, 3, 3, 3, 3, 3, 3, 3, 3, 3], [3, 3, 3, 3, 3, 5, 5, 9, 9, 3, 3, 3, 3, 3, 3, 3, 3, 3, 3], [3, 3, 3, 3, 3, 3, 3, 3, 3, 3, 3, 3, 3, 3, 3, 3, 3, 3, 3]]}, {"input": [[0, 0, 0, 0, 0, 0, 0, 4, 0, 0, 2, 0, 0, 0, 8, 0], [8, 0, 0, 3, 0, 0, 0, 0, 0, 0, 0, 0, 0, 0, 0, 0], [0, 0, 0, 0, 0, 0, 0, 0, 0, 0, 0, 0, 0, 0, 0, 0], [0, 0, 6, 0, 0, 0, 0, 0, 0, 8, 0, 0, 0, 0, 0, 0], [0, 0, 0, 0, 8, 3, 0, 0, 0, 0, 0, 0, 0, 0, 0, 0], [0, 0, 8, 0, 0, 0, 0, 0, 0, 0, 0, 0, 2, 8, 0, 0], [0, 0, 0, 6, 0, 0, 0, 0, 0, 0, 0, 0, 0, 0, 0, 0], [0, 3, 0, 0, 4, 0, 0, 0, 0, 0, 0, 2, 0, 0, 0, 0], [0, 0, 0, 0, 0, 3, 0, 0, 0, 0, 0, 0, 0, 3, 2, 0], [0, 0, 0, 0, 0, 0, 0, 0, 0, 0, 0, 0, 6, 0, 0, 4], [0, 0, 0, 6, 0, 0, 0, 0, 0, 0, 0, 0, 3, 0, 0, 0], [3, 2, 0, 0, 8, 0, 0, 0, 0, 0, 0, 0, 0, 2, 8, 8], [0, 6, 0, 0, 0, 4, 0, 0, 0, 0, 0, 0, 0, 0, 0, 0], [0, 0, 0, 0, 2, 0, 4, 0, 8, 0, 0, 0, 0, 0, 0, 8], [0, 0, 0, 8, 0, 2, 0, 0, 0, 0, 0, 0, 0, 0, 0, 8]], "output": [[3, 3, 3, 3, 3, 3, 3, 3, 3, 3, 3, 3, 3, 3, 3, 3], [3, 3, 3, 3, 3, 3, 3, 3, 3, 3, 3, 3, 3, 3, 3, 3], [3, 3, 3, 3, 3, 3, 3, 3, 3, 3, 3, 3, 3, 3, 3, 3], [3, 3, 6, 3, 3, 3, 3, 3, 3, 3, 3, 3, 3, 3, 3, 3], [3, 3, 3, 3, 3, 3, 3, 3, 3, 3, 3, 3, 3, 3, 3, 3], [3, 3, 3, 3, 3, 3, 3, 3, 3, 3, 3, 3, 3, 3, 3, 3], [3, 3, 3, 6, 3, 3, 3, 3, 3, 3, 3, 3, 3, 3, 3, 3], [3, 3, 3, 3, 3, 3, 3, 3, 3, 3, 3, 3, 3, 3, 3, 3], [3, 3, 3, 3, 3, 3, 3, 3, 3, 3, 3, 3, 3, 3, 3, 3], [3, 3, 3, 3, 3, 3, 3, 3, 3, 3, 3, 3, 6, 3, 3, 3], [3, 3, 3, 6, 3, 3, 3, 3, 3, 3, 3, 3, 3, 3, 3, 3], [3, 3, 3, 3, 3, 3, 3, 3, 3, 3, 3, 3, 3, 3, 3, 3], [3, 6, 3, 3, 3, 3, 3, 3, 3, 3, 3, 3, 3, 3, 3, 3], [3, 3, 3, 3, 3, 3, 3, 3, 3, 3, 3, 3, 3, 3, 3, 3], [3, 3, 3, 3, 3, 3, 3, 3, 3, 3, 3, 3, 3, 3, 3, 3]]}]}