{"train": [{"input": [[0, 0, 0, 0, 0, 0, 0, 0], [0, 0, 0, 0, 0, 0, 0, 0], [0, 0, 0, 0, 0, 0, 0, 0], [0, 0, 0, 2, 2, 2, 2, 0], [0, 0, 0, 2, 2, 2, 2, 0], [0, 0, 0, 2, 2, 2, 2, 0], [0, 0, 0, 2, 2, 2, 2, 0], [0, 0, 0, 2, 2, 2, 2, 0]], "output": [[4, 4, 4, 4, 4, 4, 4, 4], [4, 4, 4, 4, 4, 4, 4, 4], [4, 4, 4, 4, 4, 4, 4, 4], [4, 4, 4, 2, 2, 2, 2, 4], [4, 4, 4, 2, 2, 2, 2, 4], [4, 4, 4, 2, 2, 2, 2, 4], [4, 4, 4, 2, 2, 2, 2, 4], [4, 4, 4, 2, 2, 2, 2, 4]]}, {"input": [[0, 0, 2, 2, 2, 2, 2], [0, 0, 2, 2, 2, 2, 2], [0, 0, 2, 2, 2, 2, 2], [0, 0, 2, 2, 2, 2, 2], [0, 0, 2, 2, 2, 2, 2], [0, 0, 0, 0, 0, 0, 0], [0, 0, 0, 0, 0, 0, 0]], "output": [[4, 4, 2, 2, 2, 2, 2], [4, 4, 2, 2, 2, 2, 2], [4, 4, 2, 2, 2, 2, 2], [4, 4, 2, 2, 2, 2, 2], [4, 4, 2, 2, 2, 2, 2], [4, 4, 4, 4, 4, 4, 4], [4, 4, 4, 4, 4, 4, 4]]}, {"input": [[0, 0, 0, 0, 0, 0, 0], [2, 2, 2, 2, 2, 2, 2], [2, 2, 2, 2, 2, 2, 2], [2, 2, 2, 2, 2, 2, 2], [2, 2, 2, 2, 0, 0, 0], [2, 2, 2, 2, 0, 0, 0], [0, 0, 0, 0, 0, 0, 0]], "output": [[4, 4, 4, 4, 4, 4, 4], [2, 2, 2, 2, 2, 2, 2], [2, 2, 2, 2, 2, 2, 2], [2, 2, 2, 2, 2, 2, 2], [2, 2, 2, 2, 4, 4, 4], [2, 2, 2, 2, 4, 4, 4], [4, 4, 4, 4, 4, 4, 4]]}, {"input": [[0, 0, 0, 0, 0, 0, 0, 0, 0], [0, 2, 2, 2, 2, 0, 0, 0, 0], [0, 2, 2, 2, 2, 0, 0, 0, 0], [0, 2, 2, 2, 2, 0, 0, 0, 0], [0, 2, 2, 2, 2, 0, 0, 0, 0], [0, 0, 0, 0, 0, 0, 0, 0, 0], [0, 0, 0, 0, 0, 0, 0, 0, 0], [0, 0, 0, 0, 0, 0, 0, 0, 0], [0, 0, 0, 0, 0, 0, 0, 0, 0]], "output": [[4, 4, 4, 4, 4, 4, 4, 4, 4], [4, 2, 2, 2, 2, 4, 4, 4, 4], [4, 2, 2, 2, 2, 4, 4, 4, 4], [4, 2, 2, 2, 2, 4, 4, 4, 4], [4, 2, 2, 2, 2, 4, 4, 4, 4], [4, 4, 4, 4, 4, 4, 4, 4, 4], [4, 4, 4, 4, 4, 4, 4, 4, 4], [4, 4, 4, 4, 4, 4, 4, 4, 4], [4, 4, 4, 4, 4, 4, 4, 4, 4]]}, {"input": [[0, 0, 0, 0, 0, 0, 0, 0, 0, 0, 0, 0], [0, 0, 0, 0, 0, 0, 0, 0, 0, 0, 0, 0], [0, 0, 0, 0, 0, 0, 0, 0, 0, 0, 0, 0], [0, 0, 0, 0, 0, 0, 0, 0, 0, 0, 0, 0], [0, 0, 0, 0, 0, 0, 0, 0, 0, 0, 0, 0], [0, 0, 0, 0, 0, 0, 0, 0, 0, 0, 0, 0], [0, 0, 0, 0, 0, 0, 0, 0, 0, 0, 0, 0], [0, 0, 0, 2, 2, 2, 0, 0, 0, 0, 0, 0], [0, 0, 0, 2, 2, 2, 0, 0, 0, 0, 0, 0], [0, 0, 0, 2, 2, 2, 0, 0, 0, 0, 0, 0], [0, 0, 0, 0, 0, 0, 0, 0, 0, 0, 0, 0], [0, 0, 0, 0, 0, 0, 0, 0, 0, 0, 0, 0]], "output": [[4, 4, 4, 4, 4, 4, 4, 4, 4, 4, 4, 4], [4, 4, 4, 4, 4, 4, 4, 4, 4, 4, 4, 4], [4, 4, 4, 4, 4, 4, 4, 4, 4, 4, 4, 4], [4, 4, 4, 4, 4, 4, 4, 4, 4, 4, 4, 4], [4, 4, 4, 4, 4, 4, 4, 4, 4, 4, 4, 4], [4, 4, 4, 4, 4, 4, 4, 4, 4, 4, 4, 4], [4, 4, 4, 4, 4, 4, 4, 4, 4, 4, 4, 4], [4, 4, 4, 2, 2, 2, 4, 4, 4, 4, 4, 4], [4, 4, 4, 2, 2, 2, 4, 4, 4, 4, 4, 4], [4, 4, 4, 2, 2, 2, 4, 4, 4, 4, 4, 4], [4, 4, 4, 4, 4, 4, 4, 4, 4, 4, 4, 4], [4, 4, 4, 4, 4, 4, 4, 4, 4, 4, 4, 4]]}, {"input": [[0, 0, 0, 0, 0, 0, 0, 0, 0, 0, 0, 0, 0, 0], [0, 0, 0, 0, 0, 0, 0, 0, 0, 0, 0, 0, 0, 0], [0, 0, 0, 0, 0, 0, 0, 0, 0, 0, 0, 0, 0, 0], [0, 0, 0, 0, 0, 0, 0, 0, 0, 0, 0, 0, 0, 0], [0, 0, 0, 0, 0, 0, 2, 2, 2, 2, 0, 0, 0, 0], [0, 0, 0, 0, 0, 0, 2, 2, 2, 2, 0, 0, 0, 0], [0, 0, 0, 0, 0, 0, 2, 2, 2, 2, 0, 0, 0, 0], [0, 0, 0, 0, 0, 0, 2, 2, 2, 2, 0, 0, 0, 0], [0, 0, 0, 0, 0, 0, 0, 0, 0, 0, 0, 0, 0, 0], [0, 0, 0, 0, 0, 0, 0, 0, 0, 0, 0, 0, 0, 0], [0, 0, 0, 0, 0, 0, 0, 0, 0, 0, 0, 0, 0, 0], [0, 0, 0, 0, 2, 2, 2, 2, 2, 0, 0, 0, 0, 0], [0, 0, 0, 0, 2, 2, 2, 2, 2, 0, 0, 0, 0, 0], [0, 0, 0, 0, 2, 2, 2, 2, 2, 0, 0, 0, 0, 0]], "output": [[4, 4, 4, 4, 4, 4, 4, 4, 4, 4, 4, 4, 4, 4], [4, 4, 4, 4, 4, 4, 4, 4, 4, 4, 4, 4, 4, 4], [4, 4, 4, 4, 4, 4, 4, 4, 4, 4, 4, 4, 4, 4], [4, 4, 4, 4, 4, 4, 4, 4, 4, 4, 4, 4, 4, 4], [4, 4, 4, 4, 4, 4, 2, 2, 2, 2, 4, 4, 4, 4], [4, 4, 4, 4, 4, 4, 2, 2, 2, 2, 4, 4, 4, 4], [4, 4, 4, 4, 4, 4, 2, 2, 2, 2, 4, 4, 4, 4], [4, 4, 4, 4, 4, 4, 2, 2, 2, 2, 4, 4, 4, 4], [4, 4, 4, 4, 4, 4, 4, 4, 4, 4, 4, 4, 4, 4], [4, 4, 4, 4, 4, 4, 4, 4, 4, 4, 4, 4, 4, 4], [4, 4, 4, 4, 4, 4, 4, 4, 4, 4, 4, 4, 4, 4], [4, 4, 4, 4, 2, 2, 2, 2, 2, 4, 4, 4, 4, 4], [4, 4, 4, 4, 2, 2, 2, 2, 2, 4, 4, 4, 4, 4], [4, 4, 4, 4, 2, 2, 2, 2, 2, 4, 4, 4, 4, 4]]}, {"input": [[0, 0, 0, 0, 0, 0], [0, 2, 2, 2, 0, 0], [0, 2, 2, 2, 0, 0], [0, 2, 2, 2, 0, 0], [0, 2, 2, 2, 0, 0], [0, 2, 2, 2, 0, 0]], "output": [[4, 4, 4, 4, 4, 4], [4, 2, 2, 2, 4, 4], [4, 2, 2, 2, 4, 4], [4, 2, 2, 2, 4, 4], [4, 2, 2, 2, 4, 4], [4, 2, 2, 2, 4, 4]]}, {"input": [[0, 0, 0, 0, 0, 0, 0, 0, 0, 0, 0, 0, 0], [0, 0, 0, 0, 0, 0, 0, 0, 0, 0, 0, 0, 0], [0, 0, 0, 0, 0, 0, 0, 0, 0, 0, 0, 0, 0], [0, 0, 0, 0, 0, 0, 0, 0, 0, 0, 0, 0, 0], [0, 0, 0, 0, 0, 0, 0, 0, 0, 0, 0, 0, 0], [0, 0, 0, 0, 0, 0, 2, 2, 2, 2, 0, 0, 0], [0, 0, 0, 0, 0, 0, 2, 2, 2, 2, 0, 0, 0], [0, 0, 0, 0, 0, 0, 2, 2, 2, 2, 0, 0, 0], [0, 0, 0, 0, 0, 0, 2, 2, 2, 2, 0, 0, 0], [0, 0, 0, 0, 0, 0, 2, 2, 2, 2, 0, 0, 0], [0, 0, 0, 0, 0, 0, 0, 0, 0, 0, 0, 0, 0], [0, 0, 0, 0, 0, 0, 0, 0, 0, 0, 0, 0, 0], [0, 0, 0, 0, 0, 0, 0, 0, 0, 0, 0, 0, 0]], "output": [[4, 4, 4, 4, 4, 4, 4, 4, 4, 4, 4, 4, 4], [4, 4, 4, 4, 4, 4, 4, 4, 4, 4, 4, 4, 4], [4, 4, 4, 4, 4, 4, 4, 4, 4, 4, 4, 4, 4], [4, 4, 4, 4, 4, 4, 4, 4, 4, 4, 4, 4, 4], [4, 4, 4, 4, 4, 4, 4, 4, 4, 4, 4, 4, 4], [4, 4, 4, 4, 4, 4, 2, 2, 2, 2, 4, 4, 4], [4, 4, 4, 4, 4, 4, 2, 2, 2, 2, 4, 4, 4], [4, 4, 4, 4, 4, 4, 2, 2, 2, 2, 4, 4, 4], [4, 4, 4, 4, 4, 4, 2, 2, 2, 2, 4, 4, 4], [4, 4, 4, 4, 4, 4, 2, 2, 2, 2, 4, 4, 4], [4, 4, 4, 4, 4, 4, 4, 4, 4, 4, 4, 4, 4], [4, 4, 4, 4, 4, 4, 4, 4, 4, 4, 4, 4, 4], [4, 4, 4, 4, 4, 4, 4, 4, 4, 4, 4, 4, 4]]}, {"input": [[0, 2, 2, 2, 2, 2, 0, 0, 0, 0], [0, 2, 2, 2, 2, 2, 2, 2, 2, 2], [0, 2, 2, 2, 2, 2, 2, 2, 2, 2], [2, 2, 2, 2, 0, 0, 2, 2, 2, 2], [2, 2, 2, 2, 0, 0, 2, 2, 2, 2], [2, 2, 2, 2, 0, 0, 2, 2, 2, 2], [2, 2, 2, 2, 0, 2, 2, 2, 0, 0], [2, 2, 2, 2, 0, 2, 2, 2, 0, 0], [0, 0, 0, 0, 0, 2, 2, 2, 0, 0], [0, 0, 0, 0, 0, 2, 2, 2, 0, 0]], "output": [[4, 2, 2, 2, 2, 2, 4, 4, 4, 4], [4, 2, 2, 2, 2, 2, 2, 2, 2, 2], [4, 2, 2, 2, 2, 2, 2, 2, 2, 2], [2, 2, 2, 2, 4, 4, 2, 2, 2, 2], [2, 2, 2, 2, 4, 4, 2, 2, 2, 2], [2, 2, 2, 2, 4, 4, 2, 2, 2, 2], [2, 2, 2, 2, 4, 2, 2, 2, 4, 4], [2, 2, 2, 2, 4, 2, 2, 2, 4, 4], [4, 4, 4, 4, 4, 2, 2, 2, 4, 4], [4, 4, 4, 4, 4, 2, 2, 2, 4, 4]]}, {"input": [[0, 0, 0, 0, 2, 2, 2, 2, 2], [0, 0, 0, 0, 2, 2, 2, 2, 2], [0, 0, 0, 0, 2, 2, 2, 2, 2], [0, 0, 0, 0, 2, 2, 2, 2, 2], [0, 0, 0, 0, 0, 0, 0, 0, 0], [0, 0, 2, 2, 2, 2, 2, 0, 0], [0, 0, 2, 2, 2, 2, 2, 0, 0], [0, 0, 2, 2, 2, 2, 2, 0, 0], [0, 0, 2, 2, 2, 2, 2, 0, 0]], "output": [[4, 4, 4, 4, 2, 2, 2, 2, 2], [4, 4, 4, 4, 2, 2, 2, 2, 2], [4, 4, 4, 4, 2, 2, 2, 2, 2], [4, 4, 4, 4, 2, 2, 2, 2, 2], [4, 4, 4, 4, 4, 4, 4, 4, 4], [4, 4, 2, 2, 2, 2, 2, 4, 4], [4, 4, 2, 2, 2, 2, 2, 4, 4], [4, 4, 2, 2, 2, 2, 2, 4, 4], [4, 4, 2, 2, 2, 2, 2, 4, 4]]}, {"input": [[0, 0, 0, 0, 0, 0, 0, 0, 0, 0, 0, 0, 0, 0], [0, 0, 0, 0, 0, 0, 0, 0, 0, 0, 0, 0, 0, 0], [0, 0, 0, 0, 0, 0, 0, 0, 0, 0, 0, 0, 0, 0], [0, 0, 0, 0, 0, 0, 0, 0, 0, 0, 0, 0, 0, 0], [0, 0, 0, 0, 0, 0, 0, 0, 0, 0, 2, 2, 2, 2], [0, 0, 0, 0, 0, 0, 0, 0, 0, 0, 2, 2, 2, 2], [0, 2, 2, 2, 2, 2, 0, 0, 0, 0, 2, 2, 2, 2], [0, 2, 2, 2, 2, 2, 0, 0, 0, 0, 2, 2, 2, 2], [0, 2, 2, 2, 2, 2, 0, 0, 0, 0, 0, 0, 0, 0], [0, 2, 2, 2, 2, 2, 0, 0, 0, 0, 0, 0, 0, 0], [0, 0, 0, 0, 0, 0, 0, 0, 0, 0, 0, 0, 0, 0], [0, 0, 0, 0, 0, 0, 0, 0, 0, 0, 0, 0, 0, 0], [0, 0, 0, 0, 0, 0, 0, 0, 0, 0, 0, 0, 0, 0], [0, 0, 0, 0, 0, 0, 0, 0, 0, 0, 0, 0, 0, 0]], "output": [[4, 4, 4, 4, 4, 4, 4, 4, 4, 4, 4, 4, 4, 4], [4, 4, 4, 4, 4, 4, 4, 4, 4, 4, 4, 4, 4, 4], [4, 4, 4, 4, 4, 4, 4, 4, 4, 4, 4, 4, 4, 4], [4, 4, 4, 4, 4, 4, 4, 4, 4, 4, 4, 4, 4, 4], [4, 4, 4, 4, 4, 4, 4, 4, 4, 4, 2, 2, 2, 2], [4, 4, 4, 4, 4, 4, 4, 4, 4, 4, 2, 2, 2, 2], [4, 2, 2, 2, 2, 2, 4, 4, 4, 4, 2, 2, 2, 2], [4, 2, 2, 2, 2, 2, 4, 4, 4, 4, 2, 2, 2, 2], [4, 2, 2, 2, 2, 2, 4, 4, 4, 4, 4, 4, 4, 4], [4, 2, 2, 2, 2, 2, 4, 4, 4, 4, 4, 4, 4, 4], [4, 4, 4, 4, 4, 4, 4, 4, 4, 4, 4, 4, 4, 4], [4, 4, 4, 4, 4, 4, 4, 4, 4, 4, 4, 4, 4, 4], [4, 4, 4, 4, 4, 4, 4, 4, 4, 4, 4, 4, 4, 4], [4, 4, 4, 4, 4, 4, 4, 4, 4, 4, 4, 4, 4, 4]]}, {"input": [[0, 0, 2, 2, 2], [0, 0, 2, 2, 2], [0, 0, 2, 2, 2], [0, 0, 2, 2, 2], [0, 0, 2, 2, 2]], "output": [[4, 4, 2, 2, 2], [4, 4, 2, 2, 2], [4, 4, 2, 2, 2], [4, 4, 2, 2, 2], [4, 4, 2, 2, 2]]}, {"input": [[0, 0, 0, 0, 0, 0, 0, 0, 0, 0, 0, 0, 0, 0], [0, 0, 0, 0, 0, 0, 0, 0, 0, 0, 0, 0, 0, 0], [0, 0, 0, 0, 0, 0, 0, 0, 0, 0, 0, 0, 0, 0], [0, 0, 0, 0, 0, 0, 0, 0, 0, 0, 0, 2, 2, 2], [0, 0, 0, 0, 0, 0, 0, 0, 0, 0, 0, 2, 2, 2], [0, 0, 0, 0, 0, 0, 0, 0, 0, 0, 0, 2, 2, 2], [0, 0, 0, 0, 0, 0, 0, 0, 0, 0, 0, 2, 2, 2], [2, 2, 2, 2, 2, 0, 0, 0, 0, 0, 0, 2, 2, 2], [2, 2, 2, 2, 2, 0, 0, 0, 0, 0, 0, 0, 0, 0], [2, 2, 2, 2, 2, 0, 0, 0, 0, 0, 0, 0, 0, 0], [2, 2, 2, 2, 2, 0, 0, 0, 0, 0, 0, 0, 0, 0], [2, 2, 2, 2, 2, 0, 0, 0, 0, 0, 0, 0, 0, 0], [0, 0, 0, 0, 0, 0, 0, 0, 0, 0, 0, 0, 0, 0], [0, 0, 0, 0, 0, 0, 0, 0, 0, 0, 0, 0, 0, 0]], "output": [[4, 4, 4, 4, 4, 4, 4, 4, 4, 4, 4, 4, 4, 4], [4, 4, 4, 4, 4, 4, 4, 4, 4, 4, 4, 4, 4, 4], [4, 4, 4, 4, 4, 4, 4, 4, 4, 4, 4, 4, 4, 4], [4, 4, 4, 4, 4, 4, 4, 4, 4, 4, 4, 2, 2, 2], [4, 4, 4, 4, 4, 4, 4, 4, 4, 4, 4, 2, 2, 2], [4, 4, 4, 4, 4, 4, 4, 4, 4, 4, 4, 2, 2, 2], [4, 4, 4, 4, 4, 4, 4, 4, 4, 4, 4, 2, 2, 2], [2, 2, 2, 2, 2, 4, 4, 4, 4, 4, 4, 2, 2, 2], [2, 2, 2, 2, 2, 4, 4, 4, 4, 4, 4, 4, 4, 4], [2, 2, 2, 2, 2, 4, 4, 4, 4, 4, 4, 4, 4, 4], [2, 2, 2, 2, 2, 4, 4, 4, 4, 4, 4, 4, 4, 4], [2, 2, 2, 2, 2, 4, 4, 4, 4, 4, 4, 4, 4, 4], [4, 4, 4, 4, 4, 4, 4, 4, 4, 4, 4, 4, 4, 4], [4, 4, 4, 4, 4, 4, 4, 4, 4, 4, 4, 4, 4, 4]]}, {"input": [[0, 0, 0, 0, 0, 0], [0, 0, 2, 2, 2, 0], [0, 0, 2, 2, 2, 0], [0, 0, 2, 2, 2, 0], [0, 0, 0, 0, 0, 0], [0, 0, 0, 0, 0, 0]], "output": [[4, 4, 4, 4, 4, 4], [4, 4, 2, 2, 2, 4], [4, 4, 2, 2, 2, 4], [4, 4, 2, 2, 2, 4], [4, 4, 4, 4, 4, 4], [4, 4, 4, 4, 4, 4]]}, {"input": [[0, 0, 0, 0, 0, 0, 0, 0, 0, 0, 0, 0], [2, 2, 2, 0, 0, 0, 0, 0, 0, 0, 0, 0], [2, 2, 2, 0, 0, 0, 0, 0, 0, 0, 0, 0], [2, 2, 2, 0, 0, 0, 0, 0, 0, 0, 0, 0], [2, 2, 2, 0, 0, 0, 0, 0, 0, 0, 0, 0], [0, 0, 0, 0, 0, 0, 0, 0, 0, 0, 0, 0], [0, 0, 0, 0, 0, 0, 0, 0, 0, 0, 0, 0], [0, 0, 0, 0, 0, 0, 0, 0, 0, 0, 0, 0], [0, 0, 0, 0, 0, 0, 0, 0, 0, 0, 0, 0], [0, 0, 0, 0, 0, 0, 0, 0, 0, 0, 0, 0], [0, 0, 0, 0, 0, 0, 0, 0, 0, 0, 0, 0], [0, 0, 0, 0, 0, 0, 0, 0, 0, 0, 0, 0]], "output": [[4, 4, 4, 4, 4, 4, 4, 4, 4, 4, 4, 4], [2, 2, 2, 4, 4, 4, 4, 4, 4, 4, 4, 4], [2, 2, 2, 4, 4, 4, 4, 4, 4, 4, 4, 4], [2, 2, 2, 4, 4, 4, 4, 4, 4, 4, 4, 4], [2, 2, 2, 4, 4, 4, 4, 4, 4, 4, 4, 4], [4, 4, 4, 4, 4, 4, 4, 4, 4, 4, 4, 4], [4, 4, 4, 4, 4, 4, 4, 4, 4, 4, 4, 4], [4, 4, 4, 4, 4, 4, 4, 4, 4, 4, 4, 4], [4, 4, 4, 4, 4, 4, 4, 4, 4, 4, 4, 4], [4, 4, 4, 4, 4, 4, 4, 4, 4, 4, 4, 4], [4, 4, 4, 4, 4, 4, 4, 4, 4, 4, 4, 4], [4, 4, 4, 4, 4, 4, 4, 4, 4, 4, 4, 4]]}, {"input": [[0, 2, 2, 2, 0], [0, 2, 2, 2, 0], [0, 2, 2, 2, 0], [0, 2, 2, 2, 0], [0, 2, 2, 2, 0]], "output": [[4, 2, 2, 2, 4], [4, 2, 2, 2, 4], [4, 2, 2, 2, 4], [4, 2, 2, 2, 4], [4, 2, 2, 2, 4]]}, {"input": [[0, 0, 0, 0, 0, 0, 0, 0, 0, 0, 0, 0, 0, 0], [0, 0, 0, 0, 0, 0, 0, 0, 0, 0, 0, 0, 0, 0], [0, 0, 0, 0, 0, 0, 0, 0, 0, 0, 0, 0, 0, 0], [0, 0, 0, 0, 0, 0, 0, 2, 2, 2, 2, 2, 0, 0], [0, 0, 0, 0, 0, 0, 0, 2, 2, 2, 2, 2, 0, 0], [0, 2, 2, 2, 2, 2, 0, 2, 2, 2, 2, 2, 0, 0], [0, 2, 2, 2, 2, 2, 0, 2, 2, 2, 2, 2, 0, 0], [0, 2, 2, 2, 2, 2, 0, 2, 2, 2, 2, 2, 0, 0], [0, 0, 0, 0, 0, 0, 0, 0, 0, 2, 2, 2, 0, 0], [0, 0, 0, 0, 0, 0, 0, 0, 0, 2, 2, 2, 0, 0], [0, 0, 0, 0, 0, 0, 0, 0, 0, 2, 2, 2, 0, 0], [0, 2, 2, 2, 2, 0, 0, 0, 0, 2, 2, 2, 0, 0], [0, 2, 2, 2, 2, 0, 0, 0, 0, 2, 2, 2, 0, 0], [0, 2, 2, 2, 2, 0, 0, 0, 0, 0, 0, 0, 0, 0]], "output": [[4, 4, 4, 4, 4, 4, 4, 4, 4, 4, 4, 4, 4, 4], [4, 4, 4, 4, 4, 4, 4, 4, 4, 4, 4, 4, 4, 4], [4, 4, 4, 4, 4, 4, 4, 4, 4, 4, 4, 4, 4, 4], [4, 4, 4, 4, 4, 4, 4, 2, 2, 2, 2, 2, 4, 4], [4, 4, 4, 4, 4, 4, 4, 2, 2, 2, 2, 2, 4, 4], [4, 2, 2, 2, 2, 2, 4, 2, 2, 2, 2, 2, 4, 4], [4, 2, 2, 2, 2, 2, 4, 2, 2, 2, 2, 2, 4, 4], [4, 2, 2, 2, 2, 2, 4, 2, 2, 2, 2, 2, 4, 4], [4, 4, 4, 4, 4, 4, 4, 4, 4, 2, 2, 2, 4, 4], [4, 4, 4, 4, 4, 4, 4, 4, 4, 2, 2, 2, 4, 4], [4, 4, 4, 4, 4, 4, 4, 4, 4, 2, 2, 2, 4, 4], [4, 2, 2, 2, 2, 4, 4, 4, 4, 2, 2, 2, 4, 4], [4, 2, 2, 2, 2, 4, 4, 4, 4, 2, 2, 2, 4, 4], [4, 2, 2, 2, 2, 4, 4, 4, 4, 4, 4, 4, 4, 4]]}, {"input": [[2, 2, 2, 2, 2, 0, 0, 0, 0, 0, 0, 0], [2, 2, 2, 2, 2, 0, 0, 0, 0, 0, 0, 0], [2, 2, 2, 2, 2, 0, 0, 0, 0, 0, 0, 0], [2, 2, 2, 2, 2, 0, 0, 0, 0, 0, 0, 0], [0, 0, 0, 0, 0, 0, 0, 0, 0, 0, 0, 0], [0, 0, 0, 0, 0, 0, 0, 0, 0, 0, 0, 0], [0, 0, 0, 2, 2, 2, 0, 0, 0, 0, 0, 0], [0, 0, 0, 2, 2, 2, 0, 0, 0, 0, 0, 0], [0, 0, 0, 2, 2, 2, 0, 0, 0, 0, 0, 0], [0, 0, 0, 2, 2, 2, 0, 0, 0, 0, 0, 0], [0, 0, 0, 2, 2, 2, 0, 0, 0, 0, 0, 0], [0, 0, 0, 0, 0, 0, 0, 0, 0, 0, 0, 0]], "output": [[2, 2, 2, 2, 2, 4, 4, 4, 4, 4, 4, 4], [2, 2, 2, 2, 2, 4, 4, 4, 4, 4, 4, 4], [2, 2, 2, 2, 2, 4, 4, 4, 4, 4, 4, 4], [2, 2, 2, 2, 2, 4, 4, 4, 4, 4, 4, 4], [4, 4, 4, 4, 4, 4, 4, 4, 4, 4, 4, 4], [4, 4, 4, 4, 4, 4, 4, 4, 4, 4, 4, 4], [4, 4, 4, 2, 2, 2, 4, 4, 4, 4, 4, 4], [4, 4, 4, 2, 2, 2, 4, 4, 4, 4, 4, 4], [4, 4, 4, 2, 2, 2, 4, 4, 4, 4, 4, 4], [4, 4, 4, 2, 2, 2, 4, 4, 4, 4, 4, 4], [4, 4, 4, 2, 2, 2, 4, 4, 4, 4, 4, 4], [4, 4, 4, 4, 4, 4, 4, 4, 4, 4, 4, 4]]}, {"input": [[0, 2, 2, 2, 2, 2, 0], [0, 2, 2, 2, 2, 2, 0], [0, 2, 2, 2, 2, 2, 0], [0, 0, 0, 0, 0, 0, 0], [0, 0, 0, 0, 2, 2, 2], [0, 0, 0, 0, 2, 2, 2], [0, 0, 0, 0, 2, 2, 2]], "output": [[4, 2, 2, 2, 2, 2, 4], [4, 2, 2, 2, 2, 2, 4], [4, 2, 2, 2, 2, 2, 4], [4, 4, 4, 4, 4, 4, 4], [4, 4, 4, 4, 2, 2, 2], [4, 4, 4, 4, 2, 2, 2], [4, 4, 4, 4, 2, 2, 2]]}, {"input": [[0, 0, 0, 0, 0, 0, 0, 0, 0, 0, 0], [0, 2, 2, 2, 2, 0, 0, 0, 0, 0, 0], [0, 2, 2, 2, 2, 0, 0, 0, 0, 0, 0], [0, 2, 2, 2, 2, 0, 0, 0, 0, 0, 0], [0, 2, 2, 2, 2, 0, 0, 0, 0, 0, 0], [0, 2, 2, 2, 2, 0, 0, 0, 0, 0, 0], [0, 0, 0, 0, 0, 2, 2, 2, 2, 0, 0], [0, 0, 0, 0, 0, 2, 2, 2, 2, 0, 0], [0, 0, 0, 0, 0, 2, 2, 2, 2, 0, 0], [0, 0, 0, 0, 0, 0, 0, 0, 0, 0, 0], [0, 0, 0, 0, 0, 0, 0, 0, 0, 0, 0]], "output": [[4, 4, 4, 4, 4, 4, 4, 4, 4, 4, 4], [4, 2, 2, 2, 2, 4, 4, 4, 4, 4, 4], [4, 2, 2, 2, 2, 4, 4, 4, 4, 4, 4], [4, 2, 2, 2, 2, 4, 4, 4, 4, 4, 4], [4, 2, 2, 2, 2, 4, 4, 4, 4, 4, 4], [4, 2, 2, 2, 2, 4, 4, 4, 4, 4, 4], [4, 4, 4, 4, 4, 2, 2, 2, 2, 4, 4], [4, 4, 4, 4, 4, 2, 2, 2, 2, 4, 4], [4, 4, 4, 4, 4, 2, 2, 2, 2, 4, 4], [4, 4, 4, 4, 4, 4, 4, 4, 4, 4, 4], [4, 4, 4, 4, 4, 4, 4, 4, 4, 4, 4]]}, {"input": [[0, 0, 0, 0, 0, 0, 0, 0, 0, 0, 0], [0, 0, 0, 0, 0, 0, 0, 0, 0, 0, 0], [0, 0, 2, 2, 2, 0, 0, 0, 0, 0, 0], [0, 0, 2, 2, 2, 0, 0, 0, 0, 0, 0], [0, 0, 2, 2, 2, 0, 0, 0, 0, 0, 0], [0, 0, 0, 0, 0, 0, 0, 0, 0, 0, 0], [0, 0, 0, 0, 0, 0, 0, 0, 0, 0, 0], [0, 0, 0, 0, 2, 2, 2, 2, 0, 0, 0], [0, 0, 0, 0, 2, 2, 2, 2, 0, 0, 0], [0, 0, 0, 0, 2, 2, 2, 2, 0, 0, 0], [0, 0, 0, 0, 2, 2, 2, 2, 0, 0, 0]], "output": [[4, 4, 4, 4, 4, 4, 4, 4, 4, 4, 4], [4, 4, 4, 4, 4, 4, 4, 4, 4, 4, 4], [4, 4, 2, 2, 2, 4, 4, 4, 4, 4, 4], [4, 4, 2, 2, 2, 4, 4, 4, 4, 4, 4], [4, 4, 2, 2, 2, 4, 4, 4, 4, 4, 4], [4, 4, 4, 4, 4, 4, 4, 4, 4, 4, 4], [4, 4, 4, 4, 4, 4, 4, 4, 4, 4, 4], [4, 4, 4, 4, 2, 2, 2, 2, 4, 4, 4], [4, 4, 4, 4, 2, 2, 2, 2, 4, 4, 4], [4, 4, 4, 4, 2, 2, 2, 2, 4, 4, 4], [4, 4, 4, 4, 2, 2, 2, 2, 4, 4, 4]]}, {"input": [[0, 0, 0, 0, 0, 0, 0], [0, 2, 2, 2, 2, 0, 0], [0, 2, 2, 2, 2, 0, 0], [0, 2, 2, 2, 2, 0, 0], [0, 0, 2, 2, 2, 2, 2], [0, 0, 2, 2, 2, 2, 2], [0, 0, 2, 2, 2, 2, 2]], "output": [[4, 4, 4, 4, 4, 4, 4], [4, 2, 2, 2, 2, 4, 4], [4, 2, 2, 2, 2, 4, 4], [4, 2, 2, 2, 2, 4, 4], [4, 4, 2, 2, 2, 2, 2], [4, 4, 2, 2, 2, 2, 2], [4, 4, 2, 2, 2, 2, 2]]}, {"input": [[0, 0, 0, 0, 0, 0, 0, 0, 0, 0], [0, 0, 0, 0, 0, 0, 0, 0, 0, 0], [0, 0, 0, 0, 0, 0, 0, 0, 0, 0], [0, 2, 2, 2, 0, 0, 2, 2, 2, 2], [0, 2, 2, 2, 0, 0, 2, 2, 2, 2], [0, 2, 2, 2, 0, 0, 2, 2, 2, 2], [2, 2, 2, 2, 2, 0, 2, 2, 2, 2], [2, 2, 2, 2, 2, 0, 2, 2, 2, 2], [2, 2, 2, 2, 2, 0, 0, 0, 0, 0], [0, 0, 0, 0, 0, 0, 0, 0, 0, 0]], "output": [[4, 4, 4, 4, 4, 4, 4, 4, 4, 4], [4, 4, 4, 4, 4, 4, 4, 4, 4, 4], [4, 4, 4, 4, 4, 4, 4, 4, 4, 4], [4, 2, 2, 2, 4, 4, 2, 2, 2, 2], [4, 2, 2, 2, 4, 4, 2, 2, 2, 2], [4, 2, 2, 2, 4, 4, 2, 2, 2, 2], [2, 2, 2, 2, 2, 4, 2, 2, 2, 2], [2, 2, 2, 2, 2, 4, 2, 2, 2, 2], [2, 2, 2, 2, 2, 4, 4, 4, 4, 4], [4, 4, 4, 4, 4, 4, 4, 4, 4, 4]]}, {"input": [[0, 0, 0, 0, 0, 0, 0, 0, 0], [0, 0, 2, 2, 2, 0, 0, 0, 0], [0, 0, 2, 2, 2, 2, 2, 2, 2], [0, 0, 2, 2, 2, 2, 2, 2, 2], [0, 0, 2, 2, 2, 2, 2, 2, 2], [0, 2, 2, 2, 2, 2, 2, 2, 2], [0, 2, 2, 2, 2, 2, 2, 2, 2], [0, 2, 2, 2, 2, 0, 0, 0, 0], [0, 2, 2, 2, 2, 0, 0, 0, 0]], "output": [[4, 4, 4, 4, 4, 4, 4, 4, 4], [4, 4, 2, 2, 2, 4, 4, 4, 4], [4, 4, 2, 2, 2, 2, 2, 2, 2], [4, 4, 2, 2, 2, 2, 2, 2, 2], [4, 4, 2, 2, 2, 2, 2, 2, 2], [4, 2, 2, 2, 2, 2, 2, 2, 2], [4, 2, 2, 2, 2, 2, 2, 2, 2], [4, 2, 2, 2, 2, 4, 4, 4, 4], [4, 2, 2, 2, 2, 4, 4, 4, 4]]}, {"input": [[0, 0, 2, 2, 2, 2], [0, 0, 2, 2, 2, 2], [0, 0, 2, 2, 2, 2], [0, 0, 2, 2, 2, 2], [0, 0, 0, 0, 0, 0], [0, 0, 0, 0, 0, 0]], "output": [[4, 4, 2, 2, 2, 2], [4, 4, 2, 2, 2, 2], [4, 4, 2, 2, 2, 2], [4, 4, 2, 2, 2, 2], [4, 4, 4, 4, 4, 4], [4, 4, 4, 4, 4, 4]]}, {"input": [[0, 2, 2, 2, 2, 2, 0], [0, 2, 2, 2, 2, 2, 0], [0, 2, 2, 2, 2, 2, 0], [0, 2, 2, 2, 2, 2, 0], [2, 2, 2, 0, 0, 0, 0], [2, 2, 2, 0, 0, 0, 0], [2, 2, 2, 0, 0, 0, 0]], "output": [[4, 2, 2, 2, 2, 2, 4], [4, 2, 2, 2, 2, 2, 4], [4, 2, 2, 2, 2, 2, 4], [4, 2, 2, 2, 2, 2, 4], [2, 2, 2, 4, 4, 4, 4], [2, 2, 2, 4, 4, 4, 4], [2, 2, 2, 4, 4, 4, 4]]}, {"input": [[0, 0, 0, 0, 0, 0, 0, 0, 0, 0], [0, 0, 0, 0, 0, 0, 0, 0, 0, 0], [0, 0, 0, 2, 2, 2, 2, 2, 2, 2], [0, 0, 0, 2, 2, 2, 2, 2, 2, 2], [0, 0, 0, 2, 2, 2, 2, 2, 2, 2], [0, 0, 0, 2, 2, 2, 0, 0, 0, 0], [0, 0, 0, 2, 2, 2, 2, 2, 0, 0], [0, 0, 0, 2, 2, 2, 2, 2, 0, 0], [0, 0, 0, 2, 2, 2, 2, 2, 0, 0], [0, 0, 0, 2, 2, 2, 2, 2, 0, 0]], "output": [[4, 4, 4, 4, 4, 4, 4, 4, 4, 4], [4, 4, 4, 4, 4, 4, 4, 4, 4, 4], [4, 4, 4, 2, 2, 2, 2, 2, 2, 2], [4, 4, 4, 2, 2, 2, 2, 2, 2, 2], [4, 4, 4, 2, 2, 2, 2, 2, 2, 2], [4, 4, 4, 2, 2, 2, 4, 4, 4, 4], [4, 4, 4, 2, 2, 2, 2, 2, 4, 4], [4, 4, 4, 2, 2, 2, 2, 2, 4, 4], [4, 4, 4, 2, 2, 2, 2, 2, 4, 4], [4, 4, 4, 2, 2, 2, 2, 2, 4, 4]]}, {"input": [[0, 0, 2, 2, 2, 2, 0, 0], [0, 0, 2, 2, 2, 2, 0, 0], [0, 0, 2, 2, 2, 2, 0, 0], [0, 0, 2, 2, 2, 2, 0, 0], [0, 2, 2, 2, 2, 2, 0, 0], [0, 2, 2, 2, 2, 2, 0, 0], [0, 2, 2, 2, 2, 2, 0, 0], [0, 2, 2, 2, 2, 2, 0, 0]], "output": [[4, 4, 2, 2, 2, 2, 4, 4], [4, 4, 2, 2, 2, 2, 4, 4], [4, 4, 2, 2, 2, 2, 4, 4], [4, 4, 2, 2, 2, 2, 4, 4], [4, 2, 2, 2, 2, 2, 4, 4], [4, 2, 2, 2, 2, 2, 4, 4], [4, 2, 2, 2, 2, 2, 4, 4], [4, 2, 2, 2, 2, 2, 4, 4]]}, {"input": [[0, 0, 0, 0, 0, 0, 0, 0, 0, 0], [0, 0, 0, 0, 0, 0, 0, 0, 0, 0], [2, 2, 2, 2, 2, 0, 2, 2, 2, 0], [2, 2, 2, 2, 2, 0, 2, 2, 2, 0], [2, 2, 2, 2, 2, 0, 2, 2, 2, 0], [2, 2, 2, 2, 2, 0, 2, 2, 2, 0], [0, 0, 0, 2, 2, 2, 0, 0, 0, 0], [0, 0, 0, 2, 2, 2, 0, 0, 0, 0], [0, 0, 0, 2, 2, 2, 0, 0, 0, 0], [0, 0, 0, 0, 0, 0, 0, 0, 0, 0]], "output": [[4, 4, 4, 4, 4, 4, 4, 4, 4, 4], [4, 4, 4, 4, 4, 4, 4, 4, 4, 4], [2, 2, 2, 2, 2, 4, 2, 2, 2, 4], [2, 2, 2, 2, 2, 4, 2, 2, 2, 4], [2, 2, 2, 2, 2, 4, 2, 2, 2, 4], [2, 2, 2, 2, 2, 4, 2, 2, 2, 4], [4, 4, 4, 2, 2, 2, 4, 4, 4, 4], [4, 4, 4, 2, 2, 2, 4, 4, 4, 4], [4, 4, 4, 2, 2, 2, 4, 4, 4, 4], [4, 4, 4, 4, 4, 4, 4, 4, 4, 4]]}, {"input": [[0, 0, 2, 2, 2, 0], [0, 0, 2, 2, 2, 0], [0, 0, 2, 2, 2, 0], [0, 0, 2, 2, 2, 0], [0, 0, 0, 0, 0, 0], [0, 0, 0, 0, 0, 0]], "output": [[4, 4, 2, 2, 2, 4], [4, 4, 2, 2, 2, 4], [4, 4, 2, 2, 2, 4], [4, 4, 2, 2, 2, 4], [4, 4, 4, 4, 4, 4], [4, 4, 4, 4, 4, 4]]}, {"input": [[0, 0, 0, 0, 0], [0, 0, 0, 0, 0], [2, 2, 2, 2, 2], [2, 2, 2, 2, 2], [2, 2, 2, 2, 2]], "output": [[4, 4, 4, 4, 4], [4, 4, 4, 4, 4], [2, 2, 2, 2, 2], [2, 2, 2, 2, 2], [2, 2, 2, 2, 2]]}, {"input": [[2, 2, 2, 0, 0, 0], [2, 2, 2, 0, 0, 0], [2, 2, 2, 0, 0, 0], [2, 2, 2, 0, 0, 0], [2, 2, 2, 0, 0, 0], [0, 0, 0, 0, 0, 0]], "output": [[2, 2, 2, 4, 4, 4], [2, 2, 2, 4, 4, 4], [2, 2, 2, 4, 4, 4], [2, 2, 2, 4, 4, 4], [2, 2, 2, 4, 4, 4], [4, 4, 4, 4, 4, 4]]}, {"input": [[0, 0, 0, 0, 0, 0, 0, 0], [0, 0, 0, 0, 0, 0, 0, 0], [0, 0, 2, 2, 2, 0, 0, 0], [0, 0, 2, 2, 2, 0, 0, 0], [0, 0, 2, 2, 2, 0, 0, 0], [0, 0, 2, 2, 2, 0, 0, 0], [0, 0, 2, 2, 2, 0, 0, 0], [0, 0, 0, 0, 0, 0, 0, 0]], "output": [[4, 4, 4, 4, 4, 4, 4, 4], [4, 4, 4, 4, 4, 4, 4, 4], [4, 4, 2, 2, 2, 4, 4, 4], [4, 4, 2, 2, 2, 4, 4, 4], [4, 4, 2, 2, 2, 4, 4, 4], [4, 4, 2, 2, 2, 4, 4, 4], [4, 4, 2, 2, 2, 4, 4, 4], [4, 4, 4, 4, 4, 4, 4, 4]]}, {"input": [[0, 0, 0, 0, 0, 0, 0, 0, 0], [0, 0, 0, 0, 0, 0, 0, 0, 0], [0, 2, 2, 2, 2, 0, 0, 0, 0], [0, 2, 2, 2, 2, 0, 0, 0, 0], [0, 2, 2, 2, 2, 0, 0, 0, 0], [0, 0, 0, 0, 0, 0, 0, 0, 0], [0, 0, 0, 0, 0, 0, 0, 0, 0], [0, 0, 0, 0, 0, 0, 0, 0, 0], [0, 0, 0, 0, 0, 0, 0, 0, 0]], "output": [[4, 4, 4, 4, 4, 4, 4, 4, 4], [4, 4, 4, 4, 4, 4, 4, 4, 4], [4, 2, 2, 2, 2, 4, 4, 4, 4], [4, 2, 2, 2, 2, 4, 4, 4, 4], [4, 2, 2, 2, 2, 4, 4, 4, 4], [4, 4, 4, 4, 4, 4, 4, 4, 4], [4, 4, 4, 4, 4, 4, 4, 4, 4], [4, 4, 4, 4, 4, 4, 4, 4, 4], [4, 4, 4, 4, 4, 4, 4, 4, 4]]}, {"input": [[0, 0, 0, 0, 0, 0, 0], [2, 2, 2, 0, 0, 0, 0], [2, 2, 2, 0, 0, 0, 0], [2, 2, 2, 2, 2, 2, 0], [2, 2, 2, 2, 2, 2, 0], [2, 2, 2, 2, 2, 2, 0], [0, 0, 0, 2, 2, 2, 0]], "output": [[4, 4, 4, 4, 4, 4, 4], [2, 2, 2, 4, 4, 4, 4], [2, 2, 2, 4, 4, 4, 4], [2, 2, 2, 2, 2, 2, 4], [2, 2, 2, 2, 2, 2, 4], [2, 2, 2, 2, 2, 2, 4], [4, 4, 4, 2, 2, 2, 4]]}, {"input": [[0, 0, 0, 0, 0, 0, 0, 0, 0, 0, 0], [0, 0, 0, 0, 0, 0, 0, 0, 0, 0, 0], [0, 0, 0, 0, 0, 0, 2, 2, 2, 2, 0], [0, 0, 0, 0, 0, 0, 2, 2, 2, 2, 0], [2, 2, 2, 2, 2, 0, 2, 2, 2, 2, 0], [2, 2, 2, 2, 2, 0, 2, 2, 2, 2, 0], [2, 2, 2, 2, 2, 0, 2, 2, 2, 2, 0], [2, 2, 2, 2, 2, 0, 0, 0, 0, 0, 0], [2, 2, 2, 2, 2, 0, 0, 0, 0, 0, 0], [0, 0, 0, 0, 0, 0, 0, 0, 0, 0, 0], [0, 0, 0, 0, 0, 0, 0, 0, 0, 0, 0]], "output": [[4, 4, 4, 4, 4, 4, 4, 4, 4, 4, 4], [4, 4, 4, 4, 4, 4, 4, 4, 4, 4, 4], [4, 4, 4, 4, 4, 4, 2, 2, 2, 2, 4], [4, 4, 4, 4, 4, 4, 2, 2, 2, 2, 4], [2, 2, 2, 2, 2, 4, 2, 2, 2, 2, 4], [2, 2, 2, 2, 2, 4, 2, 2, 2, 2, 4], [2, 2, 2, 2, 2, 4, 2, 2, 2, 2, 4], [2, 2, 2, 2, 2, 4, 4, 4, 4, 4, 4], [2, 2, 2, 2, 2, 4, 4, 4, 4, 4, 4], [4, 4, 4, 4, 4, 4, 4, 4, 4, 4, 4], [4, 4, 4, 4, 4, 4, 4, 4, 4, 4, 4]]}, {"input": [[0, 0, 0, 0, 0, 0, 0, 0, 0, 0, 0, 0], [0, 0, 0, 0, 0, 0, 0, 0, 0, 0, 0, 0], [0, 0, 0, 0, 2, 2, 2, 0, 0, 0, 0, 0], [2, 2, 2, 2, 2, 2, 2, 0, 0, 0, 0, 0], [2, 2, 2, 2, 2, 2, 2, 0, 0, 0, 0, 0], [2, 2, 2, 2, 0, 0, 0, 0, 0, 0, 0, 0], [0, 0, 0, 0, 0, 0, 0, 0, 0, 0, 0, 0], [0, 0, 2, 2, 2, 2, 2, 2, 2, 0, 0, 0], [0, 0, 2, 2, 2, 2, 2, 2, 2, 0, 0, 0], [0, 0, 2, 2, 2, 2, 2, 2, 2, 0, 0, 0], [0, 0, 2, 2, 2, 2, 2, 2, 2, 0, 0, 0], [0, 0, 0, 0, 0, 0, 0, 0, 0, 0, 0, 0]], "output": [[4, 4, 4, 4, 4, 4, 4, 4, 4, 4, 4, 4], [4, 4, 4, 4, 4, 4, 4, 4, 4, 4, 4, 4], [4, 4, 4, 4, 2, 2, 2, 4, 4, 4, 4, 4], [2, 2, 2, 2, 2, 2, 2, 4, 4, 4, 4, 4], [2, 2, 2, 2, 2, 2, 2, 4, 4, 4, 4, 4], [2, 2, 2, 2, 4, 4, 4, 4, 4, 4, 4, 4], [4, 4, 4, 4, 4, 4, 4, 4, 4, 4, 4, 4], [4, 4, 2, 2, 2, 2, 2, 2, 2, 4, 4, 4], [4, 4, 2, 2, 2, 2, 2, 2, 2, 4, 4, 4], [4, 4, 2, 2, 2, 2, 2, 2, 2, 4, 4, 4], [4, 4, 2, 2, 2, 2, 2, 2, 2, 4, 4, 4], [4, 4, 4, 4, 4, 4, 4, 4, 4, 4, 4, 4]]}, {"input": [[0, 2, 2, 2, 0, 0, 0, 0], [0, 2, 2, 2, 0, 0, 0, 0], [0, 2, 2, 2, 0, 0, 0, 0], [2, 2, 2, 2, 0, 0, 0, 0], [2, 2, 2, 2, 2, 2, 2, 0], [2, 2, 2, 2, 2, 2, 2, 0], [2, 2, 2, 2, 2, 2, 2, 0], [0, 0, 0, 0, 0, 0, 0, 0]], "output": [[4, 2, 2, 2, 4, 4, 4, 4], [4, 2, 2, 2, 4, 4, 4, 4], [4, 2, 2, 2, 4, 4, 4, 4], [2, 2, 2, 2, 4, 4, 4, 4], [2, 2, 2, 2, 2, 2, 2, 4], [2, 2, 2, 2, 2, 2, 2, 4], [2, 2, 2, 2, 2, 2, 2, 4], [4, 4, 4, 4, 4, 4, 4, 4]]}, {"input": [[0, 0, 0, 0, 0, 0, 0, 0], [0, 0, 0, 0, 0, 0, 0, 0], [0, 0, 0, 0, 0, 0, 0, 0], [2, 2, 2, 2, 0, 0, 0, 0], [2, 2, 2, 2, 0, 0, 0, 0], [2, 2, 2, 2, 0, 0, 0, 0], [0, 0, 0, 0, 0, 0, 0, 0], [0, 0, 0, 0, 0, 0, 0, 0]], "output": [[4, 4, 4, 4, 4, 4, 4, 4], [4, 4, 4, 4, 4, 4, 4, 4], [4, 4, 4, 4, 4, 4, 4, 4], [2, 2, 2, 2, 4, 4, 4, 4], [2, 2, 2, 2, 4, 4, 4, 4], [2, 2, 2, 2, 4, 4, 4, 4], [4, 4, 4, 4, 4, 4, 4, 4], [4, 4, 4, 4, 4, 4, 4, 4]]}, {"input": [[0, 0, 0, 0, 0, 0, 0], [0, 0, 0, 0, 0, 0, 0], [2, 2, 2, 0, 0, 0, 0], [2, 2, 2, 0, 0, 0, 0], [2, 2, 2, 2, 2, 2, 2], [0, 0, 0, 2, 2, 2, 2], [0, 0, 0, 2, 2, 2, 2]], "output": [[4, 4, 4, 4, 4, 4, 4], [4, 4, 4, 4, 4, 4, 4], [2, 2, 2, 4, 4, 4, 4], [2, 2, 2, 4, 4, 4, 4], [2, 2, 2, 2, 2, 2, 2], [4, 4, 4, 2, 2, 2, 2], [4, 4, 4, 2, 2, 2, 2]]}, {"input": [[0, 0, 0, 0, 0, 0, 0, 0, 0], [0, 0, 0, 0, 0, 0, 0, 0, 0], [0, 2, 2, 2, 2, 2, 0, 0, 0], [0, 2, 2, 2, 2, 2, 0, 0, 0], [0, 2, 2, 2, 2, 2, 0, 0, 0], [0, 0, 0, 0, 0, 0, 0, 0, 0], [0, 0, 0, 0, 0, 0, 0, 0, 0], [0, 0, 0, 0, 0, 0, 0, 0, 0], [0, 0, 0, 0, 0, 0, 0, 0, 0]], "output": [[4, 4, 4, 4, 4, 4, 4, 4, 4], [4, 4, 4, 4, 4, 4, 4, 4, 4], [4, 2, 2, 2, 2, 2, 4, 4, 4], [4, 2, 2, 2, 2, 2, 4, 4, 4], [4, 2, 2, 2, 2, 2, 4, 4, 4], [4, 4, 4, 4, 4, 4, 4, 4, 4], [4, 4, 4, 4, 4, 4, 4, 4, 4], [4, 4, 4, 4, 4, 4, 4, 4, 4], [4, 4, 4, 4, 4, 4, 4, 4, 4]]}, {"input": [[0, 0, 2, 2, 2, 2, 2, 0, 0, 0, 0, 0, 0], [0, 0, 2, 2, 2, 2, 2, 0, 0, 0, 0, 0, 0], [0, 0, 2, 2, 2, 2, 2, 0, 0, 0, 0, 0, 0], [0, 0, 2, 2, 2, 2, 2, 0, 0, 0, 0, 0, 0], [0, 0, 2, 2, 2, 2, 2, 0, 0, 0, 0, 0, 0], [0, 0, 0, 0, 0, 0, 0, 0, 0, 0, 0, 0, 0], [0, 0, 0, 2, 2, 2, 2, 2, 0, 0, 0, 0, 0], [0, 0, 0, 2, 2, 2, 2, 2, 0, 0, 0, 0, 0], [0, 0, 0, 2, 2, 2, 2, 2, 0, 0, 0, 0, 0], [0, 0, 0, 2, 2, 2, 2, 2, 0, 0, 0, 0, 0], [0, 0, 0, 2, 2, 2, 2, 2, 0, 0, 0, 0, 0], [0, 0, 0, 0, 0, 0, 0, 0, 0, 0, 0, 0, 0], [0, 0, 0, 0, 0, 0, 0, 0, 0, 0, 0, 0, 0]], "output": [[4, 4, 2, 2, 2, 2, 2, 4, 4, 4, 4, 4, 4], [4, 4, 2, 2, 2, 2, 2, 4, 4, 4, 4, 4, 4], [4, 4, 2, 2, 2, 2, 2, 4, 4, 4, 4, 4, 4], [4, 4, 2, 2, 2, 2, 2, 4, 4, 4, 4, 4, 4], [4, 4, 2, 2, 2, 2, 2, 4, 4, 4, 4, 4, 4], [4, 4, 4, 4, 4, 4, 4, 4, 4, 4, 4, 4, 4], [4, 4, 4, 2, 2, 2, 2, 2, 4, 4, 4, 4, 4], [4, 4, 4, 2, 2, 2, 2, 2, 4, 4, 4, 4, 4], [4, 4, 4, 2, 2, 2, 2, 2, 4, 4, 4, 4, 4], [4, 4, 4, 2, 2, 2, 2, 2, 4, 4, 4, 4, 4], [4, 4, 4, 2, 2, 2, 2, 2, 4, 4, 4, 4, 4], [4, 4, 4, 4, 4, 4, 4, 4, 4, 4, 4, 4, 4], [4, 4, 4, 4, 4, 4, 4, 4, 4, 4, 4, 4, 4]]}, {"input": [[0, 0, 0, 2, 2, 2, 2, 0], [0, 0, 0, 2, 2, 2, 2, 0], [0, 0, 0, 2, 2, 2, 2, 0], [0, 0, 0, 2, 2, 2, 2, 2], [0, 0, 0, 2, 2, 2, 2, 2], [0, 0, 0, 2, 2, 2, 2, 2], [0, 0, 0, 2, 2, 2, 2, 2], [0, 0, 0, 2, 2, 2, 2, 2]], "output": [[4, 4, 4, 2, 2, 2, 2, 4], [4, 4, 4, 2, 2, 2, 2, 4], [4, 4, 4, 2, 2, 2, 2, 4], [4, 4, 4, 2, 2, 2, 2, 2], [4, 4, 4, 2, 2, 2, 2, 2], [4, 4, 4, 2, 2, 2, 2, 2], [4, 4, 4, 2, 2, 2, 2, 2], [4, 4, 4, 2, 2, 2, 2, 2]]}, {"input": [[0, 0, 0, 0, 0, 0], [2, 2, 2, 2, 2, 0], [2, 2, 2, 2, 2, 0], [2, 2, 2, 2, 2, 0], [2, 2, 2, 2, 2, 0], [0, 0, 0, 0, 0, 0]], "output": [[4, 4, 4, 4, 4, 4], [2, 2, 2, 2, 2, 4], [2, 2, 2, 2, 2, 4], [2, 2, 2, 2, 2, 4], [2, 2, 2, 2, 2, 4], [4, 4, 4, 4, 4, 4]]}, {"input": [[0, 0, 0, 0, 0, 0, 0, 2, 2, 2, 2], [0, 0, 0, 0, 0, 0, 0, 2, 2, 2, 2], [0, 0, 0, 0, 0, 0, 0, 2, 2, 2, 2], [0, 0, 0, 0, 0, 0, 0, 2, 2, 2, 2], [0, 0, 0, 2, 2, 2, 2, 2, 2, 2, 2], [0, 0, 0, 2, 2, 2, 2, 2, 2, 2, 2], [0, 0, 0, 2, 2, 2, 2, 2, 2, 2, 2], [0, 0, 0, 2, 2, 2, 2, 2, 2, 2, 2], [0, 0, 0, 0, 0, 0, 0, 2, 2, 2, 2], [0, 0, 0, 0, 0, 0, 0, 2, 2, 2, 2], [0, 0, 0, 0, 0, 0, 0, 0, 0, 0, 0]], "output": [[4, 4, 4, 4, 4, 4, 4, 2, 2, 2, 2], [4, 4, 4, 4, 4, 4, 4, 2, 2, 2, 2], [4, 4, 4, 4, 4, 4, 4, 2, 2, 2, 2], [4, 4, 4, 4, 4, 4, 4, 2, 2, 2, 2], [4, 4, 4, 2, 2, 2, 2, 2, 2, 2, 2], [4, 4, 4, 2, 2, 2, 2, 2, 2, 2, 2], [4, 4, 4, 2, 2, 2, 2, 2, 2, 2, 2], [4, 4, 4, 2, 2, 2, 2, 2, 2, 2, 2], [4, 4, 4, 4, 4, 4, 4, 2, 2, 2, 2], [4, 4, 4, 4, 4, 4, 4, 2, 2, 2, 2], [4, 4, 4, 4, 4, 4, 4, 4, 4, 4, 4]]}, {"input": [[2, 2, 2, 2, 0, 0, 0, 0, 0, 0], [2, 2, 2, 2, 2, 2, 2, 2, 2, 0], [2, 2, 2, 2, 2, 2, 2, 2, 2, 0], [2, 2, 2, 2, 2, 2, 2, 2, 2, 0], [2, 2, 2, 2, 2, 0, 0, 0, 0, 0], [2, 2, 2, 2, 2, 0, 0, 0, 0, 0], [2, 2, 2, 2, 2, 0, 0, 0, 0, 0], [2, 2, 2, 2, 2, 2, 2, 2, 2, 2], [2, 2, 2, 2, 2, 2, 2, 2, 2, 2], [0, 0, 0, 0, 0, 2, 2, 2, 2, 2]], "output": [[2, 2, 2, 2, 4, 4, 4, 4, 4, 4], [2, 2, 2, 2, 2, 2, 2, 2, 2, 4], [2, 2, 2, 2, 2, 2, 2, 2, 2, 4], [2, 2, 2, 2, 2, 2, 2, 2, 2, 4], [2, 2, 2, 2, 2, 4, 4, 4, 4, 4], [2, 2, 2, 2, 2, 4, 4, 4, 4, 4], [2, 2, 2, 2, 2, 4, 4, 4, 4, 4], [2, 2, 2, 2, 2, 2, 2, 2, 2, 2], [2, 2, 2, 2, 2, 2, 2, 2, 2, 2], [4, 4, 4, 4, 4, 2, 2, 2, 2, 2]]}, {"input": [[0, 0, 0, 0, 2, 2, 2, 0, 0, 0, 0, 0, 0], [0, 0, 0, 0, 2, 2, 2, 0, 0, 0, 0, 0, 0], [0, 0, 0, 0, 2, 2, 2, 0, 0, 0, 0, 0, 0], [0, 0, 0, 0, 2, 2, 2, 0, 0, 0, 0, 0, 0], [0, 0, 0, 0, 2, 2, 2, 0, 0, 0, 0, 0, 0], [0, 0, 0, 0, 0, 0, 0, 0, 0, 0, 0, 0, 0], [0, 0, 0, 0, 0, 0, 0, 0, 0, 0, 0, 0, 0], [0, 0, 0, 0, 0, 0, 0, 0, 0, 0, 0, 0, 0], [0, 0, 0, 0, 0, 0, 0, 0, 0, 0, 0, 0, 0], [0, 2, 2, 2, 0, 0, 0, 2, 2, 2, 0, 0, 0], [0, 2, 2, 2, 0, 0, 0, 2, 2, 2, 0, 0, 0], [0, 2, 2, 2, 0, 0, 0, 2, 2, 2, 0, 0, 0], [0, 0, 0, 0, 0, 0, 0, 0, 0, 0, 0, 0, 0]], "output": [[4, 4, 4, 4, 2, 2, 2, 4, 4, 4, 4, 4, 4], [4, 4, 4, 4, 2, 2, 2, 4, 4, 4, 4, 4, 4], [4, 4, 4, 4, 2, 2, 2, 4, 4, 4, 4, 4, 4], [4, 4, 4, 4, 2, 2, 2, 4, 4, 4, 4, 4, 4], [4, 4, 4, 4, 2, 2, 2, 4, 4, 4, 4, 4, 4], [4, 4, 4, 4, 4, 4, 4, 4, 4, 4, 4, 4, 4], [4, 4, 4, 4, 4, 4, 4, 4, 4, 4, 4, 4, 4], [4, 4, 4, 4, 4, 4, 4, 4, 4, 4, 4, 4, 4], [4, 4, 4, 4, 4, 4, 4, 4, 4, 4, 4, 4, 4], [4, 2, 2, 2, 4, 4, 4, 2, 2, 2, 4, 4, 4], [4, 2, 2, 2, 4, 4, 4, 2, 2, 2, 4, 4, 4], [4, 2, 2, 2, 4, 4, 4, 2, 2, 2, 4, 4, 4], [4, 4, 4, 4, 4, 4, 4, 4, 4, 4, 4, 4, 4]]}, {"input": [[0, 0, 0, 0, 0, 0], [2, 2, 2, 2, 2, 0], [2, 2, 2, 2, 2, 0], [2, 2, 2, 2, 2, 0], [2, 2, 2, 2, 2, 0], [2, 2, 2, 2, 2, 0]], "output": [[4, 4, 4, 4, 4, 4], [2, 2, 2, 2, 2, 4], [2, 2, 2, 2, 2, 4], [2, 2, 2, 2, 2, 4], [2, 2, 2, 2, 2, 4], [2, 2, 2, 2, 2, 4]]}, {"input": [[0, 2, 2, 2, 2, 2, 0, 0, 0, 0], [0, 2, 2, 2, 2, 2, 0, 0, 0, 0], [0, 2, 2, 2, 2, 2, 0, 0, 0, 0], [0, 2, 2, 2, 2, 2, 0, 0, 0, 0], [0, 2, 2, 2, 2, 2, 0, 0, 0, 0], [0, 0, 2, 2, 2, 2, 0, 0, 0, 0], [0, 0, 2, 2, 2, 2, 0, 0, 0, 0], [0, 0, 2, 2, 2, 2, 0, 0, 0, 0], [0, 0, 2, 2, 2, 2, 0, 0, 0, 0], [0, 0, 2, 2, 2, 2, 0, 0, 0, 0]], "output": [[4, 2, 2, 2, 2, 2, 4, 4, 4, 4], [4, 2, 2, 2, 2, 2, 4, 4, 4, 4], [4, 2, 2, 2, 2, 2, 4, 4, 4, 4], [4, 2, 2, 2, 2, 2, 4, 4, 4, 4], [4, 2, 2, 2, 2, 2, 4, 4, 4, 4], [4, 4, 2, 2, 2, 2, 4, 4, 4, 4], [4, 4, 2, 2, 2, 2, 4, 4, 4, 4], [4, 4, 2, 2, 2, 2, 4, 4, 4, 4], [4, 4, 2, 2, 2, 2, 4, 4, 4, 4], [4, 4, 2, 2, 2, 2, 4, 4, 4, 4]]}, {"input": [[0, 2, 2, 2, 2, 2, 0, 0, 0, 0, 0, 0, 0, 0], [0, 2, 2, 2, 2, 2, 0, 0, 0, 0, 0, 0, 0, 0], [0, 2, 2, 2, 2, 2, 0, 0, 0, 0, 0, 0, 0, 0], [0, 2, 2, 2, 2, 2, 0, 0, 0, 0, 0, 0, 0, 0], [0, 2, 2, 2, 2, 2, 0, 0, 0, 0, 0, 0, 0, 0], [0, 0, 0, 0, 0, 0, 0, 0, 0, 0, 0, 0, 0, 0], [2, 2, 2, 2, 2, 0, 0, 0, 0, 0, 2, 2, 2, 0], [2, 2, 2, 2, 2, 0, 0, 0, 0, 0, 2, 2, 2, 0], [2, 2, 2, 2, 2, 0, 0, 0, 0, 0, 2, 2, 2, 0], [0, 0, 0, 0, 0, 0, 0, 0, 0, 0, 2, 2, 2, 0], [0, 0, 0, 0, 0, 0, 2, 2, 2, 0, 2, 2, 2, 0], [0, 0, 0, 0, 0, 0, 2, 2, 2, 0, 0, 0, 0, 0], [0, 0, 0, 0, 0, 0, 2, 2, 2, 0, 0, 0, 0, 0], [0, 0, 0, 0, 0, 0, 2, 2, 2, 0, 0, 0, 0, 0]], "output": [[4, 2, 2, 2, 2, 2, 4, 4, 4, 4, 4, 4, 4, 4], [4, 2, 2, 2, 2, 2, 4, 4, 4, 4, 4, 4, 4, 4], [4, 2, 2, 2, 2, 2, 4, 4, 4, 4, 4, 4, 4, 4], [4, 2, 2, 2, 2, 2, 4, 4, 4, 4, 4, 4, 4, 4], [4, 2, 2, 2, 2, 2, 4, 4, 4, 4, 4, 4, 4, 4], [4, 4, 4, 4, 4, 4, 4, 4, 4, 4, 4, 4, 4, 4], [2, 2, 2, 2, 2, 4, 4, 4, 4, 4, 2, 2, 2, 4], [2, 2, 2, 2, 2, 4, 4, 4, 4, 4, 2, 2, 2, 4], [2, 2, 2, 2, 2, 4, 4, 4, 4, 4, 2, 2, 2, 4], [4, 4, 4, 4, 4, 4, 4, 4, 4, 4, 2, 2, 2, 4], [4, 4, 4, 4, 4, 4, 2, 2, 2, 4, 2, 2, 2, 4], [4, 4, 4, 4, 4, 4, 2, 2, 2, 4, 4, 4, 4, 4], [4, 4, 4, 4, 4, 4, 2, 2, 2, 4, 4, 4, 4, 4], [4, 4, 4, 4, 4, 4, 2, 2, 2, 4, 4, 4, 4, 4]]}, {"input": [[0, 2, 2, 2, 2, 0], [0, 2, 2, 2, 2, 0], [0, 2, 2, 2, 2, 0], [0, 2, 2, 2, 2, 0], [0, 0, 0, 0, 0, 0], [0, 0, 0, 0, 0, 0]], "output": [[4, 2, 2, 2, 2, 4], [4, 2, 2, 2, 2, 4], [4, 2, 2, 2, 2, 4], [4, 2, 2, 2, 2, 4], [4, 4, 4, 4, 4, 4], [4, 4, 4, 4, 4, 4]]}, {"input": [[0, 2, 2, 2, 0], [0, 2, 2, 2, 0], [0, 2, 2, 2, 0], [0, 0, 0, 0, 0], [0, 0, 0, 0, 0]], "output": [[4, 2, 2, 2, 4], [4, 2, 2, 2, 4], [4, 2, 2, 2, 4], [4, 4, 4, 4, 4], [4, 4, 4, 4, 4]]}, {"input": [[0, 0, 0, 0, 0, 0, 0, 0, 0, 0, 0, 0], [0, 0, 0, 0, 0, 0, 0, 0, 0, 0, 0, 0], [0, 0, 0, 0, 0, 0, 0, 0, 0, 0, 0, 0], [0, 2, 2, 2, 2, 2, 0, 0, 0, 0, 0, 0], [0, 2, 2, 2, 2, 2, 0, 0, 0, 0, 0, 0], [0, 2, 2, 2, 2, 2, 0, 0, 0, 0, 0, 0], [0, 0, 0, 0, 0, 0, 0, 0, 0, 0, 0, 0], [0, 0, 0, 0, 0, 0, 0, 0, 0, 0, 0, 0], [0, 0, 0, 0, 0, 0, 0, 0, 0, 0, 0, 0], [0, 0, 0, 0, 0, 0, 0, 0, 0, 0, 0, 0], [0, 0, 0, 0, 0, 0, 0, 0, 0, 0, 0, 0], [0, 0, 0, 0, 0, 0, 0, 0, 0, 0, 0, 0]], "output": [[4, 4, 4, 4, 4, 4, 4, 4, 4, 4, 4, 4], [4, 4, 4, 4, 4, 4, 4, 4, 4, 4, 4, 4], [4, 4, 4, 4, 4, 4, 4, 4, 4, 4, 4, 4], [4, 2, 2, 2, 2, 2, 4, 4, 4, 4, 4, 4], [4, 2, 2, 2, 2, 2, 4, 4, 4, 4, 4, 4], [4, 2, 2, 2, 2, 2, 4, 4, 4, 4, 4, 4], [4, 4, 4, 4, 4, 4, 4, 4, 4, 4, 4, 4], [4, 4, 4, 4, 4, 4, 4, 4, 4, 4, 4, 4], [4, 4, 4, 4, 4, 4, 4, 4, 4, 4, 4, 4], [4, 4, 4, 4, 4, 4, 4, 4, 4, 4, 4, 4], [4, 4, 4, 4, 4, 4, 4, 4, 4, 4, 4, 4], [4, 4, 4, 4, 4, 4, 4, 4, 4, 4, 4, 4]]}, {"input": [[0, 2, 2, 2, 0], [0, 2, 2, 2, 0], [0, 2, 2, 2, 0], [0, 2, 2, 2, 0], [0, 0, 0, 0, 0]], "output": [[4, 2, 2, 2, 4], [4, 2, 2, 2, 4], [4, 2, 2, 2, 4], [4, 2, 2, 2, 4], [4, 4, 4, 4, 4]]}, {"input": [[0, 0, 0, 0, 0, 0, 0, 0, 0, 0, 0, 0, 0], [0, 0, 0, 0, 0, 0, 0, 2, 2, 2, 2, 2, 0], [0, 0, 0, 0, 0, 0, 0, 2, 2, 2, 2, 2, 0], [0, 0, 0, 0, 0, 0, 0, 2, 2, 2, 2, 2, 0], [0, 0, 0, 2, 2, 2, 2, 0, 0, 0, 0, 0, 0], [0, 0, 0, 2, 2, 2, 2, 0, 0, 0, 0, 0, 0], [0, 0, 0, 2, 2, 2, 2, 0, 0, 0, 0, 0, 0], [0, 0, 0, 2, 2, 2, 2, 0, 0, 0, 0, 0, 0], [0, 0, 0, 0, 0, 0, 2, 2, 2, 0, 0, 0, 0], [0, 0, 0, 0, 0, 0, 2, 2, 2, 0, 0, 0, 0], [0, 0, 0, 0, 0, 0, 2, 2, 2, 0, 0, 0, 0], [0, 0, 0, 0, 0, 0, 2, 2, 2, 0, 0, 0, 0], [0, 0, 0, 0, 0, 0, 2, 2, 2, 0, 0, 0, 0]], "output": [[4, 4, 4, 4, 4, 4, 4, 4, 4, 4, 4, 4, 4], [4, 4, 4, 4, 4, 4, 4, 2, 2, 2, 2, 2, 4], [4, 4, 4, 4, 4, 4, 4, 2, 2, 2, 2, 2, 4], [4, 4, 4, 4, 4, 4, 4, 2, 2, 2, 2, 2, 4], [4, 4, 4, 2, 2, 2, 2, 4, 4, 4, 4, 4, 4], [4, 4, 4, 2, 2, 2, 2, 4, 4, 4, 4, 4, 4], [4, 4, 4, 2, 2, 2, 2, 4, 4, 4, 4, 4, 4], [4, 4, 4, 2, 2, 2, 2, 4, 4, 4, 4, 4, 4], [4, 4, 4, 4, 4, 4, 2, 2, 2, 4, 4, 4, 4], [4, 4, 4, 4, 4, 4, 2, 2, 2, 4, 4, 4, 4], [4, 4, 4, 4, 4, 4, 2, 2, 2, 4, 4, 4, 4], [4, 4, 4, 4, 4, 4, 2, 2, 2, 4, 4, 4, 4], [4, 4, 4, 4, 4, 4, 2, 2, 2, 4, 4, 4, 4]]}], "test": [{"input": [[0, 0, 0, 0, 0, 0], [0, 0, 0, 0, 0, 0], [0, 2, 2, 2, 2, 0], [0, 2, 2, 2, 2, 0], [0, 2, 2, 2, 2, 0], [0, 0, 0, 0, 0, 0]], "output": [[4, 4, 4, 4, 4, 4], [4, 4, 4, 4, 4, 4], [4, 2, 2, 2, 2, 4], [4, 2, 2, 2, 2, 4], [4, 2, 2, 2, 2, 4], [4, 4, 4, 4, 4, 4]]}, {"input": [[2, 2, 2, 2, 2], [2, 2, 2, 2, 2], [2, 2, 2, 2, 2], [0, 0, 0, 0, 0], [0, 0, 0, 0, 0]], "output": [[2, 2, 2, 2, 2], [2, 2, 2, 2, 2], [2, 2, 2, 2, 2], [4, 4, 4, 4, 4], [4, 4, 4, 4, 4]]}, {"input": [[0, 0, 0, 0, 0, 0, 0, 0], [2, 2, 2, 2, 0, 0, 0, 0], [2, 2, 2, 2, 2, 2, 2, 0], [2, 2, 2, 2, 2, 2, 2, 0], [2, 2, 2, 2, 2, 2, 2, 0], [2, 2, 2, 2, 0, 0, 0, 0], [0, 0, 0, 0, 0, 0, 0, 0], [0, 0, 0, 0, 0, 0, 0, 0]], "output": [[4, 4, 4, 4, 4, 4, 4, 4], [2, 2, 2, 2, 4, 4, 4, 4], [2, 2, 2, 2, 2, 2, 2, 4], [2, 2, 2, 2, 2, 2, 2, 4], [2, 2, 2, 2, 2, 2, 2, 4], [2, 2, 2, 2, 4, 4, 4, 4], [4, 4, 4, 4, 4, 4, 4, 4], [4, 4, 4, 4, 4, 4, 4, 4]]}]}