{"train": [{"input": [[0, 0, 0, 0, 0, 0, 0, 0, 0, 2, 2, 2, 2], [0, 0, 0, 0, 0, 0, 0, 0, 0, 2, 2, 2, 2], [0, 0, 0, 0, 0, 0, 0, 0, 0, 2, 0, 2, 2], [0, 0, 0, 0, 0, 0, 0, 0, 0, 0, 2, 2, 2], [0, 0, 0, 0, 0, 0, 0, 0, 0, 0, 0, 0, 0], [0, 0, 0, 0, 4, 1, 0, 0, 0, 0, 0, 0, 0], [0, 0, 0, 4, 4, 4, 0, 0, 9, 0, 0, 0, 0], [0, 0, 4, 4, 4, 4, 0, 9, 9, 9, 0, 0, 0], [0, 0, 1, 4, 4, 4, 0, 0, 9, 0, 0, 2, 0], [0, 0, 0, 0, 0, 0, 0, 0, 0, 0, 0, 6, 7], [0, 0, 0, 0, 0, 0, 0, 0, 0, 0, 0, 6, 7], [0, 0, 0, 0, 0, 0, 0, 0, 0, 0, 0, 2, 0], [0, 0, 0, 0, 0, 0, 0, 0, 0, 0, 0, 0, 0]], "output": [[0, 0, 0, 0, 0, 0, 0, 0, 0, 1, 1, 1, 1], [0, 0, 0, 0, 0, 0, 0, 0, 0, 1, 1, 1, 1], [0, 0, 0, 0, 0, 0, 0, 0, 0, 1, 0, 1, 1], [0, 0, 0, 0, 0, 0, 0, 0, 0, 0, 1, 1, 1], [0, 0, 0, 0, 0, 0, 0, 0, 0, 0, 0, 0, 0], [0, 0, 0, 0, 1, 1, 0, 0, 0, 0, 0, 0, 0], [0, 0, 0, 1, 1, 1, 0, 0, 1, 0, 0, 0, 0], [0, 0, 1, 1, 1, 1, 0, 1, 1, 1, 0, 0, 0], [0, 0, 1, 1, 1, 1, 0, 0, 1, 0, 0, 1, 0], [0, 0, 0, 0, 0, 0, 0, 0, 0, 0, 0, 1, 1], [0, 0, 0, 0, 0, 0, 0, 0, 0, 0, 0, 1, 1], [0, 0, 0, 0, 0, 0, 0, 0, 0, 0, 0, 1, 0], [0, 0, 0, 0, 0, 0, 0, 0, 0, 0, 0, 0, 0]]}, {"input": [[0, 0, 0, 0, 0, 0, 0, 0, 0, 5, 5, 0], [4, 9, 4, 0, 0, 0, 0, 0, 0, 5, 5, 0], [0, 9, 0, 0, 0, 0, 0, 0, 0, 0, 0, 0], [9, 9, 9, 0, 0, 0, 0, 2, 4, 0, 0, 0], [9, 0, 9, 0, 0, 0, 2, 2, 2, 0, 0, 0], [0, 0, 0, 0, 0, 0, 4, 2, 0, 0, 0, 0], [0, 0, 0, 0, 0, 0, 0, 0, 0, 0, 0, 0], [0, 0, 0, 0, 0, 0, 0, 0, 0, 0, 0, 0], [0, 0, 0, 0, 0, 0, 0, 0, 0, 0, 0, 0], [0, 0, 0, 0, 0, 0, 0, 0, 0, 0, 0, 0], [0, 0, 0, 0, 0, 0, 0, 0, 0, 0, 0, 0], [0, 0, 0, 0, 0, 0, 0, 0, 0, 0, 0, 0]], "output": [[0, 0, 0, 0, 0, 0, 0, 0, 0, 1, 1, 0], [1, 1, 1, 0, 0, 0, 0, 0, 0, 1, 1, 0], [0, 1, 0, 0, 0, 0, 0, 0, 0, 0, 0, 0], [1, 1, 1, 0, 0, 0, 0, 1, 1, 0, 0, 0], [1, 0, 1, 0, 0, 0, 1, 1, 1, 0, 0, 0], [0, 0, 0, 0, 0, 0, 1, 1, 0, 0, 0, 0], [0, 0, 0, 0, 0, 0, 0, 0, 0, 0, 0, 0], [0, 0, 0, 0, 0, 0, 0, 0, 0, 0, 0, 0], [0, 0, 0, 0, 0, 0, 0, 0, 0, 0, 0, 0], [0, 0, 0, 0, 0, 0, 0, 0, 0, 0, 0, 0], [0, 0, 0, 0, 0, 0, 0, 0, 0, 0, 0, 0], [0, 0, 0, 0, 0, 0, 0, 0, 0, 0, 0, 0]]}, {"input": [[0, 0, 0, 0, 0, 0, 0, 0, 0, 0, 0, 0, 0, 0], [0, 0, 0, 0, 0, 0, 0, 0, 0, 0, 0, 0, 0, 0], [0, 0, 0, 0, 0, 9, 9, 0, 0, 0, 0, 0, 0, 0], [0, 0, 0, 0, 0, 9, 9, 0, 0, 0, 0, 2, 6, 2], [0, 0, 0, 0, 0, 9, 9, 0, 0, 0, 0, 2, 6, 2], [0, 0, 0, 0, 0, 0, 0, 0, 0, 0, 0, 0, 0, 0], [0, 0, 0, 0, 0, 0, 0, 0, 0, 0, 0, 0, 0, 0], [0, 0, 0, 0, 0, 0, 0, 0, 0, 0, 0, 9, 0, 0], [0, 0, 0, 0, 0, 0, 0, 0, 0, 0, 0, 9, 0, 0], [0, 0, 0, 0, 0, 0, 0, 0, 0, 0, 9, 9, 9, 0], [0, 0, 0, 0, 0, 0, 0, 0, 0, 0, 0, 9, 0, 0], [0, 0, 0, 0, 0, 0, 0, 0, 0, 0, 0, 0, 0, 0]], "output": [[0, 0, 0, 0, 0, 0, 0, 0, 0, 0, 0, 0, 0, 0], [0, 0, 0, 0, 0, 0, 0, 0, 0, 0, 0, 0, 0, 0], [0, 0, 0, 0, 0, 1, 1, 0, 0, 0, 0, 0, 0, 0], [0, 0, 0, 0, 0, 1, 1, 0, 0, 0, 0, 1, 1, 1], [0, 0, 0, 0, 0, 1, 1, 0, 0, 0, 0, 1, 1, 1], [0, 0, 0, 0, 0, 0, 0, 0, 0, 0, 0, 0, 0, 0], [0, 0, 0, 0, 0, 0, 0, 0, 0, 0, 0, 0, 0, 0], [0, 0, 0, 0, 0, 0, 0, 0, 0, 0, 0, 1, 0, 0], [0, 0, 0, 0, 0, 0, 0, 0, 0, 0, 0, 1, 0, 0], [0, 0, 0, 0, 0, 0, 0, 0, 0, 0, 1, 1, 1, 0], [0, 0, 0, 0, 0, 0, 0, 0, 0, 0, 0, 1, 0, 0], [0, 0, 0, 0, 0, 0, 0, 0, 0, 0, 0, 0, 0, 0]]}, {"input": [[0, 0, 0, 0, 0, 0, 0, 0, 0, 0, 0, 0, 0, 0], [0, 0, 0, 0, 0, 0, 0, 0, 0, 2, 2, 0, 0, 0], [0, 0, 0, 0, 3, 3, 0, 0, 0, 7, 2, 0, 0, 0], [0, 0, 0, 0, 3, 3, 0, 0, 0, 2, 2, 0, 0, 0], [0, 0, 0, 0, 3, 3, 0, 0, 0, 0, 0, 0, 0, 0], [0, 0, 0, 0, 0, 0, 0, 0, 0, 5, 5, 0, 0, 0], [0, 0, 0, 0, 0, 0, 0, 0, 0, 5, 5, 5, 0, 0], [0, 0, 0, 0, 0, 0, 0, 0, 0, 0, 5, 5, 0, 0], [0, 0, 0, 0, 0, 0, 0, 0, 0, 0, 0, 0, 0, 0], [0, 0, 0, 0, 0, 0, 0, 0, 0, 0, 0, 0, 0, 0], [0, 0, 0, 0, 0, 0, 3, 3, 3, 0, 0, 0, 0, 0], [0, 0, 0, 0, 0, 0, 3, 3, 3, 0, 0, 0, 0, 0], [0, 0, 0, 0, 0, 0, 0, 0, 0, 0, 0, 0, 0, 0], [0, 0, 0, 0, 0, 0, 0, 0, 0, 0, 0, 0, 0, 0]], "output": [[0, 0, 0, 0, 0, 0, 0, 0, 0, 0, 0, 0, 0, 0], [0, 0, 0, 0, 0, 0, 0, 0, 0, 1, 1, 0, 0, 0], [0, 0, 0, 0, 1, 1, 0, 0, 0, 1, 1, 0, 0, 0], [0, 0, 0, 0, 1, 1, 0, 0, 0, 1, 1, 0, 0, 0], [0, 0, 0, 0, 1, 1, 0, 0, 0, 0, 0, 0, 0, 0], [0, 0, 0, 0, 0, 0, 0, 0, 0, 1, 1, 0, 0, 0], [0, 0, 0, 0, 0, 0, 0, 0, 0, 1, 1, 1, 0, 0], [0, 0, 0, 0, 0, 0, 0, 0, 0, 0, 1, 1, 0, 0], [0, 0, 0, 0, 0, 0, 0, 0, 0, 0, 0, 0, 0, 0], [0, 0, 0, 0, 0, 0, 0, 0, 0, 0, 0, 0, 0, 0], [0, 0, 0, 0, 0, 0, 1, 1, 1, 0, 0, 0, 0, 0], [0, 0, 0, 0, 0, 0, 1, 1, 1, 0, 0, 0, 0, 0], [0, 0, 0, 0, 0, 0, 0, 0, 0, 0, 0, 0, 0, 0], [0, 0, 0, 0, 0, 0, 0, 0, 0, 0, 0, 0, 0, 0]]}, {"input": [[0, 0, 0, 0, 0, 0, 0, 0, 0, 0, 0, 0, 0, 0], [0, 0, 0, 0, 0, 0, 0, 0, 0, 0, 0, 0, 0, 0], [0, 0, 0, 0, 0, 0, 0, 0, 0, 4, 4, 4, 0, 0], [0, 0, 0, 0, 0, 0, 0, 0, 0, 1, 0, 1, 0, 0], [0, 0, 0, 0, 0, 0, 0, 0, 0, 1, 2, 1, 0, 0], [0, 0, 0, 0, 0, 0, 0, 0, 0, 1, 0, 1, 0, 0], [0, 0, 0, 0, 0, 0, 0, 0, 0, 0, 0, 0, 0, 0], [0, 0, 0, 0, 0, 0, 0, 0, 0, 0, 0, 0, 0, 0], [0, 0, 0, 0, 0, 0, 0, 0, 0, 0, 0, 0, 0, 0], [0, 0, 0, 0, 1, 0, 0, 0, 0, 0, 0, 0, 0, 0], [0, 0, 0, 0, 1, 1, 0, 0, 0, 5, 5, 5, 5, 0], [0, 0, 0, 0, 1, 0, 0, 0, 0, 5, 5, 5, 5, 0], [0, 0, 0, 0, 0, 0, 0, 0, 0, 0, 0, 0, 0, 0]], "output": [[0, 0, 0, 0, 0, 0, 0, 0, 0, 0, 0, 0, 0, 0], [0, 0, 0, 0, 0, 0, 0, 0, 0, 0, 0, 0, 0, 0], [0, 0, 0, 0, 0, 0, 0, 0, 0, 1, 1, 1, 0, 0], [0, 0, 0, 0, 0, 0, 0, 0, 0, 1, 0, 1, 0, 0], [0, 0, 0, 0, 0, 0, 0, 0, 0, 1, 1, 1, 0, 0], [0, 0, 0, 0, 0, 0, 0, 0, 0, 1, 0, 1, 0, 0], [0, 0, 0, 0, 0, 0, 0, 0, 0, 0, 0, 0, 0, 0], [0, 0, 0, 0, 0, 0, 0, 0, 0, 0, 0, 0, 0, 0], [0, 0, 0, 0, 0, 0, 0, 0, 0, 0, 0, 0, 0, 0], [0, 0, 0, 0, 1, 0, 0, 0, 0, 0, 0, 0, 0, 0], [0, 0, 0, 0, 1, 1, 0, 0, 0, 1, 1, 1, 1, 0], [0, 0, 0, 0, 1, 0, 0, 0, 0, 1, 1, 1, 1, 0], [0, 0, 0, 0, 0, 0, 0, 0, 0, 0, 0, 0, 0, 0]]}, {"input": [[0, 0, 0, 0, 0, 0, 0, 0, 0, 5], [0, 0, 0, 0, 0, 0, 0, 0, 5, 5], [0, 0, 0, 0, 0, 0, 6, 0, 0, 0], [0, 0, 7, 7, 0, 0, 7, 6, 0, 0], [0, 0, 7, 7, 0, 0, 7, 7, 6, 0], [0, 0, 0, 0, 0, 0, 0, 0, 0, 0], [0, 0, 0, 0, 0, 0, 0, 0, 0, 0], [0, 6, 7, 0, 0, 0, 0, 6, 6, 0], [0, 6, 7, 0, 0, 0, 0, 6, 6, 0], [0, 6, 7, 0, 0, 0, 0, 6, 6, 0], [0, 6, 7, 0, 0, 0, 0, 6, 6, 0]], "output": [[0, 0, 0, 0, 0, 0, 0, 0, 0, 1], [0, 0, 0, 0, 0, 0, 0, 0, 1, 1], [0, 0, 0, 0, 0, 0, 1, 0, 0, 0], [0, 0, 1, 1, 0, 0, 1, 1, 0, 0], [0, 0, 1, 1, 0, 0, 1, 1, 1, 0], [0, 0, 0, 0, 0, 0, 0, 0, 0, 0], [0, 0, 0, 0, 0, 0, 0, 0, 0, 0], [0, 1, 1, 0, 0, 0, 0, 1, 1, 0], [0, 1, 1, 0, 0, 0, 0, 1, 1, 0], [0, 1, 1, 0, 0, 0, 0, 1, 1, 0], [0, 1, 1, 0, 0, 0, 0, 1, 1, 0]]}, {"input": [[0, 0, 8, 8, 0, 0, 0, 0, 0, 0], [0, 0, 8, 8, 0, 1, 1, 1, 0, 0], [0, 0, 0, 0, 0, 1, 1, 1, 0, 0], [0, 0, 0, 0, 0, 0, 0, 0, 0, 0], [8, 8, 0, 0, 0, 0, 0, 0, 4, 4], [6, 6, 0, 0, 0, 0, 0, 0, 4, 4], [6, 6, 0, 0, 0, 0, 0, 0, 4, 4], [8, 8, 0, 0, 0, 0, 0, 0, 0, 0], [0, 0, 0, 0, 0, 0, 0, 0, 4, 4], [0, 0, 0, 0, 0, 0, 0, 4, 4, 4], [0, 0, 0, 0, 0, 0, 0, 4, 4, 4]], "output": [[0, 0, 1, 1, 0, 0, 0, 0, 0, 0], [0, 0, 1, 1, 0, 1, 1, 1, 0, 0], [0, 0, 0, 0, 0, 1, 1, 1, 0, 0], [0, 0, 0, 0, 0, 0, 0, 0, 0, 0], [1, 1, 0, 0, 0, 0, 0, 0, 1, 1], [1, 1, 0, 0, 0, 0, 0, 0, 1, 1], [1, 1, 0, 0, 0, 0, 0, 0, 1, 1], [1, 1, 0, 0, 0, 0, 0, 0, 0, 0], [0, 0, 0, 0, 0, 0, 0, 0, 1, 1], [0, 0, 0, 0, 0, 0, 0, 1, 1, 1], [0, 0, 0, 0, 0, 0, 0, 1, 1, 1]]}, {"input": [[0, 4, 4, 4, 4, 0, 0, 0, 0, 0], [0, 4, 4, 4, 4, 0, 0, 0, 0, 0], [0, 0, 0, 0, 0, 0, 0, 0, 0, 0], [0, 0, 0, 0, 0, 0, 0, 1, 0, 0], [0, 0, 0, 0, 0, 0, 1, 7, 1, 0], [0, 0, 0, 0, 0, 0, 0, 1, 0, 0], [0, 0, 0, 0, 0, 0, 0, 0, 0, 0], [3, 3, 0, 0, 2, 2, 0, 0, 0, 0], [3, 3, 0, 2, 1, 1, 2, 0, 0, 0], [3, 3, 0, 5, 5, 5, 5, 0, 0, 0]], "output": [[0, 1, 1, 1, 1, 0, 0, 0, 0, 0], [0, 1, 1, 1, 1, 0, 0, 0, 0, 0], [0, 0, 0, 0, 0, 0, 0, 0, 0, 0], [0, 0, 0, 0, 0, 0, 0, 1, 0, 0], [0, 0, 0, 0, 0, 0, 1, 1, 1, 0], [0, 0, 0, 0, 0, 0, 0, 1, 0, 0], [0, 0, 0, 0, 0, 0, 0, 0, 0, 0], [1, 1, 0, 0, 1, 1, 0, 0, 0, 0], [1, 1, 0, 1, 1, 1, 1, 0, 0, 0], [1, 1, 0, 1, 1, 1, 1, 0, 0, 0]]}, {"input": [[0, 0, 0, 0, 0, 0, 0, 0, 0, 0, 0, 0], [0, 0, 0, 0, 0, 0, 0, 0, 0, 0, 0, 0], [0, 0, 0, 0, 4, 4, 3, 0, 0, 0, 0, 0], [0, 0, 0, 0, 3, 3, 4, 0, 0, 0, 0, 0], [0, 0, 0, 0, 0, 3, 4, 0, 0, 4, 4, 0], [0, 0, 0, 0, 0, 0, 0, 0, 0, 5, 5, 5], [0, 0, 0, 9, 9, 0, 0, 0, 0, 5, 5, 5], [0, 0, 0, 9, 9, 0, 0, 0, 0, 4, 4, 0], [0, 0, 0, 9, 9, 0, 0, 0, 0, 0, 0, 0], [0, 0, 0, 0, 0, 0, 0, 0, 6, 6, 6, 0], [0, 0, 0, 0, 0, 0, 0, 0, 0, 6, 6, 0], [0, 0, 0, 0, 0, 0, 0, 0, 0, 0, 5, 6], [0, 0, 0, 0, 0, 0, 0, 0, 1, 1, 1, 6]], "output": [[0, 0, 0, 0, 0, 0, 0, 0, 0, 0, 0, 0], [0, 0, 0, 0, 0, 0, 0, 0, 0, 0, 0, 0], [0, 0, 0, 0, 1, 1, 1, 0, 0, 0, 0, 0], [0, 0, 0, 0, 1, 1, 1, 0, 0, 0, 0, 0], [0, 0, 0, 0, 0, 1, 1, 0, 0, 1, 1, 0], [0, 0, 0, 0, 0, 0, 0, 0, 0, 1, 1, 1], [0, 0, 0, 1, 1, 0, 0, 0, 0, 1, 1, 1], [0, 0, 0, 1, 1, 0, 0, 0, 0, 1, 1, 0], [0, 0, 0, 1, 1, 0, 0, 0, 0, 0, 0, 0], [0, 0, 0, 0, 0, 0, 0, 0, 1, 1, 1, 0], [0, 0, 0, 0, 0, 0, 0, 0, 0, 1, 1, 0], [0, 0, 0, 0, 0, 0, 0, 0, 0, 0, 1, 1], [0, 0, 0, 0, 0, 0, 0, 0, 1, 1, 1, 1]]}, {"input": [[0, 0, 0, 0, 0, 6, 6, 5, 0, 0, 0], [0, 0, 0, 0, 0, 0, 0, 5, 0, 0, 0], [0, 0, 0, 0, 0, 0, 0, 0, 0, 0, 0], [0, 0, 0, 0, 0, 4, 0, 0, 0, 0, 0], [0, 0, 0, 4, 4, 4, 0, 0, 0, 0, 0], [0, 0, 0, 4, 4, 4, 0, 0, 0, 0, 0], [0, 0, 0, 0, 0, 4, 0, 0, 0, 0, 0], [0, 0, 0, 0, 0, 0, 0, 0, 0, 0, 0], [0, 0, 0, 0, 0, 0, 0, 7, 7, 7, 7], [0, 0, 0, 7, 0, 0, 0, 0, 0, 0, 7], [0, 0, 0, 7, 7, 7, 7, 0, 0, 0, 0], [0, 0, 0, 0, 5, 0, 0, 0, 0, 0, 0], [0, 0, 0, 0, 0, 0, 0, 0, 0, 0, 0], [0, 0, 0, 0, 0, 0, 0, 0, 0, 0, 0]], "output": [[0, 0, 0, 0, 0, 1, 1, 1, 0, 0, 0], [0, 0, 0, 0, 0, 0, 0, 1, 0, 0, 0], [0, 0, 0, 0, 0, 0, 0, 0, 0, 0, 0], [0, 0, 0, 0, 0, 1, 0, 0, 0, 0, 0], [0, 0, 0, 1, 1, 1, 0, 0, 0, 0, 0], [0, 0, 0, 1, 1, 1, 0, 0, 0, 0, 0], [0, 0, 0, 0, 0, 1, 0, 0, 0, 0, 0], [0, 0, 0, 0, 0, 0, 0, 0, 0, 0, 0], [0, 0, 0, 0, 0, 0, 0, 1, 1, 1, 1], [0, 0, 0, 1, 0, 0, 0, 0, 0, 0, 1], [0, 0, 0, 1, 1, 1, 1, 0, 0, 0, 0], [0, 0, 0, 0, 1, 0, 0, 0, 0, 0, 0], [0, 0, 0, 0, 0, 0, 0, 0, 0, 0, 0], [0, 0, 0, 0, 0, 0, 0, 0, 0, 0, 0]]}, {"input": [[0, 0, 0, 0, 0, 0, 0, 1, 1, 0, 0, 0, 0], [0, 0, 0, 0, 0, 0, 0, 1, 1, 0, 0, 0, 0], [0, 0, 0, 0, 0, 0, 0, 1, 1, 0, 0, 0, 0], [1, 4, 1, 0, 0, 0, 0, 0, 0, 0, 7, 7, 7], [2, 1, 0, 0, 0, 0, 0, 0, 0, 0, 7, 7, 7], [2, 1, 0, 0, 0, 0, 0, 0, 0, 0, 7, 7, 7], [1, 4, 1, 0, 0, 6, 0, 0, 0, 0, 7, 7, 7], [0, 0, 0, 0, 6, 6, 6, 0, 0, 0, 0, 0, 0], [0, 0, 0, 0, 0, 6, 0, 0, 0, 0, 0, 0, 0], [0, 0, 0, 0, 0, 0, 0, 0, 0, 0, 0, 0, 0], [0, 0, 0, 0, 0, 0, 0, 0, 0, 0, 0, 0, 0]], "output": [[0, 0, 0, 0, 0, 0, 0, 1, 1, 0, 0, 0, 0], [0, 0, 0, 0, 0, 0, 0, 1, 1, 0, 0, 0, 0], [0, 0, 0, 0, 0, 0, 0, 1, 1, 0, 0, 0, 0], [1, 1, 1, 0, 0, 0, 0, 0, 0, 0, 1, 1, 1], [1, 1, 0, 0, 0, 0, 0, 0, 0, 0, 1, 1, 1], [1, 1, 0, 0, 0, 0, 0, 0, 0, 0, 1, 1, 1], [1, 1, 1, 0, 0, 1, 0, 0, 0, 0, 1, 1, 1], [0, 0, 0, 0, 1, 1, 1, 0, 0, 0, 0, 0, 0], [0, 0, 0, 0, 0, 1, 0, 0, 0, 0, 0, 0, 0], [0, 0, 0, 0, 0, 0, 0, 0, 0, 0, 0, 0, 0], [0, 0, 0, 0, 0, 0, 0, 0, 0, 0, 0, 0, 0]]}, {"input": [[0, 0, 0, 0, 0, 0, 0, 0, 0, 0, 0], [0, 0, 0, 0, 0, 0, 0, 0, 0, 4, 0], [0, 0, 0, 5, 0, 5, 0, 0, 3, 4, 0], [0, 0, 0, 5, 6, 5, 0, 0, 0, 4, 0], [0, 0, 0, 0, 0, 0, 0, 0, 0, 0, 0], [0, 0, 0, 0, 0, 0, 0, 0, 0, 0, 0], [0, 0, 0, 0, 0, 0, 4, 4, 0, 0, 0], [0, 0, 0, 0, 0, 0, 7, 7, 0, 8, 8], [5, 5, 5, 0, 0, 0, 7, 7, 0, 8, 8], [6, 6, 5, 0, 0, 0, 4, 4, 0, 0, 0], [0, 6, 5, 0, 0, 0, 0, 0, 0, 0, 0]], "output": [[0, 0, 0, 0, 0, 0, 0, 0, 0, 0, 0], [0, 0, 0, 0, 0, 0, 0, 0, 0, 1, 0], [0, 0, 0, 1, 0, 1, 0, 0, 1, 1, 0], [0, 0, 0, 1, 1, 1, 0, 0, 0, 1, 0], [0, 0, 0, 0, 0, 0, 0, 0, 0, 0, 0], [0, 0, 0, 0, 0, 0, 0, 0, 0, 0, 0], [0, 0, 0, 0, 0, 0, 1, 1, 0, 0, 0], [0, 0, 0, 0, 0, 0, 1, 1, 0, 1, 1], [1, 1, 1, 0, 0, 0, 1, 1, 0, 1, 1], [1, 1, 1, 0, 0, 0, 1, 1, 0, 0, 0], [0, 1, 1, 0, 0, 0, 0, 0, 0, 0, 0]]}, {"input": [[0, 0, 0, 9, 0, 0, 0, 0, 0, 0, 0, 0], [5, 5, 0, 4, 0, 0, 0, 0, 0, 0, 0, 0], [5, 5, 5, 5, 0, 0, 0, 0, 0, 0, 0, 0], [5, 5, 4, 9, 0, 0, 0, 0, 4, 4, 0, 0], [0, 0, 0, 0, 0, 0, 0, 0, 4, 4, 0, 0], [0, 4, 4, 0, 0, 0, 0, 0, 0, 0, 0, 0], [4, 4, 4, 4, 0, 4, 0, 0, 4, 0, 0, 0], [0, 4, 4, 0, 0, 6, 4, 4, 6, 0, 0, 0], [0, 0, 0, 0, 0, 7, 7, 7, 7, 0, 0, 0], [0, 0, 0, 0, 0, 7, 7, 7, 7, 0, 0, 0]], "output": [[0, 0, 0, 1, 0, 0, 0, 0, 0, 0, 0, 0], [1, 1, 0, 1, 0, 0, 0, 0, 0, 0, 0, 0], [1, 1, 1, 1, 0, 0, 0, 0, 0, 0, 0, 0], [1, 1, 1, 1, 0, 0, 0, 0, 1, 1, 0, 0], [0, 0, 0, 0, 0, 0, 0, 0, 1, 1, 0, 0], [0, 1, 1, 0, 0, 0, 0, 0, 0, 0, 0, 0], [1, 1, 1, 1, 0, 1, 0, 0, 1, 0, 0, 0], [0, 1, 1, 0, 0, 1, 1, 1, 1, 0, 0, 0], [0, 0, 0, 0, 0, 1, 1, 1, 1, 0, 0, 0], [0, 0, 0, 0, 0, 1, 1, 1, 1, 0, 0, 0]]}, {"input": [[0, 0, 0, 0, 0, 0, 0, 0, 0, 0, 0], [0, 0, 0, 0, 0, 0, 0, 0, 0, 0, 0], [0, 0, 0, 0, 0, 0, 0, 2, 2, 0, 0], [0, 0, 6, 6, 0, 0, 0, 2, 2, 0, 0], [0, 0, 6, 6, 0, 0, 0, 0, 0, 0, 0], [0, 0, 6, 6, 0, 0, 0, 2, 2, 2, 2], [0, 0, 0, 0, 0, 0, 0, 2, 2, 2, 2], [3, 0, 0, 0, 0, 0, 0, 0, 2, 2, 0], [3, 3, 3, 0, 0, 0, 0, 0, 0, 0, 0], [3, 3, 3, 0, 0, 1, 1, 1, 1, 0, 0], [3, 0, 0, 0, 0, 1, 1, 1, 1, 0, 0]], "output": [[0, 0, 0, 0, 0, 0, 0, 0, 0, 0, 0], [0, 0, 0, 0, 0, 0, 0, 0, 0, 0, 0], [0, 0, 0, 0, 0, 0, 0, 1, 1, 0, 0], [0, 0, 1, 1, 0, 0, 0, 1, 1, 0, 0], [0, 0, 1, 1, 0, 0, 0, 0, 0, 0, 0], [0, 0, 1, 1, 0, 0, 0, 1, 1, 1, 1], [0, 0, 0, 0, 0, 0, 0, 1, 1, 1, 1], [1, 0, 0, 0, 0, 0, 0, 0, 1, 1, 0], [1, 1, 1, 0, 0, 0, 0, 0, 0, 0, 0], [1, 1, 1, 0, 0, 1, 1, 1, 1, 0, 0], [1, 0, 0, 0, 0, 1, 1, 1, 1, 0, 0]]}, {"input": [[0, 0, 0, 0, 0, 0, 0, 0, 0, 0, 0], [0, 0, 0, 0, 6, 4, 6, 0, 0, 0, 0], [0, 0, 0, 0, 6, 6, 6, 6, 0, 0, 0], [0, 0, 0, 0, 6, 6, 6, 6, 0, 0, 0], [0, 0, 0, 0, 6, 4, 6, 0, 0, 0, 0], [0, 0, 0, 0, 0, 0, 0, 0, 0, 0, 0], [0, 0, 0, 0, 0, 0, 0, 0, 9, 9, 9], [0, 0, 0, 0, 0, 0, 0, 0, 9, 9, 9], [0, 0, 0, 0, 0, 0, 0, 0, 9, 9, 9], [0, 0, 0, 0, 0, 0, 0, 0, 9, 9, 9], [0, 0, 0, 0, 0, 0, 0, 0, 0, 0, 0], [0, 0, 0, 0, 9, 9, 9, 0, 0, 0, 0], [0, 0, 0, 0, 2, 2, 2, 0, 0, 0, 0], [0, 0, 0, 0, 0, 0, 0, 0, 0, 0, 0]], "output": [[0, 0, 0, 0, 0, 0, 0, 0, 0, 0, 0], [0, 0, 0, 0, 1, 1, 1, 0, 0, 0, 0], [0, 0, 0, 0, 1, 1, 1, 1, 0, 0, 0], [0, 0, 0, 0, 1, 1, 1, 1, 0, 0, 0], [0, 0, 0, 0, 1, 1, 1, 0, 0, 0, 0], [0, 0, 0, 0, 0, 0, 0, 0, 0, 0, 0], [0, 0, 0, 0, 0, 0, 0, 0, 1, 1, 1], [0, 0, 0, 0, 0, 0, 0, 0, 1, 1, 1], [0, 0, 0, 0, 0, 0, 0, 0, 1, 1, 1], [0, 0, 0, 0, 0, 0, 0, 0, 1, 1, 1], [0, 0, 0, 0, 0, 0, 0, 0, 0, 0, 0], [0, 0, 0, 0, 1, 1, 1, 0, 0, 0, 0], [0, 0, 0, 0, 1, 1, 1, 0, 0, 0, 0], [0, 0, 0, 0, 0, 0, 0, 0, 0, 0, 0]]}, {"input": [[0, 0, 0, 0, 0, 0, 0, 0, 0, 0, 0], [0, 0, 0, 0, 0, 0, 0, 0, 0, 0, 0], [0, 0, 0, 0, 0, 0, 0, 0, 0, 0, 0], [0, 0, 0, 0, 0, 0, 0, 0, 0, 0, 0], [0, 0, 0, 0, 0, 0, 0, 0, 0, 0, 0], [0, 7, 7, 7, 0, 0, 0, 0, 0, 0, 0], [0, 7, 7, 7, 0, 0, 0, 2, 2, 0, 0], [0, 0, 0, 0, 0, 0, 0, 2, 2, 2, 0], [0, 0, 0, 0, 0, 0, 0, 2, 2, 2, 0], [0, 0, 0, 0, 0, 0, 0, 2, 2, 0, 0], [0, 1, 1, 0, 0, 0, 0, 0, 0, 0, 0], [0, 1, 1, 0, 0, 0, 0, 0, 0, 0, 0], [0, 1, 1, 0, 0, 0, 0, 0, 0, 0, 0], [0, 1, 1, 0, 0, 0, 0, 0, 0, 0, 0]], "output": [[0, 0, 0, 0, 0, 0, 0, 0, 0, 0, 0], [0, 0, 0, 0, 0, 0, 0, 0, 0, 0, 0], [0, 0, 0, 0, 0, 0, 0, 0, 0, 0, 0], [0, 0, 0, 0, 0, 0, 0, 0, 0, 0, 0], [0, 0, 0, 0, 0, 0, 0, 0, 0, 0, 0], [0, 1, 1, 1, 0, 0, 0, 0, 0, 0, 0], [0, 1, 1, 1, 0, 0, 0, 1, 1, 0, 0], [0, 0, 0, 0, 0, 0, 0, 1, 1, 1, 0], [0, 0, 0, 0, 0, 0, 0, 1, 1, 1, 0], [0, 0, 0, 0, 0, 0, 0, 1, 1, 0, 0], [0, 1, 1, 0, 0, 0, 0, 0, 0, 0, 0], [0, 1, 1, 0, 0, 0, 0, 0, 0, 0, 0], [0, 1, 1, 0, 0, 0, 0, 0, 0, 0, 0], [0, 1, 1, 0, 0, 0, 0, 0, 0, 0, 0]]}, {"input": [[0, 0, 0, 0, 0, 0, 0, 0, 0, 0, 0, 0], [0, 0, 0, 0, 0, 9, 9, 0, 0, 0, 0, 0], [0, 0, 0, 0, 0, 0, 9, 9, 0, 0, 0, 0], [0, 0, 0, 2, 5, 0, 0, 9, 0, 0, 0, 0], [0, 0, 0, 0, 5, 0, 0, 9, 0, 0, 0, 0], [8, 1, 0, 0, 0, 0, 0, 0, 0, 7, 7, 0], [1, 1, 0, 0, 8, 0, 3, 0, 0, 7, 7, 0], [8, 1, 0, 0, 8, 3, 3, 8, 0, 0, 0, 0], [0, 0, 0, 0, 8, 0, 3, 0, 0, 0, 0, 0], [0, 0, 0, 0, 0, 0, 0, 0, 0, 0, 0, 0]], "output": [[0, 0, 0, 0, 0, 0, 0, 0, 0, 0, 0, 0], [0, 0, 0, 0, 0, 1, 1, 0, 0, 0, 0, 0], [0, 0, 0, 0, 0, 0, 1, 1, 0, 0, 0, 0], [0, 0, 0, 1, 1, 0, 0, 1, 0, 0, 0, 0], [0, 0, 0, 0, 1, 0, 0, 1, 0, 0, 0, 0], [1, 1, 0, 0, 0, 0, 0, 0, 0, 1, 1, 0], [1, 1, 0, 0, 1, 0, 1, 0, 0, 1, 1, 0], [1, 1, 0, 0, 1, 1, 1, 1, 0, 0, 0, 0], [0, 0, 0, 0, 1, 0, 1, 0, 0, 0, 0, 0], [0, 0, 0, 0, 0, 0, 0, 0, 0, 0, 0, 0]]}, {"input": [[0, 0, 0, 0, 0, 0, 9, 8, 9, 0], [0, 0, 0, 0, 0, 0, 3, 3, 3, 0], [0, 0, 1, 4, 4, 0, 0, 0, 0, 0], [0, 0, 1, 1, 0, 0, 0, 0, 0, 0], [0, 0, 1, 1, 0, 0, 8, 8, 0, 0], [0, 0, 1, 4, 4, 0, 8, 8, 0, 0], [0, 0, 0, 0, 0, 0, 8, 8, 0, 0], [0, 0, 3, 3, 0, 0, 8, 8, 0, 0], [0, 0, 3, 3, 0, 0, 0, 0, 0, 0], [0, 0, 3, 3, 0, 0, 0, 0, 0, 0], [0, 0, 3, 3, 0, 0, 0, 0, 0, 0]], "output": [[0, 0, 0, 0, 0, 0, 1, 1, 1, 0], [0, 0, 0, 0, 0, 0, 1, 1, 1, 0], [0, 0, 1, 1, 1, 0, 0, 0, 0, 0], [0, 0, 1, 1, 0, 0, 0, 0, 0, 0], [0, 0, 1, 1, 0, 0, 1, 1, 0, 0], [0, 0, 1, 1, 1, 0, 1, 1, 0, 0], [0, 0, 0, 0, 0, 0, 1, 1, 0, 0], [0, 0, 1, 1, 0, 0, 1, 1, 0, 0], [0, 0, 1, 1, 0, 0, 0, 0, 0, 0], [0, 0, 1, 1, 0, 0, 0, 0, 0, 0], [0, 0, 1, 1, 0, 0, 0, 0, 0, 0]]}, {"input": [[0, 0, 0, 0, 0, 9, 0, 0, 0, 0, 0, 0, 0], [0, 0, 0, 9, 9, 9, 0, 0, 0, 0, 0, 0, 0], [0, 0, 0, 0, 9, 9, 9, 0, 0, 0, 0, 0, 0], [0, 0, 0, 0, 9, 0, 0, 0, 0, 0, 0, 0, 0], [0, 0, 0, 0, 0, 0, 0, 0, 0, 0, 4, 4, 4], [0, 0, 0, 0, 0, 0, 0, 0, 0, 0, 4, 4, 4], [0, 0, 0, 0, 0, 0, 0, 0, 0, 0, 0, 0, 0], [0, 0, 3, 3, 0, 0, 0, 0, 0, 2, 2, 2, 2], [0, 0, 4, 3, 3, 0, 0, 0, 0, 2, 2, 2, 2], [0, 0, 3, 3, 0, 0, 0, 0, 0, 0, 0, 0, 0], [0, 0, 0, 0, 0, 0, 0, 0, 0, 0, 0, 0, 0], [0, 0, 0, 0, 0, 0, 0, 0, 0, 0, 0, 0, 0], [0, 0, 0, 0, 0, 0, 0, 0, 0, 0, 0, 0, 0]], "output": [[0, 0, 0, 0, 0, 1, 0, 0, 0, 0, 0, 0, 0], [0, 0, 0, 1, 1, 1, 0, 0, 0, 0, 0, 0, 0], [0, 0, 0, 0, 1, 1, 1, 0, 0, 0, 0, 0, 0], [0, 0, 0, 0, 1, 0, 0, 0, 0, 0, 0, 0, 0], [0, 0, 0, 0, 0, 0, 0, 0, 0, 0, 1, 1, 1], [0, 0, 0, 0, 0, 0, 0, 0, 0, 0, 1, 1, 1], [0, 0, 0, 0, 0, 0, 0, 0, 0, 0, 0, 0, 0], [0, 0, 1, 1, 0, 0, 0, 0, 0, 1, 1, 1, 1], [0, 0, 1, 1, 1, 0, 0, 0, 0, 1, 1, 1, 1], [0, 0, 1, 1, 0, 0, 0, 0, 0, 0, 0, 0, 0], [0, 0, 0, 0, 0, 0, 0, 0, 0, 0, 0, 0, 0], [0, 0, 0, 0, 0, 0, 0, 0, 0, 0, 0, 0, 0], [0, 0, 0, 0, 0, 0, 0, 0, 0, 0, 0, 0, 0]]}, {"input": [[0, 0, 1, 1, 1, 1, 0, 0, 0, 0, 0, 0], [0, 0, 1, 1, 1, 1, 0, 0, 0, 0, 0, 0], [0, 0, 0, 0, 0, 0, 0, 0, 0, 0, 0, 0], [0, 0, 0, 0, 0, 0, 0, 2, 2, 2, 2, 0], [0, 0, 0, 0, 0, 0, 0, 2, 0, 0, 2, 0], [0, 2, 2, 2, 0, 0, 0, 2, 0, 0, 2, 0], [0, 2, 2, 2, 0, 0, 0, 2, 2, 2, 2, 0], [0, 0, 2, 2, 0, 0, 0, 0, 0, 0, 0, 0], [0, 0, 0, 0, 0, 0, 0, 0, 0, 0, 0, 0], [0, 6, 6, 6, 6, 0, 6, 6, 0, 0, 0, 0], [0, 6, 6, 6, 6, 0, 6, 6, 0, 0, 0, 0], [0, 0, 0, 0, 0, 0, 6, 6, 0, 0, 0, 0]], "output": [[0, 0, 1, 1, 1, 1, 0, 0, 0, 0, 0, 0], [0, 0, 1, 1, 1, 1, 0, 0, 0, 0, 0, 0], [0, 0, 0, 0, 0, 0, 0, 0, 0, 0, 0, 0], [0, 0, 0, 0, 0, 0, 0, 1, 1, 1, 1, 0], [0, 0, 0, 0, 0, 0, 0, 1, 0, 0, 1, 0], [0, 1, 1, 1, 0, 0, 0, 1, 0, 0, 1, 0], [0, 1, 1, 1, 0, 0, 0, 1, 1, 1, 1, 0], [0, 0, 1, 1, 0, 0, 0, 0, 0, 0, 0, 0], [0, 0, 0, 0, 0, 0, 0, 0, 0, 0, 0, 0], [0, 1, 1, 1, 1, 0, 1, 1, 0, 0, 0, 0], [0, 1, 1, 1, 1, 0, 1, 1, 0, 0, 0, 0], [0, 0, 0, 0, 0, 0, 1, 1, 0, 0, 0, 0]]}, {"input": [[0, 4, 4, 4, 4, 0, 0, 0, 6, 6], [0, 4, 4, 4, 4, 0, 0, 0, 6, 6], [0, 0, 0, 0, 0, 0, 0, 0, 6, 6], [0, 0, 0, 0, 0, 0, 0, 0, 6, 6], [0, 0, 0, 0, 0, 9, 9, 0, 0, 0], [0, 0, 0, 0, 0, 9, 9, 0, 0, 0], [0, 0, 0, 0, 0, 0, 0, 0, 0, 0], [0, 1, 1, 0, 1, 0, 0, 0, 0, 0], [0, 0, 1, 1, 1, 0, 0, 0, 0, 0], [0, 1, 1, 1, 0, 0, 0, 0, 0, 0], [0, 1, 0, 1, 1, 0, 0, 0, 0, 0]], "output": [[0, 1, 1, 1, 1, 0, 0, 0, 1, 1], [0, 1, 1, 1, 1, 0, 0, 0, 1, 1], [0, 0, 0, 0, 0, 0, 0, 0, 1, 1], [0, 0, 0, 0, 0, 0, 0, 0, 1, 1], [0, 0, 0, 0, 0, 1, 1, 0, 0, 0], [0, 0, 0, 0, 0, 1, 1, 0, 0, 0], [0, 0, 0, 0, 0, 0, 0, 0, 0, 0], [0, 1, 1, 0, 1, 0, 0, 0, 0, 0], [0, 0, 1, 1, 1, 0, 0, 0, 0, 0], [0, 1, 1, 1, 0, 0, 0, 0, 0, 0], [0, 1, 0, 1, 1, 0, 0, 0, 0, 0]]}, {"input": [[0, 0, 0, 0, 0, 0, 0, 0, 0, 0, 0], [0, 0, 0, 0, 0, 0, 0, 0, 0, 8, 8], [0, 0, 0, 0, 8, 8, 8, 8, 0, 8, 8], [0, 0, 0, 0, 8, 8, 8, 8, 0, 8, 8], [0, 0, 0, 0, 0, 0, 0, 0, 0, 0, 0], [0, 0, 0, 0, 0, 0, 0, 0, 0, 0, 0], [0, 0, 0, 0, 0, 0, 0, 0, 0, 0, 0], [0, 8, 8, 8, 0, 0, 7, 7, 0, 0, 0], [0, 8, 8, 8, 0, 0, 7, 7, 0, 0, 0], [0, 0, 0, 0, 0, 0, 7, 7, 0, 0, 0], [0, 0, 0, 0, 0, 0, 0, 0, 0, 0, 0], [0, 0, 0, 0, 0, 0, 0, 0, 0, 0, 0], [0, 0, 0, 0, 0, 0, 0, 0, 0, 0, 0]], "output": [[0, 0, 0, 0, 0, 0, 0, 0, 0, 0, 0], [0, 0, 0, 0, 0, 0, 0, 0, 0, 1, 1], [0, 0, 0, 0, 1, 1, 1, 1, 0, 1, 1], [0, 0, 0, 0, 1, 1, 1, 1, 0, 1, 1], [0, 0, 0, 0, 0, 0, 0, 0, 0, 0, 0], [0, 0, 0, 0, 0, 0, 0, 0, 0, 0, 0], [0, 0, 0, 0, 0, 0, 0, 0, 0, 0, 0], [0, 1, 1, 1, 0, 0, 1, 1, 0, 0, 0], [0, 1, 1, 1, 0, 0, 1, 1, 0, 0, 0], [0, 0, 0, 0, 0, 0, 1, 1, 0, 0, 0], [0, 0, 0, 0, 0, 0, 0, 0, 0, 0, 0], [0, 0, 0, 0, 0, 0, 0, 0, 0, 0, 0], [0, 0, 0, 0, 0, 0, 0, 0, 0, 0, 0]]}, {"input": [[0, 0, 0, 0, 9, 9, 0, 0, 0, 0, 0, 0], [0, 0, 0, 9, 9, 9, 0, 0, 0, 0, 0, 0], [0, 0, 0, 9, 9, 1, 0, 0, 0, 0, 0, 0], [0, 0, 0, 0, 0, 0, 0, 0, 0, 0, 0, 0], [0, 0, 0, 0, 0, 0, 0, 0, 0, 0, 0, 0], [0, 0, 0, 0, 0, 0, 9, 0, 0, 0, 0, 0], [0, 0, 0, 0, 0, 9, 9, 9, 0, 0, 0, 0], [0, 4, 4, 0, 0, 0, 9, 0, 0, 0, 0, 0], [0, 8, 8, 0, 0, 0, 0, 0, 0, 0, 0, 0], [0, 8, 8, 0, 0, 0, 0, 0, 0, 0, 0, 0], [0, 4, 4, 0, 0, 0, 0, 0, 0, 0, 0, 0], [0, 0, 0, 0, 0, 0, 0, 0, 0, 0, 0, 0]], "output": [[0, 0, 0, 0, 1, 1, 0, 0, 0, 0, 0, 0], [0, 0, 0, 1, 1, 1, 0, 0, 0, 0, 0, 0], [0, 0, 0, 1, 1, 1, 0, 0, 0, 0, 0, 0], [0, 0, 0, 0, 0, 0, 0, 0, 0, 0, 0, 0], [0, 0, 0, 0, 0, 0, 0, 0, 0, 0, 0, 0], [0, 0, 0, 0, 0, 0, 1, 0, 0, 0, 0, 0], [0, 0, 0, 0, 0, 1, 1, 1, 0, 0, 0, 0], [0, 1, 1, 0, 0, 0, 1, 0, 0, 0, 0, 0], [0, 1, 1, 0, 0, 0, 0, 0, 0, 0, 0, 0], [0, 1, 1, 0, 0, 0, 0, 0, 0, 0, 0, 0], [0, 1, 1, 0, 0, 0, 0, 0, 0, 0, 0, 0], [0, 0, 0, 0, 0, 0, 0, 0, 0, 0, 0, 0]]}, {"input": [[0, 0, 0, 0, 0, 0, 0, 0, 0, 0, 0, 0, 0, 0], [0, 0, 0, 0, 0, 0, 0, 0, 0, 0, 0, 3, 3, 0], [0, 0, 0, 0, 0, 0, 0, 0, 0, 0, 0, 3, 3, 0], [0, 0, 0, 0, 0, 0, 0, 0, 0, 0, 0, 3, 3, 0], [0, 0, 0, 0, 0, 0, 0, 0, 0, 0, 0, 3, 3, 0], [0, 0, 0, 0, 0, 0, 0, 0, 0, 0, 0, 0, 0, 0], [5, 5, 5, 0, 0, 0, 0, 0, 0, 0, 0, 0, 0, 0], [5, 5, 5, 0, 0, 0, 0, 0, 0, 0, 0, 0, 0, 0], [5, 5, 5, 0, 0, 0, 0, 0, 0, 0, 0, 0, 0, 0], [5, 5, 5, 0, 0, 0, 0, 2, 2, 0, 0, 0, 0, 0], [0, 0, 0, 0, 0, 0, 0, 2, 2, 0, 0, 0, 0, 0], [0, 0, 0, 0, 0, 0, 0, 2, 2, 0, 0, 0, 0, 0], [0, 0, 0, 0, 0, 0, 0, 2, 2, 0, 0, 0, 0, 0]], "output": [[0, 0, 0, 0, 0, 0, 0, 0, 0, 0, 0, 0, 0, 0], [0, 0, 0, 0, 0, 0, 0, 0, 0, 0, 0, 1, 1, 0], [0, 0, 0, 0, 0, 0, 0, 0, 0, 0, 0, 1, 1, 0], [0, 0, 0, 0, 0, 0, 0, 0, 0, 0, 0, 1, 1, 0], [0, 0, 0, 0, 0, 0, 0, 0, 0, 0, 0, 1, 1, 0], [0, 0, 0, 0, 0, 0, 0, 0, 0, 0, 0, 0, 0, 0], [1, 1, 1, 0, 0, 0, 0, 0, 0, 0, 0, 0, 0, 0], [1, 1, 1, 0, 0, 0, 0, 0, 0, 0, 0, 0, 0, 0], [1, 1, 1, 0, 0, 0, 0, 0, 0, 0, 0, 0, 0, 0], [1, 1, 1, 0, 0, 0, 0, 1, 1, 0, 0, 0, 0, 0], [0, 0, 0, 0, 0, 0, 0, 1, 1, 0, 0, 0, 0, 0], [0, 0, 0, 0, 0, 0, 0, 1, 1, 0, 0, 0, 0, 0], [0, 0, 0, 0, 0, 0, 0, 1, 1, 0, 0, 0, 0, 0]]}, {"input": [[0, 0, 0, 0, 0, 0, 0, 0, 0, 0, 0, 0, 0, 0], [0, 0, 0, 0, 0, 0, 0, 0, 0, 0, 0, 0, 0, 0], [0, 0, 0, 0, 0, 0, 0, 0, 0, 0, 0, 0, 0, 0], [0, 0, 0, 0, 0, 0, 0, 0, 0, 0, 2, 2, 0, 0], [0, 0, 0, 0, 0, 0, 0, 0, 0, 0, 2, 2, 0, 0], [0, 8, 8, 0, 0, 0, 0, 0, 0, 0, 0, 0, 0, 0], [0, 0, 1, 0, 0, 0, 0, 0, 0, 0, 0, 0, 0, 0], [0, 0, 1, 0, 0, 0, 0, 0, 0, 0, 0, 0, 0, 0], [0, 8, 8, 0, 0, 4, 0, 0, 0, 0, 5, 3, 3, 5], [0, 0, 0, 0, 0, 4, 0, 0, 0, 0, 0, 3, 3, 0], [0, 0, 0, 0, 0, 4, 0, 0, 0, 0, 0, 0, 0, 0], [0, 0, 0, 0, 0, 4, 3, 4, 0, 0, 0, 0, 0, 0], [0, 0, 0, 0, 0, 0, 0, 0, 0, 0, 0, 0, 0, 0], [0, 0, 0, 0, 0, 0, 0, 0, 0, 0, 0, 0, 0, 0]], "output": [[0, 0, 0, 0, 0, 0, 0, 0, 0, 0, 0, 0, 0, 0], [0, 0, 0, 0, 0, 0, 0, 0, 0, 0, 0, 0, 0, 0], [0, 0, 0, 0, 0, 0, 0, 0, 0, 0, 0, 0, 0, 0], [0, 0, 0, 0, 0, 0, 0, 0, 0, 0, 1, 1, 0, 0], [0, 0, 0, 0, 0, 0, 0, 0, 0, 0, 1, 1, 0, 0], [0, 1, 1, 0, 0, 0, 0, 0, 0, 0, 0, 0, 0, 0], [0, 0, 1, 0, 0, 0, 0, 0, 0, 0, 0, 0, 0, 0], [0, 0, 1, 0, 0, 0, 0, 0, 0, 0, 0, 0, 0, 0], [0, 1, 1, 0, 0, 1, 0, 0, 0, 0, 1, 1, 1, 1], [0, 0, 0, 0, 0, 1, 0, 0, 0, 0, 0, 1, 1, 0], [0, 0, 0, 0, 0, 1, 0, 0, 0, 0, 0, 0, 0, 0], [0, 0, 0, 0, 0, 1, 1, 1, 0, 0, 0, 0, 0, 0], [0, 0, 0, 0, 0, 0, 0, 0, 0, 0, 0, 0, 0, 0], [0, 0, 0, 0, 0, 0, 0, 0, 0, 0, 0, 0, 0, 0]]}, {"input": [[0, 0, 0, 0, 0, 0, 0, 0, 0, 0], [0, 0, 0, 0, 0, 0, 1, 1, 1, 0], [0, 0, 0, 0, 0, 0, 1, 1, 1, 0], [9, 4, 4, 0, 0, 0, 0, 0, 0, 0], [4, 0, 0, 0, 0, 7, 0, 0, 0, 0], [0, 0, 0, 0, 7, 5, 7, 0, 0, 0], [0, 0, 0, 0, 0, 7, 0, 0, 0, 0], [0, 0, 0, 0, 0, 0, 0, 0, 0, 0], [0, 0, 0, 0, 0, 0, 0, 0, 6, 0], [0, 0, 0, 0, 0, 0, 0, 0, 6, 6], [0, 0, 0, 0, 0, 0, 0, 0, 6, 0]], "output": [[0, 0, 0, 0, 0, 0, 0, 0, 0, 0], [0, 0, 0, 0, 0, 0, 1, 1, 1, 0], [0, 0, 0, 0, 0, 0, 1, 1, 1, 0], [1, 1, 1, 0, 0, 0, 0, 0, 0, 0], [1, 0, 0, 0, 0, 1, 0, 0, 0, 0], [0, 0, 0, 0, 1, 1, 1, 0, 0, 0], [0, 0, 0, 0, 0, 1, 0, 0, 0, 0], [0, 0, 0, 0, 0, 0, 0, 0, 0, 0], [0, 0, 0, 0, 0, 0, 0, 0, 1, 0], [0, 0, 0, 0, 0, 0, 0, 0, 1, 1], [0, 0, 0, 0, 0, 0, 0, 0, 1, 0]]}, {"input": [[0, 0, 0, 6, 6, 0, 0, 0, 0, 0, 0, 0, 0], [0, 0, 0, 6, 0, 0, 0, 0, 0, 0, 0, 0, 0], [0, 0, 0, 6, 6, 0, 0, 0, 0, 0, 0, 0, 0], [0, 0, 0, 0, 0, 0, 0, 0, 0, 0, 0, 0, 0], [0, 0, 0, 0, 0, 0, 0, 0, 0, 0, 0, 0, 0], [0, 0, 0, 0, 0, 0, 0, 0, 0, 0, 0, 0, 0], [0, 0, 0, 0, 0, 0, 0, 0, 0, 0, 0, 0, 0], [0, 0, 0, 0, 0, 0, 0, 0, 0, 0, 0, 0, 0], [0, 0, 0, 0, 0, 0, 0, 0, 0, 0, 4, 4, 4], [0, 0, 0, 2, 2, 0, 0, 0, 0, 0, 4, 4, 4], [0, 0, 0, 2, 2, 0, 0, 0, 0, 0, 0, 0, 0], [0, 0, 0, 0, 0, 0, 0, 0, 0, 0, 0, 0, 0]], "output": [[0, 0, 0, 1, 1, 0, 0, 0, 0, 0, 0, 0, 0], [0, 0, 0, 1, 0, 0, 0, 0, 0, 0, 0, 0, 0], [0, 0, 0, 1, 1, 0, 0, 0, 0, 0, 0, 0, 0], [0, 0, 0, 0, 0, 0, 0, 0, 0, 0, 0, 0, 0], [0, 0, 0, 0, 0, 0, 0, 0, 0, 0, 0, 0, 0], [0, 0, 0, 0, 0, 0, 0, 0, 0, 0, 0, 0, 0], [0, 0, 0, 0, 0, 0, 0, 0, 0, 0, 0, 0, 0], [0, 0, 0, 0, 0, 0, 0, 0, 0, 0, 0, 0, 0], [0, 0, 0, 0, 0, 0, 0, 0, 0, 0, 1, 1, 1], [0, 0, 0, 1, 1, 0, 0, 0, 0, 0, 1, 1, 1], [0, 0, 0, 1, 1, 0, 0, 0, 0, 0, 0, 0, 0], [0, 0, 0, 0, 0, 0, 0, 0, 0, 0, 0, 0, 0]]}], "test": [{"input": [[0, 0, 0, 0, 0, 0, 0, 0, 0, 0], [0, 0, 0, 0, 0, 0, 0, 0, 7, 0], [0, 5, 5, 0, 0, 0, 0, 7, 7, 7], [5, 5, 5, 5, 0, 9, 0, 0, 7, 0], [0, 0, 0, 0, 0, 9, 0, 0, 0, 0], [0, 0, 0, 0, 0, 4, 4, 0, 0, 0], [0, 0, 5, 0, 0, 0, 4, 0, 0, 0], [0, 5, 5, 0, 0, 0, 0, 0, 0, 0], [0, 0, 0, 0, 0, 0, 0, 0, 0, 0], [0, 0, 0, 0, 0, 0, 0, 0, 0, 0], [0, 0, 0, 0, 0, 0, 0, 0, 0, 0], [0, 0, 0, 0, 0, 0, 0, 0, 0, 0]], "output": [[0, 0, 0, 0, 0, 0, 0, 0, 0, 0], [0, 0, 0, 0, 0, 0, 0, 0, 1, 0], [0, 1, 1, 0, 0, 0, 0, 1, 1, 1], [1, 1, 1, 1, 0, 1, 0, 0, 1, 0], [0, 0, 0, 0, 0, 1, 0, 0, 0, 0], [0, 0, 0, 0, 0, 1, 1, 0, 0, 0], [0, 0, 1, 0, 0, 0, 1, 0, 0, 0], [0, 1, 1, 0, 0, 0, 0, 0, 0, 0], [0, 0, 0, 0, 0, 0, 0, 0, 0, 0], [0, 0, 0, 0, 0, 0, 0, 0, 0, 0], [0, 0, 0, 0, 0, 0, 0, 0, 0, 0], [0, 0, 0, 0, 0, 0, 0, 0, 0, 0]]}, {"input": [[0, 0, 8, 8, 0, 0, 2, 1, 0, 0, 0, 0], [8, 8, 8, 8, 0, 3, 3, 3, 0, 0, 0, 0], [0, 0, 8, 8, 0, 3, 3, 3, 0, 0, 0, 0], [0, 0, 0, 0, 0, 0, 2, 1, 0, 0, 0, 0], [0, 0, 0, 0, 0, 0, 0, 0, 0, 0, 0, 0], [0, 0, 0, 0, 0, 0, 0, 0, 0, 0, 0, 0], [0, 0, 0, 0, 0, 0, 0, 0, 9, 9, 0, 0], [0, 0, 0, 3, 3, 0, 0, 9, 9, 9, 9, 0], [0, 0, 3, 3, 3, 3, 0, 0, 0, 0, 0, 0], [0, 0, 3, 3, 3, 3, 0, 0, 0, 0, 0, 0], [0, 0, 0, 0, 0, 0, 0, 0, 0, 0, 0, 0], [0, 0, 0, 0, 0, 0, 0, 0, 0, 0, 0, 0]], "output": [[0, 0, 1, 1, 0, 0, 1, 1, 0, 0, 0, 0], [1, 1, 1, 1, 0, 1, 1, 1, 0, 0, 0, 0], [0, 0, 1, 1, 0, 1, 1, 1, 0, 0, 0, 0], [0, 0, 0, 0, 0, 0, 1, 1, 0, 0, 0, 0], [0, 0, 0, 0, 0, 0, 0, 0, 0, 0, 0, 0], [0, 0, 0, 0, 0, 0, 0, 0, 0, 0, 0, 0], [0, 0, 0, 0, 0, 0, 0, 0, 1, 1, 0, 0], [0, 0, 0, 1, 1, 0, 0, 1, 1, 1, 1, 0], [0, 0, 1, 1, 1, 1, 0, 0, 0, 0, 0, 0], [0, 0, 1, 1, 1, 1, 0, 0, 0, 0, 0, 0], [0, 0, 0, 0, 0, 0, 0, 0, 0, 0, 0, 0], [0, 0, 0, 0, 0, 0, 0, 0, 0, 0, 0, 0]]}, {"input": [[0, 0, 0, 0, 0, 0, 0, 0, 0, 0, 0], [0, 0, 0, 0, 0, 0, 0, 0, 0, 0, 0], [0, 0, 0, 0, 0, 0, 0, 0, 0, 0, 0], [0, 8, 8, 0, 0, 0, 0, 0, 6, 0, 0], [0, 7, 7, 0, 0, 0, 0, 6, 6, 6, 0], [0, 0, 0, 0, 0, 0, 0, 0, 6, 0, 0], [3, 3, 0, 0, 0, 0, 0, 0, 0, 0, 0], [3, 3, 0, 0, 0, 0, 0, 0, 0, 0, 0], [3, 3, 0, 0, 0, 0, 0, 0, 0, 0, 0], [3, 3, 0, 0, 0, 0, 0, 0, 0, 0, 0], [0, 0, 0, 0, 0, 5, 5, 5, 0, 0, 0], [6, 6, 0, 0, 0, 5, 5, 5, 0, 0, 0], [9, 9, 0, 0, 0, 0, 0, 0, 0, 0, 0]], "output": [[0, 0, 0, 0, 0, 0, 0, 0, 0, 0, 0], [0, 0, 0, 0, 0, 0, 0, 0, 0, 0, 0], [0, 0, 0, 0, 0, 0, 0, 0, 0, 0, 0], [0, 1, 1, 0, 0, 0, 0, 0, 1, 0, 0], [0, 1, 1, 0, 0, 0, 0, 1, 1, 1, 0], [0, 0, 0, 0, 0, 0, 0, 0, 1, 0, 0], [1, 1, 0, 0, 0, 0, 0, 0, 0, 0, 0], [1, 1, 0, 0, 0, 0, 0, 0, 0, 0, 0], [1, 1, 0, 0, 0, 0, 0, 0, 0, 0, 0], [1, 1, 0, 0, 0, 0, 0, 0, 0, 0, 0], [0, 0, 0, 0, 0, 1, 1, 1, 0, 0, 0], [1, 1, 0, 0, 0, 1, 1, 1, 0, 0, 0], [1, 1, 0, 0, 0, 0, 0, 0, 0, 0, 0]]}]}