{"train": [{"input": [[0, 0, 0, 0, 0, 0, 0, 0, 0, 0, 0, 0, 0], [0, 0, 0, 0, 0, 0, 0, 0, 0, 0, 0, 0, 0], [0, 0, 0, 0, 0, 0, 0, 0, 0, 0, 0, 0, 0], [0, 0, 0, 0, 3, 3, 3, 3, 0, 0, 0, 0, 0], [0, 0, 0, 0, 3, 3, 3, 3, 0, 0, 0, 0, 0], [0, 0, 0, 0, 3, 3, 3, 3, 0, 0, 0, 0, 0], [0, 0, 0, 0, 0, 0, 0, 0, 0, 0, 0, 0, 0], [0, 0, 0, 0, 0, 3, 3, 3, 3, 0, 0, 0, 0], [0, 0, 0, 0, 0, 3, 3, 3, 3, 0, 0, 0, 0], [3, 3, 3, 3, 0, 3, 3, 3, 3, 0, 0, 0, 0], [3, 3, 3, 3, 0, 3, 3, 3, 3, 0, 0, 0, 0], [3, 3, 3, 3, 0, 0, 0, 0, 0, 0, 0, 0, 0], [3, 3, 3, 3, 0, 0, 0, 0, 0, 0, 0, 0, 0]], "output": [[0, 0, 0, 0, 0, 0, 0, 0, 0, 0, 0, 0, 0], [0, 0, 0, 0, 0, 0, 0, 0, 0, 0, 0, 0, 0], [0, 0, 0, 0, 0, 0, 0, 0, 0, 0, 0, 0, 0], [0, 0, 0, 0, 1, 1, 1, 3, 0, 0, 0, 0, 0], [0, 0, 0, 0, 1, 1, 1, 3, 0, 0, 0, 0, 0], [0, 0, 0, 0, 1, 1, 1, 3, 0, 0, 0, 0, 0], [0, 0, 0, 0, 1, 1, 1, 0, 0, 0, 0, 0, 0], [0, 0, 0, 0, 0, 1, 1, 1, 1, 0, 0, 0, 0], [0, 0, 0, 0, 0, 1, 1, 1, 1, 0, 0, 0, 0], [1, 1, 1, 1, 0, 1, 1, 1, 1, 0, 0, 0, 0], [1, 1, 1, 1, 0, 1, 1, 1, 1, 0, 0, 0, 0], [1, 1, 1, 1, 0, 0, 0, 0, 0, 0, 0, 0, 0], [1, 1, 1, 1, 0, 0, 0, 0, 0, 0, 0, 0, 0]]}, {"input": [[0, 0, 0, 0, 0, 0, 0, 0, 0, 0, 0, 0], [0, 0, 0, 0, 0, 0, 0, 0, 3, 3, 3, 0], [0, 0, 3, 3, 3, 3, 0, 0, 3, 3, 3, 0], [0, 0, 3, 3, 3, 3, 0, 0, 0, 0, 0, 0], [0, 0, 0, 0, 0, 0, 0, 0, 0, 0, 0, 0], [0, 0, 0, 0, 0, 0, 0, 0, 0, 0, 0, 0], [3, 3, 3, 3, 0, 0, 0, 3, 3, 3, 3, 0], [3, 3, 3, 3, 0, 0, 0, 3, 3, 3, 3, 0], [0, 0, 0, 0, 0, 0, 0, 3, 3, 3, 3, 0], [3, 3, 0, 0, 0, 0, 0, 0, 0, 0, 0, 0], [3, 3, 0, 0, 0, 0, 0, 0, 0, 0, 0, 0], [3, 3, 0, 0, 0, 0, 0, 0, 0, 0, 0, 0]], "output": [[0, 0, 0, 0, 0, 0, 0, 0, 0, 0, 0, 0], [0, 0, 0, 0, 0, 0, 0, 0, 1, 1, 3, 0], [0, 0, 1, 1, 3, 3, 0, 0, 1, 1, 3, 0], [0, 0, 1, 1, 3, 3, 0, 0, 1, 1, 0, 0], [0, 0, 1, 1, 0, 0, 0, 0, 0, 0, 0, 0], [0, 0, 1, 1, 0, 0, 0, 0, 0, 0, 0, 0], [1, 1, 3, 3, 0, 0, 0, 1, 1, 1, 3, 0], [1, 1, 3, 3, 0, 0, 0, 1, 1, 1, 3, 0], [1, 1, 0, 0, 0, 0, 0, 1, 1, 1, 3, 0], [1, 1, 1, 0, 0, 0, 0, 1, 1, 1, 0, 0], [1, 1, 1, 0, 0, 0, 0, 0, 0, 0, 0, 0], [3, 3, 0, 0, 0, 0, 0, 0, 0, 0, 0, 0]]}, {"input": [[0, 0, 0, 0, 0, 0, 0, 0, 0, 0, 0, 0, 0, 0], [0, 0, 0, 0, 0, 0, 0, 0, 0, 0, 0, 0, 0, 0], [0, 0, 0, 0, 0, 0, 0, 0, 0, 0, 0, 0, 0, 0], [0, 3, 3, 3, 0, 0, 0, 0, 0, 0, 0, 0, 0, 0], [0, 3, 3, 3, 0, 0, 0, 0, 0, 0, 0, 0, 0, 0], [0, 3, 3, 3, 0, 0, 0, 0, 0, 0, 0, 0, 0, 0], [0, 3, 3, 3, 0, 0, 0, 0, 0, 0, 3, 3, 3, 0], [0, 0, 0, 0, 0, 0, 0, 0, 0, 0, 3, 3, 3, 0], [0, 0, 0, 0, 0, 0, 0, 0, 0, 0, 3, 3, 3, 0], [0, 0, 0, 0, 0, 0, 0, 0, 0, 0, 0, 0, 0, 0], [0, 0, 0, 0, 0, 0, 0, 0, 0, 0, 0, 0, 0, 0], [0, 0, 0, 0, 0, 0, 0, 0, 0, 0, 0, 0, 0, 0]], "output": [[0, 0, 0, 0, 0, 0, 0, 0, 0, 0, 0, 0, 0, 0], [0, 0, 0, 0, 0, 0, 0, 0, 0, 0, 0, 0, 0, 0], [0, 0, 0, 0, 0, 0, 0, 0, 0, 0, 0, 0, 0, 0], [0, 1, 1, 1, 1, 0, 0, 0, 0, 0, 0, 0, 0, 0], [0, 1, 1, 1, 1, 0, 0, 0, 0, 0, 0, 0, 0, 0], [0, 1, 1, 1, 1, 0, 0, 0, 0, 0, 0, 0, 0, 0], [0, 3, 3, 3, 0, 0, 0, 0, 0, 0, 1, 1, 1, 0], [0, 0, 0, 0, 0, 0, 0, 0, 0, 0, 1, 1, 1, 0], [0, 0, 0, 0, 0, 0, 0, 0, 0, 0, 1, 1, 1, 0], [0, 0, 0, 0, 0, 0, 0, 0, 0, 0, 0, 0, 0, 0], [0, 0, 0, 0, 0, 0, 0, 0, 0, 0, 0, 0, 0, 0], [0, 0, 0, 0, 0, 0, 0, 0, 0, 0, 0, 0, 0, 0]]}, {"input": [[0, 0, 0, 0, 0, 0, 0, 0, 0, 0, 0, 0, 0, 0], [0, 0, 0, 0, 0, 0, 0, 0, 0, 3, 3, 0, 0, 0], [0, 0, 0, 0, 0, 3, 3, 0, 0, 3, 3, 0, 0, 0], [0, 0, 0, 0, 0, 3, 3, 0, 0, 3, 3, 0, 0, 0], [0, 0, 0, 0, 0, 3, 3, 0, 0, 0, 0, 0, 0, 0], [0, 0, 0, 0, 0, 0, 0, 0, 0, 0, 0, 0, 0, 0], [0, 0, 0, 0, 0, 0, 0, 0, 0, 0, 0, 0, 0, 0], [0, 0, 0, 0, 0, 0, 0, 0, 0, 0, 0, 0, 0, 0], [0, 0, 0, 0, 0, 0, 0, 0, 0, 0, 0, 0, 0, 0], [0, 0, 0, 0, 0, 0, 0, 0, 0, 0, 0, 0, 0, 0], [3, 3, 3, 0, 0, 0, 0, 0, 0, 0, 0, 0, 0, 0], [3, 3, 3, 0, 0, 0, 0, 0, 0, 0, 0, 0, 0, 0], [3, 3, 3, 0, 0, 0, 0, 0, 0, 0, 0, 0, 0, 0], [3, 3, 3, 0, 0, 0, 0, 0, 0, 0, 0, 0, 0, 0]], "output": [[0, 0, 0, 0, 0, 0, 0, 0, 0, 0, 0, 0, 0, 0], [0, 0, 0, 0, 0, 0, 0, 0, 0, 1, 1, 1, 0, 0], [0, 0, 0, 0, 0, 1, 1, 1, 0, 1, 1, 1, 0, 0], [0, 0, 0, 0, 0, 1, 1, 1, 0, 3, 3, 0, 0, 0], [0, 0, 0, 0, 0, 3, 3, 0, 0, 0, 0, 0, 0, 0], [0, 0, 0, 0, 0, 0, 0, 0, 0, 0, 0, 0, 0, 0], [0, 0, 0, 0, 0, 0, 0, 0, 0, 0, 0, 0, 0, 0], [0, 0, 0, 0, 0, 0, 0, 0, 0, 0, 0, 0, 0, 0], [0, 0, 0, 0, 0, 0, 0, 0, 0, 0, 0, 0, 0, 0], [0, 0, 0, 0, 0, 0, 0, 0, 0, 0, 0, 0, 0, 0], [1, 1, 1, 1, 0, 0, 0, 0, 0, 0, 0, 0, 0, 0], [1, 1, 1, 1, 0, 0, 0, 0, 0, 0, 0, 0, 0, 0], [1, 1, 1, 1, 0, 0, 0, 0, 0, 0, 0, 0, 0, 0], [3, 3, 3, 0, 0, 0, 0, 0, 0, 0, 0, 0, 0, 0]]}, {"input": [[0, 0, 0, 0, 0, 0, 0, 0, 0, 0, 0, 0, 0, 0], [0, 3, 3, 3, 3, 0, 0, 0, 0, 0, 0, 0, 0, 0], [0, 3, 3, 3, 3, 0, 0, 0, 3, 3, 3, 0, 0, 0], [0, 0, 0, 0, 0, 0, 0, 0, 3, 3, 3, 0, 0, 0], [0, 0, 0, 0, 0, 0, 0, 0, 3, 3, 3, 0, 0, 0], [0, 0, 0, 0, 0, 0, 0, 0, 3, 3, 3, 0, 0, 0], [3, 3, 3, 0, 0, 0, 0, 0, 0, 0, 0, 0, 0, 0], [3, 3, 3, 0, 0, 0, 0, 0, 0, 0, 0, 0, 0, 0], [3, 3, 3, 0, 0, 0, 0, 0, 0, 0, 0, 0, 0, 0], [0, 0, 0, 0, 0, 0, 0, 0, 0, 0, 0, 0, 0, 0], [0, 0, 0, 0, 0, 0, 0, 3, 3, 3, 0, 0, 0, 0], [0, 0, 0, 0, 3, 3, 0, 3, 3, 3, 0, 0, 0, 0], [0, 0, 0, 0, 3, 3, 0, 3, 3, 3, 0, 0, 0, 0]], "output": [[0, 0, 0, 0, 0, 0, 0, 0, 0, 0, 0, 0, 0, 0], [0, 1, 1, 3, 3, 0, 0, 0, 0, 0, 0, 0, 0, 0], [0, 1, 1, 3, 3, 0, 0, 0, 1, 1, 1, 1, 0, 0], [0, 1, 1, 0, 0, 0, 0, 0, 1, 1, 1, 1, 0, 0], [0, 1, 1, 0, 0, 0, 0, 0, 1, 1, 1, 1, 0, 0], [0, 0, 0, 0, 0, 0, 0, 0, 3, 3, 3, 0, 0, 0], [1, 1, 1, 0, 0, 0, 0, 0, 0, 0, 0, 0, 0, 0], [1, 1, 1, 0, 0, 0, 0, 0, 0, 0, 0, 0, 0, 0], [1, 1, 1, 0, 0, 0, 0, 0, 0, 0, 0, 0, 0, 0], [0, 0, 0, 0, 0, 0, 0, 0, 0, 0, 0, 0, 0, 0], [0, 0, 0, 0, 0, 0, 0, 1, 1, 1, 0, 0, 0, 0], [0, 0, 0, 0, 1, 1, 0, 1, 1, 1, 0, 0, 0, 0], [0, 0, 0, 0, 1, 1, 0, 1, 1, 1, 0, 0, 0, 0]]}, {"input": [[0, 0, 0, 0, 0, 3, 3, 0, 0, 0], [0, 0, 0, 0, 0, 3, 3, 0, 0, 0], [3, 3, 3, 3, 0, 0, 0, 0, 0, 0], [3, 3, 3, 3, 0, 0, 0, 0, 0, 0], [3, 3, 3, 3, 0, 0, 0, 0, 0, 0], [0, 0, 0, 0, 0, 0, 0, 0, 0, 0], [0, 0, 3, 3, 3, 0, 0, 0, 0, 0], [0, 0, 3, 3, 3, 0, 0, 0, 0, 0], [0, 0, 3, 3, 3, 0, 3, 3, 3, 3], [0, 0, 0, 0, 0, 0, 3, 3, 3, 3], [0, 0, 0, 0, 0, 0, 0, 0, 0, 0]], "output": [[0, 0, 0, 0, 0, 1, 1, 0, 0, 0], [0, 0, 0, 0, 0, 1, 1, 0, 0, 0], [1, 1, 1, 3, 0, 0, 0, 0, 0, 0], [1, 1, 1, 3, 0, 0, 0, 0, 0, 0], [1, 1, 1, 3, 0, 0, 0, 0, 0, 0], [1, 1, 1, 0, 0, 0, 0, 0, 0, 0], [0, 0, 1, 1, 1, 0, 0, 0, 0, 0], [0, 0, 1, 1, 1, 0, 0, 0, 0, 0], [0, 0, 1, 1, 1, 0, 1, 1, 3, 3], [0, 0, 0, 0, 0, 0, 1, 1, 3, 3], [0, 0, 0, 0, 0, 0, 1, 1, 0, 0]]}, {"input": [[0, 0, 3, 3, 3, 0, 0, 0, 0, 0], [0, 0, 3, 3, 3, 0, 0, 0, 0, 0], [0, 0, 0, 0, 0, 0, 0, 0, 0, 0], [0, 0, 0, 0, 0, 0, 0, 0, 0, 0], [0, 0, 0, 0, 0, 0, 3, 3, 3, 0], [0, 0, 3, 3, 0, 0, 3, 3, 3, 0], [0, 0, 3, 3, 0, 0, 0, 0, 0, 0], [0, 0, 3, 3, 0, 0, 0, 0, 0, 0], [0, 0, 3, 3, 0, 3, 3, 3, 3, 0], [0, 0, 0, 0, 0, 3, 3, 3, 3, 0], [0, 0, 0, 0, 0, 0, 0, 0, 0, 0]], "output": [[0, 0, 1, 1, 3, 0, 0, 0, 0, 0], [0, 0, 1, 1, 3, 0, 0, 0, 0, 0], [0, 0, 1, 1, 0, 0, 0, 0, 0, 0], [0, 0, 0, 0, 0, 0, 0, 0, 0, 0], [0, 0, 0, 0, 0, 0, 1, 1, 3, 0], [0, 0, 1, 1, 1, 1, 1, 1, 3, 0], [0, 0, 1, 1, 1, 1, 1, 1, 0, 0], [0, 0, 3, 3, 0, 0, 0, 0, 0, 0], [0, 0, 3, 3, 0, 1, 1, 3, 3, 0], [0, 0, 0, 0, 0, 1, 1, 3, 3, 0], [0, 0, 0, 0, 0, 1, 1, 0, 0, 0]]}, {"input": [[3, 3, 0, 0, 0, 0, 0, 0, 0, 0], [3, 3, 0, 0, 0, 0, 0, 0, 3, 3], [0, 0, 0, 0, 0, 0, 0, 0, 3, 3], [0, 0, 0, 0, 3, 3, 3, 0, 3, 3], [0, 0, 0, 0, 3, 3, 3, 0, 0, 0], [0, 0, 0, 0, 3, 3, 3, 0, 0, 0], [3, 3, 0, 0, 3, 3, 3, 0, 0, 0], [3, 3, 0, 0, 0, 0, 0, 0, 3, 3], [3, 3, 0, 0, 0, 0, 0, 0, 3, 3], [0, 0, 0, 0, 0, 0, 0, 0, 3, 3]], "output": [[1, 1, 0, 0, 0, 0, 0, 0, 0, 0], [1, 1, 0, 0, 0, 0, 0, 0, 1, 1], [0, 0, 0, 0, 0, 0, 0, 0, 1, 1], [0, 0, 0, 0, 1, 1, 1, 1, 3, 3], [0, 0, 0, 0, 1, 1, 1, 1, 0, 0], [0, 0, 0, 0, 1, 1, 1, 1, 0, 0], [1, 1, 1, 0, 3, 3, 3, 0, 0, 0], [1, 1, 1, 0, 0, 0, 0, 0, 1, 1], [3, 3, 0, 0, 0, 0, 0, 0, 1, 1], [0, 0, 0, 0, 0, 0, 0, 0, 3, 3]]}, {"input": [[0, 0, 0, 0, 0, 0, 0, 0, 0, 0, 0, 0], [0, 0, 0, 0, 0, 0, 0, 0, 0, 0, 0, 0], [0, 0, 0, 0, 0, 3, 3, 0, 0, 0, 0, 0], [0, 0, 0, 0, 0, 3, 3, 0, 0, 0, 0, 0], [0, 0, 0, 0, 0, 3, 3, 0, 0, 0, 0, 0], [0, 0, 0, 0, 0, 0, 0, 0, 0, 0, 0, 0], [0, 0, 0, 0, 3, 3, 3, 3, 0, 0, 0, 0], [0, 0, 0, 0, 3, 3, 3, 3, 0, 0, 0, 0], [0, 0, 0, 0, 0, 0, 0, 0, 0, 0, 0, 0], [0, 0, 0, 0, 0, 3, 3, 3, 0, 0, 0, 0], [0, 0, 0, 0, 0, 3, 3, 3, 0, 0, 0, 0], [0, 0, 0, 0, 0, 3, 3, 3, 0, 0, 0, 0], [0, 0, 0, 0, 0, 3, 3, 3, 0, 0, 0, 0]], "output": [[0, 0, 0, 0, 0, 0, 0, 0, 0, 0, 0, 0], [0, 0, 0, 0, 0, 0, 0, 0, 0, 0, 0, 0], [0, 0, 0, 0, 0, 1, 1, 1, 0, 0, 0, 0], [0, 0, 0, 0, 0, 1, 1, 1, 0, 0, 0, 0], [0, 0, 0, 0, 0, 3, 3, 0, 0, 0, 0, 0], [0, 0, 0, 0, 0, 0, 0, 0, 0, 0, 0, 0], [0, 0, 0, 0, 1, 1, 3, 3, 0, 0, 0, 0], [0, 0, 0, 0, 1, 1, 3, 3, 0, 0, 0, 0], [0, 0, 0, 0, 1, 1, 0, 0, 0, 0, 0, 0], [0, 0, 0, 0, 1, 1, 1, 1, 1, 0, 0, 0], [0, 0, 0, 0, 0, 1, 1, 1, 1, 0, 0, 0], [0, 0, 0, 0, 0, 1, 1, 1, 1, 0, 0, 0], [0, 0, 0, 0, 0, 3, 3, 3, 0, 0, 0, 0]]}, {"input": [[0, 0, 0, 0, 0, 0, 0, 0, 0, 0, 0], [0, 0, 0, 0, 0, 0, 0, 0, 0, 0, 0], [0, 0, 0, 0, 0, 0, 0, 0, 0, 0, 0], [0, 0, 0, 0, 0, 0, 3, 3, 3, 0, 0], [0, 0, 0, 0, 0, 0, 3, 3, 3, 0, 0], [0, 0, 0, 0, 0, 0, 3, 3, 3, 0, 0], [0, 0, 0, 0, 0, 0, 3, 3, 3, 0, 0], [0, 0, 0, 0, 0, 0, 0, 0, 0, 0, 0], [0, 0, 0, 0, 0, 0, 0, 0, 0, 0, 0], [0, 0, 3, 3, 3, 3, 0, 0, 3, 3, 3], [0, 0, 3, 3, 3, 3, 0, 0, 3, 3, 3], [0, 0, 3, 3, 3, 3, 0, 0, 3, 3, 3], [0, 0, 3, 3, 3, 3, 0, 0, 0, 0, 0], [0, 0, 0, 0, 0, 0, 0, 0, 0, 0, 0]], "output": [[0, 0, 0, 0, 0, 0, 0, 0, 0, 0, 0], [0, 0, 0, 0, 0, 0, 0, 0, 0, 0, 0], [0, 0, 0, 0, 0, 0, 0, 0, 0, 0, 0], [0, 0, 0, 0, 0, 0, 1, 1, 1, 1, 0], [0, 0, 0, 0, 0, 0, 1, 1, 1, 1, 0], [0, 0, 0, 0, 0, 0, 1, 1, 1, 1, 0], [0, 0, 0, 0, 0, 0, 3, 3, 3, 0, 0], [0, 0, 0, 0, 0, 0, 0, 0, 0, 0, 0], [0, 0, 0, 0, 0, 0, 0, 0, 0, 0, 0], [0, 0, 1, 1, 1, 1, 0, 0, 1, 1, 1], [0, 0, 1, 1, 1, 1, 0, 0, 1, 1, 1], [0, 0, 1, 1, 1, 1, 0, 0, 1, 1, 1], [0, 0, 1, 1, 1, 1, 0, 0, 0, 0, 0], [0, 0, 0, 0, 0, 0, 0, 0, 0, 0, 0]]}, {"input": [[0, 0, 0, 0, 0, 0, 0, 0, 0, 0, 0, 0], [0, 0, 0, 0, 0, 0, 0, 0, 0, 0, 0, 0], [0, 0, 0, 0, 0, 0, 0, 0, 0, 0, 0, 0], [0, 0, 0, 0, 0, 0, 0, 0, 0, 0, 0, 0], [0, 0, 0, 0, 0, 0, 0, 0, 0, 0, 0, 0], [0, 0, 0, 0, 0, 0, 0, 0, 0, 0, 0, 0], [0, 0, 0, 0, 0, 0, 0, 0, 0, 0, 0, 0], [0, 0, 0, 0, 0, 3, 3, 3, 3, 0, 0, 0], [0, 0, 0, 0, 0, 3, 3, 3, 3, 0, 0, 0], [0, 0, 0, 0, 0, 0, 0, 0, 0, 0, 0, 0], [0, 0, 0, 3, 3, 0, 0, 0, 0, 0, 0, 0], [0, 0, 0, 3, 3, 0, 0, 0, 0, 0, 0, 0], [0, 0, 0, 3, 3, 0, 0, 0, 0, 0, 0, 0], [0, 0, 0, 3, 3, 0, 0, 0, 0, 0, 0, 0]], "output": [[0, 0, 0, 0, 0, 0, 0, 0, 0, 0, 0, 0], [0, 0, 0, 0, 0, 0, 0, 0, 0, 0, 0, 0], [0, 0, 0, 0, 0, 0, 0, 0, 0, 0, 0, 0], [0, 0, 0, 0, 0, 0, 0, 0, 0, 0, 0, 0], [0, 0, 0, 0, 0, 0, 0, 0, 0, 0, 0, 0], [0, 0, 0, 0, 0, 0, 0, 0, 0, 0, 0, 0], [0, 0, 0, 0, 0, 0, 0, 0, 0, 0, 0, 0], [0, 0, 0, 0, 0, 1, 1, 3, 3, 0, 0, 0], [0, 0, 0, 0, 0, 1, 1, 3, 3, 0, 0, 0], [0, 0, 0, 0, 0, 1, 1, 0, 0, 0, 0, 0], [0, 0, 0, 1, 1, 1, 1, 0, 0, 0, 0, 0], [0, 0, 0, 1, 1, 1, 1, 0, 0, 0, 0, 0], [0, 0, 0, 3, 3, 0, 0, 0, 0, 0, 0, 0], [0, 0, 0, 3, 3, 0, 0, 0, 0, 0, 0, 0]]}, {"input": [[3, 3, 3, 3, 0, 0, 0, 0, 0, 0, 0], [3, 3, 3, 3, 0, 0, 0, 0, 0, 0, 0], [3, 3, 3, 3, 0, 0, 0, 0, 0, 0, 0], [0, 0, 0, 0, 0, 0, 3, 3, 3, 3, 0], [0, 0, 0, 3, 3, 0, 3, 3, 3, 3, 0], [0, 0, 0, 3, 3, 0, 3, 3, 3, 3, 0], [0, 0, 0, 3, 3, 0, 0, 0, 0, 0, 0], [0, 0, 0, 3, 3, 0, 0, 0, 0, 0, 0], [0, 0, 0, 0, 0, 0, 3, 3, 0, 0, 0], [3, 3, 3, 3, 0, 0, 3, 3, 0, 0, 0], [3, 3, 3, 3, 0, 0, 0, 0, 0, 0, 0]], "output": [[1, 1, 1, 3, 0, 0, 0, 0, 0, 0, 0], [1, 1, 1, 3, 0, 0, 0, 0, 0, 0, 0], [1, 1, 1, 3, 0, 0, 0, 0, 0, 0, 0], [1, 1, 1, 0, 0, 0, 1, 1, 1, 3, 0], [0, 0, 0, 1, 1, 1, 1, 1, 1, 3, 0], [0, 0, 0, 1, 1, 1, 1, 1, 1, 3, 0], [0, 0, 0, 3, 3, 0, 1, 1, 1, 0, 0], [0, 0, 0, 3, 3, 0, 0, 0, 0, 0, 0], [0, 0, 0, 0, 0, 0, 1, 1, 0, 0, 0], [1, 1, 3, 3, 0, 0, 1, 1, 0, 0, 0], [1, 1, 3, 3, 0, 0, 0, 0, 0, 0, 0]]}, {"input": [[0, 0, 0, 0, 0, 0, 0, 0, 0, 3, 3, 0], [0, 0, 0, 0, 0, 0, 0, 0, 0, 3, 3, 0], [0, 0, 0, 0, 0, 0, 0, 0, 0, 3, 3, 0], [0, 0, 0, 0, 0, 0, 0, 0, 0, 0, 0, 0], [0, 0, 0, 0, 3, 3, 3, 3, 0, 0, 0, 0], [0, 0, 0, 0, 3, 3, 3, 3, 0, 3, 3, 0], [0, 0, 0, 0, 3, 3, 3, 3, 0, 3, 3, 0], [0, 0, 0, 0, 3, 3, 3, 3, 0, 0, 0, 0], [3, 3, 0, 0, 0, 0, 0, 0, 0, 0, 0, 0], [3, 3, 0, 0, 0, 0, 0, 0, 0, 0, 0, 0]], "output": [[0, 0, 0, 0, 0, 0, 0, 0, 0, 1, 1, 1], [0, 0, 0, 0, 0, 0, 0, 0, 0, 1, 1, 1], [0, 0, 0, 0, 0, 0, 0, 0, 0, 3, 3, 0], [0, 0, 0, 0, 0, 0, 0, 0, 0, 0, 0, 0], [0, 0, 0, 0, 1, 1, 1, 1, 0, 0, 0, 0], [0, 0, 0, 0, 1, 1, 1, 1, 0, 1, 1, 0], [0, 0, 0, 0, 1, 1, 1, 1, 0, 1, 1, 0], [0, 0, 0, 0, 1, 1, 1, 1, 0, 0, 0, 0], [1, 1, 0, 0, 0, 0, 0, 0, 0, 0, 0, 0], [1, 1, 0, 0, 0, 0, 0, 0, 0, 0, 0, 0]]}, {"input": [[0, 0, 0, 0, 0, 0, 0, 0, 3, 3, 3], [0, 0, 0, 3, 3, 3, 0, 0, 3, 3, 3], [0, 0, 0, 3, 3, 3, 0, 0, 3, 3, 3], [0, 0, 0, 3, 3, 3, 0, 0, 3, 3, 3], [0, 0, 0, 0, 0, 0, 0, 0, 0, 0, 0], [0, 0, 0, 0, 0, 0, 0, 3, 3, 3, 3], [0, 0, 0, 0, 0, 0, 0, 3, 3, 3, 3], [0, 0, 3, 3, 3, 3, 0, 0, 0, 0, 0], [0, 0, 3, 3, 3, 3, 0, 0, 0, 0, 0], [0, 0, 3, 3, 3, 3, 0, 0, 0, 0, 0], [0, 0, 3, 3, 3, 3, 0, 0, 0, 0, 0]], "output": [[0, 0, 0, 0, 0, 0, 0, 0, 1, 1, 1], [0, 0, 0, 1, 1, 1, 0, 0, 1, 1, 1], [0, 0, 0, 1, 1, 1, 0, 0, 1, 1, 1], [0, 0, 0, 1, 1, 1, 0, 0, 3, 3, 3], [0, 0, 0, 0, 0, 0, 0, 0, 0, 0, 0], [0, 0, 0, 0, 0, 0, 0, 1, 1, 3, 3], [0, 0, 0, 0, 0, 0, 0, 1, 1, 3, 3], [0, 0, 1, 1, 1, 1, 0, 1, 1, 0, 0], [0, 0, 1, 1, 1, 1, 0, 1, 1, 0, 0], [0, 0, 1, 1, 1, 1, 0, 0, 0, 0, 0], [0, 0, 1, 1, 1, 1, 0, 0, 0, 0, 0]]}, {"input": [[0, 3, 3, 3, 3, 0, 0, 0, 0, 0, 0], [0, 3, 3, 3, 3, 0, 0, 0, 0, 0, 0], [0, 3, 3, 3, 3, 0, 0, 0, 3, 3, 0], [0, 3, 3, 3, 3, 0, 0, 0, 3, 3, 0], [0, 0, 0, 0, 0, 0, 0, 0, 3, 3, 0], [0, 0, 0, 0, 3, 3, 0, 0, 3, 3, 0], [0, 0, 0, 0, 3, 3, 0, 0, 0, 0, 0], [0, 0, 0, 0, 0, 0, 0, 0, 0, 0, 0], [0, 0, 3, 3, 0, 0, 3, 3, 3, 0, 0], [0, 0, 3, 3, 0, 0, 3, 3, 3, 0, 0], [0, 0, 3, 3, 0, 0, 3, 3, 3, 0, 0], [0, 0, 0, 0, 0, 0, 3, 3, 3, 0, 0], [0, 0, 0, 0, 0, 0, 0, 0, 0, 0, 0], [0, 0, 0, 0, 0, 0, 0, 0, 0, 0, 0]], "output": [[0, 1, 1, 1, 1, 0, 0, 0, 0, 0, 0], [0, 1, 1, 1, 1, 0, 0, 0, 0, 0, 0], [0, 1, 1, 1, 1, 0, 0, 0, 1, 1, 1], [0, 1, 1, 1, 1, 0, 0, 0, 1, 1, 1], [0, 0, 0, 0, 0, 0, 0, 0, 3, 3, 0], [0, 0, 0, 0, 1, 1, 0, 0, 3, 3, 0], [0, 0, 0, 0, 1, 1, 0, 0, 0, 0, 0], [0, 0, 0, 0, 0, 0, 0, 0, 0, 0, 0], [0, 0, 1, 1, 1, 0, 1, 1, 1, 1, 0], [0, 0, 1, 1, 1, 0, 1, 1, 1, 1, 0], [0, 0, 3, 3, 0, 0, 1, 1, 1, 1, 0], [0, 0, 0, 0, 0, 0, 3, 3, 3, 0, 0], [0, 0, 0, 0, 0, 0, 0, 0, 0, 0, 0], [0, 0, 0, 0, 0, 0, 0, 0, 0, 0, 0]]}, {"input": [[0, 0, 0, 0, 0, 0, 0, 0, 0, 0, 0], [0, 3, 3, 3, 0, 0, 0, 0, 0, 0, 0], [0, 3, 3, 3, 0, 0, 0, 0, 0, 0, 0], [0, 0, 0, 0, 0, 0, 0, 0, 0, 0, 0], [0, 0, 0, 0, 0, 0, 0, 0, 0, 0, 0], [0, 0, 0, 0, 0, 0, 0, 0, 0, 0, 0], [0, 0, 0, 3, 3, 3, 0, 0, 0, 0, 0], [0, 0, 0, 3, 3, 3, 0, 0, 0, 0, 0], [0, 0, 0, 3, 3, 3, 0, 0, 0, 0, 0], [0, 0, 0, 0, 0, 0, 0, 0, 0, 0, 0], [0, 0, 0, 0, 0, 0, 0, 0, 0, 0, 0], [0, 0, 0, 0, 0, 0, 0, 0, 0, 0, 0], [0, 0, 0, 0, 0, 0, 0, 0, 0, 0, 0], [0, 0, 0, 0, 0, 0, 0, 0, 0, 0, 0]], "output": [[0, 0, 0, 0, 0, 0, 0, 0, 0, 0, 0], [0, 1, 1, 3, 0, 0, 0, 0, 0, 0, 0], [0, 1, 1, 3, 0, 0, 0, 0, 0, 0, 0], [0, 1, 1, 0, 0, 0, 0, 0, 0, 0, 0], [0, 0, 0, 0, 0, 0, 0, 0, 0, 0, 0], [0, 0, 0, 0, 0, 0, 0, 0, 0, 0, 0], [0, 0, 0, 1, 1, 1, 0, 0, 0, 0, 0], [0, 0, 0, 1, 1, 1, 0, 0, 0, 0, 0], [0, 0, 0, 1, 1, 1, 0, 0, 0, 0, 0], [0, 0, 0, 0, 0, 0, 0, 0, 0, 0, 0], [0, 0, 0, 0, 0, 0, 0, 0, 0, 0, 0], [0, 0, 0, 0, 0, 0, 0, 0, 0, 0, 0], [0, 0, 0, 0, 0, 0, 0, 0, 0, 0, 0], [0, 0, 0, 0, 0, 0, 0, 0, 0, 0, 0]]}, {"input": [[0, 0, 0, 0, 0, 0, 0, 0, 0, 0, 0, 0], [0, 0, 0, 0, 0, 0, 0, 0, 0, 0, 3, 3], [0, 0, 0, 0, 0, 3, 3, 3, 0, 0, 3, 3], [0, 0, 0, 0, 0, 3, 3, 3, 0, 0, 0, 0], [0, 3, 3, 0, 0, 3, 3, 3, 0, 0, 0, 0], [0, 3, 3, 0, 0, 0, 0, 0, 0, 0, 0, 0], [0, 0, 0, 0, 0, 0, 0, 0, 0, 0, 0, 0], [0, 0, 0, 0, 0, 0, 0, 0, 0, 0, 0, 0], [0, 0, 0, 3, 3, 3, 0, 0, 0, 0, 0, 0], [0, 0, 0, 3, 3, 3, 0, 0, 0, 0, 0, 0]], "output": [[0, 0, 0, 0, 0, 0, 0, 0, 0, 0, 0, 0], [0, 0, 0, 0, 0, 0, 0, 0, 0, 0, 1, 1], [0, 0, 0, 0, 0, 1, 1, 1, 0, 0, 1, 1], [0, 0, 0, 0, 0, 1, 1, 1, 0, 0, 0, 0], [0, 1, 1, 0, 0, 1, 1, 1, 0, 0, 0, 0], [0, 1, 1, 0, 0, 0, 0, 0, 0, 0, 0, 0], [0, 0, 0, 0, 0, 0, 0, 0, 0, 0, 0, 0], [0, 0, 0, 0, 0, 0, 0, 0, 0, 0, 0, 0], [0, 0, 0, 1, 1, 3, 0, 0, 0, 0, 0, 0], [0, 0, 0, 1, 1, 3, 0, 0, 0, 0, 0, 0]]}, {"input": [[0, 0, 0, 0, 3, 3, 3, 3, 0, 0], [0, 0, 0, 0, 3, 3, 3, 3, 0, 0], [0, 0, 0, 0, 3, 3, 3, 3, 0, 0], [0, 0, 0, 0, 3, 3, 3, 3, 0, 0], [0, 0, 0, 0, 0, 0, 0, 0, 0, 0], [0, 3, 3, 3, 0, 0, 3, 3, 0, 0], [0, 3, 3, 3, 0, 0, 3, 3, 0, 0], [0, 0, 0, 0, 0, 0, 3, 3, 0, 0], [0, 0, 0, 3, 3, 0, 3, 3, 0, 0], [0, 0, 0, 3, 3, 0, 0, 0, 0, 0], [0, 0, 0, 0, 0, 0, 0, 0, 0, 0]], "output": [[0, 0, 0, 0, 1, 1, 1, 1, 0, 0], [0, 0, 0, 0, 1, 1, 1, 1, 0, 0], [0, 0, 0, 0, 1, 1, 1, 1, 0, 0], [0, 0, 0, 0, 1, 1, 1, 1, 0, 0], [0, 0, 0, 0, 0, 0, 0, 0, 0, 0], [0, 1, 1, 3, 0, 0, 1, 1, 1, 1], [0, 1, 1, 3, 0, 0, 1, 1, 1, 1], [0, 1, 1, 0, 0, 0, 3, 3, 0, 0], [0, 0, 0, 1, 1, 0, 3, 3, 0, 0], [0, 0, 0, 1, 1, 0, 0, 0, 0, 0], [0, 0, 0, 0, 0, 0, 0, 0, 0, 0]]}, {"input": [[3, 3, 0, 0, 0, 0, 0, 0, 0, 0, 0, 0, 0], [3, 3, 0, 0, 0, 0, 0, 0, 0, 0, 0, 0, 0], [0, 0, 0, 0, 0, 0, 0, 0, 0, 0, 0, 0, 0], [0, 0, 0, 0, 0, 0, 0, 0, 0, 0, 0, 0, 0], [0, 0, 0, 0, 0, 0, 0, 0, 0, 0, 0, 0, 0], [0, 0, 0, 0, 0, 0, 0, 0, 0, 0, 0, 0, 0], [0, 0, 0, 0, 0, 0, 0, 0, 0, 0, 0, 0, 0], [0, 0, 0, 0, 0, 0, 0, 0, 0, 0, 0, 0, 0], [0, 0, 0, 0, 0, 3, 3, 3, 3, 0, 0, 0, 0], [0, 0, 0, 0, 0, 3, 3, 3, 3, 0, 0, 0, 0], [0, 0, 0, 0, 0, 3, 3, 3, 3, 0, 0, 3, 3], [0, 0, 0, 0, 0, 3, 3, 3, 3, 0, 0, 3, 3], [0, 0, 0, 0, 0, 0, 0, 0, 0, 0, 0, 0, 0]], "output": [[1, 1, 0, 0, 0, 0, 0, 0, 0, 0, 0, 0, 0], [1, 1, 0, 0, 0, 0, 0, 0, 0, 0, 0, 0, 0], [0, 0, 0, 0, 0, 0, 0, 0, 0, 0, 0, 0, 0], [0, 0, 0, 0, 0, 0, 0, 0, 0, 0, 0, 0, 0], [0, 0, 0, 0, 0, 0, 0, 0, 0, 0, 0, 0, 0], [0, 0, 0, 0, 0, 0, 0, 0, 0, 0, 0, 0, 0], [0, 0, 0, 0, 0, 0, 0, 0, 0, 0, 0, 0, 0], [0, 0, 0, 0, 0, 0, 0, 0, 0, 0, 0, 0, 0], [0, 0, 0, 0, 0, 1, 1, 1, 1, 0, 0, 0, 0], [0, 0, 0, 0, 0, 1, 1, 1, 1, 0, 0, 0, 0], [0, 0, 0, 0, 0, 1, 1, 1, 1, 0, 0, 1, 1], [0, 0, 0, 0, 0, 1, 1, 1, 1, 0, 0, 1, 1], [0, 0, 0, 0, 0, 0, 0, 0, 0, 0, 0, 0, 0]]}, {"input": [[0, 0, 0, 0, 0, 0, 0, 0, 0, 0, 3, 3], [0, 3, 3, 3, 3, 0, 0, 0, 0, 0, 3, 3], [0, 3, 3, 3, 3, 0, 0, 0, 0, 0, 3, 3], [0, 0, 0, 0, 0, 0, 0, 0, 0, 0, 3, 3], [0, 0, 0, 0, 0, 0, 0, 0, 0, 0, 0, 0], [0, 0, 0, 0, 0, 0, 0, 0, 0, 0, 3, 3], [0, 0, 0, 0, 0, 0, 0, 0, 0, 0, 3, 3], [0, 0, 0, 0, 0, 0, 0, 0, 0, 0, 0, 0], [0, 0, 0, 0, 0, 3, 3, 3, 0, 0, 0, 0], [0, 0, 0, 0, 0, 3, 3, 3, 0, 0, 0, 0], [0, 0, 0, 0, 0, 3, 3, 3, 0, 0, 0, 0], [0, 0, 0, 0, 0, 3, 3, 3, 0, 0, 0, 0]], "output": [[0, 0, 0, 0, 0, 0, 0, 0, 0, 0, 1, 1], [0, 1, 1, 3, 3, 0, 0, 0, 0, 0, 1, 1], [0, 1, 1, 3, 3, 0, 0, 0, 0, 0, 3, 3], [0, 1, 1, 0, 0, 0, 0, 0, 0, 0, 3, 3], [0, 1, 1, 0, 0, 0, 0, 0, 0, 0, 0, 0], [0, 0, 0, 0, 0, 0, 0, 0, 0, 0, 1, 1], [0, 0, 0, 0, 0, 0, 0, 0, 0, 0, 1, 1], [0, 0, 0, 0, 0, 0, 0, 0, 0, 0, 0, 0], [0, 0, 0, 0, 0, 1, 1, 1, 1, 0, 0, 0], [0, 0, 0, 0, 0, 1, 1, 1, 1, 0, 0, 0], [0, 0, 0, 0, 0, 1, 1, 1, 1, 0, 0, 0], [0, 0, 0, 0, 0, 3, 3, 3, 0, 0, 0, 0]]}, {"input": [[0, 0, 0, 0, 0, 0, 0, 0, 0, 0], [0, 0, 0, 0, 0, 0, 0, 0, 0, 0], [0, 3, 3, 0, 0, 0, 0, 0, 0, 0], [0, 3, 3, 0, 0, 0, 3, 3, 3, 0], [0, 0, 0, 0, 0, 0, 3, 3, 3, 0], [0, 0, 0, 0, 0, 0, 3, 3, 3, 0], [0, 3, 3, 3, 3, 0, 0, 0, 0, 0], [0, 3, 3, 3, 3, 0, 0, 0, 0, 0], [0, 3, 3, 3, 3, 0, 0, 0, 0, 0], [0, 0, 0, 0, 0, 0, 0, 0, 0, 0], [0, 0, 0, 0, 0, 0, 0, 0, 0, 0]], "output": [[0, 0, 0, 0, 0, 0, 0, 0, 0, 0], [0, 0, 0, 0, 0, 0, 0, 0, 0, 0], [0, 1, 1, 0, 0, 0, 0, 0, 0, 0], [0, 1, 1, 0, 0, 0, 1, 1, 1, 0], [0, 0, 0, 0, 0, 0, 1, 1, 1, 0], [0, 0, 0, 0, 0, 0, 1, 1, 1, 0], [0, 1, 1, 1, 3, 0, 0, 0, 0, 0], [0, 1, 1, 1, 3, 0, 0, 0, 0, 0], [0, 1, 1, 1, 3, 0, 0, 0, 0, 0], [0, 1, 1, 1, 0, 0, 0, 0, 0, 0], [0, 0, 0, 0, 0, 0, 0, 0, 0, 0]]}, {"input": [[0, 0, 0, 0, 0, 0, 0, 0, 0, 0, 0], [0, 0, 0, 0, 3, 3, 0, 0, 0, 0, 0], [0, 0, 0, 0, 3, 3, 0, 0, 0, 0, 0], [0, 0, 0, 0, 3, 3, 0, 0, 0, 0, 0], [0, 0, 0, 0, 0, 0, 0, 0, 3, 3, 3], [0, 0, 0, 0, 0, 0, 0, 0, 3, 3, 3], [3, 3, 0, 0, 0, 0, 0, 0, 0, 0, 0], [3, 3, 0, 0, 0, 0, 0, 0, 0, 0, 0], [3, 3, 0, 0, 0, 0, 0, 0, 0, 0, 0], [0, 0, 0, 0, 0, 0, 0, 0, 0, 0, 0], [0, 0, 0, 0, 0, 0, 0, 0, 0, 0, 0], [0, 0, 0, 0, 0, 0, 0, 0, 0, 0, 0], [0, 0, 0, 0, 0, 0, 0, 0, 0, 0, 0]], "output": [[0, 0, 0, 0, 0, 0, 0, 0, 0, 0, 0], [0, 0, 0, 0, 1, 1, 1, 0, 0, 0, 0], [0, 0, 0, 0, 1, 1, 1, 0, 0, 0, 0], [0, 0, 0, 0, 3, 3, 0, 0, 0, 0, 0], [0, 0, 0, 0, 0, 0, 0, 0, 1, 1, 3], [0, 0, 0, 0, 0, 0, 0, 0, 1, 1, 3], [1, 1, 1, 0, 0, 0, 0, 0, 1, 1, 0], [1, 1, 1, 0, 0, 0, 0, 0, 0, 0, 0], [3, 3, 0, 0, 0, 0, 0, 0, 0, 0, 0], [0, 0, 0, 0, 0, 0, 0, 0, 0, 0, 0], [0, 0, 0, 0, 0, 0, 0, 0, 0, 0, 0], [0, 0, 0, 0, 0, 0, 0, 0, 0, 0, 0], [0, 0, 0, 0, 0, 0, 0, 0, 0, 0, 0]]}, {"input": [[0, 0, 0, 0, 0, 0, 0, 0, 0, 0, 0, 0], [0, 0, 0, 0, 0, 0, 0, 0, 0, 0, 0, 0], [0, 0, 3, 3, 3, 0, 0, 0, 0, 0, 0, 0], [0, 0, 3, 3, 3, 0, 0, 0, 0, 0, 3, 3], [0, 0, 3, 3, 3, 0, 0, 0, 0, 0, 3, 3], [0, 0, 0, 0, 0, 0, 0, 0, 0, 0, 3, 3], [0, 0, 0, 0, 0, 0, 0, 0, 0, 0, 0, 0], [0, 0, 0, 0, 0, 0, 0, 0, 0, 0, 0, 0], [0, 0, 0, 0, 0, 0, 0, 0, 0, 0, 0, 0], [0, 0, 0, 0, 0, 0, 0, 0, 0, 0, 0, 0], [0, 0, 0, 0, 0, 0, 0, 0, 0, 0, 0, 0], [0, 0, 0, 0, 0, 0, 0, 0, 0, 0, 0, 0]], "output": [[0, 0, 0, 0, 0, 0, 0, 0, 0, 0, 0, 0], [0, 0, 0, 0, 0, 0, 0, 0, 0, 0, 0, 0], [0, 0, 1, 1, 1, 0, 0, 0, 0, 0, 0, 0], [0, 0, 1, 1, 1, 0, 0, 0, 0, 0, 1, 1], [0, 0, 1, 1, 1, 0, 0, 0, 0, 0, 1, 1], [0, 0, 0, 0, 0, 0, 0, 0, 0, 0, 3, 3], [0, 0, 0, 0, 0, 0, 0, 0, 0, 0, 0, 0], [0, 0, 0, 0, 0, 0, 0, 0, 0, 0, 0, 0], [0, 0, 0, 0, 0, 0, 0, 0, 0, 0, 0, 0], [0, 0, 0, 0, 0, 0, 0, 0, 0, 0, 0, 0], [0, 0, 0, 0, 0, 0, 0, 0, 0, 0, 0, 0], [0, 0, 0, 0, 0, 0, 0, 0, 0, 0, 0, 0]]}, {"input": [[0, 0, 0, 0, 0, 0, 0, 0, 0, 0, 0, 0, 0, 0], [0, 3, 3, 3, 3, 0, 0, 0, 0, 0, 0, 0, 0, 0], [0, 3, 3, 3, 3, 0, 0, 0, 0, 0, 0, 0, 0, 0], [0, 3, 3, 3, 3, 0, 0, 0, 0, 0, 0, 0, 0, 0], [0, 0, 0, 0, 0, 0, 0, 3, 3, 3, 3, 0, 0, 0], [0, 0, 0, 0, 0, 0, 0, 3, 3, 3, 3, 0, 0, 0], [0, 0, 0, 0, 0, 0, 0, 0, 0, 0, 0, 0, 0, 0], [0, 3, 3, 3, 3, 0, 0, 0, 0, 0, 0, 0, 0, 0], [0, 3, 3, 3, 3, 0, 0, 0, 0, 0, 0, 0, 0, 0], [0, 3, 3, 3, 3, 0, 0, 0, 0, 0, 0, 3, 3, 0], [0, 3, 3, 3, 3, 0, 0, 0, 0, 0, 0, 3, 3, 0], [0, 0, 0, 0, 0, 0, 0, 3, 3, 3, 0, 3, 3, 0], [0, 0, 0, 0, 0, 0, 0, 3, 3, 3, 0, 0, 0, 0]], "output": [[0, 0, 0, 0, 0, 0, 0, 0, 0, 0, 0, 0, 0, 0], [0, 1, 1, 1, 3, 0, 0, 0, 0, 0, 0, 0, 0, 0], [0, 1, 1, 1, 3, 0, 0, 0, 0, 0, 0, 0, 0, 0], [0, 1, 1, 1, 3, 0, 0, 0, 0, 0, 0, 0, 0, 0], [0, 1, 1, 1, 0, 0, 0, 1, 1, 3, 3, 0, 0, 0], [0, 0, 0, 0, 0, 0, 0, 1, 1, 3, 3, 0, 0, 0], [0, 0, 0, 0, 0, 0, 0, 1, 1, 0, 0, 0, 0, 0], [0, 1, 1, 1, 1, 0, 0, 1, 1, 0, 0, 0, 0, 0], [0, 1, 1, 1, 1, 0, 0, 0, 0, 0, 0, 0, 0, 0], [0, 1, 1, 1, 1, 0, 0, 0, 0, 0, 0, 1, 1, 1], [0, 1, 1, 1, 1, 0, 0, 0, 0, 0, 0, 1, 1, 1], [0, 0, 0, 0, 0, 0, 0, 1, 1, 3, 0, 3, 3, 0], [0, 0, 0, 0, 0, 0, 0, 1, 1, 3, 0, 0, 0, 0]]}, {"input": [[0, 0, 0, 0, 0, 0, 0, 0, 0, 0, 0, 0, 0, 0], [0, 0, 0, 0, 0, 0, 0, 0, 0, 0, 0, 0, 0, 0], [0, 0, 0, 0, 0, 0, 0, 3, 3, 0, 0, 3, 3, 0], [0, 0, 0, 0, 0, 0, 0, 3, 3, 0, 0, 3, 3, 0], [3, 3, 3, 0, 0, 0, 0, 0, 0, 0, 0, 3, 3, 0], [3, 3, 3, 0, 0, 0, 0, 0, 0, 0, 0, 0, 0, 0], [3, 3, 3, 0, 0, 0, 0, 0, 0, 0, 0, 0, 0, 0], [3, 3, 3, 0, 3, 3, 3, 0, 0, 0, 0, 0, 0, 0], [0, 0, 0, 0, 3, 3, 3, 0, 3, 3, 3, 3, 0, 0], [0, 0, 0, 0, 3, 3, 3, 0, 3, 3, 3, 3, 0, 0], [0, 0, 0, 0, 0, 0, 0, 0, 3, 3, 3, 3, 0, 0], [0, 0, 0, 0, 0, 0, 0, 0, 0, 0, 0, 0, 0, 0], [0, 0, 0, 0, 0, 0, 0, 0, 0, 0, 0, 0, 0, 0], [0, 0, 0, 0, 0, 0, 0, 0, 0, 0, 0, 0, 0, 0]], "output": [[0, 0, 0, 0, 0, 0, 0, 0, 0, 0, 0, 0, 0, 0], [0, 0, 0, 0, 0, 0, 0, 0, 0, 0, 0, 0, 0, 0], [0, 0, 0, 0, 0, 0, 0, 1, 1, 0, 0, 1, 1, 1], [0, 0, 0, 0, 0, 0, 0, 1, 1, 0, 0, 1, 1, 1], [1, 1, 1, 1, 0, 0, 0, 0, 0, 0, 0, 3, 3, 0], [1, 1, 1, 1, 0, 0, 0, 0, 0, 0, 0, 0, 0, 0], [1, 1, 1, 1, 0, 0, 0, 0, 0, 0, 0, 0, 0, 0], [3, 3, 3, 0, 1, 1, 1, 0, 0, 0, 0, 0, 0, 0], [0, 0, 0, 0, 1, 1, 1, 0, 1, 1, 1, 3, 0, 0], [0, 0, 0, 0, 1, 1, 1, 0, 1, 1, 1, 3, 0, 0], [0, 0, 0, 0, 0, 0, 0, 0, 1, 1, 1, 3, 0, 0], [0, 0, 0, 0, 0, 0, 0, 0, 1, 1, 1, 0, 0, 0], [0, 0, 0, 0, 0, 0, 0, 0, 0, 0, 0, 0, 0, 0], [0, 0, 0, 0, 0, 0, 0, 0, 0, 0, 0, 0, 0, 0]]}, {"input": [[0, 0, 0, 0, 0, 0, 0, 0, 0, 0], [0, 0, 0, 0, 0, 0, 0, 0, 0, 0], [0, 3, 3, 0, 0, 0, 0, 0, 0, 0], [0, 3, 3, 0, 3, 3, 3, 3, 0, 0], [0, 3, 3, 0, 3, 3, 3, 3, 0, 0], [0, 0, 0, 0, 0, 0, 0, 0, 0, 0], [0, 0, 0, 0, 0, 0, 0, 0, 0, 0], [0, 0, 0, 0, 0, 0, 0, 3, 3, 3], [0, 0, 0, 0, 0, 0, 0, 3, 3, 3], [0, 0, 0, 0, 0, 0, 0, 3, 3, 3], [0, 0, 0, 0, 0, 0, 0, 3, 3, 3]], "output": [[0, 0, 0, 0, 0, 0, 0, 0, 0, 0], [0, 0, 0, 0, 0, 0, 0, 0, 0, 0], [0, 1, 1, 1, 0, 0, 0, 0, 0, 0], [0, 1, 1, 1, 1, 1, 3, 3, 0, 0], [0, 3, 3, 0, 1, 1, 3, 3, 0, 0], [0, 0, 0, 0, 1, 1, 0, 0, 0, 0], [0, 0, 0, 0, 1, 1, 0, 0, 0, 0], [0, 0, 0, 0, 0, 0, 0, 1, 1, 1], [0, 0, 0, 0, 0, 0, 0, 1, 1, 1], [0, 0, 0, 0, 0, 0, 0, 1, 1, 1], [0, 0, 0, 0, 0, 0, 0, 3, 3, 3]]}, {"input": [[0, 0, 0, 0, 0, 0, 0, 0, 0, 0, 0, 0, 0], [0, 0, 0, 0, 0, 0, 0, 3, 3, 3, 0, 0, 0], [0, 0, 0, 0, 0, 0, 0, 3, 3, 3, 0, 0, 0], [0, 0, 0, 0, 0, 0, 0, 3, 3, 3, 0, 0, 0], [0, 0, 0, 0, 0, 0, 0, 3, 3, 3, 0, 0, 0], [0, 0, 0, 0, 0, 0, 0, 0, 0, 0, 0, 0, 0], [0, 0, 0, 0, 0, 0, 0, 0, 0, 0, 0, 0, 0], [0, 0, 0, 0, 3, 3, 3, 0, 0, 0, 0, 0, 0], [0, 0, 0, 0, 3, 3, 3, 0, 0, 0, 0, 0, 0], [0, 0, 0, 0, 0, 0, 0, 0, 0, 0, 0, 0, 0], [0, 0, 0, 0, 0, 0, 0, 0, 0, 0, 0, 0, 0], [0, 0, 0, 0, 0, 0, 0, 0, 0, 0, 0, 0, 0]], "output": [[0, 0, 0, 0, 0, 0, 0, 0, 0, 0, 0, 0, 0], [0, 0, 0, 0, 0, 0, 0, 1, 1, 1, 1, 0, 0], [0, 0, 0, 0, 0, 0, 0, 1, 1, 1, 1, 0, 0], [0, 0, 0, 0, 0, 0, 0, 1, 1, 1, 1, 0, 0], [0, 0, 0, 0, 0, 0, 0, 3, 3, 3, 0, 0, 0], [0, 0, 0, 0, 0, 0, 0, 0, 0, 0, 0, 0, 0], [0, 0, 0, 0, 0, 0, 0, 0, 0, 0, 0, 0, 0], [0, 0, 0, 0, 1, 1, 3, 0, 0, 0, 0, 0, 0], [0, 0, 0, 0, 1, 1, 3, 0, 0, 0, 0, 0, 0], [0, 0, 0, 0, 1, 1, 0, 0, 0, 0, 0, 0, 0], [0, 0, 0, 0, 0, 0, 0, 0, 0, 0, 0, 0, 0], [0, 0, 0, 0, 0, 0, 0, 0, 0, 0, 0, 0, 0]]}], "test": [{"input": [[0, 0, 0, 0, 0, 0, 0, 0, 0, 0], [0, 0, 0, 0, 0, 3, 3, 0, 0, 0], [0, 0, 0, 0, 0, 3, 3, 0, 0, 0], [0, 0, 0, 0, 0, 3, 3, 0, 0, 0], [0, 0, 3, 3, 0, 3, 3, 0, 0, 0], [0, 0, 3, 3, 0, 0, 0, 0, 0, 0], [0, 0, 3, 3, 0, 0, 0, 3, 3, 0], [0, 0, 3, 3, 0, 0, 0, 3, 3, 0], [0, 0, 0, 0, 0, 0, 0, 3, 3, 0], [0, 0, 0, 0, 0, 0, 0, 0, 0, 0], [0, 0, 0, 0, 0, 0, 0, 0, 0, 0], [0, 0, 0, 0, 0, 0, 0, 0, 0, 0]], "output": [[0, 0, 0, 0, 0, 0, 0, 0, 0, 0], [0, 0, 0, 0, 0, 1, 1, 1, 1, 0], [0, 0, 0, 0, 0, 1, 1, 1, 1, 0], [0, 0, 0, 0, 0, 3, 3, 0, 0, 0], [0, 0, 1, 1, 1, 1, 3, 0, 0, 0], [0, 0, 1, 1, 1, 1, 0, 0, 0, 0], [0, 0, 3, 3, 0, 0, 0, 1, 1, 1], [0, 0, 3, 3, 0, 0, 0, 1, 1, 1], [0, 0, 0, 0, 0, 0, 0, 3, 3, 0], [0, 0, 0, 0, 0, 0, 0, 0, 0, 0], [0, 0, 0, 0, 0, 0, 0, 0, 0, 0], [0, 0, 0, 0, 0, 0, 0, 0, 0, 0]]}, {"input": [[3, 3, 3, 0, 3, 3, 3, 0, 0, 0, 0, 0], [3, 3, 3, 0, 3, 3, 3, 0, 0, 0, 0, 0], [3, 3, 3, 0, 3, 3, 3, 0, 0, 0, 0, 0], [3, 3, 3, 0, 0, 0, 0, 0, 0, 0, 0, 0], [0, 0, 0, 0, 0, 0, 0, 0, 0, 0, 0, 0], [0, 0, 0, 0, 0, 0, 3, 3, 3, 0, 0, 0], [0, 0, 0, 0, 0, 0, 3, 3, 3, 0, 0, 0], [3, 3, 3, 0, 0, 0, 3, 3, 3, 0, 3, 3], [3, 3, 3, 0, 0, 0, 3, 3, 3, 0, 3, 3], [3, 3, 3, 0, 0, 0, 0, 0, 0, 0, 3, 3], [0, 0, 0, 0, 0, 0, 0, 0, 0, 0, 3, 3], [0, 0, 0, 0, 0, 0, 0, 0, 0, 0, 0, 0]], "output": [[1, 1, 1, 1, 1, 1, 1, 0, 0, 0, 0, 0], [1, 1, 1, 1, 1, 1, 1, 0, 0, 0, 0, 0], [1, 1, 1, 1, 1, 1, 1, 0, 0, 0, 0, 0], [3, 3, 3, 0, 0, 0, 0, 0, 0, 0, 0, 0], [0, 0, 0, 0, 0, 0, 0, 0, 0, 0, 0, 0], [0, 0, 0, 0, 0, 0, 1, 1, 1, 1, 0, 0], [0, 0, 0, 0, 0, 0, 1, 1, 1, 1, 0, 0], [1, 1, 1, 0, 0, 0, 1, 1, 1, 1, 1, 1], [1, 1, 1, 0, 0, 0, 3, 3, 3, 0, 1, 1], [1, 1, 1, 0, 0, 0, 0, 0, 0, 0, 3, 3], [0, 0, 0, 0, 0, 0, 0, 0, 0, 0, 3, 3], [0, 0, 0, 0, 0, 0, 0, 0, 0, 0, 0, 0]]}, {"input": [[0, 0, 0, 0, 0, 0, 0, 0, 0, 0, 0], [3, 3, 3, 3, 0, 0, 0, 0, 0, 0, 0], [3, 3, 3, 3, 0, 3, 3, 0, 0, 0, 0], [3, 3, 3, 3, 0, 3, 3, 0, 0, 0, 0], [0, 0, 0, 0, 0, 3, 3, 0, 3, 3, 3], [0, 0, 0, 0, 0, 3, 3, 0, 3, 3, 3], [0, 0, 0, 0, 0, 0, 0, 0, 0, 0, 0], [0, 0, 0, 0, 0, 0, 0, 0, 0, 0, 0], [0, 0, 0, 0, 0, 0, 0, 0, 0, 0, 0], [0, 0, 0, 3, 3, 3, 0, 0, 0, 0, 0], [0, 0, 0, 3, 3, 3, 0, 3, 3, 3, 3], [0, 0, 0, 0, 0, 0, 0, 3, 3, 3, 3], [0, 0, 0, 0, 0, 0, 0, 0, 0, 0, 0]], "output": [[0, 0, 0, 0, 0, 0, 0, 0, 0, 0, 0], [1, 1, 1, 3, 0, 0, 0, 0, 0, 0, 0], [1, 1, 1, 3, 0, 1, 1, 1, 1, 0, 0], [1, 1, 1, 3, 0, 1, 1, 1, 1, 0, 0], [1, 1, 1, 0, 0, 3, 3, 0, 1, 1, 3], [0, 0, 0, 0, 0, 3, 3, 0, 1, 1, 3], [0, 0, 0, 0, 0, 0, 0, 0, 1, 1, 0], [0, 0, 0, 0, 0, 0, 0, 0, 0, 0, 0], [0, 0, 0, 0, 0, 0, 0, 0, 0, 0, 0], [0, 0, 0, 1, 1, 3, 0, 0, 0, 0, 0], [0, 0, 0, 1, 1, 3, 0, 1, 1, 3, 3], [0, 0, 0, 1, 1, 0, 0, 1, 1, 3, 3], [0, 0, 0, 0, 0, 0, 0, 1, 1, 0, 0]]}]}