{"train": [{"input": [[0, 0, 0, 0, 0, 8, 0, 0], [0, 0, 0, 0, 0, 0, 0, 0], [0, 0, 8, 0, 0, 0, 0, 0], [0, 0, 0, 0, 0, 0, 0, 0], [8, 0, 0, 0, 0, 0, 0, 0], [0, 0, 0, 0, 0, 0, 0, 0], [0, 0, 0, 8, 7, 0, 0, 0], [0, 0, 0, 0, 0, 0, 0, 0], [0, 0, 0, 0, 0, 0, 0, 0], [0, 0, 6, 0, 0, 0, 0, 0], [0, 0, 0, 0, 0, 0, 6, 0], [0, 0, 0, 0, 0, 0, 7, 0], [0, 0, 0, 0, 0, 0, 0, 0], [0, 8, 0, 0, 0, 0, 0, 0], [0, 0, 7, 0, 0, 0, 0, 0], [0, 0, 0, 0, 0, 0, 0, 0], [0, 0, 0, 0, 0, 5, 0, 0], [0, 7, 0, 0, 0, 0, 0, 0]], "output": [[0, 0, 0, 0, 8, 8, 8, 0], [0, 0, 8, 0, 0, 8, 0, 0], [0, 8, 8, 8, 0, 0, 0, 0], [8, 0, 8, 0, 0, 0, 0, 0], [8, 8, 0, 0, 0, 0, 0, 0], [8, 0, 0, 8, 7, 0, 0, 0], [0, 0, 8, 7, 8, 7, 0, 0], [0, 0, 0, 8, 7, 0, 0, 0], [0, 0, 6, 0, 0, 0, 0, 0], [0, 6, 6, 6, 0, 0, 6, 0], [0, 0, 6, 0, 0, 6, 7, 6], [0, 0, 0, 0, 0, 7, 6, 7], [0, 8, 0, 0, 0, 0, 7, 0], [8, 8, 7, 0, 0, 0, 0, 0], [0, 7, 7, 7, 0, 0, 0, 0], [0, 0, 7, 0, 0, 5, 0, 0], [0, 7, 0, 0, 5, 5, 5, 0], [7, 7, 7, 0, 0, 5, 0, 0]]}, {"input": [[0, 0, 0, 0, 0, 7, 9, 0, 8, 0], [0, 0, 0, 4, 0, 0, 9, 0, 0, 0], [0, 0, 0, 1, 0, 0, 0, 0, 0, 0], [0, 3, 0, 0, 0, 0, 0, 0, 0, 0], [0, 0, 0, 0, 0, 0, 0, 0, 5, 0], [5, 0, 3, 0, 0, 0, 0, 0, 0, 1], [0, 0, 0, 0, 0, 0, 0, 0, 0, 0]], "output": [[0, 0, 0, 4, 7, 9, 9, 8, 8, 8], [0, 0, 4, 1, 4, 9, 9, 9, 8, 0], [0, 3, 1, 4, 1, 0, 9, 0, 0, 0], [3, 3, 3, 1, 0, 0, 0, 0, 5, 0], [5, 3, 3, 0, 0, 0, 0, 5, 5, 1], [5, 3, 3, 3, 0, 0, 0, 0, 1, 1], [5, 0, 3, 0, 0, 0, 0, 0, 0, 1]]}, {"input": [[9, 0, 0, 4, 0, 0, 8, 0, 0, 0, 0], [0, 0, 0, 0, 0, 0, 0, 0, 0, 0, 0], [0, 3, 0, 0, 0, 0, 0, 0, 0, 0, 0], [0, 0, 0, 0, 0, 0, 0, 0, 0, 0, 0], [0, 0, 0, 0, 0, 0, 0, 0, 0, 0, 8], [0, 0, 0, 0, 0, 0, 5, 4, 0, 1, 0], [0, 0, 0, 0, 0, 0, 0, 0, 0, 0, 3]], "output": [[9, 9, 4, 4, 4, 8, 8, 8, 0, 0, 0], [9, 3, 0, 4, 0, 0, 8, 0, 0, 0, 0], [3, 3, 3, 0, 0, 0, 0, 0, 0, 0, 0], [0, 3, 0, 0, 0, 0, 0, 0, 0, 0, 8], [0, 0, 0, 0, 0, 0, 5, 4, 0, 1, 8], [0, 0, 0, 0, 0, 5, 4, 5, 1, 1, 3], [0, 0, 0, 0, 0, 0, 5, 4, 0, 3, 3]]}, {"input": [[0, 0, 0, 0, 0, 5, 7, 0, 0], [0, 0, 0, 0, 0, 9, 0, 0, 0], [0, 0, 0, 0, 0, 0, 0, 0, 0], [0, 0, 0, 0, 0, 0, 0, 0, 0], [0, 0, 6, 0, 0, 0, 0, 0, 0], [0, 0, 0, 0, 1, 6, 0, 0, 0], [0, 0, 0, 0, 0, 0, 0, 0, 0], [0, 0, 0, 0, 0, 0, 0, 0, 4], [0, 0, 0, 0, 9, 0, 0, 0, 7]], "output": [[0, 0, 0, 0, 5, 9, 5, 7, 0], [0, 0, 0, 0, 9, 5, 9, 0, 0], [0, 0, 0, 0, 0, 9, 0, 0, 0], [0, 0, 6, 0, 0, 0, 0, 0, 0], [0, 6, 6, 6, 1, 6, 0, 0, 0], [0, 0, 6, 1, 6, 1, 6, 0, 0], [0, 0, 0, 0, 1, 6, 0, 0, 4], [0, 0, 0, 0, 9, 0, 0, 4, 7], [0, 0, 0, 9, 9, 9, 0, 7, 4]]}, {"input": [[0, 0, 0, 0, 0, 0, 0, 0, 0, 0, 0, 0, 0, 0, 0, 0, 0, 0, 0], [0, 0, 0, 0, 0, 2, 0, 0, 0, 0, 0, 0, 0, 0, 0, 0, 0, 0, 0], [0, 0, 0, 0, 0, 0, 0, 0, 0, 0, 0, 0, 0, 0, 0, 6, 0, 0, 0], [0, 0, 0, 0, 0, 0, 0, 0, 0, 0, 0, 0, 0, 0, 0, 0, 0, 0, 0], [0, 0, 0, 0, 0, 0, 0, 0, 0, 0, 0, 0, 0, 0, 0, 4, 0, 0, 0], [0, 0, 6, 0, 0, 0, 0, 0, 0, 0, 0, 0, 5, 0, 0, 0, 0, 0, 0], [0, 0, 0, 0, 0, 0, 0, 0, 0, 0, 0, 0, 0, 0, 0, 0, 0, 0, 0], [0, 0, 0, 0, 0, 0, 0, 0, 0, 0, 0, 0, 0, 0, 0, 8, 0, 0, 0], [0, 0, 0, 0, 0, 0, 0, 0, 0, 0, 0, 0, 0, 0, 0, 0, 0, 0, 0], [0, 0, 0, 0, 0, 0, 0, 0, 0, 3, 0, 0, 0, 0, 0, 0, 0, 0, 0], [0, 0, 0, 0, 7, 0, 0, 0, 0, 0, 8, 0, 0, 0, 0, 0, 0, 0, 0], [0, 0, 0, 0, 7, 0, 0, 0, 0, 0, 0, 0, 0, 0, 0, 0, 0, 0, 0], [0, 0, 0, 0, 0, 0, 0, 0, 0, 0, 0, 0, 0, 0, 0, 0, 0, 0, 0], [0, 0, 0, 0, 0, 0, 0, 0, 0, 0, 0, 5, 0, 0, 0, 0, 0, 0, 0], [0, 0, 0, 0, 0, 0, 0, 0, 0, 0, 0, 0, 0, 0, 0, 0, 0, 0, 0], [3, 0, 0, 0, 0, 0, 0, 0, 0, 0, 0, 0, 0, 0, 0, 0, 0, 0, 0]], "output": [[0, 0, 0, 0, 0, 2, 0, 0, 0, 0, 0, 0, 0, 0, 0, 0, 0, 0, 0], [0, 0, 0, 0, 2, 2, 2, 0, 0, 0, 0, 0, 0, 0, 0, 6, 0, 0, 0], [0, 0, 0, 0, 0, 2, 0, 0, 0, 0, 0, 0, 0, 0, 6, 6, 6, 0, 0], [0, 0, 0, 0, 0, 0, 0, 0, 0, 0, 0, 0, 0, 0, 0, 4, 0, 0, 0], [0, 0, 6, 0, 0, 0, 0, 0, 0, 0, 0, 0, 5, 0, 4, 4, 4, 0, 0], [0, 6, 6, 6, 0, 0, 0, 0, 0, 0, 0, 5, 5, 5, 0, 4, 0, 0, 0], [0, 0, 6, 0, 0, 0, 0, 0, 0, 0, 0, 0, 5, 0, 0, 8, 0, 0, 0], [0, 0, 0, 0, 0, 0, 0, 0, 0, 0, 0, 0, 0, 0, 8, 8, 8, 0, 0], [0, 0, 0, 0, 0, 0, 0, 0, 0, 3, 0, 0, 0, 0, 0, 8, 0, 0, 0], [0, 0, 0, 0, 7, 0, 0, 0, 3, 3, 8, 0, 0, 0, 0, 0, 0, 0, 0], [0, 0, 0, 7, 7, 7, 0, 0, 0, 8, 8, 8, 0, 0, 0, 0, 0, 0, 0], [0, 0, 0, 7, 7, 7, 0, 0, 0, 0, 8, 0, 0, 0, 0, 0, 0, 0, 0], [0, 0, 0, 0, 7, 0, 0, 0, 0, 0, 0, 5, 0, 0, 0, 0, 0, 0, 0], [0, 0, 0, 0, 0, 0, 0, 0, 0, 0, 5, 5, 5, 0, 0, 0, 0, 0, 0], [3, 0, 0, 0, 0, 0, 0, 0, 0, 0, 0, 5, 0, 0, 0, 0, 0, 0, 0], [3, 3, 0, 0, 0, 0, 0, 0, 0, 0, 0, 0, 0, 0, 0, 0, 0, 0, 0]]}, {"input": [[0, 0, 0, 0, 0, 0, 0, 0, 0, 0, 0, 0, 0, 0], [0, 0, 0, 0, 0, 0, 0, 0, 0, 0, 0, 0, 0, 0], [0, 0, 0, 0, 0, 0, 0, 0, 0, 0, 0, 0, 0, 0], [0, 0, 0, 0, 0, 0, 0, 0, 0, 0, 0, 7, 0, 0], [0, 0, 0, 0, 0, 0, 0, 0, 0, 0, 0, 0, 0, 0], [0, 0, 0, 0, 0, 0, 0, 0, 0, 0, 0, 0, 0, 0], [0, 0, 0, 0, 0, 0, 0, 0, 0, 0, 0, 0, 0, 0], [0, 0, 0, 0, 0, 0, 0, 0, 0, 0, 0, 0, 0, 0], [0, 0, 0, 0, 0, 2, 0, 0, 0, 0, 0, 0, 0, 0], [0, 0, 0, 0, 0, 0, 0, 0, 0, 0, 0, 0, 0, 0], [0, 0, 0, 0, 0, 0, 0, 0, 0, 0, 0, 0, 3, 0], [0, 0, 0, 0, 0, 0, 0, 0, 0, 0, 0, 0, 0, 0], [0, 5, 0, 0, 0, 9, 0, 0, 0, 0, 0, 0, 0, 0], [0, 0, 0, 0, 0, 0, 0, 0, 0, 0, 0, 0, 0, 0], [0, 0, 0, 0, 0, 0, 0, 0, 0, 0, 5, 0, 0, 0], [0, 0, 0, 0, 0, 0, 0, 3, 0, 0, 0, 0, 0, 0], [0, 0, 2, 0, 0, 0, 0, 0, 0, 0, 4, 0, 0, 0], [0, 0, 0, 0, 0, 0, 0, 0, 0, 4, 0, 0, 0, 0], [0, 0, 0, 0, 0, 0, 0, 0, 0, 0, 0, 0, 0, 0]], "output": [[0, 0, 0, 0, 0, 0, 0, 0, 0, 0, 0, 0, 0, 0], [0, 0, 0, 0, 0, 0, 0, 0, 0, 0, 0, 0, 0, 0], [0, 0, 0, 0, 0, 0, 0, 0, 0, 0, 0, 7, 0, 0], [0, 0, 0, 0, 0, 0, 0, 0, 0, 0, 7, 7, 7, 0], [0, 0, 0, 0, 0, 0, 0, 0, 0, 0, 0, 7, 0, 0], [0, 0, 0, 0, 0, 0, 0, 0, 0, 0, 0, 0, 0, 0], [0, 0, 0, 0, 0, 0, 0, 0, 0, 0, 0, 0, 0, 0], [0, 0, 0, 0, 0, 2, 0, 0, 0, 0, 0, 0, 0, 0], [0, 0, 0, 0, 2, 2, 2, 0, 0, 0, 0, 0, 0, 0], [0, 0, 0, 0, 0, 2, 0, 0, 0, 0, 0, 0, 3, 0], [0, 0, 0, 0, 0, 0, 0, 0, 0, 0, 0, 3, 3, 3], [0, 5, 0, 0, 0, 9, 0, 0, 0, 0, 0, 0, 3, 0], [5, 5, 5, 0, 9, 9, 9, 0, 0, 0, 0, 0, 0, 0], [0, 5, 0, 0, 0, 9, 0, 0, 0, 0, 5, 0, 0, 0], [0, 0, 0, 0, 0, 0, 0, 3, 0, 5, 5, 5, 0, 0], [0, 0, 2, 0, 0, 0, 3, 3, 3, 0, 4, 0, 0, 0], [0, 2, 2, 2, 0, 0, 0, 3, 0, 4, 4, 4, 0, 0], [0, 0, 2, 0, 0, 0, 0, 0, 4, 4, 4, 0, 0, 0], [0, 0, 0, 0, 0, 0, 0, 0, 0, 4, 0, 0, 0, 0]]}, {"input": [[0, 2, 0, 0, 0, 0, 0, 0, 0, 0, 0], [0, 0, 8, 0, 0, 0, 0, 0, 0, 0, 0], [7, 3, 0, 0, 1, 0, 0, 0, 0, 0, 0], [0, 0, 0, 0, 4, 0, 0, 0, 0, 5, 7], [0, 0, 0, 0, 0, 0, 8, 0, 0, 0, 0], [0, 6, 0, 2, 0, 0, 0, 0, 0, 0, 0]], "output": [[2, 2, 8, 0, 0, 0, 0, 0, 0, 0, 0], [7, 3, 8, 8, 1, 0, 0, 0, 0, 0, 0], [3, 7, 3, 1, 4, 1, 0, 0, 0, 5, 7], [7, 3, 0, 4, 1, 4, 8, 0, 5, 7, 5], [0, 6, 0, 2, 4, 8, 8, 8, 0, 5, 7], [6, 6, 2, 2, 2, 0, 8, 0, 0, 0, 0]]}, {"input": [[0, 0, 0, 0, 0, 0, 0, 0, 0, 0, 0, 0, 0], [0, 0, 0, 0, 0, 0, 0, 0, 0, 4, 0, 0, 0], [0, 0, 0, 0, 3, 8, 0, 0, 0, 0, 0, 3, 0], [0, 1, 1, 0, 0, 8, 0, 0, 0, 2, 0, 0, 0], [0, 0, 0, 0, 0, 0, 0, 0, 0, 0, 0, 0, 0], [0, 0, 0, 0, 0, 0, 0, 0, 0, 0, 0, 0, 0], [0, 0, 0, 0, 9, 0, 0, 0, 0, 0, 0, 0, 0], [0, 0, 0, 0, 0, 0, 0, 0, 0, 0, 0, 0, 0], [0, 1, 0, 0, 0, 0, 9, 0, 0, 0, 0, 0, 0], [0, 0, 0, 0, 0, 0, 0, 5, 0, 0, 0, 0, 0], [0, 0, 0, 0, 0, 0, 0, 0, 0, 0, 0, 0, 0], [0, 0, 0, 0, 0, 0, 0, 0, 0, 0, 0, 0, 6], [0, 0, 0, 0, 0, 0, 0, 0, 1, 0, 0, 0, 0]], "output": [[0, 0, 0, 0, 0, 0, 0, 0, 0, 4, 0, 0, 0], [0, 0, 0, 0, 3, 8, 0, 0, 4, 4, 4, 3, 0], [0, 1, 1, 3, 8, 8, 8, 0, 0, 2, 3, 3, 3], [1, 1, 1, 1, 8, 8, 8, 0, 2, 2, 2, 3, 0], [0, 1, 1, 0, 0, 8, 0, 0, 0, 2, 0, 0, 0], [0, 0, 0, 0, 9, 0, 0, 0, 0, 0, 0, 0, 0], [0, 0, 0, 9, 9, 9, 0, 0, 0, 0, 0, 0, 0], [0, 1, 0, 0, 9, 0, 9, 0, 0, 0, 0, 0, 0], [1, 1, 1, 0, 0, 9, 9, 5, 0, 0, 0, 0, 0], [0, 1, 0, 0, 0, 0, 5, 5, 5, 0, 0, 0, 0], [0, 0, 0, 0, 0, 0, 0, 5, 0, 0, 0, 0, 6], [0, 0, 0, 0, 0, 0, 0, 0, 1, 0, 0, 6, 6], [0, 0, 0, 0, 0, 0, 0, 1, 1, 1, 0, 0, 6]]}, {"input": [[0, 0, 0, 0, 0, 0, 0, 0, 0, 0, 0, 0, 0, 0, 0, 0], [0, 0, 0, 0, 0, 0, 0, 0, 9, 0, 0, 0, 0, 0, 0, 0], [0, 0, 0, 0, 0, 0, 0, 0, 0, 0, 0, 0, 0, 0, 0, 0], [0, 0, 0, 0, 0, 0, 0, 0, 0, 0, 0, 0, 0, 0, 0, 0], [0, 0, 0, 0, 0, 0, 0, 0, 0, 0, 0, 0, 0, 0, 0, 0], [0, 0, 0, 0, 0, 0, 0, 4, 6, 0, 0, 0, 0, 4, 0, 0], [0, 0, 0, 0, 0, 0, 0, 0, 0, 0, 0, 0, 0, 0, 0, 0], [0, 0, 0, 0, 0, 0, 0, 0, 0, 0, 0, 0, 4, 0, 0, 0], [0, 3, 0, 0, 0, 0, 0, 0, 0, 0, 0, 0, 0, 0, 0, 0], [0, 0, 0, 0, 0, 0, 0, 0, 0, 6, 0, 0, 0, 0, 0, 0]], "output": [[0, 0, 0, 0, 0, 0, 0, 0, 9, 0, 0, 0, 0, 0, 0, 0], [0, 0, 0, 0, 0, 0, 0, 9, 9, 9, 0, 0, 0, 0, 0, 0], [0, 0, 0, 0, 0, 0, 0, 0, 9, 0, 0, 0, 0, 0, 0, 0], [0, 0, 0, 0, 0, 0, 0, 0, 0, 0, 0, 0, 0, 0, 0, 0], [0, 0, 0, 0, 0, 0, 0, 4, 6, 0, 0, 0, 0, 4, 0, 0], [0, 0, 0, 0, 0, 0, 4, 6, 4, 6, 0, 0, 4, 4, 4, 0], [0, 0, 0, 0, 0, 0, 0, 4, 6, 0, 0, 0, 4, 4, 0, 0], [0, 3, 0, 0, 0, 0, 0, 0, 0, 0, 0, 4, 4, 4, 0, 0], [3, 3, 3, 0, 0, 0, 0, 0, 0, 6, 0, 0, 4, 0, 0, 0], [0, 3, 0, 0, 0, 0, 0, 0, 6, 6, 6, 0, 0, 0, 0, 0]]}, {"input": [[0, 0, 1, 5, 0, 0], [0, 0, 0, 0, 0, 2], [3, 0, 0, 0, 0, 3], [4, 0, 0, 0, 0, 0], [0, 0, 0, 0, 0, 0], [0, 0, 3, 0, 0, 0], [8, 0, 0, 0, 0, 0], [0, 5, 6, 0, 0, 3], [0, 4, 0, 0, 9, 0]], "output": [[0, 1, 5, 1, 5, 2], [3, 0, 1, 5, 2, 3], [4, 3, 0, 0, 3, 2], [3, 4, 0, 0, 0, 3], [4, 0, 3, 0, 0, 0], [8, 3, 3, 3, 0, 0], [8, 5, 6, 0, 0, 3], [5, 4, 5, 6, 9, 3], [4, 5, 4, 9, 9, 9]]}, {"input": [[0, 0, 0, 0, 0, 0, 0, 0, 0, 0, 0, 0, 0, 0, 0, 0, 0, 0], [0, 0, 0, 0, 0, 0, 0, 0, 0, 0, 0, 0, 0, 0, 0, 0, 0, 0], [0, 0, 0, 7, 0, 0, 0, 0, 0, 0, 0, 0, 0, 0, 0, 0, 0, 0], [0, 0, 0, 0, 0, 0, 0, 0, 0, 0, 0, 0, 0, 0, 0, 0, 0, 0], [0, 0, 0, 0, 0, 0, 0, 7, 0, 0, 0, 0, 0, 0, 0, 0, 0, 0], [0, 0, 0, 0, 0, 0, 0, 0, 0, 0, 0, 0, 0, 0, 0, 0, 0, 0], [0, 0, 0, 0, 0, 0, 0, 0, 0, 0, 0, 0, 0, 0, 0, 0, 0, 0], [0, 0, 0, 0, 0, 0, 0, 0, 0, 0, 0, 0, 0, 0, 0, 0, 0, 0], [0, 0, 0, 0, 0, 0, 0, 0, 0, 0, 0, 0, 0, 0, 0, 0, 0, 3], [0, 0, 0, 0, 0, 0, 0, 0, 0, 0, 0, 0, 0, 0, 0, 0, 0, 0], [0, 0, 0, 0, 0, 0, 6, 0, 0, 0, 0, 0, 0, 0, 0, 6, 0, 0], [0, 0, 0, 0, 0, 0, 0, 0, 0, 0, 0, 0, 0, 0, 0, 0, 0, 0], [0, 0, 0, 0, 0, 0, 0, 0, 0, 0, 0, 0, 0, 0, 0, 0, 0, 0], [0, 0, 0, 0, 0, 0, 0, 0, 0, 0, 0, 0, 0, 0, 0, 0, 0, 0]], "output": [[0, 0, 0, 0, 0, 0, 0, 0, 0, 0, 0, 0, 0, 0, 0, 0, 0, 0], [0, 0, 0, 7, 0, 0, 0, 0, 0, 0, 0, 0, 0, 0, 0, 0, 0, 0], [0, 0, 7, 7, 7, 0, 0, 0, 0, 0, 0, 0, 0, 0, 0, 0, 0, 0], [0, 0, 0, 7, 0, 0, 0, 7, 0, 0, 0, 0, 0, 0, 0, 0, 0, 0], [0, 0, 0, 0, 0, 0, 7, 7, 7, 0, 0, 0, 0, 0, 0, 0, 0, 0], [0, 0, 0, 0, 0, 0, 0, 7, 0, 0, 0, 0, 0, 0, 0, 0, 0, 0], [0, 0, 0, 0, 0, 0, 0, 0, 0, 0, 0, 0, 0, 0, 0, 0, 0, 0], [0, 0, 0, 0, 0, 0, 0, 0, 0, 0, 0, 0, 0, 0, 0, 0, 0, 3], [0, 0, 0, 0, 0, 0, 0, 0, 0, 0, 0, 0, 0, 0, 0, 0, 3, 3], [0, 0, 0, 0, 0, 0, 6, 0, 0, 0, 0, 0, 0, 0, 0, 6, 0, 3], [0, 0, 0, 0, 0, 6, 6, 6, 0, 0, 0, 0, 0, 0, 6, 6, 6, 0], [0, 0, 0, 0, 0, 0, 6, 0, 0, 0, 0, 0, 0, 0, 0, 6, 0, 0], [0, 0, 0, 0, 0, 0, 0, 0, 0, 0, 0, 0, 0, 0, 0, 0, 0, 0], [0, 0, 0, 0, 0, 0, 0, 0, 0, 0, 0, 0, 0, 0, 0, 0, 0, 0]]}, {"input": [[0, 9, 0, 0, 0, 0, 0, 0, 0, 0, 0, 0, 0, 0], [0, 0, 9, 0, 0, 0, 0, 0, 4, 0, 0, 0, 0, 0], [0, 6, 0, 0, 0, 0, 3, 0, 0, 0, 0, 0, 3, 0], [0, 0, 0, 0, 0, 0, 0, 0, 0, 0, 0, 0, 0, 0], [0, 0, 0, 0, 3, 0, 0, 0, 2, 0, 0, 0, 0, 0], [0, 1, 0, 0, 2, 0, 0, 0, 0, 0, 0, 2, 0, 0]], "output": [[9, 9, 9, 0, 0, 0, 0, 0, 4, 0, 0, 0, 0, 0], [0, 6, 9, 9, 0, 0, 3, 4, 4, 4, 0, 0, 3, 0], [6, 6, 6, 0, 0, 3, 3, 3, 4, 0, 0, 3, 3, 3], [0, 6, 0, 0, 3, 0, 3, 0, 2, 0, 0, 0, 3, 0], [0, 1, 0, 3, 2, 3, 0, 2, 2, 2, 0, 2, 0, 0], [1, 1, 1, 2, 3, 2, 0, 0, 2, 0, 2, 2, 2, 0]]}, {"input": [[0, 2, 0, 0, 0, 0, 9, 0, 0, 0, 0, 0, 0, 0, 0], [0, 6, 0, 0, 0, 0, 0, 0, 0, 0, 0, 0, 0, 0, 0], [0, 0, 9, 0, 0, 0, 7, 0, 0, 0, 0, 0, 0, 0, 0], [0, 0, 0, 0, 1, 0, 0, 0, 0, 0, 0, 0, 0, 0, 0], [0, 0, 3, 0, 0, 0, 0, 0, 0, 0, 0, 0, 0, 0, 0]], "output": [[2, 6, 2, 0, 0, 9, 9, 9, 0, 0, 0, 0, 0, 0, 0], [6, 2, 9, 0, 0, 0, 7, 0, 0, 0, 0, 0, 0, 0, 0], [0, 9, 9, 9, 1, 7, 7, 7, 0, 0, 0, 0, 0, 0, 0], [0, 0, 3, 1, 1, 1, 7, 0, 0, 0, 0, 0, 0, 0, 0], [0, 3, 3, 3, 1, 0, 0, 0, 0, 0, 0, 0, 0, 0, 0]]}, {"input": [[0, 0, 0, 0, 0, 0], [0, 0, 0, 0, 0, 0], [0, 0, 0, 0, 0, 0], [0, 0, 0, 6, 0, 0], [0, 9, 0, 8, 0, 0], [9, 0, 0, 0, 0, 0], [0, 0, 0, 0, 0, 0], [0, 0, 6, 0, 0, 0], [0, 0, 0, 0, 0, 0], [0, 0, 0, 0, 0, 0], [0, 0, 0, 0, 0, 0], [0, 0, 7, 0, 0, 0], [1, 3, 0, 0, 0, 0], [0, 0, 0, 0, 0, 0]], "output": [[0, 0, 0, 0, 0, 0], [0, 0, 0, 0, 0, 0], [0, 0, 0, 6, 0, 0], [0, 9, 6, 8, 6, 0], [9, 9, 8, 6, 8, 0], [9, 9, 0, 8, 0, 0], [9, 0, 6, 0, 0, 0], [0, 6, 6, 6, 0, 0], [0, 0, 6, 0, 0, 0], [0, 0, 0, 0, 0, 0], [0, 0, 7, 0, 0, 0], [1, 3, 7, 7, 0, 0], [3, 1, 3, 0, 0, 0], [1, 3, 0, 0, 0, 0]]}, {"input": [[0, 9, 0, 0, 0, 0], [0, 0, 0, 0, 0, 0], [0, 0, 0, 0, 0, 0], [0, 0, 0, 0, 0, 0], [0, 0, 7, 8, 0, 0], [6, 0, 0, 0, 0, 0], [0, 0, 0, 0, 0, 1], [0, 0, 7, 0, 4, 0], [0, 7, 0, 8, 0, 0], [0, 0, 0, 0, 0, 0], [0, 0, 0, 0, 9, 0], [0, 0, 0, 0, 0, 0], [0, 0, 0, 0, 0, 4], [0, 0, 4, 0, 0, 0], [0, 4, 0, 0, 0, 0], [0, 0, 0, 0, 0, 0], [0, 0, 0, 0, 0, 0]], "output": [[9, 9, 9, 0, 0, 0], [0, 9, 0, 0, 0, 0], [0, 0, 0, 0, 0, 0], [0, 0, 7, 8, 0, 0], [6, 7, 8, 7, 8, 0], [6, 6, 7, 8, 0, 1], [6, 0, 7, 0, 4, 1], [0, 7, 7, 8, 4, 4], [7, 7, 8, 8, 8, 0], [0, 7, 0, 8, 9, 0], [0, 0, 0, 9, 9, 9], [0, 0, 0, 0, 9, 4], [0, 0, 4, 0, 4, 4], [0, 4, 4, 4, 0, 4], [4, 4, 4, 0, 0, 0], [0, 4, 0, 0, 0, 0], [0, 0, 0, 0, 0, 0]]}, {"input": [[0, 0, 0, 0, 0, 0, 0, 0, 0, 0, 0, 0, 0, 0, 0, 0, 0], [0, 0, 0, 0, 0, 0, 0, 0, 0, 0, 0, 0, 0, 0, 0, 0, 0], [0, 0, 0, 0, 0, 0, 0, 0, 0, 0, 0, 0, 0, 0, 0, 0, 0], [0, 0, 0, 0, 0, 0, 0, 0, 0, 0, 0, 0, 0, 0, 0, 0, 0], [0, 4, 0, 0, 0, 0, 0, 0, 0, 0, 0, 0, 0, 0, 0, 0, 0], [0, 0, 0, 0, 0, 0, 0, 0, 0, 0, 0, 0, 0, 0, 0, 0, 0], [0, 0, 0, 0, 0, 0, 0, 0, 7, 0, 0, 0, 0, 0, 0, 0, 0], [0, 0, 0, 0, 0, 0, 0, 0, 0, 0, 0, 0, 0, 0, 0, 0, 0], [0, 0, 0, 0, 0, 0, 0, 0, 0, 0, 0, 0, 0, 0, 0, 0, 2], [0, 0, 0, 0, 0, 0, 0, 0, 0, 0, 0, 0, 0, 0, 0, 0, 0], [0, 5, 0, 0, 0, 0, 0, 0, 0, 0, 0, 0, 0, 0, 0, 0, 0], [0, 4, 0, 0, 0, 2, 0, 0, 0, 0, 0, 0, 0, 0, 0, 0, 0]], "output": [[0, 0, 0, 0, 0, 0, 0, 0, 0, 0, 0, 0, 0, 0, 0, 0, 0], [0, 0, 0, 0, 0, 0, 0, 0, 0, 0, 0, 0, 0, 0, 0, 0, 0], [0, 0, 0, 0, 0, 0, 0, 0, 0, 0, 0, 0, 0, 0, 0, 0, 0], [0, 4, 0, 0, 0, 0, 0, 0, 0, 0, 0, 0, 0, 0, 0, 0, 0], [4, 4, 4, 0, 0, 0, 0, 0, 0, 0, 0, 0, 0, 0, 0, 0, 0], [0, 4, 0, 0, 0, 0, 0, 0, 7, 0, 0, 0, 0, 0, 0, 0, 0], [0, 0, 0, 0, 0, 0, 0, 7, 7, 7, 0, 0, 0, 0, 0, 0, 0], [0, 0, 0, 0, 0, 0, 0, 0, 7, 0, 0, 0, 0, 0, 0, 0, 2], [0, 0, 0, 0, 0, 0, 0, 0, 0, 0, 0, 0, 0, 0, 0, 2, 2], [0, 5, 0, 0, 0, 0, 0, 0, 0, 0, 0, 0, 0, 0, 0, 0, 2], [5, 4, 5, 0, 0, 2, 0, 0, 0, 0, 0, 0, 0, 0, 0, 0, 0], [4, 5, 4, 0, 2, 2, 2, 0, 0, 0, 0, 0, 0, 0, 0, 0, 0]]}, {"input": [[0, 0, 0, 0, 8, 0, 0], [0, 0, 5, 0, 3, 0, 0], [0, 7, 0, 2, 0, 0, 0], [6, 0, 0, 0, 8, 9, 0], [6, 0, 0, 0, 1, 6, 0]], "output": [[0, 0, 5, 8, 3, 8, 0], [0, 7, 5, 2, 8, 3, 0], [6, 7, 2, 2, 8, 9, 0], [6, 6, 0, 8, 1, 6, 9], [6, 6, 0, 1, 6, 1, 6]]}, {"input": [[5, 0, 0, 0, 0], [0, 0, 3, 0, 0], [0, 0, 0, 0, 0], [7, 0, 0, 0, 0], [2, 2, 0, 0, 0], [0, 1, 0, 0, 0], [0, 0, 0, 0, 0], [0, 0, 0, 0, 0], [1, 0, 0, 0, 0], [0, 0, 7, 0, 0], [4, 0, 0, 0, 0], [0, 0, 0, 0, 4], [0, 0, 0, 0, 0], [0, 0, 0, 0, 0]], "output": [[5, 5, 3, 0, 0], [5, 3, 3, 3, 0], [7, 0, 3, 0, 0], [2, 2, 0, 0, 0], [2, 1, 2, 0, 0], [1, 2, 1, 0, 0], [0, 1, 0, 0, 0], [1, 0, 0, 0, 0], [1, 1, 7, 0, 0], [4, 7, 7, 7, 0], [4, 4, 7, 0, 4], [4, 0, 0, 4, 4], [0, 0, 0, 0, 4], [0, 0, 0, 0, 0]]}, {"input": [[0, 0, 0, 0, 0, 0, 0, 0, 0, 0, 0, 0], [0, 0, 0, 0, 0, 5, 0, 0, 0, 0, 0, 0], [0, 0, 0, 0, 0, 0, 0, 0, 0, 6, 0, 0], [0, 0, 0, 0, 0, 7, 0, 0, 0, 9, 0, 0], [0, 0, 0, 0, 0, 0, 0, 0, 0, 0, 0, 0], [0, 0, 0, 0, 0, 0, 0, 0, 0, 0, 0, 0], [0, 0, 0, 0, 0, 0, 0, 2, 0, 0, 0, 0], [0, 0, 0, 0, 0, 0, 0, 0, 0, 0, 0, 0], [0, 0, 0, 0, 0, 0, 2, 0, 9, 0, 0, 0], [0, 0, 0, 0, 0, 0, 0, 0, 0, 0, 0, 0], [0, 0, 0, 0, 0, 0, 0, 9, 0, 0, 0, 0], [0, 0, 0, 0, 0, 0, 1, 0, 0, 0, 0, 0], [0, 6, 0, 0, 0, 0, 0, 0, 0, 0, 0, 0], [0, 0, 0, 0, 0, 0, 0, 0, 0, 0, 0, 0], [0, 0, 0, 0, 0, 0, 0, 0, 0, 0, 0, 0], [0, 0, 0, 0, 0, 0, 0, 0, 0, 0, 0, 0], [0, 0, 0, 0, 0, 0, 0, 0, 0, 0, 0, 0], [0, 0, 0, 0, 0, 0, 0, 0, 0, 0, 0, 0]], "output": [[0, 0, 0, 0, 0, 5, 0, 0, 0, 0, 0, 0], [0, 0, 0, 0, 5, 5, 5, 0, 0, 6, 0, 0], [0, 0, 0, 0, 0, 7, 0, 0, 6, 9, 6, 0], [0, 0, 0, 0, 7, 7, 7, 0, 9, 6, 9, 0], [0, 0, 0, 0, 0, 7, 0, 0, 0, 9, 0, 0], [0, 0, 0, 0, 0, 0, 0, 2, 0, 0, 0, 0], [0, 0, 0, 0, 0, 0, 2, 2, 2, 0, 0, 0], [0, 0, 0, 0, 0, 0, 2, 2, 9, 0, 0, 0], [0, 0, 0, 0, 0, 2, 2, 9, 9, 9, 0, 0], [0, 0, 0, 0, 0, 0, 2, 9, 9, 0, 0, 0], [0, 0, 0, 0, 0, 0, 1, 9, 9, 0, 0, 0], [0, 6, 0, 0, 0, 1, 1, 1, 0, 0, 0, 0], [6, 6, 6, 0, 0, 0, 1, 0, 0, 0, 0, 0], [0, 6, 0, 0, 0, 0, 0, 0, 0, 0, 0, 0], [0, 0, 0, 0, 0, 0, 0, 0, 0, 0, 0, 0], [0, 0, 0, 0, 0, 0, 0, 0, 0, 0, 0, 0], [0, 0, 0, 0, 0, 0, 0, 0, 0, 0, 0, 0], [0, 0, 0, 0, 0, 0, 0, 0, 0, 0, 0, 0]]}, {"input": [[0, 0, 0, 0, 0, 0, 0], [0, 0, 0, 0, 0, 0, 0], [0, 0, 0, 0, 0, 0, 0], [0, 0, 0, 0, 0, 0, 0], [0, 0, 5, 0, 0, 0, 0], [0, 0, 9, 0, 0, 0, 0], [0, 0, 0, 0, 0, 0, 0], [0, 0, 0, 0, 0, 0, 0], [0, 0, 0, 0, 6, 0, 0], [0, 0, 0, 0, 0, 6, 0], [0, 0, 0, 0, 0, 0, 0], [0, 0, 0, 5, 0, 0, 0], [0, 0, 5, 0, 7, 0, 3], [0, 0, 0, 0, 0, 0, 0], [0, 0, 5, 0, 0, 0, 9]], "output": [[0, 0, 0, 0, 0, 0, 0], [0, 0, 0, 0, 0, 0, 0], [0, 0, 0, 0, 0, 0, 0], [0, 0, 5, 0, 0, 0, 0], [0, 5, 9, 5, 0, 0, 0], [0, 9, 5, 9, 0, 0, 0], [0, 0, 9, 0, 0, 0, 0], [0, 0, 0, 0, 6, 0, 0], [0, 0, 0, 6, 6, 6, 0], [0, 0, 0, 0, 6, 6, 6], [0, 0, 0, 5, 0, 6, 0], [0, 0, 5, 5, 7, 0, 3], [0, 5, 5, 7, 7, 3, 3], [0, 0, 5, 0, 7, 0, 9], [0, 5, 5, 5, 0, 9, 9]]}, {"input": [[0, 0, 0, 7, 0, 0, 0, 0, 0, 0, 0, 0, 0, 0, 0, 0, 0, 0], [0, 0, 0, 0, 0, 0, 0, 0, 0, 0, 0, 0, 0, 3, 0, 0, 0, 0], [0, 0, 0, 0, 0, 0, 0, 0, 0, 0, 0, 2, 0, 0, 0, 0, 0, 0], [0, 0, 0, 0, 0, 0, 0, 0, 0, 0, 2, 0, 0, 0, 0, 0, 0, 0], [0, 0, 0, 0, 0, 0, 0, 0, 0, 0, 0, 0, 0, 0, 0, 0, 0, 0], [0, 0, 0, 0, 0, 0, 0, 0, 7, 0, 5, 0, 0, 0, 0, 0, 0, 0], [0, 0, 0, 0, 0, 0, 0, 0, 0, 0, 0, 0, 0, 0, 0, 0, 0, 0], [0, 9, 0, 0, 0, 0, 0, 0, 0, 0, 0, 0, 0, 0, 7, 0, 0, 0], [0, 0, 0, 0, 0, 0, 0, 0, 0, 0, 0, 0, 0, 0, 0, 0, 0, 0], [0, 0, 0, 0, 0, 0, 0, 0, 0, 7, 0, 0, 0, 0, 0, 0, 0, 0], [0, 0, 0, 0, 0, 0, 0, 4, 0, 0, 0, 0, 0, 0, 0, 0, 0, 0]], "output": [[0, 0, 7, 7, 7, 0, 0, 0, 0, 0, 0, 0, 0, 3, 0, 0, 0, 0], [0, 0, 0, 7, 0, 0, 0, 0, 0, 0, 0, 2, 3, 3, 3, 0, 0, 0], [0, 0, 0, 0, 0, 0, 0, 0, 0, 0, 2, 2, 2, 3, 0, 0, 0, 0], [0, 0, 0, 0, 0, 0, 0, 0, 0, 2, 2, 2, 0, 0, 0, 0, 0, 0], [0, 0, 0, 0, 0, 0, 0, 0, 7, 0, 5, 0, 0, 0, 0, 0, 0, 0], [0, 0, 0, 0, 0, 0, 0, 7, 7, 5, 5, 5, 0, 0, 0, 0, 0, 0], [0, 9, 0, 0, 0, 0, 0, 0, 7, 0, 5, 0, 0, 0, 7, 0, 0, 0], [9, 9, 9, 0, 0, 0, 0, 0, 0, 0, 0, 0, 0, 7, 7, 7, 0, 0], [0, 9, 0, 0, 0, 0, 0, 0, 0, 7, 0, 0, 0, 0, 7, 0, 0, 0], [0, 0, 0, 0, 0, 0, 0, 4, 7, 7, 7, 0, 0, 0, 0, 0, 0, 0], [0, 0, 0, 0, 0, 0, 4, 4, 4, 7, 0, 0, 0, 0, 0, 0, 0, 0]]}, {"input": [[0, 0, 0, 0, 0, 0, 0, 0, 0, 0, 0, 0, 0, 0, 0, 0], [0, 0, 0, 0, 0, 0, 0, 0, 6, 0, 0, 0, 0, 0, 0, 0], [0, 0, 0, 0, 0, 0, 0, 0, 0, 0, 0, 0, 0, 0, 0, 0], [0, 0, 0, 0, 0, 0, 0, 0, 2, 0, 0, 0, 0, 0, 0, 0], [0, 0, 0, 0, 0, 0, 0, 0, 0, 4, 7, 0, 0, 0, 0, 0], [0, 0, 0, 0, 0, 0, 0, 0, 0, 0, 0, 0, 0, 0, 0, 0], [0, 0, 0, 2, 0, 0, 0, 0, 0, 0, 0, 0, 0, 0, 0, 0], [0, 0, 0, 0, 0, 0, 0, 0, 0, 0, 0, 0, 0, 0, 0, 0], [0, 0, 0, 0, 0, 0, 0, 3, 0, 0, 0, 0, 0, 0, 0, 0], [0, 0, 0, 0, 0, 0, 0, 0, 0, 0, 0, 0, 0, 0, 0, 0], [0, 0, 0, 0, 9, 0, 0, 0, 0, 0, 0, 0, 0, 0, 0, 0], [8, 0, 0, 0, 0, 0, 0, 0, 0, 0, 0, 0, 0, 0, 0, 0], [0, 0, 0, 0, 0, 0, 0, 0, 0, 0, 0, 0, 0, 0, 0, 0], [9, 0, 0, 0, 0, 0, 0, 0, 0, 0, 0, 1, 0, 0, 0, 0], [0, 0, 0, 0, 0, 0, 0, 0, 0, 0, 0, 0, 0, 0, 0, 0], [0, 0, 0, 0, 0, 0, 0, 0, 0, 0, 0, 0, 0, 0, 0, 0], [0, 0, 0, 0, 0, 0, 0, 0, 0, 0, 0, 0, 0, 0, 0, 0], [0, 0, 0, 0, 0, 0, 0, 0, 0, 0, 0, 0, 2, 0, 0, 0], [0, 0, 0, 0, 0, 0, 0, 0, 0, 0, 0, 0, 0, 0, 0, 0]], "output": [[0, 0, 0, 0, 0, 0, 0, 0, 6, 0, 0, 0, 0, 0, 0, 0], [0, 0, 0, 0, 0, 0, 0, 6, 6, 6, 0, 0, 0, 0, 0, 0], [0, 0, 0, 0, 0, 0, 0, 0, 2, 0, 0, 0, 0, 0, 0, 0], [0, 0, 0, 0, 0, 0, 0, 2, 2, 4, 7, 0, 0, 0, 0, 0], [0, 0, 0, 0, 0, 0, 0, 0, 4, 7, 4, 7, 0, 0, 0, 0], [0, 0, 0, 2, 0, 0, 0, 0, 0, 4, 7, 0, 0, 0, 0, 0], [0, 0, 2, 2, 2, 0, 0, 0, 0, 0, 0, 0, 0, 0, 0, 0], [0, 0, 0, 2, 0, 0, 0, 3, 0, 0, 0, 0, 0, 0, 0, 0], [0, 0, 0, 0, 0, 0, 3, 3, 3, 0, 0, 0, 0, 0, 0, 0], [0, 0, 0, 0, 9, 0, 0, 3, 0, 0, 0, 0, 0, 0, 0, 0], [8, 0, 0, 9, 9, 9, 0, 0, 0, 0, 0, 0, 0, 0, 0, 0], [8, 8, 0, 0, 9, 0, 0, 0, 0, 0, 0, 0, 0, 0, 0, 0], [9, 0, 0, 0, 0, 0, 0, 0, 0, 0, 0, 1, 0, 0, 0, 0], [9, 9, 0, 0, 0, 0, 0, 0, 0, 0, 1, 1, 1, 0, 0, 0], [9, 0, 0, 0, 0, 0, 0, 0, 0, 0, 0, 1, 0, 0, 0, 0], [0, 0, 0, 0, 0, 0, 0, 0, 0, 0, 0, 0, 0, 0, 0, 0], [0, 0, 0, 0, 0, 0, 0, 0, 0, 0, 0, 0, 2, 0, 0, 0], [0, 0, 0, 0, 0, 0, 0, 0, 0, 0, 0, 2, 2, 2, 0, 0], [0, 0, 0, 0, 0, 0, 0, 0, 0, 0, 0, 0, 2, 0, 0, 0]]}, {"input": [[0, 0, 0, 0, 0, 7, 0], [1, 0, 0, 0, 0, 0, 0], [0, 0, 0, 0, 1, 0, 0], [0, 0, 0, 0, 0, 2, 0], [0, 0, 0, 8, 0, 0, 0], [0, 0, 0, 0, 0, 2, 0], [0, 0, 0, 0, 0, 0, 5]], "output": [[1, 0, 0, 0, 7, 7, 7], [1, 1, 0, 0, 1, 7, 0], [1, 0, 0, 1, 1, 2, 0], [0, 0, 0, 8, 2, 2, 2], [0, 0, 8, 8, 8, 2, 0], [0, 0, 0, 8, 2, 2, 5], [0, 0, 0, 0, 0, 5, 5]]}, {"input": [[0, 2, 8, 0, 0, 0, 0, 8], [4, 0, 0, 0, 0, 0, 0, 0], [0, 0, 0, 0, 0, 0, 0, 0], [0, 9, 6, 0, 0, 0, 0, 0], [0, 0, 0, 0, 0, 0, 0, 0], [0, 0, 7, 0, 1, 0, 0, 0], [0, 0, 0, 0, 0, 0, 0, 0], [0, 0, 0, 0, 0, 0, 9, 0], [0, 0, 0, 0, 0, 0, 0, 4], [2, 0, 0, 0, 0, 0, 0, 0]], "output": [[4, 8, 2, 8, 0, 0, 8, 8], [4, 4, 8, 0, 0, 0, 0, 8], [4, 9, 6, 0, 0, 0, 0, 0], [9, 6, 9, 6, 0, 0, 0, 0], [0, 9, 7, 0, 1, 0, 0, 0], [0, 7, 7, 1, 1, 1, 0, 0], [0, 0, 7, 0, 1, 0, 9, 0], [0, 0, 0, 0, 0, 9, 9, 4], [2, 0, 0, 0, 0, 0, 4, 4], [2, 2, 0, 0, 0, 0, 0, 4]]}, {"input": [[0, 0, 0, 0, 0, 0, 0, 0, 0], [0, 1, 0, 0, 0, 0, 0, 0, 0], [0, 8, 0, 0, 0, 0, 0, 0, 9], [0, 0, 0, 0, 0, 0, 0, 0, 0], [0, 0, 0, 0, 0, 0, 0, 7, 0], [0, 0, 0, 0, 0, 0, 0, 0, 0], [0, 0, 0, 0, 0, 0, 0, 0, 0], [0, 0, 0, 0, 0, 0, 0, 0, 0], [0, 0, 0, 0, 0, 0, 0, 0, 0], [0, 0, 0, 0, 0, 0, 9, 0, 0], [0, 0, 0, 0, 0, 0, 0, 0, 0], [0, 0, 0, 0, 0, 0, 0, 0, 0], [0, 0, 0, 4, 3, 0, 0, 0, 0], [0, 0, 0, 6, 0, 0, 0, 0, 0], [0, 2, 0, 0, 0, 0, 0, 0, 0], [0, 0, 0, 0, 1, 0, 0, 0, 0], [0, 0, 0, 0, 0, 0, 0, 0, 0]], "output": [[0, 1, 0, 0, 0, 0, 0, 0, 0], [1, 8, 1, 0, 0, 0, 0, 0, 9], [8, 1, 8, 0, 0, 0, 0, 9, 9], [0, 8, 0, 0, 0, 0, 0, 7, 9], [0, 0, 0, 0, 0, 0, 7, 7, 7], [0, 0, 0, 0, 0, 0, 0, 7, 0], [0, 0, 0, 0, 0, 0, 0, 0, 0], [0, 0, 0, 0, 0, 0, 0, 0, 0], [0, 0, 0, 0, 0, 0, 9, 0, 0], [0, 0, 0, 0, 0, 9, 9, 9, 0], [0, 0, 0, 0, 0, 0, 9, 0, 0], [0, 0, 0, 4, 3, 0, 0, 0, 0], [0, 0, 4, 6, 4, 3, 0, 0, 0], [0, 2, 6, 4, 6, 0, 0, 0, 0], [2, 2, 2, 6, 1, 0, 0, 0, 0], [0, 2, 0, 1, 1, 1, 0, 0, 0], [0, 0, 0, 0, 1, 0, 0, 0, 0]]}, {"input": [[0, 0, 0, 0, 0], [0, 7, 0, 0, 3], [0, 8, 0, 7, 0], [7, 0, 0, 0, 0], [0, 1, 0, 0, 0], [5, 0, 0, 0, 0]], "output": [[0, 7, 0, 0, 3], [7, 8, 7, 7, 3], [7, 7, 7, 7, 7], [7, 1, 0, 7, 0], [5, 1, 1, 0, 0], [5, 5, 0, 0, 0]]}, {"input": [[0, 0, 0, 0, 0, 0, 0, 1, 3, 0, 0, 0, 0, 0, 0, 0], [0, 0, 0, 0, 0, 7, 0, 0, 0, 5, 0, 0, 0, 0, 0, 0], [0, 4, 0, 0, 0, 0, 0, 0, 0, 0, 0, 0, 0, 0, 0, 0], [0, 0, 0, 0, 0, 1, 0, 0, 0, 0, 0, 0, 0, 0, 1, 0], [0, 0, 0, 0, 0, 0, 0, 0, 0, 0, 0, 0, 5, 0, 9, 0], [7, 0, 0, 0, 0, 0, 9, 0, 0, 0, 3, 0, 0, 0, 0, 0], [5, 0, 0, 0, 0, 0, 0, 0, 0, 0, 0, 0, 0, 0, 0, 0]], "output": [[0, 0, 0, 0, 0, 7, 1, 3, 1, 5, 0, 0, 0, 0, 0, 0], [0, 4, 0, 0, 7, 7, 7, 1, 5, 5, 5, 0, 0, 0, 0, 0], [4, 4, 4, 0, 0, 1, 0, 0, 0, 5, 0, 0, 0, 0, 1, 0], [0, 4, 0, 0, 1, 1, 1, 0, 0, 0, 0, 0, 5, 1, 9, 1], [7, 0, 0, 0, 0, 1, 9, 0, 0, 0, 3, 5, 5, 9, 1, 9], [5, 7, 0, 0, 0, 9, 9, 9, 0, 3, 3, 3, 5, 0, 9, 0], [7, 5, 0, 0, 0, 0, 9, 0, 0, 0, 3, 0, 0, 0, 0, 0]]}], "test": [{"input": [[0, 0, 0, 0, 0, 0, 0, 0, 0, 0, 1, 0, 0, 0, 0], [0, 0, 0, 0, 0, 5, 0, 0, 0, 0, 0, 0, 0, 0, 0], [0, 0, 0, 0, 0, 0, 1, 0, 0, 0, 0, 0, 0, 0, 0], [0, 0, 0, 0, 0, 0, 0, 0, 0, 0, 0, 0, 0, 0, 1], [0, 0, 0, 0, 0, 0, 2, 0, 0, 0, 0, 0, 8, 0, 0], [0, 0, 0, 0, 3, 0, 0, 0, 0, 0, 0, 0, 0, 0, 0], [0, 0, 0, 0, 0, 0, 0, 0, 0, 0, 0, 0, 0, 0, 0], [0, 0, 0, 0, 0, 0, 0, 0, 4, 0, 0, 0, 0, 0, 0], [0, 0, 0, 0, 0, 0, 0, 0, 0, 0, 0, 0, 0, 0, 0], [3, 0, 0, 0, 0, 0, 0, 0, 0, 0, 0, 0, 0, 0, 6]], "output": [[0, 0, 0, 0, 0, 5, 0, 0, 0, 1, 1, 1, 0, 0, 0], [0, 0, 0, 0, 5, 5, 1, 0, 0, 0, 1, 0, 0, 0, 0], [0, 0, 0, 0, 0, 1, 1, 1, 0, 0, 0, 0, 0, 0, 1], [0, 0, 0, 0, 0, 0, 2, 0, 0, 0, 0, 0, 8, 1, 1], [0, 0, 0, 0, 3, 2, 2, 2, 0, 0, 0, 8, 8, 8, 1], [0, 0, 0, 3, 3, 3, 2, 0, 0, 0, 0, 0, 8, 0, 0], [0, 0, 0, 0, 3, 0, 0, 0, 4, 0, 0, 0, 0, 0, 0], [0, 0, 0, 0, 0, 0, 0, 4, 4, 4, 0, 0, 0, 0, 0], [3, 0, 0, 0, 0, 0, 0, 0, 4, 0, 0, 0, 0, 0, 6], [3, 3, 0, 0, 0, 0, 0, 0, 0, 0, 0, 0, 0, 6, 6]]}, {"input": [[0, 5, 0, 0, 0, 0, 0, 0, 0, 0, 0, 0, 0, 0, 0], [0, 0, 0, 0, 0, 0, 0, 0, 0, 0, 0, 0, 0, 0, 0], [0, 0, 0, 0, 0, 0, 0, 0, 0, 0, 0, 0, 6, 0, 0], [0, 0, 0, 0, 0, 0, 0, 0, 7, 0, 0, 0, 0, 0, 0], [0, 0, 0, 0, 0, 0, 0, 0, 0, 0, 0, 0, 0, 0, 0], [0, 0, 0, 0, 0, 0, 0, 0, 0, 0, 0, 0, 0, 0, 0], [0, 0, 0, 0, 0, 0, 0, 0, 0, 0, 0, 0, 0, 0, 0], [0, 0, 0, 0, 0, 0, 0, 0, 0, 0, 0, 0, 9, 0, 0], [0, 0, 0, 0, 0, 0, 0, 0, 0, 0, 0, 0, 0, 0, 0], [0, 0, 0, 0, 0, 0, 0, 0, 0, 0, 0, 6, 0, 0, 0], [0, 0, 0, 0, 0, 0, 0, 0, 0, 0, 0, 0, 0, 9, 0], [0, 0, 0, 0, 0, 0, 0, 0, 0, 0, 0, 0, 0, 0, 0], [0, 0, 0, 5, 0, 0, 0, 0, 0, 0, 0, 0, 0, 0, 2], [0, 0, 0, 0, 0, 0, 0, 0, 0, 0, 0, 0, 0, 0, 0], [0, 0, 0, 0, 0, 0, 0, 0, 0, 0, 0, 0, 0, 0, 0]], "output": [[5, 5, 5, 0, 0, 0, 0, 0, 0, 0, 0, 0, 0, 0, 0], [0, 5, 0, 0, 0, 0, 0, 0, 0, 0, 0, 0, 6, 0, 0], [0, 0, 0, 0, 0, 0, 0, 0, 7, 0, 0, 6, 6, 6, 0], [0, 0, 0, 0, 0, 0, 0, 7, 7, 7, 0, 0, 6, 0, 0], [0, 0, 0, 0, 0, 0, 0, 0, 7, 0, 0, 0, 0, 0, 0], [0, 0, 0, 0, 0, 0, 0, 0, 0, 0, 0, 0, 0, 0, 0], [0, 0, 0, 0, 0, 0, 0, 0, 0, 0, 0, 0, 9, 0, 0], [0, 0, 0, 0, 0, 0, 0, 0, 0, 0, 0, 9, 9, 9, 0], [0, 0, 0, 0, 0, 0, 0, 0, 0, 0, 0, 6, 9, 0, 0], [0, 0, 0, 0, 0, 0, 0, 0, 0, 0, 6, 6, 6, 9, 0], [0, 0, 0, 0, 0, 0, 0, 0, 0, 0, 0, 6, 9, 9, 9], [0, 0, 0, 5, 0, 0, 0, 0, 0, 0, 0, 0, 0, 9, 2], [0, 0, 5, 5, 5, 0, 0, 0, 0, 0, 0, 0, 0, 2, 2], [0, 0, 0, 5, 0, 0, 0, 0, 0, 0, 0, 0, 0, 0, 2], [0, 0, 0, 0, 0, 0, 0, 0, 0, 0, 0, 0, 0, 0, 0]]}, {"input": [[0, 0, 0, 0, 0, 0, 0, 0, 0, 0], [4, 0, 0, 0, 0, 0, 0, 0, 0, 0], [0, 0, 0, 0, 0, 0, 0, 0, 0, 0], [0, 0, 0, 0, 0, 0, 0, 0, 0, 0], [0, 0, 0, 0, 0, 0, 0, 0, 0, 0], [0, 0, 0, 8, 0, 0, 0, 0, 0, 0], [0, 0, 0, 0, 0, 0, 0, 0, 0, 0], [0, 4, 0, 0, 1, 0, 0, 0, 0, 0], [0, 0, 0, 0, 0, 0, 0, 0, 0, 0], [0, 0, 0, 0, 0, 0, 0, 0, 0, 5], [0, 0, 0, 2, 0, 0, 0, 0, 8, 0], [0, 0, 0, 0, 0, 0, 0, 0, 0, 0], [0, 0, 0, 0, 0, 0, 0, 0, 0, 0], [0, 0, 9, 0, 0, 0, 0, 0, 0, 0], [0, 0, 0, 0, 0, 0, 6, 0, 0, 0], [0, 0, 0, 0, 5, 0, 0, 0, 0, 0]], "output": [[4, 0, 0, 0, 0, 0, 0, 0, 0, 0], [4, 4, 0, 0, 0, 0, 0, 0, 0, 0], [4, 0, 0, 0, 0, 0, 0, 0, 0, 0], [0, 0, 0, 0, 0, 0, 0, 0, 0, 0], [0, 0, 0, 8, 0, 0, 0, 0, 0, 0], [0, 0, 8, 8, 8, 0, 0, 0, 0, 0], [0, 4, 0, 8, 1, 0, 0, 0, 0, 0], [4, 4, 4, 1, 1, 1, 0, 0, 0, 0], [0, 4, 0, 0, 1, 0, 0, 0, 0, 5], [0, 0, 0, 2, 0, 0, 0, 0, 8, 5], [0, 0, 2, 2, 2, 0, 0, 8, 8, 8], [0, 0, 0, 2, 0, 0, 0, 0, 8, 0], [0, 0, 9, 0, 0, 0, 0, 0, 0, 0], [0, 9, 9, 9, 0, 0, 6, 0, 0, 0], [0, 0, 9, 0, 5, 6, 6, 6, 0, 0], [0, 0, 0, 5, 5, 5, 6, 0, 0, 0]]}]}