{"train": [{"input": [[0, 0, 0, 0, 0, 0, 0, 0, 0, 0, 0, 0], [0, 0, 0, 0, 0, 0, 0, 0, 0, 0, 0, 0], [0, 0, 5, 5, 0, 0, 0, 0, 0, 0, 0, 0], [0, 0, 5, 5, 0, 0, 7, 7, 0, 0, 0, 0], [0, 0, 5, 5, 0, 1, 1, 1, 1, 0, 0, 0], [0, 0, 5, 5, 8, 1, 1, 1, 1, 0, 0, 0], [0, 0, 8, 8, 8, 8, 7, 7, 0, 0, 0, 0], [0, 0, 0, 0, 0, 0, 0, 0, 0, 0, 0, 0]], "output": [[5, 5, 0, 0, 0, 0, 0]]}, {"input": [[0, 0, 0, 0, 5, 5, 0, 0, 0, 0], [0, 8, 8, 0, 5, 5, 0, 0, 0, 0], [0, 8, 8, 0, 0, 0, 0, 0, 0, 0], [0, 8, 8, 0, 0, 0, 0, 0, 0, 0], [6, 6, 6, 6, 0, 0, 7, 7, 7, 0], [6, 6, 6, 6, 0, 0, 7, 7, 7, 0], [0, 0, 0, 0, 0, 0, 0, 0, 0, 0]], "output": [[0, 8, 7, 7], [0, 5, 7, 7], [0, 5, 5, 0]]}, {"input": [[0, 0, 0, 0, 0, 1, 1, 1, 1, 0, 0], [0, 0, 0, 0, 0, 1, 1, 1, 1, 0, 0], [0, 0, 0, 0, 0, 1, 1, 1, 1, 0, 0], [0, 0, 0, 0, 0, 0, 0, 6, 6, 0, 0], [0, 0, 0, 0, 0, 0, 0, 6, 6, 0, 0], [0, 0, 0, 0, 0, 0, 0, 6, 6, 0, 0], [0, 0, 0, 0, 0, 0, 0, 0, 0, 0, 0]], "output": [[1, 1, 1, 1]]}, {"input": [[0, 0, 0, 0, 0, 4, 4, 0, 0], [0, 0, 0, 0, 0, 4, 4, 0, 0], [0, 0, 0, 0, 0, 4, 4, 0, 0], [0, 0, 0, 0, 0, 4, 4, 0, 0], [0, 0, 0, 0, 0, 9, 9, 9, 0], [0, 0, 0, 0, 0, 9, 1, 1, 0], [0, 0, 0, 0, 0, 0, 1, 1, 0], [0, 0, 0, 0, 0, 0, 0, 0, 0], [0, 0, 0, 0, 0, 0, 0, 0, 0]], "output": [[4, 4, 0]]}, {"input": [[0, 0, 0, 0, 0, 0, 0, 0, 0], [0, 0, 0, 0, 0, 0, 0, 0, 0], [0, 0, 0, 0, 0, 3, 3, 0, 0], [0, 0, 0, 0, 0, 3, 3, 0, 0], [0, 0, 9, 9, 9, 0, 0, 0, 0], [0, 6, 9, 9, 9, 2, 2, 0, 0], [0, 6, 9, 9, 9, 2, 2, 0, 0], [0, 6, 6, 6, 2, 2, 2, 0, 0], [0, 0, 0, 0, 0, 0, 0, 0, 0], [0, 0, 0, 0, 0, 0, 0, 0, 0], [0, 0, 0, 0, 0, 0, 0, 0, 0], [0, 0, 0, 0, 0, 0, 0, 0, 0]], "output": [[0, 9, 9, 9, 0, 0], [6, 9, 9, 9, 2, 2]]}, {"input": [[0, 0, 0, 0, 0, 0, 0, 0, 0, 0], [0, 0, 0, 0, 0, 0, 0, 0, 0, 0], [0, 0, 0, 0, 0, 0, 0, 0, 0, 0], [0, 0, 0, 0, 0, 0, 0, 0, 0, 0], [0, 0, 0, 0, 0, 0, 0, 0, 0, 0], [0, 0, 0, 0, 0, 0, 0, 0, 0, 0], [0, 0, 0, 0, 0, 0, 0, 0, 0, 0], [0, 0, 0, 0, 0, 0, 0, 0, 0, 0], [0, 0, 0, 0, 0, 0, 0, 0, 0, 0], [0, 0, 0, 0, 0, 0, 0, 0, 0, 0], [0, 0, 0, 0, 7, 7, 7, 7, 0, 0], [3, 3, 3, 0, 7, 7, 7, 7, 0, 0], [3, 3, 3, 0, 7, 7, 7, 7, 0, 0], [0, 0, 0, 0, 0, 0, 0, 0, 0, 0]], "output": [[3, 7, 7, 7], [3, 7, 7, 7]]}, {"input": [[0, 0, 0, 0, 0, 0, 0, 0, 0, 0, 0], [0, 0, 0, 5, 5, 5, 5, 0, 0, 0, 0], [0, 0, 0, 5, 5, 5, 5, 0, 0, 0, 0], [0, 0, 0, 0, 4, 4, 4, 0, 0, 0, 0], [0, 0, 0, 0, 4, 4, 4, 0, 0, 0, 0], [0, 0, 0, 0, 0, 0, 0, 0, 0, 0, 0]], "output": [[5, 5, 5, 5]]}, {"input": [[0, 0, 0, 9, 9, 0, 0, 0, 0, 0, 0, 0, 0], [0, 0, 0, 9, 9, 0, 0, 0, 0, 7, 7, 7, 0], [0, 0, 0, 0, 3, 3, 0, 0, 0, 7, 7, 7, 0], [0, 0, 0, 0, 3, 3, 0, 0, 0, 7, 7, 7, 0], [0, 0, 0, 0, 3, 3, 0, 0, 1, 1, 1, 1, 0], [0, 0, 0, 0, 3, 3, 0, 0, 1, 1, 1, 1, 0], [0, 0, 0, 0, 0, 0, 0, 0, 0, 0, 0, 0, 0], [0, 0, 0, 0, 0, 0, 0, 0, 0, 0, 0, 0, 0], [0, 2, 2, 2, 2, 0, 0, 0, 0, 0, 0, 0, 0], [0, 2, 2, 2, 2, 0, 0, 0, 0, 0, 0, 0, 0], [0, 2, 2, 2, 2, 0, 0, 0, 0, 0, 0, 0, 0], [0, 2, 2, 2, 2, 0, 0, 0, 0, 0, 0, 0, 0], [0, 0, 0, 0, 0, 0, 0, 0, 0, 0, 0, 0, 0]], "output": [[2, 9, 9, 7], [2, 9, 9, 7], [2, 2, 3, 7]]}, {"input": [[0, 7, 7, 7, 7, 0, 0], [0, 7, 7, 7, 7, 0, 0], [0, 0, 0, 0, 0, 0, 0], [0, 0, 0, 8, 8, 8, 0], [0, 9, 9, 8, 8, 8, 0], [0, 9, 9, 8, 8, 8, 0], [0, 9, 9, 0, 0, 0, 0], [0, 0, 0, 0, 0, 0, 0], [0, 0, 0, 0, 0, 0, 0], [0, 0, 0, 0, 0, 0, 0]], "output": [[7, 7, 7, 8, 8], [7, 9, 9, 8, 8]]}, {"input": [[0, 0, 0, 0, 0, 0], [4, 4, 4, 0, 0, 0], [4, 4, 4, 1, 0, 0], [4, 4, 4, 1, 0, 0], [4, 4, 4, 1, 0, 0], [0, 1, 1, 1, 9, 0], [0, 0, 0, 9, 9, 0], [0, 0, 0, 0, 0, 0], [0, 0, 0, 0, 0, 0]], "output": [[4, 4, 4, 0, 0]]}, {"input": [[0, 0, 0, 0, 0, 0], [0, 0, 0, 0, 0, 0], [0, 0, 6, 6, 0, 0], [0, 3, 3, 3, 3, 0], [0, 3, 3, 3, 3, 0], [0, 2, 2, 2, 2, 0], [0, 2, 2, 2, 2, 0], [0, 2, 2, 2, 2, 0], [0, 0, 8, 8, 8, 0], [0, 0, 8, 8, 8, 0], [0, 0, 0, 0, 0, 0], [0, 0, 0, 0, 0, 0], [0, 0, 0, 0, 0, 0], [0, 0, 0, 0, 0, 0]], "output": [[0, 6, 6, 0]]}, {"input": [[0, 0, 6, 6, 0, 0, 0, 0, 0, 0, 0, 0, 0, 0], [0, 0, 6, 6, 4, 4, 0, 0, 9, 9, 9, 5, 5, 0], [0, 0, 6, 6, 4, 4, 0, 0, 9, 9, 9, 5, 5, 0], [0, 0, 6, 6, 4, 4, 0, 0, 9, 9, 9, 5, 5, 0], [0, 0, 0, 0, 0, 0, 0, 0, 9, 9, 9, 5, 5, 0], [0, 0, 0, 0, 0, 0, 0, 0, 0, 0, 0, 0, 0, 0]], "output": [[6, 9, 9, 9, 5], [6, 9, 9, 9, 5]]}, {"input": [[7, 7, 3, 3, 3, 3, 0], [7, 7, 3, 3, 3, 3, 0], [7, 7, 3, 3, 3, 3, 0], [7, 7, 3, 3, 3, 3, 0], [0, 0, 0, 0, 0, 0, 0]], "output": [[7, 7, 3, 3, 3, 3]]}, {"input": [[0, 0, 0, 0, 0, 0], [0, 0, 0, 0, 0, 0], [0, 0, 0, 0, 0, 0], [0, 1, 1, 1, 1, 0], [0, 1, 1, 1, 1, 0], [6, 6, 6, 6, 1, 0], [6, 6, 6, 6, 0, 0], [6, 6, 6, 6, 0, 0], [8, 8, 2, 0, 0, 0], [8, 8, 2, 0, 0, 0], [8, 8, 0, 0, 0, 0], [8, 8, 0, 0, 0, 0], [0, 0, 0, 0, 0, 0], [0, 0, 0, 0, 0, 0]], "output": [[0, 1, 1, 1, 1]]}, {"input": [[0, 0, 0, 0, 0, 0, 0, 0, 0, 3, 3, 3, 0], [0, 0, 0, 0, 0, 0, 0, 0, 0, 3, 3, 3, 0], [0, 0, 0, 0, 0, 0, 2, 2, 2, 2, 0, 0, 0], [0, 0, 0, 0, 0, 0, 2, 2, 2, 2, 0, 0, 0], [0, 0, 0, 0, 0, 0, 2, 2, 2, 2, 0, 0, 0], [0, 0, 0, 0, 0, 0, 0, 0, 0, 0, 0, 0, 0]], "output": [[0, 0, 0, 3, 3, 3]]}, {"input": [[0, 0, 0, 0, 0, 0], [0, 0, 0, 0, 0, 0], [0, 0, 0, 0, 0, 0], [0, 0, 0, 0, 0, 0], [0, 3, 3, 3, 3, 0], [0, 3, 3, 3, 3, 0], [0, 0, 9, 9, 9, 0], [0, 0, 9, 9, 9, 0], [0, 0, 0, 0, 0, 0], [0, 0, 0, 0, 0, 0], [0, 0, 0, 0, 0, 0], [0, 0, 0, 0, 0, 0]], "output": [[3, 3, 3, 3]]}, {"input": [[0, 0, 0, 0, 0, 0, 0], [4, 4, 4, 4, 7, 7, 0], [4, 4, 4, 4, 7, 7, 0], [4, 4, 4, 4, 0, 0, 0], [0, 0, 0, 0, 0, 0, 0]], "output": [[4, 4, 4, 4, 7, 7]]}, {"input": [[0, 0, 0, 0, 0], [0, 0, 0, 0, 0], [5, 5, 5, 0, 0], [5, 5, 5, 0, 0], [5, 5, 5, 0, 0], [5, 5, 5, 0, 0], [0, 0, 0, 0, 0], [0, 0, 0, 0, 0], [4, 4, 0, 0, 0], [4, 4, 2, 2, 0], [9, 9, 9, 9, 0], [9, 9, 9, 9, 0], [9, 9, 9, 9, 0], [0, 0, 0, 0, 0]], "output": [[5, 4, 4, 0], [5, 4, 4, 2]]}, {"input": [[0, 0, 0, 0, 0, 0, 0, 0, 0, 0], [0, 0, 0, 0, 0, 0, 0, 0, 0, 0], [0, 0, 0, 0, 0, 0, 0, 0, 0, 0], [0, 0, 0, 0, 0, 0, 0, 0, 0, 0], [5, 5, 5, 0, 0, 0, 0, 0, 0, 0], [5, 5, 5, 1, 1, 2, 2, 2, 0, 0], [5, 5, 5, 1, 1, 2, 8, 8, 8, 0], [0, 1, 1, 1, 1, 0, 8, 8, 8, 0], [3, 3, 3, 0, 0, 0, 8, 8, 8, 0], [3, 3, 3, 0, 0, 0, 8, 8, 8, 0], [0, 0, 0, 0, 0, 0, 0, 0, 0, 0], [0, 0, 0, 0, 0, 0, 0, 0, 0, 0]], "output": [[5, 5, 5, 0, 0, 0, 0, 0, 0]]}, {"input": [[0, 0, 0, 0, 0, 1, 1, 1, 1, 0, 0], [0, 0, 0, 0, 0, 1, 1, 1, 1, 0, 0], [0, 0, 0, 0, 4, 4, 1, 1, 1, 0, 0], [0, 0, 0, 0, 4, 4, 1, 1, 1, 0, 0], [0, 0, 0, 0, 4, 4, 0, 0, 0, 0, 0], [0, 0, 0, 0, 4, 4, 0, 0, 0, 0, 0], [0, 0, 0, 0, 0, 0, 0, 0, 0, 0, 0]], "output": [[0, 1, 1, 1, 1]]}, {"input": [[0, 0, 0, 0, 0, 0, 0, 0, 0, 0, 0], [0, 0, 0, 0, 0, 0, 2, 2, 2, 2, 0], [0, 0, 8, 8, 8, 8, 2, 2, 2, 2, 0], [0, 0, 8, 8, 8, 8, 0, 0, 0, 0, 0], [0, 0, 8, 8, 8, 8, 0, 0, 0, 0, 0], [0, 0, 8, 8, 8, 8, 0, 0, 0, 0, 0], [0, 0, 0, 0, 0, 3, 3, 3, 0, 0, 0], [0, 0, 0, 0, 0, 3, 3, 3, 0, 0, 0], [0, 0, 0, 0, 0, 3, 3, 3, 0, 0, 0], [0, 0, 0, 0, 0, 0, 0, 0, 0, 0, 0], [0, 0, 0, 0, 0, 0, 0, 0, 0, 0, 0]], "output": [[0, 0, 0, 0, 2, 2, 2, 2]]}, {"input": [[0, 0, 0, 0, 0, 0, 0, 0, 0, 0, 0, 0, 0, 0], [0, 0, 0, 0, 0, 0, 0, 0, 0, 0, 0, 3, 3, 0], [0, 0, 0, 0, 0, 0, 0, 0, 0, 0, 0, 3, 3, 0], [0, 0, 0, 0, 0, 0, 0, 0, 0, 0, 0, 3, 3, 0], [0, 0, 0, 0, 0, 0, 0, 0, 0, 5, 5, 5, 0, 0], [0, 0, 0, 0, 0, 0, 0, 0, 0, 5, 5, 5, 0, 0], [0, 0, 0, 0, 7, 7, 0, 0, 0, 5, 5, 5, 0, 0], [0, 0, 0, 0, 7, 7, 0, 0, 0, 0, 0, 0, 0, 0], [0, 0, 0, 0, 0, 0, 0, 0, 0, 0, 0, 0, 0, 0], [0, 0, 0, 0, 0, 0, 0, 0, 0, 0, 0, 0, 0, 0], [0, 0, 0, 0, 0, 0, 0, 0, 0, 0, 0, 0, 0, 0]], "output": [[0, 0, 0, 3], [7, 7, 0, 3]]}, {"input": [[0, 0, 0, 0, 0, 0, 0], [0, 0, 0, 1, 1, 0, 0], [0, 0, 0, 1, 1, 0, 0], [0, 0, 0, 1, 1, 0, 0], [0, 7, 7, 7, 7, 0, 0], [0, 7, 7, 7, 7, 0, 0], [0, 0, 0, 0, 0, 0, 0]], "output": [[0, 0, 1, 1]]}, {"input": [[0, 5, 5, 5, 5, 0, 0, 0], [0, 5, 5, 5, 5, 0, 0, 0], [0, 5, 5, 5, 5, 0, 0, 0], [0, 5, 5, 5, 5, 0, 0, 0], [0, 0, 0, 0, 0, 0, 0, 0], [0, 0, 0, 0, 0, 0, 0, 0], [0, 0, 7, 7, 7, 7, 0, 0], [0, 0, 7, 7, 7, 7, 0, 0], [0, 0, 7, 7, 7, 7, 0, 0], [0, 0, 0, 0, 0, 0, 0, 0]], "output": [[5, 7, 7, 7], [5, 7, 7, 7]]}, {"input": [[0, 0, 0, 0, 1, 1, 1, 1, 0, 0], [0, 7, 7, 0, 1, 1, 1, 1, 0, 0], [3, 7, 7, 2, 2, 2, 5, 5, 0, 0], [3, 3, 2, 2, 2, 2, 5, 5, 0, 0], [0, 0, 2, 2, 2, 2, 5, 5, 0, 0], [0, 0, 0, 0, 0, 0, 5, 5, 0, 0], [0, 0, 0, 0, 0, 0, 0, 0, 0, 0], [0, 0, 0, 0, 0, 0, 0, 0, 0, 0], [0, 0, 0, 0, 0, 0, 0, 0, 0, 0]], "output": [[0, 0, 0, 0, 1, 1, 1, 1]]}, {"input": [[0, 0, 0, 0, 0], [9, 9, 9, 9, 0], [9, 9, 9, 9, 0], [9, 9, 9, 9, 0], [9, 9, 9, 9, 0], [0, 0, 0, 0, 0]], "output": [[9, 9, 9, 9]]}, {"input": [[0, 0, 0, 0, 0, 0, 0, 0, 0, 8, 8, 0, 0], [4, 4, 0, 0, 0, 0, 0, 0, 0, 8, 8, 0, 0], [4, 4, 5, 5, 5, 0, 0, 0, 0, 0, 0, 0, 0], [4, 4, 5, 5, 5, 0, 0, 0, 0, 0, 0, 0, 0], [4, 4, 5, 5, 5, 0, 0, 0, 0, 0, 0, 0, 0], [0, 0, 5, 5, 5, 0, 0, 0, 0, 0, 0, 0, 0], [0, 0, 0, 0, 0, 0, 0, 0, 0, 0, 0, 0, 0]], "output": [[4, 4, 0, 0, 0], [4, 8, 8, 5, 5]]}], "test": [{"input": [[0, 0, 0, 8, 8, 0, 0, 0, 0, 0, 0, 0, 0], [0, 0, 0, 8, 8, 9, 9, 0, 0, 0, 0, 0, 0], [0, 0, 0, 8, 8, 9, 9, 0, 0, 0, 0, 0, 0], [0, 0, 0, 8, 8, 0, 0, 0, 0, 0, 0, 0, 0], [0, 0, 0, 0, 0, 0, 0, 0, 0, 0, 0, 0, 0], [0, 0, 0, 0, 0, 0, 0, 0, 0, 0, 0, 0, 0], [0, 0, 0, 0, 7, 7, 7, 0, 0, 0, 0, 0, 0], [0, 0, 0, 0, 7, 7, 7, 0, 0, 0, 0, 0, 0], [0, 0, 0, 0, 0, 0, 0, 0, 0, 0, 0, 0, 0], [0, 0, 0, 0, 0, 0, 0, 0, 0, 0, 0, 0, 0]], "output": [[8, 7, 7, 7], [8, 7, 7, 7]]}, {"input": [[0, 0, 0, 0, 0, 0, 0, 0, 0, 0, 0, 0, 0, 0], [0, 0, 7, 7, 7, 7, 0, 0, 0, 1, 1, 0, 0, 0], [0, 0, 7, 7, 7, 7, 0, 0, 0, 1, 1, 0, 0, 0], [0, 0, 0, 0, 8, 8, 0, 0, 0, 1, 1, 0, 0, 0], [0, 0, 0, 5, 5, 5, 0, 0, 4, 1, 1, 0, 0, 0], [0, 0, 0, 5, 5, 5, 0, 0, 4, 4, 0, 0, 0, 0], [0, 0, 0, 0, 0, 0, 0, 0, 0, 0, 0, 0, 0, 0], [0, 0, 0, 0, 0, 0, 0, 0, 0, 0, 0, 0, 0, 0]], "output": [[7, 7, 1, 1], [7, 7, 1, 1]]}, {"input": [[0, 0, 0, 0, 0, 8, 8, 8, 8, 0, 0], [3, 3, 0, 0, 0, 8, 8, 8, 8, 0, 0], [3, 3, 0, 0, 0, 8, 8, 8, 8, 0, 0], [3, 3, 0, 0, 0, 0, 0, 0, 0, 0, 0], [0, 0, 0, 0, 0, 0, 9, 9, 9, 1, 0], [0, 0, 0, 0, 0, 6, 6, 6, 9, 1, 0], [0, 0, 0, 0, 0, 6, 6, 6, 9, 1, 0], [0, 0, 0, 0, 0, 6, 6, 6, 1, 1, 0], [0, 0, 0, 0, 0, 6, 6, 6, 0, 0, 0], [0, 0, 0, 0, 0, 0, 0, 0, 0, 0, 0]], "output": [[0, 8, 8, 9, 9], [3, 8, 6, 6, 6], [3, 8, 6, 6, 6]]}]}