{"train": [{"input": [[7, 0, 6, 9], [0, 6, 9, 0], [0, 7, 0, 0], [7, 1, 0, 4]], "output": [[7, 0, 6, 9, 9, 6, 0, 7], [0, 6, 9, 0, 0, 9, 6, 0], [0, 7, 0, 0, 0, 0, 7, 0], [7, 1, 0, 4, 4, 0, 1, 7], [7, 1, 0, 4, 4, 0, 1, 7], [0, 7, 0, 0, 0, 0, 7, 0], [0, 6, 9, 0, 0, 9, 6, 0], [7, 0, 6, 9, 9, 6, 0, 7]]}, {"input": [[0, 0, 2, 0, 2], [9, 0, 0, 9, 9], [8, 6, 7, 0, 3], [0, 0, 7, 1, 8], [1, 0, 1, 8, 0]], "output": [[0, 0, 2, 0, 2, 2, 0, 2, 0, 0], [9, 0, 0, 9, 9, 9, 9, 0, 0, 9], [8, 6, 7, 0, 3, 3, 0, 7, 6, 8], [0, 0, 7, 1, 8, 8, 1, 7, 0, 0], [1, 0, 1, 8, 0, 0, 8, 1, 0, 1], [1, 0, 1, 8, 0, 0, 8, 1, 0, 1], [0, 0, 7, 1, 8, 8, 1, 7, 0, 0], [8, 6, 7, 0, 3, 3, 0, 7, 6, 8], [9, 0, 0, 9, 9, 9, 9, 0, 0, 9], [0, 0, 2, 0, 2, 2, 0, 2, 0, 0]]}, {"input": [[9, 2, 0, 1, 6], [5, 0, 0, 4, 3], [8, 0, 9, 5, 0], [7, 5, 0, 0, 9], [9, 0, 0, 0, 0]], "output": [[9, 2, 0, 1, 6, 6, 1, 0, 2, 9], [5, 0, 0, 4, 3, 3, 4, 0, 0, 5], [8, 0, 9, 5, 0, 0, 5, 9, 0, 8], [7, 5, 0, 0, 9, 9, 0, 0, 5, 7], [9, 0, 0, 0, 0, 0, 0, 0, 0, 9], [9, 0, 0, 0, 0, 0, 0, 0, 0, 9], [7, 5, 0, 0, 9, 9, 0, 0, 5, 7], [8, 0, 9, 5, 0, 0, 5, 9, 0, 8], [5, 0, 0, 4, 3, 3, 4, 0, 0, 5], [9, 2, 0, 1, 6, 6, 1, 0, 2, 9]]}, {"input": [[6, 5, 0], [0, 0, 1], [0, 5, 0]], "output": [[6, 5, 0, 0, 5, 6], [0, 0, 1, 1, 0, 0], [0, 5, 0, 0, 5, 0], [0, 5, 0, 0, 5, 0], [0, 0, 1, 1, 0, 0], [6, 5, 0, 0, 5, 6]]}, {"input": [[4, 8, 0, 8, 6], [0, 0, 0, 0, 0], [0, 0, 0, 0, 5], [8, 0, 8, 0, 0], [8, 4, 0, 0, 3]], "output": [[4, 8, 0, 8, 6, 6, 8, 0, 8, 4], [0, 0, 0, 0, 0, 0, 0, 0, 0, 0], [0, 0, 0, 0, 5, 5, 0, 0, 0, 0], [8, 0, 8, 0, 0, 0, 0, 8, 0, 8], [8, 4, 0, 0, 3, 3, 0, 0, 4, 8], [8, 4, 0, 0, 3, 3, 0, 0, 4, 8], [8, 0, 8, 0, 0, 0, 0, 8, 0, 8], [0, 0, 0, 0, 5, 5, 0, 0, 0, 0], [0, 0, 0, 0, 0, 0, 0, 0, 0, 0], [4, 8, 0, 8, 6, 6, 8, 0, 8, 4]]}, {"input": [[0, 4, 0, 0, 0], [0, 5, 9, 6, 2], [0, 0, 0, 3, 0], [0, 0, 0, 2, 5], [0, 6, 0, 0, 0]], "output": [[0, 4, 0, 0, 0, 0, 0, 0, 4, 0], [0, 5, 9, 6, 2, 2, 6, 9, 5, 0], [0, 0, 0, 3, 0, 0, 3, 0, 0, 0], [0, 0, 0, 2, 5, 5, 2, 0, 0, 0], [0, 6, 0, 0, 0, 0, 0, 0, 6, 0], [0, 6, 0, 0, 0, 0, 0, 0, 6, 0], [0, 0, 0, 2, 5, 5, 2, 0, 0, 0], [0, 0, 0, 3, 0, 0, 3, 0, 0, 0], [0, 5, 9, 6, 2, 2, 6, 9, 5, 0], [0, 4, 0, 0, 0, 0, 0, 0, 4, 0]]}, {"input": [[9, 1, 0, 3], [0, 0, 0, 2], [0, 0, 1, 0], [0, 5, 0, 0]], "output": [[9, 1, 0, 3, 3, 0, 1, 9], [0, 0, 0, 2, 2, 0, 0, 0], [0, 0, 1, 0, 0, 1, 0, 0], [0, 5, 0, 0, 0, 0, 5, 0], [0, 5, 0, 0, 0, 0, 5, 0], [0, 0, 1, 0, 0, 1, 0, 0], [0, 0, 0, 2, 2, 0, 0, 0], [9, 1, 0, 3, 3, 0, 1, 9]]}, {"input": [[8, 0, 8], [0, 9, 0], [0, 5, 9]], "output": [[8, 0, 8, 8, 0, 8], [0, 9, 0, 0, 9, 0], [0, 5, 9, 9, 5, 0], [0, 5, 9, 9, 5, 0], [0, 9, 0, 0, 9, 0], [8, 0, 8, 8, 0, 8]]}, {"input": [[6, 0, 6, 4], [8, 0, 0, 0], [9, 0, 0, 0], [2, 0, 0, 0]], "output": [[6, 0, 6, 4, 4, 6, 0, 6], [8, 0, 0, 0, 0, 0, 0, 8], [9, 0, 0, 0, 0, 0, 0, 9], [2, 0, 0, 0, 0, 0, 0, 2], [2, 0, 0, 0, 0, 0, 0, 2], [9, 0, 0, 0, 0, 0, 0, 9], [8, 0, 0, 0, 0, 0, 0, 8], [6, 0, 6, 4, 4, 6, 0, 6]]}, {"input": [[0, 0, 8], [2, 0, 8], [0, 0, 0]], "output": [[0, 0, 8, 8, 0, 0], [2, 0, 8, 8, 0, 2], [0, 0, 0, 0, 0, 0], [0, 0, 0, 0, 0, 0], [2, 0, 8, 8, 0, 2], [0, 0, 8, 8, 0, 0]]}, {"input": [[0, 0, 5, 8], [7, 0, 0, 3], [6, 4, 7, 7], [3, 8, 1, 2]], "output": [[0, 0, 5, 8, 8, 5, 0, 0], [7, 0, 0, 3, 3, 0, 0, 7], [6, 4, 7, 7, 7, 7, 4, 6], [3, 8, 1, 2, 2, 1, 8, 3], [3, 8, 1, 2, 2, 1, 8, 3], [6, 4, 7, 7, 7, 7, 4, 6], [7, 0, 0, 3, 3, 0, 0, 7], [0, 0, 5, 8, 8, 5, 0, 0]]}, {"input": [[8, 0, 9, 9], [0, 5, 0, 6], [2, 4, 0, 0], [0, 7, 0, 3]], "output": [[8, 0, 9, 9, 9, 9, 0, 8], [0, 5, 0, 6, 6, 0, 5, 0], [2, 4, 0, 0, 0, 0, 4, 2], [0, 7, 0, 3, 3, 0, 7, 0], [0, 7, 0, 3, 3, 0, 7, 0], [2, 4, 0, 0, 0, 0, 4, 2], [0, 5, 0, 6, 6, 0, 5, 0], [8, 0, 9, 9, 9, 9, 0, 8]]}, {"input": [[0, 1, 0], [0, 0, 0], [8, 3, 1]], "output": [[0, 1, 0, 0, 1, 0], [0, 0, 0, 0, 0, 0], [8, 3, 1, 1, 3, 8], [8, 3, 1, 1, 3, 8], [0, 0, 0, 0, 0, 0], [0, 1, 0, 0, 1, 0]]}, {"input": [[4, 0, 3, 6], [4, 9, 0, 0], [7, 0, 0, 1], [2, 7, 9, 0]], "output": [[4, 0, 3, 6, 6, 3, 0, 4], [4, 9, 0, 0, 0, 0, 9, 4], [7, 0, 0, 1, 1, 0, 0, 7], [2, 7, 9, 0, 0, 9, 7, 2], [2, 7, 9, 0, 0, 9, 7, 2], [7, 0, 0, 1, 1, 0, 0, 7], [4, 9, 0, 0, 0, 0, 9, 4], [4, 0, 3, 6, 6, 3, 0, 4]]}, {"input": [[0, 0, 0], [5, 4, 0], [8, 0, 0]], "output": [[0, 0, 0, 0, 0, 0], [5, 4, 0, 0, 4, 5], [8, 0, 0, 0, 0, 8], [8, 0, 0, 0, 0, 8], [5, 4, 0, 0, 4, 5], [0, 0, 0, 0, 0, 0]]}, {"input": [[1, 0, 4], [2, 8, 0], [4, 0, 8]], "output": [[1, 0, 4, 4, 0, 1], [2, 8, 0, 0, 8, 2], [4, 0, 8, 8, 0, 4], [4, 0, 8, 8, 0, 4], [2, 8, 0, 0, 8, 2], [1, 0, 4, 4, 0, 1]]}, {"input": [[0, 5, 0], [6, 0, 0], [8, 0, 0]], "output": [[0, 5, 0, 0, 5, 0], [6, 0, 0, 0, 0, 6], [8, 0, 0, 0, 0, 8], [8, 0, 0, 0, 0, 8], [6, 0, 0, 0, 0, 6], [0, 5, 0, 0, 5, 0]]}, {"input": [[0, 1, 0, 0], [4, 0, 2, 3], [1, 1, 0, 0], [7, 2, 0, 0]], "output": [[0, 1, 0, 0, 0, 0, 1, 0], [4, 0, 2, 3, 3, 2, 0, 4], [1, 1, 0, 0, 0, 0, 1, 1], [7, 2, 0, 0, 0, 0, 2, 7], [7, 2, 0, 0, 0, 0, 2, 7], [1, 1, 0, 0, 0, 0, 1, 1], [4, 0, 2, 3, 3, 2, 0, 4], [0, 1, 0, 0, 0, 0, 1, 0]]}, {"input": [[0, 0, 7, 2], [0, 9, 0, 0], [8, 0, 2, 0], [9, 9, 0, 3]], "output": [[0, 0, 7, 2, 2, 7, 0, 0], [0, 9, 0, 0, 0, 0, 9, 0], [8, 0, 2, 0, 0, 2, 0, 8], [9, 9, 0, 3, 3, 0, 9, 9], [9, 9, 0, 3, 3, 0, 9, 9], [8, 0, 2, 0, 0, 2, 0, 8], [0, 9, 0, 0, 0, 0, 9, 0], [0, 0, 7, 2, 2, 7, 0, 0]]}, {"input": [[0, 5, 7, 0, 0], [0, 9, 0, 0, 5], [9, 6, 5, 5, 3], [0, 0, 5, 1, 0], [2, 0, 6, 0, 0]], "output": [[0, 5, 7, 0, 0, 0, 0, 7, 5, 0], [0, 9, 0, 0, 5, 5, 0, 0, 9, 0], [9, 6, 5, 5, 3, 3, 5, 5, 6, 9], [0, 0, 5, 1, 0, 0, 1, 5, 0, 0], [2, 0, 6, 0, 0, 0, 0, 6, 0, 2], [2, 0, 6, 0, 0, 0, 0, 6, 0, 2], [0, 0, 5, 1, 0, 0, 1, 5, 0, 0], [9, 6, 5, 5, 3, 3, 5, 5, 6, 9], [0, 9, 0, 0, 5, 5, 0, 0, 9, 0], [0, 5, 7, 0, 0, 0, 0, 7, 5, 0]]}, {"input": [[2, 9, 0, 7, 0], [0, 5, 0, 5, 4], [2, 0, 7, 7, 0], [9, 0, 2, 0, 6], [0, 6, 0, 0, 6]], "output": [[2, 9, 0, 7, 0, 0, 7, 0, 9, 2], [0, 5, 0, 5, 4, 4, 5, 0, 5, 0], [2, 0, 7, 7, 0, 0, 7, 7, 0, 2], [9, 0, 2, 0, 6, 6, 0, 2, 0, 9], [0, 6, 0, 0, 6, 6, 0, 0, 6, 0], [0, 6, 0, 0, 6, 6, 0, 0, 6, 0], [9, 0, 2, 0, 6, 6, 0, 2, 0, 9], [2, 0, 7, 7, 0, 0, 7, 7, 0, 2], [0, 5, 0, 5, 4, 4, 5, 0, 5, 0], [2, 9, 0, 7, 0, 0, 7, 0, 9, 2]]}, {"input": [[0, 1, 2, 1, 0], [2, 1, 7, 0, 5], [4, 0, 0, 9, 8], [4, 2, 0, 0, 0], [3, 8, 8, 0, 4]], "output": [[0, 1, 2, 1, 0, 0, 1, 2, 1, 0], [2, 1, 7, 0, 5, 5, 0, 7, 1, 2], [4, 0, 0, 9, 8, 8, 9, 0, 0, 4], [4, 2, 0, 0, 0, 0, 0, 0, 2, 4], [3, 8, 8, 0, 4, 4, 0, 8, 8, 3], [3, 8, 8, 0, 4, 4, 0, 8, 8, 3], [4, 2, 0, 0, 0, 0, 0, 0, 2, 4], [4, 0, 0, 9, 8, 8, 9, 0, 0, 4], [2, 1, 7, 0, 5, 5, 0, 7, 1, 2], [0, 1, 2, 1, 0, 0, 1, 2, 1, 0]]}, {"input": [[0, 2, 8, 0, 6], [7, 0, 0, 5, 0], [1, 1, 7, 0, 0], [8, 7, 0, 5, 6], [0, 4, 3, 5, 4]], "output": [[0, 2, 8, 0, 6, 6, 0, 8, 2, 0], [7, 0, 0, 5, 0, 0, 5, 0, 0, 7], [1, 1, 7, 0, 0, 0, 0, 7, 1, 1], [8, 7, 0, 5, 6, 6, 5, 0, 7, 8], [0, 4, 3, 5, 4, 4, 5, 3, 4, 0], [0, 4, 3, 5, 4, 4, 5, 3, 4, 0], [8, 7, 0, 5, 6, 6, 5, 0, 7, 8], [1, 1, 7, 0, 0, 0, 0, 7, 1, 1], [7, 0, 0, 5, 0, 0, 5, 0, 0, 7], [0, 2, 8, 0, 6, 6, 0, 8, 2, 0]]}, {"input": [[8, 0, 4, 6], [8, 0, 0, 0], [0, 0, 2, 0], [8, 6, 1, 8]], "output": [[8, 0, 4, 6, 6, 4, 0, 8], [8, 0, 0, 0, 0, 0, 0, 8], [0, 0, 2, 0, 0, 2, 0, 0], [8, 6, 1, 8, 8, 1, 6, 8], [8, 6, 1, 8, 8, 1, 6, 8], [0, 0, 2, 0, 0, 2, 0, 0], [8, 0, 0, 0, 0, 0, 0, 8], [8, 0, 4, 6, 6, 4, 0, 8]]}, {"input": [[6, 0, 0], [4, 6, 0], [9, 0, 0]], "output": [[6, 0, 0, 0, 0, 6], [4, 6, 0, 0, 6, 4], [9, 0, 0, 0, 0, 9], [9, 0, 0, 0, 0, 9], [4, 6, 0, 0, 6, 4], [6, 0, 0, 0, 0, 6]]}, {"input": [[4, 8, 4, 7], [0, 0, 3, 0], [0, 8, 0, 0], [2, 0, 0, 1]], "output": [[4, 8, 4, 7, 7, 4, 8, 4], [0, 0, 3, 0, 0, 3, 0, 0], [0, 8, 0, 0, 0, 0, 8, 0], [2, 0, 0, 1, 1, 0, 0, 2], [2, 0, 0, 1, 1, 0, 0, 2], [0, 8, 0, 0, 0, 0, 8, 0], [0, 0, 3, 0, 0, 3, 0, 0], [4, 8, 4, 7, 7, 4, 8, 4]]}, {"input": [[9, 9, 0, 0, 9], [3, 3, 1, 1, 0], [0, 5, 0, 6, 0], [4, 1, 0, 7, 0], [4, 7, 4, 0, 1]], "output": [[9, 9, 0, 0, 9, 9, 0, 0, 9, 9], [3, 3, 1, 1, 0, 0, 1, 1, 3, 3], [0, 5, 0, 6, 0, 0, 6, 0, 5, 0], [4, 1, 0, 7, 0, 0, 7, 0, 1, 4], [4, 7, 4, 0, 1, 1, 0, 4, 7, 4], [4, 7, 4, 0, 1, 1, 0, 4, 7, 4], [4, 1, 0, 7, 0, 0, 7, 0, 1, 4], [0, 5, 0, 6, 0, 0, 6, 0, 5, 0], [3, 3, 1, 1, 0, 0, 1, 1, 3, 3], [9, 9, 0, 0, 9, 9, 0, 0, 9, 9]]}], "test": [{"input": [[9, 4, 0, 0], [0, 0, 5, 0], [0, 1, 4, 2], [3, 0, 7, 6]], "output": [[9, 4, 0, 0, 0, 0, 4, 9], [0, 0, 5, 0, 0, 5, 0, 0], [0, 1, 4, 2, 2, 4, 1, 0], [3, 0, 7, 6, 6, 7, 0, 3], [3, 0, 7, 6, 6, 7, 0, 3], [0, 1, 4, 2, 2, 4, 1, 0], [0, 0, 5, 0, 0, 5, 0, 0], [9, 4, 0, 0, 0, 0, 4, 9]]}, {"input": [[0, 6, 0, 0, 0], [4, 7, 0, 0, 3], [6, 4, 9, 0, 2], [9, 2, 9, 0, 0], [4, 7, 9, 1, 8]], "output": [[0, 6, 0, 0, 0, 0, 0, 0, 6, 0], [4, 7, 0, 0, 3, 3, 0, 0, 7, 4], [6, 4, 9, 0, 2, 2, 0, 9, 4, 6], [9, 2, 9, 0, 0, 0, 0, 9, 2, 9], [4, 7, 9, 1, 8, 8, 1, 9, 7, 4], [4, 7, 9, 1, 8, 8, 1, 9, 7, 4], [9, 2, 9, 0, 0, 0, 0, 9, 2, 9], [6, 4, 9, 0, 2, 2, 0, 9, 4, 6], [4, 7, 0, 0, 3, 3, 0, 0, 7, 4], [0, 6, 0, 0, 0, 0, 0, 0, 6, 0]]}, {"input": [[2, 0, 5, 0], [0, 0, 0, 0], [8, 0, 4, 0], [0, 0, 0, 0]], "output": [[2, 0, 5, 0, 0, 5, 0, 2], [0, 0, 0, 0, 0, 0, 0, 0], [8, 0, 4, 0, 0, 4, 0, 8], [0, 0, 0, 0, 0, 0, 0, 0], [0, 0, 0, 0, 0, 0, 0, 0], [8, 0, 4, 0, 0, 4, 0, 8], [0, 0, 0, 0, 0, 0, 0, 0], [2, 0, 5, 0, 0, 5, 0, 2]]}]}