{"train": [{"input": [[8], [8], [8], [0], [0], [0]], "output": [[8, 8], [8, 8], [8, 8], [0, 8], [0, 0], [0, 0]]}, {"input": [[6], [6], [6], [0], [0]], "output": [[6, 6], [6, 6], [6, 6], [0, 6], [0, 0]]}, {"input": [[7], [0], [0], [0], [0]], "output": [[7, 7], [0, 7], [0, 0], [0, 0], [0, 0]]}, {"input": [[5], [5], [0], [0], [0], [0], [0]], "output": [[5, 5], [5, 5], [0, 5], [0, 0], [0, 0], [0, 0], [0, 0]]}, {"input": [[8], [0], [0], [0], [0], [0]], "output": [[8, 8], [0, 8], [0, 0], [0, 0], [0, 0], [0, 0]]}, {"input": [[6], [0], [0], [0]], "output": [[6, 6], [0, 6], [0, 0], [0, 0]]}, {"input": [[7], [0], [0], [0]], "output": [[7, 7], [0, 7], [0, 0], [0, 0]]}, {"input": [[9], [9], [0]], "output": [[9, 9], [9, 9], [0, 9]]}, {"input": [[3], [3], [0], [0], [0], [0]], "output": [[3, 3], [3, 3], [0, 3], [0, 0], [0, 0], [0, 0]]}, {"input": [[2], [2], [0], [0], [0], [0], [0]], "output": [[2, 2], [2, 2], [0, 2], [0, 0], [0, 0], [0, 0], [0, 0]]}, {"input": [[2], [2], [2], [0]], "output": [[2, 2], [2, 2], [2, 2], [0, 2]]}, {"input": [[8], [0], [0], [0]], "output": [[8, 8], [0, 8], [0, 0], [0, 0]]}, {"input": [[3], [3], [0]], "output": [[3, 3], [3, 3], [0, 3]]}, {"input": [[2], [2], [2], [2], [0], [0], [0]], "output": [[2, 2], [2, 2], [2, 2], [2, 2], [0, 2], [0, 0], [0, 0]]}, {"input": [[2], [0], [0], [0], [0], [0], [0]], "output": [[2, 2], [0, 2], [0, 0], [0, 0], [0, 0], [0, 0], [0, 0]]}, {"input": [[3], [0], [0]], "output": [[3, 3], [0, 3], [0, 0]]}, {"input": [[1], [1], [1], [0]], "output": [[1, 1], [1, 1], [1, 1], [0, 1]]}, {"input": [[4], [4], [0], [0], [0], [0]], "output": [[4, 4], [4, 4], [0, 4], [0, 0], [0, 0], [0, 0]]}, {"input": [[3], [3], [3], [0], [0]], "output": [[3, 3], [3, 3], [3, 3], [0, 3], [0, 0]]}, {"input": [[9], [9], [0], [0]], "output": [[9, 9], [9, 9], [0, 9], [0, 0]]}, {"input": [[7], [7], [0], [0], [0], [0]], "output": [[7, 7], [7, 7], [0, 7], [0, 0], [0, 0], [0, 0]]}, {"input": [[3], [0], [0], [0], [0]], "output": [[3, 3], [0, 3], [0, 0], [0, 0], [0, 0]]}, {"input": [[8], [8], [8], [8], [0], [0]], "output": [[8, 8], [8, 8], [8, 8], [8, 8], [0, 8], [0, 0]]}, {"input": [[5], [5], [5], [5], [0], [0], [0]], "output": [[5, 5], [5, 5], [5, 5], [5, 5], [0, 5], [0, 0], [0, 0]]}, {"input": [[1], [1], [0], [0]], "output": [[1, 1], [1, 1], [0, 1], [0, 0]]}, {"input": [[9], [9], [0], [0], [0]], "output": [[9, 9], [9, 9], [0, 9], [0, 0], [0, 0]]}, {"input": [[4], [4], [0], [0], [0]], "output": [[4, 4], [4, 4], [0, 4], [0, 0], [0, 0]]}, {"input": [[6], [6], [6], [0], [0], [0]], "output": [[6, 6], [6, 6], [6, 6], [0, 6], [0, 0], [0, 0]]}, {"input": [[8], [8], [0], [0]], "output": [[8, 8], [8, 8], [0, 8], [0, 0]]}, {"input": [[9], [0], [0]], "output": [[9, 9], [0, 9], [0, 0]]}, {"input": [[9], [9], [9], [0]], "output": [[9, 9], [9, 9], [9, 9], [0, 9]]}, {"input": [[1], [1], [1], [0], [0], [0]], "output": [[1, 1], [1, 1], [1, 1], [0, 1], [0, 0], [0, 0]]}, {"input": [[1], [0], [0]], "output": [[1, 1], [0, 1], [0, 0]]}, {"input": [[7], [7], [7], [0], [0], [0], [0]], "output": [[7, 7], [7, 7], [7, 7], [0, 7], [0, 0], [0, 0], [0, 0]]}, {"input": [[9], [0], [0], [0], [0], [0]], "output": [[9, 9], [0, 9], [0, 0], [0, 0], [0, 0], [0, 0]]}, {"input": [[4], [4], [0], [0], [0], [0], [0]], "output": [[4, 4], [4, 4], [0, 4], [0, 0], [0, 0], [0, 0], [0, 0]]}, {"input": [[5], [0], [0], [0], [0]], "output": [[5, 5], [0, 5], [0, 0], [0, 0], [0, 0]]}, {"input": [[3], [3], [3], [0], [0], [0]], "output": [[3, 3], [3, 3], [3, 3], [0, 3], [0, 0], [0, 0]]}, {"input": [[9], [9], [9], [0], [0], [0]], "output": [[9, 9], [9, 9], [9, 9], [0, 9], [0, 0], [0, 0]]}, {"input": [[3], [3], [3], [0]], "output": [[3, 3], [3, 3], [3, 3], [0, 3]]}, {"input": [[6], [6], [0], [0], [0]], "output": [[6, 6], [6, 6], [0, 6], [0, 0], [0, 0]]}, {"input": [[2], [0], [0], [0], [0], [0]], "output": [[2, 2], [0, 2], [0, 0], [0, 0], [0, 0], [0, 0]]}, {"input": [[2], [0], [0]], "output": [[2, 2], [0, 2], [0, 0]]}, {"input": [[3], [3], [0], [0], [0], [0], [0]], "output": [[3, 3], [3, 3], [0, 3], [0, 0], [0, 0], [0, 0], [0, 0]]}, {"input": [[1], [1], [1], [0], [0]], "output": [[1, 1], [1, 1], [1, 1], [0, 1], [0, 0]]}], "test": [{"input": [[4], [4], [0]], "output": [[4, 4], [4, 4], [0, 4]]}, {"input": [[4], [0], [0], [0]], "output": [[4, 4], [0, 4], [0, 0], [0, 0]]}, {"input": [[1], [1], [0], [0], [0], [0]], "output": [[1, 1], [1, 1], [0, 1], [0, 0], [0, 0], [0, 0]]}]}