{"train": [{"input": [[0, 0, 0, 0, 0, 0, 0, 0], [4, 4, 4, 0, 0, 9, 9, 0], [4, 4, 4, 0, 0, 9, 9, 0], [4, 4, 4, 0, 0, 9, 9, 0], [0, 0, 0, 0, 0, 0, 0, 0], [0, 0, 0, 0, 0, 0, 0, 0], [0, 5, 5, 5, 0, 0, 0, 0], [0, 0, 0, 0, 0, 0, 0, 0]], "output": [[0, 0, 0, 0, 0, 0, 0, 0, 0, 0, 0, 0, 0, 0, 0, 0], [4, 4, 4, 4, 4, 9, 9, 9, 9, 0, 0, 0, 0, 0, 0, 0], [4, 4, 4, 4, 4, 9, 9, 9, 9, 0, 0, 0, 0, 0, 0, 0], [4, 4, 4, 4, 4, 9, 9, 9, 9, 0, 0, 0, 0, 0, 0, 0], [4, 4, 4, 4, 4, 9, 9, 9, 9, 0, 0, 0, 0, 0, 0, 0], [4, 4, 4, 4, 4, 9, 9, 9, 9, 0, 0, 0, 0, 0, 0, 0], [4, 5, 5, 5, 5, 5, 5, 9, 9, 0, 0, 0, 0, 0, 0, 0], [0, 5, 5, 5, 5, 5, 5, 0, 0, 0, 0, 0, 0, 0, 0, 0], [0, 0, 0, 0, 0, 0, 0, 0, 0, 0, 0, 0, 0, 0, 0, 0], [0, 0, 0, 0, 0, 0, 0, 0, 0, 0, 0, 0, 0, 0, 0, 0], [0, 0, 0, 0, 0, 0, 0, 0, 0, 0, 0, 0, 0, 0, 0, 0], [0, 0, 0, 0, 0, 0, 0, 0, 0, 0, 0, 0, 0, 0, 0, 0], [0, 0, 0, 0, 0, 0, 0, 0, 0, 0, 0, 0, 0, 0, 0, 0], [0, 0, 0, 0, 0, 0, 0, 0, 0, 0, 0, 0, 0, 0, 0, 0], [0, 0, 0, 0, 0, 0, 0, 0, 0, 0, 0, 0, 0, 0, 0, 0], [0, 0, 0, 0, 0, 0, 0, 0, 0, 0, 0, 0, 0, 0, 0, 0]]}, {"input": [[0, 0, 0, 0, 0, 0, 0], [0, 0, 0, 4, 0, 0, 0], [0, 0, 0, 4, 0, 0, 0], [0, 8, 8, 0, 0, 0, 0], [0, 8, 8, 0, 0, 0, 0], [0, 0, 0, 0, 0, 0, 0], [0, 0, 0, 0, 0, 0, 0]], "output": [[0, 0, 0, 0, 0, 0, 0, 0, 0, 0, 0, 0, 0, 0], [0, 0, 0, 4, 4, 0, 0, 0, 0, 0, 0, 0, 0, 0], [0, 0, 0, 4, 4, 0, 0, 0, 0, 0, 0, 0, 0, 0], [0, 8, 8, 8, 8, 0, 0, 0, 0, 0, 0, 0, 0, 0], [0, 8, 8, 8, 8, 0, 0, 0, 0, 0, 0, 0, 0, 0], [0, 8, 8, 8, 8, 0, 0, 0, 0, 0, 0, 0, 0, 0], [0, 8, 8, 8, 8, 0, 0, 0, 0, 0, 0, 0, 0, 0], [0, 0, 0, 0, 0, 0, 0, 0, 0, 0, 0, 0, 0, 0], [0, 0, 0, 0, 0, 0, 0, 0, 0, 0, 0, 0, 0, 0], [0, 0, 0, 0, 0, 0, 0, 0, 0, 0, 0, 0, 0, 0], [0, 0, 0, 0, 0, 0, 0, 0, 0, 0, 0, 0, 0, 0], [0, 0, 0, 0, 0, 0, 0, 0, 0, 0, 0, 0, 0, 0], [0, 0, 0, 0, 0, 0, 0, 0, 0, 0, 0, 0, 0, 0], [0, 0, 0, 0, 0, 0, 0, 0, 0, 0, 0, 0, 0, 0]]}, {"input": [[0, 0, 0, 0, 0, 0, 0, 0, 0], [0, 0, 0, 0, 0, 0, 0, 0, 0], [7, 0, 0, 0, 0, 0, 0, 0, 0], [7, 0, 0, 1, 1, 0, 0, 0, 0], [7, 0, 0, 1, 1, 0, 0, 0, 0], [0, 0, 0, 1, 1, 0, 0, 0, 0], [0, 0, 0, 0, 0, 0, 0, 0, 0]], "output": [[0, 0, 0, 0, 0, 0, 0, 0, 0, 0, 0, 0, 0, 0, 0, 0, 0, 0], [0, 0, 0, 0, 0, 0, 0, 0, 0, 0, 0, 0, 0, 0, 0, 0, 0, 0], [7, 7, 0, 0, 0, 0, 0, 0, 0, 0, 0, 0, 0, 0, 0, 0, 0, 0], [7, 7, 0, 1, 1, 1, 1, 0, 0, 0, 0, 0, 0, 0, 0, 0, 0, 0], [7, 7, 0, 1, 1, 1, 1, 0, 0, 0, 0, 0, 0, 0, 0, 0, 0, 0], [7, 7, 0, 1, 1, 1, 1, 0, 0, 0, 0, 0, 0, 0, 0, 0, 0, 0], [7, 7, 0, 1, 1, 1, 1, 0, 0, 0, 0, 0, 0, 0, 0, 0, 0, 0], [7, 7, 0, 1, 1, 1, 1, 0, 0, 0, 0, 0, 0, 0, 0, 0, 0, 0], [0, 0, 0, 1, 1, 1, 1, 0, 0, 0, 0, 0, 0, 0, 0, 0, 0, 0], [0, 0, 0, 0, 0, 0, 0, 0, 0, 0, 0, 0, 0, 0, 0, 0, 0, 0], [0, 0, 0, 0, 0, 0, 0, 0, 0, 0, 0, 0, 0, 0, 0, 0, 0, 0], [0, 0, 0, 0, 0, 0, 0, 0, 0, 0, 0, 0, 0, 0, 0, 0, 0, 0], [0, 0, 0, 0, 0, 0, 0, 0, 0, 0, 0, 0, 0, 0, 0, 0, 0, 0], [0, 0, 0, 0, 0, 0, 0, 0, 0, 0, 0, 0, 0, 0, 0, 0, 0, 0]]}, {"input": [[0, 0, 0, 0, 0, 0, 0, 0, 0], [0, 0, 0, 0, 1, 1, 0, 9, 9], [0, 0, 0, 0, 0, 0, 0, 0, 0], [0, 0, 0, 0, 0, 0, 0, 0, 0], [0, 0, 0, 0, 0, 0, 0, 0, 0], [0, 0, 0, 0, 4, 0, 0, 0, 0], [0, 0, 0, 0, 4, 0, 0, 0, 0], [0, 0, 0, 0, 4, 0, 0, 0, 0], [0, 0, 0, 0, 0, 0, 0, 0, 0]], "output": [[0, 0, 0, 0, 0, 0, 0, 0, 0, 0, 0, 0, 0, 0, 0, 0, 0, 0], [0, 0, 0, 0, 1, 1, 1, 9, 9, 9, 9, 0, 0, 0, 0, 0, 0, 0], [0, 0, 0, 0, 1, 1, 1, 9, 9, 9, 9, 0, 0, 0, 0, 0, 0, 0], [0, 0, 0, 0, 0, 0, 0, 0, 0, 0, 0, 0, 0, 0, 0, 0, 0, 0], [0, 0, 0, 0, 0, 0, 0, 0, 0, 0, 0, 0, 0, 0, 0, 0, 0, 0], [0, 0, 0, 0, 4, 4, 0, 0, 0, 0, 0, 0, 0, 0, 0, 0, 0, 0], [0, 0, 0, 0, 4, 4, 0, 0, 0, 0, 0, 0, 0, 0, 0, 0, 0, 0], [0, 0, 0, 0, 4, 4, 0, 0, 0, 0, 0, 0, 0, 0, 0, 0, 0, 0], [0, 0, 0, 0, 4, 4, 0, 0, 0, 0, 0, 0, 0, 0, 0, 0, 0, 0], [0, 0, 0, 0, 4, 4, 0, 0, 0, 0, 0, 0, 0, 0, 0, 0, 0, 0], [0, 0, 0, 0, 4, 4, 0, 0, 0, 0, 0, 0, 0, 0, 0, 0, 0, 0], [0, 0, 0, 0, 0, 0, 0, 0, 0, 0, 0, 0, 0, 0, 0, 0, 0, 0], [0, 0, 0, 0, 0, 0, 0, 0, 0, 0, 0, 0, 0, 0, 0, 0, 0, 0], [0, 0, 0, 0, 0, 0, 0, 0, 0, 0, 0, 0, 0, 0, 0, 0, 0, 0], [0, 0, 0, 0, 0, 0, 0, 0, 0, 0, 0, 0, 0, 0, 0, 0, 0, 0], [0, 0, 0, 0, 0, 0, 0, 0, 0, 0, 0, 0, 0, 0, 0, 0, 0, 0], [0, 0, 0, 0, 0, 0, 0, 0, 0, 0, 0, 0, 0, 0, 0, 0, 0, 0], [0, 0, 0, 0, 0, 0, 0, 0, 0, 0, 0, 0, 0, 0, 0, 0, 0, 0]]}, {"input": [[0, 0, 0, 0, 0, 0, 0, 0, 0], [0, 0, 0, 0, 0, 0, 0, 0, 0], [0, 0, 6, 6, 6, 0, 0, 0, 0], [0, 0, 0, 0, 0, 0, 0, 0, 0], [0, 0, 0, 0, 9, 9, 0, 0, 0], [0, 0, 0, 0, 9, 9, 0, 0, 0], [0, 0, 0, 0, 0, 0, 0, 0, 0], [0, 0, 0, 0, 0, 0, 0, 0, 0]], "output": [[0, 0, 0, 0, 0, 0, 0, 0, 0, 0, 0, 0, 0, 0, 0, 0, 0, 0], [0, 0, 0, 0, 0, 0, 0, 0, 0, 0, 0, 0, 0, 0, 0, 0, 0, 0], [0, 0, 6, 6, 6, 6, 6, 6, 0, 0, 0, 0, 0, 0, 0, 0, 0, 0], [0, 0, 6, 6, 6, 6, 6, 6, 0, 0, 0, 0, 0, 0, 0, 0, 0, 0], [0, 0, 0, 0, 9, 9, 9, 9, 0, 0, 0, 0, 0, 0, 0, 0, 0, 0], [0, 0, 0, 0, 9, 9, 9, 9, 0, 0, 0, 0, 0, 0, 0, 0, 0, 0], [0, 0, 0, 0, 9, 9, 9, 9, 0, 0, 0, 0, 0, 0, 0, 0, 0, 0], [0, 0, 0, 0, 9, 9, 9, 9, 0, 0, 0, 0, 0, 0, 0, 0, 0, 0], [0, 0, 0, 0, 0, 0, 0, 0, 0, 0, 0, 0, 0, 0, 0, 0, 0, 0], [0, 0, 0, 0, 0, 0, 0, 0, 0, 0, 0, 0, 0, 0, 0, 0, 0, 0], [0, 0, 0, 0, 0, 0, 0, 0, 0, 0, 0, 0, 0, 0, 0, 0, 0, 0], [0, 0, 0, 0, 0, 0, 0, 0, 0, 0, 0, 0, 0, 0, 0, 0, 0, 0], [0, 0, 0, 0, 0, 0, 0, 0, 0, 0, 0, 0, 0, 0, 0, 0, 0, 0], [0, 0, 0, 0, 0, 0, 0, 0, 0, 0, 0, 0, 0, 0, 0, 0, 0, 0], [0, 0, 0, 0, 0, 0, 0, 0, 0, 0, 0, 0, 0, 0, 0, 0, 0, 0], [0, 0, 0, 0, 0, 0, 0, 0, 0, 0, 0, 0, 0, 0, 0, 0, 0, 0]]}, {"input": [[0, 6, 6, 0, 0], [0, 3, 0, 0, 0], [0, 3, 0, 0, 0], [0, 3, 0, 0, 1], [0, 0, 7, 7, 7], [0, 0, 7, 7, 7]], "output": [[0, 6, 6, 6, 6, 0, 0, 0, 0, 0], [0, 3, 0, 3, 0, 0, 0, 0, 0, 0], [0, 3, 0, 3, 0, 0, 0, 0, 0, 0], [0, 3, 0, 3, 1, 0, 0, 1, 0, 0], [0, 6, 7, 7, 7, 7, 7, 7, 0, 0], [0, 3, 7, 7, 7, 7, 7, 7, 0, 0], [0, 3, 0, 3, 1, 0, 0, 1, 0, 0], [0, 3, 7, 7, 7, 7, 7, 7, 0, 0], [0, 0, 7, 7, 7, 7, 7, 7, 0, 0], [0, 0, 0, 0, 0, 0, 0, 0, 0, 0], [0, 0, 0, 0, 0, 0, 0, 0, 0, 0], [0, 0, 0, 0, 0, 0, 0, 0, 0, 0]]}, {"input": [[7, 7, 7, 0, 0], [7, 7, 7, 0, 0], [0, 4, 3, 3, 3], [0, 4, 3, 3, 3], [0, 0, 3, 3, 3], [0, 0, 6, 6, 6]], "output": [[7, 7, 7, 0, 0, 7, 7, 7, 0, 0], [7, 7, 7, 0, 0, 7, 7, 7, 0, 0], [0, 4, 3, 3, 3, 0, 4, 3, 3, 3], [0, 4, 3, 3, 3, 0, 4, 3, 3, 3], [0, 0, 3, 3, 3, 0, 0, 3, 3, 3], [0, 0, 6, 6, 6, 0, 0, 6, 6, 6], [7, 7, 7, 0, 0, 7, 7, 7, 0, 0], [7, 7, 7, 0, 0, 7, 7, 7, 0, 0], [0, 4, 3, 3, 3, 0, 4, 3, 3, 3], [0, 4, 3, 3, 3, 0, 4, 3, 3, 3], [0, 0, 3, 3, 3, 0, 0, 3, 3, 3], [0, 0, 6, 6, 6, 0, 0, 6, 6, 6]]}, {"input": [[0, 0, 0, 0, 0], [0, 0, 1, 1, 1], [0, 0, 0, 0, 9], [0, 2, 2, 2, 0], [0, 0, 3, 3, 3]], "output": [[0, 0, 0, 0, 0, 0, 0, 0, 0, 0], [0, 0, 1, 1, 1, 1, 1, 1, 0, 0], [0, 0, 0, 0, 9, 0, 0, 9, 0, 0], [0, 2, 2, 2, 1, 2, 2, 2, 0, 0], [0, 0, 3, 3, 3, 0, 3, 3, 3, 0], [0, 2, 2, 2, 0, 2, 2, 2, 0, 0], [0, 0, 3, 3, 3, 0, 3, 3, 3, 0], [0, 0, 0, 0, 0, 0, 0, 0, 0, 0], [0, 0, 0, 0, 0, 0, 0, 0, 0, 0], [0, 0, 0, 0, 0, 0, 0, 0, 0, 0]]}, {"input": [[0, 0, 0, 0, 0, 0, 0], [0, 0, 0, 0, 0, 0, 0], [0, 8, 8, 0, 0, 0, 0], [0, 8, 8, 0, 0, 0, 0], [0, 0, 0, 0, 0, 0, 0], [9, 0, 0, 0, 0, 0, 0], [9, 0, 0, 0, 0, 7, 7], [0, 0, 0, 0, 0, 0, 0]], "output": [[0, 0, 0, 0, 0, 0, 0, 0, 0, 0, 0, 0, 0, 0], [0, 0, 0, 0, 0, 0, 0, 0, 0, 0, 0, 0, 0, 0], [0, 8, 8, 8, 8, 0, 0, 0, 0, 0, 0, 0, 0, 0], [0, 8, 8, 8, 8, 0, 0, 0, 0, 0, 0, 0, 0, 0], [0, 8, 8, 8, 8, 0, 0, 0, 0, 0, 0, 0, 0, 0], [9, 9, 8, 8, 8, 0, 0, 0, 0, 0, 0, 0, 0, 0], [9, 9, 0, 0, 0, 7, 7, 7, 7, 0, 0, 0, 0, 0], [9, 9, 0, 0, 0, 7, 7, 7, 7, 0, 0, 0, 0, 0], [9, 9, 0, 0, 0, 0, 0, 0, 0, 0, 0, 0, 0, 0], [0, 0, 0, 0, 0, 0, 0, 0, 0, 0, 0, 0, 0, 0], [0, 0, 0, 0, 0, 0, 0, 0, 0, 0, 0, 0, 0, 0], [0, 0, 0, 0, 0, 0, 0, 0, 0, 0, 0, 0, 0, 0], [0, 0, 0, 0, 0, 0, 0, 0, 0, 0, 0, 0, 0, 0], [0, 0, 0, 0, 0, 0, 0, 0, 0, 0, 0, 0, 0, 0], [0, 0, 0, 0, 0, 0, 0, 0, 0, 0, 0, 0, 0, 0], [0, 0, 0, 0, 0, 0, 0, 0, 0, 0, 0, 0, 0, 0]]}, {"input": [[0, 0, 0, 0, 0, 0], [0, 0, 0, 0, 0, 0], [4, 4, 4, 0, 0, 0], [4, 4, 4, 0, 0, 0], [0, 0, 0, 0, 0, 0], [0, 0, 0, 0, 0, 0], [0, 0, 0, 0, 0, 0], [0, 0, 1, 1, 1, 0], [0, 0, 1, 1, 1, 9]], "output": [[0, 0, 0, 0, 0, 0, 0, 0, 0, 0, 0, 0], [0, 0, 0, 0, 0, 0, 0, 0, 0, 0, 0, 0], [4, 4, 4, 4, 4, 4, 0, 0, 0, 0, 0, 0], [4, 4, 4, 4, 4, 4, 0, 0, 0, 0, 0, 0], [4, 4, 4, 4, 4, 4, 0, 0, 0, 0, 0, 0], [4, 4, 4, 4, 4, 4, 0, 0, 0, 0, 0, 0], [0, 0, 0, 0, 0, 0, 0, 0, 0, 0, 0, 0], [0, 0, 1, 1, 1, 0, 1, 1, 1, 0, 0, 0], [0, 0, 1, 1, 1, 9, 1, 1, 1, 9, 0, 0], [0, 0, 1, 1, 1, 0, 1, 1, 1, 0, 0, 0], [0, 0, 1, 1, 1, 9, 1, 1, 1, 9, 0, 0], [0, 0, 0, 0, 0, 0, 0, 0, 0, 0, 0, 0], [0, 0, 0, 0, 0, 0, 0, 0, 0, 0, 0, 0], [0, 0, 0, 0, 0, 0, 0, 0, 0, 0, 0, 0], [0, 0, 0, 0, 0, 0, 0, 0, 0, 0, 0, 0], [0, 0, 0, 0, 0, 0, 0, 0, 0, 0, 0, 0], [0, 0, 0, 0, 0, 0, 0, 0, 0, 0, 0, 0], [0, 0, 0, 0, 0, 0, 0, 0, 0, 0, 0, 0]]}, {"input": [[0, 0, 0, 0, 0, 0, 0, 0], [0, 0, 0, 4, 4, 0, 0, 0], [0, 9, 9, 9, 0, 0, 0, 0], [0, 9, 9, 9, 0, 0, 0, 0], [0, 9, 9, 9, 0, 0, 0, 0], [0, 0, 0, 0, 0, 1, 0, 0]], "output": [[0, 0, 0, 0, 0, 0, 0, 0, 0, 0, 0, 0, 0, 0, 0, 0], [0, 0, 0, 4, 4, 0, 0, 4, 4, 0, 0, 0, 0, 0, 0, 0], [0, 9, 9, 9, 0, 9, 9, 9, 0, 0, 0, 0, 0, 0, 0, 0], [0, 9, 9, 9, 0, 9, 9, 9, 0, 0, 0, 0, 0, 0, 0, 0], [0, 9, 9, 9, 0, 9, 9, 9, 0, 0, 0, 0, 0, 0, 0, 0], [0, 0, 0, 4, 4, 1, 1, 4, 4, 0, 0, 0, 0, 0, 0, 0], [0, 9, 9, 9, 0, 1, 1, 9, 0, 0, 0, 0, 0, 0, 0, 0], [0, 9, 9, 9, 0, 9, 9, 9, 0, 0, 0, 0, 0, 0, 0, 0], [0, 9, 9, 9, 0, 9, 9, 9, 0, 0, 0, 0, 0, 0, 0, 0], [0, 0, 0, 0, 0, 0, 0, 0, 0, 0, 0, 0, 0, 0, 0, 0], [0, 0, 0, 0, 0, 0, 0, 0, 0, 0, 0, 0, 0, 0, 0, 0], [0, 0, 0, 0, 0, 0, 0, 0, 0, 0, 0, 0, 0, 0, 0, 0]]}, {"input": [[0, 0, 0, 0, 0, 0], [0, 0, 0, 0, 6, 0], [0, 0, 7, 0, 6, 0], [0, 0, 7, 0, 6, 0], [0, 0, 7, 5, 5, 5], [0, 9, 0, 0, 0, 0]], "output": [[0, 0, 0, 0, 0, 0, 0, 0, 0, 0, 0, 0], [0, 0, 0, 0, 6, 0, 0, 0, 6, 0, 0, 0], [0, 0, 7, 0, 6, 0, 7, 0, 6, 0, 0, 0], [0, 0, 7, 0, 6, 0, 7, 0, 6, 0, 0, 0], [0, 0, 7, 5, 5, 5, 7, 5, 5, 5, 0, 0], [0, 9, 9, 0, 6, 0, 0, 0, 6, 0, 0, 0], [0, 9, 9, 0, 6, 0, 7, 0, 6, 0, 0, 0], [0, 0, 7, 0, 6, 0, 7, 0, 6, 0, 0, 0], [0, 0, 7, 5, 5, 5, 7, 5, 5, 5, 0, 0], [0, 0, 0, 0, 0, 0, 0, 0, 0, 0, 0, 0], [0, 0, 0, 0, 0, 0, 0, 0, 0, 0, 0, 0], [0, 0, 0, 0, 0, 0, 0, 0, 0, 0, 0, 0]]}, {"input": [[0, 0, 9, 9, 9, 0, 0], [0, 3, 9, 9, 9, 0, 0], [0, 0, 9, 9, 9, 0, 0], [0, 2, 2, 2, 0, 0, 0], [0, 0, 6, 6, 6, 0, 0]], "output": [[0, 0, 9, 9, 9, 0, 9, 9, 9, 0, 0, 0, 0, 0], [0, 3, 9, 9, 9, 3, 9, 9, 9, 0, 0, 0, 0, 0], [0, 0, 9, 9, 9, 0, 9, 9, 9, 0, 0, 0, 0, 0], [0, 2, 2, 2, 0, 2, 2, 2, 0, 0, 0, 0, 0, 0], [0, 0, 6, 6, 6, 0, 6, 6, 6, 0, 0, 0, 0, 0], [0, 0, 9, 9, 9, 0, 9, 9, 9, 0, 0, 0, 0, 0], [0, 3, 9, 9, 9, 3, 9, 9, 9, 0, 0, 0, 0, 0], [0, 0, 9, 9, 9, 0, 9, 9, 9, 0, 0, 0, 0, 0], [0, 2, 2, 2, 0, 2, 2, 2, 0, 0, 0, 0, 0, 0], [0, 0, 6, 6, 6, 0, 6, 6, 6, 0, 0, 0, 0, 0]]}, {"input": [[0, 0, 0, 0, 0, 0], [0, 0, 0, 0, 0, 0], [0, 8, 8, 1, 1, 1], [2, 0, 0, 1, 1, 1], [2, 0, 0, 0, 0, 6], [0, 0, 0, 0, 0, 6]], "output": [[0, 0, 0, 0, 0, 0, 0, 0, 0, 0, 0, 0], [0, 0, 0, 0, 0, 0, 0, 0, 0, 0, 0, 0], [0, 8, 8, 1, 1, 1, 8, 8, 1, 1, 1, 0], [2, 2, 0, 1, 1, 1, 0, 0, 1, 1, 1, 0], [2, 2, 0, 0, 0, 6, 0, 0, 0, 0, 6, 0], [2, 2, 0, 0, 0, 6, 0, 0, 0, 0, 6, 0], [2, 2, 8, 1, 1, 1, 8, 8, 1, 1, 1, 0], [0, 0, 0, 1, 1, 1, 0, 0, 1, 1, 1, 0], [0, 0, 0, 0, 0, 6, 0, 0, 0, 0, 6, 0], [0, 0, 0, 0, 0, 6, 0, 0, 0, 0, 6, 0], [0, 0, 0, 0, 0, 0, 0, 0, 0, 0, 0, 0], [0, 0, 0, 0, 0, 0, 0, 0, 0, 0, 0, 0]]}, {"input": [[0, 0, 0, 0, 0, 0], [0, 0, 0, 0, 0, 0], [0, 0, 0, 0, 0, 0], [0, 7, 7, 7, 0, 0], [0, 7, 7, 7, 0, 0], [0, 0, 6, 6, 6, 0], [0, 0, 6, 6, 6, 0], [0, 0, 6, 6, 6, 0], [0, 0, 0, 0, 0, 0]], "output": [[0, 0, 0, 0, 0, 0, 0, 0, 0, 0, 0, 0], [0, 0, 0, 0, 0, 0, 0, 0, 0, 0, 0, 0], [0, 0, 0, 0, 0, 0, 0, 0, 0, 0, 0, 0], [0, 7, 7, 7, 0, 7, 7, 7, 0, 0, 0, 0], [0, 7, 7, 7, 0, 7, 7, 7, 0, 0, 0, 0], [0, 0, 6, 6, 6, 0, 6, 6, 6, 0, 0, 0], [0, 0, 6, 6, 6, 0, 6, 6, 6, 0, 0, 0], [0, 0, 6, 6, 6, 0, 6, 6, 6, 0, 0, 0], [0, 7, 7, 7, 0, 7, 7, 7, 0, 0, 0, 0], [0, 7, 7, 7, 0, 7, 7, 7, 0, 0, 0, 0], [0, 0, 6, 6, 6, 0, 6, 6, 6, 0, 0, 0], [0, 0, 6, 6, 6, 0, 6, 6, 6, 0, 0, 0], [0, 0, 6, 6, 6, 0, 6, 6, 6, 0, 0, 0], [0, 0, 0, 0, 0, 0, 0, 0, 0, 0, 0, 0], [0, 0, 0, 0, 0, 0, 0, 0, 0, 0, 0, 0], [0, 0, 0, 0, 0, 0, 0, 0, 0, 0, 0, 0], [0, 0, 0, 0, 0, 0, 0, 0, 0, 0, 0, 0], [0, 0, 0, 0, 0, 0, 0, 0, 0, 0, 0, 0]]}, {"input": [[0, 0, 0, 0, 0, 0], [9, 9, 0, 0, 0, 0], [9, 9, 0, 0, 0, 0], [9, 9, 0, 3, 3, 3], [0, 0, 0, 0, 0, 0], [0, 0, 0, 0, 0, 0], [0, 0, 0, 0, 0, 0], [0, 0, 0, 0, 0, 0], [0, 0, 0, 0, 0, 0]], "output": [[0, 0, 0, 0, 0, 0, 0, 0, 0, 0, 0, 0], [9, 9, 9, 9, 0, 0, 0, 0, 0, 0, 0, 0], [9, 9, 9, 9, 0, 0, 0, 0, 0, 0, 0, 0], [9, 9, 9, 3, 3, 3, 3, 3, 3, 0, 0, 0], [9, 9, 9, 3, 3, 3, 3, 3, 3, 0, 0, 0], [9, 9, 9, 9, 0, 0, 0, 0, 0, 0, 0, 0], [9, 9, 9, 9, 0, 0, 0, 0, 0, 0, 0, 0], [0, 0, 0, 0, 0, 0, 0, 0, 0, 0, 0, 0], [0, 0, 0, 0, 0, 0, 0, 0, 0, 0, 0, 0], [0, 0, 0, 0, 0, 0, 0, 0, 0, 0, 0, 0], [0, 0, 0, 0, 0, 0, 0, 0, 0, 0, 0, 0], [0, 0, 0, 0, 0, 0, 0, 0, 0, 0, 0, 0], [0, 0, 0, 0, 0, 0, 0, 0, 0, 0, 0, 0], [0, 0, 0, 0, 0, 0, 0, 0, 0, 0, 0, 0], [0, 0, 0, 0, 0, 0, 0, 0, 0, 0, 0, 0], [0, 0, 0, 0, 0, 0, 0, 0, 0, 0, 0, 0], [0, 0, 0, 0, 0, 0, 0, 0, 0, 0, 0, 0], [0, 0, 0, 0, 0, 0, 0, 0, 0, 0, 0, 0]]}, {"input": [[0, 4, 4, 4, 0, 0, 0], [0, 4, 4, 4, 0, 0, 0], [0, 3, 3, 3, 7, 7, 0], [0, 0, 0, 0, 7, 7, 0], [0, 0, 2, 2, 2, 0, 0]], "output": [[0, 4, 4, 4, 0, 0, 4, 4, 4, 0, 0, 0, 0, 0], [0, 4, 4, 4, 0, 0, 4, 4, 4, 0, 0, 0, 0, 0], [0, 3, 3, 3, 7, 7, 3, 3, 3, 7, 7, 0, 0, 0], [0, 0, 0, 0, 7, 7, 0, 0, 0, 7, 7, 0, 0, 0], [0, 0, 2, 2, 2, 0, 0, 2, 2, 2, 0, 0, 0, 0], [0, 4, 4, 4, 0, 0, 4, 4, 4, 0, 0, 0, 0, 0], [0, 4, 4, 4, 0, 0, 4, 4, 4, 0, 0, 0, 0, 0], [0, 3, 3, 3, 7, 7, 3, 3, 3, 7, 7, 0, 0, 0], [0, 0, 0, 0, 7, 7, 0, 0, 0, 7, 7, 0, 0, 0], [0, 0, 2, 2, 2, 0, 0, 2, 2, 2, 0, 0, 0, 0]]}, {"input": [[0, 0, 0, 0, 0], [9, 9, 2, 2, 2], [9, 9, 2, 2, 2], [5, 5, 2, 2, 2], [5, 5, 4, 4, 4], [5, 5, 4, 4, 4]], "output": [[0, 0, 0, 0, 0, 0, 0, 0, 0, 0], [9, 9, 2, 2, 2, 9, 9, 2, 2, 2], [9, 9, 2, 2, 2, 9, 9, 2, 2, 2], [5, 5, 2, 2, 2, 5, 5, 2, 2, 2], [5, 5, 4, 4, 4, 5, 5, 4, 4, 4], [5, 5, 4, 4, 4, 5, 5, 4, 4, 4], [9, 9, 2, 2, 2, 9, 9, 2, 2, 2], [9, 9, 2, 2, 2, 9, 9, 2, 2, 2], [5, 5, 2, 2, 2, 5, 5, 2, 2, 2], [5, 5, 4, 4, 4, 5, 5, 4, 4, 4], [5, 5, 4, 4, 4, 5, 5, 4, 4, 4], [0, 0, 0, 0, 0, 0, 0, 0, 0, 0]]}, {"input": [[3, 0, 0, 0, 0, 0, 0, 0], [3, 0, 0, 0, 0, 8, 8, 0], [0, 0, 0, 0, 0, 8, 8, 0], [0, 0, 0, 0, 0, 0, 0, 0], [0, 0, 0, 0, 0, 0, 0, 0], [0, 0, 0, 0, 0, 0, 0, 0], [2, 2, 0, 0, 0, 0, 0, 0], [2, 2, 0, 0, 0, 0, 0, 0]], "output": [[3, 3, 0, 0, 0, 0, 0, 0, 0, 0, 0, 0, 0, 0, 0, 0], [3, 3, 0, 0, 0, 8, 8, 8, 8, 0, 0, 0, 0, 0, 0, 0], [3, 3, 0, 0, 0, 8, 8, 8, 8, 0, 0, 0, 0, 0, 0, 0], [3, 3, 0, 0, 0, 8, 8, 8, 8, 0, 0, 0, 0, 0, 0, 0], [0, 0, 0, 0, 0, 8, 8, 8, 8, 0, 0, 0, 0, 0, 0, 0], [0, 0, 0, 0, 0, 0, 0, 0, 0, 0, 0, 0, 0, 0, 0, 0], [2, 2, 2, 2, 0, 0, 0, 0, 0, 0, 0, 0, 0, 0, 0, 0], [2, 2, 2, 2, 0, 0, 0, 0, 0, 0, 0, 0, 0, 0, 0, 0], [2, 2, 2, 2, 0, 0, 0, 0, 0, 0, 0, 0, 0, 0, 0, 0], [2, 2, 2, 2, 0, 0, 0, 0, 0, 0, 0, 0, 0, 0, 0, 0], [0, 0, 0, 0, 0, 0, 0, 0, 0, 0, 0, 0, 0, 0, 0, 0], [0, 0, 0, 0, 0, 0, 0, 0, 0, 0, 0, 0, 0, 0, 0, 0], [0, 0, 0, 0, 0, 0, 0, 0, 0, 0, 0, 0, 0, 0, 0, 0], [0, 0, 0, 0, 0, 0, 0, 0, 0, 0, 0, 0, 0, 0, 0, 0], [0, 0, 0, 0, 0, 0, 0, 0, 0, 0, 0, 0, 0, 0, 0, 0], [0, 0, 0, 0, 0, 0, 0, 0, 0, 0, 0, 0, 0, 0, 0, 0]]}, {"input": [[0, 0, 1, 1, 1, 0, 0], [0, 0, 1, 1, 1, 0, 0], [0, 0, 1, 1, 1, 0, 0], [0, 3, 3, 3, 0, 0, 0], [6, 3, 3, 3, 0, 0, 0], [6, 3, 3, 3, 0, 0, 0], [6, 0, 0, 4, 4, 0, 0]], "output": [[0, 0, 1, 1, 1, 0, 0, 1, 1, 1, 0, 0, 0, 0], [0, 0, 1, 1, 1, 0, 0, 1, 1, 1, 0, 0, 0, 0], [0, 0, 1, 1, 1, 0, 0, 1, 1, 1, 0, 0, 0, 0], [0, 3, 3, 3, 0, 0, 3, 3, 3, 0, 0, 0, 0, 0], [6, 3, 3, 3, 0, 6, 3, 3, 3, 0, 0, 0, 0, 0], [6, 3, 3, 3, 0, 6, 3, 3, 3, 0, 0, 0, 0, 0], [6, 0, 0, 4, 4, 6, 0, 0, 4, 4, 0, 0, 0, 0], [0, 0, 1, 1, 1, 0, 0, 1, 1, 1, 0, 0, 0, 0], [0, 0, 1, 1, 1, 0, 0, 1, 1, 1, 0, 0, 0, 0], [0, 0, 1, 1, 1, 0, 0, 1, 1, 1, 0, 0, 0, 0], [0, 3, 3, 3, 0, 0, 3, 3, 3, 0, 0, 0, 0, 0], [6, 3, 3, 3, 0, 6, 3, 3, 3, 0, 0, 0, 0, 0], [6, 3, 3, 3, 0, 6, 3, 3, 3, 0, 0, 0, 0, 0], [6, 0, 0, 4, 4, 6, 0, 0, 4, 4, 0, 0, 0, 0]]}, {"input": [[0, 0, 0, 0, 0], [8, 8, 0, 0, 0], [8, 8, 6, 6, 6], [8, 8, 6, 6, 6], [0, 0, 6, 6, 6], [0, 0, 0, 0, 0]], "output": [[0, 0, 0, 0, 0, 0, 0, 0, 0, 0], [8, 8, 0, 0, 0, 8, 8, 0, 0, 0], [8, 8, 6, 6, 6, 8, 8, 6, 6, 6], [8, 8, 6, 6, 6, 8, 8, 6, 6, 6], [0, 0, 6, 6, 6, 0, 0, 6, 6, 6], [8, 8, 0, 0, 0, 8, 8, 0, 0, 0], [8, 8, 6, 6, 6, 8, 8, 6, 6, 6], [8, 8, 6, 6, 6, 8, 8, 6, 6, 6], [0, 0, 6, 6, 6, 0, 0, 6, 6, 6], [0, 0, 0, 0, 0, 0, 0, 0, 0, 0], [0, 0, 0, 0, 0, 0, 0, 0, 0, 0], [0, 0, 0, 0, 0, 0, 0, 0, 0, 0]]}, {"input": [[0, 0, 0, 0, 0, 0], [0, 0, 0, 0, 0, 0], [0, 0, 0, 0, 0, 0], [0, 0, 0, 0, 0, 0], [3, 3, 0, 0, 0, 0], [0, 0, 0, 0, 0, 0], [5, 5, 0, 0, 0, 7], [5, 5, 0, 0, 0, 7]], "output": [[0, 0, 0, 0, 0, 0, 0, 0, 0, 0, 0, 0], [0, 0, 0, 0, 0, 0, 0, 0, 0, 0, 0, 0], [0, 0, 0, 0, 0, 0, 0, 0, 0, 0, 0, 0], [0, 0, 0, 0, 0, 0, 0, 0, 0, 0, 0, 0], [3, 3, 3, 3, 0, 0, 0, 0, 0, 0, 0, 0], [3, 3, 3, 3, 0, 0, 0, 0, 0, 0, 0, 0], [5, 5, 5, 5, 0, 7, 7, 0, 0, 0, 0, 0], [5, 5, 5, 5, 0, 7, 7, 0, 0, 0, 0, 0], [5, 5, 5, 5, 0, 7, 7, 0, 0, 0, 0, 0], [5, 5, 5, 5, 0, 7, 7, 0, 0, 0, 0, 0], [0, 0, 0, 0, 0, 0, 0, 0, 0, 0, 0, 0], [0, 0, 0, 0, 0, 0, 0, 0, 0, 0, 0, 0], [0, 0, 0, 0, 0, 0, 0, 0, 0, 0, 0, 0], [0, 0, 0, 0, 0, 0, 0, 0, 0, 0, 0, 0], [0, 0, 0, 0, 0, 0, 0, 0, 0, 0, 0, 0], [0, 0, 0, 0, 0, 0, 0, 0, 0, 0, 0, 0]]}, {"input": [[0, 0, 0, 0, 0, 0, 0], [0, 0, 0, 1, 1, 0, 0], [0, 7, 7, 7, 0, 0, 0], [0, 0, 0, 0, 0, 0, 0], [0, 0, 0, 0, 0, 0, 0], [0, 0, 0, 0, 0, 0, 0], [0, 0, 0, 0, 0, 0, 0]], "output": [[0, 0, 0, 0, 0, 0, 0, 0, 0, 0, 0, 0, 0, 0], [0, 0, 0, 1, 1, 0, 0, 1, 1, 0, 0, 0, 0, 0], [0, 7, 7, 7, 0, 7, 7, 7, 0, 0, 0, 0, 0, 0], [0, 0, 0, 1, 1, 0, 0, 1, 1, 0, 0, 0, 0, 0], [0, 7, 7, 7, 0, 7, 7, 7, 0, 0, 0, 0, 0, 0], [0, 0, 0, 0, 0, 0, 0, 0, 0, 0, 0, 0, 0, 0], [0, 0, 0, 0, 0, 0, 0, 0, 0, 0, 0, 0, 0, 0], [0, 0, 0, 0, 0, 0, 0, 0, 0, 0, 0, 0, 0, 0], [0, 0, 0, 0, 0, 0, 0, 0, 0, 0, 0, 0, 0, 0], [0, 0, 0, 0, 0, 0, 0, 0, 0, 0, 0, 0, 0, 0], [0, 0, 0, 0, 0, 0, 0, 0, 0, 0, 0, 0, 0, 0], [0, 0, 0, 0, 0, 0, 0, 0, 0, 0, 0, 0, 0, 0], [0, 0, 0, 0, 0, 0, 0, 0, 0, 0, 0, 0, 0, 0], [0, 0, 0, 0, 0, 0, 0, 0, 0, 0, 0, 0, 0, 0]]}, {"input": [[0, 0, 0, 0, 0, 0, 0, 0, 0], [0, 0, 0, 0, 0, 5, 5, 5, 0], [0, 0, 0, 0, 0, 5, 5, 5, 0], [0, 0, 0, 0, 0, 5, 5, 5, 0], [0, 0, 0, 0, 0, 0, 0, 0, 0], [0, 0, 0, 0, 0, 0, 0, 0, 0], [0, 0, 0, 0, 0, 0, 0, 2, 2], [0, 0, 0, 0, 0, 0, 0, 2, 2]], "output": [[0, 0, 0, 0, 0, 0, 0, 0, 0, 0, 0, 0, 0, 0, 0, 0, 0, 0], [0, 0, 0, 0, 0, 5, 5, 5, 5, 5, 5, 0, 0, 0, 0, 0, 0, 0], [0, 0, 0, 0, 0, 5, 5, 5, 5, 5, 5, 0, 0, 0, 0, 0, 0, 0], [0, 0, 0, 0, 0, 5, 5, 5, 5, 5, 5, 0, 0, 0, 0, 0, 0, 0], [0, 0, 0, 0, 0, 5, 5, 5, 5, 5, 5, 0, 0, 0, 0, 0, 0, 0], [0, 0, 0, 0, 0, 5, 5, 5, 5, 5, 5, 0, 0, 0, 0, 0, 0, 0], [0, 0, 0, 0, 0, 5, 5, 2, 2, 2, 2, 0, 0, 0, 0, 0, 0, 0], [0, 0, 0, 0, 0, 0, 0, 2, 2, 2, 2, 0, 0, 0, 0, 0, 0, 0], [0, 0, 0, 0, 0, 0, 0, 2, 2, 2, 2, 0, 0, 0, 0, 0, 0, 0], [0, 0, 0, 0, 0, 0, 0, 2, 2, 2, 2, 0, 0, 0, 0, 0, 0, 0], [0, 0, 0, 0, 0, 0, 0, 0, 0, 0, 0, 0, 0, 0, 0, 0, 0, 0], [0, 0, 0, 0, 0, 0, 0, 0, 0, 0, 0, 0, 0, 0, 0, 0, 0, 0], [0, 0, 0, 0, 0, 0, 0, 0, 0, 0, 0, 0, 0, 0, 0, 0, 0, 0], [0, 0, 0, 0, 0, 0, 0, 0, 0, 0, 0, 0, 0, 0, 0, 0, 0, 0], [0, 0, 0, 0, 0, 0, 0, 0, 0, 0, 0, 0, 0, 0, 0, 0, 0, 0], [0, 0, 0, 0, 0, 0, 0, 0, 0, 0, 0, 0, 0, 0, 0, 0, 0, 0]]}, {"input": [[0, 0, 0, 0, 0, 0, 0, 0, 0], [0, 0, 0, 0, 0, 0, 0, 0, 0], [0, 0, 1, 1, 0, 0, 0, 0, 0], [0, 0, 1, 1, 0, 0, 0, 0, 0], [6, 6, 6, 0, 0, 0, 0, 2, 0], [6, 6, 6, 0, 0, 0, 0, 0, 0], [0, 0, 0, 0, 0, 0, 0, 0, 0], [0, 0, 0, 0, 0, 0, 0, 0, 0], [0, 0, 0, 0, 0, 0, 0, 0, 0]], "output": [[0, 0, 0, 0, 0, 0, 0, 0, 0, 0, 0, 0, 0, 0, 0, 0, 0, 0], [0, 0, 0, 0, 0, 0, 0, 0, 0, 0, 0, 0, 0, 0, 0, 0, 0, 0], [0, 0, 1, 1, 0, 0, 1, 1, 0, 0, 0, 0, 0, 0, 0, 0, 0, 0], [0, 0, 1, 1, 0, 0, 1, 1, 0, 0, 0, 0, 0, 0, 0, 0, 0, 0], [6, 6, 6, 0, 6, 6, 6, 2, 2, 0, 0, 0, 0, 0, 0, 0, 0, 0], [6, 6, 6, 0, 6, 6, 6, 2, 2, 0, 0, 0, 0, 0, 0, 0, 0, 0], [0, 0, 1, 1, 0, 0, 1, 1, 0, 0, 0, 0, 0, 0, 0, 0, 0, 0], [0, 0, 1, 1, 0, 0, 1, 1, 0, 0, 0, 0, 0, 0, 0, 0, 0, 0], [6, 6, 6, 0, 6, 6, 6, 0, 0, 0, 0, 0, 0, 0, 0, 0, 0, 0], [6, 6, 6, 0, 6, 6, 6, 0, 0, 0, 0, 0, 0, 0, 0, 0, 0, 0], [0, 0, 0, 0, 0, 0, 0, 0, 0, 0, 0, 0, 0, 0, 0, 0, 0, 0], [0, 0, 0, 0, 0, 0, 0, 0, 0, 0, 0, 0, 0, 0, 0, 0, 0, 0], [0, 0, 0, 0, 0, 0, 0, 0, 0, 0, 0, 0, 0, 0, 0, 0, 0, 0], [0, 0, 0, 0, 0, 0, 0, 0, 0, 0, 0, 0, 0, 0, 0, 0, 0, 0], [0, 0, 0, 0, 0, 0, 0, 0, 0, 0, 0, 0, 0, 0, 0, 0, 0, 0], [0, 0, 0, 0, 0, 0, 0, 0, 0, 0, 0, 0, 0, 0, 0, 0, 0, 0], [0, 0, 0, 0, 0, 0, 0, 0, 0, 0, 0, 0, 0, 0, 0, 0, 0, 0], [0, 0, 0, 0, 0, 0, 0, 0, 0, 0, 0, 0, 0, 0, 0, 0, 0, 0]]}, {"input": [[0, 0, 0, 0, 7], [2, 2, 2, 0, 7], [2, 2, 2, 0, 0], [2, 2, 2, 0, 0], [0, 0, 9, 9, 0], [0, 0, 0, 0, 0]], "output": [[0, 0, 0, 0, 7, 7, 0, 0, 0, 0], [2, 2, 2, 0, 2, 2, 2, 0, 0, 0], [2, 2, 2, 0, 2, 2, 2, 0, 0, 0], [2, 2, 2, 0, 2, 2, 2, 0, 0, 0], [0, 0, 9, 9, 0, 0, 9, 9, 0, 0], [2, 2, 2, 0, 2, 2, 2, 0, 0, 0], [2, 2, 2, 0, 2, 2, 2, 0, 0, 0], [2, 2, 2, 0, 2, 2, 2, 0, 0, 0], [0, 0, 9, 9, 0, 0, 9, 9, 0, 0], [0, 0, 0, 0, 0, 0, 0, 0, 0, 0], [0, 0, 0, 0, 0, 0, 0, 0, 0, 0], [0, 0, 0, 0, 0, 0, 0, 0, 0, 0]]}, {"input": [[0, 0, 0, 0, 0, 0, 0, 0], [0, 0, 0, 0, 0, 0, 0, 0], [0, 0, 4, 0, 0, 0, 0, 0], [0, 0, 4, 0, 0, 0, 0, 0], [0, 0, 4, 0, 0, 0, 0, 0], [8, 0, 0, 0, 0, 0, 0, 0], [0, 0, 0, 0, 0, 0, 0, 0]], "output": [[0, 0, 0, 0, 0, 0, 0, 0, 0, 0, 0, 0, 0, 0, 0, 0], [0, 0, 0, 0, 0, 0, 0, 0, 0, 0, 0, 0, 0, 0, 0, 0], [0, 0, 4, 4, 0, 0, 0, 0, 0, 0, 0, 0, 0, 0, 0, 0], [0, 0, 4, 4, 0, 0, 0, 0, 0, 0, 0, 0, 0, 0, 0, 0], [0, 0, 4, 4, 0, 0, 0, 0, 0, 0, 0, 0, 0, 0, 0, 0], [8, 8, 4, 4, 0, 0, 0, 0, 0, 0, 0, 0, 0, 0, 0, 0], [8, 8, 4, 4, 0, 0, 0, 0, 0, 0, 0, 0, 0, 0, 0, 0], [0, 0, 4, 4, 0, 0, 0, 0, 0, 0, 0, 0, 0, 0, 0, 0], [0, 0, 0, 0, 0, 0, 0, 0, 0, 0, 0, 0, 0, 0, 0, 0], [0, 0, 0, 0, 0, 0, 0, 0, 0, 0, 0, 0, 0, 0, 0, 0], [0, 0, 0, 0, 0, 0, 0, 0, 0, 0, 0, 0, 0, 0, 0, 0], [0, 0, 0, 0, 0, 0, 0, 0, 0, 0, 0, 0, 0, 0, 0, 0], [0, 0, 0, 0, 0, 0, 0, 0, 0, 0, 0, 0, 0, 0, 0, 0], [0, 0, 0, 0, 0, 0, 0, 0, 0, 0, 0, 0, 0, 0, 0, 0]]}], "test": [{"input": [[0, 0, 0, 0, 0], [0, 0, 0, 0, 0], [0, 7, 7, 0, 0], [0, 0, 0, 8, 0], [9, 9, 0, 8, 0], [9, 9, 0, 8, 0], [9, 9, 0, 0, 0]], "output": [[0, 0, 0, 0, 0, 0, 0, 0, 0, 0], [0, 0, 0, 0, 0, 0, 0, 0, 0, 0], [0, 7, 7, 7, 7, 0, 0, 0, 0, 0], [0, 7, 7, 8, 8, 0, 0, 0, 0, 0], [9, 9, 9, 9, 8, 0, 0, 0, 0, 0], [9, 9, 9, 9, 8, 0, 0, 0, 0, 0], [9, 9, 9, 9, 8, 0, 0, 0, 0, 0], [9, 9, 9, 9, 8, 0, 0, 0, 0, 0], [9, 9, 9, 9, 8, 0, 0, 0, 0, 0], [9, 9, 9, 9, 0, 0, 0, 0, 0, 0], [0, 0, 0, 0, 0, 0, 0, 0, 0, 0], [0, 0, 0, 0, 0, 0, 0, 0, 0, 0], [0, 0, 0, 0, 0, 0, 0, 0, 0, 0], [0, 0, 0, 0, 0, 0, 0, 0, 0, 0]]}, {"input": [[5, 5, 5, 0, 0, 0, 0], [0, 7, 0, 0, 0, 0, 0], [0, 7, 0, 0, 0, 0, 0], [0, 8, 0, 0, 0, 0, 0], [0, 8, 0, 0, 0, 0, 0], [0, 8, 0, 0, 0, 0, 0], [0, 0, 0, 0, 0, 0, 0]], "output": [[5, 5, 5, 5, 5, 5, 0, 0, 0, 0, 0, 0, 0, 0], [0, 7, 0, 0, 7, 0, 0, 0, 0, 0, 0, 0, 0, 0], [0, 7, 0, 0, 7, 0, 0, 0, 0, 0, 0, 0, 0, 0], [0, 8, 0, 0, 8, 0, 0, 0, 0, 0, 0, 0, 0, 0], [0, 8, 0, 0, 8, 0, 0, 0, 0, 0, 0, 0, 0, 0], [0, 8, 0, 0, 8, 0, 0, 0, 0, 0, 0, 0, 0, 0], [5, 5, 5, 5, 5, 5, 0, 0, 0, 0, 0, 0, 0, 0], [0, 7, 0, 0, 7, 0, 0, 0, 0, 0, 0, 0, 0, 0], [0, 7, 0, 0, 7, 0, 0, 0, 0, 0, 0, 0, 0, 0], [0, 8, 0, 0, 8, 0, 0, 0, 0, 0, 0, 0, 0, 0], [0, 8, 0, 0, 8, 0, 0, 0, 0, 0, 0, 0, 0, 0], [0, 8, 0, 0, 8, 0, 0, 0, 0, 0, 0, 0, 0, 0], [0, 0, 0, 0, 0, 0, 0, 0, 0, 0, 0, 0, 0, 0], [0, 0, 0, 0, 0, 0, 0, 0, 0, 0, 0, 0, 0, 0]]}, {"input": [[0, 0, 0, 0, 0, 0], [0, 0, 0, 0, 0, 0], [0, 0, 7, 7, 0, 0], [0, 3, 7, 7, 0, 0], [0, 3, 2, 2, 2, 0], [0, 0, 1, 1, 0, 0], [0, 0, 0, 0, 0, 0], [0, 0, 0, 0, 0, 0]], "output": [[0, 0, 0, 0, 0, 0, 0, 0, 0, 0, 0, 0], [0, 0, 0, 0, 0, 0, 0, 0, 0, 0, 0, 0], [0, 0, 7, 7, 0, 0, 7, 7, 0, 0, 0, 0], [0, 3, 7, 7, 0, 3, 7, 7, 0, 0, 0, 0], [0, 3, 2, 2, 2, 3, 2, 2, 2, 0, 0, 0], [0, 0, 1, 1, 0, 0, 1, 1, 0, 0, 0, 0], [0, 0, 7, 7, 0, 0, 7, 7, 0, 0, 0, 0], [0, 3, 7, 7, 0, 3, 7, 7, 0, 0, 0, 0], [0, 3, 2, 2, 2, 3, 2, 2, 2, 0, 0, 0], [0, 0, 1, 1, 0, 0, 1, 1, 0, 0, 0, 0], [0, 0, 0, 0, 0, 0, 0, 0, 0, 0, 0, 0], [0, 0, 0, 0, 0, 0, 0, 0, 0, 0, 0, 0], [0, 0, 0, 0, 0, 0, 0, 0, 0, 0, 0, 0], [0, 0, 0, 0, 0, 0, 0, 0, 0, 0, 0, 0], [0, 0, 0, 0, 0, 0, 0, 0, 0, 0, 0, 0], [0, 0, 0, 0, 0, 0, 0, 0, 0, 0, 0, 0]]}]}