{"train": [{"input": [[9, 4, 0, 4, 9], [4, 2, 0, 2, 4], [3, 1, 0, 1, 3], [7, 8, 0, 8, 7], [6, 7, 0, 7, 6]], "output": [[4, 8, 0, 8, 4], [8, 3, 0, 3, 8], [1, 2, 0, 2, 1], [6, 9, 0, 9, 6], [5, 6, 0, 6, 5]]}, {"input": [[4, 5, 5, 4], [4, 8, 8, 4], [3, 7, 7, 3], [8, 6, 6, 8]], "output": [[8, 7, 7, 8], [8, 9, 9, 8], [1, 6, 6, 1], [9, 5, 5, 9]]}, {"input": [[5, 7, 0, 7, 5], [6, 6, 0, 6, 6], [9, 6, 0, 6, 9], [9, 5, 0, 5, 9], [5, 9, 0, 9, 5]], "output": [[7, 6, 0, 6, 7], [5, 5, 0, 5, 5], [4, 5, 0, 5, 4], [4, 7, 0, 7, 4], [7, 4, 0, 4, 7]]}], "test": [{"input": [[6, 6, 0, 6, 6], [2, 5, 0, 5, 2], [8, 3, 0, 3, 8], [9, 3, 0, 3, 9], [6, 1, 0, 1, 6]], "output": [[5, 5, 0, 5, 5], [3, 7, 0, 7, 3], [9, 1, 0, 1, 9], [4, 1, 0, 1, 4], [5, 2, 0, 2, 5]]}]}