{"train": [{"input": [[0, 1, 0, 1, 0, 1, 0, 1, 0, 1, 0], [1, 0, 1, 0, 1, 0, 1, 0, 1, 0, 1], [0, 1, 0, 1, 0, 1, 0, 1, 0, 1, 0], [1, 0, 1, 0, 1, 0, 1, 0, 1, 0, 1], [0, 1, 0, 1, 0, 1, 0, 1, 0, 1, 0], [1, 0, 1, 0, 1, 0, 1, 0, 1, 0, 1], [0, 1, 0, 1, 0, 1, 0, 1, 0, 1, 0], [1, 0, 1, 0, 1, 0, 1, 0, 1, 0, 1], [0, 1, 0, 1, 0, 1, 0, 1, 0, 1, 0], [1, 0, 1, 0, 1, 0, 1, 0, 1, 0, 1], [0, 1, 0, 1, 0, 1, 0, 1, 0, 1, 0]], "output": [[2, 1, 2, 1, 2, 1, 2, 1, 2, 1, 2], [1, 2, 1, 2, 1, 2, 1, 2, 1, 2, 1], [2, 1, 2, 1, 2, 1, 2, 1, 2, 1, 2], [1, 2, 1, 2, 1, 2, 1, 2, 1, 2, 1], [2, 1, 2, 1, 2, 1, 2, 1, 2, 1, 2], [1, 2, 1, 2, 1, 2, 1, 2, 1, 2, 1], [2, 1, 2, 1, 2, 1, 2, 1, 2, 1, 2], [1, 2, 1, 2, 1, 2, 1, 2, 1, 2, 1], [2, 1, 2, 1, 2, 1, 2, 1, 2, 1, 2], [1, 2, 1, 2, 1, 2, 1, 2, 1, 2, 1], [2, 1, 2, 1, 2, 1, 2, 1, 2, 1, 2]]}, {"input": [[0, 1, 0, 1, 0, 1, 0, 1, 0, 1], [1, 0, 1, 0, 1, 0, 1, 0, 1, 0], [0, 1, 0, 1, 0, 1, 0, 1, 0, 1], [1, 0, 1, 0, 1, 0, 1, 0, 1, 0], [0, 1, 0, 1, 0, 1, 0, 1, 0, 1], [1, 0, 1, 0, 1, 0, 1, 0, 1, 0], [0, 1, 0, 1, 0, 1, 0, 1, 0, 1], [1, 0, 1, 0, 1, 0, 1, 0, 1, 0], [0, 1, 0, 1, 0, 1, 0, 1, 0, 1], [1, 0, 1, 0, 1, 0, 1, 0, 1, 0]], "output": [[2, 1, 2, 1, 2, 1, 2, 1, 2, 1], [1, 2, 1, 2, 1, 2, 1, 2, 1, 2], [2, 1, 2, 1, 2, 1, 2, 1, 2, 1], [1, 2, 1, 2, 1, 2, 1, 2, 1, 2], [2, 1, 2, 1, 2, 1, 2, 1, 2, 1], [1, 2, 1, 2, 1, 2, 1, 2, 1, 2], [2, 1, 2, 1, 2, 1, 2, 1, 2, 1], [1, 2, 1, 2, 1, 2, 1, 2, 1, 2], [2, 1, 2, 1, 2, 1, 2, 1, 2, 1], [1, 2, 1, 2, 1, 2, 1, 2, 1, 2]]}, {"input": [[0, 1, 0, 1, 0, 1, 0, 1, 0, 1, 0, 1], [1, 0, 1, 0, 1, 0, 1, 0, 1, 0, 1, 0], [0, 1, 0, 1, 0, 1, 0, 1, 0, 1, 0, 1], [1, 0, 1, 0, 1, 0, 1, 0, 1, 0, 1, 0], [0, 1, 0, 1, 0, 1, 0, 1, 0, 1, 0, 1], [1, 0, 1, 0, 1, 0, 1, 0, 1, 0, 1, 0], [0, 1, 0, 1, 0, 1, 0, 1, 0, 1, 0, 1], [1, 0, 1, 0, 1, 0, 1, 0, 1, 0, 1, 0], [0, 1, 0, 1, 0, 1, 0, 1, 0, 1, 0, 1], [1, 0, 1, 0, 1, 0, 1, 0, 1, 0, 1, 0], [0, 1, 0, 1, 0, 1, 0, 1, 0, 1, 0, 1], [1, 0, 1, 0, 1, 0, 1, 0, 1, 0, 1, 0]], "output": [[2, 1, 2, 1, 2, 1, 2, 1, 2, 1, 2, 1], [1, 2, 1, 2, 1, 2, 1, 2, 1, 2, 1, 2], [2, 1, 2, 1, 2, 1, 2, 1, 2, 1, 2, 1], [1, 2, 1, 2, 1, 2, 1, 2, 1, 2, 1, 2], [2, 1, 2, 1, 2, 1, 2, 1, 2, 1, 2, 1], [1, 2, 1, 2, 1, 2, 1, 2, 1, 2, 1, 2], [2, 1, 2, 1, 2, 1, 2, 1, 2, 1, 2, 1], [1, 2, 1, 2, 1, 2, 1, 2, 1, 2, 1, 2], [2, 1, 2, 1, 2, 1, 2, 1, 2, 1, 2, 1], [1, 2, 1, 2, 1, 2, 1, 2, 1, 2, 1, 2], [2, 1, 2, 1, 2, 1, 2, 1, 2, 1, 2, 1], [1, 2, 1, 2, 1, 2, 1, 2, 1, 2, 1, 2]]}, {"input": [[0, 1, 0, 1, 0, 1, 0, 1, 0], [1, 0, 1, 0, 1, 0, 1, 0, 1], [0, 1, 0, 1, 0, 1, 0, 1, 0], [1, 0, 1, 0, 1, 0, 1, 0, 1], [0, 1, 0, 1, 0, 1, 0, 1, 0], [1, 0, 1, 0, 1, 0, 1, 0, 1], [0, 1, 0, 1, 0, 1, 0, 1, 0], [1, 0, 1, 0, 1, 0, 1, 0, 1], [0, 1, 0, 1, 0, 1, 0, 1, 0]], "output": [[2, 1, 2, 1, 2, 1, 2, 1, 2], [1, 2, 1, 2, 1, 2, 1, 2, 1], [2, 1, 2, 1, 2, 1, 2, 1, 2], [1, 2, 1, 2, 1, 2, 1, 2, 1], [2, 1, 2, 1, 2, 1, 2, 1, 2], [1, 2, 1, 2, 1, 2, 1, 2, 1], [2, 1, 2, 1, 2, 1, 2, 1, 2], [1, 2, 1, 2, 1, 2, 1, 2, 1], [2, 1, 2, 1, 2, 1, 2, 1, 2]]}], "test": [{"input": [[0, 1, 0, 1, 0, 1, 0, 1], [1, 0, 1, 0, 1, 0, 1, 0], [0, 1, 0, 1, 0, 1, 0, 1], [1, 0, 1, 0, 1, 0, 1, 0], [0, 1, 0, 1, 0, 1, 0, 1], [1, 0, 1, 0, 1, 0, 1, 0], [0, 1, 0, 1, 0, 1, 0, 1], [1, 0, 1, 0, 1, 0, 1, 0]], "output": [[2, 1, 2, 1, 2, 1, 2, 1], [1, 2, 1, 2, 1, 2, 1, 2], [2, 1, 2, 1, 2, 1, 2, 1], [1, 2, 1, 2, 1, 2, 1, 2], [2, 1, 2, 1, 2, 1, 2, 1], [1, 2, 1, 2, 1, 2, 1, 2], [2, 1, 2, 1, 2, 1, 2, 1], [1, 2, 1, 2, 1, 2, 1, 2]]}]}