{"train": [{"input": [[3, 3, 1, 0, 0, 4, 0, 0, 0, 0, 0, 0, 0, 0, 0, 0], [3, 3, 9, 8, 4, 4, 4, 2, 0, 0, 0, 0, 0, 0, 0, 0], [3, 3, 3, 5, 0, 0, 0, 4, 0, 0, 0, 0, 0, 0, 0, 0], [0, 0, 5, 5, 0, 0, 0, 4, 0, 4, 9, 9, 0, 1, 7, 0], [0, 0, 0, 0, 0, 0, 0, 4, 4, 2, 9, 0, 3, 3, 7, 0], [0, 0, 0, 0, 0, 0, 0, 0, 4, 2, 4, 4, 8, 7, 0, 0], [0, 0, 0, 0, 0, 0, 0, 0, 4, 4, 4, 4, 4, 2, 0, 0], [0, 0, 0, 0, 0, 0, 0, 0, 0, 3, 7, 7, 4, 2, 2, 5], [0, 0, 0, 0, 0, 0, 0, 0, 0, 2, 2, 4, 9, 6, 6, 6], [0, 0, 0, 0, 0, 0, 0, 0, 0, 3, 8, 2, 6, 6, 2, 7], [0, 0, 0, 0, 0, 0, 0, 2, 2, 3, 7, 6, 6, 0, 5, 7], [0, 0, 0, 0, 0, 0, 0, 7, 7, 3, 5, 2, 9, 9, 6, 4]], "output": [[3, 3, 1, 0, 0, 4, 0, 0, 0, 0, 0, 0, 0, 0, 0, 0], [3, 3, 9, 8, 4, 4, 4, 2, 0, 0, 0, 0, 0, 0, 0, 0], [3, 3, 3, 5, 0, 0, 0, 4, 0, 0, 0, 0, 0, 0, 0, 0], [0, 0, 5, 5, 0, 0, 0, 4, 0, 4, 9, 9, 0, 1, 7, 0], [0, 0, 0, 0, 0, 0, 0, 4, 4, 2, 9, 4, 3, 3, 7, 0], [0, 0, 0, 0, 0, 0, 0, 0, 4, 2, 4, 4, 8, 7, 0, 0], [0, 0, 0, 0, 0, 0, 0, 0, 4, 4, 4, 4, 4, 2, 0, 0], [0, 0, 0, 0, 0, 0, 0, 0, 0, 3, 7, 7, 4, 2, 2, 5], [0, 0, 0, 0, 0, 0, 0, 0, 0, 2, 2, 4, 9, 6, 6, 6], [0, 0, 0, 0, 0, 0, 0, 0, 0, 3, 8, 2, 6, 6, 2, 7], [0, 0, 0, 0, 0, 0, 0, 2, 2, 3, 7, 6, 6, 4, 5, 7], [0, 0, 0, 0, 0, 0, 0, 7, 7, 3, 5, 2, 9, 9, 6, 4]]}, {"input": [[0, 7, 2, 2, 2, 0, 0, 0, 0, 3, 2, 6, 3, 3], [5, 7, 8, 2, 6, 0, 0, 0, 1, 1, 2, 9, 0, 1], [7, 6, 6, 9, 3, 9, 0, 0, 2, 9, 9, 9, 3, 1], [1, 1, 0, 0, 6, 6, 3, 3, 0, 0, 9, 9, 7, 8], [0, 1, 0, 0, 0, 0, 9, 0, 7, 1, 1, 0, 6, 7], [0, 1, 4, 0, 0, 0, 0, 6, 0, 0, 0, 0, 7, 7], [0, 0, 5, 5, 0, 0, 0, 0, 0, 0, 0, 0, 9, 9], [0, 0, 0, 1, 1, 1, 0, 0, 0, 0, 0, 0, 9, 9], [0, 0, 0, 0, 8, 1, 0, 0, 0, 0, 0, 0, 9, 9], [0, 0, 0, 2, 8, 2, 0, 0, 0, 0, 0, 0, 4, 3], [0, 0, 0, 9, 9, 6, 6, 2, 0, 0, 0, 0, 3, 3], [0, 0, 0, 9, 9, 6, 0, 5, 0, 0, 0, 0, 0, 0], [0, 0, 0, 0, 0, 0, 0, 5, 0, 0, 0, 0, 0, 0], [0, 0, 0, 0, 0, 0, 0, 8, 8, 8, 8, 0, 0, 0], [0, 0, 0, 0, 0, 0, 0, 5, 5, 0, 0, 0, 0, 0], [0, 0, 0, 0, 0, 0, 0, 0, 8, 1, 0, 0, 0, 0], [0, 0, 0, 0, 0, 0, 0, 0, 5, 4, 0, 0, 0, 0]], "output": [[0, 7, 2, 2, 2, 0, 0, 0, 0, 3, 2, 6, 3, 3], [5, 7, 8, 2, 6, 0, 0, 0, 1, 1, 2, 9, 4, 1], [7, 6, 6, 9, 3, 9, 0, 0, 2, 9, 9, 9, 3, 1], [1, 1, 0, 0, 6, 6, 3, 3, 0, 0, 9, 9, 7, 8], [0, 1, 0, 0, 0, 0, 9, 4, 7, 1, 1, 0, 6, 7], [0, 1, 4, 0, 0, 0, 0, 6, 0, 0, 0, 0, 7, 7], [0, 0, 5, 5, 0, 0, 0, 0, 0, 0, 0, 0, 9, 9], [0, 0, 0, 1, 1, 1, 0, 0, 0, 0, 0, 0, 9, 9], [0, 0, 0, 0, 8, 1, 0, 0, 0, 0, 0, 0, 9, 9], [0, 0, 0, 2, 8, 2, 0, 0, 0, 0, 0, 0, 4, 3], [0, 0, 0, 9, 9, 6, 6, 2, 0, 0, 0, 0, 3, 3], [0, 0, 0, 9, 9, 6, 0, 5, 0, 0, 0, 0, 0, 0], [0, 0, 0, 0, 0, 0, 0, 5, 0, 0, 0, 0, 0, 0], [0, 0, 0, 0, 0, 0, 0, 8, 8, 8, 8, 0, 0, 0], [0, 0, 0, 0, 0, 0, 0, 5, 5, 0, 0, 0, 0, 0], [0, 0, 0, 0, 0, 0, 0, 0, 8, 1, 0, 0, 0, 0], [0, 0, 0, 0, 0, 0, 0, 0, 5, 4, 0, 0, 0, 0]]}, {"input": [[7, 4, 5, 0, 0, 0, 0, 0, 0, 0, 0, 0, 0, 0, 0], [7, 4, 0, 0, 0, 0, 0, 0, 0, 0, 0, 0, 0, 0, 0], [2, 6, 0, 0, 0, 0, 0, 0, 0, 0, 0, 0, 0, 0, 0], [2, 1, 5, 0, 0, 0, 0, 0, 0, 0, 0, 0, 0, 0, 0], [2, 9, 9, 0, 0, 0, 0, 0, 0, 0, 0, 0, 0, 0, 0], [2, 5, 9, 0, 0, 0, 0, 0, 0, 0, 0, 0, 0, 0, 0], [7, 5, 9, 0, 0, 0, 8, 8, 0, 0, 0, 0, 0, 0, 8], [3, 5, 8, 8, 7, 7, 8, 9, 3, 2, 0, 0, 0, 0, 4], [8, 8, 8, 8, 0, 0, 0, 9, 1, 1, 0, 0, 0, 5, 5], [4, 4, 8, 8, 0, 0, 0, 0, 1, 1, 2, 2, 5, 3, 3], [4, 4, 0, 8, 5, 8, 3, 3, 1, 1, 2, 5, 8, 9, 2], [0, 0, 0, 6, 0, 8, 0, 3, 3, 7, 5, 5, 8, 1, 9], [0, 0, 5, 7, 5, 0, 0, 0, 4, 4, 3, 5, 5, 5, 3], [0, 0, 5, 0, 3, 3, 0, 0, 9, 9, 3, 1, 2, 2, 2], [0, 0, 0, 0, 0, 0, 0, 0, 0, 9, 9, 9, 2, 2, 6], [0, 0, 0, 0, 0, 0, 0, 0, 0, 0, 8, 3, 8, 8, 6], [0, 0, 0, 0, 0, 0, 0, 0, 0, 0, 0, 0, 0, 8, 6], [0, 0, 0, 0, 0, 0, 0, 0, 0, 0, 0, 0, 0, 8, 8], [0, 0, 0, 0, 0, 0, 0, 0, 0, 0, 0, 0, 0, 6, 6]], "output": [[7, 4, 5, 0, 0, 0, 0, 0, 0, 0, 0, 0, 0, 0, 0], [7, 4, 0, 0, 0, 0, 0, 0, 0, 0, 0, 0, 0, 0, 0], [2, 6, 0, 0, 0, 0, 0, 0, 0, 0, 0, 0, 0, 0, 0], [2, 1, 5, 0, 0, 0, 0, 0, 0, 0, 0, 0, 0, 0, 0], [2, 9, 9, 0, 0, 0, 0, 0, 0, 0, 0, 0, 0, 0, 0], [2, 5, 9, 0, 0, 0, 0, 0, 0, 0, 0, 0, 0, 0, 0], [7, 5, 9, 0, 0, 0, 8, 8, 0, 0, 0, 0, 0, 0, 8], [3, 5, 8, 8, 7, 7, 8, 9, 3, 2, 0, 0, 0, 0, 4], [8, 8, 8, 8, 0, 0, 0, 9, 1, 1, 0, 0, 0, 5, 5], [4, 4, 8, 8, 0, 0, 0, 0, 1, 1, 2, 2, 5, 3, 3], [4, 4, 0, 8, 5, 8, 3, 3, 1, 1, 2, 5, 8, 9, 2], [0, 0, 0, 6, 4, 8, 0, 3, 3, 7, 5, 5, 8, 1, 9], [0, 0, 5, 7, 5, 0, 0, 0, 4, 4, 3, 5, 5, 5, 3], [0, 0, 5, 0, 3, 3, 0, 0, 9, 9, 3, 1, 2, 2, 2], [0, 0, 0, 0, 0, 0, 0, 0, 0, 9, 9, 9, 2, 2, 6], [0, 0, 0, 0, 0, 0, 0, 0, 0, 0, 8, 3, 8, 8, 6], [0, 0, 0, 0, 0, 0, 0, 0, 0, 0, 0, 0, 0, 8, 6], [0, 0, 0, 0, 0, 0, 0, 0, 0, 0, 0, 0, 0, 8, 8], [0, 0, 0, 0, 0, 0, 0, 0, 0, 0, 0, 0, 0, 6, 6]]}], "test": [{"input": [[0, 7, 7, 0, 4, 4, 0, 0, 0, 0], [0, 4, 7, 7, 7, 9, 0, 0, 0, 0], [6, 9, 2, 2, 0, 9, 0, 0, 0, 0], [6, 6, 2, 2, 0, 0, 0, 0, 0, 0], [6, 0, 8, 8, 0, 0, 0, 0, 0, 0], [1, 1, 8, 5, 5, 5, 0, 0, 0, 0], [1, 1, 1, 1, 7, 4, 0, 0, 0, 0], [1, 0, 1, 5, 7, 0, 0, 0, 0, 0], [0, 0, 0, 5, 1, 0, 0, 0, 0, 0], [0, 0, 0, 5, 1, 0, 0, 0, 0, 0], [0, 7, 7, 5, 1, 0, 0, 0, 0, 0], [0, 0, 3, 2, 7, 0, 0, 0, 0, 0], [0, 0, 0, 0, 2, 5, 5, 9, 9, 0], [0, 0, 0, 0, 0, 0, 3, 3, 5, 6], [0, 0, 0, 0, 0, 0, 0, 2, 8, 6], [0, 0, 0, 0, 0, 0, 0, 7, 7, 7], [0, 0, 0, 0, 0, 0, 0, 0, 6, 0], [0, 0, 0, 0, 0, 0, 6, 6, 2, 0], [0, 0, 2, 2, 2, 6, 6, 5, 2, 0]], "output": [[0, 7, 7, 4, 4, 4, 0, 0, 0, 0], [0, 4, 7, 7, 7, 9, 0, 0, 0, 0], [6, 9, 2, 2, 0, 9, 0, 0, 0, 0], [6, 6, 2, 2, 0, 0, 0, 0, 0, 0], [6, 4, 8, 8, 0, 0, 0, 0, 0, 0], [1, 1, 8, 5, 5, 5, 0, 0, 0, 0], [1, 1, 1, 1, 7, 4, 0, 0, 0, 0], [1, 0, 1, 5, 7, 0, 0, 0, 0, 0], [0, 0, 0, 5, 1, 0, 0, 0, 0, 0], [0, 0, 0, 5, 1, 0, 0, 0, 0, 0], [0, 7, 7, 5, 1, 0, 0, 0, 0, 0], [0, 0, 3, 2, 7, 0, 0, 0, 0, 0], [0, 0, 0, 0, 2, 5, 5, 9, 9, 0], [0, 0, 0, 0, 0, 0, 3, 3, 5, 6], [0, 0, 0, 0, 0, 0, 0, 2, 8, 6], [0, 0, 0, 0, 0, 0, 0, 7, 7, 7], [0, 0, 0, 0, 0, 0, 0, 0, 6, 0], [0, 0, 0, 0, 0, 0, 6, 6, 2, 0], [0, 0, 2, 2, 2, 6, 6, 5, 2, 0]]}]}