{"train": [{"input": [[0, 0, 0, 0, 0, 0, 0, 0], [0, 0, 0, 0, 0, 0, 0, 0], [0, 0, 0, 0, 3, 0, 9, 0], [0, 0, 0, 0, 0, 0, 0, 0], [0, 0, 6, 0, 7, 0, 0, 0], [0, 8, 0, 0, 0, 0, 0, 0], [0, 0, 0, 0, 0, 0, 9, 0], [0, 0, 0, 7, 0, 0, 0, 0]], "output": [[0, 0, 0, 0, 0, 0, 0, 0], [0, 0, 0, 7, 0, 7, 0, 0], [0, 0, 9, 0, 3, 0, 9, 0], [0, 8, 0, 0, 0, 0, 0, 8], [0, 0, 6, 0, 7, 0, 6, 0], [0, 8, 0, 0, 0, 0, 0, 8], [0, 0, 9, 0, 3, 0, 9, 0], [0, 0, 0, 7, 0, 7, 0, 0]]}, {"input": [[0, 0, 0, 2, 0, 0, 0], [1, 0, 0, 0, 0, 0, 0], [0, 0, 0, 0, 0, 1, 0], [0, 0, 0, 8, 0, 0, 0], [0, 7, 0, 0, 0, 0, 0], [0, 0, 0, 0, 0, 0, 0], [0, 0, 0, 0, 0, 0, 0]], "output": [[0, 0, 0, 2, 0, 0, 0], [1, 0, 0, 0, 0, 0, 1], [0, 7, 0, 0, 0, 7, 0], [0, 0, 0, 8, 0, 0, 0], [0, 7, 0, 0, 0, 7, 0], [1, 0, 0, 0, 0, 0, 1], [0, 0, 0, 2, 0, 0, 0]]}, {"input": [[0, 0, 0, 0, 0, 0, 0, 0, 3], [8, 0, 0, 0, 0, 0, 0, 0, 0], [0, 0, 0, 0, 0, 0, 0, 0, 0], [0, 0, 0, 2, 4, 0, 3, 0, 0], [0, 0, 0, 0, 0, 0, 0, 1, 0], [0, 0, 1, 0, 0, 0, 0, 0, 0], [0, 0, 0, 0, 2, 0, 0, 6, 0]], "output": [[3, 6, 0, 0, 2, 0, 0, 6, 3], [8, 0, 1, 0, 0, 0, 1, 0, 8], [0, 1, 0, 0, 0, 0, 0, 1, 0], [0, 0, 3, 2, 4, 2, 3, 0, 0], [0, 1, 0, 0, 0, 0, 0, 1, 0], [8, 0, 1, 0, 0, 0, 1, 0, 8], [3, 6, 0, 0, 2, 0, 0, 6, 3]]}, {"input": [[0, 0, 0, 0, 0, 5, 0, 0, 0], [0, 0, 0, 0, 0, 0, 0, 0, 0], [0, 0, 0, 0, 0, 0, 0, 0, 0], [0, 0, 0, 0, 0, 0, 0, 0, 0], [0, 0, 6, 0, 8, 0, 0, 0, 0], [0, 0, 0, 0, 6, 6, 0, 0, 0], [0, 0, 0, 0, 0, 0, 0, 0, 0], [0, 0, 0, 0, 0, 0, 0, 0, 0], [0, 0, 0, 0, 9, 0, 0, 0, 7]], "output": [[7, 0, 0, 5, 9, 5, 0, 0, 7], [0, 0, 0, 0, 0, 0, 0, 0, 0], [0, 0, 0, 0, 0, 0, 0, 0, 0], [0, 0, 0, 6, 6, 6, 0, 0, 0], [0, 0, 6, 0, 8, 0, 6, 0, 0], [0, 0, 0, 6, 6, 6, 0, 0, 0], [0, 0, 0, 0, 0, 0, 0, 0, 0], [0, 0, 0, 0, 0, 0, 0, 0, 0], [7, 0, 0, 5, 9, 5, 0, 0, 7]]}, {"input": [[0, 0, 0, 0, 0], [0, 4, 0, 0, 0], [0, 5, 0, 0, 0], [0, 0, 9, 0, 0], [0, 0, 0, 9, 1], [0, 0, 0, 0, 0]], "output": [[0, 0, 0, 0, 0], [0, 4, 0, 4, 0], [1, 9, 0, 9, 1], [0, 0, 9, 0, 0], [1, 9, 0, 9, 1], [0, 4, 0, 4, 0]]}, {"input": [[0, 1, 0, 0, 0], [0, 0, 0, 0, 0], [0, 0, 2, 0, 3], [0, 2, 1, 0, 6], [1, 0, 0, 9, 0]], "output": [[1, 9, 0, 9, 1], [6, 2, 1, 2, 6], [3, 0, 2, 0, 3], [6, 2, 1, 2, 6], [1, 9, 0, 9, 1]]}, {"input": [[0, 0, 0, 0, 0, 0, 0, 0], [0, 0, 0, 0, 0, 0, 0, 0], [0, 0, 5, 0, 0, 0, 0, 0], [0, 0, 0, 0, 4, 0, 0, 0], [0, 0, 0, 8, 0, 0, 0, 0], [0, 0, 0, 0, 0, 0, 0, 0]], "output": [[0, 0, 0, 0, 0, 0, 0, 0], [0, 0, 0, 0, 0, 0, 0, 0], [0, 0, 5, 8, 0, 8, 5, 0], [0, 0, 0, 0, 4, 0, 0, 0], [0, 0, 5, 8, 0, 8, 5, 0], [0, 0, 0, 0, 0, 0, 0, 0]]}, {"input": [[0, 0, 0, 0, 0, 0, 9], [0, 0, 0, 0, 0, 0, 0], [0, 0, 0, 8, 0, 0, 0], [0, 0, 0, 0, 1, 0, 0], [0, 0, 3, 0, 0, 0, 0]], "output": [[9, 0, 3, 0, 3, 0, 9], [0, 0, 1, 0, 1, 0, 0], [0, 0, 0, 8, 0, 0, 0], [0, 0, 1, 0, 1, 0, 0], [9, 0, 3, 0, 3, 0, 9]]}, {"input": [[0, 0, 0, 0, 0, 0], [0, 0, 0, 0, 0, 0], [0, 6, 0, 0, 0, 0], [0, 0, 7, 5, 0, 0], [0, 0, 0, 8, 0, 0], [0, 0, 0, 0, 0, 0]], "output": [[0, 0, 0, 0, 0, 0], [0, 0, 0, 0, 0, 0], [0, 6, 0, 8, 0, 6], [0, 0, 7, 5, 7, 0], [0, 6, 0, 8, 0, 6], [0, 0, 0, 0, 0, 0]]}, {"input": [[0, 0, 0, 0, 0, 0, 0], [0, 0, 5, 0, 3, 0, 0], [0, 7, 0, 6, 0, 0, 0], [6, 0, 0, 0, 8, 9, 0], [0, 0, 0, 0, 1, 0, 0]], "output": [[0, 0, 1, 0, 1, 0, 0], [6, 9, 8, 0, 8, 9, 6], [0, 7, 0, 6, 0, 7, 0], [6, 9, 8, 0, 8, 9, 6], [0, 0, 1, 0, 1, 0, 0]]}, {"input": [[0, 0, 0, 0, 0, 0, 0], [0, 0, 0, 0, 0, 6, 0], [0, 0, 0, 0, 0, 0, 0], [0, 0, 0, 9, 0, 0, 0], [0, 0, 9, 0, 7, 0, 0], [0, 0, 9, 0, 0, 0, 0], [0, 0, 5, 0, 0, 0, 9]], "output": [[9, 0, 5, 0, 5, 0, 9], [0, 6, 9, 0, 9, 6, 0], [0, 0, 7, 0, 7, 0, 0], [0, 0, 0, 9, 0, 0, 0], [0, 0, 7, 0, 7, 0, 0], [0, 6, 9, 0, 9, 6, 0], [9, 0, 5, 0, 5, 0, 9]]}, {"input": [[0, 0, 0, 0, 0, 7, 0], [0, 0, 0, 0, 0, 0, 0], [0, 0, 0, 0, 6, 0, 0], [0, 0, 0, 2, 0, 0, 0], [0, 0, 0, 8, 0, 0, 0], [0, 0, 0, 0, 0, 2, 0], [0, 0, 0, 0, 0, 0, 0]], "output": [[0, 7, 0, 0, 0, 7, 0], [0, 2, 0, 0, 0, 2, 0], [0, 0, 6, 8, 6, 0, 0], [0, 0, 0, 2, 0, 0, 0], [0, 0, 6, 8, 6, 0, 0], [0, 2, 0, 0, 0, 2, 0], [0, 7, 0, 0, 0, 7, 0]]}, {"input": [[0, 0, 0, 0, 0, 0, 0, 0, 0], [0, 0, 0, 0, 0, 0, 0, 0, 0], [0, 8, 0, 0, 0, 0, 0, 0, 9], [0, 0, 0, 0, 0, 7, 0, 0, 0], [0, 0, 0, 0, 1, 0, 0, 0, 0], [0, 0, 0, 0, 0, 0, 0, 0, 0], [0, 0, 0, 0, 0, 0, 0, 0, 0], [0, 0, 0, 4, 0, 0, 0, 0, 0], [0, 2, 0, 0, 3, 0, 0, 0, 0]], "output": [[0, 2, 0, 0, 3, 0, 0, 2, 0], [0, 0, 0, 4, 0, 4, 0, 0, 0], [9, 8, 0, 0, 0, 0, 0, 8, 9], [0, 0, 0, 7, 0, 7, 0, 0, 0], [0, 0, 0, 0, 1, 0, 0, 0, 0], [0, 0, 0, 7, 0, 7, 0, 0, 0], [9, 8, 0, 0, 0, 0, 0, 8, 9], [0, 0, 0, 4, 0, 4, 0, 0, 0], [0, 2, 0, 0, 3, 0, 0, 2, 0]]}, {"input": [[0, 0, 0, 0, 0], [0, 0, 0, 0, 0], [0, 8, 0, 7, 0], [0, 0, 5, 0, 0], [0, 7, 0, 0, 0], [5, 0, 0, 0, 0]], "output": [[0, 0, 0, 0, 0], [5, 0, 0, 0, 5], [0, 7, 0, 7, 0], [0, 0, 5, 0, 0], [0, 7, 0, 7, 0], [5, 0, 0, 0, 5]]}, {"input": [[0, 0, 0, 0, 0], [0, 0, 0, 0, 0], [0, 0, 0, 0, 7], [0, 0, 6, 0, 0], [0, 1, 0, 0, 0], [0, 0, 0, 0, 0], [0, 0, 0, 0, 9]], "output": [[9, 0, 0, 0, 9], [0, 0, 0, 0, 0], [7, 1, 0, 1, 7], [0, 0, 6, 0, 0], [7, 1, 0, 1, 7], [0, 0, 0, 0, 0], [9, 0, 0, 0, 9]]}], "test": [{"input": [[0, 5, 0, 0, 0, 0, 0], [0, 0, 0, 6, 0, 0, 0], [0, 0, 0, 0, 0, 9, 0], [7, 0, 0, 2, 0, 0, 0], [0, 0, 0, 0, 0, 0, 0], [0, 0, 0, 0, 0, 0, 0], [0, 0, 0, 0, 0, 0, 0]], "output": [[0, 5, 0, 0, 0, 5, 0], [0, 0, 0, 6, 0, 0, 0], [0, 9, 0, 0, 0, 9, 0], [7, 0, 0, 2, 0, 0, 7], [0, 9, 0, 0, 0, 9, 0], [0, 0, 0, 6, 0, 0, 0], [0, 5, 0, 0, 0, 5, 0]]}, {"input": [[0, 0, 0, 0, 0, 0], [0, 0, 0, 0, 0, 0], [0, 0, 0, 0, 0, 0], [0, 0, 0, 0, 0, 0], [0, 0, 0, 2, 0, 0], [0, 0, 9, 0, 4, 8], [0, 0, 0, 0, 0, 0], [0, 0, 0, 0, 5, 0]], "output": [[0, 0, 0, 0, 0, 0], [0, 0, 5, 0, 5, 0], [0, 0, 0, 0, 0, 0], [0, 8, 4, 0, 4, 8], [0, 0, 0, 2, 0, 0], [0, 8, 4, 0, 4, 8], [0, 0, 0, 0, 0, 0], [0, 0, 5, 0, 5, 0]]}]}