{"train": [{"input": [[6, 6, 6, 0, 3, 2], [6, 6, 6, 0, 3, 0], [0, 0, 0, 0, 0, 0], [0, 1, 1, 1, 8, 0], [0, 1, 1, 1, 0, 0], [0, 0, 0, 0, 0, 0]], "output": [[6, 6, 6, 6, 6, 6], [6, 6, 6, 6, 6, 6], [6, 6, 6, 6, 6, 6], [6, 6, 6, 6, 6, 6], [6, 6, 6, 6, 6, 6], [6, 6, 6, 6, 6, 6]]}, {"input": [[4, 4, 0, 0, 0, 1, 1], [4, 4, 0, 0, 3, 1, 1], [4, 4, 2, 0, 7, 7, 0], [0, 0, 0, 0, 7, 7, 0], [0, 0, 0, 0, 7, 7, 0]], "output": [[4, 4, 4, 4, 4, 4, 4], [4, 4, 4, 4, 4, 4, 4], [4, 4, 4, 4, 4, 4, 4], [4, 4, 4, 4, 4, 4, 4], [4, 4, 4, 4, 4, 4, 4]]}, {"input": [[3, 3, 3, 0, 0], [3, 3, 3, 0, 0], [3, 3, 3, 0, 0], [0, 2, 2, 5, 0], [0, 2, 2, 5, 0], [0, 0, 5, 5, 0]], "output": [[3, 3, 3, 3, 3], [3, 3, 3, 3, 3], [3, 3, 3, 3, 3], [3, 3, 3, 3, 3], [3, 3, 3, 3, 3], [3, 3, 3, 3, 3]]}], "test": [{"input": [[3, 3, 1, 1, 1, 0, 0], [3, 3, 1, 1, 1, 0, 0], [0, 0, 1, 1, 4, 4, 4], [0, 0, 0, 7, 7, 0, 0], [0, 0, 0, 0, 0, 0, 0], [0, 0, 0, 0, 0, 0, 0], [0, 0, 0, 6, 6, 6, 0]], "output": [[3, 3, 3, 3, 3, 3, 3], [3, 3, 3, 3, 3, 3, 3], [3, 3, 3, 3, 3, 3, 3], [3, 3, 3, 3, 3, 3, 3], [3, 3, 3, 3, 3, 3, 3], [3, 3, 3, 3, 3, 3, 3], [3, 3, 3, 3, 3, 3, 3]]}]}