{"train": [{"input": [[0, 0, 0, 0, 0, 0, 0, 0], [0, 0, 0, 0, 0, 0, 0, 0], [0, 0, 0, 0, 0, 0, 2, 2], [0, 4, 4, 0, 0, 0, 2, 2], [0, 4, 4, 0, 0, 0, 0, 0], [0, 0, 4, 4, 4, 0, 0, 0], [0, 0, 4, 4, 4, 0, 0, 0], [0, 0, 4, 4, 4, 0, 0, 0]], "output": [[0, 0, 0, 0, 0, 0, 0, 0], [0, 0, 0, 0, 0, 0, 0, 0], [0, 0, 0, 0, 0, 0, 3, 3], [0, 1, 1, 0, 0, 0, 3, 3], [0, 1, 1, 0, 0, 0, 0, 0], [0, 0, 1, 1, 1, 0, 0, 0], [0, 0, 1, 1, 1, 0, 0, 0], [0, 0, 1, 1, 1, 0, 0, 0]]}, {"input": [[0, 0, 0, 0, 0, 0, 0], [0, 0, 0, 0, 0, 0, 0], [0, 0, 0, 3, 3, 0, 0], [0, 0, 6, 3, 3, 0, 0], [0, 4, 0, 3, 3, 3, 0], [0, 0, 0, 0, 0, 0, 0], [0, 0, 0, 0, 0, 0, 0]], "output": [[0, 0, 0, 0, 0, 0, 0], [0, 0, 0, 0, 0, 0, 0], [0, 0, 0, 2, 2, 0, 0], [0, 0, 3, 2, 2, 0, 0], [0, 1, 0, 2, 2, 2, 0], [0, 0, 0, 0, 0, 0, 0], [0, 0, 0, 0, 0, 0, 0]]}, {"input": [[0, 0, 0, 1, 0, 6, 6], [0, 1, 1, 1, 0, 6, 6], [1, 1, 1, 1, 0, 0, 0], [0, 1, 1, 1, 0, 0, 0], [0, 2, 2, 2, 0, 0, 0], [0, 2, 2, 2, 0, 0, 0], [0, 2, 2, 2, 0, 0, 0]], "output": [[0, 0, 0, 4, 0, 3, 3], [0, 4, 4, 4, 0, 3, 3], [4, 4, 4, 4, 0, 0, 0], [0, 4, 4, 4, 0, 0, 0], [0, 3, 3, 3, 0, 0, 0], [0, 3, 3, 3, 0, 0, 0], [0, 3, 3, 3, 0, 0, 0]]}, {"input": [[0, 0, 0, 0, 0, 0, 0, 0, 0], [0, 0, 0, 0, 0, 0, 0, 0, 0], [0, 0, 0, 0, 0, 0, 0, 0, 0], [0, 0, 0, 0, 0, 0, 0, 0, 0], [0, 0, 0, 0, 0, 0, 0, 0, 0], [0, 0, 0, 0, 0, 0, 0, 0, 0], [0, 0, 0, 0, 0, 0, 0, 0, 0], [2, 2, 0, 0, 0, 0, 0, 0, 0], [2, 2, 0, 0, 0, 0, 0, 0, 0]], "output": [[0, 0, 0, 0, 0, 0, 0, 0, 0], [0, 0, 0, 0, 0, 0, 0, 0, 0], [0, 0, 0, 0, 0, 0, 0, 0, 0], [0, 0, 0, 0, 0, 0, 0, 0, 0], [0, 0, 0, 0, 0, 0, 0, 0, 0], [0, 0, 0, 0, 0, 0, 0, 0, 0], [0, 0, 0, 0, 0, 0, 0, 0, 0], [3, 3, 0, 0, 0, 0, 0, 0, 0], [3, 3, 0, 0, 0, 0, 0, 0, 0]]}, {"input": [[0, 0, 0, 0, 0, 0, 0, 0], [0, 0, 0, 4, 4, 4, 0, 0], [0, 0, 0, 4, 4, 4, 0, 0], [0, 0, 0, 4, 4, 4, 0, 0], [0, 0, 0, 0, 4, 4, 0, 0], [0, 0, 0, 0, 0, 3, 3, 0], [0, 0, 0, 0, 0, 3, 3, 0], [1, 0, 0, 4, 0, 0, 0, 0]], "output": [[0, 0, 0, 0, 0, 0, 0, 0], [0, 0, 0, 1, 1, 1, 0, 0], [0, 0, 0, 1, 1, 1, 0, 0], [0, 0, 0, 1, 1, 1, 0, 0], [0, 0, 0, 0, 1, 1, 0, 0], [0, 0, 0, 0, 0, 2, 2, 0], [0, 0, 0, 0, 0, 2, 2, 0], [4, 0, 0, 1, 0, 0, 0, 0]]}, {"input": [[0, 0, 0, 0, 0, 0], [0, 0, 0, 2, 2, 0], [0, 0, 0, 2, 2, 0], [0, 1, 1, 1, 0, 0], [6, 1, 1, 1, 0, 0], [0, 1, 1, 1, 0, 0]], "output": [[0, 0, 0, 0, 0, 0], [0, 0, 0, 3, 3, 0], [0, 0, 0, 3, 3, 0], [0, 4, 4, 4, 0, 0], [3, 4, 4, 4, 0, 0], [0, 4, 4, 4, 0, 0]]}, {"input": [[0, 0, 0, 0, 0, 0], [0, 0, 0, 0, 2, 0], [1, 0, 0, 0, 0, 0], [0, 0, 0, 6, 6, 0], [0, 0, 2, 6, 6, 6], [0, 0, 0, 6, 6, 6]], "output": [[0, 0, 0, 0, 0, 0], [0, 0, 0, 0, 3, 0], [4, 0, 0, 0, 0, 0], [0, 0, 0, 3, 3, 0], [0, 0, 3, 3, 3, 3], [0, 0, 0, 3, 3, 3]]}, {"input": [[0, 0, 0, 0, 0], [0, 6, 6, 6, 0], [0, 6, 6, 6, 0], [0, 6, 6, 4, 0], [1, 0, 0, 0, 0]], "output": [[0, 0, 0, 0, 0], [0, 3, 3, 3, 0], [0, 3, 3, 3, 0], [0, 3, 3, 1, 0], [4, 0, 0, 0, 0]]}, {"input": [[0, 0, 0, 0, 0, 0, 0, 0], [0, 0, 0, 0, 0, 4, 4, 4], [0, 0, 0, 0, 0, 4, 4, 4], [0, 0, 6, 0, 0, 3, 3, 4], [0, 0, 0, 0, 0, 3, 3, 0], [6, 6, 6, 0, 3, 3, 0, 0], [6, 6, 6, 0, 3, 3, 0, 0], [6, 6, 6, 0, 0, 0, 0, 0]], "output": [[0, 0, 0, 0, 0, 0, 0, 0], [0, 0, 0, 0, 0, 1, 1, 1], [0, 0, 0, 0, 0, 1, 1, 1], [0, 0, 3, 0, 0, 2, 2, 1], [0, 0, 0, 0, 0, 2, 2, 0], [3, 3, 3, 0, 2, 2, 0, 0], [3, 3, 3, 0, 2, 2, 0, 0], [3, 3, 3, 0, 0, 0, 0, 0]]}, {"input": [[0, 0, 0, 0, 0, 0, 0, 0, 0], [0, 0, 0, 0, 0, 0, 2, 2, 0], [0, 0, 0, 0, 0, 0, 2, 2, 6], [0, 0, 0, 0, 0, 0, 0, 6, 6], [0, 0, 0, 0, 0, 0, 0, 0, 0], [0, 0, 0, 0, 0, 0, 0, 0, 0], [0, 0, 0, 0, 0, 0, 0, 1, 1], [0, 0, 0, 0, 0, 0, 0, 1, 1], [0, 0, 0, 0, 0, 0, 0, 0, 0]], "output": [[0, 0, 0, 0, 0, 0, 0, 0, 0], [0, 0, 0, 0, 0, 0, 3, 3, 0], [0, 0, 0, 0, 0, 0, 3, 3, 3], [0, 0, 0, 0, 0, 0, 0, 3, 3], [0, 0, 0, 0, 0, 0, 0, 0, 0], [0, 0, 0, 0, 0, 0, 0, 0, 0], [0, 0, 0, 0, 0, 0, 0, 4, 4], [0, 0, 0, 0, 0, 0, 0, 4, 4], [0, 0, 0, 0, 0, 0, 0, 0, 0]]}, {"input": [[0, 0, 0, 0, 0, 0], [0, 0, 0, 6, 0, 0], [0, 0, 0, 6, 0, 0], [4, 4, 4, 1, 1, 0], [4, 4, 4, 1, 1, 0], [4, 4, 4, 1, 1, 0]], "output": [[0, 0, 0, 0, 0, 0], [0, 0, 0, 3, 0, 0], [0, 0, 0, 3, 0, 0], [1, 1, 1, 4, 4, 0], [1, 1, 1, 4, 4, 0], [1, 1, 1, 4, 4, 0]]}, {"input": [[0, 6, 0, 0, 0, 0], [0, 0, 0, 0, 0, 0], [0, 0, 0, 0, 0, 0], [1, 1, 1, 6, 6, 0], [1, 1, 1, 0, 0, 0], [1, 1, 1, 0, 0, 0]], "output": [[0, 3, 0, 0, 0, 0], [0, 0, 0, 0, 0, 0], [0, 0, 0, 0, 0, 0], [4, 4, 4, 3, 3, 0], [4, 4, 4, 0, 0, 0], [4, 4, 4, 0, 0, 0]]}, {"input": [[0, 0, 3, 3, 3], [1, 1, 3, 3, 3], [0, 0, 0, 3, 3], [0, 0, 0, 0, 0], [0, 0, 0, 0, 0]], "output": [[0, 0, 2, 2, 2], [4, 4, 2, 2, 2], [0, 0, 0, 2, 2], [0, 0, 0, 0, 0], [0, 0, 0, 0, 0]]}, {"input": [[0, 0, 0, 0, 0, 0], [0, 4, 4, 4, 0, 0], [0, 4, 4, 4, 6, 6], [1, 1, 1, 1, 6, 6], [1, 1, 1, 1, 6, 6], [1, 1, 1, 1, 0, 0]], "output": [[0, 0, 0, 0, 0, 0], [0, 1, 1, 1, 0, 0], [0, 1, 1, 1, 3, 3], [4, 4, 4, 4, 3, 3], [4, 4, 4, 4, 3, 3], [4, 4, 4, 4, 0, 0]]}, {"input": [[0, 0, 0, 0, 0, 0, 0, 0, 0], [0, 0, 0, 0, 0, 0, 0, 0, 0], [0, 0, 0, 0, 0, 0, 6, 6, 6], [0, 0, 0, 0, 0, 0, 6, 6, 6], [0, 0, 0, 0, 0, 0, 6, 6, 6], [0, 0, 0, 0, 0, 0, 0, 0, 0], [0, 0, 0, 0, 0, 0, 0, 0, 0], [0, 0, 0, 0, 0, 0, 0, 3, 0], [0, 0, 0, 0, 0, 0, 0, 0, 0]], "output": [[0, 0, 0, 0, 0, 0, 0, 0, 0], [0, 0, 0, 0, 0, 0, 0, 0, 0], [0, 0, 0, 0, 0, 0, 3, 3, 3], [0, 0, 0, 0, 0, 0, 3, 3, 3], [0, 0, 0, 0, 0, 0, 3, 3, 3], [0, 0, 0, 0, 0, 0, 0, 0, 0], [0, 0, 0, 0, 0, 0, 0, 0, 0], [0, 0, 0, 0, 0, 0, 0, 2, 0], [0, 0, 0, 0, 0, 0, 0, 0, 0]]}, {"input": [[0, 2, 0, 0, 0, 0, 0, 0, 0], [0, 0, 1, 1, 0, 0, 0, 0, 0], [0, 0, 1, 1, 0, 0, 0, 0, 0], [0, 0, 0, 0, 0, 0, 0, 0, 0], [0, 0, 0, 0, 0, 0, 3, 3, 0], [0, 0, 0, 0, 0, 0, 3, 3, 0], [0, 0, 0, 0, 6, 0, 0, 0, 0], [0, 0, 0, 0, 0, 0, 0, 0, 0], [0, 0, 0, 0, 0, 0, 0, 0, 0]], "output": [[0, 3, 0, 0, 0, 0, 0, 0, 0], [0, 0, 4, 4, 0, 0, 0, 0, 0], [0, 0, 4, 4, 0, 0, 0, 0, 0], [0, 0, 0, 0, 0, 0, 0, 0, 0], [0, 0, 0, 0, 0, 0, 2, 2, 0], [0, 0, 0, 0, 0, 0, 2, 2, 0], [0, 0, 0, 0, 3, 0, 0, 0, 0], [0, 0, 0, 0, 0, 0, 0, 0, 0], [0, 0, 0, 0, 0, 0, 0, 0, 0]]}, {"input": [[1, 1, 1, 0, 0], [1, 1, 3, 3, 3], [1, 1, 3, 3, 3], [0, 0, 3, 3, 3], [0, 0, 0, 0, 0]], "output": [[4, 4, 4, 0, 0], [4, 4, 2, 2, 2], [4, 4, 2, 2, 2], [0, 0, 2, 2, 2], [0, 0, 0, 0, 0]]}, {"input": [[0, 0, 0, 0, 0, 0], [0, 0, 0, 0, 0, 0], [6, 6, 6, 0, 0, 0], [6, 6, 6, 4, 0, 0], [6, 6, 6, 0, 0, 0], [0, 0, 6, 0, 0, 0]], "output": [[0, 0, 0, 0, 0, 0], [0, 0, 0, 0, 0, 0], [3, 3, 3, 0, 0, 0], [3, 3, 3, 1, 0, 0], [3, 3, 3, 0, 0, 0], [0, 0, 3, 0, 0, 0]]}, {"input": [[0, 0, 0, 0, 0, 0, 0, 0], [0, 0, 0, 0, 0, 0, 0, 0], [0, 0, 0, 0, 0, 0, 0, 0], [0, 0, 0, 0, 3, 3, 0, 0], [0, 0, 0, 0, 3, 3, 0, 0], [0, 0, 0, 0, 0, 0, 0, 0], [0, 0, 0, 0, 0, 0, 0, 0], [0, 0, 0, 0, 0, 0, 0, 0]], "output": [[0, 0, 0, 0, 0, 0, 0, 0], [0, 0, 0, 0, 0, 0, 0, 0], [0, 0, 0, 0, 0, 0, 0, 0], [0, 0, 0, 0, 2, 2, 0, 0], [0, 0, 0, 0, 2, 2, 0, 0], [0, 0, 0, 0, 0, 0, 0, 0], [0, 0, 0, 0, 0, 0, 0, 0], [0, 0, 0, 0, 0, 0, 0, 0]]}, {"input": [[0, 0, 0, 0, 0, 0, 0], [0, 0, 0, 0, 0, 0, 0], [0, 0, 0, 0, 0, 0, 0], [0, 0, 0, 0, 0, 0, 0], [0, 0, 3, 3, 4, 4, 4], [4, 4, 3, 3, 4, 4, 4], [4, 4, 2, 2, 4, 4, 4]], "output": [[0, 0, 0, 0, 0, 0, 0], [0, 0, 0, 0, 0, 0, 0], [0, 0, 0, 0, 0, 0, 0], [0, 0, 0, 0, 0, 0, 0], [0, 0, 2, 2, 1, 1, 1], [1, 1, 2, 2, 1, 1, 1], [1, 1, 3, 3, 1, 1, 1]]}, {"input": [[3, 3, 0, 0, 0, 0], [3, 0, 1, 1, 1, 0], [0, 0, 1, 1, 1, 0], [0, 0, 1, 1, 1, 0], [0, 0, 0, 0, 0, 0], [0, 0, 0, 0, 0, 0]], "output": [[2, 2, 0, 0, 0, 0], [2, 0, 4, 4, 4, 0], [0, 0, 4, 4, 4, 0], [0, 0, 4, 4, 4, 0], [0, 0, 0, 0, 0, 0], [0, 0, 0, 0, 0, 0]]}, {"input": [[0, 0, 0, 0, 0, 2, 0, 0], [0, 0, 0, 0, 0, 0, 0, 0], [0, 0, 0, 0, 0, 0, 0, 0], [1, 0, 0, 0, 0, 4, 4, 0], [0, 1, 1, 0, 0, 4, 4, 0], [0, 1, 1, 0, 0, 6, 6, 0], [0, 0, 0, 0, 0, 6, 6, 0], [0, 0, 0, 0, 0, 0, 0, 0]], "output": [[0, 0, 0, 0, 0, 3, 0, 0], [0, 0, 0, 0, 0, 0, 0, 0], [0, 0, 0, 0, 0, 0, 0, 0], [4, 0, 0, 0, 0, 1, 1, 0], [0, 4, 4, 0, 0, 1, 1, 0], [0, 4, 4, 0, 0, 3, 3, 0], [0, 0, 0, 0, 0, 3, 3, 0], [0, 0, 0, 0, 0, 0, 0, 0]]}, {"input": [[0, 0, 0, 0, 0, 0, 0], [0, 0, 0, 0, 0, 0, 0], [0, 0, 0, 0, 0, 0, 0], [0, 0, 0, 0, 0, 4, 4], [4, 4, 4, 0, 0, 4, 4], [4, 4, 4, 0, 0, 3, 0], [4, 4, 4, 0, 0, 0, 0]], "output": [[0, 0, 0, 0, 0, 0, 0], [0, 0, 0, 0, 0, 0, 0], [0, 0, 0, 0, 0, 0, 0], [0, 0, 0, 0, 0, 1, 1], [1, 1, 1, 0, 0, 1, 1], [1, 1, 1, 0, 0, 2, 0], [1, 1, 1, 0, 0, 0, 0]]}, {"input": [[0, 0, 0, 0, 0, 0, 0, 0], [0, 0, 0, 0, 0, 0, 0, 0], [1, 1, 1, 0, 0, 0, 0, 0], [1, 1, 1, 0, 0, 0, 0, 0], [1, 1, 1, 0, 0, 0, 0, 0], [0, 0, 0, 0, 0, 0, 0, 0], [0, 0, 0, 0, 0, 0, 0, 0], [0, 0, 0, 0, 0, 0, 0, 3]], "output": [[0, 0, 0, 0, 0, 0, 0, 0], [0, 0, 0, 0, 0, 0, 0, 0], [4, 4, 4, 0, 0, 0, 0, 0], [4, 4, 4, 0, 0, 0, 0, 0], [4, 4, 4, 0, 0, 0, 0, 0], [0, 0, 0, 0, 0, 0, 0, 0], [0, 0, 0, 0, 0, 0, 0, 0], [0, 0, 0, 0, 0, 0, 0, 2]]}, {"input": [[0, 0, 0, 0, 0, 0, 0, 0, 0], [0, 0, 0, 0, 0, 0, 0, 0, 0], [0, 0, 0, 0, 0, 0, 0, 0, 0], [0, 0, 0, 1, 1, 1, 1, 0, 0], [0, 0, 0, 1, 1, 1, 1, 0, 0], [0, 0, 0, 1, 1, 1, 0, 0, 0], [0, 0, 0, 0, 0, 0, 0, 0, 0], [0, 0, 0, 0, 3, 3, 0, 0, 0], [0, 0, 0, 0, 3, 3, 0, 0, 0]], "output": [[0, 0, 0, 0, 0, 0, 0, 0, 0], [0, 0, 0, 0, 0, 0, 0, 0, 0], [0, 0, 0, 0, 0, 0, 0, 0, 0], [0, 0, 0, 4, 4, 4, 4, 0, 0], [0, 0, 0, 4, 4, 4, 4, 0, 0], [0, 0, 0, 4, 4, 4, 0, 0, 0], [0, 0, 0, 0, 0, 0, 0, 0, 0], [0, 0, 0, 0, 2, 2, 0, 0, 0], [0, 0, 0, 0, 2, 2, 0, 0, 0]]}, {"input": [[0, 0, 0, 0, 0, 0], [0, 0, 0, 0, 0, 0], [0, 0, 0, 3, 0, 0], [3, 6, 6, 6, 0, 0], [3, 6, 6, 6, 0, 0], [0, 6, 6, 6, 0, 0]], "output": [[0, 0, 0, 0, 0, 0], [0, 0, 0, 0, 0, 0], [0, 0, 0, 2, 0, 0], [2, 3, 3, 3, 0, 0], [2, 3, 3, 3, 0, 0], [0, 3, 3, 3, 0, 0]]}, {"input": [[1, 1, 0, 0, 0, 0, 0], [1, 1, 0, 0, 0, 0, 0], [0, 0, 0, 0, 0, 0, 0], [0, 0, 0, 0, 0, 0, 0], [0, 0, 0, 0, 1, 1, 1], [0, 0, 0, 0, 1, 1, 1], [0, 0, 0, 0, 1, 1, 1]], "output": [[4, 4, 0, 0, 0, 0, 0], [4, 4, 0, 0, 0, 0, 0], [0, 0, 0, 0, 0, 0, 0], [0, 0, 0, 0, 0, 0, 0], [0, 0, 0, 0, 4, 4, 4], [0, 0, 0, 0, 4, 4, 4], [0, 0, 0, 0, 4, 4, 4]]}], "test": [{"input": [[0, 0, 0, 0, 0, 0, 0], [6, 0, 0, 0, 0, 0, 1], [0, 0, 0, 0, 0, 0, 0], [0, 0, 0, 0, 0, 0, 0], [0, 0, 0, 0, 4, 4, 4], [0, 0, 0, 0, 1, 1, 4], [0, 0, 0, 0, 1, 1, 4]], "output": [[0, 0, 0, 0, 0, 0, 0], [3, 0, 0, 0, 0, 0, 4], [0, 0, 0, 0, 0, 0, 0], [0, 0, 0, 0, 0, 0, 0], [0, 0, 0, 0, 1, 1, 1], [0, 0, 0, 0, 4, 4, 1], [0, 0, 0, 0, 4, 4, 1]]}, {"input": [[0, 0, 0, 0, 0, 0, 0], [1, 1, 1, 0, 2, 0, 0], [1, 1, 1, 0, 0, 0, 0], [1, 1, 1, 0, 0, 4, 3], [0, 0, 0, 0, 0, 4, 4], [0, 0, 0, 0, 0, 0, 0], [0, 4, 0, 0, 0, 0, 0]], "output": [[0, 0, 0, 0, 0, 0, 0], [4, 4, 4, 0, 3, 0, 0], [4, 4, 4, 0, 0, 0, 0], [4, 4, 4, 0, 0, 1, 2], [0, 0, 0, 0, 0, 1, 1], [0, 0, 0, 0, 0, 0, 0], [0, 1, 0, 0, 0, 0, 0]]}, {"input": [[0, 0, 0, 0, 0, 0, 0, 0], [0, 0, 0, 3, 3, 3, 0, 0], [0, 0, 0, 3, 3, 3, 0, 0], [0, 0, 0, 3, 3, 3, 0, 0], [0, 0, 0, 0, 0, 0, 1, 1], [0, 0, 0, 0, 0, 0, 1, 1], [0, 0, 0, 0, 0, 0, 0, 0], [0, 0, 0, 0, 0, 0, 0, 0]], "output": [[0, 0, 0, 0, 0, 0, 0, 0], [0, 0, 0, 2, 2, 2, 0, 0], [0, 0, 0, 2, 2, 2, 0, 0], [0, 0, 0, 2, 2, 2, 0, 0], [0, 0, 0, 0, 0, 0, 4, 4], [0, 0, 0, 0, 0, 0, 4, 4], [0, 0, 0, 0, 0, 0, 0, 0], [0, 0, 0, 0, 0, 0, 0, 0]]}]}