{"train": [{"input": [[9, 9, 9], [9, 9, 9], [0, 3, 0], [9, 9, 9], [9, 9, 9], [0, 3, 0], [9, 9, 9], [9, 9, 9], [0, 3, 0]], "output": [[0, 3, 0], [9, 9, 9], [9, 9, 9], [0, 3, 0], [9, 9, 9], [9, 9, 9], [0, 3, 0], [9, 9, 9], [9, 9, 9]]}, {"input": [[0, 1, 8, 8, 1, 0], [1, 1, 8, 8, 1, 1], [1, 0, 8, 8, 0, 1], [0, 1, 8, 8, 1, 0], [1, 1, 8, 8, 1, 1], [1, 0, 8, 8, 0, 1], [0, 1, 8, 8, 1, 0], [1, 1, 8, 8, 1, 1], [1, 0, 8, 8, 0, 1]], "output": [[1, 0, 8, 8, 0, 1], [1, 1, 8, 8, 1, 1], [0, 1, 8, 8, 1, 0], [1, 0, 8, 8, 0, 1], [1, 1, 8, 8, 1, 1], [0, 1, 8, 8, 1, 0], [1, 0, 8, 8, 0, 1], [1, 1, 8, 8, 1, 1], [0, 1, 8, 8, 1, 0]]}, {"input": [[7, 2, 2, 2, 7], [1, 1, 1, 1, 1], [2, 6, 1, 6, 2], [2, 2, 2, 2, 2], [7, 2, 2, 2, 7], [1, 1, 1, 1, 1], [2, 6, 1, 6, 2], [2, 2, 2, 2, 2], [7, 2, 2, 2, 7], [1, 1, 1, 1, 1], [2, 6, 1, 6, 2], [2, 2, 2, 2, 2]], "output": [[2, 2, 2, 2, 2], [2, 6, 1, 6, 2], [1, 1, 1, 1, 1], [7, 2, 2, 2, 7], [2, 2, 2, 2, 2], [2, 6, 1, 6, 2], [1, 1, 1, 1, 1], [7, 2, 2, 2, 7], [2, 2, 2, 2, 2], [2, 6, 1, 6, 2], [1, 1, 1, 1, 1], [7, 2, 2, 2, 7]]}, {"input": [[1, 1, 1], [4, 1, 4], [1, 1, 1], [4, 1, 4], [1, 1, 1], [4, 1, 4]], "output": [[4, 1, 4], [1, 1, 1], [4, 1, 4], [1, 1, 1], [4, 1, 4], [1, 1, 1]]}, {"input": [[0, 2, 2, 5], [2, 1, 8, 8], [2, 8, 3, 2], [5, 8, 2, 0], [0, 2, 2, 5], [2, 1, 8, 8], [2, 8, 3, 2], [5, 8, 2, 0], [0, 2, 2, 5], [2, 1, 8, 8], [2, 8, 3, 2], [5, 8, 2, 0]], "output": [[5, 8, 2, 0], [2, 8, 3, 2], [2, 1, 8, 8], [0, 2, 2, 5], [5, 8, 2, 0], [2, 8, 3, 2], [2, 1, 8, 8], [0, 2, 2, 5], [5, 8, 2, 0], [2, 8, 3, 2], [2, 1, 8, 8], [0, 2, 2, 5]]}, {"input": [[9, 4, 4, 1, 1], [9, 4, 4, 4, 1], [5, 3, 0, 4, 4], [0, 0, 3, 4, 4], [0, 0, 5, 9, 9], [9, 4, 4, 1, 1], [9, 4, 4, 4, 1], [5, 3, 0, 4, 4], [0, 0, 3, 4, 4], [0, 0, 5, 9, 9], [9, 4, 4, 1, 1], [9, 4, 4, 4, 1], [5, 3, 0, 4, 4], [0, 0, 3, 4, 4], [0, 0, 5, 9, 9]], "output": [[0, 0, 5, 9, 9], [0, 0, 3, 4, 4], [5, 3, 0, 4, 4], [9, 4, 4, 4, 1], [9, 4, 4, 1, 1], [0, 0, 5, 9, 9], [0, 0, 3, 4, 4], [5, 3, 0, 4, 4], [9, 4, 4, 4, 1], [9, 4, 4, 1, 1], [0, 0, 5, 9, 9], [0, 0, 3, 4, 4], [5, 3, 0, 4, 4], [9, 4, 4, 4, 1], [9, 4, 4, 1, 1]]}, {"input": [[4, 2, 7, 7, 2, 4], [4, 2, 1, 1, 2, 4], [1, 1, 0, 0, 1, 1], [4, 2, 7, 7, 2, 4], [4, 2, 1, 1, 2, 4], [1, 1, 0, 0, 1, 1], [4, 2, 7, 7, 2, 4], [4, 2, 1, 1, 2, 4], [1, 1, 0, 0, 1, 1]], "output": [[1, 1, 0, 0, 1, 1], [4, 2, 1, 1, 2, 4], [4, 2, 7, 7, 2, 4], [1, 1, 0, 0, 1, 1], [4, 2, 1, 1, 2, 4], [4, 2, 7, 7, 2, 4], [1, 1, 0, 0, 1, 1], [4, 2, 1, 1, 2, 4], [4, 2, 7, 7, 2, 4]]}, {"input": [[1, 5, 0, 0, 5, 1], [1, 5, 9, 9, 5, 1], [1, 1, 9, 9, 1, 1], [6, 4, 9, 9, 4, 6], [1, 5, 0, 0, 5, 1], [1, 5, 9, 9, 5, 1], [1, 1, 9, 9, 1, 1], [6, 4, 9, 9, 4, 6], [1, 5, 0, 0, 5, 1], [1, 5, 9, 9, 5, 1], [1, 1, 9, 9, 1, 1], [6, 4, 9, 9, 4, 6]], "output": [[6, 4, 9, 9, 4, 6], [1, 1, 9, 9, 1, 1], [1, 5, 9, 9, 5, 1], [1, 5, 0, 0, 5, 1], [6, 4, 9, 9, 4, 6], [1, 1, 9, 9, 1, 1], [1, 5, 9, 9, 5, 1], [1, 5, 0, 0, 5, 1], [6, 4, 9, 9, 4, 6], [1, 1, 9, 9, 1, 1], [1, 5, 9, 9, 5, 1], [1, 5, 0, 0, 5, 1]]}, {"input": [[0, 1, 6, 4, 4], [1, 1, 6, 7, 4], [6, 6, 7, 8, 8], [4, 7, 8, 6, 7], [4, 4, 8, 7, 0], [0, 1, 6, 4, 4], [1, 1, 6, 7, 4], [6, 6, 7, 8, 8], [4, 7, 8, 6, 7], [4, 4, 8, 7, 0], [0, 1, 6, 4, 4], [1, 1, 6, 7, 4], [6, 6, 7, 8, 8], [4, 7, 8, 6, 7], [4, 4, 8, 7, 0]], "output": [[4, 4, 8, 7, 0], [4, 7, 8, 6, 7], [6, 6, 7, 8, 8], [1, 1, 6, 7, 4], [0, 1, 6, 4, 4], [4, 4, 8, 7, 0], [4, 7, 8, 6, 7], [6, 6, 7, 8, 8], [1, 1, 6, 7, 4], [0, 1, 6, 4, 4], [4, 4, 8, 7, 0], [4, 7, 8, 6, 7], [6, 6, 7, 8, 8], [1, 1, 6, 7, 4], [0, 1, 6, 4, 4]]}, {"input": [[0, 0, 5, 0], [5, 2, 2, 0], [0, 2, 2, 5], [0, 5, 0, 0], [0, 0, 5, 0], [5, 2, 2, 0], [0, 2, 2, 5], [0, 5, 0, 0], [0, 0, 5, 0], [5, 2, 2, 0], [0, 2, 2, 5], [0, 5, 0, 0]], "output": [[0, 5, 0, 0], [0, 2, 2, 5], [5, 2, 2, 0], [0, 0, 5, 0], [0, 5, 0, 0], [0, 2, 2, 5], [5, 2, 2, 0], [0, 0, 5, 0], [0, 5, 0, 0], [0, 2, 2, 5], [5, 2, 2, 0], [0, 0, 5, 0]]}, {"input": [[2, 2, 2, 2, 2, 2], [0, 3, 8, 8, 3, 0], [1, 8, 8, 8, 8, 1], [0, 1, 0, 0, 1, 0], [2, 2, 2, 2, 2, 2], [0, 3, 8, 8, 3, 0], [1, 8, 8, 8, 8, 1], [0, 1, 0, 0, 1, 0], [2, 2, 2, 2, 2, 2], [0, 3, 8, 8, 3, 0], [1, 8, 8, 8, 8, 1], [0, 1, 0, 0, 1, 0]], "output": [[0, 1, 0, 0, 1, 0], [1, 8, 8, 8, 8, 1], [0, 3, 8, 8, 3, 0], [2, 2, 2, 2, 2, 2], [0, 1, 0, 0, 1, 0], [1, 8, 8, 8, 8, 1], [0, 3, 8, 8, 3, 0], [2, 2, 2, 2, 2, 2], [0, 1, 0, 0, 1, 0], [1, 8, 8, 8, 8, 1], [0, 3, 8, 8, 3, 0], [2, 2, 2, 2, 2, 2]]}, {"input": [[1, 1, 4, 4, 1, 1], [1, 0, 4, 4, 0, 1], [0, 0, 4, 4, 0, 0], [1, 1, 4, 4, 1, 1], [1, 0, 4, 4, 0, 1], [0, 0, 4, 4, 0, 0], [1, 1, 4, 4, 1, 1], [1, 0, 4, 4, 0, 1], [0, 0, 4, 4, 0, 0]], "output": [[0, 0, 4, 4, 0, 0], [1, 0, 4, 4, 0, 1], [1, 1, 4, 4, 1, 1], [0, 0, 4, 4, 0, 0], [1, 0, 4, 4, 0, 1], [1, 1, 4, 4, 1, 1], [0, 0, 4, 4, 0, 0], [1, 0, 4, 4, 0, 1], [1, 1, 4, 4, 1, 1]]}, {"input": [[9, 9, 1, 9, 9], [9, 1, 1, 1, 9], [9, 9, 1, 9, 9], [9, 1, 1, 1, 9], [9, 9, 1, 9, 9], [9, 1, 1, 1, 9]], "output": [[9, 1, 1, 1, 9], [9, 9, 1, 9, 9], [9, 1, 1, 1, 9], [9, 9, 1, 9, 9], [9, 1, 1, 1, 9], [9, 9, 1, 9, 9]]}, {"input": [[4, 9, 0, 9, 4], [3, 4, 0, 4, 3], [4, 9, 1, 9, 4], [4, 1, 8, 1, 4], [4, 9, 0, 9, 4], [3, 4, 0, 4, 3], [4, 9, 1, 9, 4], [4, 1, 8, 1, 4], [4, 9, 0, 9, 4], [3, 4, 0, 4, 3], [4, 9, 1, 9, 4], [4, 1, 8, 1, 4]], "output": [[4, 1, 8, 1, 4], [4, 9, 1, 9, 4], [3, 4, 0, 4, 3], [4, 9, 0, 9, 4], [4, 1, 8, 1, 4], [4, 9, 1, 9, 4], [3, 4, 0, 4, 3], [4, 9, 0, 9, 4], [4, 1, 8, 1, 4], [4, 9, 1, 9, 4], [3, 4, 0, 4, 3], [4, 9, 0, 9, 4]]}, {"input": [[6, 6, 4, 4, 6, 6], [6, 5, 3, 3, 5, 6], [6, 8, 2, 2, 8, 6], [2, 2, 2, 2, 2, 2], [2, 0, 0, 0, 0, 2], [6, 6, 4, 4, 6, 6], [6, 5, 3, 3, 5, 6], [6, 8, 2, 2, 8, 6], [2, 2, 2, 2, 2, 2], [2, 0, 0, 0, 0, 2], [6, 6, 4, 4, 6, 6], [6, 5, 3, 3, 5, 6], [6, 8, 2, 2, 8, 6], [2, 2, 2, 2, 2, 2], [2, 0, 0, 0, 0, 2]], "output": [[2, 0, 0, 0, 0, 2], [2, 2, 2, 2, 2, 2], [6, 8, 2, 2, 8, 6], [6, 5, 3, 3, 5, 6], [6, 6, 4, 4, 6, 6], [2, 0, 0, 0, 0, 2], [2, 2, 2, 2, 2, 2], [6, 8, 2, 2, 8, 6], [6, 5, 3, 3, 5, 6], [6, 6, 4, 4, 6, 6], [2, 0, 0, 0, 0, 2], [2, 2, 2, 2, 2, 2], [6, 8, 2, 2, 8, 6], [6, 5, 3, 3, 5, 6], [6, 6, 4, 4, 6, 6]]}, {"input": [[8, 9, 9, 8], [1, 3, 3, 1], [8, 9, 9, 8], [1, 3, 3, 1], [8, 9, 9, 8], [1, 3, 3, 1]], "output": [[1, 3, 3, 1], [8, 9, 9, 8], [1, 3, 3, 1], [8, 9, 9, 8], [1, 3, 3, 1], [8, 9, 9, 8]]}, {"input": [[2, 0, 2], [2, 2, 2], [2, 0, 2], [2, 2, 2], [2, 0, 2], [2, 2, 2]], "output": [[2, 2, 2], [2, 0, 2], [2, 2, 2], [2, 0, 2], [2, 2, 2], [2, 0, 2]]}, {"input": [[1, 1, 0, 1, 1], [1, 1, 3, 1, 1], [4, 1, 8, 1, 4], [1, 1, 0, 1, 1], [1, 1, 3, 1, 1], [4, 1, 8, 1, 4], [1, 1, 0, 1, 1], [1, 1, 3, 1, 1], [4, 1, 8, 1, 4]], "output": [[4, 1, 8, 1, 4], [1, 1, 3, 1, 1], [1, 1, 0, 1, 1], [4, 1, 8, 1, 4], [1, 1, 3, 1, 1], [1, 1, 0, 1, 1], [4, 1, 8, 1, 4], [1, 1, 3, 1, 1], [1, 1, 0, 1, 1]]}, {"input": [[0, 0, 0, 0, 1], [0, 0, 0, 5, 1], [0, 0, 2, 5, 2], [0, 5, 5, 5, 5], [1, 1, 2, 5, 5], [0, 0, 0, 0, 1], [0, 0, 0, 5, 1], [0, 0, 2, 5, 2], [0, 5, 5, 5, 5], [1, 1, 2, 5, 5], [0, 0, 0, 0, 1], [0, 0, 0, 5, 1], [0, 0, 2, 5, 2], [0, 5, 5, 5, 5], [1, 1, 2, 5, 5]], "output": [[1, 1, 2, 5, 5], [0, 5, 5, 5, 5], [0, 0, 2, 5, 2], [0, 0, 0, 5, 1], [0, 0, 0, 0, 1], [1, 1, 2, 5, 5], [0, 5, 5, 5, 5], [0, 0, 2, 5, 2], [0, 0, 0, 5, 1], [0, 0, 0, 0, 1], [1, 1, 2, 5, 5], [0, 5, 5, 5, 5], [0, 0, 2, 5, 2], [0, 0, 0, 5, 1], [0, 0, 0, 0, 1]]}, {"input": [[6, 1, 0, 1, 6], [3, 3, 0, 3, 3], [2, 2, 2, 2, 2], [6, 1, 0, 1, 6], [3, 3, 0, 3, 3], [2, 2, 2, 2, 2], [6, 1, 0, 1, 6], [3, 3, 0, 3, 3], [2, 2, 2, 2, 2]], "output": [[2, 2, 2, 2, 2], [3, 3, 0, 3, 3], [6, 1, 0, 1, 6], [2, 2, 2, 2, 2], [3, 3, 0, 3, 3], [6, 1, 0, 1, 6], [2, 2, 2, 2, 2], [3, 3, 0, 3, 3], [6, 1, 0, 1, 6]]}], "test": [{"input": [[6, 6, 0, 6, 6], [6, 1, 7, 1, 6], [6, 1, 7, 1, 6], [6, 6, 0, 6, 6], [6, 1, 7, 1, 6], [6, 1, 7, 1, 6], [6, 6, 0, 6, 6], [6, 1, 7, 1, 6], [6, 1, 7, 1, 6]], "output": [[6, 1, 7, 1, 6], [6, 1, 7, 1, 6], [6, 6, 0, 6, 6], [6, 1, 7, 1, 6], [6, 1, 7, 1, 6], [6, 6, 0, 6, 6], [6, 1, 7, 1, 6], [6, 1, 7, 1, 6], [6, 6, 0, 6, 6]]}, {"input": [[1, 1, 1, 1, 1], [7, 7, 7, 7, 7], [1, 7, 3, 7, 1], [6, 0, 1, 0, 6], [1, 1, 1, 1, 1], [7, 7, 7, 7, 7], [1, 7, 3, 7, 1], [6, 0, 1, 0, 6], [1, 1, 1, 1, 1], [7, 7, 7, 7, 7], [1, 7, 3, 7, 1], [6, 0, 1, 0, 6]], "output": [[6, 0, 1, 0, 6], [1, 7, 3, 7, 1], [7, 7, 7, 7, 7], [1, 1, 1, 1, 1], [6, 0, 1, 0, 6], [1, 7, 3, 7, 1], [7, 7, 7, 7, 7], [1, 1, 1, 1, 1], [6, 0, 1, 0, 6], [1, 7, 3, 7, 1], [7, 7, 7, 7, 7], [1, 1, 1, 1, 1]]}, {"input": [[0, 6, 6, 6, 0], [3, 3, 4, 3, 3], [7, 7, 7, 7, 7], [0, 6, 6, 6, 0], [3, 3, 4, 3, 3], [7, 7, 7, 7, 7], [0, 6, 6, 6, 0], [3, 3, 4, 3, 3], [7, 7, 7, 7, 7]], "output": [[7, 7, 7, 7, 7], [3, 3, 4, 3, 3], [0, 6, 6, 6, 0], [7, 7, 7, 7, 7], [3, 3, 4, 3, 3], [0, 6, 6, 6, 0], [7, 7, 7, 7, 7], [3, 3, 4, 3, 3], [0, 6, 6, 6, 0]]}]}