{"train": [{"input": [[0, 0, 0, 0, 0, 0, 0, 9, 9, 9, 9, 9, 0, 0, 0, 0, 0], [8, 8, 8, 8, 8, 8, 0, 9, 9, 9, 9, 9, 0, 0, 0, 0, 0], [8, 8, 8, 8, 8, 8, 0, 9, 9, 9, 9, 9, 0, 0, 0, 0, 0], [8, 8, 8, 8, 8, 8, 0, 9, 9, 9, 9, 9, 0, 0, 0, 0, 0], [8, 8, 8, 8, 8, 8, 0, 9, 9, 9, 9, 9, 0, 0, 0, 0, 0], [0, 0, 0, 0, 0, 0, 0, 0, 0, 0, 9, 9, 9, 9, 9, 0, 0], [0, 0, 0, 0, 0, 0, 1, 1, 1, 1, 9, 9, 9, 9, 9, 0, 0], [0, 0, 0, 0, 0, 0, 1, 1, 1, 1, 9, 9, 9, 9, 9, 0, 0], [1, 1, 1, 1, 1, 0, 1, 1, 1, 1, 9, 9, 9, 9, 9, 0, 0], [1, 1, 1, 1, 1, 0, 0, 0, 0, 0, 9, 9, 9, 9, 9, 0, 0], [1, 1, 1, 1, 1, 0, 0, 1, 1, 1, 1, 1, 0, 0, 0, 0, 0], [1, 1, 1, 1, 1, 0, 0, 1, 1, 1, 1, 1, 0, 0, 0, 0, 0], [1, 1, 1, 1, 1, 0, 0, 1, 1, 1, 1, 1, 0, 0, 0, 0, 0]], "output": [[0, 0, 0, 0, 0, 0, 1, 9, 9, 9, 9, 9, 1, 1, 1, 0, 0], [8, 8, 8, 8, 8, 8, 1, 9, 9, 9, 9, 9, 1, 1, 1, 0, 0], [8, 8, 8, 8, 8, 8, 1, 9, 9, 9, 9, 9, 1, 1, 1, 0, 0], [8, 8, 8, 8, 8, 8, 1, 9, 9, 9, 9, 9, 1, 1, 1, 0, 0], [8, 8, 8, 8, 8, 8, 1, 9, 9, 9, 9, 9, 1, 1, 1, 0, 0], [0, 0, 0, 0, 0, 0, 1, 1, 1, 1, 9, 9, 9, 9, 9, 0, 0], [0, 0, 0, 0, 0, 0, 1, 1, 1, 1, 9, 9, 9, 9, 9, 0, 0], [0, 0, 0, 0, 0, 0, 1, 1, 1, 1, 9, 9, 9, 9, 9, 0, 0], [1, 1, 1, 1, 1, 0, 1, 1, 1, 1, 9, 9, 9, 9, 9, 0, 0], [1, 1, 1, 1, 1, 0, 1, 1, 1, 1, 9, 9, 9, 9, 9, 0, 0], [1, 1, 1, 1, 1, 0, 1, 1, 1, 1, 1, 1, 1, 1, 1, 0, 0], [1, 1, 1, 1, 1, 0, 1, 1, 1, 1, 1, 1, 1, 1, 1, 0, 0], [1, 1, 1, 1, 1, 0, 1, 1, 1, 1, 1, 1, 1, 1, 1, 0, 0]]}, {"input": [[0, 0, 0, 0, 0, 0, 0, 0, 0, 0, 0, 6, 6, 6, 0], [0, 0, 0, 0, 0, 0, 0, 5, 5, 5, 0, 6, 6, 6, 0], [5, 5, 5, 5, 5, 5, 0, 5, 5, 5, 0, 6, 6, 6, 0], [5, 5, 5, 5, 5, 5, 0, 5, 5, 5, 0, 6, 6, 6, 0], [5, 5, 5, 5, 5, 5, 0, 5, 5, 5, 0, 6, 6, 6, 0], [5, 5, 5, 5, 5, 5, 0, 0, 0, 0, 0, 6, 6, 6, 0], [0, 0, 0, 0, 0, 5, 5, 5, 5, 0, 0, 6, 6, 6, 6], [2, 2, 2, 0, 0, 5, 5, 5, 5, 0, 0, 6, 6, 6, 6], [2, 2, 2, 0, 0, 5, 5, 5, 5, 0, 0, 6, 6, 6, 6], [2, 2, 2, 0, 0, 0, 0, 2, 2, 2, 2, 2, 0, 0, 0], [0, 0, 0, 0, 0, 0, 0, 2, 2, 2, 2, 2, 0, 0, 0], [0, 0, 0, 0, 0, 0, 0, 2, 2, 2, 2, 2, 0, 0, 0]], "output": [[1, 1, 1, 1, 1, 1, 1, 1, 1, 1, 1, 6, 6, 6, 1], [1, 1, 1, 1, 1, 1, 1, 5, 5, 5, 1, 6, 6, 6, 1], [5, 5, 5, 5, 5, 5, 1, 5, 5, 5, 1, 6, 6, 6, 1], [5, 5, 5, 5, 5, 5, 1, 5, 5, 5, 1, 6, 6, 6, 1], [5, 5, 5, 5, 5, 5, 1, 5, 5, 5, 1, 6, 6, 6, 1], [5, 5, 5, 5, 5, 5, 1, 1, 1, 1, 1, 6, 6, 6, 1], [1, 1, 1, 1, 1, 5, 5, 5, 5, 1, 1, 6, 6, 6, 6], [2, 2, 2, 1, 1, 5, 5, 5, 5, 1, 1, 6, 6, 6, 6], [2, 2, 2, 1, 1, 5, 5, 5, 5, 1, 1, 6, 6, 6, 6], [2, 2, 2, 1, 1, 1, 1, 2, 2, 2, 2, 2, 1, 1, 1], [1, 1, 1, 1, 1, 1, 1, 2, 2, 2, 2, 2, 1, 1, 1], [1, 1, 1, 1, 1, 1, 1, 2, 2, 2, 2, 2, 1, 1, 1]]}, {"input": [[0, 0, 0, 0, 6, 6, 6, 6, 6, 0, 0, 0, 0, 0, 0, 0], [0, 0, 0, 0, 6, 6, 6, 6, 6, 0, 0, 0, 9, 9, 9, 0], [8, 8, 8, 8, 6, 6, 6, 6, 6, 8, 8, 8, 9, 9, 9, 0], [8, 8, 8, 8, 6, 6, 6, 6, 6, 8, 8, 8, 9, 9, 9, 0], [8, 8, 8, 8, 6, 6, 6, 6, 6, 8, 8, 8, 9, 9, 9, 0], [0, 0, 9, 9, 9, 0, 0, 0, 0, 8, 8, 8, 0, 0, 0, 0], [0, 0, 9, 9, 9, 8, 8, 8, 8, 8, 6, 6, 6, 6, 6, 6], [0, 0, 9, 9, 9, 8, 8, 8, 8, 8, 6, 6, 6, 6, 6, 6], [0, 0, 9, 9, 9, 8, 8, 8, 8, 8, 6, 6, 6, 6, 6, 6], [0, 0, 9, 9, 9, 8, 8, 8, 8, 8, 6, 6, 6, 6, 6, 6], [0, 0, 0, 0, 0, 8, 8, 8, 8, 8, 6, 6, 6, 6, 6, 6], [0, 0, 0, 0, 0, 8, 8, 8, 8, 8, 0, 0, 0, 0, 0, 0]], "output": [[1, 1, 1, 1, 6, 6, 6, 6, 6, 1, 1, 1, 1, 1, 1, 1], [1, 1, 1, 1, 6, 6, 6, 6, 6, 1, 1, 1, 9, 9, 9, 1], [8, 8, 8, 8, 6, 6, 6, 6, 6, 8, 8, 8, 9, 9, 9, 1], [8, 8, 8, 8, 6, 6, 6, 6, 6, 8, 8, 8, 9, 9, 9, 1], [8, 8, 8, 8, 6, 6, 6, 6, 6, 8, 8, 8, 9, 9, 9, 1], [1, 1, 9, 9, 9, 1, 1, 1, 1, 8, 8, 8, 1, 1, 1, 1], [1, 1, 9, 9, 9, 8, 8, 8, 8, 8, 6, 6, 6, 6, 6, 6], [1, 1, 9, 9, 9, 8, 8, 8, 8, 8, 6, 6, 6, 6, 6, 6], [1, 1, 9, 9, 9, 8, 8, 8, 8, 8, 6, 6, 6, 6, 6, 6], [1, 1, 9, 9, 9, 8, 8, 8, 8, 8, 6, 6, 6, 6, 6, 6], [1, 1, 1, 1, 1, 8, 8, 8, 8, 8, 6, 6, 6, 6, 6, 6], [1, 1, 1, 1, 1, 8, 8, 8, 8, 8, 1, 1, 1, 1, 1, 1]]}, {"input": [[0, 0, 0, 0, 0, 0, 9, 9, 9, 9, 9, 4, 4, 4], [0, 0, 0, 1, 1, 1, 9, 9, 9, 9, 9, 4, 4, 4], [0, 0, 0, 1, 1, 1, 9, 9, 9, 9, 9, 4, 4, 4], [0, 0, 0, 1, 1, 1, 9, 9, 9, 9, 9, 4, 4, 4], [0, 0, 0, 1, 1, 1, 0, 1, 1, 1, 1, 0, 0, 0], [0, 9, 9, 9, 9, 9, 9, 1, 1, 1, 1, 0, 0, 0], [0, 9, 9, 9, 9, 9, 9, 1, 1, 1, 1, 4, 4, 4], [0, 9, 9, 9, 9, 9, 9, 1, 1, 1, 1, 4, 4, 4], [0, 0, 0, 4, 4, 4, 4, 4, 0, 0, 0, 4, 4, 4], [0, 0, 0, 4, 4, 4, 4, 4, 0, 0, 0, 4, 4, 4], [0, 0, 0, 4, 4, 4, 4, 4, 0, 9, 9, 9, 0, 0], [0, 0, 0, 4, 4, 4, 4, 4, 0, 9, 9, 9, 0, 0], [0, 0, 0, 4, 4, 4, 4, 4, 0, 9, 9, 9, 0, 0], [0, 0, 0, 4, 4, 4, 4, 4, 0, 0, 0, 0, 0, 0]], "output": [[0, 1, 1, 1, 1, 1, 9, 9, 9, 9, 9, 4, 4, 4], [0, 1, 1, 1, 1, 1, 9, 9, 9, 9, 9, 4, 4, 4], [0, 1, 1, 1, 1, 1, 9, 9, 9, 9, 9, 4, 4, 4], [0, 1, 1, 1, 1, 1, 9, 9, 9, 9, 9, 4, 4, 4], [0, 1, 1, 1, 1, 1, 1, 1, 1, 1, 1, 1, 1, 1], [0, 9, 9, 9, 9, 9, 9, 1, 1, 1, 1, 1, 1, 1], [0, 9, 9, 9, 9, 9, 9, 1, 1, 1, 1, 4, 4, 4], [0, 9, 9, 9, 9, 9, 9, 1, 1, 1, 1, 4, 4, 4], [0, 1, 1, 4, 4, 4, 4, 4, 1, 1, 1, 4, 4, 4], [0, 1, 1, 4, 4, 4, 4, 4, 1, 1, 1, 4, 4, 4], [0, 1, 1, 4, 4, 4, 4, 4, 1, 9, 9, 9, 1, 1], [0, 1, 1, 4, 4, 4, 4, 4, 1, 9, 9, 9, 1, 1], [0, 1, 1, 4, 4, 4, 4, 4, 1, 9, 9, 9, 1, 1], [0, 1, 1, 4, 4, 4, 4, 4, 1, 1, 1, 1, 1, 1]]}, {"input": [[7, 7, 7, 7, 7, 7, 0, 0, 0, 0, 0, 0, 0, 0], [7, 7, 7, 7, 7, 7, 0, 0, 0, 0, 0, 0, 0, 0], [7, 7, 7, 7, 7, 7, 0, 7, 7, 7, 7, 7, 7, 7], [0, 0, 0, 0, 0, 0, 0, 7, 7, 7, 7, 7, 7, 7], [0, 0, 6, 6, 6, 6, 0, 7, 7, 7, 7, 7, 7, 7], [0, 0, 6, 6, 6, 6, 0, 7, 7, 7, 7, 7, 7, 7], [0, 0, 6, 6, 6, 6, 0, 0, 0, 0, 0, 0, 0, 0], [0, 0, 6, 6, 6, 6, 0, 0, 0, 0, 2, 2, 2, 0], [0, 0, 6, 6, 6, 6, 0, 0, 0, 0, 2, 2, 2, 0], [6, 6, 6, 6, 0, 0, 0, 0, 0, 0, 2, 2, 2, 0], [6, 6, 6, 6, 0, 0, 0, 0, 0, 0, 2, 2, 2, 0], [6, 6, 6, 6, 0, 0, 0, 0, 0, 0, 2, 2, 2, 0], [6, 6, 6, 6, 0, 0, 0, 0, 0, 0, 2, 2, 2, 0], [6, 6, 6, 6, 6, 6, 6, 6, 0, 0, 0, 0, 0, 0], [0, 0, 0, 0, 6, 6, 6, 6, 0, 0, 0, 0, 0, 0], [0, 0, 0, 0, 6, 6, 6, 6, 0, 0, 0, 0, 0, 0], [0, 0, 0, 0, 6, 6, 6, 6, 0, 0, 0, 0, 0, 0]], "output": [[7, 7, 7, 7, 7, 7, 0, 0, 0, 0, 0, 0, 0, 0], [7, 7, 7, 7, 7, 7, 0, 0, 0, 0, 0, 0, 0, 0], [7, 7, 7, 7, 7, 7, 0, 7, 7, 7, 7, 7, 7, 7], [0, 0, 0, 0, 0, 0, 0, 7, 7, 7, 7, 7, 7, 7], [1, 1, 6, 6, 6, 6, 1, 7, 7, 7, 7, 7, 7, 7], [1, 1, 6, 6, 6, 6, 1, 7, 7, 7, 7, 7, 7, 7], [1, 1, 6, 6, 6, 6, 1, 1, 0, 0, 0, 0, 0, 0], [1, 1, 6, 6, 6, 6, 1, 1, 0, 0, 2, 2, 2, 0], [1, 1, 6, 6, 6, 6, 1, 1, 0, 0, 2, 2, 2, 0], [6, 6, 6, 6, 1, 1, 1, 1, 0, 0, 2, 2, 2, 0], [6, 6, 6, 6, 1, 1, 1, 1, 0, 0, 2, 2, 2, 0], [6, 6, 6, 6, 1, 1, 1, 1, 0, 0, 2, 2, 2, 0], [6, 6, 6, 6, 1, 1, 1, 1, 0, 0, 2, 2, 2, 0], [6, 6, 6, 6, 6, 6, 6, 6, 0, 0, 0, 0, 0, 0], [1, 1, 1, 1, 6, 6, 6, 6, 0, 0, 0, 0, 0, 0], [1, 1, 1, 1, 6, 6, 6, 6, 0, 0, 0, 0, 0, 0], [1, 1, 1, 1, 6, 6, 6, 6, 0, 0, 0, 0, 0, 0]]}, {"input": [[0, 0, 0, 0, 9, 9, 9, 9, 0, 0, 8, 8, 8, 8, 0], [0, 0, 0, 0, 9, 9, 9, 9, 0, 0, 8, 8, 8, 8, 0], [0, 0, 0, 0, 9, 9, 9, 9, 0, 0, 8, 8, 8, 8, 0], [8, 8, 8, 0, 9, 9, 9, 9, 0, 0, 8, 8, 8, 8, 0], [8, 8, 8, 0, 0, 0, 0, 0, 0, 0, 8, 8, 8, 8, 0], [8, 8, 8, 0, 0, 5, 5, 5, 0, 0, 8, 8, 8, 8, 0], [8, 8, 8, 0, 0, 5, 5, 5, 9, 9, 9, 9, 0, 0, 0], [8, 8, 8, 0, 0, 5, 5, 5, 9, 9, 9, 9, 0, 0, 0], [8, 8, 8, 0, 0, 0, 0, 0, 9, 9, 9, 9, 0, 0, 0], [0, 0, 5, 5, 5, 5, 5, 0, 9, 9, 9, 9, 0, 0, 0], [0, 0, 5, 5, 5, 5, 5, 0, 0, 0, 0, 0, 0, 0, 0], [0, 0, 5, 5, 5, 5, 5, 0, 0, 0, 0, 0, 0, 0, 0], [0, 0, 0, 0, 0, 0, 0, 0, 9, 9, 9, 9, 9, 0, 0], [0, 0, 8, 8, 8, 0, 0, 0, 9, 9, 9, 9, 9, 0, 0], [0, 0, 8, 8, 8, 0, 0, 0, 9, 9, 9, 9, 9, 0, 0], [0, 0, 8, 8, 8, 0, 0, 0, 9, 9, 9, 9, 9, 0, 0], [0, 0, 8, 8, 8, 0, 0, 0, 9, 9, 9, 9, 9, 0, 0], [0, 0, 8, 8, 8, 0, 0, 0, 9, 9, 9, 9, 9, 0, 0], [0, 0, 8, 8, 8, 0, 0, 0, 0, 0, 0, 0, 0, 0, 0]], "output": [[0, 0, 0, 0, 9, 9, 9, 9, 1, 1, 8, 8, 8, 8, 0], [0, 0, 0, 0, 9, 9, 9, 9, 1, 1, 8, 8, 8, 8, 0], [0, 0, 0, 0, 9, 9, 9, 9, 1, 1, 8, 8, 8, 8, 0], [8, 8, 8, 1, 9, 9, 9, 9, 1, 1, 8, 8, 8, 8, 0], [8, 8, 8, 1, 1, 1, 1, 1, 1, 1, 8, 8, 8, 8, 0], [8, 8, 8, 1, 1, 5, 5, 5, 1, 1, 8, 8, 8, 8, 0], [8, 8, 8, 1, 1, 5, 5, 5, 9, 9, 9, 9, 1, 1, 0], [8, 8, 8, 1, 1, 5, 5, 5, 9, 9, 9, 9, 1, 1, 0], [8, 8, 8, 1, 1, 1, 1, 1, 9, 9, 9, 9, 1, 1, 0], [1, 1, 5, 5, 5, 5, 5, 1, 9, 9, 9, 9, 1, 1, 0], [1, 1, 5, 5, 5, 5, 5, 0, 0, 0, 0, 0, 0, 0, 0], [1, 1, 5, 5, 5, 5, 5, 0, 0, 0, 0, 0, 0, 0, 0], [0, 0, 0, 0, 0, 0, 0, 0, 9, 9, 9, 9, 9, 0, 0], [0, 0, 8, 8, 8, 0, 0, 0, 9, 9, 9, 9, 9, 0, 0], [0, 0, 8, 8, 8, 0, 0, 0, 9, 9, 9, 9, 9, 0, 0], [0, 0, 8, 8, 8, 0, 0, 0, 9, 9, 9, 9, 9, 0, 0], [0, 0, 8, 8, 8, 0, 0, 0, 9, 9, 9, 9, 9, 0, 0], [0, 0, 8, 8, 8, 0, 0, 0, 9, 9, 9, 9, 9, 0, 0], [0, 0, 8, 8, 8, 0, 0, 0, 0, 0, 0, 0, 0, 0, 0]]}, {"input": [[0, 0, 8, 8, 8, 8, 8, 8, 5, 5, 5, 5, 0, 0, 0, 0], [0, 0, 8, 8, 8, 8, 8, 8, 5, 5, 5, 5, 0, 0, 0, 0], [0, 0, 8, 8, 8, 8, 8, 8, 5, 5, 5, 5, 0, 0, 0, 0], [0, 0, 0, 0, 0, 0, 0, 0, 0, 0, 5, 5, 5, 5, 0, 0], [0, 0, 0, 4, 4, 4, 4, 4, 4, 0, 5, 5, 5, 5, 0, 0], [0, 0, 0, 4, 4, 4, 4, 4, 4, 0, 5, 5, 5, 5, 0, 0], [0, 0, 0, 4, 4, 4, 4, 4, 4, 0, 5, 5, 5, 5, 0, 0], [4, 4, 4, 4, 4, 4, 4, 4, 4, 0, 5, 5, 5, 5, 0, 0], [4, 4, 4, 4, 4, 4, 4, 4, 4, 0, 5, 5, 5, 5, 0, 0], [4, 4, 4, 4, 4, 4, 4, 4, 4, 0, 0, 0, 0, 0, 0, 0], [0, 0, 0, 0, 0, 0, 0, 0, 0, 0, 0, 0, 0, 0, 0, 0]], "output": [[0, 0, 8, 8, 8, 8, 8, 8, 5, 5, 5, 5, 1, 1, 0, 0], [0, 0, 8, 8, 8, 8, 8, 8, 5, 5, 5, 5, 1, 1, 0, 0], [0, 0, 8, 8, 8, 8, 8, 8, 5, 5, 5, 5, 1, 1, 0, 0], [0, 0, 1, 1, 1, 1, 1, 1, 1, 1, 5, 5, 5, 5, 0, 0], [1, 1, 1, 4, 4, 4, 4, 4, 4, 1, 5, 5, 5, 5, 0, 0], [1, 1, 1, 4, 4, 4, 4, 4, 4, 1, 5, 5, 5, 5, 0, 0], [1, 1, 1, 4, 4, 4, 4, 4, 4, 1, 5, 5, 5, 5, 0, 0], [4, 4, 4, 4, 4, 4, 4, 4, 4, 1, 5, 5, 5, 5, 0, 0], [4, 4, 4, 4, 4, 4, 4, 4, 4, 1, 5, 5, 5, 5, 0, 0], [4, 4, 4, 4, 4, 4, 4, 4, 4, 0, 0, 0, 0, 0, 0, 0], [0, 0, 0, 0, 0, 0, 0, 0, 0, 0, 0, 0, 0, 0, 0, 0]]}, {"input": [[0, 3, 3, 3, 3, 3, 0, 0, 0, 0, 0, 0, 0, 0, 0, 0, 0, 0], [0, 3, 3, 3, 3, 3, 0, 0, 0, 0, 0, 0, 0, 0, 0, 0, 0, 0], [0, 3, 3, 3, 3, 3, 0, 0, 0, 0, 0, 0, 0, 0, 0, 0, 0, 0], [0, 3, 3, 3, 3, 3, 0, 9, 9, 9, 9, 9, 9, 0, 0, 0, 0, 0], [0, 3, 3, 3, 3, 3, 0, 9, 9, 9, 9, 9, 9, 0, 0, 0, 0, 0], [0, 0, 0, 0, 0, 0, 0, 9, 9, 9, 9, 9, 9, 0, 0, 0, 0, 0], [0, 0, 0, 0, 0, 0, 0, 9, 9, 9, 9, 9, 9, 0, 0, 0, 0, 0], [0, 0, 0, 0, 0, 0, 0, 9, 9, 9, 9, 9, 9, 0, 0, 2, 2, 2], [0, 0, 0, 0, 0, 0, 0, 0, 0, 0, 0, 0, 0, 0, 0, 2, 2, 2], [0, 0, 0, 0, 0, 0, 0, 0, 0, 0, 0, 0, 0, 0, 0, 2, 2, 2], [0, 0, 0, 0, 0, 0, 0, 0, 0, 0, 0, 0, 0, 0, 0, 2, 2, 2], [0, 0, 0, 3, 3, 3, 3, 3, 3, 2, 2, 2, 2, 2, 2, 0, 0, 0], [0, 0, 0, 3, 3, 3, 3, 3, 3, 2, 2, 2, 2, 2, 2, 0, 0, 0], [0, 0, 0, 3, 3, 3, 3, 3, 3, 2, 2, 2, 2, 2, 2, 0, 0, 0], [0, 0, 9, 9, 9, 0, 0, 0, 0, 2, 2, 2, 2, 2, 2, 0, 0, 0], [0, 0, 9, 9, 9, 0, 0, 0, 0, 2, 2, 2, 2, 2, 2, 0, 0, 0], [0, 0, 9, 9, 9, 0, 0, 0, 0, 0, 0, 0, 0, 0, 0, 0, 0, 0], [0, 0, 0, 0, 0, 0, 0, 0, 0, 0, 0, 0, 0, 0, 0, 0, 0, 0]], "output": [[0, 3, 3, 3, 3, 3, 0, 0, 0, 0, 0, 0, 0, 0, 0, 0, 0, 0], [0, 3, 3, 3, 3, 3, 0, 0, 0, 0, 0, 0, 0, 0, 0, 0, 0, 0], [0, 3, 3, 3, 3, 3, 0, 0, 0, 0, 0, 0, 0, 0, 0, 0, 0, 0], [0, 3, 3, 3, 3, 3, 0, 9, 9, 9, 9, 9, 9, 0, 0, 0, 0, 0], [0, 3, 3, 3, 3, 3, 0, 9, 9, 9, 9, 9, 9, 0, 0, 0, 0, 0], [0, 0, 0, 0, 0, 0, 0, 9, 9, 9, 9, 9, 9, 0, 0, 0, 0, 0], [0, 0, 0, 0, 0, 0, 0, 9, 9, 9, 9, 9, 9, 0, 0, 0, 0, 0], [0, 0, 0, 0, 0, 0, 0, 9, 9, 9, 9, 9, 9, 0, 0, 2, 2, 2], [0, 0, 0, 0, 0, 0, 0, 0, 0, 0, 0, 0, 0, 0, 0, 2, 2, 2], [0, 0, 0, 0, 0, 0, 0, 0, 0, 0, 0, 0, 0, 0, 0, 2, 2, 2], [0, 0, 0, 0, 0, 0, 0, 0, 0, 0, 0, 0, 0, 0, 0, 2, 2, 2], [0, 0, 1, 3, 3, 3, 3, 3, 3, 2, 2, 2, 2, 2, 2, 0, 0, 0], [0, 0, 1, 3, 3, 3, 3, 3, 3, 2, 2, 2, 2, 2, 2, 0, 0, 0], [0, 0, 1, 3, 3, 3, 3, 3, 3, 2, 2, 2, 2, 2, 2, 0, 0, 0], [0, 0, 9, 9, 9, 1, 1, 1, 1, 2, 2, 2, 2, 2, 2, 0, 0, 0], [0, 0, 9, 9, 9, 1, 1, 1, 1, 2, 2, 2, 2, 2, 2, 0, 0, 0], [0, 0, 9, 9, 9, 1, 1, 1, 1, 1, 1, 1, 1, 1, 1, 0, 0, 0], [0, 0, 0, 0, 0, 0, 0, 0, 0, 0, 0, 0, 0, 0, 0, 0, 0, 0]]}, {"input": [[8, 8, 8, 8, 8, 8, 0, 0, 0, 0, 0, 0], [8, 8, 8, 8, 8, 8, 0, 0, 0, 0, 0, 0], [8, 8, 8, 8, 8, 8, 0, 0, 0, 0, 0, 0], [8, 8, 8, 8, 8, 8, 8, 8, 8, 8, 8, 8], [9, 9, 9, 0, 0, 0, 8, 8, 8, 8, 8, 8], [9, 9, 9, 8, 8, 8, 8, 8, 8, 8, 8, 8], [9, 9, 9, 8, 8, 8, 8, 8, 8, 8, 8, 8], [9, 9, 9, 8, 8, 8, 8, 8, 8, 8, 8, 8], [9, 9, 9, 0, 0, 0, 8, 8, 8, 8, 8, 8], [0, 0, 9, 9, 9, 9, 7, 7, 7, 7, 7, 7], [0, 0, 9, 9, 9, 9, 7, 7, 7, 7, 7, 7], [0, 0, 9, 9, 9, 9, 7, 7, 7, 7, 7, 7], [0, 0, 9, 9, 9, 9, 7, 7, 7, 7, 7, 7], [0, 0, 0, 0, 0, 0, 7, 7, 7, 7, 7, 7], [0, 0, 0, 0, 0, 0, 7, 7, 7, 7, 7, 7]], "output": [[8, 8, 8, 8, 8, 8, 1, 1, 1, 1, 1, 1], [8, 8, 8, 8, 8, 8, 1, 1, 1, 1, 1, 1], [8, 8, 8, 8, 8, 8, 1, 1, 1, 1, 1, 1], [8, 8, 8, 8, 8, 8, 8, 8, 8, 8, 8, 8], [9, 9, 9, 1, 1, 1, 8, 8, 8, 8, 8, 8], [9, 9, 9, 8, 8, 8, 8, 8, 8, 8, 8, 8], [9, 9, 9, 8, 8, 8, 8, 8, 8, 8, 8, 8], [9, 9, 9, 8, 8, 8, 8, 8, 8, 8, 8, 8], [9, 9, 9, 1, 1, 1, 8, 8, 8, 8, 8, 8], [1, 1, 9, 9, 9, 9, 7, 7, 7, 7, 7, 7], [1, 1, 9, 9, 9, 9, 7, 7, 7, 7, 7, 7], [1, 1, 9, 9, 9, 9, 7, 7, 7, 7, 7, 7], [1, 1, 9, 9, 9, 9, 7, 7, 7, 7, 7, 7], [1, 1, 1, 1, 1, 1, 7, 7, 7, 7, 7, 7], [1, 1, 1, 1, 1, 1, 7, 7, 7, 7, 7, 7]]}, {"input": [[0, 0, 0, 0, 0, 0, 0, 0, 0, 0, 0], [0, 0, 0, 0, 0, 0, 0, 0, 0, 0, 0], [4, 4, 4, 4, 0, 0, 0, 0, 0, 0, 0], [4, 4, 4, 4, 9, 9, 9, 9, 9, 9, 0], [4, 4, 4, 4, 9, 9, 9, 9, 9, 9, 0], [4, 4, 4, 4, 9, 9, 9, 9, 9, 9, 0], [4, 4, 4, 4, 9, 9, 9, 9, 9, 9, 0], [0, 0, 0, 0, 0, 0, 1, 1, 1, 1, 0], [0, 0, 0, 0, 0, 0, 1, 1, 1, 1, 0], [1, 1, 1, 1, 1, 1, 1, 1, 1, 1, 0], [1, 1, 1, 1, 1, 1, 1, 1, 1, 1, 0], [1, 1, 1, 1, 1, 1, 0, 9, 9, 9, 0], [1, 1, 1, 1, 1, 1, 0, 9, 9, 9, 0], [0, 0, 0, 0, 0, 0, 0, 9, 9, 9, 0]], "output": [[0, 0, 0, 0, 0, 0, 0, 0, 0, 0, 0], [0, 0, 0, 0, 0, 0, 0, 0, 0, 0, 0], [4, 4, 4, 4, 1, 1, 1, 1, 1, 1, 0], [4, 4, 4, 4, 9, 9, 9, 9, 9, 9, 0], [4, 4, 4, 4, 9, 9, 9, 9, 9, 9, 0], [4, 4, 4, 4, 9, 9, 9, 9, 9, 9, 0], [4, 4, 4, 4, 9, 9, 9, 9, 9, 9, 0], [1, 1, 1, 1, 1, 1, 1, 1, 1, 1, 0], [1, 1, 1, 1, 1, 1, 1, 1, 1, 1, 0], [1, 1, 1, 1, 1, 1, 1, 1, 1, 1, 0], [1, 1, 1, 1, 1, 1, 1, 1, 1, 1, 0], [1, 1, 1, 1, 1, 1, 1, 9, 9, 9, 0], [1, 1, 1, 1, 1, 1, 1, 9, 9, 9, 0], [1, 1, 1, 1, 1, 1, 1, 9, 9, 9, 0]]}, {"input": [[3, 3, 3, 3, 3, 0, 3, 3, 3, 3, 0], [3, 3, 3, 3, 3, 0, 3, 3, 3, 3, 0], [3, 3, 3, 3, 3, 0, 3, 3, 3, 3, 0], [3, 3, 3, 3, 3, 0, 3, 3, 3, 3, 0], [3, 3, 3, 3, 3, 0, 3, 3, 3, 3, 0], [6, 6, 6, 6, 6, 6, 3, 3, 3, 3, 3], [6, 6, 6, 6, 6, 6, 3, 3, 3, 3, 3], [6, 6, 6, 6, 6, 6, 3, 3, 3, 3, 3], [6, 6, 6, 6, 6, 6, 3, 3, 3, 3, 3], [6, 6, 6, 6, 6, 6, 3, 3, 3, 3, 3], [6, 6, 6, 6, 6, 6, 0, 0, 0, 0, 0], [0, 0, 0, 0, 0, 0, 0, 0, 0, 0, 0], [0, 6, 6, 6, 0, 0, 0, 0, 0, 0, 0], [0, 6, 6, 6, 0, 8, 8, 8, 8, 0, 0], [0, 6, 6, 6, 0, 8, 8, 8, 8, 0, 0], [0, 6, 6, 6, 0, 8, 8, 8, 8, 0, 0], [0, 0, 0, 0, 0, 8, 8, 8, 8, 0, 0], [0, 0, 0, 0, 0, 8, 8, 8, 8, 0, 0], [0, 0, 0, 0, 0, 8, 8, 8, 8, 0, 0]], "output": [[3, 3, 3, 3, 3, 1, 3, 3, 3, 3, 1], [3, 3, 3, 3, 3, 1, 3, 3, 3, 3, 1], [3, 3, 3, 3, 3, 1, 3, 3, 3, 3, 1], [3, 3, 3, 3, 3, 1, 3, 3, 3, 3, 1], [3, 3, 3, 3, 3, 1, 3, 3, 3, 3, 1], [6, 6, 6, 6, 6, 6, 3, 3, 3, 3, 3], [6, 6, 6, 6, 6, 6, 3, 3, 3, 3, 3], [6, 6, 6, 6, 6, 6, 3, 3, 3, 3, 3], [6, 6, 6, 6, 6, 6, 3, 3, 3, 3, 3], [6, 6, 6, 6, 6, 6, 3, 3, 3, 3, 3], [6, 6, 6, 6, 6, 6, 1, 1, 1, 1, 1], [0, 0, 0, 0, 0, 0, 0, 0, 0, 0, 0], [0, 6, 6, 6, 0, 0, 0, 0, 0, 0, 0], [0, 6, 6, 6, 0, 8, 8, 8, 8, 0, 0], [0, 6, 6, 6, 0, 8, 8, 8, 8, 0, 0], [0, 6, 6, 6, 0, 8, 8, 8, 8, 0, 0], [0, 0, 0, 0, 0, 8, 8, 8, 8, 0, 0], [0, 0, 0, 0, 0, 8, 8, 8, 8, 0, 0], [0, 0, 0, 0, 0, 8, 8, 8, 8, 0, 0]]}, {"input": [[0, 0, 0, 0, 0, 0, 0, 0, 0, 0, 0, 0, 0, 0, 0, 0, 0, 0, 0], [0, 0, 0, 0, 0, 0, 0, 0, 0, 0, 0, 0, 0, 0, 6, 6, 6, 6, 6], [0, 0, 0, 0, 0, 0, 0, 0, 0, 6, 6, 6, 0, 0, 6, 6, 6, 6, 6], [0, 0, 0, 7, 7, 7, 7, 7, 0, 6, 6, 6, 0, 0, 6, 6, 6, 6, 6], [7, 7, 7, 7, 7, 7, 7, 7, 0, 6, 6, 6, 0, 0, 0, 0, 0, 0, 0], [7, 7, 7, 7, 7, 7, 7, 7, 0, 6, 6, 6, 0, 0, 0, 0, 0, 0, 0], [7, 7, 7, 7, 7, 7, 7, 7, 0, 6, 6, 6, 0, 0, 0, 0, 0, 0, 0], [7, 7, 7, 7, 7, 7, 7, 7, 0, 0, 0, 0, 5, 5, 5, 5, 5, 0, 0], [7, 7, 7, 0, 0, 0, 0, 0, 0, 0, 0, 0, 5, 5, 5, 5, 5, 0, 0], [0, 0, 0, 0, 0, 0, 0, 0, 0, 0, 0, 0, 5, 5, 5, 5, 5, 0, 0], [0, 0, 0, 0, 0, 0, 0, 0, 0, 0, 0, 0, 0, 0, 0, 0, 0, 0, 0]], "output": [[0, 0, 0, 0, 0, 0, 0, 0, 0, 0, 0, 0, 0, 0, 0, 0, 0, 0, 0], [0, 0, 0, 0, 0, 0, 0, 0, 0, 0, 0, 0, 0, 0, 6, 6, 6, 6, 6], [0, 0, 0, 0, 0, 0, 0, 0, 0, 6, 6, 6, 0, 0, 6, 6, 6, 6, 6], [1, 1, 1, 7, 7, 7, 7, 7, 0, 6, 6, 6, 0, 0, 6, 6, 6, 6, 6], [7, 7, 7, 7, 7, 7, 7, 7, 0, 6, 6, 6, 0, 0, 0, 0, 0, 0, 0], [7, 7, 7, 7, 7, 7, 7, 7, 0, 6, 6, 6, 0, 0, 0, 0, 0, 0, 0], [7, 7, 7, 7, 7, 7, 7, 7, 0, 6, 6, 6, 0, 0, 0, 0, 0, 0, 0], [7, 7, 7, 7, 7, 7, 7, 7, 0, 0, 0, 0, 5, 5, 5, 5, 5, 0, 0], [7, 7, 7, 1, 1, 1, 1, 1, 0, 0, 0, 0, 5, 5, 5, 5, 5, 0, 0], [0, 0, 0, 0, 0, 0, 0, 0, 0, 0, 0, 0, 5, 5, 5, 5, 5, 0, 0], [0, 0, 0, 0, 0, 0, 0, 0, 0, 0, 0, 0, 0, 0, 0, 0, 0, 0, 0]]}, {"input": [[9, 9, 9, 9, 9, 2, 2, 2, 2, 0, 0, 0], [9, 9, 9, 9, 9, 2, 2, 2, 2, 0, 0, 0], [9, 9, 9, 9, 9, 2, 2, 2, 2, 0, 0, 0], [9, 9, 9, 9, 9, 0, 0, 0, 0, 0, 0, 0], [0, 2, 2, 2, 0, 6, 6, 6, 6, 6, 0, 0], [0, 2, 2, 2, 0, 6, 6, 6, 6, 6, 0, 0], [0, 2, 2, 2, 0, 6, 6, 6, 6, 6, 0, 0], [0, 2, 2, 2, 0, 0, 0, 0, 0, 0, 0, 0], [0, 2, 2, 2, 0, 0, 0, 0, 0, 0, 0, 0], [0, 2, 2, 2, 0, 0, 0, 0, 0, 0, 0, 0]], "output": [[9, 9, 9, 9, 9, 2, 2, 2, 2, 0, 0, 0], [9, 9, 9, 9, 9, 2, 2, 2, 2, 0, 0, 0], [9, 9, 9, 9, 9, 2, 2, 2, 2, 0, 0, 0], [9, 9, 9, 9, 9, 1, 1, 1, 1, 0, 0, 0], [1, 2, 2, 2, 1, 6, 6, 6, 6, 6, 0, 0], [1, 2, 2, 2, 1, 6, 6, 6, 6, 6, 0, 0], [1, 2, 2, 2, 1, 6, 6, 6, 6, 6, 0, 0], [1, 2, 2, 2, 1, 1, 1, 1, 1, 0, 0, 0], [1, 2, 2, 2, 1, 1, 1, 1, 1, 0, 0, 0], [1, 2, 2, 2, 1, 1, 1, 1, 1, 0, 0, 0]]}, {"input": [[0, 0, 0, 0, 0, 0, 0, 0, 0, 0, 0], [0, 0, 0, 0, 0, 0, 0, 0, 0, 0, 0], [0, 6, 6, 6, 6, 0, 0, 0, 1, 1, 1], [0, 6, 6, 6, 6, 0, 0, 0, 1, 1, 1], [0, 6, 6, 6, 6, 0, 0, 0, 1, 1, 1], [0, 6, 6, 6, 6, 0, 0, 0, 1, 1, 1], [0, 6, 6, 6, 6, 0, 0, 0, 0, 0, 0], [0, 6, 6, 6, 6, 1, 1, 1, 1, 1, 1], [0, 0, 0, 0, 0, 1, 1, 1, 1, 1, 1], [0, 0, 0, 0, 0, 1, 1, 1, 1, 1, 1], [0, 0, 0, 0, 0, 1, 1, 1, 1, 1, 1], [0, 2, 2, 2, 2, 2, 0, 0, 0, 0, 0], [0, 2, 2, 2, 2, 2, 0, 0, 0, 0, 0], [0, 2, 2, 2, 2, 2, 0, 0, 0, 0, 0], [0, 2, 2, 2, 2, 2, 6, 6, 6, 6, 6], [0, 2, 2, 2, 2, 2, 6, 6, 6, 6, 6], [0, 2, 2, 2, 2, 2, 6, 6, 6, 6, 6], [0, 0, 0, 0, 0, 0, 6, 6, 6, 6, 6], [0, 0, 0, 0, 0, 0, 0, 0, 0, 0, 0]], "output": [[0, 0, 0, 0, 0, 0, 0, 0, 0, 0, 0], [0, 0, 0, 0, 0, 0, 0, 0, 0, 0, 0], [0, 6, 6, 6, 6, 1, 1, 1, 1, 1, 1], [0, 6, 6, 6, 6, 1, 1, 1, 1, 1, 1], [0, 6, 6, 6, 6, 1, 1, 1, 1, 1, 1], [0, 6, 6, 6, 6, 1, 1, 1, 1, 1, 1], [0, 6, 6, 6, 6, 1, 1, 1, 1, 1, 1], [0, 6, 6, 6, 6, 1, 1, 1, 1, 1, 1], [0, 1, 1, 1, 1, 1, 1, 1, 1, 1, 1], [0, 1, 1, 1, 1, 1, 1, 1, 1, 1, 1], [0, 1, 1, 1, 1, 1, 1, 1, 1, 1, 1], [0, 2, 2, 2, 2, 2, 1, 1, 1, 1, 1], [0, 2, 2, 2, 2, 2, 1, 1, 1, 1, 1], [0, 2, 2, 2, 2, 2, 1, 1, 1, 1, 1], [0, 2, 2, 2, 2, 2, 6, 6, 6, 6, 6], [0, 2, 2, 2, 2, 2, 6, 6, 6, 6, 6], [0, 2, 2, 2, 2, 2, 6, 6, 6, 6, 6], [0, 1, 1, 1, 1, 1, 6, 6, 6, 6, 6], [0, 0, 0, 0, 0, 0, 0, 0, 0, 0, 0]]}, {"input": [[0, 0, 0, 0, 0, 0, 0, 0, 0, 0, 0, 0, 0, 0, 0, 0, 0, 0], [1, 1, 1, 1, 1, 0, 0, 0, 7, 7, 7, 7, 1, 1, 1, 1, 1, 0], [1, 1, 1, 1, 1, 0, 0, 0, 7, 7, 7, 7, 1, 1, 1, 1, 1, 0], [1, 1, 1, 1, 1, 0, 0, 0, 7, 7, 7, 7, 1, 1, 1, 1, 1, 0], [1, 1, 1, 1, 1, 0, 0, 0, 0, 0, 6, 6, 6, 6, 6, 6, 0, 0], [1, 1, 1, 1, 1, 0, 7, 7, 7, 7, 6, 6, 6, 6, 6, 6, 0, 0], [0, 6, 6, 6, 6, 0, 7, 7, 7, 7, 6, 6, 6, 6, 6, 6, 0, 0], [0, 6, 6, 6, 6, 0, 7, 7, 7, 7, 6, 6, 6, 6, 6, 6, 0, 0], [0, 6, 6, 6, 6, 0, 7, 7, 7, 7, 6, 6, 6, 6, 6, 6, 0, 0], [0, 6, 6, 6, 6, 0, 7, 7, 7, 7, 6, 6, 6, 6, 6, 6, 0, 0], [0, 6, 6, 6, 6, 0, 7, 7, 7, 7, 0, 0, 0, 0, 0, 0, 0, 0]], "output": [[0, 0, 0, 0, 0, 0, 0, 0, 0, 0, 0, 0, 0, 0, 0, 0, 0, 0], [1, 1, 1, 1, 1, 0, 1, 1, 7, 7, 7, 7, 1, 1, 1, 1, 1, 0], [1, 1, 1, 1, 1, 0, 1, 1, 7, 7, 7, 7, 1, 1, 1, 1, 1, 0], [1, 1, 1, 1, 1, 0, 1, 1, 7, 7, 7, 7, 1, 1, 1, 1, 1, 0], [1, 1, 1, 1, 1, 0, 1, 1, 1, 1, 6, 6, 6, 6, 6, 6, 1, 0], [1, 1, 1, 1, 1, 0, 7, 7, 7, 7, 6, 6, 6, 6, 6, 6, 1, 0], [1, 6, 6, 6, 6, 0, 7, 7, 7, 7, 6, 6, 6, 6, 6, 6, 1, 0], [1, 6, 6, 6, 6, 0, 7, 7, 7, 7, 6, 6, 6, 6, 6, 6, 1, 0], [1, 6, 6, 6, 6, 0, 7, 7, 7, 7, 6, 6, 6, 6, 6, 6, 1, 0], [1, 6, 6, 6, 6, 0, 7, 7, 7, 7, 6, 6, 6, 6, 6, 6, 1, 0], [1, 6, 6, 6, 6, 0, 7, 7, 7, 7, 1, 1, 1, 1, 1, 1, 1, 0]]}, {"input": [[0, 0, 0, 0, 0, 0, 0, 0, 0, 0, 0], [0, 0, 8, 8, 8, 8, 0, 5, 5, 5, 0], [0, 0, 8, 8, 8, 8, 0, 5, 5, 5, 0], [0, 0, 8, 8, 8, 8, 0, 5, 5, 5, 0], [0, 0, 8, 8, 8, 8, 0, 5, 5, 5, 0], [0, 0, 8, 8, 8, 8, 0, 5, 5, 5, 0], [0, 0, 0, 0, 0, 0, 0, 5, 5, 5, 0], [0, 0, 0, 0, 5, 5, 5, 5, 5, 5, 0], [0, 0, 0, 0, 5, 5, 5, 5, 5, 5, 0], [0, 0, 0, 0, 5, 5, 5, 5, 5, 5, 0], [0, 0, 0, 3, 3, 3, 3, 3, 0, 0, 0], [0, 0, 0, 3, 3, 3, 3, 3, 0, 0, 0], [0, 0, 0, 3, 3, 3, 3, 3, 0, 0, 0], [0, 0, 0, 8, 8, 8, 8, 0, 0, 0, 0], [0, 0, 0, 8, 8, 8, 8, 0, 0, 0, 0], [0, 0, 0, 8, 8, 8, 8, 0, 0, 0, 0], [0, 0, 0, 0, 0, 0, 0, 0, 0, 0, 0]], "output": [[0, 0, 0, 0, 0, 0, 0, 0, 0, 0, 0], [0, 0, 8, 8, 8, 8, 1, 5, 5, 5, 0], [0, 0, 8, 8, 8, 8, 1, 5, 5, 5, 0], [0, 0, 8, 8, 8, 8, 1, 5, 5, 5, 0], [0, 0, 8, 8, 8, 8, 1, 5, 5, 5, 0], [0, 0, 8, 8, 8, 8, 1, 5, 5, 5, 0], [0, 0, 0, 1, 1, 1, 1, 5, 5, 5, 0], [0, 0, 0, 1, 5, 5, 5, 5, 5, 5, 0], [0, 0, 0, 1, 5, 5, 5, 5, 5, 5, 0], [0, 0, 0, 1, 5, 5, 5, 5, 5, 5, 0], [0, 0, 0, 3, 3, 3, 3, 3, 1, 1, 0], [0, 0, 0, 3, 3, 3, 3, 3, 1, 1, 0], [0, 0, 0, 3, 3, 3, 3, 3, 1, 1, 0], [0, 0, 0, 8, 8, 8, 8, 1, 1, 1, 0], [0, 0, 0, 8, 8, 8, 8, 1, 1, 1, 0], [0, 0, 0, 8, 8, 8, 8, 1, 1, 1, 0], [0, 0, 0, 0, 0, 0, 0, 0, 0, 0, 0]]}, {"input": [[0, 0, 0, 0, 0, 0, 0, 0, 0, 0, 0, 0], [0, 0, 0, 0, 0, 0, 0, 0, 0, 0, 0, 0], [0, 0, 3, 3, 3, 6, 6, 6, 6, 0, 0, 0], [0, 0, 3, 3, 3, 6, 6, 6, 6, 0, 0, 0], [0, 0, 3, 3, 3, 6, 6, 6, 6, 0, 0, 0], [0, 0, 3, 3, 3, 6, 6, 6, 6, 0, 0, 0], [0, 0, 3, 3, 3, 6, 6, 6, 6, 3, 3, 3], [0, 0, 3, 3, 3, 0, 0, 0, 0, 3, 3, 3], [0, 0, 0, 0, 0, 0, 0, 0, 0, 3, 3, 3], [0, 0, 0, 0, 0, 0, 0, 0, 0, 3, 3, 3]], "output": [[0, 0, 0, 0, 0, 0, 0, 0, 0, 0, 0, 0], [0, 0, 0, 0, 0, 0, 0, 0, 0, 0, 0, 0], [0, 0, 3, 3, 3, 6, 6, 6, 6, 1, 1, 1], [0, 0, 3, 3, 3, 6, 6, 6, 6, 1, 1, 1], [0, 0, 3, 3, 3, 6, 6, 6, 6, 1, 1, 1], [0, 0, 3, 3, 3, 6, 6, 6, 6, 1, 1, 1], [0, 0, 3, 3, 3, 6, 6, 6, 6, 3, 3, 3], [0, 0, 3, 3, 3, 1, 1, 1, 1, 3, 3, 3], [0, 0, 1, 1, 1, 1, 1, 1, 1, 3, 3, 3], [0, 0, 1, 1, 1, 1, 1, 1, 1, 3, 3, 3]]}, {"input": [[0, 0, 0, 0, 0, 0, 0, 0, 0, 0], [0, 0, 0, 0, 0, 0, 0, 0, 0, 0], [0, 0, 4, 4, 4, 4, 5, 5, 5, 5], [0, 0, 4, 4, 4, 4, 5, 5, 5, 5], [0, 0, 4, 4, 4, 4, 5, 5, 5, 5], [0, 0, 4, 4, 4, 4, 5, 5, 5, 5], [0, 0, 4, 4, 4, 4, 0, 0, 0, 0], [0, 0, 5, 5, 5, 5, 0, 0, 0, 0], [0, 0, 5, 5, 5, 5, 0, 0, 0, 0], [0, 0, 5, 5, 5, 5, 0, 2, 2, 2], [0, 0, 5, 5, 5, 5, 0, 2, 2, 2], [0, 0, 5, 5, 5, 5, 0, 2, 2, 2], [0, 0, 0, 2, 2, 2, 2, 2, 0, 0], [4, 4, 4, 2, 2, 2, 2, 2, 0, 0], [4, 4, 4, 2, 2, 2, 2, 2, 0, 0], [4, 4, 4, 2, 2, 2, 2, 2, 0, 0], [4, 4, 4, 2, 2, 2, 2, 2, 0, 0], [4, 4, 4, 2, 2, 2, 2, 2, 0, 0], [4, 4, 4, 0, 0, 0, 0, 0, 0, 0]], "output": [[0, 0, 0, 0, 0, 0, 0, 0, 0, 0], [0, 0, 0, 0, 0, 0, 0, 0, 0, 0], [1, 1, 4, 4, 4, 4, 5, 5, 5, 5], [1, 1, 4, 4, 4, 4, 5, 5, 5, 5], [1, 1, 4, 4, 4, 4, 5, 5, 5, 5], [1, 1, 4, 4, 4, 4, 5, 5, 5, 5], [1, 1, 4, 4, 4, 4, 1, 1, 1, 1], [1, 1, 5, 5, 5, 5, 1, 1, 1, 1], [1, 1, 5, 5, 5, 5, 1, 1, 1, 1], [1, 1, 5, 5, 5, 5, 1, 2, 2, 2], [1, 1, 5, 5, 5, 5, 1, 2, 2, 2], [1, 1, 5, 5, 5, 5, 1, 2, 2, 2], [1, 1, 1, 2, 2, 2, 2, 2, 1, 1], [4, 4, 4, 2, 2, 2, 2, 2, 1, 1], [4, 4, 4, 2, 2, 2, 2, 2, 1, 1], [4, 4, 4, 2, 2, 2, 2, 2, 1, 1], [4, 4, 4, 2, 2, 2, 2, 2, 1, 1], [4, 4, 4, 2, 2, 2, 2, 2, 1, 1], [4, 4, 4, 1, 1, 1, 1, 1, 1, 1]]}, {"input": [[0, 3, 3, 3, 3, 0, 0, 0, 0, 0, 0, 0, 0, 0, 0], [0, 3, 3, 3, 3, 3, 3, 3, 3, 3, 0, 0, 0, 0, 0], [0, 3, 3, 3, 3, 3, 3, 3, 3, 3, 2, 2, 2, 0, 0], [0, 3, 3, 3, 3, 3, 3, 3, 3, 3, 2, 2, 2, 0, 0], [7, 7, 7, 7, 7, 3, 3, 3, 3, 3, 2, 2, 2, 0, 0], [7, 7, 7, 7, 7, 3, 3, 3, 3, 3, 2, 2, 2, 0, 0], [7, 7, 7, 7, 7, 0, 0, 3, 3, 3, 3, 7, 7, 7, 7], [7, 7, 7, 7, 7, 0, 0, 3, 3, 3, 3, 7, 7, 7, 7], [0, 0, 0, 7, 7, 7, 0, 3, 3, 3, 3, 7, 7, 7, 7], [0, 0, 0, 7, 7, 7, 0, 3, 3, 3, 3, 7, 7, 7, 7], [0, 0, 0, 7, 7, 7, 0, 3, 3, 3, 3, 0, 0, 0, 0], [0, 0, 0, 7, 7, 7, 0, 0, 0, 0, 0, 0, 0, 0, 0], [0, 0, 0, 7, 7, 7, 0, 0, 0, 0, 0, 0, 0, 0, 0], [0, 0, 0, 7, 7, 7, 0, 0, 0, 0, 0, 0, 0, 0, 0], [0, 0, 2, 2, 2, 2, 0, 0, 0, 2, 2, 2, 2, 2, 2], [0, 0, 2, 2, 2, 2, 0, 0, 0, 2, 2, 2, 2, 2, 2], [0, 0, 2, 2, 2, 2, 0, 0, 0, 2, 2, 2, 2, 2, 2]], "output": [[1, 3, 3, 3, 3, 1, 1, 1, 1, 1, 1, 1, 1, 1, 1], [1, 3, 3, 3, 3, 3, 3, 3, 3, 3, 1, 1, 1, 1, 1], [1, 3, 3, 3, 3, 3, 3, 3, 3, 3, 2, 2, 2, 1, 1], [1, 3, 3, 3, 3, 3, 3, 3, 3, 3, 2, 2, 2, 1, 1], [7, 7, 7, 7, 7, 3, 3, 3, 3, 3, 2, 2, 2, 1, 1], [7, 7, 7, 7, 7, 3, 3, 3, 3, 3, 2, 2, 2, 1, 1], [7, 7, 7, 7, 7, 1, 1, 3, 3, 3, 3, 7, 7, 7, 7], [7, 7, 7, 7, 7, 1, 1, 3, 3, 3, 3, 7, 7, 7, 7], [1, 1, 1, 7, 7, 7, 1, 3, 3, 3, 3, 7, 7, 7, 7], [1, 1, 1, 7, 7, 7, 1, 3, 3, 3, 3, 7, 7, 7, 7], [1, 1, 1, 7, 7, 7, 1, 3, 3, 3, 3, 1, 1, 1, 1], [1, 1, 1, 7, 7, 7, 1, 1, 1, 1, 1, 1, 1, 1, 1], [1, 1, 1, 7, 7, 7, 1, 1, 1, 1, 1, 1, 1, 1, 1], [1, 1, 1, 7, 7, 7, 1, 1, 1, 1, 1, 1, 1, 1, 1], [1, 1, 2, 2, 2, 2, 1, 1, 1, 2, 2, 2, 2, 2, 2], [1, 1, 2, 2, 2, 2, 1, 1, 1, 2, 2, 2, 2, 2, 2], [1, 1, 2, 2, 2, 2, 1, 1, 1, 2, 2, 2, 2, 2, 2]]}, {"input": [[0, 0, 6, 6, 6, 0, 0, 0, 0, 0, 1, 1, 1, 1, 1, 0], [0, 0, 6, 6, 6, 0, 0, 0, 0, 0, 1, 1, 1, 1, 1, 0], [0, 0, 6, 6, 6, 0, 0, 0, 0, 0, 1, 1, 1, 1, 1, 0], [0, 0, 6, 6, 6, 0, 0, 0, 0, 0, 1, 1, 1, 1, 1, 0], [0, 0, 6, 6, 6, 0, 0, 1, 1, 1, 1, 1, 1, 1, 1, 0], [0, 0, 0, 0, 0, 0, 0, 1, 1, 1, 0, 0, 0, 0, 0, 0], [0, 0, 0, 0, 0, 0, 0, 1, 1, 1, 4, 4, 4, 4, 4, 0], [0, 0, 0, 0, 0, 0, 0, 1, 1, 1, 4, 4, 4, 4, 4, 0], [0, 0, 4, 4, 4, 4, 0, 1, 1, 1, 4, 4, 4, 4, 4, 0], [0, 0, 4, 4, 4, 4, 0, 0, 0, 0, 4, 4, 4, 4, 4, 0], [0, 0, 4, 4, 4, 4, 0, 0, 0, 0, 4, 4, 4, 4, 4, 0], [0, 0, 0, 0, 0, 0, 0, 0, 0, 0, 4, 4, 4, 4, 4, 0]], "output": [[0, 0, 6, 6, 6, 0, 0, 1, 1, 1, 1, 1, 1, 1, 1, 0], [0, 0, 6, 6, 6, 0, 0, 1, 1, 1, 1, 1, 1, 1, 1, 0], [0, 0, 6, 6, 6, 0, 0, 1, 1, 1, 1, 1, 1, 1, 1, 0], [0, 0, 6, 6, 6, 0, 0, 1, 1, 1, 1, 1, 1, 1, 1, 0], [0, 0, 6, 6, 6, 0, 0, 1, 1, 1, 1, 1, 1, 1, 1, 0], [0, 0, 0, 0, 0, 0, 0, 1, 1, 1, 1, 1, 1, 1, 1, 0], [0, 0, 0, 0, 0, 0, 0, 1, 1, 1, 4, 4, 4, 4, 4, 0], [0, 0, 0, 0, 0, 0, 0, 1, 1, 1, 4, 4, 4, 4, 4, 0], [0, 0, 4, 4, 4, 4, 0, 1, 1, 1, 4, 4, 4, 4, 4, 0], [0, 0, 4, 4, 4, 4, 0, 1, 1, 1, 4, 4, 4, 4, 4, 0], [0, 0, 4, 4, 4, 4, 0, 1, 1, 1, 4, 4, 4, 4, 4, 0], [0, 0, 0, 0, 0, 0, 0, 1, 1, 1, 4, 4, 4, 4, 4, 0]]}, {"input": [[0, 0, 0, 0, 0, 0, 0, 0, 0, 0, 0, 0, 0, 0, 0, 0], [0, 0, 0, 0, 0, 0, 0, 0, 0, 0, 9, 9, 9, 0, 0, 0], [0, 0, 0, 0, 0, 0, 0, 0, 0, 0, 9, 9, 9, 0, 0, 0], [3, 3, 3, 3, 0, 0, 0, 0, 0, 0, 9, 9, 9, 0, 0, 0], [3, 3, 3, 3, 0, 0, 0, 0, 0, 0, 9, 9, 9, 0, 0, 0], [3, 3, 3, 3, 0, 0, 0, 0, 0, 0, 9, 9, 9, 0, 0, 0], [3, 3, 3, 3, 0, 0, 0, 0, 0, 0, 9, 9, 9, 0, 0, 0], [0, 0, 0, 0, 0, 0, 0, 0, 0, 9, 9, 9, 9, 9, 0, 0], [0, 0, 0, 0, 0, 0, 0, 0, 0, 9, 9, 9, 9, 9, 0, 0], [0, 0, 0, 0, 5, 5, 5, 5, 0, 9, 9, 9, 9, 9, 0, 0], [3, 3, 3, 0, 5, 5, 5, 5, 0, 9, 9, 9, 9, 9, 0, 0], [3, 3, 3, 0, 5, 5, 5, 5, 0, 9, 9, 9, 9, 9, 0, 0], [3, 3, 3, 0, 5, 5, 5, 5, 0, 0, 0, 5, 5, 5, 5, 5], [3, 3, 3, 0, 5, 5, 5, 5, 0, 0, 0, 5, 5, 5, 5, 5], [3, 3, 3, 0, 0, 0, 0, 0, 0, 0, 0, 5, 5, 5, 5, 5], [0, 0, 0, 0, 0, 0, 0, 0, 0, 0, 0, 5, 5, 5, 5, 5]], "output": [[0, 0, 0, 0, 0, 0, 0, 0, 0, 0, 0, 0, 0, 0, 0, 0], [0, 0, 0, 0, 0, 0, 0, 0, 0, 1, 9, 9, 9, 1, 1, 1], [0, 0, 0, 0, 0, 0, 0, 0, 0, 1, 9, 9, 9, 1, 1, 1], [3, 3, 3, 3, 0, 0, 0, 0, 0, 1, 9, 9, 9, 1, 1, 1], [3, 3, 3, 3, 0, 0, 0, 0, 0, 1, 9, 9, 9, 1, 1, 1], [3, 3, 3, 3, 0, 0, 0, 0, 0, 1, 9, 9, 9, 1, 1, 1], [3, 3, 3, 3, 0, 0, 0, 0, 0, 1, 9, 9, 9, 1, 1, 1], [0, 0, 0, 0, 0, 0, 0, 0, 0, 9, 9, 9, 9, 9, 1, 1], [0, 0, 0, 0, 0, 0, 0, 0, 0, 9, 9, 9, 9, 9, 1, 1], [0, 0, 0, 0, 5, 5, 5, 5, 0, 9, 9, 9, 9, 9, 1, 1], [3, 3, 3, 0, 5, 5, 5, 5, 0, 9, 9, 9, 9, 9, 1, 1], [3, 3, 3, 0, 5, 5, 5, 5, 0, 9, 9, 9, 9, 9, 1, 1], [3, 3, 3, 0, 5, 5, 5, 5, 0, 1, 1, 5, 5, 5, 5, 5], [3, 3, 3, 0, 5, 5, 5, 5, 0, 1, 1, 5, 5, 5, 5, 5], [3, 3, 3, 0, 0, 0, 0, 0, 0, 1, 1, 5, 5, 5, 5, 5], [0, 0, 0, 0, 0, 0, 0, 0, 0, 1, 1, 5, 5, 5, 5, 5]]}, {"input": [[0, 0, 0, 0, 0, 0, 0, 0, 0, 0, 0, 0, 0, 0, 5, 5, 5, 5, 0], [0, 0, 0, 0, 0, 0, 0, 0, 0, 0, 0, 0, 0, 0, 5, 5, 5, 5, 0], [3, 3, 3, 3, 3, 3, 0, 0, 0, 0, 0, 0, 0, 0, 5, 5, 5, 5, 0], [3, 3, 3, 3, 3, 3, 0, 0, 0, 0, 0, 0, 0, 0, 5, 5, 5, 5, 0], [3, 3, 3, 3, 3, 3, 0, 0, 0, 0, 0, 0, 0, 0, 3, 3, 3, 0, 0], [3, 3, 3, 3, 3, 3, 0, 0, 0, 0, 0, 0, 0, 0, 3, 3, 3, 0, 0], [2, 2, 2, 0, 0, 2, 2, 2, 2, 0, 0, 0, 0, 0, 3, 3, 3, 0, 0], [2, 2, 2, 0, 0, 2, 2, 2, 2, 5, 5, 5, 5, 0, 0, 0, 0, 0, 0], [2, 2, 2, 0, 0, 2, 2, 2, 2, 5, 5, 5, 5, 0, 0, 0, 0, 0, 0], [2, 2, 2, 0, 0, 2, 2, 2, 2, 5, 5, 5, 5, 0, 0, 0, 0, 0, 0], [2, 2, 2, 0, 0, 0, 0, 0, 0, 5, 5, 5, 5, 0, 0, 0, 0, 0, 0], [2, 2, 2, 0, 0, 0, 0, 0, 0, 5, 5, 5, 5, 0, 0, 0, 0, 0, 0], [0, 0, 0, 0, 0, 0, 0, 0, 0, 5, 5, 5, 5, 0, 0, 0, 0, 0, 0], [0, 0, 0, 0, 0, 0, 0, 0, 0, 0, 0, 0, 0, 0, 0, 0, 0, 0, 0], [0, 0, 0, 0, 0, 0, 0, 0, 0, 0, 0, 0, 0, 0, 0, 0, 0, 0, 0], [0, 0, 0, 0, 0, 0, 0, 0, 0, 0, 0, 0, 0, 0, 0, 0, 0, 0, 0]], "output": [[0, 0, 0, 0, 0, 0, 0, 0, 0, 0, 0, 0, 0, 0, 5, 5, 5, 5, 0], [0, 0, 0, 0, 0, 0, 0, 0, 0, 0, 0, 0, 0, 0, 5, 5, 5, 5, 0], [3, 3, 3, 3, 3, 3, 1, 1, 1, 1, 1, 1, 1, 0, 5, 5, 5, 5, 0], [3, 3, 3, 3, 3, 3, 1, 1, 1, 1, 1, 1, 1, 0, 5, 5, 5, 5, 0], [3, 3, 3, 3, 3, 3, 1, 1, 1, 1, 1, 1, 1, 0, 3, 3, 3, 1, 0], [3, 3, 3, 3, 3, 3, 1, 1, 1, 1, 1, 1, 1, 0, 3, 3, 3, 1, 0], [2, 2, 2, 1, 1, 2, 2, 2, 2, 1, 1, 1, 1, 0, 3, 3, 3, 1, 0], [2, 2, 2, 1, 1, 2, 2, 2, 2, 5, 5, 5, 5, 0, 0, 0, 0, 0, 0], [2, 2, 2, 1, 1, 2, 2, 2, 2, 5, 5, 5, 5, 0, 0, 0, 0, 0, 0], [2, 2, 2, 1, 1, 2, 2, 2, 2, 5, 5, 5, 5, 0, 0, 0, 0, 0, 0], [2, 2, 2, 1, 1, 1, 1, 1, 1, 5, 5, 5, 5, 0, 0, 0, 0, 0, 0], [2, 2, 2, 1, 1, 1, 1, 1, 1, 5, 5, 5, 5, 0, 0, 0, 0, 0, 0], [1, 1, 1, 1, 1, 1, 1, 1, 1, 5, 5, 5, 5, 0, 0, 0, 0, 0, 0], [0, 0, 0, 0, 0, 0, 0, 0, 0, 0, 0, 0, 0, 0, 0, 0, 0, 0, 0], [0, 0, 0, 0, 0, 0, 0, 0, 0, 0, 0, 0, 0, 0, 0, 0, 0, 0, 0], [0, 0, 0, 0, 0, 0, 0, 0, 0, 0, 0, 0, 0, 0, 0, 0, 0, 0, 0]]}, {"input": [[0, 0, 0, 0, 0, 0, 0, 0, 0, 0, 0, 0], [0, 0, 0, 0, 0, 0, 0, 0, 0, 0, 0, 0], [0, 3, 3, 3, 0, 0, 7, 7, 7, 7, 7, 0], [0, 3, 3, 3, 0, 0, 7, 7, 7, 7, 7, 0], [0, 3, 3, 3, 0, 0, 7, 7, 7, 7, 7, 0], [0, 3, 3, 3, 0, 0, 0, 0, 0, 0, 0, 0], [7, 7, 7, 7, 7, 0, 0, 0, 0, 3, 3, 3], [7, 7, 7, 7, 7, 0, 0, 0, 0, 3, 3, 3], [7, 7, 7, 7, 7, 1, 1, 1, 1, 3, 3, 3], [7, 7, 7, 7, 7, 1, 1, 1, 1, 3, 3, 3], [7, 7, 7, 7, 7, 1, 1, 1, 1, 3, 3, 3], [7, 7, 7, 7, 7, 0, 0, 0, 0, 0, 0, 0]], "output": [[0, 0, 0, 0, 0, 0, 0, 0, 0, 0, 0, 0], [0, 0, 0, 0, 0, 0, 0, 0, 0, 0, 0, 0], [1, 3, 3, 3, 1, 1, 7, 7, 7, 7, 7, 1], [1, 3, 3, 3, 1, 1, 7, 7, 7, 7, 7, 1], [1, 3, 3, 3, 1, 1, 7, 7, 7, 7, 7, 1], [1, 3, 3, 3, 1, 1, 1, 1, 1, 1, 1, 1], [7, 7, 7, 7, 7, 1, 1, 1, 1, 3, 3, 3], [7, 7, 7, 7, 7, 1, 1, 1, 1, 3, 3, 3], [7, 7, 7, 7, 7, 1, 1, 1, 1, 3, 3, 3], [7, 7, 7, 7, 7, 1, 1, 1, 1, 3, 3, 3], [7, 7, 7, 7, 7, 1, 1, 1, 1, 3, 3, 3], [7, 7, 7, 7, 7, 1, 1, 1, 1, 1, 1, 1]]}, {"input": [[0, 0, 0, 0, 0, 0, 0, 0, 0, 0, 0, 0, 0], [0, 0, 0, 0, 0, 0, 0, 0, 0, 0, 0, 0, 0], [0, 0, 0, 0, 0, 0, 0, 0, 0, 0, 0, 0, 0], [0, 5, 5, 5, 5, 5, 5, 5, 5, 5, 5, 5, 0], [0, 5, 5, 5, 5, 5, 5, 5, 5, 5, 5, 5, 0], [0, 5, 5, 5, 5, 5, 5, 5, 5, 5, 5, 5, 0], [0, 5, 5, 5, 5, 5, 5, 5, 5, 5, 5, 5, 0], [0, 5, 5, 5, 5, 5, 5, 5, 5, 5, 5, 5, 0], [0, 0, 0, 0, 0, 0, 0, 0, 0, 0, 0, 0, 0], [0, 7, 7, 7, 0, 0, 0, 0, 0, 0, 0, 0, 0], [0, 7, 7, 7, 5, 5, 5, 0, 0, 0, 0, 0, 0], [0, 7, 7, 7, 5, 5, 5, 2, 2, 2, 2, 0, 0], [0, 7, 7, 7, 5, 5, 5, 2, 2, 2, 2, 0, 0], [0, 7, 7, 7, 5, 5, 5, 2, 2, 2, 2, 0, 0], [0, 0, 0, 0, 5, 5, 5, 2, 2, 2, 2, 0, 0]], "output": [[0, 0, 0, 0, 0, 0, 0, 0, 0, 0, 0, 0, 0], [0, 0, 0, 0, 0, 0, 0, 0, 0, 0, 0, 0, 0], [0, 0, 0, 0, 0, 0, 0, 0, 0, 0, 0, 0, 0], [0, 5, 5, 5, 5, 5, 5, 5, 5, 5, 5, 5, 0], [0, 5, 5, 5, 5, 5, 5, 5, 5, 5, 5, 5, 0], [0, 5, 5, 5, 5, 5, 5, 5, 5, 5, 5, 5, 0], [0, 5, 5, 5, 5, 5, 5, 5, 5, 5, 5, 5, 0], [0, 5, 5, 5, 5, 5, 5, 5, 5, 5, 5, 5, 0], [0, 0, 0, 0, 0, 0, 0, 0, 0, 0, 0, 0, 0], [0, 7, 7, 7, 1, 1, 1, 1, 1, 1, 1, 0, 0], [0, 7, 7, 7, 5, 5, 5, 1, 1, 1, 1, 0, 0], [0, 7, 7, 7, 5, 5, 5, 2, 2, 2, 2, 0, 0], [0, 7, 7, 7, 5, 5, 5, 2, 2, 2, 2, 0, 0], [0, 7, 7, 7, 5, 5, 5, 2, 2, 2, 2, 0, 0], [0, 1, 1, 1, 5, 5, 5, 2, 2, 2, 2, 0, 0]]}, {"input": [[0, 0, 0, 0, 0, 0, 0, 0, 0, 0, 0, 0, 0, 0, 0], [0, 0, 0, 0, 0, 1, 1, 1, 1, 1, 0, 0, 0, 0, 0], [0, 0, 0, 0, 0, 1, 1, 1, 1, 1, 0, 0, 0, 0, 0], [0, 1, 1, 1, 1, 1, 1, 1, 1, 1, 0, 0, 0, 0, 0], [0, 1, 1, 1, 1, 0, 0, 0, 0, 6, 6, 6, 6, 0, 0], [0, 1, 1, 1, 1, 0, 0, 0, 0, 6, 6, 6, 6, 0, 0], [0, 1, 1, 1, 1, 0, 0, 0, 0, 6, 6, 6, 6, 0, 0], [0, 0, 0, 0, 2, 2, 2, 0, 0, 6, 6, 6, 6, 0, 0], [6, 6, 6, 0, 2, 2, 2, 0, 0, 6, 6, 6, 6, 0, 0], [6, 6, 6, 0, 2, 2, 2, 0, 0, 6, 6, 6, 6, 0, 0], [6, 6, 6, 0, 2, 2, 2, 0, 0, 0, 0, 0, 0, 0, 0], [6, 6, 6, 0, 2, 2, 2, 0, 0, 0, 0, 0, 0, 0, 0], [6, 6, 6, 0, 0, 0, 0, 0, 0, 0, 0, 0, 0, 0, 0], [0, 0, 0, 0, 0, 0, 0, 0, 0, 0, 0, 0, 0, 0, 0]], "output": [[0, 0, 0, 0, 0, 0, 0, 0, 0, 0, 0, 0, 0, 0, 0], [0, 1, 1, 1, 1, 1, 1, 1, 1, 1, 1, 1, 1, 0, 0], [0, 1, 1, 1, 1, 1, 1, 1, 1, 1, 1, 1, 1, 0, 0], [0, 1, 1, 1, 1, 1, 1, 1, 1, 1, 1, 1, 1, 0, 0], [0, 1, 1, 1, 1, 1, 1, 1, 1, 6, 6, 6, 6, 0, 0], [0, 1, 1, 1, 1, 1, 1, 1, 1, 6, 6, 6, 6, 0, 0], [0, 1, 1, 1, 1, 1, 1, 1, 1, 6, 6, 6, 6, 0, 0], [0, 1, 1, 1, 2, 2, 2, 1, 1, 6, 6, 6, 6, 0, 0], [6, 6, 6, 1, 2, 2, 2, 1, 1, 6, 6, 6, 6, 0, 0], [6, 6, 6, 1, 2, 2, 2, 1, 1, 6, 6, 6, 6, 0, 0], [6, 6, 6, 1, 2, 2, 2, 1, 1, 1, 1, 1, 1, 0, 0], [6, 6, 6, 1, 2, 2, 2, 1, 1, 1, 1, 1, 1, 0, 0], [6, 6, 6, 0, 0, 0, 0, 0, 0, 0, 0, 0, 0, 0, 0], [0, 0, 0, 0, 0, 0, 0, 0, 0, 0, 0, 0, 0, 0, 0]]}, {"input": [[0, 0, 0, 0, 0, 0, 0, 0, 0, 0], [0, 0, 0, 0, 0, 0, 0, 0, 0, 0], [0, 0, 0, 7, 7, 7, 0, 0, 0, 0], [0, 0, 0, 7, 7, 7, 0, 9, 9, 9], [0, 0, 0, 7, 7, 7, 0, 9, 9, 9], [0, 0, 0, 7, 7, 7, 0, 9, 9, 9], [0, 9, 9, 9, 9, 9, 9, 9, 9, 9], [0, 9, 9, 9, 9, 9, 9, 9, 9, 9], [0, 9, 9, 9, 9, 9, 9, 0, 0, 0], [0, 9, 9, 9, 9, 9, 9, 0, 0, 0], [0, 9, 9, 9, 9, 9, 9, 0, 0, 0]], "output": [[0, 0, 0, 0, 0, 0, 0, 0, 0, 0], [0, 0, 0, 0, 0, 0, 0, 0, 0, 0], [0, 1, 1, 7, 7, 7, 1, 1, 1, 1], [0, 1, 1, 7, 7, 7, 1, 9, 9, 9], [0, 1, 1, 7, 7, 7, 1, 9, 9, 9], [0, 1, 1, 7, 7, 7, 1, 9, 9, 9], [0, 9, 9, 9, 9, 9, 9, 9, 9, 9], [0, 9, 9, 9, 9, 9, 9, 9, 9, 9], [0, 9, 9, 9, 9, 9, 9, 1, 1, 1], [0, 9, 9, 9, 9, 9, 9, 1, 1, 1], [0, 9, 9, 9, 9, 9, 9, 1, 1, 1]]}, {"input": [[0, 0, 0, 0, 0, 0, 0, 0, 0, 0, 0, 0, 0, 0, 0, 0, 0, 0], [0, 0, 0, 0, 0, 0, 0, 0, 0, 0, 0, 0, 0, 0, 0, 0, 0, 0], [0, 0, 0, 0, 0, 0, 0, 0, 0, 0, 0, 0, 0, 0, 0, 0, 0, 0], [0, 0, 4, 4, 4, 8, 8, 8, 8, 0, 0, 0, 0, 0, 0, 0, 0, 0], [0, 0, 4, 4, 4, 8, 8, 8, 8, 8, 8, 8, 0, 5, 5, 5, 5, 0], [0, 0, 4, 4, 4, 8, 8, 8, 8, 8, 8, 8, 0, 5, 5, 5, 5, 0], [0, 0, 5, 5, 5, 8, 8, 8, 8, 8, 8, 8, 0, 5, 5, 5, 5, 0], [0, 0, 5, 5, 5, 8, 8, 8, 8, 8, 8, 8, 0, 5, 5, 5, 5, 0], [0, 0, 5, 5, 5, 8, 8, 8, 8, 8, 8, 8, 0, 0, 0, 0, 0, 0], [0, 0, 5, 5, 5, 0, 0, 0, 0, 0, 0, 0, 0, 0, 0, 0, 0, 0], [0, 0, 5, 5, 5, 0, 0, 0, 0, 0, 0, 0, 0, 0, 0, 0, 0, 0], [0, 0, 0, 0, 0, 0, 0, 0, 0, 0, 0, 0, 0, 0, 0, 0, 0, 0]], "output": [[0, 0, 0, 0, 0, 0, 0, 0, 0, 0, 0, 0, 0, 0, 0, 0, 0, 0], [0, 0, 0, 0, 0, 0, 0, 0, 0, 0, 0, 0, 0, 0, 0, 0, 0, 0], [0, 0, 0, 0, 0, 0, 0, 0, 0, 0, 0, 0, 0, 0, 0, 0, 0, 0], [0, 0, 4, 4, 4, 8, 8, 8, 8, 1, 1, 1, 0, 0, 0, 0, 0, 0], [0, 0, 4, 4, 4, 8, 8, 8, 8, 8, 8, 8, 0, 5, 5, 5, 5, 0], [0, 0, 4, 4, 4, 8, 8, 8, 8, 8, 8, 8, 0, 5, 5, 5, 5, 0], [0, 0, 5, 5, 5, 8, 8, 8, 8, 8, 8, 8, 0, 5, 5, 5, 5, 0], [0, 0, 5, 5, 5, 8, 8, 8, 8, 8, 8, 8, 0, 5, 5, 5, 5, 0], [0, 0, 5, 5, 5, 8, 8, 8, 8, 8, 8, 8, 0, 0, 0, 0, 0, 0], [0, 0, 5, 5, 5, 1, 1, 1, 1, 1, 1, 1, 0, 0, 0, 0, 0, 0], [0, 0, 5, 5, 5, 1, 1, 1, 1, 1, 1, 1, 0, 0, 0, 0, 0, 0], [0, 0, 0, 0, 0, 0, 0, 0, 0, 0, 0, 0, 0, 0, 0, 0, 0, 0]]}], "test": [{"input": [[0, 0, 0, 0, 0, 0, 0, 0, 0, 0, 0, 8, 8, 8, 8, 8, 8, 0], [0, 0, 0, 0, 0, 0, 0, 0, 0, 0, 0, 8, 8, 8, 8, 8, 8, 0], [0, 0, 0, 0, 0, 7, 7, 7, 7, 0, 0, 8, 8, 8, 8, 8, 8, 0], [0, 0, 0, 0, 0, 7, 7, 7, 7, 0, 0, 0, 0, 0, 0, 0, 0, 0], [0, 0, 0, 0, 0, 7, 7, 7, 7, 0, 0, 0, 0, 0, 0, 0, 0, 0], [0, 0, 7, 7, 7, 7, 0, 0, 0, 0, 0, 0, 0, 0, 0, 0, 0, 0], [0, 0, 7, 7, 7, 7, 0, 0, 0, 9, 9, 9, 9, 0, 0, 0, 0, 0], [0, 0, 7, 7, 7, 7, 0, 0, 0, 9, 9, 9, 9, 0, 0, 0, 0, 0], [0, 0, 0, 0, 0, 0, 0, 0, 0, 9, 9, 9, 9, 0, 0, 0, 0, 0], [9, 9, 9, 9, 9, 9, 0, 0, 0, 9, 9, 9, 9, 0, 0, 0, 0, 0], [9, 9, 9, 9, 9, 9, 8, 8, 8, 9, 9, 9, 9, 0, 0, 0, 0, 0], [9, 9, 9, 9, 9, 9, 8, 8, 8, 0, 0, 0, 0, 0, 0, 0, 0, 0], [9, 9, 9, 9, 9, 9, 8, 8, 8, 0, 0, 0, 0, 0, 0, 0, 0, 0], [0, 0, 0, 0, 0, 0, 8, 8, 8, 0, 0, 0, 0, 0, 0, 0, 0, 0], [0, 0, 0, 0, 0, 0, 8, 8, 8, 0, 0, 0, 0, 0, 0, 0, 0, 0]], "output": [[0, 0, 0, 0, 0, 0, 0, 0, 0, 0, 0, 8, 8, 8, 8, 8, 8, 0], [0, 0, 0, 0, 0, 0, 0, 0, 0, 0, 0, 8, 8, 8, 8, 8, 8, 0], [0, 0, 1, 1, 1, 7, 7, 7, 7, 0, 0, 8, 8, 8, 8, 8, 8, 0], [0, 0, 1, 1, 1, 7, 7, 7, 7, 0, 0, 0, 0, 0, 0, 0, 0, 0], [0, 0, 1, 1, 1, 7, 7, 7, 7, 0, 0, 0, 0, 0, 0, 0, 0, 0], [0, 0, 7, 7, 7, 7, 1, 1, 1, 0, 0, 0, 0, 0, 0, 0, 0, 0], [1, 1, 7, 7, 7, 7, 1, 1, 1, 9, 9, 9, 9, 0, 0, 0, 0, 0], [1, 1, 7, 7, 7, 7, 1, 1, 1, 9, 9, 9, 9, 0, 0, 0, 0, 0], [1, 1, 1, 1, 1, 1, 1, 1, 1, 9, 9, 9, 9, 0, 0, 0, 0, 0], [9, 9, 9, 9, 9, 9, 1, 1, 1, 9, 9, 9, 9, 0, 0, 0, 0, 0], [9, 9, 9, 9, 9, 9, 8, 8, 8, 9, 9, 9, 9, 0, 0, 0, 0, 0], [9, 9, 9, 9, 9, 9, 8, 8, 8, 1, 1, 1, 1, 0, 0, 0, 0, 0], [9, 9, 9, 9, 9, 9, 8, 8, 8, 1, 1, 1, 1, 0, 0, 0, 0, 0], [1, 1, 1, 1, 1, 1, 8, 8, 8, 1, 1, 1, 1, 0, 0, 0, 0, 0], [1, 1, 1, 1, 1, 1, 8, 8, 8, 1, 1, 1, 1, 0, 0, 0, 0, 0]]}, {"input": [[0, 0, 0, 0, 0, 0, 0, 8, 8, 8, 0, 0, 0, 0, 0, 0, 0, 0, 0], [0, 0, 5, 5, 5, 5, 5, 8, 8, 8, 0, 0, 0, 0, 0, 0, 0, 0, 0], [0, 0, 5, 5, 5, 5, 5, 8, 8, 8, 0, 0, 0, 0, 0, 0, 0, 0, 0], [0, 0, 5, 5, 5, 5, 5, 8, 8, 8, 0, 7, 7, 7, 7, 7, 7, 0, 0], [0, 0, 0, 0, 0, 0, 0, 8, 8, 8, 0, 7, 7, 7, 7, 7, 7, 0, 0], [0, 5, 5, 5, 0, 0, 0, 0, 7, 7, 7, 7, 7, 7, 7, 7, 7, 0, 0], [0, 5, 5, 5, 0, 0, 0, 0, 7, 7, 7, 0, 0, 0, 0, 8, 8, 8, 8], [0, 5, 5, 5, 0, 0, 0, 0, 7, 7, 7, 0, 0, 0, 0, 8, 8, 8, 8], [0, 0, 0, 0, 8, 8, 8, 0, 7, 7, 7, 0, 0, 0, 0, 8, 8, 8, 8], [0, 0, 0, 0, 8, 8, 8, 0, 0, 0, 0, 0, 0, 0, 0, 8, 8, 8, 8], [0, 0, 0, 0, 8, 8, 8, 0, 0, 7, 7, 7, 7, 7, 7, 8, 8, 8, 8], [0, 0, 0, 0, 8, 8, 8, 0, 0, 7, 7, 7, 7, 7, 7, 8, 8, 8, 8], [0, 0, 0, 0, 8, 8, 8, 0, 0, 7, 7, 7, 7, 7, 7, 0, 0, 0, 0]], "output": [[0, 0, 1, 1, 1, 1, 1, 8, 8, 8, 1, 1, 1, 1, 1, 1, 1, 1, 1], [0, 0, 5, 5, 5, 5, 5, 8, 8, 8, 1, 1, 1, 1, 1, 1, 1, 1, 1], [0, 0, 5, 5, 5, 5, 5, 8, 8, 8, 1, 1, 1, 1, 1, 1, 1, 1, 1], [0, 0, 5, 5, 5, 5, 5, 8, 8, 8, 1, 7, 7, 7, 7, 7, 7, 1, 1], [0, 0, 1, 1, 1, 1, 1, 8, 8, 8, 1, 7, 7, 7, 7, 7, 7, 1, 1], [0, 5, 5, 5, 1, 1, 1, 1, 7, 7, 7, 7, 7, 7, 7, 7, 7, 1, 1], [0, 5, 5, 5, 1, 1, 1, 1, 7, 7, 7, 1, 1, 1, 1, 8, 8, 8, 8], [0, 5, 5, 5, 1, 1, 1, 1, 7, 7, 7, 1, 1, 1, 1, 8, 8, 8, 8], [0, 0, 1, 1, 8, 8, 8, 1, 7, 7, 7, 1, 1, 1, 1, 8, 8, 8, 8], [0, 0, 1, 1, 8, 8, 8, 1, 1, 1, 1, 1, 1, 1, 1, 8, 8, 8, 8], [0, 0, 1, 1, 8, 8, 8, 1, 1, 7, 7, 7, 7, 7, 7, 8, 8, 8, 8], [0, 0, 1, 1, 8, 8, 8, 1, 1, 7, 7, 7, 7, 7, 7, 8, 8, 8, 8], [0, 0, 1, 1, 8, 8, 8, 1, 1, 7, 7, 7, 7, 7, 7, 1, 1, 1, 1]]}, {"input": [[1, 1, 1, 1, 0, 0, 0, 0, 0, 0, 3, 3, 3, 3, 3, 0], [1, 1, 1, 1, 7, 7, 7, 7, 7, 7, 3, 3, 3, 3, 3, 0], [1, 1, 1, 1, 7, 7, 7, 7, 7, 7, 3, 3, 3, 3, 3, 0], [1, 1, 1, 1, 7, 7, 7, 7, 7, 7, 0, 7, 7, 7, 7, 0], [1, 1, 1, 1, 0, 0, 0, 0, 0, 0, 0, 7, 7, 7, 7, 0], [1, 1, 1, 1, 0, 0, 0, 7, 7, 7, 7, 7, 7, 7, 7, 0], [3, 3, 3, 3, 3, 0, 0, 7, 7, 7, 7, 7, 7, 7, 7, 0], [3, 3, 3, 3, 3, 0, 0, 7, 7, 7, 7, 7, 7, 7, 7, 0], [3, 3, 3, 3, 3, 0, 0, 7, 7, 7, 7, 7, 7, 7, 7, 0], [3, 3, 3, 3, 3, 0, 0, 0, 0, 0, 0, 0, 0, 0, 0, 0], [3, 3, 3, 3, 3, 1, 1, 1, 0, 0, 0, 0, 0, 0, 0, 0], [3, 3, 3, 3, 3, 1, 1, 1, 0, 0, 0, 0, 0, 0, 0, 0], [0, 0, 0, 0, 0, 1, 1, 1, 0, 1, 1, 1, 1, 0, 0, 0], [0, 0, 0, 0, 0, 1, 1, 1, 0, 1, 1, 1, 1, 0, 0, 0], [0, 0, 0, 0, 0, 0, 0, 0, 0, 1, 1, 1, 1, 0, 0, 0]], "output": [[1, 1, 1, 1, 1, 1, 1, 1, 1, 1, 3, 3, 3, 3, 3, 0], [1, 1, 1, 1, 7, 7, 7, 7, 7, 7, 3, 3, 3, 3, 3, 0], [1, 1, 1, 1, 7, 7, 7, 7, 7, 7, 3, 3, 3, 3, 3, 0], [1, 1, 1, 1, 7, 7, 7, 7, 7, 7, 1, 7, 7, 7, 7, 0], [1, 1, 1, 1, 1, 1, 1, 1, 1, 1, 1, 7, 7, 7, 7, 0], [1, 1, 1, 1, 1, 1, 1, 7, 7, 7, 7, 7, 7, 7, 7, 0], [3, 3, 3, 3, 3, 1, 1, 7, 7, 7, 7, 7, 7, 7, 7, 0], [3, 3, 3, 3, 3, 1, 1, 7, 7, 7, 7, 7, 7, 7, 7, 0], [3, 3, 3, 3, 3, 1, 1, 7, 7, 7, 7, 7, 7, 7, 7, 0], [3, 3, 3, 3, 3, 1, 1, 1, 1, 1, 1, 1, 1, 1, 1, 0], [3, 3, 3, 3, 3, 1, 1, 1, 1, 1, 1, 1, 1, 1, 1, 0], [3, 3, 3, 3, 3, 1, 1, 1, 1, 1, 1, 1, 1, 1, 1, 0], [1, 1, 1, 1, 1, 1, 1, 1, 1, 1, 1, 1, 1, 1, 1, 0], [1, 1, 1, 1, 1, 1, 1, 1, 1, 1, 1, 1, 1, 1, 1, 0], [0, 0, 0, 0, 0, 0, 0, 0, 0, 1, 1, 1, 1, 0, 0, 0]]}]}