{"train": [{"input": [[0, 0, 0, 0, 0, 0, 0, 0, 0, 0], [8, 0, 0, 0, 0, 0, 0, 0, 0, 0], [0, 5, 0, 0, 0, 0, 9, 0, 0, 0], [3, 0, 0, 0, 0, 0, 9, 5, 0, 0], [0, 0, 0, 0, 0, 0, 0, 5, 0, 0], [0, 0, 2, 7, 0, 0, 0, 0, 0, 0], [0, 0, 9, 8, 8, 0, 0, 0, 0, 0], [0, 0, 9, 0, 5, 7, 0, 0, 0, 0], [0, 0, 8, 7, 0, 0, 0, 0, 0, 0], [0, 0, 0, 0, 0, 0, 0, 0, 0, 0]], "output": [[0, 0, 0, 0, 0, 0, 0, 0, 0, 0], [0, 0, 0, 0, 0, 0, 0, 0, 0, 0], [0, 0, 0, 0, 0, 0, 0, 0, 0, 0], [0, 0, 0, 2, 0, 0, 0, 0, 0, 0], [0, 0, 0, 0, 0, 0, 0, 0, 0, 0], [0, 0, 0, 0, 0, 0, 0, 0, 0, 0], [0, 0, 0, 0, 0, 0, 0, 0, 0, 0], [0, 0, 0, 0, 0, 0, 0, 0, 0, 0], [0, 0, 0, 0, 0, 0, 0, 0, 0, 0], [0, 0, 0, 0, 0, 0, 0, 0, 0, 0]]}, {"input": [[0, 0, 0, 0, 0, 0, 0, 6, 6, 0], [0, 0, 0, 0, 0, 0, 0, 5, 8, 0], [0, 0, 0, 0, 4, 3, 7, 3, 6, 0], [0, 9, 6, 0, 9, 8, 0, 0, 0, 0], [0, 6, 5, 0, 9, 3, 5, 3, 0, 0], [0, 0, 0, 0, 1, 0, 8, 2, 0, 0], [0, 0, 0, 0, 0, 0, 0, 7, 0, 0], [0, 0, 0, 0, 0, 9, 5, 7, 0, 0], [2, 5, 0, 0, 0, 0, 1, 0, 0, 0], [0, 0, 0, 0, 0, 0, 0, 0, 0, 0]], "output": [[0, 0, 0, 0, 0, 0, 0, 0, 0, 0], [0, 0, 0, 0, 0, 0, 0, 0, 0, 0], [0, 0, 0, 0, 0, 0, 0, 0, 0, 0], [0, 0, 0, 0, 0, 0, 0, 0, 0, 0], [0, 0, 0, 0, 0, 0, 0, 0, 0, 0], [0, 0, 0, 0, 0, 0, 0, 0, 0, 0], [0, 0, 4, 3, 7, 0, 0, 0, 0, 0], [0, 0, 9, 8, 0, 0, 0, 0, 0, 0], [0, 0, 9, 3, 5, 0, 0, 0, 0, 0], [0, 0, 0, 0, 0, 0, 0, 0, 0, 0]]}, {"input": [[0, 0, 0, 0, 0, 0, 1, 0, 0, 0], [0, 0, 0, 0, 0, 3, 0, 3, 0, 0], [0, 0, 0, 4, 4, 4, 5, 2, 0, 0], [0, 0, 8, 2, 6, 6, 2, 5, 0, 0], [0, 0, 7, 0, 5, 0, 0, 0, 0, 0], [0, 0, 6, 0, 0, 0, 0, 0, 0, 0], [0, 0, 0, 0, 0, 0, 7, 0, 0, 0], [0, 0, 0, 0, 3, 3, 9, 0, 0, 0], [0, 0, 0, 0, 4, 0, 5, 0, 0, 0], [0, 4, 5, 0, 2, 0, 0, 3, 0, 0]], "output": [[0, 0, 0, 0, 0, 0, 0, 0, 0, 0], [0, 0, 0, 0, 0, 0, 0, 0, 0, 0], [0, 0, 0, 0, 0, 0, 0, 0, 0, 0], [0, 0, 0, 0, 0, 0, 0, 0, 0, 0], [0, 0, 0, 0, 3, 0, 0, 0, 0, 0], [0, 0, 0, 0, 0, 0, 0, 0, 0, 0], [0, 0, 0, 0, 0, 0, 0, 0, 0, 0], [0, 0, 0, 0, 0, 0, 0, 0, 0, 0], [0, 0, 0, 0, 0, 0, 0, 0, 0, 0], [0, 0, 0, 0, 0, 0, 0, 0, 0, 0]]}, {"input": [[0, 0, 0, 0, 0, 4, 0, 1, 9, 0], [0, 0, 7, 0, 0, 6, 0, 4, 0, 0], [0, 9, 5, 4, 8, 8, 0, 5, 7, 0], [0, 0, 0, 5, 7, 0, 2, 0, 0, 0], [0, 0, 0, 9, 4, 4, 6, 4, 6, 0], [0, 0, 0, 0, 0, 9, 0, 0, 0, 0], [0, 0, 3, 2, 6, 1, 0, 5, 7, 0], [0, 0, 3, 5, 0, 6, 0, 3, 4, 0], [0, 0, 0, 0, 0, 0, 0, 0, 0, 0], [0, 0, 0, 0, 0, 0, 0, 0, 0, 0]], "output": [[0, 0, 0, 0, 0, 0, 0, 0, 0, 0], [0, 0, 0, 0, 0, 0, 0, 0, 0, 0], [0, 0, 0, 0, 0, 0, 0, 0, 0, 0], [0, 0, 0, 0, 0, 0, 0, 0, 0, 0], [0, 0, 0, 0, 0, 7, 0, 0, 0, 0], [0, 0, 0, 0, 9, 5, 4, 8, 0, 0], [0, 0, 0, 0, 0, 0, 5, 7, 0, 0], [0, 0, 0, 0, 0, 0, 9, 4, 0, 0], [0, 0, 0, 0, 0, 0, 0, 0, 0, 0], [0, 0, 0, 0, 0, 0, 0, 0, 0, 0]]}, {"input": [[0, 0, 0, 0, 0, 0, 7, 0, 0, 0], [0, 0, 0, 0, 0, 0, 0, 2, 0, 0], [0, 0, 0, 0, 8, 2, 5, 0, 0, 0], [0, 0, 8, 1, 7, 4, 3, 0, 0, 0], [0, 0, 4, 0, 0, 0, 0, 0, 0, 0], [0, 0, 3, 0, 5, 0, 0, 0, 0, 0], [6, 0, 7, 7, 3, 8, 0, 0, 0, 0], [2, 0, 9, 2, 0, 0, 0, 0, 0, 0], [9, 0, 5, 0, 0, 0, 0, 4, 8, 0], [2, 8, 6, 0, 0, 0, 0, 8, 5, 0]], "output": [[0, 0, 0, 0, 0, 0, 0, 0, 0, 0], [0, 0, 0, 0, 0, 0, 0, 0, 0, 0], [0, 0, 0, 0, 0, 0, 0, 0, 0, 0], [0, 0, 0, 0, 0, 0, 0, 0, 0, 0], [0, 0, 0, 0, 0, 0, 0, 0, 0, 0], [0, 0, 0, 8, 2, 5, 0, 0, 0, 0], [0, 8, 1, 7, 4, 3, 0, 0, 0, 0], [0, 4, 0, 0, 0, 0, 0, 0, 0, 0], [0, 0, 0, 0, 0, 0, 0, 0, 0, 0], [0, 0, 0, 0, 0, 0, 0, 0, 0, 0]]}, {"input": [[0, 0, 0, 0, 0, 0, 0, 0, 0, 0], [0, 0, 0, 0, 0, 0, 9, 3, 0, 9], [0, 0, 0, 0, 0, 0, 0, 3, 4, 0], [0, 0, 0, 0, 0, 0, 2, 0, 5, 0], [0, 0, 0, 0, 0, 0, 1, 2, 2, 7], [0, 0, 0, 0, 0, 0, 0, 0, 0, 0], [0, 7, 0, 8, 0, 0, 0, 7, 9, 9], [7, 5, 5, 2, 0, 0, 8, 0, 2, 0], [0, 0, 9, 0, 0, 0, 3, 0, 5, 0], [0, 0, 0, 0, 0, 0, 7, 0, 6, 2]], "output": [[0, 0, 0, 0, 0, 0, 0, 0, 0, 0], [0, 0, 0, 0, 0, 0, 0, 0, 0, 0], [0, 0, 0, 0, 0, 0, 0, 0, 0, 0], [0, 0, 0, 9, 0, 0, 0, 0, 0, 0], [0, 0, 0, 0, 0, 0, 0, 0, 0, 0], [0, 0, 0, 0, 0, 0, 0, 0, 0, 0], [0, 0, 0, 0, 0, 0, 0, 0, 0, 0], [0, 0, 0, 0, 0, 0, 0, 0, 0, 0], [0, 0, 0, 0, 0, 0, 0, 0, 0, 0], [0, 0, 0, 0, 0, 0, 0, 0, 0, 0]]}, {"input": [[0, 0, 0, 0, 0, 0, 0, 0, 0, 0], [0, 0, 0, 0, 0, 0, 0, 0, 0, 0], [2, 2, 6, 8, 0, 0, 0, 0, 0, 0], [1, 0, 7, 4, 0, 0, 0, 0, 0, 0], [2, 6, 5, 3, 0, 6, 3, 0, 0, 0], [6, 3, 0, 0, 8, 0, 5, 0, 0, 0], [0, 0, 2, 5, 9, 0, 0, 3, 3, 0], [0, 0, 0, 0, 0, 0, 0, 5, 0, 0], [0, 0, 0, 0, 0, 0, 0, 4, 8, 0], [0, 0, 0, 0, 0, 0, 0, 0, 0, 0]], "output": [[0, 0, 0, 0, 0, 0, 0, 0, 0, 0], [0, 0, 0, 0, 0, 0, 0, 0, 0, 0], [0, 0, 0, 0, 0, 0, 0, 0, 0, 0], [0, 0, 0, 2, 0, 0, 0, 0, 0, 0], [0, 0, 0, 0, 0, 0, 0, 0, 0, 0], [0, 0, 0, 0, 0, 0, 0, 0, 0, 0], [0, 0, 0, 0, 0, 0, 0, 0, 0, 0], [0, 0, 0, 0, 0, 0, 0, 0, 0, 0], [0, 0, 0, 0, 0, 0, 0, 0, 0, 0], [0, 0, 0, 0, 0, 0, 0, 0, 0, 0]]}, {"input": [[0, 0, 0, 0, 0, 0, 0, 0, 0, 0], [0, 0, 0, 0, 0, 3, 0, 0, 0, 0], [0, 0, 0, 9, 6, 4, 1, 0, 9, 0], [0, 7, 3, 2, 5, 0, 7, 5, 2, 0], [0, 0, 5, 0, 7, 1, 0, 3, 0, 0], [0, 0, 0, 9, 9, 6, 0, 0, 0, 0], [0, 0, 0, 3, 5, 0, 0, 0, 0, 0], [0, 0, 0, 0, 6, 3, 0, 0, 0, 0], [0, 0, 0, 0, 0, 0, 0, 0, 0, 0], [0, 0, 0, 0, 0, 0, 0, 0, 0, 0]], "output": [[0, 0, 0, 0, 0, 0, 0, 0, 0, 0], [0, 0, 0, 0, 0, 0, 0, 0, 0, 0], [0, 0, 0, 0, 0, 0, 0, 0, 0, 0], [0, 0, 0, 0, 0, 0, 3, 0, 0, 0], [0, 0, 0, 0, 9, 6, 4, 1, 0, 0], [0, 0, 7, 3, 2, 5, 0, 7, 0, 0], [0, 0, 0, 5, 0, 7, 1, 0, 0, 0], [0, 0, 0, 0, 0, 0, 0, 0, 0, 0], [0, 0, 0, 0, 0, 0, 0, 0, 0, 0], [0, 0, 0, 0, 0, 0, 0, 0, 0, 0]]}, {"input": [[0, 0, 0, 0, 0, 0, 0, 0, 0, 0], [0, 0, 0, 0, 0, 0, 0, 0, 0, 0], [0, 0, 0, 0, 0, 0, 0, 0, 0, 0], [0, 0, 0, 0, 0, 9, 6, 8, 1, 7], [0, 0, 0, 0, 5, 0, 7, 0, 3, 9], [6, 0, 9, 8, 0, 0, 7, 0, 5, 0], [3, 5, 4, 0, 0, 0, 1, 2, 0, 0], [0, 9, 0, 0, 0, 0, 0, 0, 0, 0], [0, 0, 0, 0, 0, 0, 0, 0, 0, 0], [0, 0, 0, 0, 0, 0, 0, 0, 0, 0]], "output": [[0, 0, 0, 0, 0, 0, 0, 0, 0, 0], [0, 0, 0, 0, 0, 0, 0, 0, 0, 0], [0, 0, 0, 0, 0, 0, 0, 0, 0, 0], [0, 0, 9, 6, 8, 0, 0, 0, 0, 0], [0, 0, 0, 0, 0, 0, 0, 0, 0, 0], [0, 0, 0, 0, 0, 0, 0, 0, 0, 0], [0, 0, 0, 0, 0, 0, 0, 0, 0, 0], [0, 0, 0, 0, 0, 0, 0, 0, 0, 0], [0, 0, 0, 0, 0, 0, 0, 0, 0, 0], [0, 0, 0, 0, 0, 0, 0, 0, 0, 0]]}, {"input": [[0, 0, 0, 0, 0, 0, 0, 0, 0, 0], [0, 0, 0, 2, 0, 0, 0, 0, 0, 0], [0, 0, 0, 5, 3, 1, 0, 0, 0, 0], [0, 0, 0, 9, 2, 8, 4, 7, 4, 0], [0, 0, 0, 0, 9, 5, 0, 5, 0, 0], [0, 0, 0, 0, 7, 0, 3, 8, 4, 0], [0, 0, 0, 0, 0, 0, 0, 0, 0, 0], [0, 0, 0, 0, 0, 0, 0, 0, 0, 0], [0, 0, 0, 0, 0, 0, 0, 0, 0, 0], [0, 0, 0, 0, 0, 0, 0, 0, 0, 0]], "output": [[0, 0, 0, 0, 0, 0, 0, 0, 0, 0], [0, 0, 0, 0, 0, 0, 0, 0, 0, 0], [0, 0, 0, 0, 0, 0, 0, 0, 0, 0], [0, 0, 0, 0, 0, 0, 0, 0, 0, 0], [0, 0, 0, 0, 0, 2, 0, 0, 0, 0], [0, 0, 0, 0, 0, 0, 0, 0, 0, 0], [0, 0, 0, 0, 0, 0, 0, 0, 0, 0], [0, 0, 0, 0, 0, 0, 0, 0, 0, 0], [0, 0, 0, 0, 0, 0, 0, 0, 0, 0], [0, 0, 0, 0, 0, 0, 0, 0, 0, 0]]}, {"input": [[7, 0, 0, 0, 0, 0, 0, 0, 0, 0], [6, 5, 7, 0, 0, 0, 0, 0, 0, 0], [6, 1, 9, 0, 0, 2, 0, 0, 0, 0], [0, 0, 0, 0, 2, 0, 0, 0, 0, 0], [3, 2, 9, 0, 1, 7, 5, 4, 0, 0], [0, 8, 1, 0, 8, 3, 0, 0, 0, 0], [3, 3, 5, 6, 0, 0, 0, 0, 0, 4], [1, 7, 0, 8, 0, 0, 0, 0, 0, 9], [0, 0, 0, 0, 0, 0, 0, 0, 5, 0], [0, 0, 0, 0, 0, 0, 8, 1, 7, 7]], "output": [[0, 0, 0, 0, 0, 0, 0, 0, 0, 0], [0, 0, 0, 0, 0, 0, 0, 0, 0, 0], [0, 0, 0, 0, 0, 0, 0, 0, 0, 0], [0, 0, 0, 3, 0, 0, 0, 0, 0, 0], [0, 0, 0, 0, 0, 0, 0, 0, 0, 0], [0, 0, 0, 0, 0, 0, 0, 0, 0, 0], [0, 0, 0, 0, 0, 0, 0, 0, 0, 0], [0, 0, 0, 0, 0, 0, 0, 0, 0, 0], [0, 0, 0, 0, 0, 0, 0, 0, 0, 0], [0, 0, 0, 0, 0, 0, 0, 0, 0, 0]]}], "test": [{"input": [[0, 2, 2, 0, 0, 0, 0, 0, 0, 0], [0, 0, 0, 6, 2, 0, 2, 0, 2, 0], [0, 9, 1, 5, 0, 0, 6, 5, 0, 0], [0, 0, 0, 0, 0, 0, 0, 3, 7, 0], [0, 0, 0, 1, 0, 4, 4, 3, 0, 0], [0, 0, 0, 2, 2, 0, 8, 9, 0, 0], [0, 0, 9, 8, 5, 4, 5, 5, 0, 0], [0, 0, 3, 6, 8, 6, 8, 6, 8, 0], [0, 0, 0, 0, 0, 0, 0, 0, 0, 0], [0, 0, 0, 0, 0, 0, 0, 0, 0, 0]], "output": [[0, 0, 0, 0, 0, 0, 0, 0, 0, 0], [0, 0, 0, 0, 0, 0, 0, 0, 0, 0], [0, 0, 0, 0, 0, 0, 0, 0, 0, 0], [0, 0, 0, 0, 0, 0, 0, 0, 0, 0], [0, 0, 0, 0, 2, 0, 0, 0, 0, 0], [0, 0, 0, 0, 6, 5, 0, 0, 0, 0], [0, 0, 0, 0, 0, 3, 7, 0, 0, 0], [0, 0, 0, 0, 0, 0, 0, 0, 0, 0], [0, 0, 0, 0, 0, 0, 0, 0, 0, 0], [0, 0, 0, 0, 0, 0, 0, 0, 0, 0]]}, {"input": [[3, 0, 6, 0, 0, 0, 0, 0, 0, 0], [2, 3, 0, 0, 7, 6, 0, 1, 0, 0], [0, 0, 5, 0, 7, 7, 4, 0, 0, 0], [2, 2, 1, 9, 8, 3, 5, 8, 0, 0], [0, 0, 0, 5, 2, 9, 2, 2, 0, 0], [0, 0, 7, 0, 8, 0, 0, 0, 0, 0], [0, 0, 0, 0, 0, 0, 0, 0, 0, 0], [0, 0, 0, 0, 2, 2, 0, 0, 2, 5], [0, 0, 0, 0, 3, 5, 0, 0, 0, 0], [0, 0, 0, 0, 0, 0, 0, 0, 0, 0]], "output": [[0, 0, 0, 0, 0, 0, 0, 0, 0, 0], [0, 0, 0, 0, 0, 0, 0, 0, 0, 0], [0, 0, 0, 0, 0, 0, 0, 0, 0, 0], [0, 0, 0, 0, 0, 0, 0, 0, 0, 0], [0, 0, 0, 0, 0, 0, 0, 7, 0, 0], [0, 0, 0, 0, 0, 0, 0, 0, 0, 0], [0, 0, 0, 0, 0, 0, 0, 0, 0, 0], [0, 0, 0, 0, 0, 0, 0, 0, 0, 0], [0, 0, 0, 0, 0, 0, 0, 0, 0, 0], [0, 0, 0, 0, 0, 0, 0, 0, 0, 0]]}]}