{"train": [{"input": [[0, 0, 3, 0, 0, 0, 3, 4, 0, 5, 0, 0], [0, 0, 0, 0, 0, 0, 9, 0, 0, 0, 5, 0], [0, 0, 0, 0, 0, 5, 0, 0, 0, 0, 0, 0], [0, 0, 0, 0, 0, 0, 0, 2, 0, 0, 0, 0], [0, 0, 3, 0, 0, 0, 0, 0, 0, 3, 0, 0], [0, 0, 0, 5, 9, 0, 0, 0, 0, 0, 0, 0], [0, 0, 9, 0, 0, 5, 3, 0, 0, 3, 5, 0], [0, 0, 0, 0, 5, 0, 0, 0, 0, 0, 0, 3]], "output": [[0, 0, 4, 0, 0, 0, 4, 4, 0, 5, 0, 0], [0, 0, 0, 0, 0, 0, 9, 0, 0, 0, 5, 0], [0, 0, 0, 0, 0, 5, 0, 0, 0, 0, 0, 0], [0, 0, 0, 0, 0, 0, 0, 2, 0, 0, 0, 0], [0, 0, 4, 0, 0, 0, 0, 0, 0, 4, 0, 0], [0, 0, 0, 5, 9, 0, 0, 0, 0, 0, 0, 0], [0, 0, 9, 0, 0, 5, 4, 0, 0, 4, 5, 0], [0, 0, 0, 0, 5, 0, 0, 0, 0, 0, 0, 4]]}, {"input": [[0, 5, 0, 0, 5, 0, 0, 0, 6, 0], [0, 0, 0, 9, 0, 0, 5, 0, 5, 0], [0, 0, 4, 5, 0, 5, 0, 0, 0, 0], [9, 0, 0, 0, 0, 0, 0, 1, 0, 0], [0, 0, 0, 0, 0, 0, 0, 0, 3, 0], [0, 0, 0, 0, 0, 0, 1, 0, 0, 5], [0, 0, 0, 7, 0, 0, 0, 0, 8, 0]], "output": [[0, 5, 0, 0, 5, 0, 0, 0, 6, 0], [0, 0, 0, 9, 0, 0, 5, 0, 5, 0], [0, 0, 4, 5, 0, 5, 0, 0, 0, 0], [9, 0, 0, 0, 0, 0, 0, 1, 0, 0], [0, 0, 0, 0, 0, 0, 0, 0, 4, 0], [0, 0, 0, 0, 0, 0, 1, 0, 0, 5], [0, 0, 0, 7, 0, 0, 0, 0, 8, 0]]}, {"input": [[0, 0, 0, 5, 0, 0, 0, 0, 4, 0, 0], [0, 0, 0, 8, 0, 0, 8, 0, 0, 1, 0], [0, 0, 0, 0, 0, 0, 0, 0, 0, 0, 0], [0, 0, 0, 0, 0, 0, 0, 0, 0, 0, 5], [0, 0, 5, 0, 0, 0, 0, 0, 0, 0, 1], [0, 5, 0, 0, 0, 0, 0, 6, 0, 5, 0], [0, 0, 0, 0, 8, 0, 0, 3, 0, 0, 4]], "output": [[0, 0, 0, 5, 0, 0, 0, 0, 4, 0, 0], [0, 0, 0, 8, 0, 0, 8, 0, 0, 1, 0], [0, 0, 0, 0, 0, 0, 0, 0, 0, 0, 0], [0, 0, 0, 0, 0, 0, 0, 0, 0, 0, 5], [0, 0, 5, 0, 0, 0, 0, 0, 0, 0, 1], [0, 5, 0, 0, 0, 0, 0, 6, 0, 5, 0], [0, 0, 0, 0, 8, 0, 0, 4, 0, 0, 4]]}, {"input": [[0, 0, 5, 7, 0, 0, 0, 0, 0], [0, 0, 0, 0, 0, 5, 0, 0, 0], [0, 0, 0, 0, 0, 8, 0, 0, 0], [0, 0, 0, 0, 0, 0, 0, 0, 0], [0, 0, 8, 0, 0, 0, 0, 5, 0], [0, 0, 0, 0, 0, 0, 0, 0, 0], [0, 0, 0, 0, 0, 0, 0, 0, 0], [0, 0, 0, 0, 9, 0, 0, 5, 0], [0, 0, 0, 0, 0, 0, 0, 0, 0], [0, 0, 4, 0, 0, 0, 0, 0, 0], [8, 0, 0, 0, 0, 0, 0, 2, 0], [0, 0, 0, 0, 3, 0, 3, 9, 0]], "output": [[0, 0, 5, 7, 0, 0, 0, 0, 0], [0, 0, 0, 0, 0, 5, 0, 0, 0], [0, 0, 0, 0, 0, 8, 0, 0, 0], [0, 0, 0, 0, 0, 0, 0, 0, 0], [0, 0, 8, 0, 0, 0, 0, 5, 0], [0, 0, 0, 0, 0, 0, 0, 0, 0], [0, 0, 0, 0, 0, 0, 0, 0, 0], [0, 0, 0, 0, 9, 0, 0, 5, 0], [0, 0, 0, 0, 0, 0, 0, 0, 0], [0, 0, 4, 0, 0, 0, 0, 0, 0], [8, 0, 0, 0, 0, 0, 0, 2, 0], [0, 0, 0, 0, 4, 0, 4, 9, 0]]}, {"input": [[0, 0, 5, 0, 0, 0, 8, 0, 0, 0, 0, 0, 0], [3, 3, 0, 0, 0, 0, 0, 0, 0, 0, 0, 0, 0], [0, 0, 0, 0, 0, 0, 0, 0, 0, 0, 0, 0, 0], [0, 0, 3, 0, 0, 0, 0, 0, 0, 3, 0, 0, 0], [0, 0, 5, 5, 0, 0, 0, 0, 0, 0, 0, 0, 0], [0, 0, 0, 0, 0, 0, 0, 5, 0, 0, 6, 0, 5], [0, 0, 0, 0, 3, 0, 0, 0, 0, 0, 0, 0, 0], [0, 0, 0, 0, 0, 0, 0, 0, 0, 0, 0, 0, 0], [5, 0, 0, 0, 0, 6, 9, 0, 0, 6, 0, 0, 0], [0, 0, 3, 0, 0, 0, 0, 0, 0, 3, 0, 0, 0], [0, 0, 0, 0, 0, 0, 0, 0, 0, 0, 0, 0, 0], [0, 0, 0, 0, 0, 0, 0, 0, 3, 0, 0, 0, 3], [0, 0, 0, 0, 0, 0, 0, 0, 0, 0, 0, 0, 0]], "output": [[0, 0, 5, 0, 0, 0, 8, 0, 0, 0, 0, 0, 0], [4, 4, 0, 0, 0, 0, 0, 0, 0, 0, 0, 0, 0], [0, 0, 0, 0, 0, 0, 0, 0, 0, 0, 0, 0, 0], [0, 0, 4, 0, 0, 0, 0, 0, 0, 4, 0, 0, 0], [0, 0, 5, 5, 0, 0, 0, 0, 0, 0, 0, 0, 0], [0, 0, 0, 0, 0, 0, 0, 5, 0, 0, 6, 0, 5], [0, 0, 0, 0, 4, 0, 0, 0, 0, 0, 0, 0, 0], [0, 0, 0, 0, 0, 0, 0, 0, 0, 0, 0, 0, 0], [5, 0, 0, 0, 0, 6, 9, 0, 0, 6, 0, 0, 0], [0, 0, 4, 0, 0, 0, 0, 0, 0, 4, 0, 0, 0], [0, 0, 0, 0, 0, 0, 0, 0, 0, 0, 0, 0, 0], [0, 0, 0, 0, 0, 0, 0, 0, 4, 0, 0, 0, 4], [0, 0, 0, 0, 0, 0, 0, 0, 0, 0, 0, 0, 0]]}, {"input": [[0, 0, 0, 0, 0, 0, 0], [3, 0, 0, 2, 0, 0, 0], [0, 3, 0, 0, 0, 8, 0], [0, 0, 5, 0, 0, 0, 7], [0, 0, 0, 0, 0, 9, 7], [0, 2, 4, 5, 0, 5, 0], [4, 2, 1, 0, 0, 0, 0], [0, 0, 4, 0, 5, 0, 0], [0, 3, 5, 0, 0, 0, 0], [3, 0, 0, 0, 0, 5, 0]], "output": [[0, 0, 0, 0, 0, 0, 0], [4, 0, 0, 2, 0, 0, 0], [0, 4, 0, 0, 0, 8, 0], [0, 0, 5, 0, 0, 0, 7], [0, 0, 0, 0, 0, 9, 7], [0, 2, 4, 5, 0, 5, 0], [4, 2, 1, 0, 0, 0, 0], [0, 0, 4, 0, 5, 0, 0], [0, 4, 5, 0, 0, 0, 0], [4, 0, 0, 0, 0, 5, 0]]}, {"input": [[0, 0, 3, 0, 0, 0], [5, 0, 0, 0, 0, 0], [6, 0, 0, 0, 0, 5], [3, 0, 3, 0, 0, 0], [7, 9, 0, 0, 0, 0], [0, 5, 5, 0, 0, 1], [7, 0, 4, 0, 8, 0], [1, 0, 5, 0, 0, 5], [0, 5, 0, 0, 0, 0]], "output": [[0, 0, 4, 0, 0, 0], [5, 0, 0, 0, 0, 0], [6, 0, 0, 0, 0, 5], [4, 0, 4, 0, 0, 0], [7, 9, 0, 0, 0, 0], [0, 5, 5, 0, 0, 1], [7, 0, 4, 0, 8, 0], [1, 0, 5, 0, 0, 5], [0, 5, 0, 0, 0, 0]]}, {"input": [[0, 2, 7, 0, 0, 0], [0, 0, 0, 0, 5, 8], [0, 0, 2, 3, 0, 0], [0, 0, 0, 0, 1, 0], [0, 0, 0, 5, 0, 0], [0, 0, 0, 0, 0, 0], [0, 0, 2, 0, 0, 8], [5, 0, 0, 5, 0, 9], [0, 0, 0, 0, 0, 0], [0, 0, 0, 0, 0, 0], [0, 0, 0, 8, 0, 3], [0, 0, 3, 0, 0, 6], [0, 5, 9, 0, 0, 0], [0, 0, 0, 0, 0, 0]], "output": [[0, 2, 7, 0, 0, 0], [0, 0, 0, 0, 5, 8], [0, 0, 2, 4, 0, 0], [0, 0, 0, 0, 1, 0], [0, 0, 0, 5, 0, 0], [0, 0, 0, 0, 0, 0], [0, 0, 2, 0, 0, 8], [5, 0, 0, 5, 0, 9], [0, 0, 0, 0, 0, 0], [0, 0, 0, 0, 0, 0], [0, 0, 0, 8, 0, 4], [0, 0, 4, 0, 0, 6], [0, 5, 9, 0, 0, 0], [0, 0, 0, 0, 0, 0]]}, {"input": [[0, 5, 5, 0, 0, 0, 0, 0, 0, 0, 0, 0, 0, 0], [4, 0, 5, 0, 1, 8, 8, 0, 3, 9, 0, 0, 0, 0], [9, 3, 0, 0, 0, 0, 6, 0, 0, 0, 0, 5, 5, 0], [0, 0, 0, 0, 0, 0, 0, 0, 0, 0, 0, 0, 0, 0], [0, 0, 0, 0, 0, 0, 0, 0, 5, 0, 0, 0, 5, 5], [0, 0, 0, 0, 6, 0, 0, 0, 0, 0, 0, 3, 0, 0]], "output": [[0, 5, 5, 0, 0, 0, 0, 0, 0, 0, 0, 0, 0, 0], [4, 0, 5, 0, 1, 8, 8, 0, 4, 9, 0, 0, 0, 0], [9, 4, 0, 0, 0, 0, 6, 0, 0, 0, 0, 5, 5, 0], [0, 0, 0, 0, 0, 0, 0, 0, 0, 0, 0, 0, 0, 0], [0, 0, 0, 0, 0, 0, 0, 0, 5, 0, 0, 0, 5, 5], [0, 0, 0, 0, 6, 0, 0, 0, 0, 0, 0, 4, 0, 0]]}, {"input": [[0, 0, 0, 0, 4, 0], [0, 0, 1, 0, 0, 0], [0, 0, 5, 0, 0, 0], [0, 0, 0, 0, 0, 3], [0, 3, 0, 5, 0, 0], [1, 0, 0, 0, 0, 0], [0, 0, 0, 0, 0, 0], [0, 0, 0, 5, 0, 0], [0, 0, 0, 0, 3, 0], [0, 0, 7, 3, 0, 5], [0, 0, 0, 0, 0, 0], [0, 0, 0, 0, 0, 0], [6, 0, 0, 0, 0, 7], [0, 0, 0, 0, 0, 0]], "output": [[0, 0, 0, 0, 4, 0], [0, 0, 1, 0, 0, 0], [0, 0, 5, 0, 0, 0], [0, 0, 0, 0, 0, 4], [0, 4, 0, 5, 0, 0], [1, 0, 0, 0, 0, 0], [0, 0, 0, 0, 0, 0], [0, 0, 0, 5, 0, 0], [0, 0, 0, 0, 4, 0], [0, 0, 7, 4, 0, 5], [0, 0, 0, 0, 0, 0], [0, 0, 0, 0, 0, 0], [6, 0, 0, 0, 0, 7], [0, 0, 0, 0, 0, 0]]}, {"input": [[0, 1, 0, 0, 0, 3, 0, 0, 0, 3, 3, 5, 0], [0, 0, 8, 7, 0, 0, 0, 0, 0, 0, 0, 0, 0], [0, 0, 0, 0, 3, 0, 6, 0, 0, 0, 3, 0, 0], [1, 0, 0, 9, 0, 3, 0, 5, 0, 5, 0, 0, 0], [0, 3, 0, 5, 0, 9, 0, 0, 0, 7, 0, 0, 0], [2, 4, 0, 0, 8, 0, 0, 5, 0, 0, 3, 0, 0]], "output": [[0, 1, 0, 0, 0, 4, 0, 0, 0, 4, 4, 5, 0], [0, 0, 8, 7, 0, 0, 0, 0, 0, 0, 0, 0, 0], [0, 0, 0, 0, 4, 0, 6, 0, 0, 0, 4, 0, 0], [1, 0, 0, 9, 0, 4, 0, 5, 0, 5, 0, 0, 0], [0, 4, 0, 5, 0, 9, 0, 0, 0, 7, 0, 0, 0], [2, 4, 0, 0, 8, 0, 0, 5, 0, 0, 4, 0, 0]]}, {"input": [[0, 5, 8, 4, 0, 0], [0, 0, 5, 5, 5, 0], [0, 0, 2, 0, 0, 0], [0, 0, 0, 3, 0, 5], [0, 0, 0, 0, 0, 3], [0, 0, 0, 0, 0, 0], [5, 0, 4, 0, 5, 0], [2, 0, 0, 0, 0, 3], [0, 0, 0, 3, 0, 0], [0, 0, 0, 0, 0, 0], [0, 0, 0, 0, 0, 0], [0, 5, 0, 0, 0, 0]], "output": [[0, 5, 8, 4, 0, 0], [0, 0, 5, 5, 5, 0], [0, 0, 2, 0, 0, 0], [0, 0, 0, 4, 0, 5], [0, 0, 0, 0, 0, 4], [0, 0, 0, 0, 0, 0], [5, 0, 4, 0, 5, 0], [2, 0, 0, 0, 0, 4], [0, 0, 0, 4, 0, 0], [0, 0, 0, 0, 0, 0], [0, 0, 0, 0, 0, 0], [0, 5, 0, 0, 0, 0]]}, {"input": [[0, 5, 0, 0, 0, 0, 0, 0, 0, 0], [0, 0, 0, 0, 0, 0, 3, 0, 0, 0], [0, 0, 0, 0, 0, 9, 0, 0, 0, 0], [0, 0, 0, 0, 0, 5, 0, 0, 0, 0], [0, 0, 0, 0, 0, 0, 0, 0, 0, 0], [0, 0, 0, 0, 0, 5, 0, 0, 6, 7], [0, 0, 0, 0, 0, 0, 5, 0, 0, 0], [0, 3, 0, 0, 0, 0, 0, 0, 0, 0], [0, 0, 0, 0, 0, 0, 3, 1, 2, 0], [0, 0, 0, 0, 0, 2, 0, 0, 3, 0], [0, 0, 0, 0, 0, 0, 0, 0, 0, 0], [0, 0, 0, 0, 0, 0, 0, 0, 0, 0]], "output": [[0, 5, 0, 0, 0, 0, 0, 0, 0, 0], [0, 0, 0, 0, 0, 0, 4, 0, 0, 0], [0, 0, 0, 0, 0, 9, 0, 0, 0, 0], [0, 0, 0, 0, 0, 5, 0, 0, 0, 0], [0, 0, 0, 0, 0, 0, 0, 0, 0, 0], [0, 0, 0, 0, 0, 5, 0, 0, 6, 7], [0, 0, 0, 0, 0, 0, 5, 0, 0, 0], [0, 4, 0, 0, 0, 0, 0, 0, 0, 0], [0, 0, 0, 0, 0, 0, 4, 1, 2, 0], [0, 0, 0, 0, 0, 2, 0, 0, 4, 0], [0, 0, 0, 0, 0, 0, 0, 0, 0, 0], [0, 0, 0, 0, 0, 0, 0, 0, 0, 0]]}, {"input": [[0, 0, 0, 0, 0, 3, 0, 0, 0, 1, 0], [0, 0, 0, 0, 7, 5, 0, 0, 9, 0, 0], [0, 0, 0, 0, 0, 0, 0, 0, 3, 0, 0], [0, 0, 0, 3, 0, 0, 0, 0, 0, 0, 0], [0, 0, 0, 2, 3, 0, 5, 0, 0, 0, 5], [0, 0, 0, 0, 6, 0, 0, 0, 0, 0, 0], [0, 0, 6, 0, 0, 0, 0, 0, 5, 0, 3]], "output": [[0, 0, 0, 0, 0, 4, 0, 0, 0, 1, 0], [0, 0, 0, 0, 7, 5, 0, 0, 9, 0, 0], [0, 0, 0, 0, 0, 0, 0, 0, 4, 0, 0], [0, 0, 0, 4, 0, 0, 0, 0, 0, 0, 0], [0, 0, 0, 2, 4, 0, 5, 0, 0, 0, 5], [0, 0, 0, 0, 6, 0, 0, 0, 0, 0, 0], [0, 0, 6, 0, 0, 0, 0, 0, 5, 0, 4]]}, {"input": [[0, 0, 0, 5, 0, 0, 0, 0, 5, 0, 0, 0, 0, 0], [0, 0, 0, 0, 0, 0, 0, 0, 1, 0, 0, 0, 0, 0], [0, 0, 0, 0, 0, 0, 0, 0, 0, 0, 0, 0, 0, 0], [0, 1, 0, 0, 0, 0, 0, 0, 7, 0, 0, 0, 1, 0], [0, 0, 0, 0, 0, 0, 0, 0, 0, 5, 0, 0, 0, 0], [0, 5, 0, 0, 0, 0, 0, 0, 4, 0, 0, 0, 0, 0], [0, 0, 0, 9, 6, 0, 0, 7, 0, 0, 0, 0, 0, 0], [0, 0, 6, 0, 3, 0, 0, 0, 0, 0, 0, 0, 0, 0], [0, 5, 0, 7, 0, 0, 0, 0, 0, 0, 0, 0, 0, 0], [0, 5, 0, 0, 0, 0, 0, 0, 0, 0, 0, 0, 0, 4], [0, 0, 8, 0, 4, 0, 0, 0, 0, 0, 0, 0, 0, 0]], "output": [[0, 0, 0, 5, 0, 0, 0, 0, 5, 0, 0, 0, 0, 0], [0, 0, 0, 0, 0, 0, 0, 0, 1, 0, 0, 0, 0, 0], [0, 0, 0, 0, 0, 0, 0, 0, 0, 0, 0, 0, 0, 0], [0, 1, 0, 0, 0, 0, 0, 0, 7, 0, 0, 0, 1, 0], [0, 0, 0, 0, 0, 0, 0, 0, 0, 5, 0, 0, 0, 0], [0, 5, 0, 0, 0, 0, 0, 0, 4, 0, 0, 0, 0, 0], [0, 0, 0, 9, 6, 0, 0, 7, 0, 0, 0, 0, 0, 0], [0, 0, 6, 0, 4, 0, 0, 0, 0, 0, 0, 0, 0, 0], [0, 5, 0, 7, 0, 0, 0, 0, 0, 0, 0, 0, 0, 0], [0, 5, 0, 0, 0, 0, 0, 0, 0, 0, 0, 0, 0, 4], [0, 0, 8, 0, 4, 0, 0, 0, 0, 0, 0, 0, 0, 0]]}, {"input": [[4, 5, 5, 0, 0, 0, 4, 6], [6, 3, 0, 3, 0, 0, 0, 5], [0, 0, 0, 0, 0, 5, 0, 8], [0, 0, 0, 5, 0, 0, 0, 1], [0, 0, 0, 0, 0, 0, 0, 0], [0, 1, 9, 0, 3, 0, 0, 0], [0, 0, 0, 0, 0, 0, 5, 7], [0, 0, 5, 0, 9, 8, 3, 0], [0, 0, 0, 3, 3, 0, 0, 5], [3, 0, 4, 0, 0, 0, 0, 0]], "output": [[4, 5, 5, 0, 0, 0, 4, 6], [6, 4, 0, 4, 0, 0, 0, 5], [0, 0, 0, 0, 0, 5, 0, 8], [0, 0, 0, 5, 0, 0, 0, 1], [0, 0, 0, 0, 0, 0, 0, 0], [0, 1, 9, 0, 4, 0, 0, 0], [0, 0, 0, 0, 0, 0, 5, 7], [0, 0, 5, 0, 9, 8, 4, 0], [0, 0, 0, 4, 4, 0, 0, 5], [4, 0, 4, 0, 0, 0, 0, 0]]}, {"input": [[0, 3, 0, 0, 0, 1, 0, 0, 0, 0], [0, 0, 0, 0, 3, 1, 0, 5, 0, 0], [0, 0, 0, 0, 0, 0, 0, 7, 5, 0], [0, 6, 6, 5, 0, 5, 0, 0, 0, 0], [4, 0, 5, 0, 6, 0, 0, 9, 0, 0], [0, 0, 0, 0, 0, 0, 0, 0, 1, 0], [0, 0, 0, 0, 8, 0, 0, 0, 5, 9], [0, 0, 0, 0, 0, 0, 0, 0, 0, 0], [0, 5, 5, 0, 0, 0, 0, 0, 0, 0]], "output": [[0, 4, 0, 0, 0, 1, 0, 0, 0, 0], [0, 0, 0, 0, 4, 1, 0, 5, 0, 0], [0, 0, 0, 0, 0, 0, 0, 7, 5, 0], [0, 6, 6, 5, 0, 5, 0, 0, 0, 0], [4, 0, 5, 0, 6, 0, 0, 9, 0, 0], [0, 0, 0, 0, 0, 0, 0, 0, 1, 0], [0, 0, 0, 0, 8, 0, 0, 0, 5, 9], [0, 0, 0, 0, 0, 0, 0, 0, 0, 0], [0, 5, 5, 0, 0, 0, 0, 0, 0, 0]]}, {"input": [[5, 0, 0, 8, 0, 0, 7, 0, 5, 0, 0, 0, 0], [0, 0, 0, 1, 0, 0, 0, 0, 0, 0, 0, 0, 0], [0, 0, 0, 0, 5, 0, 0, 3, 0, 0, 0, 0, 0], [3, 0, 0, 0, 0, 0, 0, 0, 0, 0, 0, 0, 0], [0, 0, 0, 0, 0, 0, 0, 0, 5, 2, 0, 2, 0], [8, 0, 0, 0, 0, 0, 4, 0, 0, 5, 3, 0, 0], [0, 0, 0, 0, 0, 0, 0, 0, 0, 5, 0, 0, 0]], "output": [[5, 0, 0, 8, 0, 0, 7, 0, 5, 0, 0, 0, 0], [0, 0, 0, 1, 0, 0, 0, 0, 0, 0, 0, 0, 0], [0, 0, 0, 0, 5, 0, 0, 4, 0, 0, 0, 0, 0], [4, 0, 0, 0, 0, 0, 0, 0, 0, 0, 0, 0, 0], [0, 0, 0, 0, 0, 0, 0, 0, 5, 2, 0, 2, 0], [8, 0, 0, 0, 0, 0, 4, 0, 0, 5, 4, 0, 0], [0, 0, 0, 0, 0, 0, 0, 0, 0, 5, 0, 0, 0]]}], "test": [{"input": [[0, 0, 0, 0, 0, 0, 0, 0, 0, 0, 1, 0, 0], [0, 0, 0, 0, 5, 0, 0, 0, 0, 0, 0, 0, 0], [0, 0, 0, 0, 3, 0, 0, 0, 8, 0, 0, 0, 0], [3, 3, 0, 0, 0, 0, 0, 0, 0, 0, 0, 0, 0], [0, 0, 0, 0, 0, 0, 0, 0, 0, 0, 0, 0, 0], [7, 3, 0, 0, 3, 0, 0, 0, 0, 0, 1, 0, 0], [3, 0, 0, 0, 0, 0, 0, 0, 1, 0, 0, 0, 5], [0, 0, 3, 0, 0, 0, 0, 0, 3, 0, 0, 0, 0], [0, 0, 0, 0, 0, 0, 0, 0, 0, 0, 0, 0, 0], [5, 0, 0, 0, 0, 3, 0, 0, 0, 0, 0, 0, 0]], "output": [[0, 0, 0, 0, 0, 0, 0, 0, 0, 0, 1, 0, 0], [0, 0, 0, 0, 5, 0, 0, 0, 0, 0, 0, 0, 0], [0, 0, 0, 0, 4, 0, 0, 0, 8, 0, 0, 0, 0], [4, 4, 0, 0, 0, 0, 0, 0, 0, 0, 0, 0, 0], [0, 0, 0, 0, 0, 0, 0, 0, 0, 0, 0, 0, 0], [7, 4, 0, 0, 4, 0, 0, 0, 0, 0, 1, 0, 0], [4, 0, 0, 0, 0, 0, 0, 0, 1, 0, 0, 0, 5], [0, 0, 4, 0, 0, 0, 0, 0, 4, 0, 0, 0, 0], [0, 0, 0, 0, 0, 0, 0, 0, 0, 0, 0, 0, 0], [5, 0, 0, 0, 0, 4, 0, 0, 0, 0, 0, 0, 0]]}, {"input": [[0, 0, 0, 1, 0, 2, 0, 0, 0, 0, 0, 0, 0, 0], [1, 0, 0, 4, 3, 0, 0, 0, 0, 1, 0, 0, 0, 5], [0, 0, 0, 0, 0, 0, 2, 0, 0, 0, 0, 0, 0, 5], [0, 0, 0, 0, 0, 0, 5, 0, 5, 0, 0, 0, 0, 0], [0, 0, 0, 0, 0, 0, 0, 7, 4, 0, 6, 8, 0, 0], [0, 0, 0, 0, 0, 0, 0, 0, 0, 0, 0, 0, 2, 0], [0, 4, 0, 4, 0, 0, 0, 0, 5, 0, 0, 0, 0, 5], [0, 0, 0, 1, 0, 0, 0, 0, 0, 0, 0, 0, 6, 0]], "output": [[0, 0, 0, 1, 0, 2, 0, 0, 0, 0, 0, 0, 0, 0], [1, 0, 0, 4, 4, 0, 0, 0, 0, 1, 0, 0, 0, 5], [0, 0, 0, 0, 0, 0, 2, 0, 0, 0, 0, 0, 0, 5], [0, 0, 0, 0, 0, 0, 5, 0, 5, 0, 0, 0, 0, 0], [0, 0, 0, 0, 0, 0, 0, 7, 4, 0, 6, 8, 0, 0], [0, 0, 0, 0, 0, 0, 0, 0, 0, 0, 0, 0, 2, 0], [0, 4, 0, 4, 0, 0, 0, 0, 5, 0, 0, 0, 0, 5], [0, 0, 0, 1, 0, 0, 0, 0, 0, 0, 0, 0, 6, 0]]}, {"input": [[1, 0, 0, 0, 0, 0, 0, 0, 0, 0, 0], [5, 0, 0, 5, 0, 8, 0, 0, 9, 0, 0], [0, 0, 0, 0, 0, 0, 6, 0, 0, 3, 0], [0, 3, 0, 0, 0, 0, 0, 0, 0, 5, 0], [3, 0, 0, 0, 5, 4, 0, 0, 3, 0, 0], [0, 0, 0, 5, 0, 0, 0, 0, 0, 0, 0], [0, 0, 0, 0, 0, 0, 0, 0, 0, 0, 0], [0, 0, 0, 0, 0, 0, 0, 0, 0, 0, 3], [0, 0, 0, 0, 0, 8, 0, 3, 4, 0, 0], [0, 0, 0, 0, 5, 3, 8, 0, 0, 0, 0]], "output": [[1, 0, 0, 0, 0, 0, 0, 0, 0, 0, 0], [5, 0, 0, 5, 0, 8, 0, 0, 9, 0, 0], [0, 0, 0, 0, 0, 0, 6, 0, 0, 4, 0], [0, 4, 0, 0, 0, 0, 0, 0, 0, 5, 0], [4, 0, 0, 0, 5, 4, 0, 0, 4, 0, 0], [0, 0, 0, 5, 0, 0, 0, 0, 0, 0, 0], [0, 0, 0, 0, 0, 0, 0, 0, 0, 0, 0], [0, 0, 0, 0, 0, 0, 0, 0, 0, 0, 4], [0, 0, 0, 0, 0, 8, 0, 4, 4, 0, 0], [0, 0, 0, 0, 5, 4, 8, 0, 0, 0, 0]]}]}