{"train": [{"input": [[0, 0, 0, 0, 0, 5, 0, 2, 0, 0], [0, 0, 0, 0, 0, 0, 0, 0, 0, 0], [0, 0, 5, 0, 0, 0, 2, 3, 0, 0], [0, 0, 0, 0, 3, 0, 0, 0, 0, 2], [0, 0, 0, 0, 0, 5, 0, 5, 0, 5], [0, 0, 0, 0, 0, 2, 0, 0, 0, 0], [0, 0, 5, 2, 0, 0, 5, 0, 5, 5], [0, 5, 1, 2, 2, 0, 0, 0, 0, 0], [0, 0, 0, 0, 0, 0, 5, 3, 0, 2], [0, 0, 0, 0, 0, 0, 5, 5, 0, 0]], "output": [[0, 0, 0, 0, 0, 7, 0, 6, 0, 0], [0, 0, 0, 0, 0, 0, 0, 0, 0, 0], [0, 0, 7, 0, 0, 0, 6, 7, 0, 0], [0, 0, 0, 0, 7, 0, 0, 0, 0, 6], [0, 0, 0, 0, 0, 7, 0, 7, 0, 7], [0, 0, 0, 0, 0, 6, 0, 0, 0, 0], [0, 0, 7, 6, 0, 0, 7, 0, 7, 7], [0, 7, 7, 6, 6, 0, 0, 0, 0, 0], [0, 0, 0, 0, 0, 0, 7, 7, 0, 6], [0, 0, 0, 0, 0, 0, 7, 7, 0, 0]]}, {"input": [[0, 0, 8, 0, 0, 0, 2, 8, 0, 0], [0, 0, 0, 0, 0, 8, 0, 8, 0, 0], [0, 0, 2, 0, 0, 0, 0, 0, 0, 0], [2, 0, 0, 0, 0, 0, 2, 8, 0, 1], [0, 5, 0, 0, 0, 8, 1, 0, 2, 0], [5, 0, 0, 0, 0, 0, 8, 0, 0, 0], [0, 8, 0, 0, 0, 9, 9, 0, 0, 5], [0, 0, 0, 0, 0, 0, 0, 9, 2, 9], [0, 0, 0, 0, 8, 2, 0, 2, 9, 0], [2, 0, 0, 2, 8, 8, 0, 0, 0, 0]], "output": [[0, 0, 7, 0, 0, 0, 6, 7, 0, 0], [0, 0, 0, 0, 0, 7, 0, 7, 0, 0], [0, 0, 6, 0, 0, 0, 0, 0, 0, 0], [6, 0, 0, 0, 0, 0, 6, 7, 0, 6], [0, 7, 0, 0, 0, 7, 6, 0, 6, 0], [7, 0, 0, 0, 0, 0, 7, 0, 0, 0], [0, 7, 0, 0, 0, 7, 7, 0, 0, 7], [0, 0, 0, 0, 0, 0, 0, 7, 6, 7], [0, 0, 0, 0, 7, 6, 0, 6, 7, 0], [6, 0, 0, 6, 7, 7, 0, 0, 0, 0]]}, {"input": [[2, 8, 2, 8, 3, 3, 2, 0, 9, 0], [0, 0, 0, 0, 0, 0, 0, 0, 2, 0], [3, 3, 6, 3, 8, 8, 9, 8, 0, 0], [6, 0, 8, 0, 0, 9, 6, 3, 0, 3], [0, 9, 2, 0, 0, 9, 0, 0, 0, 2], [0, 0, 0, 0, 0, 3, 0, 2, 0, 8], [8, 0, 6, 2, 8, 0, 6, 2, 0, 0], [9, 3, 0, 9, 8, 3, 0, 0, 0, 8], [0, 0, 0, 3, 0, 8, 0, 8, 2, 0], [9, 0, 9, 8, 0, 3, 9, 8, 0, 0]], "output": [[6, 7, 6, 7, 6, 6, 6, 0, 6, 0], [0, 0, 0, 0, 0, 0, 0, 0, 6, 0], [6, 6, 7, 6, 7, 7, 6, 7, 0, 0], [7, 0, 7, 0, 0, 6, 7, 6, 0, 6], [0, 6, 6, 0, 0, 6, 0, 0, 0, 6], [0, 0, 0, 0, 0, 6, 0, 6, 0, 7], [7, 0, 7, 6, 7, 0, 7, 6, 0, 0], [6, 6, 0, 6, 7, 6, 0, 0, 0, 7], [0, 0, 0, 6, 0, 7, 0, 7, 6, 0], [6, 0, 6, 7, 0, 6, 6, 7, 0, 0]]}, {"input": [[0, 4, 3, 0, 0, 0, 4, 0, 0, 0], [0, 0, 0, 0, 0, 0, 0, 4, 0, 0], [0, 0, 0, 0, 3, 0, 0, 0, 3, 0], [0, 0, 0, 0, 0, 0, 0, 0, 0, 0], [0, 0, 0, 0, 0, 0, 0, 0, 0, 0], [0, 0, 3, 0, 4, 4, 0, 4, 4, 4], [0, 3, 0, 7, 0, 4, 0, 3, 0, 0], [0, 0, 0, 3, 0, 0, 0, 0, 0, 0], [4, 0, 0, 4, 4, 0, 4, 0, 0, 0], [0, 0, 0, 0, 4, 0, 0, 0, 4, 3]], "output": [[0, 7, 6, 0, 0, 0, 7, 0, 0, 0], [0, 0, 0, 0, 0, 0, 0, 7, 0, 0], [0, 0, 0, 0, 6, 0, 0, 0, 6, 0], [0, 0, 0, 0, 0, 0, 0, 0, 0, 0], [0, 0, 0, 0, 0, 0, 0, 0, 0, 0], [0, 0, 6, 0, 7, 7, 0, 7, 7, 7], [0, 6, 0, 7, 0, 7, 0, 6, 0, 0], [0, 0, 0, 6, 0, 0, 0, 0, 0, 0], [7, 0, 0, 7, 7, 0, 7, 0, 0, 0], [0, 0, 0, 0, 7, 0, 0, 0, 7, 6]]}, {"input": [[2, 0, 0, 2, 0, 3, 0, 3, 0, 0], [0, 0, 2, 0, 0, 2, 2, 2, 2, 0], [2, 7, 0, 0, 6, 6, 0, 6, 0, 0], [2, 0, 0, 0, 2, 2, 3, 0, 0, 1], [0, 3, 2, 0, 0, 0, 6, 6, 0, 7], [0, 6, 6, 0, 6, 0, 0, 0, 0, 2], [0, 0, 0, 0, 0, 2, 0, 0, 0, 0], [3, 3, 0, 0, 0, 0, 0, 6, 0, 3], [2, 0, 1, 0, 0, 3, 0, 0, 0, 3], [0, 3, 2, 0, 3, 1, 0, 0, 0, 6]], "output": [[6, 0, 0, 6, 0, 7, 0, 7, 0, 0], [0, 0, 6, 0, 0, 6, 6, 6, 6, 0], [6, 6, 0, 0, 6, 6, 0, 6, 0, 0], [6, 0, 0, 0, 6, 6, 7, 0, 0, 7], [0, 7, 6, 0, 0, 0, 6, 6, 0, 6], [0, 6, 6, 0, 6, 0, 0, 0, 0, 6], [0, 0, 0, 0, 0, 6, 0, 0, 0, 0], [7, 7, 0, 0, 0, 0, 0, 6, 0, 7], [6, 0, 7, 0, 0, 7, 0, 0, 0, 7], [0, 7, 6, 0, 7, 7, 0, 0, 0, 6]]}, {"input": [[0, 0, 2, 0, 2, 0, 8, 0, 0, 0], [9, 0, 8, 0, 0, 2, 0, 0, 2, 8], [0, 9, 0, 0, 5, 0, 0, 0, 0, 0], [5, 5, 2, 0, 7, 0, 9, 0, 2, 2], [0, 0, 9, 0, 0, 9, 0, 0, 0, 0], [0, 9, 8, 9, 0, 8, 0, 0, 0, 0], [0, 0, 0, 0, 0, 8, 2, 9, 0, 8], [2, 9, 9, 0, 0, 0, 0, 0, 0, 0], [0, 0, 9, 0, 0, 0, 2, 9, 5, 8], [2, 0, 0, 0, 0, 0, 8, 7, 5, 0]], "output": [[0, 0, 7, 0, 7, 0, 7, 0, 0, 0], [6, 0, 7, 0, 0, 7, 0, 0, 7, 7], [0, 6, 0, 0, 7, 0, 0, 0, 0, 0], [7, 7, 7, 0, 6, 0, 6, 0, 7, 7], [0, 0, 6, 0, 0, 6, 0, 0, 0, 0], [0, 6, 7, 6, 0, 7, 0, 0, 0, 0], [0, 0, 0, 0, 0, 7, 7, 6, 0, 7], [7, 6, 6, 0, 0, 0, 0, 0, 0, 0], [0, 0, 6, 0, 0, 0, 7, 6, 7, 7], [7, 0, 0, 0, 0, 0, 7, 6, 7, 0]]}, {"input": [[0, 0, 0, 0, 0, 0, 0, 0, 0, 0], [0, 9, 9, 0, 0, 9, 4, 0, 0, 9], [9, 0, 0, 0, 9, 0, 0, 0, 9, 0], [0, 2, 0, 0, 0, 0, 5, 0, 0, 0], [9, 9, 5, 5, 0, 0, 9, 0, 5, 2], [0, 5, 0, 4, 0, 0, 0, 2, 0, 0], [0, 0, 0, 9, 0, 0, 0, 0, 9, 9], [5, 5, 9, 0, 0, 0, 0, 5, 0, 0], [0, 0, 0, 0, 0, 0, 0, 0, 0, 0], [9, 0, 5, 0, 9, 5, 0, 0, 0, 0]], "output": [[0, 0, 0, 0, 0, 0, 0, 0, 0, 0], [0, 6, 6, 0, 0, 6, 6, 0, 0, 6], [6, 0, 0, 0, 6, 0, 0, 0, 6, 0], [0, 7, 0, 0, 0, 0, 6, 0, 0, 0], [6, 6, 6, 6, 0, 0, 6, 0, 6, 7], [0, 6, 0, 6, 0, 0, 0, 7, 0, 0], [0, 0, 0, 6, 0, 0, 0, 0, 6, 6], [6, 6, 6, 0, 0, 0, 0, 6, 0, 0], [0, 0, 0, 0, 0, 0, 0, 0, 0, 0], [6, 0, 6, 0, 6, 6, 0, 0, 0, 0]]}, {"input": [[0, 0, 0, 7, 0, 0, 0, 0, 0, 0], [7, 1, 0, 0, 0, 1, 0, 0, 0, 1], [7, 0, 7, 0, 7, 0, 0, 1, 1, 7], [1, 7, 0, 0, 0, 0, 0, 0, 0, 0], [0, 0, 0, 0, 0, 0, 0, 0, 1, 0], [0, 0, 0, 0, 0, 0, 0, 1, 7, 0], [0, 1, 0, 0, 7, 1, 0, 1, 0, 0], [0, 0, 0, 0, 0, 0, 1, 0, 0, 0], [0, 0, 0, 7, 0, 1, 5, 0, 0, 1], [0, 7, 0, 7, 0, 0, 0, 0, 0, 0]], "output": [[0, 0, 0, 6, 0, 0, 0, 0, 0, 0], [6, 6, 0, 0, 0, 6, 0, 0, 0, 6], [6, 0, 6, 0, 6, 0, 0, 6, 6, 6], [6, 6, 0, 0, 0, 0, 0, 0, 0, 0], [0, 0, 0, 0, 0, 0, 0, 0, 6, 0], [0, 0, 0, 0, 0, 0, 0, 6, 6, 0], [0, 6, 0, 0, 6, 6, 0, 6, 0, 0], [0, 0, 0, 0, 0, 0, 6, 0, 0, 0], [0, 0, 0, 6, 0, 6, 7, 0, 0, 6], [0, 6, 0, 6, 0, 0, 0, 0, 0, 0]]}, {"input": [[0, 0, 0, 0, 2, 0, 0, 0, 0, 2], [7, 0, 0, 0, 0, 0, 0, 0, 0, 2], [7, 0, 0, 0, 0, 1, 0, 0, 0, 7], [1, 4, 7, 0, 2, 4, 0, 0, 0, 0], [0, 0, 0, 0, 0, 7, 0, 7, 0, 1], [0, 0, 0, 0, 0, 2, 2, 4, 0, 2], [0, 0, 7, 0, 1, 0, 0, 0, 1, 0], [0, 0, 7, 4, 0, 0, 7, 0, 7, 0], [2, 0, 2, 0, 0, 0, 0, 0, 4, 4], [0, 2, 0, 1, 0, 7, 0, 0, 2, 7]], "output": [[0, 0, 0, 0, 7, 0, 0, 0, 0, 7], [6, 0, 0, 0, 0, 0, 0, 0, 0, 7], [6, 0, 0, 0, 0, 6, 0, 0, 0, 6], [6, 6, 6, 0, 7, 6, 0, 0, 0, 0], [0, 0, 0, 0, 0, 6, 0, 6, 0, 6], [0, 0, 0, 0, 0, 7, 7, 6, 0, 7], [0, 0, 6, 0, 6, 0, 0, 0, 6, 0], [0, 0, 6, 6, 0, 0, 6, 0, 6, 0], [7, 0, 7, 0, 0, 0, 0, 0, 6, 6], [0, 7, 0, 6, 0, 6, 0, 0, 7, 6]]}, {"input": [[0, 0, 1, 0, 0, 0, 1, 1, 0, 0], [0, 0, 0, 0, 0, 0, 1, 0, 0, 0], [1, 0, 0, 0, 0, 5, 0, 0, 0, 1], [0, 0, 1, 0, 1, 0, 0, 0, 1, 0], [0, 0, 0, 0, 0, 5, 0, 0, 1, 0], [0, 0, 1, 0, 0, 0, 0, 0, 0, 0], [0, 0, 0, 0, 0, 0, 5, 0, 1, 0], [5, 1, 0, 0, 0, 0, 0, 0, 0, 0], [8, 5, 0, 0, 0, 0, 1, 0, 0, 0], [0, 0, 0, 1, 0, 0, 0, 8, 0, 5]], "output": [[0, 0, 7, 0, 0, 0, 7, 7, 0, 0], [0, 0, 0, 0, 0, 0, 7, 0, 0, 0], [7, 0, 0, 0, 0, 6, 0, 0, 0, 7], [0, 0, 7, 0, 7, 0, 0, 0, 7, 0], [0, 0, 0, 0, 0, 6, 0, 0, 7, 0], [0, 0, 7, 0, 0, 0, 0, 0, 0, 0], [0, 0, 0, 0, 0, 0, 6, 0, 7, 0], [6, 7, 0, 0, 0, 0, 0, 0, 0, 0], [6, 6, 0, 0, 0, 0, 7, 0, 0, 0], [0, 0, 0, 7, 0, 0, 0, 6, 0, 6]]}, {"input": [[0, 0, 4, 0, 0, 0, 9, 6, 0, 6], [9, 9, 0, 0, 0, 0, 0, 0, 0, 0], [6, 0, 0, 0, 0, 0, 0, 9, 0, 6], [0, 0, 0, 0, 6, 0, 0, 0, 0, 9], [0, 0, 4, 0, 6, 0, 0, 0, 1, 0], [0, 9, 9, 0, 9, 0, 4, 0, 0, 0], [6, 0, 0, 6, 0, 9, 0, 6, 0, 1], [0, 0, 9, 9, 0, 9, 9, 9, 0, 0], [0, 9, 0, 0, 0, 0, 0, 0, 0, 0], [0, 0, 6, 0, 0, 0, 0, 1, 4, 0]], "output": [[0, 0, 6, 0, 0, 0, 7, 6, 0, 6], [7, 7, 0, 0, 0, 0, 0, 0, 0, 0], [6, 0, 0, 0, 0, 0, 0, 7, 0, 6], [0, 0, 0, 0, 6, 0, 0, 0, 0, 7], [0, 0, 6, 0, 6, 0, 0, 0, 7, 0], [0, 7, 7, 0, 7, 0, 6, 0, 0, 0], [6, 0, 0, 6, 0, 7, 0, 6, 0, 7], [0, 0, 7, 7, 0, 7, 7, 7, 0, 0], [0, 7, 0, 0, 0, 0, 0, 0, 0, 0], [0, 0, 6, 0, 0, 0, 0, 7, 6, 0]]}, {"input": [[0, 9, 7, 5, 0, 0, 0, 5, 0, 7], [6, 6, 7, 7, 6, 0, 0, 0, 0, 0], [9, 5, 0, 0, 5, 6, 5, 6, 0, 7], [0, 0, 5, 0, 0, 0, 9, 0, 0, 0], [5, 7, 0, 0, 0, 6, 5, 0, 0, 7], [0, 6, 0, 0, 5, 0, 5, 9, 5, 0], [7, 5, 0, 0, 0, 6, 0, 0, 5, 6], [0, 0, 0, 0, 0, 0, 0, 7, 7, 0], [0, 7, 6, 6, 5, 0, 9, 0, 0, 0], [5, 0, 0, 7, 7, 5, 5, 0, 0, 5]], "output": [[0, 7, 7, 6, 0, 0, 0, 6, 0, 7], [7, 7, 7, 7, 7, 0, 0, 0, 0, 0], [7, 6, 0, 0, 6, 7, 6, 7, 0, 7], [0, 0, 6, 0, 0, 0, 7, 0, 0, 0], [6, 7, 0, 0, 0, 7, 6, 0, 0, 7], [0, 7, 0, 0, 6, 0, 6, 7, 6, 0], [7, 6, 0, 0, 0, 7, 0, 0, 6, 7], [0, 0, 0, 0, 0, 0, 0, 7, 7, 0], [0, 7, 7, 7, 6, 0, 7, 0, 0, 0], [6, 0, 0, 7, 7, 6, 6, 0, 0, 6]]}, {"input": [[0, 8, 0, 0, 0, 0, 0, 8, 0, 0], [0, 2, 0, 9, 0, 0, 0, 0, 0, 8], [8, 0, 9, 8, 0, 8, 0, 0, 0, 8], [9, 0, 0, 0, 0, 8, 9, 0, 0, 0], [0, 0, 9, 0, 0, 8, 0, 0, 8, 0], [0, 0, 0, 8, 0, 0, 9, 8, 2, 0], [8, 0, 2, 9, 0, 0, 8, 9, 2, 8], [0, 0, 0, 0, 9, 0, 0, 2, 9, 0], [9, 0, 0, 0, 9, 0, 0, 0, 0, 0], [0, 0, 8, 9, 8, 0, 0, 0, 0, 0]], "output": [[0, 7, 0, 0, 0, 0, 0, 7, 0, 0], [0, 7, 0, 7, 0, 0, 0, 0, 0, 7], [7, 0, 7, 7, 0, 7, 0, 0, 0, 7], [7, 0, 0, 0, 0, 7, 7, 0, 0, 0], [0, 0, 7, 0, 0, 7, 0, 0, 7, 0], [0, 0, 0, 7, 0, 0, 7, 7, 7, 0], [7, 0, 7, 7, 0, 0, 7, 7, 7, 7], [0, 0, 0, 0, 7, 0, 0, 7, 7, 0], [7, 0, 0, 0, 7, 0, 0, 0, 0, 0], [0, 0, 7, 7, 7, 0, 0, 0, 0, 0]]}, {"input": [[0, 0, 1, 0, 0, 0, 1, 0, 0, 1], [0, 0, 3, 0, 0, 6, 3, 0, 0, 0], [0, 0, 3, 0, 0, 0, 0, 0, 0, 3], [3, 0, 0, 9, 0, 0, 0, 0, 0, 0], [1, 0, 0, 0, 3, 0, 6, 0, 3, 0], [0, 0, 0, 0, 9, 0, 9, 6, 1, 0], [0, 1, 1, 0, 0, 0, 0, 0, 3, 0], [0, 1, 0, 0, 0, 3, 0, 0, 0, 3], [9, 0, 0, 0, 3, 0, 0, 0, 3, 0], [3, 3, 9, 0, 0, 9, 0, 0, 9, 0]], "output": [[0, 0, 6, 0, 0, 0, 6, 0, 0, 6], [0, 0, 6, 0, 0, 7, 6, 0, 0, 0], [0, 0, 6, 0, 0, 0, 0, 0, 0, 6], [6, 0, 0, 7, 0, 0, 0, 0, 0, 0], [6, 0, 0, 0, 6, 0, 7, 0, 6, 0], [0, 0, 0, 0, 7, 0, 7, 7, 6, 0], [0, 6, 6, 0, 0, 0, 0, 0, 6, 0], [0, 6, 0, 0, 0, 6, 0, 0, 0, 6], [7, 0, 0, 0, 6, 0, 0, 0, 6, 0], [6, 6, 7, 0, 0, 7, 0, 0, 7, 0]]}, {"input": [[0, 0, 0, 0, 0, 3, 0, 0, 3, 3], [0, 0, 3, 0, 0, 0, 0, 7, 3, 0], [0, 0, 0, 0, 0, 0, 6, 0, 0, 0], [0, 0, 0, 0, 3, 3, 3, 0, 0, 0], [0, 0, 0, 0, 0, 0, 0, 0, 3, 0], [3, 0, 0, 0, 6, 6, 0, 3, 0, 0], [0, 3, 0, 0, 0, 0, 0, 0, 0, 3], [0, 0, 0, 0, 0, 3, 0, 3, 3, 0], [6, 6, 0, 0, 6, 0, 3, 0, 0, 0], [0, 0, 0, 0, 6, 0, 3, 0, 0, 0]], "output": [[0, 0, 0, 0, 0, 6, 0, 0, 6, 6], [0, 0, 6, 0, 0, 0, 0, 7, 6, 0], [0, 0, 0, 0, 0, 0, 7, 0, 0, 0], [0, 0, 0, 0, 6, 6, 6, 0, 0, 0], [0, 0, 0, 0, 0, 0, 0, 0, 6, 0], [6, 0, 0, 0, 7, 7, 0, 6, 0, 0], [0, 6, 0, 0, 0, 0, 0, 0, 0, 6], [0, 0, 0, 0, 0, 6, 0, 6, 6, 0], [7, 7, 0, 0, 7, 0, 6, 0, 0, 0], [0, 0, 0, 0, 7, 0, 6, 0, 0, 0]]}, {"input": [[0, 0, 0, 5, 0, 0, 0, 0, 0, 0], [0, 0, 0, 0, 0, 5, 0, 0, 0, 0], [0, 0, 5, 0, 0, 0, 0, 0, 0, 0], [0, 3, 0, 3, 0, 0, 0, 3, 0, 0], [3, 3, 0, 0, 0, 0, 7, 0, 0, 0], [0, 0, 0, 0, 0, 0, 0, 5, 0, 5], [0, 0, 5, 0, 5, 3, 0, 0, 0, 0], [0, 0, 0, 5, 5, 0, 0, 0, 7, 0], [0, 5, 0, 3, 0, 0, 0, 0, 0, 0], [5, 0, 0, 0, 0, 0, 0, 0, 0, 5]], "output": [[0, 0, 0, 6, 0, 0, 0, 0, 0, 0], [0, 0, 0, 0, 0, 6, 0, 0, 0, 0], [0, 0, 6, 0, 0, 0, 0, 0, 0, 0], [0, 7, 0, 7, 0, 0, 0, 7, 0, 0], [7, 7, 0, 0, 0, 0, 6, 0, 0, 0], [0, 0, 0, 0, 0, 0, 0, 6, 0, 6], [0, 0, 6, 0, 6, 7, 0, 0, 0, 0], [0, 0, 0, 6, 6, 0, 0, 0, 6, 0], [0, 6, 0, 7, 0, 0, 0, 0, 0, 0], [6, 0, 0, 0, 0, 0, 0, 0, 0, 6]]}, {"input": [[6, 2, 0, 2, 0, 9, 0, 0, 0, 2], [0, 2, 9, 0, 0, 0, 0, 0, 0, 0], [0, 6, 0, 0, 0, 0, 0, 0, 6, 0], [2, 6, 0, 0, 0, 0, 0, 2, 2, 0], [2, 0, 0, 6, 0, 6, 0, 0, 0, 0], [0, 2, 0, 0, 2, 6, 0, 2, 6, 0], [0, 0, 0, 0, 0, 6, 2, 0, 0, 0], [2, 0, 0, 2, 0, 2, 0, 2, 0, 2], [0, 0, 0, 0, 0, 6, 0, 0, 0, 0], [0, 0, 0, 0, 9, 2, 0, 0, 0, 0]], "output": [[6, 6, 0, 6, 0, 7, 0, 0, 0, 6], [0, 6, 7, 0, 0, 0, 0, 0, 0, 0], [0, 6, 0, 0, 0, 0, 0, 0, 6, 0], [6, 6, 0, 0, 0, 0, 0, 6, 6, 0], [6, 0, 0, 6, 0, 6, 0, 0, 0, 0], [0, 6, 0, 0, 6, 6, 0, 6, 6, 0], [0, 0, 0, 0, 0, 6, 6, 0, 0, 0], [6, 0, 0, 6, 0, 6, 0, 6, 0, 6], [0, 0, 0, 0, 0, 6, 0, 0, 0, 0], [0, 0, 0, 0, 7, 6, 0, 0, 0, 0]]}, {"input": [[0, 4, 0, 0, 0, 0, 5, 0, 4, 2], [4, 8, 2, 2, 0, 0, 0, 2, 2, 2], [0, 0, 4, 0, 0, 5, 0, 2, 2, 0], [0, 0, 0, 0, 0, 0, 0, 0, 2, 0], [0, 2, 2, 4, 4, 0, 0, 0, 0, 0], [0, 0, 0, 4, 0, 0, 2, 0, 2, 0], [4, 4, 0, 0, 4, 0, 0, 0, 0, 4], [0, 5, 0, 2, 0, 0, 0, 0, 0, 0], [0, 0, 0, 0, 0, 0, 0, 2, 4, 0], [4, 0, 0, 4, 0, 5, 0, 4, 0, 4]], "output": [[0, 6, 0, 0, 0, 0, 6, 0, 6, 7], [6, 7, 7, 7, 0, 0, 0, 7, 7, 7], [0, 0, 6, 0, 0, 6, 0, 7, 7, 0], [0, 0, 0, 0, 0, 0, 0, 0, 7, 0], [0, 7, 7, 6, 6, 0, 0, 0, 0, 0], [0, 0, 0, 6, 0, 0, 7, 0, 7, 0], [6, 6, 0, 0, 6, 0, 0, 0, 0, 6], [0, 6, 0, 7, 0, 0, 0, 0, 0, 0], [0, 0, 0, 0, 0, 0, 0, 7, 6, 0], [6, 0, 0, 6, 0, 6, 0, 6, 0, 6]]}, {"input": [[3, 0, 3, 0, 0, 0, 5, 0, 0, 3], [0, 0, 0, 0, 0, 2, 5, 0, 0, 0], [3, 5, 0, 0, 0, 0, 3, 5, 0, 2], [0, 0, 0, 0, 0, 5, 0, 0, 0, 0], [0, 0, 0, 0, 0, 0, 0, 0, 2, 3], [5, 5, 0, 2, 0, 3, 5, 3, 5, 2], [0, 3, 3, 0, 0, 5, 3, 3, 3, 0], [3, 2, 3, 0, 0, 0, 0, 0, 0, 0], [0, 0, 5, 0, 0, 0, 2, 2, 0, 1], [0, 0, 5, 0, 0, 0, 3, 0, 2, 0]], "output": [[6, 0, 6, 0, 0, 0, 6, 0, 0, 6], [0, 0, 0, 0, 0, 7, 6, 0, 0, 0], [6, 6, 0, 0, 0, 0, 6, 6, 0, 7], [0, 0, 0, 0, 0, 6, 0, 0, 0, 0], [0, 0, 0, 0, 0, 0, 0, 0, 7, 6], [6, 6, 0, 7, 0, 6, 6, 6, 6, 7], [0, 6, 6, 0, 0, 6, 6, 6, 6, 0], [6, 7, 6, 0, 0, 0, 0, 0, 0, 0], [0, 0, 6, 0, 0, 0, 7, 7, 0, 7], [0, 0, 6, 0, 0, 0, 6, 0, 7, 0]]}, {"input": [[0, 0, 1, 0, 4, 0, 0, 4, 0, 0], [0, 0, 0, 0, 0, 4, 0, 4, 0, 0], [1, 4, 4, 0, 4, 0, 6, 0, 0, 0], [0, 6, 0, 0, 2, 0, 0, 0, 4, 0], [0, 6, 0, 4, 6, 0, 6, 4, 2, 0], [4, 4, 1, 0, 0, 0, 1, 0, 6, 0], [0, 0, 8, 4, 0, 0, 0, 6, 0, 0], [0, 0, 0, 0, 0, 0, 0, 0, 0, 6], [0, 0, 0, 0, 2, 2, 8, 0, 0, 0], [4, 4, 0, 0, 8, 1, 0, 0, 6, 6]], "output": [[0, 0, 7, 0, 7, 0, 0, 7, 0, 0], [0, 0, 0, 0, 0, 7, 0, 7, 0, 0], [7, 7, 7, 0, 7, 0, 6, 0, 0, 0], [0, 6, 0, 0, 6, 0, 0, 0, 7, 0], [0, 6, 0, 7, 6, 0, 6, 7, 6, 0], [7, 7, 7, 0, 0, 0, 7, 0, 6, 0], [0, 0, 7, 7, 0, 0, 0, 6, 0, 0], [0, 0, 0, 0, 0, 0, 0, 0, 0, 6], [0, 0, 0, 0, 6, 6, 7, 0, 0, 0], [7, 7, 0, 0, 7, 7, 0, 0, 6, 6]]}, {"input": [[0, 0, 0, 0, 4, 0, 0, 0, 0, 8], [0, 0, 5, 0, 0, 0, 3, 4, 3, 0], [0, 8, 0, 0, 3, 5, 5, 0, 0, 8], [9, 8, 0, 0, 3, 4, 0, 0, 0, 5], [0, 0, 3, 5, 9, 9, 4, 0, 4, 0], [4, 0, 0, 0, 0, 0, 4, 0, 0, 3], [0, 0, 4, 0, 0, 3, 0, 8, 0, 0], [0, 5, 4, 0, 9, 0, 8, 0, 8, 5], [0, 0, 0, 0, 0, 5, 0, 5, 0, 0], [0, 0, 0, 0, 0, 5, 0, 0, 0, 0]], "output": [[0, 0, 0, 0, 7, 0, 0, 0, 0, 7], [0, 0, 6, 0, 0, 0, 7, 7, 7, 0], [0, 7, 0, 0, 7, 6, 6, 0, 0, 7], [6, 7, 0, 0, 7, 7, 0, 0, 0, 6], [0, 0, 7, 6, 6, 6, 7, 0, 7, 0], [7, 0, 0, 0, 0, 0, 7, 0, 0, 7], [0, 0, 7, 0, 0, 7, 0, 7, 0, 0], [0, 6, 7, 0, 6, 0, 7, 0, 7, 6], [0, 0, 0, 0, 0, 6, 0, 6, 0, 0], [0, 0, 0, 0, 0, 6, 0, 0, 0, 0]]}, {"input": [[0, 0, 0, 0, 0, 0, 0, 3, 3, 0], [4, 4, 0, 0, 0, 0, 4, 0, 8, 0], [0, 0, 0, 0, 0, 8, 3, 0, 0, 0], [0, 3, 0, 5, 3, 0, 0, 0, 4, 0], [0, 0, 1, 3, 0, 0, 3, 0, 3, 1], [0, 3, 0, 0, 0, 0, 0, 0, 0, 0], [0, 0, 0, 0, 0, 0, 0, 5, 4, 4], [5, 0, 5, 0, 0, 4, 4, 4, 0, 0], [0, 0, 4, 4, 0, 3, 0, 4, 0, 8], [0, 1, 0, 0, 0, 4, 1, 0, 0, 0]], "output": [[0, 0, 0, 0, 0, 0, 0, 6, 6, 0], [7, 7, 0, 0, 0, 0, 7, 0, 7, 0], [0, 0, 0, 0, 0, 7, 6, 0, 0, 0], [0, 6, 0, 6, 6, 0, 0, 0, 7, 0], [0, 0, 6, 6, 0, 0, 6, 0, 6, 6], [0, 6, 0, 0, 0, 0, 0, 0, 0, 0], [0, 0, 0, 0, 0, 0, 0, 6, 7, 7], [6, 0, 6, 0, 0, 7, 7, 7, 0, 0], [0, 0, 7, 7, 0, 6, 0, 7, 0, 7], [0, 6, 0, 0, 0, 7, 6, 0, 0, 0]]}, {"input": [[8, 8, 0, 0, 0, 0, 8, 0, 9, 0], [9, 0, 9, 0, 8, 9, 0, 0, 0, 0], [0, 9, 0, 9, 8, 9, 0, 0, 1, 0], [0, 0, 9, 0, 0, 0, 9, 0, 0, 9], [2, 0, 0, 0, 0, 9, 0, 9, 2, 0], [0, 0, 0, 0, 0, 0, 0, 0, 9, 9], [9, 0, 0, 0, 0, 0, 0, 0, 0, 1], [0, 0, 1, 2, 0, 0, 1, 0, 0, 4], [0, 0, 0, 0, 0, 0, 0, 0, 0, 0], [0, 1, 0, 0, 9, 9, 0, 0, 0, 0]], "output": [[7, 7, 0, 0, 0, 0, 7, 0, 7, 0], [7, 0, 7, 0, 7, 7, 0, 0, 0, 0], [0, 7, 0, 7, 7, 7, 0, 0, 7, 0], [0, 0, 7, 0, 0, 0, 7, 0, 0, 7], [7, 0, 0, 0, 0, 7, 0, 7, 7, 0], [0, 0, 0, 0, 0, 0, 0, 0, 7, 7], [7, 0, 0, 0, 0, 0, 0, 0, 0, 7], [0, 0, 7, 7, 0, 0, 7, 0, 0, 7], [0, 0, 0, 0, 0, 0, 0, 0, 0, 0], [0, 7, 0, 0, 7, 7, 0, 0, 0, 0]]}, {"input": [[0, 6, 0, 6, 0, 0, 0, 2, 0, 0], [8, 0, 0, 0, 0, 0, 0, 0, 0, 0], [2, 0, 0, 0, 0, 0, 0, 6, 0, 0], [8, 6, 0, 0, 0, 0, 0, 0, 0, 0], [0, 6, 0, 2, 0, 0, 0, 0, 2, 0], [2, 2, 0, 0, 0, 0, 0, 0, 0, 3], [0, 2, 0, 8, 3, 3, 0, 6, 0, 6], [6, 0, 8, 0, 0, 6, 6, 0, 8, 0], [0, 0, 0, 0, 0, 0, 0, 2, 0, 2], [3, 6, 3, 0, 3, 0, 0, 3, 6, 3]], "output": [[0, 6, 0, 6, 0, 0, 0, 7, 0, 0], [7, 0, 0, 0, 0, 0, 0, 0, 0, 0], [7, 0, 0, 0, 0, 0, 0, 6, 0, 0], [7, 6, 0, 0, 0, 0, 0, 0, 0, 0], [0, 6, 0, 7, 0, 0, 0, 0, 7, 0], [7, 7, 0, 0, 0, 0, 0, 0, 0, 6], [0, 7, 0, 7, 6, 6, 0, 6, 0, 6], [6, 0, 7, 0, 0, 6, 6, 0, 7, 0], [0, 0, 0, 0, 0, 0, 0, 7, 0, 7], [6, 6, 6, 0, 6, 0, 0, 6, 6, 6]]}, {"input": [[7, 0, 0, 0, 0, 2, 0, 0, 0, 0], [2, 7, 2, 2, 0, 0, 0, 1, 0, 0], [0, 0, 0, 7, 0, 2, 0, 0, 1, 0], [0, 2, 7, 0, 2, 0, 0, 0, 0, 0], [2, 0, 1, 0, 2, 7, 2, 1, 2, 1], [0, 0, 2, 0, 0, 0, 0, 0, 7, 0], [0, 0, 7, 0, 0, 0, 0, 0, 1, 7], [0, 0, 0, 0, 0, 0, 7, 2, 0, 0], [0, 1, 2, 0, 0, 0, 0, 0, 7, 0], [2, 0, 0, 2, 0, 0, 0, 0, 2, 2]], "output": [[6, 0, 0, 0, 0, 6, 0, 0, 0, 0], [6, 6, 6, 6, 0, 0, 0, 7, 0, 0], [0, 0, 0, 6, 0, 6, 0, 0, 7, 0], [0, 6, 6, 0, 6, 0, 0, 0, 0, 0], [6, 0, 7, 0, 6, 6, 6, 7, 6, 7], [0, 0, 6, 0, 0, 0, 0, 0, 6, 0], [0, 0, 6, 0, 0, 0, 0, 0, 7, 6], [0, 0, 0, 0, 0, 0, 6, 6, 0, 0], [0, 7, 6, 0, 0, 0, 0, 0, 6, 0], [6, 0, 0, 6, 0, 0, 0, 0, 6, 6]]}, {"input": [[0, 0, 0, 5, 2, 7, 5, 5, 0, 2], [0, 0, 7, 0, 0, 0, 7, 0, 0, 0], [5, 7, 0, 0, 3, 0, 7, 0, 0, 5], [0, 0, 3, 0, 0, 0, 0, 0, 2, 2], [0, 0, 0, 0, 0, 0, 0, 0, 0, 0], [0, 7, 0, 0, 5, 7, 0, 0, 0, 0], [0, 2, 5, 2, 3, 0, 0, 0, 2, 7], [2, 0, 2, 0, 5, 0, 0, 0, 0, 5], [0, 2, 0, 2, 2, 5, 0, 5, 0, 2], [5, 0, 0, 0, 5, 0, 5, 7, 5, 5]], "output": [[0, 0, 0, 6, 7, 7, 6, 6, 0, 7], [0, 0, 7, 0, 0, 0, 7, 0, 0, 0], [6, 7, 0, 0, 7, 0, 7, 0, 0, 6], [0, 0, 7, 0, 0, 0, 0, 0, 7, 7], [0, 0, 0, 0, 0, 0, 0, 0, 0, 0], [0, 7, 0, 0, 6, 7, 0, 0, 0, 0], [0, 7, 6, 7, 7, 0, 0, 0, 7, 7], [7, 0, 7, 0, 6, 0, 0, 0, 0, 6], [0, 7, 0, 7, 7, 6, 0, 6, 0, 7], [6, 0, 0, 0, 6, 0, 6, 7, 6, 6]]}, {"input": [[0, 0, 1, 8, 0, 4, 4, 0, 0, 0], [0, 1, 0, 0, 0, 0, 0, 3, 0, 0], [0, 5, 0, 0, 0, 0, 0, 1, 0, 0], [5, 0, 0, 0, 0, 3, 1, 5, 0, 5], [0, 0, 1, 0, 0, 3, 0, 0, 8, 1], [0, 0, 0, 0, 0, 0, 0, 0, 0, 0], [0, 0, 0, 3, 0, 0, 5, 0, 0, 0], [3, 0, 1, 3, 0, 3, 0, 0, 0, 4], [1, 3, 0, 3, 3, 3, 0, 0, 8, 0], [0, 0, 1, 0, 4, 4, 1, 0, 0, 3]], "output": [[0, 0, 6, 7, 0, 7, 7, 0, 0, 0], [0, 6, 0, 0, 0, 0, 0, 6, 0, 0], [0, 7, 0, 0, 0, 0, 0, 6, 0, 0], [7, 0, 0, 0, 0, 6, 6, 7, 0, 7], [0, 0, 6, 0, 0, 6, 0, 0, 7, 6], [0, 0, 0, 0, 0, 0, 0, 0, 0, 0], [0, 0, 0, 6, 0, 0, 7, 0, 0, 0], [6, 0, 6, 6, 0, 6, 0, 0, 0, 7], [6, 6, 0, 6, 6, 6, 0, 0, 7, 0], [0, 0, 6, 0, 7, 7, 6, 0, 0, 6]]}], "test": [{"input": [[6, 6, 0, 8, 0, 0, 0, 6, 0, 8], [3, 0, 8, 0, 6, 6, 1, 3, 0, 0], [1, 0, 0, 0, 0, 0, 6, 3, 0, 0], [0, 8, 1, 0, 1, 8, 0, 0, 0, 3], [0, 8, 3, 0, 0, 0, 3, 6, 0, 0], [3, 0, 0, 6, 6, 0, 0, 8, 3, 8], [1, 1, 0, 0, 0, 0, 8, 0, 8, 8], [0, 3, 0, 0, 3, 0, 8, 3, 0, 0], [3, 0, 8, 8, 0, 8, 8, 8, 1, 8], [0, 8, 0, 0, 0, 1, 0, 0, 0, 0]], "output": [[7, 7, 0, 7, 0, 0, 0, 7, 0, 7], [6, 0, 7, 0, 7, 7, 6, 6, 0, 0], [6, 0, 0, 0, 0, 0, 7, 6, 0, 0], [0, 7, 6, 0, 6, 7, 0, 0, 0, 6], [0, 7, 6, 0, 0, 0, 6, 7, 0, 0], [6, 0, 0, 7, 7, 0, 0, 7, 6, 7], [6, 6, 0, 0, 0, 0, 7, 0, 7, 7], [0, 6, 0, 0, 6, 0, 7, 6, 0, 0], [6, 0, 7, 7, 0, 7, 7, 7, 6, 7], [0, 7, 0, 0, 0, 6, 0, 0, 0, 0]]}, {"input": [[0, 1, 0, 0, 0, 8, 0, 8, 1, 8], [1, 0, 0, 0, 3, 0, 7, 7, 0, 1], [7, 3, 0, 0, 0, 7, 0, 0, 7, 7], [3, 0, 7, 0, 8, 8, 0, 0, 0, 0], [0, 1, 3, 0, 0, 0, 8, 1, 5, 0], [0, 0, 7, 7, 0, 8, 0, 0, 0, 1], [7, 3, 7, 0, 0, 0, 0, 0, 0, 0], [0, 0, 8, 8, 7, 8, 0, 0, 3, 0], [0, 1, 0, 1, 0, 0, 7, 0, 5, 0], [0, 0, 0, 0, 3, 0, 0, 0, 0, 7]], "output": [[0, 7, 0, 0, 0, 6, 0, 6, 7, 6], [7, 0, 0, 0, 7, 0, 6, 6, 0, 7], [6, 7, 0, 0, 0, 6, 0, 0, 6, 6], [7, 0, 6, 0, 6, 6, 0, 0, 0, 0], [0, 7, 7, 0, 0, 0, 6, 7, 6, 0], [0, 0, 6, 6, 0, 6, 0, 0, 0, 7], [6, 7, 6, 0, 0, 0, 0, 0, 0, 0], [0, 0, 6, 6, 6, 6, 0, 0, 7, 0], [0, 7, 0, 7, 0, 0, 6, 0, 6, 0], [0, 0, 0, 0, 7, 0, 0, 0, 0, 6]]}, {"input": [[3, 0, 0, 3, 0, 3, 0, 0, 0, 0], [0, 0, 0, 0, 0, 0, 0, 0, 6, 9], [1, 0, 0, 0, 0, 6, 3, 0, 0, 3], [0, 3, 6, 0, 0, 0, 0, 6, 6, 3], [0, 0, 0, 0, 1, 3, 3, 1, 3, 0], [0, 0, 0, 0, 0, 6, 0, 9, 0, 0], [0, 0, 0, 0, 0, 0, 0, 0, 0, 0], [3, 3, 9, 0, 6, 0, 0, 0, 3, 0], [0, 0, 0, 0, 0, 1, 0, 6, 0, 0], [0, 0, 0, 0, 0, 6, 3, 0, 0, 3]], "output": [[7, 0, 0, 7, 0, 7, 0, 0, 0, 0], [0, 0, 0, 0, 0, 0, 0, 0, 7, 7], [6, 0, 0, 0, 0, 7, 7, 0, 0, 7], [0, 7, 7, 0, 0, 0, 0, 7, 7, 7], [0, 0, 0, 0, 6, 7, 7, 6, 7, 0], [0, 0, 0, 0, 0, 7, 0, 7, 0, 0], [0, 0, 0, 0, 0, 0, 0, 0, 0, 0], [7, 7, 7, 0, 7, 0, 0, 0, 7, 0], [0, 0, 0, 0, 0, 6, 0, 7, 0, 0], [0, 0, 0, 0, 0, 7, 7, 0, 0, 7]]}]}