{"train":[{"input":[[1,1,6,1,1,6],[6,1,1,1,1,1],[1,1,1,1,1,1],[1,1,1,1,1,1],[6,1,1,1,1,1],[1,1,1,1,1,1],[1,1,1,1,1,1]],"output":[[4,0,4,4,0],[0,4,0,0,4],[0,4,0,0,4],[4,0,4,4,0],[0,4,0,0,4],[0,4,0,0,4]]},{"input":[[1,1,1,1,1,6],[1,1,1,1,1,1],[1,1,1,1,1,6],[1,1,1,1,1,1],[1,1,1,1,1,6],[1,6,1,6,1,1]],"output":[[4,0,4,0,4],[0,4,0,4,0],[4,0,4,0,4],[0,4,0,4,0],[4,0,4,0,4]]},{"input":[[1,1,6,1,6,1,1],[1,1,1,1,1,1,6],[1,1,1,1,1,1,1],[1,1,1,1,1,1,6],[1,1,1,1,1,1,6],[1,1,1,1,1,1,6],[1,1,1,1,1,1,1],[1,1,1,1,1,1,1]],"output":[[4,4,0,4,0,4],[0,0,4,0,4,0],[4,4,0,4,0,4],[4,4,0,4,0,4],[4,4,0,4,0,4],[0,0,4,0,4,0],[0,0,4,0,4,0]]}],"test":[{"input":[[1,6,1,6,6,1,1],[6,1,1,1,1,1,1],[1,1,1,1,1,1,1],[1,1,1,1,1,1,1],[6,1,1,1,1,1,1],[1,1,1,1,1,1,1],[6,1,1,1,1,1,1]],"output":[[0,4,0,0,4,4],[4,0,4,4,0,0],[4,0,4,4,0,0],[0,4,0,0,4,4],[4,0,4,4,0,0],[0,4,0,0,4,4]]}],"metadata":{"dataset_id":"solve_span","transformation_id":"alternating_intersection xor outputborder=False"}}