{"train":[{"input":[[5,5,5,5,5,5,5,5],[5,5,5,5,5,5,5,2],[5,5,5,5,5,5,5,5],[5,5,5,5,5,5,5,2],[5,5,5,5,5,5,5,5],[2,2,5,5,2,5,5,5]],"output":[[0,0,5,5,0,5,5],[5,5,0,0,5,0,0],[0,0,5,5,0,5,5],[5,5,0,0,5,0,0],[0,0,5,5,0,5,5]]},{"input":[[5,2,2,5,2,5,2],[2,5,5,5,5,5,5],[5,5,5,5,5,5,5],[2,5,5,5,5,5,5],[5,5,5,5,5,5,5],[2,5,5,5,5,5,5]],"output":[[5,5,0,5,0,5],[0,0,5,0,5,0],[5,5,0,5,0,5],[0,0,5,0,5,0],[5,5,0,5,0,5]]},{"input":[[5,5,5,5,5,5,5,5,2],[5,5,5,5,5,5,5,5,2],[5,5,5,5,5,5,5,5,5],[5,5,5,5,5,5,5,5,2],[5,5,5,5,5,5,5,5,5],[5,5,5,5,5,5,5,5,5],[5,5,5,2,2,2,5,2,5]],"output":[[0,0,0,5,5,5,0,5],[0,0,0,5,5,5,0,5],[5,5,5,0,0,0,5,0],[0,0,0,5,5,5,0,5],[5,5,5,0,0,0,5,0],[5,5,5,0,0,0,5,0]]}],"test":[{"input":[[2,5,5,5,5,5,5,5],[2,5,5,5,5,5,5,5],[5,5,5,5,5,5,5,5],[2,5,5,5,5,5,5,5],[5,5,5,5,5,5,5,5],[5,2,5,2,2,5,5,5]],"output":[[5,0,5,5,0,0,0],[5,0,5,5,0,0,0],[0,5,0,0,5,5,5],[5,0,5,5,0,0,0],[0,5,0,0,5,5,5]]},{"input":[[2,5,5,5,5,5],[2,5,5,5,5,5],[5,5,5,5,5,5],[2,5,5,5,5,5],[5,5,5,5,5,5],[2,5,5,5,5,5],[5,2,2,5,2,5]],"output":[[5,5,0,5,0],[5,5,0,5,0],[0,0,5,0,5],[5,5,0,5,0],[0,0,5,0,5],[5,5,0,5,0]]}],"metadata":{"dataset_id":"solve_span","transformation_id":"alternating_intersection xor outputborder=False"}}