{"train":[{"input":[[6,6,6,6,6,6,6],[6,6,6,6,6,6,0],[6,6,6,6,6,6,0],[6,6,6,6,6,6,6],[6,6,6,6,6,6,6],[6,6,6,6,6,6,0],[6,6,6,6,6,6,0],[0,6,6,0,6,0,6]],"output":[[0,2,2,0,2,0,2],[2,0,0,2,0,2,0],[2,0,0,2,0,2,0],[0,2,2,0,2,0,2],[0,2,2,0,2,0,2],[2,0,0,2,0,2,0],[2,0,0,2,0,2,0],[0,2,2,0,2,0,2]]},{"input":[[6,0,6,6,0,6],[6,6,6,6,6,6],[6,6,6,6,6,6],[0,6,6,6,6,6],[0,6,6,6,6,6],[6,6,6,6,6,6],[6,6,6,6,6,6],[0,6,6,6,6,6],[6,6,6,6,6,6]],"output":[[2,0,2,2,0,2],[2,0,2,2,0,2],[2,0,2,2,0,2],[0,2,0,0,2,0],[0,2,0,0,2,0],[2,0,2,2,0,2],[2,0,2,2,0,2],[0,2,0,0,2,0],[2,0,2,2,0,2]]},{"input":[[6,6,6,0,6,0],[6,6,6,6,6,6],[6,6,6,6,6,6],[0,6,6,6,6,6],[6,6,6,6,6,6],[0,6,6,6,6,6],[6,6,6,6,6,6],[6,6,6,6,6,6]],"output":[[2,2,2,0,2,0],[2,2,2,0,2,0],[2,2,2,0,2,0],[0,0,0,2,0,2],[2,2,2,0,2,0],[0,0,0,2,0,2],[2,2,2,0,2,0],[2,2,2,0,2,0]]}],"test":[{"input":[[6,0,6,0,0,6,6],[6,6,6,6,6,6,6],[6,6,6,6,6,6,0],[6,6,6,6,6,6,6],[6,6,6,6,6,6,0],[6,6,6,6,6,6,6]],"output":[[2,0,2,0,0,2,2],[2,0,2,0,0,2,2],[0,2,0,2,2,0,0],[2,0,2,0,0,2,2],[0,2,0,2,2,0,0],[2,0,2,0,0,2,2]]}],"metadata":{"dataset_id":"solve_span","transformation_id":"alternating_intersection xor outputborder=True"}}