{"train":[{"input":[[6,8,8,8,8,8],[8,8,8,8,8,8],[6,8,8,8,8,8],[8,8,8,8,8,8],[6,8,8,8,8,8],[8,8,6,8,8,6]],"output":[[9,0,9,9,0],[0,9,0,0,9],[9,0,9,9,0],[0,9,0,0,9],[9,0,9,9,0]]},{"input":[[8,8,8,8,8],[8,8,8,8,6],[8,8,8,8,8],[8,8,8,8,6],[8,8,8,8,6],[8,8,8,8,6],[8,8,8,8,8],[6,8,6,8,8]],"output":[[9,0,9,0],[0,9,0,9],[9,0,9,0],[0,9,0,9],[0,9,0,9],[0,9,0,9],[9,0,9,0]]}],"test":[{"input":[[6,8,8,6,8,8,6,8],[8,8,8,8,8,8,8,6],[8,8,8,8,8,8,8,8],[8,8,8,8,8,8,8,6],[8,8,8,8,8,8,8,8],[8,8,8,8,8,8,8,8],[8,8,8,8,8,8,8,6]],"output":[[0,9,9,0,9,9,0],[9,0,0,9,0,0,9],[0,9,9,0,9,9,0],[9,0,0,9,0,0,9],[9,0,0,9,0,0,9],[0,9,9,0,9,9,0]]}],"metadata":{"dataset_id":"solve_span","transformation_id":"alternating_intersection xor outputborder=False"}}