{"train":[{"input":[[1,9,9,1,9,1,9],[9,1,1,1,1,1,1],[1,1,1,1,1,1,1],[9,1,1,1,1,1,1],[9,1,1,1,1,1,1],[1,1,1,1,1,1,1],[1,1,1,1,1,1,1],[1,1,1,1,1,1,1],[9,1,1,1,1,1,1]],"output":[[2,8,8,2,8,2,8],[8,2,2,8,2,8,2],[2,8,8,2,8,2,8],[8,2,2,8,2,8,2],[8,2,2,8,2,8,2],[2,8,8,2,8,2,8],[2,8,8,2,8,2,8],[2,8,8,2,8,2,8],[8,2,2,8,2,8,2]]},{"input":[[1,1,1,9,1,9],[1,1,1,1,1,1],[1,1,1,1,1,1],[9,1,1,1,1,1],[1,1,1,1,1,1],[9,1,1,1,1,1],[9,1,1,1,1,1],[9,1,1,1,1,1],[1,1,1,1,1,1]],"output":[[2,2,2,8,2,8],[2,2,2,8,2,8],[2,2,2,8,2,8],[8,8,8,2,8,2],[2,2,2,8,2,8],[8,8,8,2,8,2],[8,8,8,2,8,2],[8,8,8,2,8,2],[2,2,2,8,2,8]]}],"test":[{"input":[[1,9,9,1,9,1,1],[1,1,1,1,1,1,9],[1,1,1,1,1,1,1],[1,1,1,1,1,1,9],[1,1,1,1,1,1,1]],"output":[[2,8,8,2,8,2,2],[8,2,2,8,2,8,8],[2,8,8,2,8,2,2],[8,2,2,8,2,8,8],[2,8,8,2,8,2,2]]}],"metadata":{"dataset_id":"solve_span","transformation_id":"alternating_intersection xor outputborder=True"}}