{"train": [{"input": [[3, 0, 0, 0, 0, 0, 0, 0, 0, 0], [0, 3, 0, 0, 0, 0, 0, 0, 0, 0], [0, 0, 3, 0, 0, 0, 0, 0, 0, 0], [0, 0, 0, 3, 0, 0, 0, 0, 0, 0], [0, 0, 0, 0, 3, 0, 0, 0, 0, 0], [0, 0, 0, 0, 0, 3, 0, 0, 0, 0], [0, 0, 0, 0, 0, 0, 3, 0, 0, 0], [0, 0, 0, 0, 0, 0, 0, 3, 0, 0], [0, 0, 0, 0, 0, 0, 0, 0, 3, 0], [0, 0, 0, 0, 0, 0, 0, 0, 0, 3], [0, 0, 0, 0, 0, 0, 0, 0, 0, 3], [0, 0, 0, 0, 0, 0, 0, 0, 3, 0], [0, 0, 0, 0, 0, 0, 0, 3, 0, 0]], "output": [[3, 4, 4, 4, 4, 4, 4, 4, 4, 4], [3, 3, 4, 4, 4, 4, 4, 4, 4, 4], [3, 3, 3, 4, 4, 4, 4, 4, 4, 4], [3, 3, 3, 3, 4, 4, 4, 4, 4, 4], [3, 3, 3, 3, 3, 4, 4, 4, 4, 4], [3, 3, 3, 3, 3, 3, 4, 4, 4, 4], [3, 3, 3, 3, 3, 3, 3, 4, 4, 4], [3, 3, 3, 3, 3, 3, 3, 3, 4, 4], [3, 3, 3, 3, 3, 3, 3, 3, 3, 4], [3, 3, 3, 3, 3, 3, 3, 3, 3, 3], [3, 3, 3, 3, 3, 3, 3, 3, 3, 3], [3, 3, 3, 3, 3, 3, 3, 3, 3, 3], [3, 3, 3, 3, 3, 3, 3, 3, 3, 3]]}, {"input": [[3, 0, 0, 0, 0, 0, 0, 0, 0, 0], [0, 3, 0, 0, 0, 0, 0, 0, 0, 0], [0, 0, 3, 0, 0, 0, 0, 0, 0, 0], [0, 0, 0, 3, 0, 0, 0, 0, 0, 0], [0, 0, 0, 0, 3, 0, 0, 0, 0, 0], [0, 0, 0, 0, 0, 3, 0, 0, 0, 0], [0, 0, 0, 0, 0, 0, 3, 0, 0, 0], [0, 0, 0, 0, 0, 0, 0, 3, 0, 0], [0, 0, 0, 0, 0, 0, 0, 0, 3, 0], [0, 0, 0, 0, 0, 0, 0, 0, 0, 3], [0, 0, 0, 0, 0, 0, 0, 0, 0, 3], [0, 0, 0, 0, 0, 0, 0, 0, 3, 0]], "output": [[3, 4, 4, 4, 4, 4, 4, 4, 4, 4], [3, 3, 4, 4, 4, 4, 4, 4, 4, 4], [3, 3, 3, 4, 4, 4, 4, 4, 4, 4], [3, 3, 3, 3, 4, 4, 4, 4, 4, 4], [3, 3, 3, 3, 3, 4, 4, 4, 4, 4], [3, 3, 3, 3, 3, 3, 4, 4, 4, 4], [3, 3, 3, 3, 3, 3, 3, 4, 4, 4], [3, 3, 3, 3, 3, 3, 3, 3, 4, 4], [3, 3, 3, 3, 3, 3, 3, 3, 3, 4], [3, 3, 3, 3, 3, 3, 3, 3, 3, 3], [3, 3, 3, 3, 3, 3, 3, 3, 3, 3], [3, 3, 3, 3, 3, 3, 3, 3, 3, 3]]}, {"input": [[3, 0, 0, 0, 0, 0, 0, 0, 0, 0], [0, 3, 0, 0, 0, 0, 0, 0, 0, 0], [0, 0, 3, 0, 0, 0, 0, 0, 0, 0], [0, 0, 0, 3, 0, 0, 0, 0, 0, 0], [0, 0, 0, 0, 3, 0, 0, 0, 0, 0], [0, 0, 0, 0, 0, 3, 0, 0, 0, 0], [0, 0, 0, 0, 0, 0, 3, 0, 0, 0], [0, 0, 0, 0, 0, 0, 0, 3, 0, 0], [0, 0, 0, 0, 0, 0, 0, 0, 3, 0], [0, 0, 0, 0, 0, 0, 0, 0, 0, 3], [0, 0, 0, 0, 0, 0, 0, 0, 0, 3], [0, 0, 0, 0, 0, 0, 0, 0, 3, 0], [0, 0, 0, 0, 0, 0, 0, 3, 0, 0], [0, 0, 0, 0, 0, 0, 3, 0, 0, 0]], "output": [[3, 4, 4, 4, 4, 4, 4, 4, 4, 4], [3, 3, 4, 4, 4, 4, 4, 4, 4, 4], [3, 3, 3, 4, 4, 4, 4, 4, 4, 4], [3, 3, 3, 3, 4, 4, 4, 4, 4, 4], [3, 3, 3, 3, 3, 4, 4, 4, 4, 4], [3, 3, 3, 3, 3, 3, 4, 4, 4, 4], [3, 3, 3, 3, 3, 3, 3, 4, 4, 4], [3, 3, 3, 3, 3, 3, 3, 3, 4, 4], [3, 3, 3, 3, 3, 3, 3, 3, 3, 4], [3, 3, 3, 3, 3, 3, 3, 3, 3, 3], [3, 3, 3, 3, 3, 3, 3, 3, 3, 3], [3, 3, 3, 3, 3, 3, 3, 3, 3, 3], [3, 3, 3, 3, 3, 3, 3, 3, 3, 3], [3, 3, 3, 3, 3, 3, 3, 3, 3, 3]]}, {"input": [[3, 0, 0, 0, 0, 0, 0, 0, 0, 0], [0, 3, 0, 0, 0, 0, 0, 0, 0, 0], [0, 0, 3, 0, 0, 0, 0, 0, 0, 0], [0, 0, 0, 3, 0, 0, 0, 0, 0, 0], [0, 0, 0, 0, 3, 0, 0, 0, 0, 0], [0, 0, 0, 0, 0, 3, 0, 0, 0, 0], [0, 0, 0, 0, 0, 0, 3, 0, 0, 0], [0, 0, 0, 0, 0, 0, 0, 3, 0, 0], [0, 0, 0, 0, 0, 0, 0, 0, 3, 0], [0, 0, 0, 0, 0, 0, 0, 0, 0, 3], [0, 0, 0, 0, 0, 0, 0, 0, 0, 3], [0, 0, 0, 0, 0, 0, 0, 0, 3, 0], [0, 0, 0, 0, 0, 0, 0, 3, 0, 0], [0, 0, 0, 0, 0, 0, 3, 0, 0, 0], [0, 0, 0, 0, 0, 3, 0, 0, 0, 0], [0, 0, 0, 0, 3, 0, 0, 0, 0, 0], [0, 0, 0, 3, 0, 0, 0, 0, 0, 0]], "output": [[3, 4, 4, 4, 4, 4, 4, 4, 4, 4], [3, 3, 4, 4, 4, 4, 4, 4, 4, 4], [3, 3, 3, 4, 4, 4, 4, 4, 4, 4], [3, 3, 3, 3, 4, 4, 4, 4, 4, 4], [3, 3, 3, 3, 3, 4, 4, 4, 4, 4], [3, 3, 3, 3, 3, 3, 4, 4, 4, 4], [3, 3, 3, 3, 3, 3, 3, 4, 4, 4], [3, 3, 3, 3, 3, 3, 3, 3, 4, 4], [3, 3, 3, 3, 3, 3, 3, 3, 3, 4], [3, 3, 3, 3, 3, 3, 3, 3, 3, 3], [3, 3, 3, 3, 3, 3, 3, 3, 3, 3], [3, 3, 3, 3, 3, 3, 3, 3, 3, 3], [3, 3, 3, 3, 3, 3, 3, 3, 3, 3], [3, 3, 3, 3, 3, 3, 3, 3, 3, 3], [3, 3, 3, 3, 3, 3, 3, 3, 3, 3], [3, 3, 3, 3, 3, 3, 3, 3, 3, 3], [3, 3, 3, 3, 3, 3, 3, 3, 3, 3]]}, {"input": [[3, 0, 0, 0, 0, 0, 0, 0, 0, 0], [0, 3, 0, 0, 0, 0, 0, 0, 0, 0], [0, 0, 3, 0, 0, 0, 0, 0, 0, 0], [0, 0, 0, 3, 0, 0, 0, 0, 0, 0], [0, 0, 0, 0, 3, 0, 0, 0, 0, 0], [0, 0, 0, 0, 0, 3, 0, 0, 0, 0], [0, 0, 0, 0, 0, 0, 3, 0, 0, 0], [0, 0, 0, 0, 0, 0, 0, 3, 0, 0], [0, 0, 0, 0, 0, 0, 0, 0, 3, 0], [0, 0, 0, 0, 0, 0, 0, 0, 0, 3], [0, 0, 0, 0, 0, 0, 0, 0, 0, 3], [0, 0, 0, 0, 0, 0, 0, 0, 3, 0], [0, 0, 0, 0, 0, 0, 0, 3, 0, 0], [0, 0, 0, 0, 0, 0, 3, 0, 0, 0], [0, 0, 0, 0, 0, 3, 0, 0, 0, 0], [0, 0, 0, 0, 3, 0, 0, 0, 0, 0], [0, 0, 0, 3, 0, 0, 0, 0, 0, 0], [0, 0, 3, 0, 0, 0, 0, 0, 0, 0], [0, 3, 0, 0, 0, 0, 0, 0, 0, 0]], "output": [[3, 4, 4, 4, 4, 4, 4, 4, 4, 4], [3, 3, 4, 4, 4, 4, 4, 4, 4, 4], [3, 3, 3, 4, 4, 4, 4, 4, 4, 4], [3, 3, 3, 3, 4, 4, 4, 4, 4, 4], [3, 3, 3, 3, 3, 4, 4, 4, 4, 4], [3, 3, 3, 3, 3, 3, 4, 4, 4, 4], [3, 3, 3, 3, 3, 3, 3, 4, 4, 4], [3, 3, 3, 3, 3, 3, 3, 3, 4, 4], [3, 3, 3, 3, 3, 3, 3, 3, 3, 4], [3, 3, 3, 3, 3, 3, 3, 3, 3, 3], [3, 3, 3, 3, 3, 3, 3, 3, 3, 3], [3, 3, 3, 3, 3, 3, 3, 3, 3, 3], [3, 3, 3, 3, 3, 3, 3, 3, 3, 3], [3, 3, 3, 3, 3, 3, 3, 3, 3, 3], [3, 3, 3, 3, 3, 3, 3, 3, 3, 3], [3, 3, 3, 3, 3, 3, 3, 3, 3, 3], [3, 3, 3, 3, 3, 3, 3, 3, 3, 3], [3, 3, 3, 3, 3, 3, 3, 3, 3, 3], [3, 3, 3, 3, 3, 3, 3, 3, 3, 3]]}, {"input": [[3, 0, 0, 0, 0, 0, 0, 0, 0, 0], [0, 3, 0, 0, 0, 0, 0, 0, 0, 0], [0, 0, 3, 0, 0, 0, 0, 0, 0, 0], [0, 0, 0, 3, 0, 0, 0, 0, 0, 0], [0, 0, 0, 0, 3, 0, 0, 0, 0, 0], [0, 0, 0, 0, 0, 3, 0, 0, 0, 0], [0, 0, 0, 0, 0, 0, 3, 0, 0, 0], [0, 0, 0, 0, 0, 0, 0, 3, 0, 0], [0, 0, 0, 0, 0, 0, 0, 0, 3, 0], [0, 0, 0, 0, 0, 0, 0, 0, 0, 3], [0, 0, 0, 0, 0, 0, 0, 0, 0, 3]], "output": [[3, 4, 4, 4, 4, 4, 4, 4, 4, 4], [3, 3, 4, 4, 4, 4, 4, 4, 4, 4], [3, 3, 3, 4, 4, 4, 4, 4, 4, 4], [3, 3, 3, 3, 4, 4, 4, 4, 4, 4], [3, 3, 3, 3, 3, 4, 4, 4, 4, 4], [3, 3, 3, 3, 3, 3, 4, 4, 4, 4], [3, 3, 3, 3, 3, 3, 3, 4, 4, 4], [3, 3, 3, 3, 3, 3, 3, 3, 4, 4], [3, 3, 3, 3, 3, 3, 3, 3, 3, 4], [3, 3, 3, 3, 3, 3, 3, 3, 3, 3], [3, 3, 3, 3, 3, 3, 3, 3, 3, 3]]}, {"input": [[3, 0, 0, 0, 0, 0, 0, 0, 0, 0], [0, 3, 0, 0, 0, 0, 0, 0, 0, 0], [0, 0, 3, 0, 0, 0, 0, 0, 0, 0], [0, 0, 0, 3, 0, 0, 0, 0, 0, 0], [0, 0, 0, 0, 3, 0, 0, 0, 0, 0], [0, 0, 0, 0, 0, 3, 0, 0, 0, 0], [0, 0, 0, 0, 0, 0, 3, 0, 0, 0], [0, 0, 0, 0, 0, 0, 0, 3, 0, 0], [0, 0, 0, 0, 0, 0, 0, 0, 3, 0], [0, 0, 0, 0, 0, 0, 0, 0, 0, 3], [0, 0, 0, 0, 0, 0, 0, 0, 0, 3], [0, 0, 0, 0, 0, 0, 0, 0, 3, 0], [0, 0, 0, 0, 0, 0, 0, 3, 0, 0], [0, 0, 0, 0, 0, 0, 3, 0, 0, 0], [0, 0, 0, 0, 0, 3, 0, 0, 0, 0], [0, 0, 0, 0, 3, 0, 0, 0, 0, 0], [0, 0, 0, 3, 0, 0, 0, 0, 0, 0], [0, 0, 3, 0, 0, 0, 0, 0, 0, 0]], "output": [[3, 4, 4, 4, 4, 4, 4, 4, 4, 4], [3, 3, 4, 4, 4, 4, 4, 4, 4, 4], [3, 3, 3, 4, 4, 4, 4, 4, 4, 4], [3, 3, 3, 3, 4, 4, 4, 4, 4, 4], [3, 3, 3, 3, 3, 4, 4, 4, 4, 4], [3, 3, 3, 3, 3, 3, 4, 4, 4, 4], [3, 3, 3, 3, 3, 3, 3, 4, 4, 4], [3, 3, 3, 3, 3, 3, 3, 3, 4, 4], [3, 3, 3, 3, 3, 3, 3, 3, 3, 4], [3, 3, 3, 3, 3, 3, 3, 3, 3, 3], [3, 3, 3, 3, 3, 3, 3, 3, 3, 3], [3, 3, 3, 3, 3, 3, 3, 3, 3, 3], [3, 3, 3, 3, 3, 3, 3, 3, 3, 3], [3, 3, 3, 3, 3, 3, 3, 3, 3, 3], [3, 3, 3, 3, 3, 3, 3, 3, 3, 3], [3, 3, 3, 3, 3, 3, 3, 3, 3, 3], [3, 3, 3, 3, 3, 3, 3, 3, 3, 3], [3, 3, 3, 3, 3, 3, 3, 3, 3, 3]]}, {"input": [[3, 0, 0, 0, 0, 0, 0, 0, 0, 0], [0, 3, 0, 0, 0, 0, 0, 0, 0, 0], [0, 0, 3, 0, 0, 0, 0, 0, 0, 0], [0, 0, 0, 3, 0, 0, 0, 0, 0, 0], [0, 0, 0, 0, 3, 0, 0, 0, 0, 0], [0, 0, 0, 0, 0, 3, 0, 0, 0, 0], [0, 0, 0, 0, 0, 0, 3, 0, 0, 0], [0, 0, 0, 0, 0, 0, 0, 3, 0, 0], [0, 0, 0, 0, 0, 0, 0, 0, 3, 0], [0, 0, 0, 0, 0, 0, 0, 0, 0, 3], [0, 0, 0, 0, 0, 0, 0, 0, 0, 3], [0, 0, 0, 0, 0, 0, 0, 0, 3, 0], [0, 0, 0, 0, 0, 0, 0, 3, 0, 0], [0, 0, 0, 0, 0, 0, 3, 0, 0, 0], [0, 0, 0, 0, 0, 3, 0, 0, 0, 0]], "output": [[3, 4, 4, 4, 4, 4, 4, 4, 4, 4], [3, 3, 4, 4, 4, 4, 4, 4, 4, 4], [3, 3, 3, 4, 4, 4, 4, 4, 4, 4], [3, 3, 3, 3, 4, 4, 4, 4, 4, 4], [3, 3, 3, 3, 3, 4, 4, 4, 4, 4], [3, 3, 3, 3, 3, 3, 4, 4, 4, 4], [3, 3, 3, 3, 3, 3, 3, 4, 4, 4], [3, 3, 3, 3, 3, 3, 3, 3, 4, 4], [3, 3, 3, 3, 3, 3, 3, 3, 3, 4], [3, 3, 3, 3, 3, 3, 3, 3, 3, 3], [3, 3, 3, 3, 3, 3, 3, 3, 3, 3], [3, 3, 3, 3, 3, 3, 3, 3, 3, 3], [3, 3, 3, 3, 3, 3, 3, 3, 3, 3], [3, 3, 3, 3, 3, 3, 3, 3, 3, 3], [3, 3, 3, 3, 3, 3, 3, 3, 3, 3]]}, {"input": [[3, 0, 0, 0, 0, 0, 0, 0, 0, 0], [0, 3, 0, 0, 0, 0, 0, 0, 0, 0], [0, 0, 3, 0, 0, 0, 0, 0, 0, 0], [0, 0, 0, 3, 0, 0, 0, 0, 0, 0], [0, 0, 0, 0, 3, 0, 0, 0, 0, 0], [0, 0, 0, 0, 0, 3, 0, 0, 0, 0], [0, 0, 0, 0, 0, 0, 3, 0, 0, 0], [0, 0, 0, 0, 0, 0, 0, 3, 0, 0], [0, 0, 0, 0, 0, 0, 0, 0, 3, 0], [0, 0, 0, 0, 0, 0, 0, 0, 0, 3]], "output": [[3, 4, 4, 4, 4, 4, 4, 4, 4, 4], [3, 3, 4, 4, 4, 4, 4, 4, 4, 4], [3, 3, 3, 4, 4, 4, 4, 4, 4, 4], [3, 3, 3, 3, 4, 4, 4, 4, 4, 4], [3, 3, 3, 3, 3, 4, 4, 4, 4, 4], [3, 3, 3, 3, 3, 3, 4, 4, 4, 4], [3, 3, 3, 3, 3, 3, 3, 4, 4, 4], [3, 3, 3, 3, 3, 3, 3, 3, 4, 4], [3, 3, 3, 3, 3, 3, 3, 3, 3, 4], [3, 3, 3, 3, 3, 3, 3, 3, 3, 3]]}], "test": [{"input": [[3, 0, 0, 0, 0, 0, 0, 0, 0, 0], [0, 3, 0, 0, 0, 0, 0, 0, 0, 0], [0, 0, 3, 0, 0, 0, 0, 0, 0, 0], [0, 0, 0, 3, 0, 0, 0, 0, 0, 0], [0, 0, 0, 0, 3, 0, 0, 0, 0, 0], [0, 0, 0, 0, 0, 3, 0, 0, 0, 0], [0, 0, 0, 0, 0, 0, 3, 0, 0, 0], [0, 0, 0, 0, 0, 0, 0, 3, 0, 0], [0, 0, 0, 0, 0, 0, 0, 0, 3, 0], [0, 0, 0, 0, 0, 0, 0, 0, 0, 3], [0, 0, 0, 0, 0, 0, 0, 0, 0, 3], [0, 0, 0, 0, 0, 0, 0, 0, 3, 0], [0, 0, 0, 0, 0, 0, 0, 3, 0, 0], [0, 0, 0, 0, 0, 0, 3, 0, 0, 0], [0, 0, 0, 0, 0, 3, 0, 0, 0, 0], [0, 0, 0, 0, 3, 0, 0, 0, 0, 0], [0, 0, 0, 3, 0, 0, 0, 0, 0, 0], [0, 0, 3, 0, 0, 0, 0, 0, 0, 0], [0, 3, 0, 0, 0, 0, 0, 0, 0, 0], [3, 0, 0, 0, 0, 0, 0, 0, 0, 0]], "output": [[3, 4, 4, 4, 4, 4, 4, 4, 4, 4], [3, 3, 4, 4, 4, 4, 4, 4, 4, 4], [3, 3, 3, 4, 4, 4, 4, 4, 4, 4], [3, 3, 3, 3, 4, 4, 4, 4, 4, 4], [3, 3, 3, 3, 3, 4, 4, 4, 4, 4], [3, 3, 3, 3, 3, 3, 4, 4, 4, 4], [3, 3, 3, 3, 3, 3, 3, 4, 4, 4], [3, 3, 3, 3, 3, 3, 3, 3, 4, 4], [3, 3, 3, 3, 3, 3, 3, 3, 3, 4], [3, 3, 3, 3, 3, 3, 3, 3, 3, 3], [3, 3, 3, 3, 3, 3, 3, 3, 3, 3], [3, 3, 3, 3, 3, 3, 3, 3, 3, 3], [3, 3, 3, 3, 3, 3, 3, 3, 3, 3], [3, 3, 3, 3, 3, 3, 3, 3, 3, 3], [3, 3, 3, 3, 3, 3, 3, 3, 3, 3], [3, 3, 3, 3, 3, 3, 3, 3, 3, 3], [3, 3, 3, 3, 3, 3, 3, 3, 3, 3], [3, 3, 3, 3, 3, 3, 3, 3, 3, 3], [3, 3, 3, 3, 3, 3, 3, 3, 3, 3], [3, 3, 3, 3, 3, 3, 3, 3, 3, 3]]}, {"input": [[3, 0, 0, 0, 0, 0, 0, 0, 0, 0], [0, 3, 0, 0, 0, 0, 0, 0, 0, 0], [0, 0, 3, 0, 0, 0, 0, 0, 0, 0], [0, 0, 0, 3, 0, 0, 0, 0, 0, 0], [0, 0, 0, 0, 3, 0, 0, 0, 0, 0], [0, 0, 0, 0, 0, 3, 0, 0, 0, 0], [0, 0, 0, 0, 0, 0, 3, 0, 0, 0], [0, 0, 0, 0, 0, 0, 0, 3, 0, 0], [0, 0, 0, 0, 0, 0, 0, 0, 3, 0], [0, 0, 0, 0, 0, 0, 0, 0, 0, 3], [0, 0, 0, 0, 0, 0, 0, 0, 0, 3], [0, 0, 0, 0, 0, 0, 0, 0, 3, 0], [0, 0, 0, 0, 0, 0, 0, 3, 0, 0], [0, 0, 0, 0, 0, 0, 3, 0, 0, 0], [0, 0, 0, 0, 0, 3, 0, 0, 0, 0], [0, 0, 0, 0, 3, 0, 0, 0, 0, 0]], "output": [[3, 4, 4, 4, 4, 4, 4, 4, 4, 4], [3, 3, 4, 4, 4, 4, 4, 4, 4, 4], [3, 3, 3, 4, 4, 4, 4, 4, 4, 4], [3, 3, 3, 3, 4, 4, 4, 4, 4, 4], [3, 3, 3, 3, 3, 4, 4, 4, 4, 4], [3, 3, 3, 3, 3, 3, 4, 4, 4, 4], [3, 3, 3, 3, 3, 3, 3, 4, 4, 4], [3, 3, 3, 3, 3, 3, 3, 3, 4, 4], [3, 3, 3, 3, 3, 3, 3, 3, 3, 4], [3, 3, 3, 3, 3, 3, 3, 3, 3, 3], [3, 3, 3, 3, 3, 3, 3, 3, 3, 3], [3, 3, 3, 3, 3, 3, 3, 3, 3, 3], [3, 3, 3, 3, 3, 3, 3, 3, 3, 3], [3, 3, 3, 3, 3, 3, 3, 3, 3, 3], [3, 3, 3, 3, 3, 3, 3, 3, 3, 3], [3, 3, 3, 3, 3, 3, 3, 3, 3, 3]]}]}