{"train": [{"input": [[7, 7, 7, 7, 7, 7, 7, 7, 7, 7, 7, 7], [7, 6, 6, 6, 6, 6, 6, 6, 6, 6, 6, 7], [7, 6, 6, 6, 6, 6, 6, 6, 6, 6, 6, 7], [7, 6, 6, 6, 6, 6, 6, 6, 6, 6, 6, 7], [7, 6, 6, 6, 6, 6, 6, 6, 6, 6, 6, 7], [7, 6, 6, 6, 6, 6, 6, 6, 6, 6, 6, 7], [7, 6, 6, 6, 6, 6, 6, 6, 6, 6, 6, 7], [7, 7, 7, 7, 7, 7, 7, 7, 7, 7, 7, 7]], "output": [[6, 6, 6, 6, 6, 6, 6, 6, 6, 6, 6, 6], [6, 7, 7, 7, 7, 7, 7, 7, 7, 7, 7, 6], [6, 7, 7, 7, 7, 7, 7, 7, 7, 7, 7, 6], [6, 7, 7, 7, 7, 7, 7, 7, 7, 7, 7, 6], [6, 7, 7, 7, 7, 7, 7, 7, 7, 7, 7, 6], [6, 7, 7, 7, 7, 7, 7, 7, 7, 7, 7, 6], [6, 7, 7, 7, 7, 7, 7, 7, 7, 7, 7, 6], [6, 6, 6, 6, 6, 6, 6, 6, 6, 6, 6, 6]]}, {"input": [[7, 7, 7, 7, 7, 7, 7, 7, 7, 7], [7, 3, 3, 3, 3, 3, 3, 3, 3, 7], [7, 3, 3, 3, 3, 3, 3, 3, 3, 7], [7, 3, 3, 3, 3, 3, 3, 3, 3, 7], [7, 3, 3, 3, 3, 3, 3, 3, 3, 7], [7, 3, 3, 3, 3, 3, 3, 3, 3, 7], [7, 7, 7, 7, 7, 7, 7, 7, 7, 7]], "output": [[3, 3, 3, 3, 3, 3, 3, 3, 3, 3], [3, 7, 7, 7, 7, 7, 7, 7, 7, 3], [3, 7, 7, 7, 7, 7, 7, 7, 7, 3], [3, 7, 7, 7, 7, 7, 7, 7, 7, 3], [3, 7, 7, 7, 7, 7, 7, 7, 7, 3], [3, 7, 7, 7, 7, 7, 7, 7, 7, 3], [3, 3, 3, 3, 3, 3, 3, 3, 3, 3]]}, {"input": [[5, 5, 5, 5, 5, 5, 5, 5, 5, 5, 5], [5, 1, 1, 1, 1, 1, 1, 1, 1, 1, 5], [5, 1, 1, 1, 1, 1, 1, 1, 1, 1, 5], [5, 1, 1, 1, 1, 1, 1, 1, 1, 1, 5], [5, 1, 1, 1, 1, 1, 1, 1, 1, 1, 5], [5, 1, 1, 1, 1, 1, 1, 1, 1, 1, 5], [5, 5, 5, 5, 5, 5, 5, 5, 5, 5, 5]], "output": [[1, 1, 1, 1, 1, 1, 1, 1, 1, 1, 1], [1, 5, 5, 5, 5, 5, 5, 5, 5, 5, 1], [1, 5, 5, 5, 5, 5, 5, 5, 5, 5, 1], [1, 5, 5, 5, 5, 5, 5, 5, 5, 5, 1], [1, 5, 5, 5, 5, 5, 5, 5, 5, 5, 1], [1, 5, 5, 5, 5, 5, 5, 5, 5, 5, 1], [1, 1, 1, 1, 1, 1, 1, 1, 1, 1, 1]]}, {"input": [[6, 6, 6, 6, 6, 6, 6, 6, 6], [6, 5, 5, 5, 5, 5, 5, 5, 6], [6, 5, 5, 5, 5, 5, 5, 5, 6], [6, 5, 5, 5, 5, 5, 5, 5, 6], [6, 5, 5, 5, 5, 5, 5, 5, 6], [6, 5, 5, 5, 5, 5, 5, 5, 6], [6, 5, 5, 5, 5, 5, 5, 5, 6], [6, 5, 5, 5, 5, 5, 5, 5, 6], [6, 6, 6, 6, 6, 6, 6, 6, 6]], "output": [[5, 5, 5, 5, 5, 5, 5, 5, 5], [5, 6, 6, 6, 6, 6, 6, 6, 5], [5, 6, 6, 6, 6, 6, 6, 6, 5], [5, 6, 6, 6, 6, 6, 6, 6, 5], [5, 6, 6, 6, 6, 6, 6, 6, 5], [5, 6, 6, 6, 6, 6, 6, 6, 5], [5, 6, 6, 6, 6, 6, 6, 6, 5], [5, 6, 6, 6, 6, 6, 6, 6, 5], [5, 5, 5, 5, 5, 5, 5, 5, 5]]}, {"input": [[4, 4, 4, 4, 4, 4, 4, 4, 4], [4, 9, 9, 9, 9, 9, 9, 9, 4], [4, 9, 9, 9, 9, 9, 9, 9, 4], [4, 9, 9, 9, 9, 9, 9, 9, 4], [4, 9, 9, 9, 9, 9, 9, 9, 4], [4, 9, 9, 9, 9, 9, 9, 9, 4], [4, 9, 9, 9, 9, 9, 9, 9, 4], [4, 9, 9, 9, 9, 9, 9, 9, 4], [4, 9, 9, 9, 9, 9, 9, 9, 4], [4, 9, 9, 9, 9, 9, 9, 9, 4], [4, 9, 9, 9, 9, 9, 9, 9, 4], [4, 4, 4, 4, 4, 4, 4, 4, 4]], "output": [[9, 9, 9, 9, 9, 9, 9, 9, 9], [9, 4, 4, 4, 4, 4, 4, 4, 9], [9, 4, 4, 4, 4, 4, 4, 4, 9], [9, 4, 4, 4, 4, 4, 4, 4, 9], [9, 4, 4, 4, 4, 4, 4, 4, 9], [9, 4, 4, 4, 4, 4, 4, 4, 9], [9, 4, 4, 4, 4, 4, 4, 4, 9], [9, 4, 4, 4, 4, 4, 4, 4, 9], [9, 4, 4, 4, 4, 4, 4, 4, 9], [9, 4, 4, 4, 4, 4, 4, 4, 9], [9, 4, 4, 4, 4, 4, 4, 4, 9], [9, 9, 9, 9, 9, 9, 9, 9, 9]]}, {"input": [[1, 1, 1, 1, 1, 1, 1, 1, 1, 1], [1, 4, 4, 4, 4, 4, 4, 4, 4, 1], [1, 4, 4, 4, 4, 4, 4, 4, 4, 1], [1, 4, 4, 4, 4, 4, 4, 4, 4, 1], [1, 4, 4, 4, 4, 4, 4, 4, 4, 1], [1, 4, 4, 4, 4, 4, 4, 4, 4, 1], [1, 4, 4, 4, 4, 4, 4, 4, 4, 1], [1, 4, 4, 4, 4, 4, 4, 4, 4, 1], [1, 4, 4, 4, 4, 4, 4, 4, 4, 1], [1, 4, 4, 4, 4, 4, 4, 4, 4, 1], [1, 4, 4, 4, 4, 4, 4, 4, 4, 1], [1, 4, 4, 4, 4, 4, 4, 4, 4, 1], [1, 4, 4, 4, 4, 4, 4, 4, 4, 1], [1, 1, 1, 1, 1, 1, 1, 1, 1, 1]], "output": [[4, 4, 4, 4, 4, 4, 4, 4, 4, 4], [4, 1, 1, 1, 1, 1, 1, 1, 1, 4], [4, 1, 1, 1, 1, 1, 1, 1, 1, 4], [4, 1, 1, 1, 1, 1, 1, 1, 1, 4], [4, 1, 1, 1, 1, 1, 1, 1, 1, 4], [4, 1, 1, 1, 1, 1, 1, 1, 1, 4], [4, 1, 1, 1, 1, 1, 1, 1, 1, 4], [4, 1, 1, 1, 1, 1, 1, 1, 1, 4], [4, 1, 1, 1, 1, 1, 1, 1, 1, 4], [4, 1, 1, 1, 1, 1, 1, 1, 1, 4], [4, 1, 1, 1, 1, 1, 1, 1, 1, 4], [4, 1, 1, 1, 1, 1, 1, 1, 1, 4], [4, 1, 1, 1, 1, 1, 1, 1, 1, 4], [4, 4, 4, 4, 4, 4, 4, 4, 4, 4]]}, {"input": [[9, 9, 9, 9, 9, 9, 9, 9, 9, 9, 9], [9, 3, 3, 3, 3, 3, 3, 3, 3, 3, 9], [9, 3, 3, 3, 3, 3, 3, 3, 3, 3, 9], [9, 3, 3, 3, 3, 3, 3, 3, 3, 3, 9], [9, 3, 3, 3, 3, 3, 3, 3, 3, 3, 9], [9, 9, 9, 9, 9, 9, 9, 9, 9, 9, 9]], "output": [[3, 3, 3, 3, 3, 3, 3, 3, 3, 3, 3], [3, 9, 9, 9, 9, 9, 9, 9, 9, 9, 3], [3, 9, 9, 9, 9, 9, 9, 9, 9, 9, 3], [3, 9, 9, 9, 9, 9, 9, 9, 9, 9, 3], [3, 9, 9, 9, 9, 9, 9, 9, 9, 9, 3], [3, 3, 3, 3, 3, 3, 3, 3, 3, 3, 3]]}, {"input": [[8, 8, 8, 8, 8, 8, 8, 8, 8, 8, 8, 8, 8], [8, 5, 5, 5, 5, 5, 5, 5, 5, 5, 5, 5, 8], [8, 5, 5, 5, 5, 5, 5, 5, 5, 5, 5, 5, 8], [8, 5, 5, 5, 5, 5, 5, 5, 5, 5, 5, 5, 8], [8, 5, 5, 5, 5, 5, 5, 5, 5, 5, 5, 5, 8], [8, 5, 5, 5, 5, 5, 5, 5, 5, 5, 5, 5, 8], [8, 5, 5, 5, 5, 5, 5, 5, 5, 5, 5, 5, 8], [8, 5, 5, 5, 5, 5, 5, 5, 5, 5, 5, 5, 8], [8, 5, 5, 5, 5, 5, 5, 5, 5, 5, 5, 5, 8], [8, 5, 5, 5, 5, 5, 5, 5, 5, 5, 5, 5, 8], [8, 5, 5, 5, 5, 5, 5, 5, 5, 5, 5, 5, 8], [8, 5, 5, 5, 5, 5, 5, 5, 5, 5, 5, 5, 8], [8, 8, 8, 8, 8, 8, 8, 8, 8, 8, 8, 8, 8]], "output": [[5, 5, 5, 5, 5, 5, 5, 5, 5, 5, 5, 5, 5], [5, 8, 8, 8, 8, 8, 8, 8, 8, 8, 8, 8, 5], [5, 8, 8, 8, 8, 8, 8, 8, 8, 8, 8, 8, 5], [5, 8, 8, 8, 8, 8, 8, 8, 8, 8, 8, 8, 5], [5, 8, 8, 8, 8, 8, 8, 8, 8, 8, 8, 8, 5], [5, 8, 8, 8, 8, 8, 8, 8, 8, 8, 8, 8, 5], [5, 8, 8, 8, 8, 8, 8, 8, 8, 8, 8, 8, 5], [5, 8, 8, 8, 8, 8, 8, 8, 8, 8, 8, 8, 5], [5, 8, 8, 8, 8, 8, 8, 8, 8, 8, 8, 8, 5], [5, 8, 8, 8, 8, 8, 8, 8, 8, 8, 8, 8, 5], [5, 8, 8, 8, 8, 8, 8, 8, 8, 8, 8, 8, 5], [5, 8, 8, 8, 8, 8, 8, 8, 8, 8, 8, 8, 5], [5, 5, 5, 5, 5, 5, 5, 5, 5, 5, 5, 5, 5]]}, {"input": [[6, 6, 6, 6, 6, 6, 6], [6, 1, 1, 1, 1, 1, 6], [6, 1, 1, 1, 1, 1, 6], [6, 1, 1, 1, 1, 1, 6], [6, 1, 1, 1, 1, 1, 6], [6, 1, 1, 1, 1, 1, 6], [6, 1, 1, 1, 1, 1, 6], [6, 1, 1, 1, 1, 1, 6], [6, 1, 1, 1, 1, 1, 6], [6, 6, 6, 6, 6, 6, 6]], "output": [[1, 1, 1, 1, 1, 1, 1], [1, 6, 6, 6, 6, 6, 1], [1, 6, 6, 6, 6, 6, 1], [1, 6, 6, 6, 6, 6, 1], [1, 6, 6, 6, 6, 6, 1], [1, 6, 6, 6, 6, 6, 1], [1, 6, 6, 6, 6, 6, 1], [1, 6, 6, 6, 6, 6, 1], [1, 6, 6, 6, 6, 6, 1], [1, 1, 1, 1, 1, 1, 1]]}, {"input": [[8, 8, 8, 8, 8, 8], [8, 6, 6, 6, 6, 8], [8, 6, 6, 6, 6, 8], [8, 6, 6, 6, 6, 8], [8, 6, 6, 6, 6, 8], [8, 6, 6, 6, 6, 8], [8, 6, 6, 6, 6, 8], [8, 6, 6, 6, 6, 8], [8, 8, 8, 8, 8, 8]], "output": [[6, 6, 6, 6, 6, 6], [6, 8, 8, 8, 8, 6], [6, 8, 8, 8, 8, 6], [6, 8, 8, 8, 8, 6], [6, 8, 8, 8, 8, 6], [6, 8, 8, 8, 8, 6], [6, 8, 8, 8, 8, 6], [6, 8, 8, 8, 8, 6], [6, 6, 6, 6, 6, 6]]}, {"input": [[5, 5, 5, 5, 5, 5], [5, 6, 6, 6, 6, 5], [5, 6, 6, 6, 6, 5], [5, 6, 6, 6, 6, 5], [5, 6, 6, 6, 6, 5], [5, 6, 6, 6, 6, 5], [5, 6, 6, 6, 6, 5], [5, 6, 6, 6, 6, 5], [5, 6, 6, 6, 6, 5], [5, 6, 6, 6, 6, 5], [5, 6, 6, 6, 6, 5], [5, 6, 6, 6, 6, 5], [5, 6, 6, 6, 6, 5], [5, 5, 5, 5, 5, 5]], "output": [[6, 6, 6, 6, 6, 6], [6, 5, 5, 5, 5, 6], [6, 5, 5, 5, 5, 6], [6, 5, 5, 5, 5, 6], [6, 5, 5, 5, 5, 6], [6, 5, 5, 5, 5, 6], [6, 5, 5, 5, 5, 6], [6, 5, 5, 5, 5, 6], [6, 5, 5, 5, 5, 6], [6, 5, 5, 5, 5, 6], [6, 5, 5, 5, 5, 6], [6, 5, 5, 5, 5, 6], [6, 5, 5, 5, 5, 6], [6, 6, 6, 6, 6, 6]]}, {"input": [[8, 8, 8, 8, 8, 8, 8, 8, 8, 8, 8, 8, 8, 8], [8, 1, 1, 1, 1, 1, 1, 1, 1, 1, 1, 1, 1, 8], [8, 1, 1, 1, 1, 1, 1, 1, 1, 1, 1, 1, 1, 8], [8, 1, 1, 1, 1, 1, 1, 1, 1, 1, 1, 1, 1, 8], [8, 1, 1, 1, 1, 1, 1, 1, 1, 1, 1, 1, 1, 8], [8, 8, 8, 8, 8, 8, 8, 8, 8, 8, 8, 8, 8, 8]], "output": [[1, 1, 1, 1, 1, 1, 1, 1, 1, 1, 1, 1, 1, 1], [1, 8, 8, 8, 8, 8, 8, 8, 8, 8, 8, 8, 8, 1], [1, 8, 8, 8, 8, 8, 8, 8, 8, 8, 8, 8, 8, 1], [1, 8, 8, 8, 8, 8, 8, 8, 8, 8, 8, 8, 8, 1], [1, 8, 8, 8, 8, 8, 8, 8, 8, 8, 8, 8, 8, 1], [1, 1, 1, 1, 1, 1, 1, 1, 1, 1, 1, 1, 1, 1]]}, {"input": [[4, 4, 4, 4, 4, 4, 4], [4, 6, 6, 6, 6, 6, 4], [4, 6, 6, 6, 6, 6, 4], [4, 6, 6, 6, 6, 6, 4], [4, 4, 4, 4, 4, 4, 4]], "output": [[6, 6, 6, 6, 6, 6, 6], [6, 4, 4, 4, 4, 4, 6], [6, 4, 4, 4, 4, 4, 6], [6, 4, 4, 4, 4, 4, 6], [6, 6, 6, 6, 6, 6, 6]]}, {"input": [[4, 4, 4, 4, 4, 4], [4, 6, 6, 6, 6, 4], [4, 6, 6, 6, 6, 4], [4, 6, 6, 6, 6, 4], [4, 6, 6, 6, 6, 4], [4, 6, 6, 6, 6, 4], [4, 6, 6, 6, 6, 4], [4, 6, 6, 6, 6, 4], [4, 6, 6, 6, 6, 4], [4, 6, 6, 6, 6, 4], [4, 6, 6, 6, 6, 4], [4, 6, 6, 6, 6, 4], [4, 6, 6, 6, 6, 4], [4, 4, 4, 4, 4, 4]], "output": [[6, 6, 6, 6, 6, 6], [6, 4, 4, 4, 4, 6], [6, 4, 4, 4, 4, 6], [6, 4, 4, 4, 4, 6], [6, 4, 4, 4, 4, 6], [6, 4, 4, 4, 4, 6], [6, 4, 4, 4, 4, 6], [6, 4, 4, 4, 4, 6], [6, 4, 4, 4, 4, 6], [6, 4, 4, 4, 4, 6], [6, 4, 4, 4, 4, 6], [6, 4, 4, 4, 4, 6], [6, 4, 4, 4, 4, 6], [6, 6, 6, 6, 6, 6]]}, {"input": [[5, 5, 5, 5, 5, 5, 5, 5, 5, 5, 5, 5, 5], [5, 4, 4, 4, 4, 4, 4, 4, 4, 4, 4, 4, 5], [5, 4, 4, 4, 4, 4, 4, 4, 4, 4, 4, 4, 5], [5, 4, 4, 4, 4, 4, 4, 4, 4, 4, 4, 4, 5], [5, 4, 4, 4, 4, 4, 4, 4, 4, 4, 4, 4, 5], [5, 5, 5, 5, 5, 5, 5, 5, 5, 5, 5, 5, 5]], "output": [[4, 4, 4, 4, 4, 4, 4, 4, 4, 4, 4, 4, 4], [4, 5, 5, 5, 5, 5, 5, 5, 5, 5, 5, 5, 4], [4, 5, 5, 5, 5, 5, 5, 5, 5, 5, 5, 5, 4], [4, 5, 5, 5, 5, 5, 5, 5, 5, 5, 5, 5, 4], [4, 5, 5, 5, 5, 5, 5, 5, 5, 5, 5, 5, 4], [4, 4, 4, 4, 4, 4, 4, 4, 4, 4, 4, 4, 4]]}, {"input": [[9, 9, 9, 9, 9, 9], [9, 1, 1, 1, 1, 9], [9, 1, 1, 1, 1, 9], [9, 1, 1, 1, 1, 9], [9, 1, 1, 1, 1, 9], [9, 1, 1, 1, 1, 9], [9, 1, 1, 1, 1, 9], [9, 1, 1, 1, 1, 9], [9, 1, 1, 1, 1, 9], [9, 1, 1, 1, 1, 9], [9, 1, 1, 1, 1, 9], [9, 9, 9, 9, 9, 9]], "output": [[1, 1, 1, 1, 1, 1], [1, 9, 9, 9, 9, 1], [1, 9, 9, 9, 9, 1], [1, 9, 9, 9, 9, 1], [1, 9, 9, 9, 9, 1], [1, 9, 9, 9, 9, 1], [1, 9, 9, 9, 9, 1], [1, 9, 9, 9, 9, 1], [1, 9, 9, 9, 9, 1], [1, 9, 9, 9, 9, 1], [1, 9, 9, 9, 9, 1], [1, 1, 1, 1, 1, 1]]}, {"input": [[7, 7, 7, 7, 7, 7, 7], [7, 9, 9, 9, 9, 9, 7], [7, 9, 9, 9, 9, 9, 7], [7, 9, 9, 9, 9, 9, 7], [7, 7, 7, 7, 7, 7, 7]], "output": [[9, 9, 9, 9, 9, 9, 9], [9, 7, 7, 7, 7, 7, 9], [9, 7, 7, 7, 7, 7, 9], [9, 7, 7, 7, 7, 7, 9], [9, 9, 9, 9, 9, 9, 9]]}, {"input": [[7, 7, 7, 7, 7], [7, 1, 1, 1, 7], [7, 1, 1, 1, 7], [7, 1, 1, 1, 7], [7, 1, 1, 1, 7], [7, 1, 1, 1, 7], [7, 1, 1, 1, 7], [7, 1, 1, 1, 7], [7, 1, 1, 1, 7], [7, 1, 1, 1, 7], [7, 1, 1, 1, 7], [7, 1, 1, 1, 7], [7, 1, 1, 1, 7], [7, 7, 7, 7, 7]], "output": [[1, 1, 1, 1, 1], [1, 7, 7, 7, 1], [1, 7, 7, 7, 1], [1, 7, 7, 7, 1], [1, 7, 7, 7, 1], [1, 7, 7, 7, 1], [1, 7, 7, 7, 1], [1, 7, 7, 7, 1], [1, 7, 7, 7, 1], [1, 7, 7, 7, 1], [1, 7, 7, 7, 1], [1, 7, 7, 7, 1], [1, 7, 7, 7, 1], [1, 1, 1, 1, 1]]}, {"input": [[4, 4, 4, 4, 4, 4, 4, 4, 4, 4], [4, 5, 5, 5, 5, 5, 5, 5, 5, 4], [4, 5, 5, 5, 5, 5, 5, 5, 5, 4], [4, 5, 5, 5, 5, 5, 5, 5, 5, 4], [4, 5, 5, 5, 5, 5, 5, 5, 5, 4], [4, 5, 5, 5, 5, 5, 5, 5, 5, 4], [4, 5, 5, 5, 5, 5, 5, 5, 5, 4], [4, 5, 5, 5, 5, 5, 5, 5, 5, 4], [4, 5, 5, 5, 5, 5, 5, 5, 5, 4], [4, 5, 5, 5, 5, 5, 5, 5, 5, 4], [4, 5, 5, 5, 5, 5, 5, 5, 5, 4], [4, 4, 4, 4, 4, 4, 4, 4, 4, 4]], "output": [[5, 5, 5, 5, 5, 5, 5, 5, 5, 5], [5, 4, 4, 4, 4, 4, 4, 4, 4, 5], [5, 4, 4, 4, 4, 4, 4, 4, 4, 5], [5, 4, 4, 4, 4, 4, 4, 4, 4, 5], [5, 4, 4, 4, 4, 4, 4, 4, 4, 5], [5, 4, 4, 4, 4, 4, 4, 4, 4, 5], [5, 4, 4, 4, 4, 4, 4, 4, 4, 5], [5, 4, 4, 4, 4, 4, 4, 4, 4, 5], [5, 4, 4, 4, 4, 4, 4, 4, 4, 5], [5, 4, 4, 4, 4, 4, 4, 4, 4, 5], [5, 4, 4, 4, 4, 4, 4, 4, 4, 5], [5, 5, 5, 5, 5, 5, 5, 5, 5, 5]]}, {"input": [[5, 5, 5, 5, 5, 5, 5, 5, 5, 5, 5], [5, 6, 6, 6, 6, 6, 6, 6, 6, 6, 5], [5, 6, 6, 6, 6, 6, 6, 6, 6, 6, 5], [5, 6, 6, 6, 6, 6, 6, 6, 6, 6, 5], [5, 6, 6, 6, 6, 6, 6, 6, 6, 6, 5], [5, 6, 6, 6, 6, 6, 6, 6, 6, 6, 5], [5, 5, 5, 5, 5, 5, 5, 5, 5, 5, 5]], "output": [[6, 6, 6, 6, 6, 6, 6, 6, 6, 6, 6], [6, 5, 5, 5, 5, 5, 5, 5, 5, 5, 6], [6, 5, 5, 5, 5, 5, 5, 5, 5, 5, 6], [6, 5, 5, 5, 5, 5, 5, 5, 5, 5, 6], [6, 5, 5, 5, 5, 5, 5, 5, 5, 5, 6], [6, 5, 5, 5, 5, 5, 5, 5, 5, 5, 6], [6, 6, 6, 6, 6, 6, 6, 6, 6, 6, 6]]}, {"input": [[2, 2, 2, 2, 2, 2, 2, 2, 2, 2, 2], [2, 1, 1, 1, 1, 1, 1, 1, 1, 1, 2], [2, 1, 1, 1, 1, 1, 1, 1, 1, 1, 2], [2, 1, 1, 1, 1, 1, 1, 1, 1, 1, 2], [2, 1, 1, 1, 1, 1, 1, 1, 1, 1, 2], [2, 1, 1, 1, 1, 1, 1, 1, 1, 1, 2], [2, 1, 1, 1, 1, 1, 1, 1, 1, 1, 2], [2, 1, 1, 1, 1, 1, 1, 1, 1, 1, 2], [2, 1, 1, 1, 1, 1, 1, 1, 1, 1, 2], [2, 1, 1, 1, 1, 1, 1, 1, 1, 1, 2], [2, 2, 2, 2, 2, 2, 2, 2, 2, 2, 2]], "output": [[1, 1, 1, 1, 1, 1, 1, 1, 1, 1, 1], [1, 2, 2, 2, 2, 2, 2, 2, 2, 2, 1], [1, 2, 2, 2, 2, 2, 2, 2, 2, 2, 1], [1, 2, 2, 2, 2, 2, 2, 2, 2, 2, 1], [1, 2, 2, 2, 2, 2, 2, 2, 2, 2, 1], [1, 2, 2, 2, 2, 2, 2, 2, 2, 2, 1], [1, 2, 2, 2, 2, 2, 2, 2, 2, 2, 1], [1, 2, 2, 2, 2, 2, 2, 2, 2, 2, 1], [1, 2, 2, 2, 2, 2, 2, 2, 2, 2, 1], [1, 2, 2, 2, 2, 2, 2, 2, 2, 2, 1], [1, 1, 1, 1, 1, 1, 1, 1, 1, 1, 1]]}, {"input": [[6, 6, 6, 6, 6, 6, 6, 6, 6, 6, 6, 6, 6, 6], [6, 7, 7, 7, 7, 7, 7, 7, 7, 7, 7, 7, 7, 6], [6, 7, 7, 7, 7, 7, 7, 7, 7, 7, 7, 7, 7, 6], [6, 7, 7, 7, 7, 7, 7, 7, 7, 7, 7, 7, 7, 6], [6, 7, 7, 7, 7, 7, 7, 7, 7, 7, 7, 7, 7, 6], [6, 7, 7, 7, 7, 7, 7, 7, 7, 7, 7, 7, 7, 6], [6, 7, 7, 7, 7, 7, 7, 7, 7, 7, 7, 7, 7, 6], [6, 7, 7, 7, 7, 7, 7, 7, 7, 7, 7, 7, 7, 6], [6, 7, 7, 7, 7, 7, 7, 7, 7, 7, 7, 7, 7, 6], [6, 7, 7, 7, 7, 7, 7, 7, 7, 7, 7, 7, 7, 6], [6, 6, 6, 6, 6, 6, 6, 6, 6, 6, 6, 6, 6, 6]], "output": [[7, 7, 7, 7, 7, 7, 7, 7, 7, 7, 7, 7, 7, 7], [7, 6, 6, 6, 6, 6, 6, 6, 6, 6, 6, 6, 6, 7], [7, 6, 6, 6, 6, 6, 6, 6, 6, 6, 6, 6, 6, 7], [7, 6, 6, 6, 6, 6, 6, 6, 6, 6, 6, 6, 6, 7], [7, 6, 6, 6, 6, 6, 6, 6, 6, 6, 6, 6, 6, 7], [7, 6, 6, 6, 6, 6, 6, 6, 6, 6, 6, 6, 6, 7], [7, 6, 6, 6, 6, 6, 6, 6, 6, 6, 6, 6, 6, 7], [7, 6, 6, 6, 6, 6, 6, 6, 6, 6, 6, 6, 6, 7], [7, 6, 6, 6, 6, 6, 6, 6, 6, 6, 6, 6, 6, 7], [7, 6, 6, 6, 6, 6, 6, 6, 6, 6, 6, 6, 6, 7], [7, 7, 7, 7, 7, 7, 7, 7, 7, 7, 7, 7, 7, 7]]}, {"input": [[5, 5, 5, 5, 5, 5, 5], [5, 7, 7, 7, 7, 7, 5], [5, 7, 7, 7, 7, 7, 5], [5, 7, 7, 7, 7, 7, 5], [5, 7, 7, 7, 7, 7, 5], [5, 7, 7, 7, 7, 7, 5], [5, 5, 5, 5, 5, 5, 5]], "output": [[7, 7, 7, 7, 7, 7, 7], [7, 5, 5, 5, 5, 5, 7], [7, 5, 5, 5, 5, 5, 7], [7, 5, 5, 5, 5, 5, 7], [7, 5, 5, 5, 5, 5, 7], [7, 5, 5, 5, 5, 5, 7], [7, 7, 7, 7, 7, 7, 7]]}, {"input": [[8, 8, 8, 8, 8, 8, 8, 8], [8, 4, 4, 4, 4, 4, 4, 8], [8, 4, 4, 4, 4, 4, 4, 8], [8, 4, 4, 4, 4, 4, 4, 8], [8, 4, 4, 4, 4, 4, 4, 8], [8, 4, 4, 4, 4, 4, 4, 8], [8, 4, 4, 4, 4, 4, 4, 8], [8, 4, 4, 4, 4, 4, 4, 8], [8, 4, 4, 4, 4, 4, 4, 8], [8, 8, 8, 8, 8, 8, 8, 8]], "output": [[4, 4, 4, 4, 4, 4, 4, 4], [4, 8, 8, 8, 8, 8, 8, 4], [4, 8, 8, 8, 8, 8, 8, 4], [4, 8, 8, 8, 8, 8, 8, 4], [4, 8, 8, 8, 8, 8, 8, 4], [4, 8, 8, 8, 8, 8, 8, 4], [4, 8, 8, 8, 8, 8, 8, 4], [4, 8, 8, 8, 8, 8, 8, 4], [4, 8, 8, 8, 8, 8, 8, 4], [4, 4, 4, 4, 4, 4, 4, 4]]}, {"input": [[8, 8, 8, 8, 8, 8, 8, 8, 8, 8], [8, 5, 5, 5, 5, 5, 5, 5, 5, 8], [8, 5, 5, 5, 5, 5, 5, 5, 5, 8], [8, 5, 5, 5, 5, 5, 5, 5, 5, 8], [8, 5, 5, 5, 5, 5, 5, 5, 5, 8], [8, 5, 5, 5, 5, 5, 5, 5, 5, 8], [8, 5, 5, 5, 5, 5, 5, 5, 5, 8], [8, 5, 5, 5, 5, 5, 5, 5, 5, 8], [8, 8, 8, 8, 8, 8, 8, 8, 8, 8]], "output": [[5, 5, 5, 5, 5, 5, 5, 5, 5, 5], [5, 8, 8, 8, 8, 8, 8, 8, 8, 5], [5, 8, 8, 8, 8, 8, 8, 8, 8, 5], [5, 8, 8, 8, 8, 8, 8, 8, 8, 5], [5, 8, 8, 8, 8, 8, 8, 8, 8, 5], [5, 8, 8, 8, 8, 8, 8, 8, 8, 5], [5, 8, 8, 8, 8, 8, 8, 8, 8, 5], [5, 8, 8, 8, 8, 8, 8, 8, 8, 5], [5, 5, 5, 5, 5, 5, 5, 5, 5, 5]]}, {"input": [[4, 4, 4, 4, 4], [4, 9, 9, 9, 4], [4, 9, 9, 9, 4], [4, 9, 9, 9, 4], [4, 9, 9, 9, 4], [4, 4, 4, 4, 4]], "output": [[9, 9, 9, 9, 9], [9, 4, 4, 4, 9], [9, 4, 4, 4, 9], [9, 4, 4, 4, 9], [9, 4, 4, 4, 9], [9, 9, 9, 9, 9]]}, {"input": [[6, 6, 6, 6, 6, 6, 6, 6, 6, 6, 6, 6, 6], [6, 8, 8, 8, 8, 8, 8, 8, 8, 8, 8, 8, 6], [6, 8, 8, 8, 8, 8, 8, 8, 8, 8, 8, 8, 6], [6, 8, 8, 8, 8, 8, 8, 8, 8, 8, 8, 8, 6], [6, 8, 8, 8, 8, 8, 8, 8, 8, 8, 8, 8, 6], [6, 8, 8, 8, 8, 8, 8, 8, 8, 8, 8, 8, 6], [6, 6, 6, 6, 6, 6, 6, 6, 6, 6, 6, 6, 6]], "output": [[8, 8, 8, 8, 8, 8, 8, 8, 8, 8, 8, 8, 8], [8, 6, 6, 6, 6, 6, 6, 6, 6, 6, 6, 6, 8], [8, 6, 6, 6, 6, 6, 6, 6, 6, 6, 6, 6, 8], [8, 6, 6, 6, 6, 6, 6, 6, 6, 6, 6, 6, 8], [8, 6, 6, 6, 6, 6, 6, 6, 6, 6, 6, 6, 8], [8, 6, 6, 6, 6, 6, 6, 6, 6, 6, 6, 6, 8], [8, 8, 8, 8, 8, 8, 8, 8, 8, 8, 8, 8, 8]]}], "test": [{"input": [[4, 4, 4, 4, 4, 4, 4, 4, 4, 4, 4, 4, 4], [4, 6, 6, 6, 6, 6, 6, 6, 6, 6, 6, 6, 4], [4, 6, 6, 6, 6, 6, 6, 6, 6, 6, 6, 6, 4], [4, 6, 6, 6, 6, 6, 6, 6, 6, 6, 6, 6, 4], [4, 6, 6, 6, 6, 6, 6, 6, 6, 6, 6, 6, 4], [4, 6, 6, 6, 6, 6, 6, 6, 6, 6, 6, 6, 4], [4, 6, 6, 6, 6, 6, 6, 6, 6, 6, 6, 6, 4], [4, 6, 6, 6, 6, 6, 6, 6, 6, 6, 6, 6, 4], [4, 6, 6, 6, 6, 6, 6, 6, 6, 6, 6, 6, 4], [4, 4, 4, 4, 4, 4, 4, 4, 4, 4, 4, 4, 4]], "output": [[6, 6, 6, 6, 6, 6, 6, 6, 6, 6, 6, 6, 6], [6, 4, 4, 4, 4, 4, 4, 4, 4, 4, 4, 4, 6], [6, 4, 4, 4, 4, 4, 4, 4, 4, 4, 4, 4, 6], [6, 4, 4, 4, 4, 4, 4, 4, 4, 4, 4, 4, 6], [6, 4, 4, 4, 4, 4, 4, 4, 4, 4, 4, 4, 6], [6, 4, 4, 4, 4, 4, 4, 4, 4, 4, 4, 4, 6], [6, 4, 4, 4, 4, 4, 4, 4, 4, 4, 4, 4, 6], [6, 4, 4, 4, 4, 4, 4, 4, 4, 4, 4, 4, 6], [6, 4, 4, 4, 4, 4, 4, 4, 4, 4, 4, 4, 6], [6, 6, 6, 6, 6, 6, 6, 6, 6, 6, 6, 6, 6]]}, {"input": [[6, 6, 6, 6, 6, 6, 6, 6, 6, 6, 6, 6, 6, 6], [6, 3, 3, 3, 3, 3, 3, 3, 3, 3, 3, 3, 3, 6], [6, 3, 3, 3, 3, 3, 3, 3, 3, 3, 3, 3, 3, 6], [6, 3, 3, 3, 3, 3, 3, 3, 3, 3, 3, 3, 3, 6], [6, 3, 3, 3, 3, 3, 3, 3, 3, 3, 3, 3, 3, 6], [6, 3, 3, 3, 3, 3, 3, 3, 3, 3, 3, 3, 3, 6], [6, 3, 3, 3, 3, 3, 3, 3, 3, 3, 3, 3, 3, 6], [6, 6, 6, 6, 6, 6, 6, 6, 6, 6, 6, 6, 6, 6]], "output": [[3, 3, 3, 3, 3, 3, 3, 3, 3, 3, 3, 3, 3, 3], [3, 6, 6, 6, 6, 6, 6, 6, 6, 6, 6, 6, 6, 3], [3, 6, 6, 6, 6, 6, 6, 6, 6, 6, 6, 6, 6, 3], [3, 6, 6, 6, 6, 6, 6, 6, 6, 6, 6, 6, 6, 3], [3, 6, 6, 6, 6, 6, 6, 6, 6, 6, 6, 6, 6, 3], [3, 6, 6, 6, 6, 6, 6, 6, 6, 6, 6, 6, 6, 3], [3, 6, 6, 6, 6, 6, 6, 6, 6, 6, 6, 6, 6, 3], [3, 3, 3, 3, 3, 3, 3, 3, 3, 3, 3, 3, 3, 3]]}, {"input": [[8, 8, 8, 8, 8, 8, 8, 8, 8, 8, 8], [8, 2, 2, 2, 2, 2, 2, 2, 2, 2, 8], [8, 2, 2, 2, 2, 2, 2, 2, 2, 2, 8], [8, 2, 2, 2, 2, 2, 2, 2, 2, 2, 8], [8, 2, 2, 2, 2, 2, 2, 2, 2, 2, 8], [8, 2, 2, 2, 2, 2, 2, 2, 2, 2, 8], [8, 2, 2, 2, 2, 2, 2, 2, 2, 2, 8], [8, 2, 2, 2, 2, 2, 2, 2, 2, 2, 8], [8, 2, 2, 2, 2, 2, 2, 2, 2, 2, 8], [8, 8, 8, 8, 8, 8, 8, 8, 8, 8, 8]], "output": [[2, 2, 2, 2, 2, 2, 2, 2, 2, 2, 2], [2, 8, 8, 8, 8, 8, 8, 8, 8, 8, 2], [2, 8, 8, 8, 8, 8, 8, 8, 8, 8, 2], [2, 8, 8, 8, 8, 8, 8, 8, 8, 8, 2], [2, 8, 8, 8, 8, 8, 8, 8, 8, 8, 2], [2, 8, 8, 8, 8, 8, 8, 8, 8, 8, 2], [2, 8, 8, 8, 8, 8, 8, 8, 8, 8, 2], [2, 8, 8, 8, 8, 8, 8, 8, 8, 8, 2], [2, 8, 8, 8, 8, 8, 8, 8, 8, 8, 2], [2, 2, 2, 2, 2, 2, 2, 2, 2, 2, 2]]}]}