{"train": [{"input": [[0, 0, 0, 0, 0, 0, 0], [0, 0, 0, 0, 0, 0, 0], [0, 0, 0, 0, 0, 0, 0], [0, 0, 0, 0, 0, 0, 0], [0, 0, 0, 0, 1, 0, 0], [0, 0, 0, 0, 0, 0, 0], [0, 0, 0, 0, 0, 0, 0]], "output": [[0, 2, 2, 2, 2, 2, 2], [2, 2, 7, 7, 7, 7, 2], [2, 7, 4, 4, 4, 4, 7], [2, 7, 4, 3, 3, 4, 7], [2, 7, 4, 3, 3, 4, 7], [2, 7, 4, 4, 4, 4, 7], [2, 2, 7, 7, 7, 7, 2]]}, {"input": [[0, 0, 0, 0, 0, 0, 0], [0, 0, 0, 0, 0, 0, 0], [0, 0, 0, 0, 0, 0, 0], [0, 0, 0, 1, 0, 0, 0], [0, 0, 0, 0, 0, 0, 0], [0, 0, 0, 0, 0, 0, 0], [0, 0, 0, 0, 0, 0, 0]], "output": [[2, 2, 2, 2, 2, 2, 2], [2, 4, 4, 4, 4, 7, 2], [2, 4, 3, 3, 4, 7, 2], [2, 4, 3, 3, 4, 7, 2], [2, 4, 4, 4, 4, 7, 2], [2, 7, 7, 7, 7, 2, 2], [2, 2, 2, 2, 2, 2, 0]]}, {"input": [[0, 0, 0, 0, 0, 0, 0], [0, 0, 0, 0, 0, 0, 0], [0, 0, 0, 0, 0, 0, 0], [0, 0, 0, 0, 0, 1, 0], [0, 0, 0, 0, 0, 0, 0], [0, 0, 0, 0, 0, 0, 0], [0, 0, 0, 0, 0, 0, 0]], "output": [[0, 2, 2, 2, 2, 2, 2], [0, 2, 7, 4, 4, 4, 4], [0, 2, 7, 4, 3, 3, 4], [0, 2, 7, 4, 3, 3, 4], [0, 2, 7, 4, 4, 4, 4], [0, 2, 2, 7, 7, 7, 7], [0, 0, 2, 2, 2, 2, 2]]}, {"input": [[0, 0, 0, 0, 0, 0, 0], [0, 0, 0, 0, 0, 0, 0], [0, 0, 0, 0, 0, 0, 0], [0, 0, 0, 0, 0, 0, 0], [0, 0, 0, 0, 0, 0, 0], [0, 0, 0, 0, 0, 1, 0], [0, 0, 0, 0, 0, 0, 0]], "output": [[0, 0, 0, 0, 0, 0, 0], [0, 0, 2, 2, 2, 2, 2], [0, 2, 2, 7, 7, 7, 7], [0, 2, 7, 4, 4, 4, 4], [0, 2, 7, 4, 3, 3, 4], [0, 2, 7, 4, 3, 3, 4], [0, 2, 7, 4, 4, 4, 4]]}, {"input": [[0, 0, 0, 0, 0, 0, 0], [0, 0, 0, 0, 0, 0, 0], [0, 0, 0, 0, 0, 0, 0], [0, 0, 0, 0, 0, 0, 0], [0, 0, 0, 0, 0, 1, 0], [0, 0, 0, 0, 0, 0, 0], [0, 0, 0, 0, 0, 0, 0]], "output": [[0, 0, 2, 2, 2, 2, 2], [0, 2, 2, 7, 7, 7, 7], [0, 2, 7, 4, 4, 4, 4], [0, 2, 7, 4, 3, 3, 4], [0, 2, 7, 4, 3, 3, 4], [0, 2, 7, 4, 4, 4, 4], [0, 2, 2, 7, 7, 7, 7]]}, {"input": [[0, 0, 0, 0, 0, 0, 0], [0, 0, 0, 0, 0, 0, 0], [0, 1, 0, 0, 0, 0, 0], [0, 0, 0, 0, 0, 0, 0], [0, 0, 0, 0, 0, 0, 0], [0, 0, 0, 0, 0, 0, 0], [0, 0, 0, 0, 0, 0, 0]], "output": [[7, 7, 7, 2, 2, 0, 0], [4, 3, 4, 7, 2, 0, 0], [4, 3, 4, 7, 2, 0, 0], [4, 4, 4, 7, 2, 0, 0], [7, 7, 7, 2, 2, 0, 0], [2, 2, 2, 2, 0, 0, 0], [2, 2, 0, 0, 0, 0, 0]]}, {"input": [[0, 0, 0, 0, 0, 0, 0], [0, 1, 0, 0, 0, 0, 0], [0, 0, 0, 0, 0, 0, 0], [0, 0, 0, 0, 0, 0, 0], [0, 0, 0, 0, 0, 0, 0], [0, 0, 0, 0, 0, 0, 0], [0, 0, 0, 0, 0, 0, 0]], "output": [[4, 4, 4, 7, 2, 0, 0], [4, 3, 4, 7, 2, 0, 0], [4, 4, 4, 7, 2, 0, 0], [7, 7, 7, 2, 2, 0, 0], [2, 2, 2, 2, 0, 0, 0], [2, 2, 0, 0, 0, 0, 0], [0, 0, 0, 0, 0, 0, 0]]}, {"input": [[0, 0, 0, 0, 0, 0, 0], [0, 0, 0, 0, 0, 0, 0], [0, 0, 0, 0, 0, 0, 0], [0, 0, 0, 0, 0, 0, 0], [0, 0, 0, 1, 0, 0, 0], [0, 0, 0, 0, 0, 0, 0], [0, 0, 0, 0, 0, 0, 0]], "output": [[2, 2, 2, 2, 2, 2, 0], [2, 7, 7, 7, 7, 2, 2], [2, 4, 4, 4, 4, 7, 2], [2, 4, 3, 3, 4, 7, 2], [2, 4, 3, 3, 4, 7, 2], [2, 4, 4, 4, 4, 7, 2], [2, 7, 7, 7, 7, 2, 2]]}, {"input": [[0, 0, 0, 0, 0, 0, 0], [0, 0, 0, 0, 0, 0, 0], [0, 0, 0, 0, 0, 0, 0], [0, 0, 0, 0, 0, 0, 0], [0, 0, 0, 0, 0, 0, 0], [0, 0, 1, 0, 0, 0, 0], [0, 0, 0, 0, 0, 0, 0]], "output": [[0, 0, 0, 0, 0, 0, 0], [2, 2, 2, 2, 2, 0, 0], [2, 7, 7, 7, 2, 2, 0], [7, 4, 4, 4, 7, 2, 0], [7, 3, 3, 4, 7, 2, 0], [7, 3, 3, 4, 7, 2, 0], [7, 4, 4, 4, 7, 2, 0]]}, {"input": [[0, 0, 0, 0, 0, 0, 0], [0, 0, 0, 0, 0, 0, 0], [0, 0, 0, 0, 1, 0, 0], [0, 0, 0, 0, 0, 0, 0], [0, 0, 0, 0, 0, 0, 0], [0, 0, 0, 0, 0, 0, 0], [0, 0, 0, 0, 0, 0, 0]], "output": [[2, 2, 7, 7, 7, 7, 2], [2, 7, 4, 3, 3, 4, 7], [2, 7, 4, 3, 3, 4, 7], [2, 7, 4, 4, 4, 4, 7], [2, 2, 7, 7, 7, 7, 2], [0, 2, 2, 2, 2, 2, 2], [0, 0, 0, 2, 2, 0, 0]]}, {"input": [[0, 0, 0, 0, 0, 0, 0], [0, 0, 0, 0, 0, 0, 0], [0, 0, 1, 0, 0, 0, 0], [0, 0, 0, 0, 0, 0, 0], [0, 0, 0, 0, 0, 0, 0], [0, 0, 0, 0, 0, 0, 0], [0, 0, 0, 0, 0, 0, 0]], "output": [[2, 7, 7, 7, 2, 2, 0], [7, 3, 3, 4, 7, 2, 0], [7, 3, 3, 4, 7, 2, 0], [7, 4, 4, 4, 7, 2, 0], [2, 7, 7, 7, 2, 2, 0], [2, 2, 2, 2, 2, 0, 0], [0, 2, 2, 0, 0, 0, 0]]}, {"input": [[0, 0, 0, 0, 0, 0, 0], [0, 0, 0, 1, 0, 0, 0], [0, 0, 0, 0, 0, 0, 0], [0, 0, 0, 0, 0, 0, 0], [0, 0, 0, 0, 0, 0, 0], [0, 0, 0, 0, 0, 0, 0], [0, 0, 0, 0, 0, 0, 0]], "output": [[2, 4, 4, 4, 4, 7, 2], [2, 4, 3, 3, 4, 7, 2], [2, 4, 4, 4, 4, 7, 2], [2, 7, 7, 7, 7, 2, 2], [2, 2, 2, 2, 2, 2, 0], [0, 0, 2, 2, 0, 0, 0], [0, 0, 0, 0, 0, 0, 0]]}, {"input": [[0, 0, 0, 0, 0, 0, 0], [0, 0, 0, 0, 0, 0, 0], [0, 0, 0, 0, 0, 0, 0], [0, 0, 0, 0, 0, 0, 0], [0, 0, 1, 0, 0, 0, 0], [0, 0, 0, 0, 0, 0, 0], [0, 0, 0, 0, 0, 0, 0]], "output": [[2, 2, 2, 2, 2, 0, 0], [2, 7, 7, 7, 2, 2, 0], [7, 4, 4, 4, 7, 2, 0], [7, 3, 3, 4, 7, 2, 0], [7, 3, 3, 4, 7, 2, 0], [7, 4, 4, 4, 7, 2, 0], [2, 7, 7, 7, 2, 2, 0]]}, {"input": [[0, 0, 0, 0, 0, 0, 0], [0, 0, 0, 0, 0, 0, 0], [0, 0, 0, 0, 0, 0, 0], [0, 0, 0, 0, 1, 0, 0], [0, 0, 0, 0, 0, 0, 0], [0, 0, 0, 0, 0, 0, 0], [0, 0, 0, 0, 0, 0, 0]], "output": [[2, 2, 2, 2, 2, 2, 2], [2, 7, 4, 4, 4, 4, 7], [2, 7, 4, 3, 3, 4, 7], [2, 7, 4, 3, 3, 4, 7], [2, 7, 4, 4, 4, 4, 7], [2, 2, 7, 7, 7, 7, 2], [0, 2, 2, 2, 2, 2, 2]]}, {"input": [[0, 0, 0, 0, 0, 0, 0], [0, 0, 0, 0, 0, 0, 0], [0, 0, 0, 0, 0, 0, 0], [0, 1, 0, 0, 0, 0, 0], [0, 0, 0, 0, 0, 0, 0], [0, 0, 0, 0, 0, 0, 0], [0, 0, 0, 0, 0, 0, 0]], "output": [[2, 2, 2, 2, 2, 0, 0], [4, 4, 4, 7, 2, 0, 0], [4, 3, 4, 7, 2, 0, 0], [4, 3, 4, 7, 2, 0, 0], [4, 4, 4, 7, 2, 0, 0], [7, 7, 7, 2, 2, 0, 0], [2, 2, 2, 2, 0, 0, 0]]}, {"input": [[0, 0, 0, 0, 0, 0, 0], [0, 0, 0, 0, 0, 0, 0], [0, 0, 0, 0, 0, 0, 0], [0, 0, 0, 0, 0, 0, 0], [0, 1, 0, 0, 0, 0, 0], [0, 0, 0, 0, 0, 0, 0], [0, 0, 0, 0, 0, 0, 0]], "output": [[2, 2, 2, 2, 0, 0, 0], [7, 7, 7, 2, 2, 0, 0], [4, 4, 4, 7, 2, 0, 0], [4, 3, 4, 7, 2, 0, 0], [4, 3, 4, 7, 2, 0, 0], [4, 4, 4, 7, 2, 0, 0], [7, 7, 7, 2, 2, 0, 0]]}, {"input": [[0, 0, 0, 0, 0, 0, 0], [0, 0, 0, 0, 0, 0, 0], [0, 0, 0, 0, 0, 0, 0], [0, 0, 0, 0, 0, 0, 0], [0, 0, 0, 0, 0, 0, 0], [0, 0, 0, 1, 0, 0, 0], [0, 0, 0, 0, 0, 0, 0]], "output": [[0, 0, 0, 0, 0, 0, 0], [2, 2, 2, 2, 2, 2, 0], [2, 7, 7, 7, 7, 2, 2], [2, 4, 4, 4, 4, 7, 2], [2, 4, 3, 3, 4, 7, 2], [2, 4, 3, 3, 4, 7, 2], [2, 4, 4, 4, 4, 7, 2]]}, {"input": [[0, 0, 0, 0, 0, 0, 0], [0, 0, 0, 0, 0, 0, 0], [0, 0, 0, 0, 0, 0, 0], [0, 0, 0, 0, 0, 0, 0], [0, 0, 0, 0, 0, 0, 0], [0, 0, 0, 0, 1, 0, 0], [0, 0, 0, 0, 0, 0, 0]], "output": [[0, 0, 0, 0, 0, 0, 0], [0, 2, 2, 2, 2, 2, 2], [2, 2, 7, 7, 7, 7, 2], [2, 7, 4, 4, 4, 4, 7], [2, 7, 4, 3, 3, 4, 7], [2, 7, 4, 3, 3, 4, 7], [2, 7, 4, 4, 4, 4, 7]]}], "test": [{"input": [[0, 0, 0, 0, 0, 0, 0], [0, 0, 0, 0, 0, 0, 0], [0, 0, 0, 0, 0, 1, 0], [0, 0, 0, 0, 0, 0, 0], [0, 0, 0, 0, 0, 0, 0], [0, 0, 0, 0, 0, 0, 0], [0, 0, 0, 0, 0, 0, 0]], "output": [[0, 2, 2, 7, 7, 7, 7], [0, 2, 7, 4, 3, 3, 4], [0, 2, 7, 4, 3, 3, 4], [0, 2, 7, 4, 4, 4, 4], [0, 2, 2, 7, 7, 7, 7], [0, 0, 2, 2, 2, 2, 2], [0, 0, 0, 0, 2, 2, 0]]}, {"input": [[0, 0, 0, 0, 0, 0, 0], [0, 0, 1, 0, 0, 0, 0], [0, 0, 0, 0, 0, 0, 0], [0, 0, 0, 0, 0, 0, 0], [0, 0, 0, 0, 0, 0, 0], [0, 0, 0, 0, 0, 0, 0], [0, 0, 0, 0, 0, 0, 0]], "output": [[7, 4, 4, 4, 7, 2, 0], [7, 3, 3, 4, 7, 2, 0], [7, 4, 4, 4, 7, 2, 0], [2, 7, 7, 7, 2, 2, 0], [2, 2, 2, 2, 2, 0, 0], [0, 2, 2, 0, 0, 0, 0], [0, 0, 0, 0, 0, 0, 0]]}, {"input": [[0, 0, 0, 0, 0, 0, 0], [0, 0, 0, 0, 0, 1, 0], [0, 0, 0, 0, 0, 0, 0], [0, 0, 0, 0, 0, 0, 0], [0, 0, 0, 0, 0, 0, 0], [0, 0, 0, 0, 0, 0, 0], [0, 0, 0, 0, 0, 0, 0]], "output": [[0, 2, 7, 4, 4, 4, 4], [0, 2, 7, 4, 3, 3, 4], [0, 2, 7, 4, 4, 4, 4], [0, 2, 2, 7, 7, 7, 7], [0, 0, 2, 2, 2, 2, 2], [0, 0, 0, 0, 2, 2, 0], [0, 0, 0, 0, 0, 0, 0]]}]}