{"train": [{"input": [[5, 5, 5, 5, 3, 5, 5, 5, 5, 5], [0, 0, 0, 2, 3, 0, 0, 0, 0, 0], [0, 0, 0, 2, 3, 0, 0, 0, 0, 0], [6, 6, 6, 2, 3, 6, 6, 6, 6, 6], [0, 0, 0, 2, 3, 0, 0, 0, 0, 0], [0, 0, 0, 2, 3, 0, 0, 0, 0, 0], [0, 0, 0, 2, 3, 0, 0, 0, 0, 0], [0, 0, 0, 2, 3, 0, 0, 0, 0, 0], [6, 6, 6, 6, 6, 6, 6, 6, 6, 6], [0, 0, 0, 2, 3, 0, 0, 0, 0, 0]], "output": [[6, 6, 6, 2, 3, 6, 6, 6, 6, 6], [6, 6, 6, 2, 3, 6, 6, 6, 6, 6], [6, 6, 6, 2, 3, 6, 6, 6, 6, 6], [6, 6, 6, 2, 3, 6, 6, 6, 6, 2], [6, 6, 6, 2, 3, 6, 6, 6, 2, 3], [3, 6, 6, 2, 3, 6, 6, 2, 3, 6], [2, 3, 6, 2, 3, 6, 2, 3, 6, 6], [6, 2, 3, 2, 3, 2, 3, 6, 6, 6], [6, 6, 2, 3, 3, 3, 6, 6, 6, 6], [3, 3, 3, 3, 3, 3, 3, 3, 3, 3]]}, {"input": [[0, 0, 0, 0, 0, 0, 0, 0, 0, 0], [6, 6, 6, 6, 6, 6, 6, 6, 6, 6], [7, 7, 7, 7, 7, 7, 7, 7, 7, 7], [3, 3, 3, 3, 3, 3, 3, 3, 3, 3], [0, 0, 0, 0, 0, 0, 0, 0, 0, 0], [0, 0, 0, 0, 0, 0, 0, 0, 0, 0], [0, 0, 0, 0, 0, 0, 0, 0, 0, 0], [0, 0, 0, 0, 0, 0, 0, 0, 0, 0], [0, 0, 0, 0, 0, 0, 0, 0, 0, 0], [1, 1, 1, 1, 1, 1, 1, 1, 1, 1]], "output": [[1, 1, 1, 1, 1, 1, 1, 1, 1, 1], [1, 1, 1, 1, 1, 1, 1, 1, 1, 1], [1, 1, 1, 1, 1, 1, 1, 1, 1, 1], [1, 1, 1, 1, 1, 1, 1, 1, 1, 1], [1, 1, 1, 1, 1, 1, 1, 1, 1, 1], [1, 1, 1, 1, 1, 1, 1, 1, 1, 1], [1, 1, 1, 1, 1, 1, 1, 1, 1, 1], [1, 1, 1, 1, 1, 1, 1, 1, 1, 1], [1, 1, 1, 1, 1, 1, 1, 1, 1, 1], [1, 1, 1, 1, 1, 1, 1, 1, 1, 1]]}, {"input": [[0, 0, 0, 0, 0, 0, 0, 0, 0, 0], [0, 0, 0, 0, 0, 0, 0, 0, 0, 0], [0, 0, 0, 0, 0, 0, 0, 0, 0, 0], [8, 8, 8, 8, 8, 8, 8, 8, 8, 8], [2, 2, 2, 2, 2, 2, 2, 2, 2, 2], [0, 0, 0, 0, 0, 0, 0, 0, 0, 0], [0, 0, 0, 0, 0, 0, 0, 0, 0, 0], [7, 7, 7, 7, 7, 7, 7, 7, 7, 7], [0, 0, 0, 0, 0, 0, 0, 0, 0, 0], [0, 0, 0, 0, 0, 0, 0, 0, 0, 0]], "output": [[7, 7, 7, 7, 7, 7, 7, 7, 7, 7], [7, 7, 7, 7, 7, 7, 7, 7, 7, 7], [7, 7, 7, 7, 7, 7, 7, 7, 7, 7], [7, 7, 7, 7, 7, 7, 7, 7, 7, 7], [7, 7, 7, 7, 7, 7, 7, 7, 7, 7], [7, 7, 7, 7, 7, 7, 7, 7, 7, 7], [7, 7, 7, 7, 7, 7, 7, 7, 7, 7], [7, 7, 7, 7, 7, 7, 7, 7, 7, 7], [7, 7, 7, 7, 7, 7, 7, 7, 7, 7], [7, 7, 7, 7, 7, 7, 7, 7, 7, 7]]}, {"input": [[2, 2, 2, 2, 2, 2, 2, 2, 2, 2], [0, 2, 0, 0, 0, 0, 0, 0, 0, 0], [0, 2, 0, 0, 0, 0, 0, 0, 0, 0], [0, 2, 0, 0, 0, 0, 0, 0, 0, 0], [0, 2, 0, 0, 0, 0, 0, 0, 0, 0], [0, 2, 0, 0, 0, 0, 0, 0, 0, 0], [2, 2, 2, 2, 2, 2, 2, 2, 2, 2], [0, 2, 0, 0, 0, 0, 0, 0, 0, 0], [0, 2, 0, 0, 0, 0, 0, 0, 0, 0], [0, 2, 0, 0, 0, 0, 0, 0, 0, 0]], "output": [[2, 2, 2, 2, 2, 2, 2, 2, 2, 2], [2, 2, 2, 2, 2, 2, 2, 2, 2, 2], [2, 2, 2, 2, 2, 2, 2, 2, 2, 2], [2, 2, 2, 2, 2, 2, 2, 2, 2, 2], [2, 2, 2, 2, 2, 2, 2, 2, 2, 2], [2, 2, 2, 2, 2, 2, 2, 2, 2, 2], [2, 2, 2, 2, 2, 2, 2, 2, 2, 2], [2, 2, 2, 2, 2, 2, 2, 2, 2, 2], [2, 2, 2, 2, 2, 2, 2, 2, 2, 2], [2, 2, 2, 2, 2, 2, 2, 2, 2, 2]]}, {"input": [[7, 7, 7, 7, 7, 2, 7, 7, 7, 7], [0, 0, 0, 8, 0, 2, 4, 0, 0, 0], [0, 0, 0, 8, 0, 2, 4, 0, 0, 0], [0, 0, 0, 8, 0, 2, 4, 0, 0, 0], [0, 0, 0, 8, 0, 2, 4, 0, 0, 0], [0, 0, 0, 8, 0, 2, 4, 0, 0, 0], [0, 0, 0, 8, 0, 2, 4, 0, 0, 0], [0, 0, 0, 8, 0, 2, 4, 0, 0, 0], [0, 0, 0, 8, 0, 2, 4, 0, 0, 0], [0, 0, 0, 8, 0, 2, 4, 0, 0, 0]], "output": [[4, 4, 4, 8, 4, 2, 4, 8, 8, 8], [4, 4, 4, 8, 4, 2, 4, 8, 8, 8], [4, 4, 4, 8, 4, 2, 4, 8, 8, 8], [4, 4, 4, 8, 4, 2, 4, 8, 8, 8], [2, 4, 4, 8, 4, 2, 4, 8, 8, 2], [8, 2, 4, 8, 4, 2, 4, 8, 2, 2], [8, 8, 2, 4, 4, 2, 4, 2, 2, 4], [4, 8, 8, 2, 4, 2, 4, 2, 4, 4], [4, 4, 8, 8, 2, 4, 4, 4, 4, 4], [4, 4, 4, 4, 4, 4, 4, 4, 4, 4]]}, {"input": [[0, 0, 0, 0, 0, 7, 0, 0, 0, 0], [1, 1, 1, 1, 1, 1, 1, 1, 1, 1], [0, 0, 0, 0, 0, 7, 0, 0, 0, 0], [0, 0, 0, 0, 0, 7, 0, 0, 0, 0], [0, 0, 0, 0, 0, 7, 0, 0, 0, 0], [1, 1, 1, 1, 1, 1, 1, 1, 1, 1], [0, 0, 0, 0, 0, 7, 0, 0, 0, 0], [0, 0, 0, 0, 0, 7, 0, 0, 0, 0], [0, 0, 0, 0, 0, 7, 0, 0, 0, 0], [2, 2, 2, 2, 2, 2, 2, 2, 2, 2]], "output": [[2, 2, 2, 2, 2, 2, 2, 2, 2, 2], [2, 2, 2, 2, 2, 2, 2, 2, 2, 2], [2, 2, 2, 2, 2, 2, 2, 2, 2, 2], [2, 2, 2, 2, 2, 2, 2, 2, 2, 2], [2, 2, 2, 2, 2, 2, 2, 2, 2, 2], [2, 2, 2, 2, 2, 2, 2, 2, 2, 2], [2, 2, 2, 2, 2, 2, 2, 2, 2, 2], [2, 2, 2, 2, 2, 2, 2, 2, 2, 2], [2, 2, 2, 2, 2, 2, 2, 2, 2, 2], [2, 2, 2, 2, 2, 2, 2, 2, 2, 2]]}, {"input": [[0, 0, 0, 4, 0, 0, 6, 5, 0, 0], [0, 0, 0, 4, 0, 0, 6, 5, 0, 0], [0, 0, 0, 4, 0, 0, 6, 5, 0, 0], [0, 0, 0, 4, 0, 0, 6, 5, 0, 0], [0, 0, 0, 4, 0, 0, 6, 5, 0, 0], [0, 0, 0, 4, 0, 0, 6, 5, 0, 0], [0, 0, 0, 4, 0, 0, 6, 5, 0, 0], [0, 0, 0, 4, 0, 0, 6, 5, 0, 0], [0, 0, 0, 4, 0, 0, 6, 5, 0, 0], [0, 0, 0, 4, 0, 0, 6, 5, 0, 0]], "output": [[5, 5, 5, 4, 5, 5, 6, 5, 4, 4], [5, 5, 5, 4, 5, 5, 6, 5, 4, 4], [5, 5, 5, 4, 5, 5, 6, 5, 4, 4], [6, 5, 5, 4, 5, 5, 6, 5, 4, 4], [4, 6, 5, 4, 5, 5, 6, 5, 4, 6], [4, 4, 6, 5, 5, 5, 6, 5, 6, 6], [4, 4, 4, 6, 5, 5, 6, 5, 6, 6], [5, 4, 4, 4, 6, 5, 6, 5, 6, 5], [5, 5, 4, 4, 4, 6, 5, 5, 5, 5], [5, 5, 5, 5, 5, 5, 5, 5, 5, 5]]}], "test": [{"input": [[0, 0, 0, 7, 0, 0, 0, 9, 0, 0], [0, 0, 0, 7, 0, 0, 0, 9, 0, 0], [0, 0, 0, 7, 0, 0, 0, 9, 0, 0], [0, 0, 0, 7, 0, 0, 0, 9, 0, 0], [0, 0, 0, 7, 0, 0, 0, 9, 0, 0], [5, 5, 5, 5, 5, 5, 5, 9, 5, 5], [0, 0, 0, 7, 0, 0, 0, 9, 0, 0], [0, 0, 0, 7, 0, 0, 0, 9, 0, 0], [0, 0, 0, 7, 0, 0, 0, 9, 0, 0], [0, 0, 0, 7, 0, 0, 0, 9, 0, 0]], "output": [[9, 9, 9, 7, 5, 5, 5, 9, 5, 7], [9, 9, 9, 7, 5, 5, 5, 9, 7, 7], [9, 9, 9, 7, 9, 5, 5, 9, 7, 7], [7, 9, 9, 7, 9, 9, 7, 9, 7, 7], [7, 7, 9, 7, 9, 9, 7, 9, 7, 9], [7, 7, 7, 9, 9, 9, 7, 9, 9, 9], [7, 7, 7, 7, 9, 9, 7, 9, 9, 9], [9, 7, 7, 7, 7, 9, 9, 9, 9, 9], [9, 9, 7, 7, 7, 9, 9, 9, 9, 9], [9, 9, 9, 9, 9, 9, 9, 9, 9, 9]]}]}