{"train": [{"input": [[5, 5, 5, 5, 5, 5, 5, 5, 5, 5, 5, 5, 5, 5, 5, 5, 5], [5, 5, 5, 5, 5, 5, 5, 5, 0, 0, 0, 0, 0, 0, 5, 5, 5], [5, 5, 5, 0, 0, 0, 0, 5, 0, 0, 0, 0, 0, 0, 5, 5, 5], [0, 0, 5, 0, 0, 0, 0, 5, 0, 0, 0, 0, 0, 0, 5, 5, 5], [0, 0, 5, 0, 0, 0, 0, 5, 5, 5, 5, 5, 5, 5, 5, 5, 5], [0, 0, 5, 0, 0, 0, 0, 5, 5, 5, 5, 5, 5, 5, 5, 5, 5], [0, 0, 5, 0, 0, 0, 0, 5, 5, 5, 5, 5, 5, 5, 5, 5, 5], [5, 5, 5, 0, 0, 0, 0, 5, 5, 0, 0, 0, 0, 5, 5, 5, 5], [5, 5, 5, 5, 5, 5, 5, 5, 5, 0, 0, 0, 0, 5, 5, 5, 5], [0, 0, 0, 0, 5, 5, 5, 5, 5, 5, 5, 5, 5, 5, 5, 5, 5], [0, 0, 0, 0, 5, 5, 5, 5, 5, 5, 0, 0, 0, 0, 5, 5, 5], [0, 0, 0, 0, 5, 5, 5, 5, 5, 5, 0, 0, 0, 0, 5, 5, 5], [0, 0, 0, 0, 5, 5, 5, 5, 5, 5, 0, 0, 0, 0, 5, 5, 5]], "output": [[5, 5, 5, 5, 5, 5, 5, 5, 5, 5, 5, 5, 5, 5, 5, 5, 5], [5, 5, 5, 5, 5, 5, 5, 5, 0, 0, 0, 0, 0, 0, 5, 5, 5], [5, 5, 5, 1, 1, 1, 1, 5, 0, 0, 0, 0, 0, 0, 5, 5, 5], [8, 8, 5, 1, 1, 1, 1, 5, 0, 0, 0, 0, 0, 0, 5, 5, 5], [8, 8, 5, 1, 1, 1, 1, 5, 5, 5, 5, 5, 5, 5, 5, 5, 5], [8, 8, 5, 1, 1, 1, 1, 5, 5, 5, 5, 5, 5, 5, 5, 5, 5], [8, 8, 5, 1, 1, 1, 1, 5, 5, 5, 5, 5, 5, 5, 5, 5, 5], [5, 5, 5, 1, 1, 1, 1, 5, 5, 8, 8, 8, 8, 5, 5, 5, 5], [5, 5, 5, 5, 5, 5, 5, 5, 5, 8, 8, 8, 8, 5, 5, 5, 5], [0, 0, 0, 0, 5, 5, 5, 5, 5, 5, 5, 5, 5, 5, 5, 5, 5], [0, 0, 0, 0, 5, 5, 5, 5, 5, 5, 0, 0, 0, 0, 5, 5, 5], [0, 0, 0, 0, 5, 5, 5, 5, 5, 5, 0, 0, 0, 0, 5, 5, 5], [0, 0, 0, 0, 5, 5, 5, 5, 5, 5, 0, 0, 0, 0, 5, 5, 5]]}, {"input": [[5, 5, 5, 5, 5, 5, 5, 5, 5, 0, 0, 0, 0, 0, 0], [5, 5, 5, 5, 5, 5, 0, 0, 5, 0, 0, 0, 0, 0, 0], [5, 5, 5, 5, 5, 5, 0, 0, 5, 0, 0, 0, 0, 0, 0], [5, 5, 5, 5, 5, 5, 0, 0, 5, 5, 5, 5, 5, 5, 5], [5, 5, 5, 5, 5, 5, 0, 0, 5, 0, 0, 0, 0, 0, 0], [5, 0, 0, 0, 0, 5, 0, 0, 5, 0, 0, 0, 0, 0, 0], [5, 0, 0, 0, 0, 5, 5, 5, 5, 5, 5, 5, 5, 5, 5], [5, 0, 0, 0, 0, 5, 5, 5, 5, 5, 5, 5, 5, 5, 5], [5, 0, 0, 0, 0, 5, 5, 5, 5, 5, 5, 5, 5, 5, 5], [5, 0, 0, 0, 0, 5, 5, 5, 5, 5, 0, 0, 0, 0, 5], [5, 5, 5, 5, 5, 5, 5, 5, 5, 5, 0, 0, 0, 0, 5], [5, 5, 5, 5, 5, 5, 5, 5, 5, 5, 0, 0, 0, 0, 5]], "output": [[5, 5, 5, 5, 5, 5, 5, 5, 5, 0, 0, 0, 0, 0, 0], [5, 5, 5, 5, 5, 5, 8, 8, 5, 0, 0, 0, 0, 0, 0], [5, 5, 5, 5, 5, 5, 8, 8, 5, 0, 0, 0, 0, 0, 0], [5, 5, 5, 5, 5, 5, 8, 8, 5, 5, 5, 5, 5, 5, 5], [5, 5, 5, 5, 5, 5, 8, 8, 5, 0, 0, 0, 0, 0, 0], [5, 1, 1, 1, 1, 5, 8, 8, 5, 0, 0, 0, 0, 0, 0], [5, 1, 1, 1, 1, 5, 5, 5, 5, 5, 5, 5, 5, 5, 5], [5, 1, 1, 1, 1, 5, 5, 5, 5, 5, 5, 5, 5, 5, 5], [5, 1, 1, 1, 1, 5, 5, 5, 5, 5, 5, 5, 5, 5, 5], [5, 1, 1, 1, 1, 5, 5, 5, 5, 5, 0, 0, 0, 0, 5], [5, 5, 5, 5, 5, 5, 5, 5, 5, 5, 0, 0, 0, 0, 5], [5, 5, 5, 5, 5, 5, 5, 5, 5, 5, 0, 0, 0, 0, 5]]}, {"input": [[5, 5, 5, 5, 0, 0, 0, 0, 0, 0, 5, 5, 5, 5, 5, 5], [5, 5, 5, 5, 0, 0, 0, 0, 0, 0, 5, 5, 5, 5, 5, 5], [5, 5, 5, 5, 5, 5, 5, 5, 5, 5, 5, 5, 5, 5, 5, 5], [5, 5, 5, 5, 5, 5, 5, 5, 0, 0, 0, 0, 5, 0, 0, 0], [5, 5, 5, 5, 5, 5, 5, 5, 0, 0, 0, 0, 5, 0, 0, 0], [5, 5, 5, 5, 5, 5, 5, 5, 0, 0, 0, 0, 5, 0, 0, 0], [5, 5, 0, 0, 0, 0, 0, 5, 0, 0, 0, 0, 5, 5, 5, 5], [5, 5, 0, 0, 0, 0, 0, 5, 0, 0, 0, 0, 5, 5, 5, 5], [5, 5, 5, 5, 5, 5, 5, 5, 5, 5, 5, 5, 5, 5, 5, 5], [5, 5, 5, 5, 5, 5, 5, 5, 5, 0, 0, 0, 5, 5, 5, 5], [0, 0, 0, 0, 0, 5, 5, 5, 5, 0, 0, 0, 5, 5, 5, 5], [0, 0, 0, 0, 0, 5, 5, 5, 5, 0, 0, 0, 5, 5, 5, 5]], "output": [[5, 5, 5, 5, 0, 0, 0, 0, 0, 0, 5, 5, 5, 5, 5, 5], [5, 5, 5, 5, 0, 0, 0, 0, 0, 0, 5, 5, 5, 5, 5, 5], [5, 5, 5, 5, 5, 5, 5, 5, 5, 5, 5, 5, 5, 5, 5, 5], [5, 5, 5, 5, 5, 5, 5, 5, 1, 1, 1, 1, 5, 8, 8, 8], [5, 5, 5, 5, 5, 5, 5, 5, 1, 1, 1, 1, 5, 8, 8, 8], [5, 5, 5, 5, 5, 5, 5, 5, 1, 1, 1, 1, 5, 8, 8, 8], [5, 5, 0, 0, 0, 0, 0, 5, 1, 1, 1, 1, 5, 5, 5, 5], [5, 5, 0, 0, 0, 0, 0, 5, 1, 1, 1, 1, 5, 5, 5, 5], [5, 5, 5, 5, 5, 5, 5, 5, 5, 5, 5, 5, 5, 5, 5, 5], [5, 5, 5, 5, 5, 5, 5, 5, 5, 8, 8, 8, 5, 5, 5, 5], [0, 0, 0, 0, 0, 5, 5, 5, 5, 8, 8, 8, 5, 5, 5, 5], [0, 0, 0, 0, 0, 5, 5, 5, 5, 8, 8, 8, 5, 5, 5, 5]]}, {"input": [[5, 5, 5, 5, 5, 5, 5, 0, 0, 0, 0, 0, 5, 5], [5, 0, 0, 5, 0, 0, 5, 0, 0, 0, 0, 0, 5, 5], [5, 0, 0, 5, 0, 0, 5, 0, 0, 0, 0, 0, 5, 5], [5, 0, 0, 5, 0, 0, 5, 0, 0, 0, 0, 0, 5, 5], [5, 0, 0, 5, 0, 0, 5, 0, 0, 0, 0, 0, 5, 5], [5, 5, 5, 5, 0, 0, 5, 0, 0, 0, 0, 0, 5, 5], [5, 5, 5, 5, 5, 5, 5, 5, 5, 5, 5, 5, 5, 5], [5, 5, 5, 5, 5, 5, 5, 0, 0, 0, 0, 0, 0, 5], [0, 0, 5, 5, 5, 5, 5, 0, 0, 0, 0, 0, 0, 5], [0, 0, 5, 5, 5, 5, 5, 5, 5, 5, 5, 5, 5, 5], [0, 0, 5, 0, 0, 5, 5, 5, 0, 0, 0, 0, 0, 0], [0, 0, 5, 0, 0, 5, 5, 5, 0, 0, 0, 0, 0, 0], [0, 0, 5, 0, 0, 5, 5, 5, 0, 0, 0, 0, 0, 0], [0, 0, 5, 0, 0, 5, 5, 5, 5, 5, 5, 5, 5, 5]], "output": [[5, 5, 5, 5, 5, 5, 5, 1, 1, 1, 1, 1, 5, 5], [5, 8, 8, 5, 0, 0, 5, 1, 1, 1, 1, 1, 5, 5], [5, 8, 8, 5, 0, 0, 5, 1, 1, 1, 1, 1, 5, 5], [5, 8, 8, 5, 0, 0, 5, 1, 1, 1, 1, 1, 5, 5], [5, 8, 8, 5, 0, 0, 5, 1, 1, 1, 1, 1, 5, 5], [5, 5, 5, 5, 0, 0, 5, 1, 1, 1, 1, 1, 5, 5], [5, 5, 5, 5, 5, 5, 5, 5, 5, 5, 5, 5, 5, 5], [5, 5, 5, 5, 5, 5, 5, 0, 0, 0, 0, 0, 0, 5], [0, 0, 5, 5, 5, 5, 5, 0, 0, 0, 0, 0, 0, 5], [0, 0, 5, 5, 5, 5, 5, 5, 5, 5, 5, 5, 5, 5], [0, 0, 5, 8, 8, 5, 5, 5, 0, 0, 0, 0, 0, 0], [0, 0, 5, 8, 8, 5, 5, 5, 0, 0, 0, 0, 0, 0], [0, 0, 5, 8, 8, 5, 5, 5, 0, 0, 0, 0, 0, 0], [0, 0, 5, 8, 8, 5, 5, 5, 5, 5, 5, 5, 5, 5]]}, {"input": [[5, 5, 5, 5, 5, 5, 5, 5, 5, 5, 5, 5, 5, 5], [5, 5, 5, 5, 5, 5, 5, 5, 5, 5, 5, 5, 5, 5], [5, 5, 5, 5, 5, 5, 0, 0, 0, 5, 0, 0, 0, 0], [0, 0, 0, 0, 0, 5, 0, 0, 0, 5, 0, 0, 0, 0], [0, 0, 0, 0, 0, 5, 0, 0, 0, 5, 0, 0, 0, 0], [0, 0, 0, 0, 0, 5, 0, 0, 0, 5, 0, 0, 0, 0], [5, 5, 5, 5, 5, 5, 5, 5, 5, 5, 0, 0, 0, 0], [0, 0, 0, 0, 0, 5, 5, 5, 5, 5, 5, 5, 5, 5], [0, 0, 0, 0, 0, 5, 5, 5, 5, 5, 5, 5, 5, 5], [0, 0, 0, 0, 0, 5, 5, 5, 5, 5, 5, 5, 5, 5], [5, 5, 5, 5, 5, 5, 5, 5, 5, 5, 5, 5, 5, 5], [5, 5, 5, 5, 0, 0, 5, 0, 0, 0, 0, 0, 5, 5], [5, 5, 5, 5, 0, 0, 5, 0, 0, 0, 0, 0, 5, 5], [5, 5, 5, 5, 0, 0, 5, 0, 0, 0, 0, 0, 5, 5], [5, 5, 5, 5, 0, 0, 5, 0, 0, 0, 0, 0, 5, 5], [5, 5, 5, 5, 0, 0, 5, 0, 0, 0, 0, 0, 5, 5], [5, 5, 5, 5, 0, 0, 5, 0, 0, 0, 0, 0, 5, 5]], "output": [[5, 5, 5, 5, 5, 5, 5, 5, 5, 5, 5, 5, 5, 5], [5, 5, 5, 5, 5, 5, 5, 5, 5, 5, 5, 5, 5, 5], [5, 5, 5, 5, 5, 5, 8, 8, 8, 5, 0, 0, 0, 0], [0, 0, 0, 0, 0, 5, 8, 8, 8, 5, 0, 0, 0, 0], [0, 0, 0, 0, 0, 5, 8, 8, 8, 5, 0, 0, 0, 0], [0, 0, 0, 0, 0, 5, 8, 8, 8, 5, 0, 0, 0, 0], [5, 5, 5, 5, 5, 5, 5, 5, 5, 5, 0, 0, 0, 0], [0, 0, 0, 0, 0, 5, 5, 5, 5, 5, 5, 5, 5, 5], [0, 0, 0, 0, 0, 5, 5, 5, 5, 5, 5, 5, 5, 5], [0, 0, 0, 0, 0, 5, 5, 5, 5, 5, 5, 5, 5, 5], [5, 5, 5, 5, 5, 5, 5, 5, 5, 5, 5, 5, 5, 5], [5, 5, 5, 5, 8, 8, 5, 1, 1, 1, 1, 1, 5, 5], [5, 5, 5, 5, 8, 8, 5, 1, 1, 1, 1, 1, 5, 5], [5, 5, 5, 5, 8, 8, 5, 1, 1, 1, 1, 1, 5, 5], [5, 5, 5, 5, 8, 8, 5, 1, 1, 1, 1, 1, 5, 5], [5, 5, 5, 5, 8, 8, 5, 1, 1, 1, 1, 1, 5, 5], [5, 5, 5, 5, 8, 8, 5, 1, 1, 1, 1, 1, 5, 5]]}, {"input": [[5, 5, 5, 5, 5, 5, 5, 5, 5, 5, 5, 5, 5, 5, 5], [5, 5, 5, 5, 5, 5, 5, 0, 0, 0, 5, 5, 5, 5, 5], [5, 5, 5, 5, 5, 5, 5, 0, 0, 0, 5, 5, 5, 5, 5], [5, 5, 5, 5, 5, 5, 5, 0, 0, 0, 5, 5, 5, 5, 5], [5, 5, 5, 5, 5, 5, 5, 5, 5, 5, 5, 5, 5, 5, 5], [5, 5, 5, 5, 5, 5, 5, 5, 5, 5, 5, 5, 5, 5, 5], [5, 5, 5, 5, 5, 5, 5, 5, 5, 5, 5, 5, 5, 5, 5], [5, 5, 5, 5, 5, 5, 5, 5, 5, 5, 5, 5, 5, 5, 5], [5, 5, 5, 5, 5, 5, 5, 5, 5, 5, 5, 5, 5, 5, 5], [5, 5, 0, 0, 0, 0, 0, 5, 5, 5, 5, 5, 5, 5, 5], [5, 5, 0, 0, 0, 0, 0, 5, 5, 5, 5, 5, 5, 5, 5], [5, 5, 0, 0, 0, 0, 0, 5, 5, 5, 5, 5, 5, 5, 5], [5, 5, 0, 0, 0, 0, 0, 5, 5, 5, 5, 5, 5, 5, 5], [5, 5, 5, 5, 5, 5, 5, 5, 5, 5, 5, 5, 5, 5, 5], [5, 5, 5, 5, 5, 5, 0, 0, 0, 0, 0, 0, 5, 5, 5], [5, 5, 5, 5, 5, 5, 0, 0, 0, 0, 0, 0, 5, 5, 5], [5, 5, 5, 5, 5, 5, 0, 0, 0, 0, 0, 0, 5, 5, 5], [5, 5, 5, 5, 5, 5, 0, 0, 0, 0, 0, 0, 5, 5, 5], [5, 5, 5, 5, 5, 5, 0, 0, 0, 0, 0, 0, 5, 5, 5]], "output": [[5, 5, 5, 5, 5, 5, 5, 5, 5, 5, 5, 5, 5, 5, 5], [5, 5, 5, 5, 5, 5, 5, 8, 8, 8, 5, 5, 5, 5, 5], [5, 5, 5, 5, 5, 5, 5, 8, 8, 8, 5, 5, 5, 5, 5], [5, 5, 5, 5, 5, 5, 5, 8, 8, 8, 5, 5, 5, 5, 5], [5, 5, 5, 5, 5, 5, 5, 5, 5, 5, 5, 5, 5, 5, 5], [5, 5, 5, 5, 5, 5, 5, 5, 5, 5, 5, 5, 5, 5, 5], [5, 5, 5, 5, 5, 5, 5, 5, 5, 5, 5, 5, 5, 5, 5], [5, 5, 5, 5, 5, 5, 5, 5, 5, 5, 5, 5, 5, 5, 5], [5, 5, 5, 5, 5, 5, 5, 5, 5, 5, 5, 5, 5, 5, 5], [5, 5, 0, 0, 0, 0, 0, 5, 5, 5, 5, 5, 5, 5, 5], [5, 5, 0, 0, 0, 0, 0, 5, 5, 5, 5, 5, 5, 5, 5], [5, 5, 0, 0, 0, 0, 0, 5, 5, 5, 5, 5, 5, 5, 5], [5, 5, 0, 0, 0, 0, 0, 5, 5, 5, 5, 5, 5, 5, 5], [5, 5, 5, 5, 5, 5, 5, 5, 5, 5, 5, 5, 5, 5, 5], [5, 5, 5, 5, 5, 5, 1, 1, 1, 1, 1, 1, 5, 5, 5], [5, 5, 5, 5, 5, 5, 1, 1, 1, 1, 1, 1, 5, 5, 5], [5, 5, 5, 5, 5, 5, 1, 1, 1, 1, 1, 1, 5, 5, 5], [5, 5, 5, 5, 5, 5, 1, 1, 1, 1, 1, 1, 5, 5, 5], [5, 5, 5, 5, 5, 5, 1, 1, 1, 1, 1, 1, 5, 5, 5]]}, {"input": [[5, 5, 5, 5, 5, 0, 0, 0, 5, 5, 5, 5, 5, 5, 5, 5], [5, 5, 5, 5, 5, 0, 0, 0, 5, 5, 5, 5, 5, 5, 5, 5], [5, 5, 5, 5, 5, 5, 5, 5, 5, 5, 5, 5, 5, 5, 5, 5], [5, 5, 0, 0, 5, 5, 5, 5, 5, 5, 5, 5, 5, 5, 5, 5], [5, 5, 0, 0, 5, 5, 5, 5, 5, 5, 5, 0, 0, 0, 0, 5], [5, 5, 0, 0, 5, 5, 5, 5, 5, 5, 5, 0, 0, 0, 0, 5], [5, 5, 0, 0, 5, 5, 5, 5, 5, 5, 5, 0, 0, 0, 0, 5], [5, 5, 5, 5, 5, 5, 5, 5, 5, 5, 5, 0, 0, 0, 0, 5], [5, 5, 5, 5, 5, 5, 5, 5, 5, 5, 5, 0, 0, 0, 0, 5], [5, 5, 5, 5, 5, 5, 5, 5, 5, 5, 5, 0, 0, 0, 0, 5], [5, 5, 5, 5, 5, 5, 5, 5, 5, 5, 5, 5, 5, 5, 5, 5]], "output": [[5, 5, 5, 5, 5, 8, 8, 8, 5, 5, 5, 5, 5, 5, 5, 5], [5, 5, 5, 5, 5, 8, 8, 8, 5, 5, 5, 5, 5, 5, 5, 5], [5, 5, 5, 5, 5, 5, 5, 5, 5, 5, 5, 5, 5, 5, 5, 5], [5, 5, 0, 0, 5, 5, 5, 5, 5, 5, 5, 5, 5, 5, 5, 5], [5, 5, 0, 0, 5, 5, 5, 5, 5, 5, 5, 1, 1, 1, 1, 5], [5, 5, 0, 0, 5, 5, 5, 5, 5, 5, 5, 1, 1, 1, 1, 5], [5, 5, 0, 0, 5, 5, 5, 5, 5, 5, 5, 1, 1, 1, 1, 5], [5, 5, 5, 5, 5, 5, 5, 5, 5, 5, 5, 1, 1, 1, 1, 5], [5, 5, 5, 5, 5, 5, 5, 5, 5, 5, 5, 1, 1, 1, 1, 5], [5, 5, 5, 5, 5, 5, 5, 5, 5, 5, 5, 1, 1, 1, 1, 5], [5, 5, 5, 5, 5, 5, 5, 5, 5, 5, 5, 5, 5, 5, 5, 5]]}, {"input": [[0, 0, 0, 0, 5, 5, 5, 5, 5, 5, 5, 5, 0, 0, 0, 0, 0, 0], [0, 0, 0, 0, 5, 5, 5, 5, 5, 5, 5, 5, 0, 0, 0, 0, 0, 0], [0, 0, 0, 0, 5, 5, 5, 5, 5, 5, 5, 5, 0, 0, 0, 0, 0, 0], [0, 0, 0, 0, 5, 5, 5, 5, 5, 5, 5, 5, 0, 0, 0, 0, 0, 0], [0, 0, 0, 0, 5, 0, 0, 0, 0, 0, 5, 5, 0, 0, 0, 0, 0, 0], [5, 5, 5, 5, 5, 0, 0, 0, 0, 0, 5, 5, 0, 0, 0, 0, 0, 0], [5, 5, 5, 5, 5, 0, 0, 0, 0, 0, 5, 5, 5, 5, 5, 5, 5, 5], [5, 0, 0, 0, 5, 0, 0, 0, 0, 0, 5, 5, 5, 5, 5, 5, 5, 5], [5, 0, 0, 0, 5, 0, 0, 0, 0, 0, 5, 5, 5, 5, 5, 5, 5, 5], [5, 0, 0, 0, 5, 5, 5, 5, 5, 5, 5, 5, 5, 5, 5, 5, 5, 5], [5, 0, 0, 0, 5, 5, 5, 5, 5, 5, 5, 5, 5, 5, 5, 5, 5, 5], [5, 5, 5, 5, 5, 5, 5, 5, 5, 5, 5, 5, 5, 5, 5, 5, 5, 5], [5, 5, 5, 5, 5, 5, 5, 5, 5, 5, 5, 5, 5, 5, 0, 0, 5, 5], [5, 5, 5, 5, 5, 5, 5, 5, 5, 5, 5, 5, 5, 5, 0, 0, 5, 5], [5, 5, 5, 5, 0, 0, 0, 0, 0, 0, 5, 5, 5, 5, 5, 5, 5, 5], [5, 5, 5, 5, 0, 0, 0, 0, 0, 0, 5, 5, 5, 5, 5, 5, 5, 5], [5, 5, 5, 5, 0, 0, 0, 0, 0, 0, 5, 5, 5, 5, 5, 5, 5, 5], [5, 5, 5, 5, 5, 5, 5, 5, 5, 5, 5, 5, 5, 5, 5, 5, 5, 5]], "output": [[0, 0, 0, 0, 5, 5, 5, 5, 5, 5, 5, 5, 1, 1, 1, 1, 1, 1], [0, 0, 0, 0, 5, 5, 5, 5, 5, 5, 5, 5, 1, 1, 1, 1, 1, 1], [0, 0, 0, 0, 5, 5, 5, 5, 5, 5, 5, 5, 1, 1, 1, 1, 1, 1], [0, 0, 0, 0, 5, 5, 5, 5, 5, 5, 5, 5, 1, 1, 1, 1, 1, 1], [0, 0, 0, 0, 5, 0, 0, 0, 0, 0, 5, 5, 1, 1, 1, 1, 1, 1], [5, 5, 5, 5, 5, 0, 0, 0, 0, 0, 5, 5, 1, 1, 1, 1, 1, 1], [5, 5, 5, 5, 5, 0, 0, 0, 0, 0, 5, 5, 5, 5, 5, 5, 5, 5], [5, 0, 0, 0, 5, 0, 0, 0, 0, 0, 5, 5, 5, 5, 5, 5, 5, 5], [5, 0, 0, 0, 5, 0, 0, 0, 0, 0, 5, 5, 5, 5, 5, 5, 5, 5], [5, 0, 0, 0, 5, 5, 5, 5, 5, 5, 5, 5, 5, 5, 5, 5, 5, 5], [5, 0, 0, 0, 5, 5, 5, 5, 5, 5, 5, 5, 5, 5, 5, 5, 5, 5], [5, 5, 5, 5, 5, 5, 5, 5, 5, 5, 5, 5, 5, 5, 5, 5, 5, 5], [5, 5, 5, 5, 5, 5, 5, 5, 5, 5, 5, 5, 5, 5, 8, 8, 5, 5], [5, 5, 5, 5, 5, 5, 5, 5, 5, 5, 5, 5, 5, 5, 8, 8, 5, 5], [5, 5, 5, 5, 0, 0, 0, 0, 0, 0, 5, 5, 5, 5, 5, 5, 5, 5], [5, 5, 5, 5, 0, 0, 0, 0, 0, 0, 5, 5, 5, 5, 5, 5, 5, 5], [5, 5, 5, 5, 0, 0, 0, 0, 0, 0, 5, 5, 5, 5, 5, 5, 5, 5], [5, 5, 5, 5, 5, 5, 5, 5, 5, 5, 5, 5, 5, 5, 5, 5, 5, 5]]}, {"input": [[5, 5, 5, 5, 5, 5, 5, 5, 5, 0, 0, 5], [5, 5, 5, 0, 0, 0, 0, 0, 5, 0, 0, 5], [5, 5, 5, 0, 0, 0, 0, 0, 5, 0, 0, 5], [5, 5, 5, 0, 0, 0, 0, 0, 5, 5, 5, 5], [5, 5, 5, 0, 0, 0, 0, 0, 5, 5, 0, 0], [5, 5, 5, 0, 0, 0, 0, 0, 5, 5, 0, 0], [5, 5, 5, 0, 0, 0, 0, 0, 5, 5, 0, 0], [5, 5, 5, 5, 5, 5, 5, 5, 5, 5, 0, 0], [5, 5, 5, 0, 0, 0, 5, 5, 5, 5, 5, 5], [5, 5, 5, 0, 0, 0, 5, 5, 5, 5, 5, 5], [5, 5, 5, 0, 0, 0, 5, 0, 0, 0, 0, 0], [5, 5, 5, 0, 0, 0, 5, 0, 0, 0, 0, 0], [5, 5, 5, 5, 5, 5, 5, 0, 0, 0, 0, 0], [0, 0, 0, 0, 0, 0, 5, 0, 0, 0, 0, 0], [0, 0, 0, 0, 0, 0, 5, 5, 5, 5, 5, 5]], "output": [[5, 5, 5, 5, 5, 5, 5, 5, 5, 8, 8, 5], [5, 5, 5, 1, 1, 1, 1, 1, 5, 8, 8, 5], [5, 5, 5, 1, 1, 1, 1, 1, 5, 8, 8, 5], [5, 5, 5, 1, 1, 1, 1, 1, 5, 5, 5, 5], [5, 5, 5, 1, 1, 1, 1, 1, 5, 5, 0, 0], [5, 5, 5, 1, 1, 1, 1, 1, 5, 5, 0, 0], [5, 5, 5, 1, 1, 1, 1, 1, 5, 5, 0, 0], [5, 5, 5, 5, 5, 5, 5, 5, 5, 5, 0, 0], [5, 5, 5, 0, 0, 0, 5, 5, 5, 5, 5, 5], [5, 5, 5, 0, 0, 0, 5, 5, 5, 5, 5, 5], [5, 5, 5, 0, 0, 0, 5, 0, 0, 0, 0, 0], [5, 5, 5, 0, 0, 0, 5, 0, 0, 0, 0, 0], [5, 5, 5, 5, 5, 5, 5, 0, 0, 0, 0, 0], [0, 0, 0, 0, 0, 0, 5, 0, 0, 0, 0, 0], [0, 0, 0, 0, 0, 0, 5, 5, 5, 5, 5, 5]]}, {"input": [[5, 5, 0, 0, 0, 0, 0, 0, 5, 5, 5], [5, 5, 0, 0, 0, 0, 0, 0, 5, 5, 5], [5, 5, 5, 5, 5, 5, 5, 5, 5, 5, 5], [5, 5, 5, 5, 5, 5, 5, 5, 5, 5, 5], [5, 0, 0, 0, 0, 5, 5, 5, 5, 5, 5], [5, 0, 0, 0, 0, 5, 5, 5, 5, 5, 5], [5, 0, 0, 0, 0, 5, 5, 5, 0, 0, 0], [5, 0, 0, 0, 0, 5, 5, 5, 0, 0, 0], [5, 5, 5, 5, 5, 5, 5, 5, 0, 0, 0], [5, 5, 5, 5, 5, 5, 5, 5, 5, 5, 5], [5, 5, 0, 0, 0, 0, 0, 5, 5, 5, 5], [5, 5, 0, 0, 0, 0, 0, 5, 5, 5, 5], [5, 5, 0, 0, 0, 0, 0, 5, 5, 5, 5], [5, 5, 0, 0, 0, 0, 0, 5, 5, 5, 5]], "output": [[5, 5, 0, 0, 0, 0, 0, 0, 5, 5, 5], [5, 5, 0, 0, 0, 0, 0, 0, 5, 5, 5], [5, 5, 5, 5, 5, 5, 5, 5, 5, 5, 5], [5, 5, 5, 5, 5, 5, 5, 5, 5, 5, 5], [5, 0, 0, 0, 0, 5, 5, 5, 5, 5, 5], [5, 0, 0, 0, 0, 5, 5, 5, 5, 5, 5], [5, 0, 0, 0, 0, 5, 5, 5, 8, 8, 8], [5, 0, 0, 0, 0, 5, 5, 5, 8, 8, 8], [5, 5, 5, 5, 5, 5, 5, 5, 8, 8, 8], [5, 5, 5, 5, 5, 5, 5, 5, 5, 5, 5], [5, 5, 1, 1, 1, 1, 1, 5, 5, 5, 5], [5, 5, 1, 1, 1, 1, 1, 5, 5, 5, 5], [5, 5, 1, 1, 1, 1, 1, 5, 5, 5, 5], [5, 5, 1, 1, 1, 1, 1, 5, 5, 5, 5]]}, {"input": [[5, 5, 5, 5, 5, 5, 5, 5, 5, 5, 5], [5, 5, 5, 5, 5, 5, 5, 5, 5, 5, 5], [5, 5, 5, 5, 0, 0, 0, 0, 5, 5, 5], [5, 5, 5, 5, 0, 0, 0, 0, 5, 5, 5], [5, 5, 5, 5, 0, 0, 0, 0, 5, 5, 5], [5, 5, 5, 5, 0, 0, 0, 0, 5, 5, 5], [5, 5, 5, 5, 0, 0, 0, 0, 5, 5, 5], [5, 5, 5, 5, 0, 0, 0, 0, 5, 5, 5], [5, 5, 5, 5, 5, 5, 5, 5, 5, 5, 5], [5, 5, 5, 5, 5, 5, 5, 5, 5, 5, 5], [5, 5, 5, 5, 5, 5, 5, 5, 5, 5, 5], [5, 5, 5, 5, 5, 5, 5, 5, 5, 5, 5], [5, 5, 5, 5, 5, 5, 5, 5, 5, 5, 5], [5, 5, 5, 5, 5, 0, 0, 0, 0, 5, 5], [5, 0, 0, 0, 5, 0, 0, 0, 0, 5, 5], [5, 0, 0, 0, 5, 0, 0, 0, 0, 5, 5], [5, 5, 5, 5, 5, 0, 0, 0, 0, 5, 5], [5, 5, 5, 5, 5, 5, 5, 5, 5, 5, 5], [5, 5, 5, 5, 5, 5, 5, 5, 5, 5, 5]], "output": [[5, 5, 5, 5, 5, 5, 5, 5, 5, 5, 5], [5, 5, 5, 5, 5, 5, 5, 5, 5, 5, 5], [5, 5, 5, 5, 1, 1, 1, 1, 5, 5, 5], [5, 5, 5, 5, 1, 1, 1, 1, 5, 5, 5], [5, 5, 5, 5, 1, 1, 1, 1, 5, 5, 5], [5, 5, 5, 5, 1, 1, 1, 1, 5, 5, 5], [5, 5, 5, 5, 1, 1, 1, 1, 5, 5, 5], [5, 5, 5, 5, 1, 1, 1, 1, 5, 5, 5], [5, 5, 5, 5, 5, 5, 5, 5, 5, 5, 5], [5, 5, 5, 5, 5, 5, 5, 5, 5, 5, 5], [5, 5, 5, 5, 5, 5, 5, 5, 5, 5, 5], [5, 5, 5, 5, 5, 5, 5, 5, 5, 5, 5], [5, 5, 5, 5, 5, 5, 5, 5, 5, 5, 5], [5, 5, 5, 5, 5, 0, 0, 0, 0, 5, 5], [5, 8, 8, 8, 5, 0, 0, 0, 0, 5, 5], [5, 8, 8, 8, 5, 0, 0, 0, 0, 5, 5], [5, 5, 5, 5, 5, 0, 0, 0, 0, 5, 5], [5, 5, 5, 5, 5, 5, 5, 5, 5, 5, 5], [5, 5, 5, 5, 5, 5, 5, 5, 5, 5, 5]]}, {"input": [[5, 5, 5, 5, 5, 5, 5, 5, 5, 5, 5, 5, 5, 5, 5, 5, 5, 5, 5], [5, 5, 5, 5, 5, 5, 5, 5, 5, 5, 5, 5, 5, 5, 5, 5, 5, 5, 5], [5, 5, 5, 5, 5, 5, 5, 5, 5, 5, 5, 5, 5, 5, 5, 5, 5, 5, 5], [0, 0, 0, 0, 0, 0, 5, 0, 0, 5, 0, 0, 0, 0, 5, 5, 5, 5, 5], [0, 0, 0, 0, 0, 0, 5, 0, 0, 5, 0, 0, 0, 0, 5, 0, 0, 5, 5], [0, 0, 0, 0, 0, 0, 5, 0, 0, 5, 0, 0, 0, 0, 5, 0, 0, 5, 5], [0, 0, 0, 0, 0, 0, 5, 0, 0, 5, 5, 5, 5, 5, 5, 0, 0, 5, 5], [0, 0, 0, 0, 0, 0, 5, 5, 5, 5, 5, 5, 5, 5, 5, 0, 0, 5, 5], [5, 5, 5, 5, 5, 5, 5, 5, 5, 5, 5, 5, 5, 5, 5, 5, 5, 5, 5], [5, 5, 5, 5, 5, 5, 5, 5, 5, 5, 5, 5, 5, 5, 5, 5, 0, 0, 0], [5, 5, 5, 5, 5, 5, 5, 5, 5, 5, 5, 5, 5, 5, 5, 5, 0, 0, 0]], "output": [[5, 5, 5, 5, 5, 5, 5, 5, 5, 5, 5, 5, 5, 5, 5, 5, 5, 5, 5], [5, 5, 5, 5, 5, 5, 5, 5, 5, 5, 5, 5, 5, 5, 5, 5, 5, 5, 5], [5, 5, 5, 5, 5, 5, 5, 5, 5, 5, 5, 5, 5, 5, 5, 5, 5, 5, 5], [1, 1, 1, 1, 1, 1, 5, 0, 0, 5, 0, 0, 0, 0, 5, 5, 5, 5, 5], [1, 1, 1, 1, 1, 1, 5, 0, 0, 5, 0, 0, 0, 0, 5, 0, 0, 5, 5], [1, 1, 1, 1, 1, 1, 5, 0, 0, 5, 0, 0, 0, 0, 5, 0, 0, 5, 5], [1, 1, 1, 1, 1, 1, 5, 0, 0, 5, 5, 5, 5, 5, 5, 0, 0, 5, 5], [1, 1, 1, 1, 1, 1, 5, 5, 5, 5, 5, 5, 5, 5, 5, 0, 0, 5, 5], [5, 5, 5, 5, 5, 5, 5, 5, 5, 5, 5, 5, 5, 5, 5, 5, 5, 5, 5], [5, 5, 5, 5, 5, 5, 5, 5, 5, 5, 5, 5, 5, 5, 5, 5, 8, 8, 8], [5, 5, 5, 5, 5, 5, 5, 5, 5, 5, 5, 5, 5, 5, 5, 5, 8, 8, 8]]}, {"input": [[5, 5, 5, 5, 5, 5, 5, 5, 5, 5, 5, 5, 5, 5, 5, 5, 5, 5, 5, 5], [5, 5, 5, 5, 5, 5, 5, 0, 0, 5, 5, 5, 5, 5, 5, 5, 5, 5, 5, 5], [5, 5, 5, 5, 5, 5, 5, 0, 0, 5, 0, 0, 5, 5, 5, 5, 5, 5, 5, 5], [5, 5, 5, 5, 5, 5, 5, 0, 0, 5, 0, 0, 5, 5, 5, 5, 5, 5, 5, 5], [5, 0, 0, 0, 0, 5, 5, 0, 0, 5, 0, 0, 5, 5, 5, 5, 5, 5, 5, 5], [5, 0, 0, 0, 0, 5, 5, 5, 5, 5, 0, 0, 5, 0, 0, 0, 0, 0, 0, 5], [5, 0, 0, 0, 0, 5, 5, 5, 5, 5, 0, 0, 5, 0, 0, 0, 0, 0, 0, 5], [5, 0, 0, 0, 0, 5, 5, 5, 5, 5, 0, 0, 5, 0, 0, 0, 0, 0, 0, 5], [5, 0, 0, 0, 0, 5, 5, 5, 5, 5, 5, 5, 5, 0, 0, 0, 0, 0, 0, 5], [5, 0, 0, 0, 0, 5, 5, 5, 5, 5, 5, 5, 5, 0, 0, 0, 0, 0, 0, 5]], "output": [[5, 5, 5, 5, 5, 5, 5, 5, 5, 5, 5, 5, 5, 5, 5, 5, 5, 5, 5, 5], [5, 5, 5, 5, 5, 5, 5, 8, 8, 5, 5, 5, 5, 5, 5, 5, 5, 5, 5, 5], [5, 5, 5, 5, 5, 5, 5, 8, 8, 5, 0, 0, 5, 5, 5, 5, 5, 5, 5, 5], [5, 5, 5, 5, 5, 5, 5, 8, 8, 5, 0, 0, 5, 5, 5, 5, 5, 5, 5, 5], [5, 0, 0, 0, 0, 5, 5, 8, 8, 5, 0, 0, 5, 5, 5, 5, 5, 5, 5, 5], [5, 0, 0, 0, 0, 5, 5, 5, 5, 5, 0, 0, 5, 1, 1, 1, 1, 1, 1, 5], [5, 0, 0, 0, 0, 5, 5, 5, 5, 5, 0, 0, 5, 1, 1, 1, 1, 1, 1, 5], [5, 0, 0, 0, 0, 5, 5, 5, 5, 5, 0, 0, 5, 1, 1, 1, 1, 1, 1, 5], [5, 0, 0, 0, 0, 5, 5, 5, 5, 5, 5, 5, 5, 1, 1, 1, 1, 1, 1, 5], [5, 0, 0, 0, 0, 5, 5, 5, 5, 5, 5, 5, 5, 1, 1, 1, 1, 1, 1, 5]]}, {"input": [[5, 5, 0, 0, 0, 0, 0, 5, 5, 5, 5], [5, 5, 0, 0, 0, 0, 0, 5, 5, 5, 5], [5, 5, 0, 0, 0, 0, 0, 5, 5, 5, 5], [5, 5, 0, 0, 0, 0, 0, 5, 5, 5, 5], [5, 5, 0, 0, 0, 0, 0, 5, 5, 5, 5], [5, 5, 5, 5, 5, 5, 5, 5, 5, 5, 5], [5, 5, 5, 5, 5, 0, 0, 0, 0, 0, 5], [5, 5, 5, 5, 5, 0, 0, 0, 0, 0, 5], [5, 5, 5, 5, 5, 0, 0, 0, 0, 0, 5], [5, 5, 5, 5, 5, 0, 0, 0, 0, 0, 5], [5, 5, 5, 5, 5, 0, 0, 0, 0, 0, 5], [5, 5, 5, 5, 5, 0, 0, 0, 0, 0, 5], [0, 0, 0, 5, 5, 5, 5, 5, 5, 5, 5], [0, 0, 0, 5, 0, 0, 0, 0, 5, 5, 5], [0, 0, 0, 5, 0, 0, 0, 0, 5, 5, 5], [0, 0, 0, 5, 0, 0, 0, 0, 5, 5, 5], [5, 5, 5, 5, 0, 0, 0, 0, 5, 5, 5], [5, 5, 5, 5, 0, 0, 0, 0, 5, 5, 5], [5, 5, 5, 5, 5, 5, 5, 5, 5, 5, 5]], "output": [[5, 5, 0, 0, 0, 0, 0, 5, 5, 5, 5], [5, 5, 0, 0, 0, 0, 0, 5, 5, 5, 5], [5, 5, 0, 0, 0, 0, 0, 5, 5, 5, 5], [5, 5, 0, 0, 0, 0, 0, 5, 5, 5, 5], [5, 5, 0, 0, 0, 0, 0, 5, 5, 5, 5], [5, 5, 5, 5, 5, 5, 5, 5, 5, 5, 5], [5, 5, 5, 5, 5, 1, 1, 1, 1, 1, 5], [5, 5, 5, 5, 5, 1, 1, 1, 1, 1, 5], [5, 5, 5, 5, 5, 1, 1, 1, 1, 1, 5], [5, 5, 5, 5, 5, 1, 1, 1, 1, 1, 5], [5, 5, 5, 5, 5, 1, 1, 1, 1, 1, 5], [5, 5, 5, 5, 5, 1, 1, 1, 1, 1, 5], [8, 8, 8, 5, 5, 5, 5, 5, 5, 5, 5], [8, 8, 8, 5, 0, 0, 0, 0, 5, 5, 5], [8, 8, 8, 5, 0, 0, 0, 0, 5, 5, 5], [8, 8, 8, 5, 0, 0, 0, 0, 5, 5, 5], [5, 5, 5, 5, 0, 0, 0, 0, 5, 5, 5], [5, 5, 5, 5, 0, 0, 0, 0, 5, 5, 5], [5, 5, 5, 5, 5, 5, 5, 5, 5, 5, 5]]}, {"input": [[5, 5, 5, 5, 5, 5, 5, 5, 5, 5, 5, 5, 5, 5, 5, 5, 5, 5], [5, 5, 5, 5, 5, 5, 5, 5, 5, 5, 5, 5, 5, 5, 5, 5, 5, 5], [5, 5, 5, 5, 5, 5, 0, 0, 5, 5, 0, 0, 5, 5, 5, 5, 5, 5], [5, 5, 5, 5, 5, 5, 0, 0, 5, 5, 0, 0, 5, 0, 0, 0, 0, 0], [5, 5, 5, 5, 5, 5, 0, 0, 5, 5, 0, 0, 5, 0, 0, 0, 0, 0], [5, 0, 0, 0, 5, 5, 0, 0, 5, 5, 5, 5, 5, 0, 0, 0, 0, 0], [5, 0, 0, 0, 5, 5, 0, 0, 5, 5, 0, 0, 5, 0, 0, 0, 0, 0], [5, 0, 0, 0, 5, 5, 5, 5, 5, 5, 0, 0, 5, 0, 0, 0, 0, 0], [5, 0, 0, 0, 5, 5, 5, 5, 5, 5, 0, 0, 5, 0, 0, 0, 0, 0], [5, 0, 0, 0, 5, 5, 5, 5, 5, 5, 5, 5, 5, 5, 5, 5, 5, 5], [5, 5, 5, 5, 5, 5, 5, 5, 5, 5, 5, 5, 5, 5, 5, 5, 5, 5]], "output": [[5, 5, 5, 5, 5, 5, 5, 5, 5, 5, 5, 5, 5, 5, 5, 5, 5, 5], [5, 5, 5, 5, 5, 5, 5, 5, 5, 5, 5, 5, 5, 5, 5, 5, 5, 5], [5, 5, 5, 5, 5, 5, 0, 0, 5, 5, 8, 8, 5, 5, 5, 5, 5, 5], [5, 5, 5, 5, 5, 5, 0, 0, 5, 5, 8, 8, 5, 1, 1, 1, 1, 1], [5, 5, 5, 5, 5, 5, 0, 0, 5, 5, 8, 8, 5, 1, 1, 1, 1, 1], [5, 0, 0, 0, 5, 5, 0, 0, 5, 5, 5, 5, 5, 1, 1, 1, 1, 1], [5, 0, 0, 0, 5, 5, 0, 0, 5, 5, 8, 8, 5, 1, 1, 1, 1, 1], [5, 0, 0, 0, 5, 5, 5, 5, 5, 5, 8, 8, 5, 1, 1, 1, 1, 1], [5, 0, 0, 0, 5, 5, 5, 5, 5, 5, 8, 8, 5, 1, 1, 1, 1, 1], [5, 0, 0, 0, 5, 5, 5, 5, 5, 5, 5, 5, 5, 5, 5, 5, 5, 5], [5, 5, 5, 5, 5, 5, 5, 5, 5, 5, 5, 5, 5, 5, 5, 5, 5, 5]]}, {"input": [[5, 5, 5, 5, 5, 5, 5, 5, 5, 5, 5], [5, 5, 5, 5, 5, 5, 5, 5, 5, 5, 5], [5, 5, 5, 0, 0, 0, 5, 0, 0, 0, 5], [5, 5, 5, 0, 0, 0, 5, 0, 0, 0, 5], [5, 5, 5, 5, 5, 5, 5, 0, 0, 0, 5], [5, 5, 5, 5, 5, 5, 5, 0, 0, 0, 5], [5, 5, 5, 5, 5, 5, 5, 0, 0, 0, 5], [5, 5, 5, 5, 5, 5, 5, 5, 5, 5, 5], [5, 5, 5, 5, 5, 5, 5, 5, 5, 5, 5], [5, 5, 5, 5, 5, 5, 5, 5, 5, 5, 5], [5, 5, 0, 0, 0, 0, 0, 5, 5, 5, 5], [5, 5, 0, 0, 0, 0, 0, 5, 5, 5, 5], [5, 5, 0, 0, 0, 0, 0, 5, 5, 5, 5], [5, 5, 5, 5, 5, 5, 5, 5, 5, 5, 5], [5, 5, 5, 5, 5, 5, 5, 5, 5, 5, 5], [5, 5, 5, 5, 5, 5, 5, 5, 5, 5, 5], [5, 5, 5, 5, 5, 5, 5, 5, 5, 5, 5]], "output": [[5, 5, 5, 5, 5, 5, 5, 5, 5, 5, 5], [5, 5, 5, 5, 5, 5, 5, 5, 5, 5, 5], [5, 5, 5, 8, 8, 8, 5, 1, 1, 1, 5], [5, 5, 5, 8, 8, 8, 5, 1, 1, 1, 5], [5, 5, 5, 5, 5, 5, 5, 1, 1, 1, 5], [5, 5, 5, 5, 5, 5, 5, 1, 1, 1, 5], [5, 5, 5, 5, 5, 5, 5, 1, 1, 1, 5], [5, 5, 5, 5, 5, 5, 5, 5, 5, 5, 5], [5, 5, 5, 5, 5, 5, 5, 5, 5, 5, 5], [5, 5, 5, 5, 5, 5, 5, 5, 5, 5, 5], [5, 5, 1, 1, 1, 1, 1, 5, 5, 5, 5], [5, 5, 1, 1, 1, 1, 1, 5, 5, 5, 5], [5, 5, 1, 1, 1, 1, 1, 5, 5, 5, 5], [5, 5, 5, 5, 5, 5, 5, 5, 5, 5, 5], [5, 5, 5, 5, 5, 5, 5, 5, 5, 5, 5], [5, 5, 5, 5, 5, 5, 5, 5, 5, 5, 5], [5, 5, 5, 5, 5, 5, 5, 5, 5, 5, 5]]}, {"input": [[5, 5, 5, 5, 5, 5, 5, 5, 0, 0, 0, 5], [5, 5, 5, 5, 5, 5, 5, 5, 0, 0, 0, 5], [0, 0, 5, 5, 0, 0, 5, 5, 0, 0, 0, 5], [0, 0, 5, 5, 0, 0, 5, 5, 0, 0, 0, 5], [0, 0, 5, 5, 0, 0, 5, 5, 5, 5, 5, 5], [0, 0, 5, 5, 0, 0, 5, 5, 5, 5, 0, 0], [0, 0, 5, 5, 0, 0, 5, 5, 5, 5, 0, 0], [0, 0, 5, 5, 5, 5, 5, 5, 5, 5, 0, 0], [5, 5, 5, 5, 5, 5, 5, 5, 5, 5, 0, 0], [5, 5, 5, 5, 5, 5, 5, 5, 5, 5, 0, 0]], "output": [[5, 5, 5, 5, 5, 5, 5, 5, 1, 1, 1, 5], [5, 5, 5, 5, 5, 5, 5, 5, 1, 1, 1, 5], [1, 1, 5, 5, 8, 8, 5, 5, 1, 1, 1, 5], [1, 1, 5, 5, 8, 8, 5, 5, 1, 1, 1, 5], [1, 1, 5, 5, 8, 8, 5, 5, 5, 5, 5, 5], [1, 1, 5, 5, 8, 8, 5, 5, 5, 5, 8, 8], [1, 1, 5, 5, 8, 8, 5, 5, 5, 5, 8, 8], [1, 1, 5, 5, 5, 5, 5, 5, 5, 5, 8, 8], [5, 5, 5, 5, 5, 5, 5, 5, 5, 5, 8, 8], [5, 5, 5, 5, 5, 5, 5, 5, 5, 5, 8, 8]]}, {"input": [[5, 5, 5, 5, 5, 5, 5, 5, 5, 5], [5, 5, 5, 5, 5, 5, 5, 5, 5, 5], [5, 5, 5, 5, 5, 5, 5, 5, 5, 5], [5, 5, 5, 5, 0, 0, 0, 0, 0, 5], [5, 5, 5, 5, 0, 0, 0, 0, 0, 5], [5, 5, 5, 5, 0, 0, 0, 0, 0, 5], [5, 5, 5, 5, 0, 0, 0, 0, 0, 5], [0, 0, 5, 5, 0, 0, 0, 0, 0, 5], [0, 0, 5, 5, 5, 5, 5, 5, 5, 5], [0, 0, 5, 5, 5, 5, 5, 5, 5, 5], [0, 0, 5, 5, 5, 5, 5, 5, 5, 5], [5, 5, 5, 0, 0, 5, 5, 5, 5, 5], [5, 5, 5, 0, 0, 5, 5, 5, 5, 5], [5, 5, 5, 5, 5, 5, 5, 0, 0, 5], [5, 0, 0, 0, 0, 5, 5, 0, 0, 5], [5, 0, 0, 0, 0, 5, 5, 0, 0, 5], [5, 0, 0, 0, 0, 5, 5, 0, 0, 5], [5, 5, 5, 5, 5, 5, 5, 0, 0, 5], [5, 5, 5, 5, 5, 5, 5, 5, 5, 5]], "output": [[5, 5, 5, 5, 5, 5, 5, 5, 5, 5], [5, 5, 5, 5, 5, 5, 5, 5, 5, 5], [5, 5, 5, 5, 5, 5, 5, 5, 5, 5], [5, 5, 5, 5, 1, 1, 1, 1, 1, 5], [5, 5, 5, 5, 1, 1, 1, 1, 1, 5], [5, 5, 5, 5, 1, 1, 1, 1, 1, 5], [5, 5, 5, 5, 1, 1, 1, 1, 1, 5], [0, 0, 5, 5, 1, 1, 1, 1, 1, 5], [0, 0, 5, 5, 5, 5, 5, 5, 5, 5], [0, 0, 5, 5, 5, 5, 5, 5, 5, 5], [0, 0, 5, 5, 5, 5, 5, 5, 5, 5], [5, 5, 5, 8, 8, 5, 5, 5, 5, 5], [5, 5, 5, 8, 8, 5, 5, 5, 5, 5], [5, 5, 5, 5, 5, 5, 5, 0, 0, 5], [5, 0, 0, 0, 0, 5, 5, 0, 0, 5], [5, 0, 0, 0, 0, 5, 5, 0, 0, 5], [5, 0, 0, 0, 0, 5, 5, 0, 0, 5], [5, 5, 5, 5, 5, 5, 5, 0, 0, 5], [5, 5, 5, 5, 5, 5, 5, 5, 5, 5]]}, {"input": [[5, 0, 0, 0, 0, 0, 5, 5, 5, 5, 5, 5, 5, 5, 5], [5, 0, 0, 0, 0, 0, 5, 5, 5, 5, 5, 5, 5, 5, 5], [5, 0, 0, 0, 0, 0, 5, 5, 5, 5, 5, 5, 5, 5, 5], [5, 0, 0, 0, 0, 0, 5, 5, 0, 0, 0, 0, 0, 0, 5], [5, 0, 0, 0, 0, 0, 5, 5, 0, 0, 0, 0, 0, 0, 5], [5, 5, 5, 5, 5, 5, 5, 5, 0, 0, 0, 0, 0, 0, 5], [5, 5, 5, 5, 5, 5, 5, 5, 0, 0, 0, 0, 0, 0, 5], [5, 5, 5, 5, 5, 5, 5, 5, 0, 0, 0, 0, 0, 0, 5], [5, 5, 5, 5, 5, 5, 5, 5, 0, 0, 0, 0, 0, 0, 5], [5, 5, 5, 0, 0, 5, 5, 5, 5, 5, 5, 5, 5, 5, 5], [5, 5, 5, 0, 0, 5, 0, 0, 5, 5, 5, 5, 5, 5, 5], [5, 5, 5, 0, 0, 5, 0, 0, 5, 5, 0, 0, 0, 5, 5], [5, 5, 5, 0, 0, 5, 0, 0, 5, 5, 0, 0, 0, 5, 5], [5, 5, 5, 0, 0, 5, 5, 5, 5, 5, 0, 0, 0, 5, 5], [5, 5, 5, 0, 0, 5, 5, 5, 5, 5, 0, 0, 0, 5, 5], [5, 5, 5, 5, 5, 5, 5, 5, 5, 5, 0, 0, 0, 5, 5], [5, 5, 5, 5, 5, 5, 5, 5, 5, 5, 0, 0, 0, 5, 5]], "output": [[5, 0, 0, 0, 0, 0, 5, 5, 5, 5, 5, 5, 5, 5, 5], [5, 0, 0, 0, 0, 0, 5, 5, 5, 5, 5, 5, 5, 5, 5], [5, 0, 0, 0, 0, 0, 5, 5, 5, 5, 5, 5, 5, 5, 5], [5, 0, 0, 0, 0, 0, 5, 5, 1, 1, 1, 1, 1, 1, 5], [5, 0, 0, 0, 0, 0, 5, 5, 1, 1, 1, 1, 1, 1, 5], [5, 5, 5, 5, 5, 5, 5, 5, 1, 1, 1, 1, 1, 1, 5], [5, 5, 5, 5, 5, 5, 5, 5, 1, 1, 1, 1, 1, 1, 5], [5, 5, 5, 5, 5, 5, 5, 5, 1, 1, 1, 1, 1, 1, 5], [5, 5, 5, 5, 5, 5, 5, 5, 1, 1, 1, 1, 1, 1, 5], [5, 5, 5, 0, 0, 5, 5, 5, 5, 5, 5, 5, 5, 5, 5], [5, 5, 5, 0, 0, 5, 8, 8, 5, 5, 5, 5, 5, 5, 5], [5, 5, 5, 0, 0, 5, 8, 8, 5, 5, 0, 0, 0, 5, 5], [5, 5, 5, 0, 0, 5, 8, 8, 5, 5, 0, 0, 0, 5, 5], [5, 5, 5, 0, 0, 5, 5, 5, 5, 5, 0, 0, 0, 5, 5], [5, 5, 5, 0, 0, 5, 5, 5, 5, 5, 0, 0, 0, 5, 5], [5, 5, 5, 5, 5, 5, 5, 5, 5, 5, 0, 0, 0, 5, 5], [5, 5, 5, 5, 5, 5, 5, 5, 5, 5, 0, 0, 0, 5, 5]]}, {"input": [[5, 5, 5, 5, 5, 5, 5, 5, 0, 0, 0, 0], [5, 5, 5, 5, 5, 5, 5, 5, 0, 0, 0, 0], [5, 5, 5, 0, 0, 0, 0, 5, 0, 0, 0, 0], [5, 5, 5, 0, 0, 0, 0, 5, 0, 0, 0, 0], [5, 5, 5, 0, 0, 0, 0, 5, 0, 0, 0, 0], [5, 5, 5, 0, 0, 0, 0, 5, 0, 0, 0, 0], [5, 5, 5, 5, 5, 5, 5, 5, 5, 5, 5, 5], [5, 0, 0, 5, 5, 5, 0, 0, 5, 5, 5, 5], [5, 0, 0, 5, 5, 5, 0, 0, 5, 5, 5, 5], [5, 0, 0, 5, 5, 5, 0, 0, 5, 5, 5, 5], [5, 0, 0, 5, 5, 5, 5, 5, 5, 5, 5, 5], [5, 5, 5, 5, 5, 5, 5, 5, 5, 5, 5, 5], [5, 5, 0, 0, 0, 5, 5, 5, 5, 5, 5, 5], [5, 5, 0, 0, 0, 5, 5, 5, 5, 5, 5, 5], [5, 5, 0, 0, 0, 5, 0, 0, 0, 0, 0, 0], [5, 5, 0, 0, 0, 5, 0, 0, 0, 0, 0, 0], [5, 5, 0, 0, 0, 5, 0, 0, 0, 0, 0, 0], [5, 5, 0, 0, 0, 5, 0, 0, 0, 0, 0, 0], [5, 5, 5, 5, 5, 5, 0, 0, 0, 0, 0, 0], [5, 5, 5, 5, 5, 5, 0, 0, 0, 0, 0, 0]], "output": [[5, 5, 5, 5, 5, 5, 5, 5, 0, 0, 0, 0], [5, 5, 5, 5, 5, 5, 5, 5, 0, 0, 0, 0], [5, 5, 5, 0, 0, 0, 0, 5, 0, 0, 0, 0], [5, 5, 5, 0, 0, 0, 0, 5, 0, 0, 0, 0], [5, 5, 5, 0, 0, 0, 0, 5, 0, 0, 0, 0], [5, 5, 5, 0, 0, 0, 0, 5, 0, 0, 0, 0], [5, 5, 5, 5, 5, 5, 5, 5, 5, 5, 5, 5], [5, 0, 0, 5, 5, 5, 8, 8, 5, 5, 5, 5], [5, 0, 0, 5, 5, 5, 8, 8, 5, 5, 5, 5], [5, 0, 0, 5, 5, 5, 8, 8, 5, 5, 5, 5], [5, 0, 0, 5, 5, 5, 5, 5, 5, 5, 5, 5], [5, 5, 5, 5, 5, 5, 5, 5, 5, 5, 5, 5], [5, 5, 0, 0, 0, 5, 5, 5, 5, 5, 5, 5], [5, 5, 0, 0, 0, 5, 5, 5, 5, 5, 5, 5], [5, 5, 0, 0, 0, 5, 1, 1, 1, 1, 1, 1], [5, 5, 0, 0, 0, 5, 1, 1, 1, 1, 1, 1], [5, 5, 0, 0, 0, 5, 1, 1, 1, 1, 1, 1], [5, 5, 0, 0, 0, 5, 1, 1, 1, 1, 1, 1], [5, 5, 5, 5, 5, 5, 1, 1, 1, 1, 1, 1], [5, 5, 5, 5, 5, 5, 1, 1, 1, 1, 1, 1]]}, {"input": [[5, 5, 5, 5, 5, 5, 5, 5, 5, 5, 5, 5, 5, 5, 5, 5], [5, 5, 5, 5, 5, 5, 5, 5, 5, 5, 5, 5, 5, 5, 5, 5], [5, 5, 5, 5, 5, 5, 5, 5, 5, 0, 0, 5, 5, 5, 5, 5], [5, 5, 5, 5, 5, 5, 5, 5, 5, 0, 0, 5, 5, 5, 5, 5], [5, 5, 5, 5, 5, 5, 5, 5, 5, 5, 5, 5, 5, 5, 5, 5], [5, 5, 5, 5, 5, 5, 5, 5, 5, 0, 0, 0, 5, 5, 5, 5], [5, 5, 5, 5, 5, 5, 5, 5, 5, 0, 0, 0, 5, 5, 5, 5], [5, 5, 5, 5, 5, 5, 5, 5, 5, 0, 0, 0, 5, 5, 5, 5], [5, 5, 5, 5, 5, 5, 5, 5, 5, 0, 0, 0, 5, 5, 5, 5], [5, 5, 5, 5, 5, 5, 5, 5, 5, 0, 0, 0, 5, 5, 5, 5], [5, 5, 5, 5, 5, 5, 5, 5, 5, 5, 5, 5, 5, 5, 5, 5], [5, 0, 0, 0, 0, 0, 5, 5, 5, 5, 5, 5, 5, 5, 5, 5], [5, 0, 0, 0, 0, 0, 5, 5, 5, 5, 5, 5, 5, 5, 5, 5], [5, 5, 5, 5, 5, 5, 5, 0, 0, 0, 5, 5, 5, 5, 5, 5], [5, 5, 5, 5, 5, 5, 5, 0, 0, 0, 5, 5, 5, 5, 5, 5], [5, 5, 5, 5, 5, 5, 5, 0, 0, 0, 5, 5, 5, 5, 5, 5]], "output": [[5, 5, 5, 5, 5, 5, 5, 5, 5, 5, 5, 5, 5, 5, 5, 5], [5, 5, 5, 5, 5, 5, 5, 5, 5, 5, 5, 5, 5, 5, 5, 5], [5, 5, 5, 5, 5, 5, 5, 5, 5, 8, 8, 5, 5, 5, 5, 5], [5, 5, 5, 5, 5, 5, 5, 5, 5, 8, 8, 5, 5, 5, 5, 5], [5, 5, 5, 5, 5, 5, 5, 5, 5, 5, 5, 5, 5, 5, 5, 5], [5, 5, 5, 5, 5, 5, 5, 5, 5, 1, 1, 1, 5, 5, 5, 5], [5, 5, 5, 5, 5, 5, 5, 5, 5, 1, 1, 1, 5, 5, 5, 5], [5, 5, 5, 5, 5, 5, 5, 5, 5, 1, 1, 1, 5, 5, 5, 5], [5, 5, 5, 5, 5, 5, 5, 5, 5, 1, 1, 1, 5, 5, 5, 5], [5, 5, 5, 5, 5, 5, 5, 5, 5, 1, 1, 1, 5, 5, 5, 5], [5, 5, 5, 5, 5, 5, 5, 5, 5, 5, 5, 5, 5, 5, 5, 5], [5, 0, 0, 0, 0, 0, 5, 5, 5, 5, 5, 5, 5, 5, 5, 5], [5, 0, 0, 0, 0, 0, 5, 5, 5, 5, 5, 5, 5, 5, 5, 5], [5, 5, 5, 5, 5, 5, 5, 0, 0, 0, 5, 5, 5, 5, 5, 5], [5, 5, 5, 5, 5, 5, 5, 0, 0, 0, 5, 5, 5, 5, 5, 5], [5, 5, 5, 5, 5, 5, 5, 0, 0, 0, 5, 5, 5, 5, 5, 5]]}, {"input": [[5, 5, 5, 5, 5, 5, 5, 5, 5, 5, 5, 5, 5, 5, 5, 5, 5, 5, 5], [5, 5, 5, 5, 5, 5, 5, 5, 5, 5, 5, 5, 0, 0, 0, 5, 5, 5, 5], [5, 5, 5, 5, 5, 5, 5, 0, 0, 0, 5, 5, 0, 0, 0, 5, 5, 5, 5], [5, 5, 5, 5, 5, 5, 5, 0, 0, 0, 5, 5, 5, 5, 5, 5, 5, 5, 5], [5, 5, 5, 5, 5, 5, 5, 0, 0, 0, 5, 5, 5, 5, 0, 0, 0, 5, 5], [5, 5, 5, 5, 5, 5, 5, 0, 0, 0, 5, 5, 5, 5, 0, 0, 0, 5, 5], [5, 5, 5, 5, 5, 5, 5, 0, 0, 0, 5, 5, 5, 5, 5, 5, 5, 5, 5], [5, 5, 5, 5, 5, 5, 5, 0, 0, 0, 5, 5, 5, 5, 5, 5, 5, 0, 0], [5, 0, 0, 0, 0, 0, 5, 5, 5, 5, 5, 5, 5, 5, 5, 5, 5, 0, 0], [5, 0, 0, 0, 0, 0, 5, 5, 5, 5, 5, 5, 5, 5, 5, 5, 5, 0, 0], [5, 5, 5, 5, 5, 5, 5, 0, 0, 0, 0, 0, 0, 5, 5, 5, 5, 0, 0], [5, 5, 5, 5, 5, 5, 5, 0, 0, 0, 0, 0, 0, 5, 5, 5, 5, 0, 0], [5, 5, 5, 5, 5, 5, 5, 0, 0, 0, 0, 0, 0, 5, 5, 5, 5, 5, 5], [5, 5, 5, 5, 5, 5, 5, 5, 5, 5, 5, 5, 5, 5, 5, 5, 5, 5, 5], [5, 5, 5, 5, 5, 5, 5, 5, 5, 5, 5, 5, 5, 5, 5, 5, 5, 5, 5], [5, 5, 5, 5, 5, 5, 5, 5, 5, 5, 5, 5, 5, 5, 5, 5, 5, 5, 5]], "output": [[5, 5, 5, 5, 5, 5, 5, 5, 5, 5, 5, 5, 5, 5, 5, 5, 5, 5, 5], [5, 5, 5, 5, 5, 5, 5, 5, 5, 5, 5, 5, 8, 8, 8, 5, 5, 5, 5], [5, 5, 5, 5, 5, 5, 5, 1, 1, 1, 5, 5, 8, 8, 8, 5, 5, 5, 5], [5, 5, 5, 5, 5, 5, 5, 1, 1, 1, 5, 5, 5, 5, 5, 5, 5, 5, 5], [5, 5, 5, 5, 5, 5, 5, 1, 1, 1, 5, 5, 5, 5, 8, 8, 8, 5, 5], [5, 5, 5, 5, 5, 5, 5, 1, 1, 1, 5, 5, 5, 5, 8, 8, 8, 5, 5], [5, 5, 5, 5, 5, 5, 5, 1, 1, 1, 5, 5, 5, 5, 5, 5, 5, 5, 5], [5, 5, 5, 5, 5, 5, 5, 1, 1, 1, 5, 5, 5, 5, 5, 5, 5, 0, 0], [5, 0, 0, 0, 0, 0, 5, 5, 5, 5, 5, 5, 5, 5, 5, 5, 5, 0, 0], [5, 0, 0, 0, 0, 0, 5, 5, 5, 5, 5, 5, 5, 5, 5, 5, 5, 0, 0], [5, 5, 5, 5, 5, 5, 5, 1, 1, 1, 1, 1, 1, 5, 5, 5, 5, 0, 0], [5, 5, 5, 5, 5, 5, 5, 1, 1, 1, 1, 1, 1, 5, 5, 5, 5, 0, 0], [5, 5, 5, 5, 5, 5, 5, 1, 1, 1, 1, 1, 1, 5, 5, 5, 5, 5, 5], [5, 5, 5, 5, 5, 5, 5, 5, 5, 5, 5, 5, 5, 5, 5, 5, 5, 5, 5], [5, 5, 5, 5, 5, 5, 5, 5, 5, 5, 5, 5, 5, 5, 5, 5, 5, 5, 5], [5, 5, 5, 5, 5, 5, 5, 5, 5, 5, 5, 5, 5, 5, 5, 5, 5, 5, 5]]}, {"input": [[5, 5, 5, 5, 5, 5, 5, 0, 0, 0, 0, 0], [5, 5, 5, 5, 5, 5, 5, 0, 0, 0, 0, 0], [5, 5, 5, 5, 5, 5, 5, 5, 5, 5, 5, 5], [5, 0, 0, 0, 0, 0, 0, 5, 5, 5, 5, 5], [5, 0, 0, 0, 0, 0, 0, 5, 0, 0, 0, 0], [5, 0, 0, 0, 0, 0, 0, 5, 0, 0, 0, 0], [5, 5, 5, 5, 5, 5, 5, 5, 0, 0, 0, 0], [0, 0, 0, 0, 0, 0, 5, 5, 0, 0, 0, 0], [0, 0, 0, 0, 0, 0, 5, 5, 0, 0, 0, 0], [0, 0, 0, 0, 0, 0, 5, 5, 5, 5, 5, 5], [0, 0, 0, 0, 0, 0, 5, 5, 5, 5, 5, 5], [5, 5, 5, 5, 5, 5, 5, 5, 5, 5, 5, 5]], "output": [[5, 5, 5, 5, 5, 5, 5, 8, 8, 8, 8, 8], [5, 5, 5, 5, 5, 5, 5, 8, 8, 8, 8, 8], [5, 5, 5, 5, 5, 5, 5, 5, 5, 5, 5, 5], [5, 0, 0, 0, 0, 0, 0, 5, 5, 5, 5, 5], [5, 0, 0, 0, 0, 0, 0, 5, 0, 0, 0, 0], [5, 0, 0, 0, 0, 0, 0, 5, 0, 0, 0, 0], [5, 5, 5, 5, 5, 5, 5, 5, 0, 0, 0, 0], [1, 1, 1, 1, 1, 1, 5, 5, 0, 0, 0, 0], [1, 1, 1, 1, 1, 1, 5, 5, 0, 0, 0, 0], [1, 1, 1, 1, 1, 1, 5, 5, 5, 5, 5, 5], [1, 1, 1, 1, 1, 1, 5, 5, 5, 5, 5, 5], [5, 5, 5, 5, 5, 5, 5, 5, 5, 5, 5, 5]]}, {"input": [[5, 0, 0, 0, 0, 0, 0, 5, 5, 5, 5, 5, 5], [5, 0, 0, 0, 0, 0, 0, 5, 5, 5, 5, 5, 5], [5, 0, 0, 0, 0, 0, 0, 5, 0, 0, 0, 0, 5], [5, 5, 5, 5, 5, 5, 5, 5, 0, 0, 0, 0, 5], [5, 5, 5, 0, 0, 5, 5, 5, 0, 0, 0, 0, 5], [5, 5, 5, 0, 0, 5, 5, 5, 0, 0, 0, 0, 5], [5, 5, 5, 0, 0, 5, 5, 5, 5, 5, 5, 5, 5], [0, 0, 5, 0, 0, 5, 5, 0, 0, 0, 0, 0, 5], [0, 0, 5, 0, 0, 5, 5, 0, 0, 0, 0, 0, 5], [0, 0, 5, 5, 5, 5, 5, 0, 0, 0, 0, 0, 5], [0, 0, 5, 5, 5, 5, 5, 0, 0, 0, 0, 0, 5], [5, 5, 5, 5, 5, 5, 5, 0, 0, 0, 0, 0, 5], [5, 5, 5, 5, 5, 5, 5, 5, 5, 5, 5, 5, 5], [0, 0, 0, 5, 5, 5, 5, 5, 5, 5, 5, 5, 5], [0, 0, 0, 5, 5, 5, 5, 5, 5, 5, 5, 5, 5]], "output": [[5, 0, 0, 0, 0, 0, 0, 5, 5, 5, 5, 5, 5], [5, 0, 0, 0, 0, 0, 0, 5, 5, 5, 5, 5, 5], [5, 0, 0, 0, 0, 0, 0, 5, 0, 0, 0, 0, 5], [5, 5, 5, 5, 5, 5, 5, 5, 0, 0, 0, 0, 5], [5, 5, 5, 0, 0, 5, 5, 5, 0, 0, 0, 0, 5], [5, 5, 5, 0, 0, 5, 5, 5, 0, 0, 0, 0, 5], [5, 5, 5, 0, 0, 5, 5, 5, 5, 5, 5, 5, 5], [0, 0, 5, 0, 0, 5, 5, 1, 1, 1, 1, 1, 5], [0, 0, 5, 0, 0, 5, 5, 1, 1, 1, 1, 1, 5], [0, 0, 5, 5, 5, 5, 5, 1, 1, 1, 1, 1, 5], [0, 0, 5, 5, 5, 5, 5, 1, 1, 1, 1, 1, 5], [5, 5, 5, 5, 5, 5, 5, 1, 1, 1, 1, 1, 5], [5, 5, 5, 5, 5, 5, 5, 5, 5, 5, 5, 5, 5], [8, 8, 8, 5, 5, 5, 5, 5, 5, 5, 5, 5, 5], [8, 8, 8, 5, 5, 5, 5, 5, 5, 5, 5, 5, 5]]}, {"input": [[5, 5, 5, 5, 5, 5, 5, 5, 5, 5, 5, 0, 0, 0, 0], [0, 0, 0, 0, 5, 5, 0, 0, 0, 0, 5, 0, 0, 0, 0], [0, 0, 0, 0, 5, 5, 0, 0, 0, 0, 5, 5, 5, 5, 5], [0, 0, 0, 0, 5, 5, 0, 0, 0, 0, 5, 0, 0, 5, 5], [0, 0, 0, 0, 5, 5, 0, 0, 0, 0, 5, 0, 0, 5, 5], [5, 5, 5, 5, 5, 5, 0, 0, 0, 0, 5, 0, 0, 5, 5], [5, 5, 5, 5, 5, 5, 5, 5, 5, 5, 5, 5, 5, 5, 5], [5, 5, 0, 0, 0, 0, 0, 5, 5, 0, 0, 0, 0, 0, 5], [5, 5, 0, 0, 0, 0, 0, 5, 5, 0, 0, 0, 0, 0, 5], [5, 5, 0, 0, 0, 0, 0, 5, 5, 0, 0, 0, 0, 0, 5], [5, 5, 0, 0, 0, 0, 0, 5, 5, 0, 0, 0, 0, 0, 5], [5, 5, 0, 0, 0, 0, 0, 5, 5, 0, 0, 0, 0, 0, 5], [5, 5, 5, 5, 5, 5, 5, 5, 5, 5, 5, 5, 5, 5, 5], [5, 5, 5, 5, 5, 5, 5, 5, 5, 5, 5, 5, 5, 5, 5]], "output": [[5, 5, 5, 5, 5, 5, 5, 5, 5, 5, 5, 0, 0, 0, 0], [0, 0, 0, 0, 5, 5, 0, 0, 0, 0, 5, 0, 0, 0, 0], [0, 0, 0, 0, 5, 5, 0, 0, 0, 0, 5, 5, 5, 5, 5], [0, 0, 0, 0, 5, 5, 0, 0, 0, 0, 5, 8, 8, 5, 5], [0, 0, 0, 0, 5, 5, 0, 0, 0, 0, 5, 8, 8, 5, 5], [5, 5, 5, 5, 5, 5, 0, 0, 0, 0, 5, 8, 8, 5, 5], [5, 5, 5, 5, 5, 5, 5, 5, 5, 5, 5, 5, 5, 5, 5], [5, 5, 1, 1, 1, 1, 1, 5, 5, 1, 1, 1, 1, 1, 5], [5, 5, 1, 1, 1, 1, 1, 5, 5, 1, 1, 1, 1, 1, 5], [5, 5, 1, 1, 1, 1, 1, 5, 5, 1, 1, 1, 1, 1, 5], [5, 5, 1, 1, 1, 1, 1, 5, 5, 1, 1, 1, 1, 1, 5], [5, 5, 1, 1, 1, 1, 1, 5, 5, 1, 1, 1, 1, 1, 5], [5, 5, 5, 5, 5, 5, 5, 5, 5, 5, 5, 5, 5, 5, 5], [5, 5, 5, 5, 5, 5, 5, 5, 5, 5, 5, 5, 5, 5, 5]]}, {"input": [[5, 5, 5, 5, 5, 5, 5, 5, 5, 5], [5, 5, 5, 5, 0, 0, 0, 0, 0, 0], [5, 5, 5, 5, 0, 0, 0, 0, 0, 0], [5, 5, 5, 5, 5, 5, 5, 5, 5, 5], [5, 5, 5, 5, 0, 0, 0, 0, 0, 5], [5, 5, 5, 5, 0, 0, 0, 0, 0, 5], [0, 0, 0, 5, 0, 0, 0, 0, 0, 5], [0, 0, 0, 5, 0, 0, 0, 0, 0, 5], [0, 0, 0, 5, 5, 5, 5, 5, 5, 5], [0, 0, 0, 5, 5, 5, 5, 5, 5, 5], [0, 0, 0, 5, 5, 5, 5, 5, 5, 5]], "output": [[5, 5, 5, 5, 5, 5, 5, 5, 5, 5], [5, 5, 5, 5, 8, 8, 8, 8, 8, 8], [5, 5, 5, 5, 8, 8, 8, 8, 8, 8], [5, 5, 5, 5, 5, 5, 5, 5, 5, 5], [5, 5, 5, 5, 1, 1, 1, 1, 1, 5], [5, 5, 5, 5, 1, 1, 1, 1, 1, 5], [0, 0, 0, 5, 1, 1, 1, 1, 1, 5], [0, 0, 0, 5, 1, 1, 1, 1, 1, 5], [0, 0, 0, 5, 5, 5, 5, 5, 5, 5], [0, 0, 0, 5, 5, 5, 5, 5, 5, 5], [0, 0, 0, 5, 5, 5, 5, 5, 5, 5]]}, {"input": [[5, 5, 5, 5, 5, 5, 5, 5, 5, 5, 5, 5, 5, 5, 5, 5, 5, 5], [5, 5, 5, 5, 5, 5, 5, 5, 5, 5, 5, 5, 5, 5, 5, 5, 5, 5], [5, 5, 5, 5, 5, 5, 0, 0, 5, 5, 0, 0, 0, 0, 0, 0, 5, 5], [5, 5, 5, 5, 5, 5, 0, 0, 5, 5, 0, 0, 0, 0, 0, 0, 5, 5], [5, 5, 5, 5, 5, 5, 0, 0, 5, 5, 0, 0, 0, 0, 0, 0, 5, 5], [5, 5, 5, 5, 5, 5, 0, 0, 5, 5, 0, 0, 0, 0, 0, 0, 5, 5], [5, 5, 5, 5, 5, 5, 0, 0, 5, 5, 5, 5, 5, 5, 5, 5, 5, 5], [5, 5, 5, 5, 5, 5, 0, 0, 5, 5, 5, 5, 5, 5, 5, 5, 5, 5], [5, 5, 5, 5, 5, 5, 5, 5, 5, 5, 5, 5, 5, 5, 5, 5, 5, 5], [5, 5, 5, 5, 5, 0, 0, 5, 5, 5, 0, 0, 5, 5, 5, 5, 5, 5], [5, 5, 5, 5, 5, 0, 0, 5, 5, 5, 0, 0, 5, 5, 5, 5, 5, 5], [5, 5, 5, 5, 5, 5, 5, 5, 5, 5, 5, 5, 5, 5, 5, 5, 5, 5]], "output": [[5, 5, 5, 5, 5, 5, 5, 5, 5, 5, 5, 5, 5, 5, 5, 5, 5, 5], [5, 5, 5, 5, 5, 5, 5, 5, 5, 5, 5, 5, 5, 5, 5, 5, 5, 5], [5, 5, 5, 5, 5, 5, 0, 0, 5, 5, 1, 1, 1, 1, 1, 1, 5, 5], [5, 5, 5, 5, 5, 5, 0, 0, 5, 5, 1, 1, 1, 1, 1, 1, 5, 5], [5, 5, 5, 5, 5, 5, 0, 0, 5, 5, 1, 1, 1, 1, 1, 1, 5, 5], [5, 5, 5, 5, 5, 5, 0, 0, 5, 5, 1, 1, 1, 1, 1, 1, 5, 5], [5, 5, 5, 5, 5, 5, 0, 0, 5, 5, 5, 5, 5, 5, 5, 5, 5, 5], [5, 5, 5, 5, 5, 5, 0, 0, 5, 5, 5, 5, 5, 5, 5, 5, 5, 5], [5, 5, 5, 5, 5, 5, 5, 5, 5, 5, 5, 5, 5, 5, 5, 5, 5, 5], [5, 5, 5, 5, 5, 8, 8, 5, 5, 5, 8, 8, 5, 5, 5, 5, 5, 5], [5, 5, 5, 5, 5, 8, 8, 5, 5, 5, 8, 8, 5, 5, 5, 5, 5, 5], [5, 5, 5, 5, 5, 5, 5, 5, 5, 5, 5, 5, 5, 5, 5, 5, 5, 5]]}], "test": [{"input": [[5, 5, 5, 5, 5, 5, 5, 5, 5, 5, 5, 5, 5, 5, 5, 5, 5, 5, 5, 5], [5, 5, 5, 5, 5, 5, 5, 5, 5, 5, 5, 5, 5, 5, 5, 5, 5, 5, 5, 5], [5, 5, 5, 5, 5, 5, 5, 5, 5, 5, 5, 5, 5, 5, 5, 5, 5, 5, 5, 5], [5, 5, 5, 5, 5, 5, 5, 5, 5, 5, 5, 5, 5, 5, 5, 5, 5, 5, 5, 5], [5, 5, 5, 5, 5, 5, 5, 5, 5, 5, 5, 5, 5, 0, 0, 0, 0, 0, 5, 5], [5, 5, 5, 5, 5, 5, 5, 5, 5, 5, 5, 5, 5, 0, 0, 0, 0, 0, 5, 5], [5, 5, 5, 0, 0, 0, 5, 5, 5, 5, 5, 5, 5, 0, 0, 0, 0, 0, 5, 5], [5, 5, 5, 0, 0, 0, 5, 5, 5, 5, 5, 5, 5, 5, 5, 5, 5, 5, 5, 5], [5, 5, 5, 0, 0, 0, 5, 5, 5, 5, 5, 5, 5, 5, 5, 5, 5, 5, 5, 5], [5, 5, 5, 0, 0, 0, 5, 5, 5, 5, 5, 5, 5, 0, 0, 0, 0, 5, 5, 5], [5, 5, 5, 0, 0, 0, 5, 5, 5, 5, 5, 5, 5, 0, 0, 0, 0, 5, 5, 5], [5, 5, 5, 0, 0, 0, 5, 5, 5, 5, 5, 5, 5, 5, 5, 5, 5, 5, 5, 5], [5, 5, 5, 5, 5, 5, 5, 5, 5, 5, 5, 5, 5, 5, 5, 5, 5, 5, 5, 5], [5, 5, 5, 5, 5, 5, 5, 5, 5, 5, 5, 5, 5, 5, 5, 5, 5, 5, 5, 5], [5, 5, 5, 5, 5, 5, 5, 5, 5, 5, 5, 5, 5, 5, 5, 5, 5, 5, 5, 5]], "output": [[5, 5, 5, 5, 5, 5, 5, 5, 5, 5, 5, 5, 5, 5, 5, 5, 5, 5, 5, 5], [5, 5, 5, 5, 5, 5, 5, 5, 5, 5, 5, 5, 5, 5, 5, 5, 5, 5, 5, 5], [5, 5, 5, 5, 5, 5, 5, 5, 5, 5, 5, 5, 5, 5, 5, 5, 5, 5, 5, 5], [5, 5, 5, 5, 5, 5, 5, 5, 5, 5, 5, 5, 5, 5, 5, 5, 5, 5, 5, 5], [5, 5, 5, 5, 5, 5, 5, 5, 5, 5, 5, 5, 5, 0, 0, 0, 0, 0, 5, 5], [5, 5, 5, 5, 5, 5, 5, 5, 5, 5, 5, 5, 5, 0, 0, 0, 0, 0, 5, 5], [5, 5, 5, 1, 1, 1, 5, 5, 5, 5, 5, 5, 5, 0, 0, 0, 0, 0, 5, 5], [5, 5, 5, 1, 1, 1, 5, 5, 5, 5, 5, 5, 5, 5, 5, 5, 5, 5, 5, 5], [5, 5, 5, 1, 1, 1, 5, 5, 5, 5, 5, 5, 5, 5, 5, 5, 5, 5, 5, 5], [5, 5, 5, 1, 1, 1, 5, 5, 5, 5, 5, 5, 5, 8, 8, 8, 8, 5, 5, 5], [5, 5, 5, 1, 1, 1, 5, 5, 5, 5, 5, 5, 5, 8, 8, 8, 8, 5, 5, 5], [5, 5, 5, 1, 1, 1, 5, 5, 5, 5, 5, 5, 5, 5, 5, 5, 5, 5, 5, 5], [5, 5, 5, 5, 5, 5, 5, 5, 5, 5, 5, 5, 5, 5, 5, 5, 5, 5, 5, 5], [5, 5, 5, 5, 5, 5, 5, 5, 5, 5, 5, 5, 5, 5, 5, 5, 5, 5, 5, 5], [5, 5, 5, 5, 5, 5, 5, 5, 5, 5, 5, 5, 5, 5, 5, 5, 5, 5, 5, 5]]}, {"input": [[5, 5, 5, 5, 5, 5, 5, 5, 5, 0, 0, 0, 0, 0, 5, 5, 5, 5, 5, 5], [5, 5, 5, 5, 5, 5, 5, 5, 5, 0, 0, 0, 0, 0, 5, 5, 5, 5, 5, 5], [5, 5, 5, 0, 0, 0, 0, 0, 5, 5, 5, 5, 5, 5, 5, 5, 5, 5, 5, 5], [5, 5, 5, 0, 0, 0, 0, 0, 5, 5, 5, 5, 5, 5, 5, 5, 5, 5, 5, 5], [5, 5, 5, 5, 5, 5, 5, 5, 5, 5, 5, 5, 5, 5, 5, 5, 5, 5, 5, 5], [5, 5, 5, 5, 5, 5, 5, 5, 5, 5, 5, 5, 5, 5, 5, 5, 5, 5, 5, 5], [5, 5, 5, 5, 5, 5, 5, 5, 5, 5, 5, 5, 5, 5, 5, 5, 5, 5, 5, 5], [5, 5, 5, 5, 5, 5, 0, 0, 0, 0, 0, 0, 5, 5, 5, 5, 5, 5, 5, 5], [5, 5, 5, 5, 5, 5, 0, 0, 0, 0, 0, 0, 5, 5, 5, 5, 5, 5, 5, 5], [5, 5, 5, 5, 5, 5, 0, 0, 0, 0, 0, 0, 5, 5, 5, 0, 0, 0, 5, 5], [5, 5, 5, 5, 5, 5, 0, 0, 0, 0, 0, 0, 5, 5, 5, 0, 0, 0, 5, 5], [5, 5, 5, 5, 5, 5, 0, 0, 0, 0, 0, 0, 5, 5, 5, 0, 0, 0, 5, 5], [5, 5, 5, 5, 5, 5, 0, 0, 0, 0, 0, 0, 5, 5, 5, 0, 0, 0, 5, 5], [5, 5, 5, 5, 5, 5, 5, 5, 5, 5, 5, 5, 5, 5, 5, 5, 5, 5, 5, 5], [5, 5, 0, 0, 0, 5, 5, 5, 5, 5, 5, 5, 5, 5, 5, 5, 5, 5, 5, 5], [5, 5, 0, 0, 0, 5, 5, 5, 5, 5, 5, 5, 5, 5, 5, 5, 5, 5, 5, 5], [5, 5, 5, 5, 5, 5, 5, 5, 5, 5, 5, 5, 5, 5, 5, 5, 5, 5, 5, 5], [5, 5, 5, 5, 5, 5, 5, 5, 5, 0, 0, 0, 0, 0, 5, 5, 5, 5, 5, 5], [5, 5, 5, 5, 5, 5, 5, 5, 5, 0, 0, 0, 0, 0, 5, 5, 5, 5, 5, 5], [5, 5, 5, 5, 5, 5, 5, 5, 5, 0, 0, 0, 0, 0, 5, 5, 5, 5, 5, 5]], "output": [[5, 5, 5, 5, 5, 5, 5, 5, 5, 0, 0, 0, 0, 0, 5, 5, 5, 5, 5, 5], [5, 5, 5, 5, 5, 5, 5, 5, 5, 0, 0, 0, 0, 0, 5, 5, 5, 5, 5, 5], [5, 5, 5, 0, 0, 0, 0, 0, 5, 5, 5, 5, 5, 5, 5, 5, 5, 5, 5, 5], [5, 5, 5, 0, 0, 0, 0, 0, 5, 5, 5, 5, 5, 5, 5, 5, 5, 5, 5, 5], [5, 5, 5, 5, 5, 5, 5, 5, 5, 5, 5, 5, 5, 5, 5, 5, 5, 5, 5, 5], [5, 5, 5, 5, 5, 5, 5, 5, 5, 5, 5, 5, 5, 5, 5, 5, 5, 5, 5, 5], [5, 5, 5, 5, 5, 5, 5, 5, 5, 5, 5, 5, 5, 5, 5, 5, 5, 5, 5, 5], [5, 5, 5, 5, 5, 5, 1, 1, 1, 1, 1, 1, 5, 5, 5, 5, 5, 5, 5, 5], [5, 5, 5, 5, 5, 5, 1, 1, 1, 1, 1, 1, 5, 5, 5, 5, 5, 5, 5, 5], [5, 5, 5, 5, 5, 5, 1, 1, 1, 1, 1, 1, 5, 5, 5, 0, 0, 0, 5, 5], [5, 5, 5, 5, 5, 5, 1, 1, 1, 1, 1, 1, 5, 5, 5, 0, 0, 0, 5, 5], [5, 5, 5, 5, 5, 5, 1, 1, 1, 1, 1, 1, 5, 5, 5, 0, 0, 0, 5, 5], [5, 5, 5, 5, 5, 5, 1, 1, 1, 1, 1, 1, 5, 5, 5, 0, 0, 0, 5, 5], [5, 5, 5, 5, 5, 5, 5, 5, 5, 5, 5, 5, 5, 5, 5, 5, 5, 5, 5, 5], [5, 5, 8, 8, 8, 5, 5, 5, 5, 5, 5, 5, 5, 5, 5, 5, 5, 5, 5, 5], [5, 5, 8, 8, 8, 5, 5, 5, 5, 5, 5, 5, 5, 5, 5, 5, 5, 5, 5, 5], [5, 5, 5, 5, 5, 5, 5, 5, 5, 5, 5, 5, 5, 5, 5, 5, 5, 5, 5, 5], [5, 5, 5, 5, 5, 5, 5, 5, 5, 0, 0, 0, 0, 0, 5, 5, 5, 5, 5, 5], [5, 5, 5, 5, 5, 5, 5, 5, 5, 0, 0, 0, 0, 0, 5, 5, 5, 5, 5, 5], [5, 5, 5, 5, 5, 5, 5, 5, 5, 0, 0, 0, 0, 0, 5, 5, 5, 5, 5, 5]]}, {"input": [[5, 5, 5, 5, 5, 5, 5, 5, 5, 5, 5, 5, 5, 5, 5, 5], [5, 5, 5, 5, 5, 5, 5, 5, 5, 5, 5, 5, 5, 5, 5, 5], [5, 5, 5, 0, 0, 0, 0, 0, 0, 5, 5, 5, 5, 5, 5, 5], [5, 5, 5, 0, 0, 0, 0, 0, 0, 5, 5, 5, 5, 5, 5, 5], [5, 5, 5, 0, 0, 0, 0, 0, 0, 5, 5, 5, 5, 5, 5, 5], [5, 5, 5, 0, 0, 0, 0, 0, 0, 5, 5, 5, 5, 5, 5, 5], [5, 5, 5, 0, 0, 0, 0, 0, 0, 5, 5, 5, 5, 5, 5, 5], [5, 5, 5, 5, 5, 5, 5, 5, 5, 5, 0, 0, 0, 0, 5, 5], [5, 5, 5, 5, 5, 5, 5, 5, 5, 5, 0, 0, 0, 0, 5, 5], [5, 5, 5, 0, 0, 0, 0, 0, 0, 5, 0, 0, 0, 0, 5, 5], [5, 5, 5, 0, 0, 0, 0, 0, 0, 5, 0, 0, 0, 0, 5, 5], [5, 5, 5, 0, 0, 0, 0, 0, 0, 5, 0, 0, 0, 0, 5, 5], [5, 5, 5, 0, 0, 0, 0, 0, 0, 5, 5, 5, 5, 5, 5, 5], [5, 5, 5, 0, 0, 0, 0, 0, 0, 5, 0, 0, 0, 0, 0, 0], [5, 5, 5, 0, 0, 0, 0, 0, 0, 5, 0, 0, 0, 0, 0, 0]], "output": [[5, 5, 5, 5, 5, 5, 5, 5, 5, 5, 5, 5, 5, 5, 5, 5], [5, 5, 5, 5, 5, 5, 5, 5, 5, 5, 5, 5, 5, 5, 5, 5], [5, 5, 5, 0, 0, 0, 0, 0, 0, 5, 5, 5, 5, 5, 5, 5], [5, 5, 5, 0, 0, 0, 0, 0, 0, 5, 5, 5, 5, 5, 5, 5], [5, 5, 5, 0, 0, 0, 0, 0, 0, 5, 5, 5, 5, 5, 5, 5], [5, 5, 5, 0, 0, 0, 0, 0, 0, 5, 5, 5, 5, 5, 5, 5], [5, 5, 5, 0, 0, 0, 0, 0, 0, 5, 5, 5, 5, 5, 5, 5], [5, 5, 5, 5, 5, 5, 5, 5, 5, 5, 0, 0, 0, 0, 5, 5], [5, 5, 5, 5, 5, 5, 5, 5, 5, 5, 0, 0, 0, 0, 5, 5], [5, 5, 5, 1, 1, 1, 1, 1, 1, 5, 0, 0, 0, 0, 5, 5], [5, 5, 5, 1, 1, 1, 1, 1, 1, 5, 0, 0, 0, 0, 5, 5], [5, 5, 5, 1, 1, 1, 1, 1, 1, 5, 0, 0, 0, 0, 5, 5], [5, 5, 5, 1, 1, 1, 1, 1, 1, 5, 5, 5, 5, 5, 5, 5], [5, 5, 5, 1, 1, 1, 1, 1, 1, 5, 8, 8, 8, 8, 8, 8], [5, 5, 5, 1, 1, 1, 1, 1, 1, 5, 8, 8, 8, 8, 8, 8]]}]}