{"train": [{"input": [[0, 0, 0, 0, 0, 0, 0, 8, 8, 0], [0, 6, 6, 0, 0, 0, 0, 8, 8, 0], [0, 6, 6, 0, 0, 7, 7, 0, 0, 0], [0, 0, 0, 0, 0, 7, 7, 0, 0, 0], [5, 5, 0, 0, 0, 0, 0, 0, 0, 0], [5, 5, 0, 0, 0, 0, 0, 0, 6, 6], [0, 0, 0, 0, 4, 6, 0, 0, 6, 6], [0, 0, 0, 0, 6, 0, 0, 0, 0, 0], [0, 0, 9, 9, 0, 0, 0, 0, 0, 0], [0, 0, 9, 9, 0, 0, 0, 0, 0, 0]], "output": [[6]]}, {"input": [[1, 1, 0, 0, 0, 6, 6, 0, 5, 5], [1, 1, 0, 0, 0, 6, 6, 0, 5, 5], [0, 0, 0, 5, 5, 0, 0, 0, 0, 0], [0, 0, 0, 5, 5, 0, 0, 9, 9, 0], [0, 0, 0, 0, 0, 0, 0, 9, 9, 0], [0, 0, 0, 0, 0, 4, 5, 0, 0, 0], [0, 0, 9, 9, 0, 5, 0, 0, 0, 0], [0, 0, 9, 9, 0, 0, 3, 3, 0, 0], [0, 0, 0, 0, 0, 0, 3, 3, 0, 0], [0, 0, 0, 0, 0, 0, 0, 0, 0, 0]], "output": [[5]]}, {"input": [[0, 0, 0, 0, 0, 0, 0, 0, 0, 0], [0, 0, 0, 0, 0, 0, 0, 0, 0, 0], [0, 0, 0, 0, 0, 0, 0, 4, 3, 0], [0, 0, 0, 0, 0, 0, 0, 3, 0, 0], [0, 0, 0, 0, 0, 0, 0, 0, 0, 0], [0, 0, 0, 0, 0, 1, 1, 0, 0, 0], [0, 0, 0, 0, 0, 1, 1, 0, 1, 1], [0, 3, 3, 0, 0, 0, 0, 0, 1, 1], [0, 3, 3, 0, 0, 0, 0, 0, 0, 0], [0, 0, 0, 0, 0, 0, 0, 0, 0, 0]], "output": [[3]]}, {"input": [[0, 0, 0, 0, 0, 0, 0, 0, 0, 0], [0, 0, 0, 0, 0, 0, 0, 0, 0, 0], [0, 3, 3, 0, 0, 0, 6, 6, 0, 0], [0, 3, 3, 0, 0, 0, 6, 6, 0, 0], [0, 0, 0, 0, 0, 0, 0, 0, 0, 0], [0, 0, 4, 8, 0, 0, 0, 0, 0, 0], [0, 0, 8, 0, 0, 0, 0, 0, 0, 0], [0, 8, 8, 0, 0, 8, 8, 0, 0, 0], [0, 8, 8, 0, 0, 8, 8, 0, 0, 0], [0, 0, 0, 0, 0, 0, 0, 0, 0, 0]], "output": [[0, 8], [8, 8], [8, 8]]}, {"input": [[2, 2, 0, 0, 3, 3, 0, 0, 0, 0], [2, 2, 0, 0, 3, 3, 0, 0, 2, 2], [0, 0, 4, 8, 0, 0, 0, 0, 2, 2], [0, 0, 8, 0, 0, 0, 0, 0, 0, 0], [0, 0, 0, 0, 0, 0, 0, 0, 0, 0], [8, 8, 0, 0, 0, 1, 1, 0, 0, 0], [8, 8, 0, 0, 0, 1, 1, 0, 0, 0], [0, 0, 0, 0, 0, 0, 0, 0, 0, 0], [9, 9, 0, 0, 0, 0, 0, 0, 0, 0], [9, 9, 0, 0, 0, 0, 0, 0, 0, 0]], "output": [[8]]}, {"input": [[0, 0, 0, 9, 9, 0, 0, 0, 0, 0], [0, 0, 0, 9, 9, 0, 0, 0, 9, 9], [0, 4, 7, 0, 0, 0, 0, 0, 9, 9], [0, 7, 0, 0, 0, 0, 0, 0, 0, 0], [0, 0, 0, 0, 0, 0, 0, 0, 1, 1], [0, 0, 0, 0, 0, 0, 0, 0, 1, 1], [0, 0, 7, 7, 0, 0, 0, 0, 0, 0], [0, 0, 7, 7, 0, 0, 6, 6, 0, 0], [0, 0, 0, 0, 0, 0, 6, 6, 0, 0], [0, 0, 0, 0, 0, 0, 0, 0, 0, 0]], "output": [[7]]}, {"input": [[6, 6, 0, 0, 5, 5, 0, 0, 0, 0], [6, 6, 0, 0, 5, 5, 0, 0, 0, 0], [0, 0, 0, 0, 0, 0, 0, 0, 0, 0], [0, 0, 0, 4, 5, 0, 0, 0, 0, 0], [0, 0, 0, 5, 0, 6, 6, 0, 0, 0], [0, 7, 7, 0, 0, 6, 6, 0, 0, 0], [0, 7, 7, 0, 0, 0, 0, 0, 0, 0], [0, 0, 0, 0, 0, 0, 6, 6, 0, 0], [9, 9, 0, 9, 9, 0, 6, 6, 0, 0], [9, 9, 0, 9, 9, 0, 0, 0, 0, 0]], "output": [[5]]}, {"input": [[0, 0, 0, 0, 0, 0, 0, 0, 8, 8], [0, 6, 6, 0, 0, 0, 0, 0, 8, 8], [0, 6, 6, 0, 0, 0, 3, 3, 0, 0], [0, 0, 0, 4, 6, 0, 3, 3, 0, 0], [0, 0, 0, 6, 0, 0, 0, 0, 0, 0], [0, 0, 0, 0, 0, 0, 0, 0, 2, 2], [9, 9, 0, 6, 6, 0, 0, 0, 2, 2], [9, 9, 0, 6, 6, 0, 0, 0, 0, 0], [0, 0, 0, 0, 0, 0, 0, 0, 5, 5], [0, 0, 0, 0, 0, 0, 0, 0, 5, 5]], "output": [[6]]}], "test": [{"input": [[0, 0, 7, 7, 0, 1, 1, 0, 0, 0], [0, 0, 7, 7, 0, 1, 1, 0, 5, 5], [0, 0, 0, 0, 0, 0, 0, 0, 5, 5], [0, 0, 0, 0, 4, 9, 0, 0, 0, 0], [0, 0, 0, 0, 9, 0, 0, 9, 9, 0], [0, 0, 9, 9, 0, 0, 0, 9, 9, 0], [0, 0, 9, 9, 0, 6, 6, 0, 0, 0], [5, 5, 0, 0, 0, 6, 6, 0, 0, 0], [5, 5, 0, 0, 0, 0, 0, 0, 0, 0], [0, 0, 0, 0, 0, 0, 0, 0, 0, 0]], "output": [[9]]}]}