{"train": [{"input": [[9, 9, 9, 9, 9, 0, 0, 0, 0, 8, 8, 8, 0, 0, 0, 0, 0], [9, 9, 9, 9, 9, 0, 0, 0, 0, 8, 8, 8, 8, 0, 0, 0, 0], [9, 9, 0, 9, 9, 0, 0, 0, 0, 8, 8, 8, 8, 0, 0, 0, 0], [9, 9, 9, 9, 9, 0, 0, 0, 0, 0, 8, 8, 8, 0, 0, 0, 0], [0, 9, 9, 9, 9, 0, 0, 0, 0, 0, 0, 0, 0, 0, 0, 0, 0], [0, 0, 0, 9, 9, 9, 0, 0, 0, 0, 0, 0, 0, 0, 0, 0, 0], [0, 0, 9, 9, 9, 9, 0, 0, 0, 0, 0, 0, 0, 0, 0, 0, 6], [0, 9, 9, 0, 9, 9, 0, 0, 0, 6, 6, 0, 6, 6, 0, 6, 6], [0, 0, 9, 9, 9, 9, 0, 0, 6, 6, 6, 0, 0, 6, 6, 6, 0], [0, 0, 0, 9, 9, 9, 0, 6, 6, 6, 6, 0, 0, 0, 0, 0, 0], [0, 0, 0, 0, 0, 0, 0, 6, 6, 6, 6, 0, 0, 0, 0, 0, 0], [0, 0, 0, 0, 0, 0, 0, 0, 0, 0, 0, 0, 0, 0, 0, 0, 0], [0, 0, 0, 0, 0, 0, 0, 0, 0, 0, 0, 0, 0, 0, 0, 0, 0]], "output": [[0, 0, 0, 0, 0, 0, 0, 0, 0, 0, 0, 0, 0, 0, 0, 0, 0], [0, 0, 0, 0, 0, 0, 0, 0, 9, 9, 9, 0, 0, 0, 0, 0, 0], [0, 0, 0, 0, 0, 0, 0, 9, 9, 9, 9, 0, 0, 0, 0, 0, 0], [0, 0, 0, 0, 0, 0, 9, 9, 0, 9, 9, 0, 0, 0, 0, 0, 0], [0, 0, 0, 0, 0, 0, 0, 9, 9, 9, 9, 0, 0, 0, 0, 0, 0], [0, 0, 0, 0, 0, 0, 0, 0, 9, 9, 9, 0, 0, 0, 0, 0, 0], [0, 0, 0, 0, 0, 0, 9, 9, 9, 9, 0, 0, 0, 0, 0, 0, 0], [0, 0, 0, 0, 0, 9, 9, 9, 9, 9, 0, 0, 0, 0, 0, 0, 0], [0, 0, 0, 0, 0, 9, 9, 0, 9, 9, 0, 0, 0, 0, 0, 0, 0], [0, 0, 0, 0, 0, 9, 9, 9, 9, 9, 0, 0, 0, 0, 0, 0, 0], [0, 0, 0, 0, 0, 9, 9, 9, 9, 9, 0, 0, 0, 0, 0, 0, 0], [0, 0, 0, 0, 0, 0, 0, 0, 0, 0, 0, 0, 0, 0, 0, 0, 0], [0, 0, 0, 0, 0, 0, 0, 0, 0, 0, 0, 0, 0, 0, 0, 0, 0]]}, {"input": [[0, 0, 0, 0, 0, 0, 0, 0, 0, 0, 0, 0, 2, 0, 0], [0, 1, 1, 1, 1, 0, 0, 0, 0, 0, 0, 2, 2, 0, 0], [0, 1, 1, 1, 1, 7, 7, 7, 7, 0, 0, 2, 2, 0, 0], [0, 1, 1, 1, 1, 7, 0, 0, 7, 0, 0, 2, 0, 0, 0], [0, 1, 1, 1, 1, 7, 7, 7, 7, 0, 2, 2, 0, 0, 0], [0, 1, 1, 1, 1, 0, 0, 0, 0, 0, 0, 0, 0, 0, 0], [0, 0, 0, 0, 0, 0, 0, 0, 0, 0, 0, 0, 0, 0, 0], [0, 0, 0, 0, 0, 0, 1, 1, 1, 0, 0, 0, 0, 0, 0], [0, 5, 0, 5, 0, 0, 1, 1, 0, 0, 0, 0, 0, 0, 0], [0, 5, 5, 5, 0, 0, 1, 1, 0, 0, 0, 0, 0, 0, 0], [0, 5, 5, 5, 0, 0, 1, 1, 1, 0, 0, 0, 0, 0, 0], [0, 0, 0, 0, 0, 0, 0, 0, 0, 0, 0, 0, 0, 0, 0]], "output": [[0, 0, 0, 0, 0, 0, 0, 0, 0, 0, 0, 0, 0, 0, 0], [0, 0, 0, 0, 0, 0, 0, 0, 0, 0, 0, 0, 0, 0, 0], [0, 0, 0, 0, 0, 0, 0, 0, 0, 0, 0, 0, 0, 0, 0], [0, 0, 0, 1, 1, 1, 1, 0, 0, 0, 0, 0, 0, 0, 0], [0, 0, 0, 1, 1, 1, 1, 7, 7, 7, 7, 0, 0, 0, 0], [0, 0, 0, 1, 1, 1, 1, 7, 0, 0, 7, 0, 0, 0, 0], [0, 0, 0, 1, 1, 1, 1, 7, 7, 7, 7, 0, 0, 0, 0], [0, 0, 0, 1, 1, 1, 1, 0, 0, 0, 0, 0, 0, 0, 0], [0, 0, 0, 0, 0, 0, 0, 0, 0, 0, 0, 0, 0, 0, 0], [0, 0, 0, 0, 0, 0, 0, 0, 0, 0, 0, 0, 0, 0, 0], [0, 0, 0, 0, 0, 0, 0, 0, 0, 0, 0, 0, 0, 0, 0], [0, 0, 0, 0, 0, 0, 0, 0, 0, 0, 0, 0, 0, 0, 0]]}, {"input": [[0, 0, 0, 0, 0, 0, 0, 0, 0, 0, 0, 0, 0, 0, 0, 0], [0, 0, 2, 2, 2, 0, 0, 0, 0, 0, 0, 0, 0, 0, 0, 0], [0, 2, 2, 2, 2, 2, 0, 0, 0, 0, 0, 8, 8, 8, 8, 8], [0, 2, 2, 0, 2, 2, 0, 0, 0, 0, 0, 8, 8, 0, 8, 8], [0, 0, 0, 0, 0, 0, 0, 0, 0, 0, 0, 0, 8, 8, 8, 0], [0, 0, 0, 0, 0, 0, 0, 0, 0, 0, 0, 0, 0, 0, 0, 0], [0, 0, 3, 3, 3, 0, 0, 0, 0, 0, 0, 0, 0, 0, 0, 0], [0, 3, 3, 3, 0, 0, 0, 0, 0, 0, 0, 0, 0, 0, 0, 0], [0, 3, 3, 3, 0, 0, 0, 0, 0, 0, 0, 0, 0, 0, 0, 0], [0, 0, 3, 3, 3, 0, 0, 0, 0, 0, 0, 0, 0, 0, 0, 0], [0, 0, 0, 0, 0, 0, 0, 0, 0, 0, 0, 0, 0, 0, 0, 0], [0, 0, 0, 0, 0, 0, 0, 0, 0, 0, 0, 0, 0, 0, 0, 0]], "output": [[0, 0, 0, 0, 0, 0, 0, 0, 0, 0, 0, 0, 0, 0, 0, 0], [0, 0, 0, 0, 0, 0, 0, 0, 0, 0, 0, 0, 0, 0, 0, 0], [0, 0, 0, 0, 0, 0, 0, 0, 0, 0, 0, 0, 0, 0, 0, 0], [0, 0, 0, 0, 0, 0, 0, 0, 0, 0, 0, 0, 0, 0, 0, 0], [0, 0, 0, 0, 0, 2, 2, 0, 2, 2, 0, 0, 0, 0, 0, 0], [0, 0, 0, 0, 0, 2, 2, 2, 2, 2, 0, 0, 0, 0, 0, 0], [0, 0, 0, 0, 0, 0, 2, 2, 2, 0, 0, 0, 0, 0, 0, 0], [0, 0, 0, 0, 0, 0, 0, 0, 0, 0, 0, 0, 0, 0, 0, 0], [0, 0, 0, 0, 0, 0, 0, 0, 0, 0, 0, 0, 0, 0, 0, 0], [0, 0, 0, 0, 0, 0, 0, 0, 0, 0, 0, 0, 0, 0, 0, 0], [0, 0, 0, 0, 0, 0, 0, 0, 0, 0, 0, 0, 0, 0, 0, 0], [0, 0, 0, 0, 0, 0, 0, 0, 0, 0, 0, 0, 0, 0, 0, 0]]}, {"input": [[0, 9, 9, 0, 0, 0, 0, 0, 0, 0, 0, 0, 0, 0], [0, 9, 9, 9, 0, 0, 0, 0, 0, 0, 0, 0, 0, 0], [0, 9, 9, 9, 9, 0, 0, 0, 0, 0, 0, 0, 0, 0], [0, 0, 0, 9, 9, 0, 0, 0, 0, 0, 0, 0, 0, 0], [0, 0, 9, 9, 0, 0, 0, 0, 0, 0, 0, 0, 0, 0], [0, 0, 0, 9, 9, 0, 9, 9, 0, 0, 0, 0, 0, 0], [0, 0, 0, 9, 9, 9, 9, 9, 0, 0, 0, 0, 0, 0], [0, 0, 0, 9, 9, 9, 9, 9, 0, 0, 0, 0, 0, 0], [0, 0, 0, 0, 0, 0, 0, 0, 0, 0, 0, 0, 0, 0], [0, 0, 0, 0, 0, 0, 0, 0, 0, 0, 0, 5, 5, 0], [0, 0, 0, 0, 0, 0, 0, 0, 0, 0, 5, 5, 5, 0], [0, 0, 0, 5, 0, 0, 5, 0, 0, 0, 5, 5, 5, 0], [0, 0, 0, 5, 5, 5, 5, 0, 0, 0, 0, 5, 5, 0], [0, 0, 0, 5, 5, 5, 5, 0, 0, 0, 0, 0, 0, 0]], "output": [[0, 0, 0, 0, 0, 0, 0, 0, 0, 0, 0, 0, 0, 0], [0, 0, 0, 0, 0, 0, 0, 0, 0, 0, 0, 0, 0, 0], [0, 0, 0, 0, 0, 0, 0, 0, 0, 0, 0, 0, 0, 0], [0, 0, 0, 0, 0, 9, 9, 9, 9, 9, 0, 0, 0, 0], [0, 0, 0, 0, 0, 9, 9, 9, 9, 9, 0, 0, 0, 0], [0, 0, 0, 0, 0, 9, 9, 0, 9, 9, 0, 0, 0, 0], [0, 0, 0, 0, 9, 9, 0, 0, 0, 0, 0, 0, 0, 0], [0, 0, 0, 0, 0, 9, 9, 0, 0, 0, 0, 0, 0, 0], [0, 0, 0, 9, 9, 9, 9, 0, 0, 0, 0, 0, 0, 0], [0, 0, 0, 9, 9, 9, 0, 0, 0, 0, 0, 0, 0, 0], [0, 0, 0, 9, 9, 0, 0, 0, 0, 0, 0, 0, 0, 0], [0, 0, 0, 0, 0, 0, 0, 0, 0, 0, 0, 0, 0, 0], [0, 0, 0, 0, 0, 0, 0, 0, 0, 0, 0, 0, 0, 0], [0, 0, 0, 0, 0, 0, 0, 0, 0, 0, 0, 0, 0, 0]]}, {"input": [[0, 6, 6, 6, 6, 0, 0, 0, 0, 0, 0, 0, 0, 0], [0, 6, 0, 0, 6, 0, 0, 0, 0, 0, 0, 0, 0, 0], [0, 6, 0, 0, 6, 0, 0, 0, 0, 0, 0, 0, 0, 0], [0, 6, 6, 6, 6, 0, 0, 0, 0, 0, 0, 0, 0, 0], [0, 0, 0, 0, 0, 7, 7, 7, 0, 0, 0, 0, 0, 0], [0, 0, 0, 0, 0, 0, 7, 7, 0, 0, 0, 0, 0, 0], [0, 0, 0, 0, 0, 0, 7, 7, 0, 0, 0, 0, 0, 0], [0, 0, 0, 0, 0, 7, 7, 7, 0, 0, 0, 0, 0, 0], [0, 0, 0, 0, 0, 0, 0, 0, 0, 8, 8, 8, 8, 0], [0, 0, 0, 0, 0, 0, 0, 0, 8, 8, 0, 0, 0, 0], [0, 0, 0, 0, 0, 0, 0, 0, 8, 8, 0, 0, 0, 0], [0, 0, 0, 0, 0, 0, 0, 0, 0, 0, 0, 0, 0, 0], [0, 0, 0, 0, 0, 0, 0, 0, 0, 0, 0, 0, 0, 0], [0, 0, 0, 0, 0, 0, 0, 0, 0, 0, 0, 0, 0, 0], [0, 0, 0, 0, 0, 0, 0, 0, 0, 0, 0, 0, 0, 0], [0, 0, 0, 0, 0, 0, 0, 0, 0, 0, 0, 0, 0, 0], [0, 0, 0, 0, 0, 0, 0, 0, 0, 0, 0, 0, 0, 0]], "output": [[0, 0, 0, 0, 0, 0, 0, 0, 0, 0, 0, 0, 0, 0], [0, 0, 0, 0, 0, 0, 0, 0, 0, 0, 0, 0, 0, 0], [0, 0, 0, 0, 0, 0, 0, 0, 0, 0, 0, 0, 0, 0], [0, 0, 0, 0, 0, 0, 0, 0, 0, 0, 0, 0, 0, 0], [0, 0, 0, 0, 0, 0, 0, 7, 7, 7, 0, 0, 0, 0], [0, 0, 0, 0, 0, 0, 0, 0, 7, 7, 0, 0, 0, 0], [0, 0, 0, 0, 0, 0, 0, 0, 7, 7, 0, 0, 0, 0], [0, 0, 0, 0, 0, 0, 0, 7, 7, 7, 0, 0, 0, 0], [0, 0, 0, 6, 6, 6, 6, 0, 0, 0, 0, 0, 0, 0], [0, 0, 0, 6, 0, 0, 6, 0, 0, 0, 0, 0, 0, 0], [0, 0, 0, 6, 0, 0, 6, 0, 0, 0, 0, 0, 0, 0], [0, 0, 0, 6, 6, 6, 6, 0, 0, 0, 0, 0, 0, 0], [0, 0, 0, 0, 0, 0, 0, 0, 0, 0, 0, 0, 0, 0], [0, 0, 0, 0, 0, 0, 0, 0, 0, 0, 0, 0, 0, 0], [0, 0, 0, 0, 0, 0, 0, 0, 0, 0, 0, 0, 0, 0], [0, 0, 0, 0, 0, 0, 0, 0, 0, 0, 0, 0, 0, 0], [0, 0, 0, 0, 0, 0, 0, 0, 0, 0, 0, 0, 0, 0]]}, {"input": [[0, 0, 0, 0, 0, 0, 0, 0, 0, 0, 0, 0, 0, 0, 0], [0, 0, 0, 0, 0, 0, 0, 0, 5, 5, 5, 5, 0, 0, 0], [4, 0, 0, 0, 0, 0, 0, 0, 5, 5, 5, 5, 0, 0, 0], [4, 4, 0, 0, 0, 0, 0, 0, 5, 5, 5, 5, 0, 0, 0], [4, 4, 4, 0, 0, 0, 0, 0, 5, 5, 5, 5, 0, 0, 0], [4, 4, 4, 4, 0, 0, 0, 0, 5, 5, 5, 5, 0, 0, 0], [4, 4, 0, 0, 1, 1, 0, 0, 0, 0, 0, 0, 0, 0, 0], [0, 0, 0, 1, 1, 1, 0, 0, 0, 0, 0, 0, 0, 0, 0], [0, 0, 0, 0, 1, 1, 0, 0, 0, 0, 0, 0, 0, 0, 0], [0, 0, 0, 0, 0, 0, 0, 0, 0, 0, 0, 0, 0, 0, 0], [0, 0, 0, 0, 0, 0, 0, 0, 0, 0, 0, 0, 0, 0, 0], [0, 0, 0, 0, 0, 0, 0, 0, 0, 0, 0, 0, 0, 0, 0], [0, 0, 0, 0, 0, 0, 0, 0, 0, 0, 0, 0, 0, 0, 0], [0, 0, 0, 0, 0, 0, 0, 0, 0, 0, 0, 0, 0, 0, 0], [0, 0, 0, 0, 0, 0, 0, 0, 0, 0, 0, 0, 0, 0, 0], [0, 0, 0, 0, 0, 0, 0, 0, 0, 0, 0, 0, 0, 0, 0], [0, 0, 0, 0, 0, 0, 0, 0, 0, 0, 0, 0, 0, 0, 0], [0, 0, 0, 0, 0, 0, 0, 0, 0, 0, 0, 0, 0, 0, 0], [0, 0, 0, 0, 0, 0, 0, 0, 0, 0, 0, 0, 0, 0, 0]], "output": [[0, 0, 0, 0, 0, 0, 0, 0, 0, 0, 0, 0, 0, 0, 0], [0, 0, 0, 0, 0, 0, 0, 0, 0, 0, 0, 0, 0, 0, 0], [0, 0, 0, 0, 0, 0, 0, 0, 0, 0, 0, 0, 0, 0, 0], [0, 0, 0, 0, 0, 0, 0, 0, 0, 0, 0, 0, 0, 0, 0], [0, 0, 0, 0, 0, 0, 0, 0, 0, 0, 0, 0, 0, 0, 0], [0, 0, 0, 0, 0, 0, 0, 0, 0, 0, 0, 0, 0, 0, 0], [0, 0, 0, 0, 0, 0, 0, 0, 0, 0, 0, 0, 0, 0, 0], [0, 0, 0, 0, 0, 5, 5, 5, 5, 0, 0, 0, 0, 0, 0], [0, 0, 0, 0, 0, 5, 5, 5, 5, 0, 0, 0, 0, 0, 0], [0, 0, 0, 0, 0, 5, 5, 5, 5, 0, 0, 0, 0, 0, 0], [0, 0, 0, 0, 0, 5, 5, 5, 5, 0, 0, 0, 0, 0, 0], [0, 0, 0, 0, 0, 5, 5, 5, 5, 0, 0, 0, 0, 0, 0], [0, 0, 0, 0, 0, 0, 0, 0, 0, 0, 0, 0, 0, 0, 0], [0, 0, 0, 0, 0, 0, 0, 0, 0, 0, 0, 0, 0, 0, 0], [0, 0, 0, 0, 0, 0, 0, 0, 0, 0, 0, 0, 0, 0, 0], [0, 0, 0, 0, 0, 0, 0, 0, 0, 0, 0, 0, 0, 0, 0], [0, 0, 0, 0, 0, 0, 0, 0, 0, 0, 0, 0, 0, 0, 0], [0, 0, 0, 0, 0, 0, 0, 0, 0, 0, 0, 0, 0, 0, 0], [0, 0, 0, 0, 0, 0, 0, 0, 0, 0, 0, 0, 0, 0, 0]]}, {"input": [[0, 0, 0, 0, 0, 0, 0, 0, 0, 0, 0, 0, 0, 0, 0, 0], [0, 0, 0, 0, 0, 0, 0, 0, 0, 0, 0, 0, 0, 0, 0, 0], [0, 0, 0, 1, 1, 1, 1, 1, 0, 0, 0, 0, 0, 0, 0, 0], [0, 0, 0, 1, 1, 1, 1, 1, 0, 0, 0, 0, 0, 0, 0, 0], [0, 0, 0, 1, 1, 1, 1, 1, 0, 0, 0, 0, 0, 0, 0, 0], [0, 0, 0, 1, 1, 0, 1, 1, 0, 0, 0, 0, 0, 0, 0, 0], [0, 0, 0, 1, 0, 0, 0, 1, 0, 0, 0, 0, 0, 0, 0, 0], [0, 0, 4, 4, 0, 0, 0, 3, 3, 0, 0, 0, 0, 0, 0, 0], [0, 4, 4, 4, 4, 0, 3, 3, 3, 3, 0, 0, 0, 0, 0, 0], [0, 4, 0, 0, 4, 0, 3, 3, 3, 3, 0, 0, 0, 0, 0, 0], [0, 0, 0, 0, 0, 0, 0, 0, 0, 0, 0, 0, 0, 0, 0, 0]], "output": [[0, 0, 0, 0, 0, 0, 0, 0, 0, 0, 0, 0, 0, 0, 0, 0], [0, 0, 0, 4, 0, 0, 4, 0, 3, 3, 3, 3, 0, 0, 0, 0], [0, 0, 0, 4, 4, 4, 4, 0, 3, 3, 3, 3, 0, 0, 0, 0], [0, 0, 0, 0, 4, 4, 0, 0, 0, 3, 3, 0, 0, 0, 0, 0], [0, 0, 0, 0, 0, 1, 0, 0, 0, 1, 0, 0, 0, 0, 0, 0], [0, 0, 0, 0, 0, 1, 1, 0, 1, 1, 0, 0, 0, 0, 0, 0], [0, 0, 0, 0, 0, 1, 1, 1, 1, 1, 0, 0, 0, 0, 0, 0], [0, 0, 0, 0, 0, 1, 1, 1, 1, 1, 0, 0, 0, 0, 0, 0], [0, 0, 0, 0, 0, 1, 1, 1, 1, 1, 0, 0, 0, 0, 0, 0], [0, 0, 0, 0, 0, 0, 0, 0, 0, 0, 0, 0, 0, 0, 0, 0], [0, 0, 0, 0, 0, 0, 0, 0, 0, 0, 0, 0, 0, 0, 0, 0]]}, {"input": [[0, 0, 0, 0, 0, 0, 0, 0, 0, 0, 0, 0, 0, 0, 0, 0, 0, 0], [0, 0, 0, 0, 0, 0, 0, 0, 0, 0, 0, 0, 0, 0, 0, 0, 0, 0], [0, 0, 0, 0, 0, 0, 0, 0, 0, 0, 0, 0, 0, 0, 0, 0, 0, 0], [0, 0, 0, 0, 0, 0, 0, 0, 0, 0, 1, 1, 1, 1, 1, 0, 0, 0], [0, 0, 0, 0, 0, 0, 0, 0, 0, 0, 1, 1, 1, 1, 1, 0, 0, 0], [0, 0, 0, 0, 0, 0, 8, 8, 8, 0, 1, 0, 0, 0, 1, 0, 0, 0], [0, 0, 0, 0, 0, 0, 8, 8, 8, 8, 0, 0, 0, 0, 0, 0, 0, 0], [0, 0, 0, 0, 0, 0, 0, 8, 8, 0, 0, 0, 0, 0, 0, 0, 0, 0], [0, 0, 0, 0, 0, 0, 8, 8, 8, 0, 0, 0, 0, 0, 0, 0, 0, 0], [0, 0, 0, 0, 0, 0, 8, 8, 8, 8, 0, 0, 0, 0, 0, 3, 3, 3], [0, 0, 9, 9, 0, 0, 8, 0, 0, 8, 0, 0, 0, 0, 0, 0, 0, 3], [0, 9, 9, 9, 9, 0, 8, 8, 8, 8, 0, 0, 0, 0, 0, 0, 3, 3], [0, 9, 9, 9, 9, 0, 0, 0, 0, 0, 0, 0, 0, 0, 0, 0, 3, 0], [0, 0, 0, 0, 0, 0, 0, 0, 0, 0, 0, 0, 0, 0, 0, 0, 3, 0], [0, 0, 0, 0, 0, 0, 0, 0, 0, 0, 0, 0, 0, 0, 0, 0, 0, 0], [0, 0, 0, 0, 0, 0, 0, 0, 0, 0, 0, 0, 0, 0, 0, 0, 0, 0], [0, 0, 0, 0, 0, 0, 0, 0, 0, 0, 0, 0, 0, 0, 0, 0, 0, 0], [0, 0, 0, 0, 0, 0, 0, 0, 0, 0, 0, 0, 0, 0, 0, 0, 0, 0]], "output": [[0, 0, 0, 0, 0, 0, 0, 0, 0, 0, 0, 0, 0, 0, 0, 0, 0, 0], [0, 0, 0, 0, 0, 0, 0, 0, 0, 0, 0, 0, 0, 0, 0, 0, 0, 0], [0, 0, 0, 0, 0, 0, 0, 0, 0, 0, 0, 0, 0, 0, 0, 0, 0, 0], [0, 0, 0, 0, 0, 0, 0, 0, 0, 0, 0, 0, 0, 0, 0, 0, 0, 0], [0, 0, 0, 0, 8, 8, 8, 8, 0, 0, 0, 0, 0, 0, 0, 0, 0, 0], [0, 0, 0, 0, 8, 0, 0, 8, 0, 0, 0, 0, 0, 0, 0, 0, 0, 0], [0, 0, 0, 0, 8, 8, 8, 8, 0, 0, 0, 0, 0, 0, 0, 0, 0, 0], [0, 0, 0, 0, 8, 8, 8, 0, 0, 0, 0, 0, 0, 0, 0, 0, 0, 0], [0, 0, 0, 0, 0, 8, 8, 0, 0, 0, 0, 0, 0, 0, 0, 0, 0, 0], [0, 0, 0, 0, 8, 8, 8, 8, 0, 0, 0, 0, 0, 0, 0, 0, 0, 0], [0, 0, 0, 0, 8, 8, 8, 0, 1, 0, 0, 0, 1, 0, 0, 0, 0, 0], [0, 0, 0, 0, 0, 0, 0, 0, 1, 1, 1, 1, 1, 0, 0, 0, 0, 0], [0, 0, 0, 0, 0, 0, 0, 0, 1, 1, 1, 1, 1, 0, 0, 0, 0, 0], [0, 0, 0, 0, 0, 0, 0, 0, 0, 0, 0, 0, 0, 0, 0, 0, 0, 0], [0, 0, 0, 0, 0, 0, 0, 0, 0, 0, 0, 0, 0, 0, 0, 0, 0, 0], [0, 0, 0, 0, 0, 0, 0, 0, 0, 0, 0, 0, 0, 0, 0, 0, 0, 0], [0, 0, 0, 0, 0, 0, 0, 0, 0, 0, 0, 0, 0, 0, 0, 0, 0, 0], [0, 0, 0, 0, 0, 0, 0, 0, 0, 0, 0, 0, 0, 0, 0, 0, 0, 0]]}, {"input": [[0, 0, 0, 0, 0, 0, 0, 0, 0, 0, 0, 0], [0, 0, 0, 0, 0, 0, 6, 6, 0, 6, 6, 0], [0, 0, 0, 0, 0, 0, 6, 6, 6, 6, 6, 0], [0, 6, 0, 0, 0, 0, 6, 6, 6, 6, 6, 0], [0, 6, 0, 0, 0, 0, 0, 0, 0, 0, 0, 0], [6, 6, 6, 0, 0, 0, 0, 0, 0, 0, 0, 0], [6, 6, 6, 0, 0, 0, 0, 0, 0, 0, 0, 0], [0, 0, 0, 0, 0, 0, 0, 0, 0, 0, 0, 0], [0, 0, 0, 0, 0, 0, 0, 0, 4, 4, 0, 4], [0, 0, 6, 6, 6, 0, 0, 0, 0, 4, 4, 4], [0, 6, 6, 0, 6, 6, 0, 0, 4, 4, 4, 0], [0, 6, 6, 6, 6, 6, 0, 0, 4, 0, 4, 4], [0, 0, 0, 0, 0, 0, 0, 0, 0, 0, 0, 0], [0, 0, 0, 0, 0, 0, 0, 0, 0, 0, 0, 0], [0, 0, 0, 0, 0, 0, 0, 0, 0, 0, 0, 0]], "output": [[0, 0, 0, 0, 0, 0, 0, 0, 0, 0, 0, 0], [0, 0, 0, 0, 0, 0, 0, 0, 0, 0, 0, 0], [0, 0, 0, 0, 0, 0, 0, 0, 0, 0, 0, 0], [0, 0, 0, 0, 0, 0, 0, 0, 0, 0, 0, 0], [0, 0, 0, 0, 0, 0, 0, 0, 0, 0, 0, 0], [0, 0, 0, 0, 0, 0, 0, 0, 0, 0, 0, 0], [0, 0, 0, 6, 6, 6, 6, 6, 0, 0, 0, 0], [0, 0, 0, 6, 6, 6, 6, 6, 0, 0, 0, 0], [0, 0, 0, 6, 6, 0, 6, 6, 0, 0, 0, 0], [0, 0, 0, 0, 0, 0, 0, 0, 0, 0, 0, 0], [0, 0, 0, 0, 0, 0, 0, 0, 0, 0, 0, 0], [0, 0, 0, 0, 0, 0, 0, 0, 0, 0, 0, 0], [0, 0, 0, 0, 0, 0, 0, 0, 0, 0, 0, 0], [0, 0, 0, 0, 0, 0, 0, 0, 0, 0, 0, 0], [0, 0, 0, 0, 0, 0, 0, 0, 0, 0, 0, 0]]}, {"input": [[0, 0, 0, 0, 0, 0, 0, 0, 0, 0, 0], [0, 0, 0, 0, 0, 0, 0, 0, 0, 0, 0], [0, 8, 8, 0, 0, 0, 0, 0, 0, 0, 0], [8, 8, 8, 0, 0, 0, 0, 0, 3, 0, 0], [0, 8, 8, 0, 0, 0, 0, 3, 3, 0, 0], [0, 0, 0, 0, 0, 0, 0, 3, 3, 0, 0], [0, 0, 0, 0, 0, 3, 3, 3, 0, 0, 0], [0, 0, 0, 0, 0, 3, 0, 0, 0, 0, 0], [0, 7, 7, 7, 7, 0, 0, 2, 2, 2, 0], [0, 7, 0, 0, 7, 0, 2, 2, 2, 2, 0], [0, 7, 0, 0, 7, 0, 2, 2, 2, 2, 0], [0, 7, 7, 7, 7, 0, 2, 2, 2, 2, 0], [0, 0, 0, 0, 0, 0, 0, 2, 2, 2, 0], [0, 0, 0, 0, 0, 0, 0, 0, 0, 0, 0]], "output": [[0, 0, 0, 0, 0, 0, 0, 0, 0, 0, 0], [0, 0, 0, 0, 0, 0, 0, 0, 0, 0, 0], [0, 7, 7, 7, 7, 0, 0, 0, 0, 0, 0], [0, 7, 0, 0, 7, 0, 0, 0, 0, 0, 0], [0, 7, 0, 0, 7, 0, 0, 0, 0, 0, 0], [0, 7, 7, 7, 7, 0, 0, 0, 0, 0, 0], [0, 0, 0, 0, 0, 3, 0, 0, 0, 0, 0], [0, 0, 0, 0, 0, 3, 3, 3, 0, 0, 0], [0, 0, 0, 0, 0, 0, 0, 3, 3, 0, 0], [0, 0, 0, 0, 0, 0, 0, 3, 3, 0, 0], [0, 0, 0, 0, 0, 0, 0, 0, 3, 0, 0], [0, 0, 0, 0, 0, 0, 0, 0, 0, 0, 0], [0, 0, 0, 0, 0, 0, 0, 0, 0, 0, 0], [0, 0, 0, 0, 0, 0, 0, 0, 0, 0, 0]]}, {"input": [[0, 0, 0, 0, 5, 5, 5, 5, 5, 0, 0], [0, 0, 0, 0, 0, 5, 5, 5, 0, 0, 0], [0, 0, 0, 0, 0, 0, 5, 0, 0, 0, 0], [0, 0, 0, 0, 0, 5, 5, 5, 0, 0, 0], [0, 0, 0, 0, 5, 5, 5, 5, 5, 0, 0], [7, 0, 0, 7, 9, 0, 0, 0, 9, 0, 0], [7, 0, 0, 7, 9, 9, 9, 9, 9, 0, 0], [7, 7, 7, 7, 9, 9, 9, 9, 9, 0, 0], [7, 0, 0, 7, 0, 0, 0, 0, 0, 0, 0], [7, 0, 0, 7, 0, 0, 0, 0, 0, 0, 0], [0, 0, 0, 0, 0, 0, 0, 0, 0, 0, 0], [0, 0, 0, 0, 0, 0, 0, 0, 0, 0, 0], [0, 0, 0, 0, 0, 0, 3, 3, 0, 0, 0], [0, 3, 3, 0, 0, 0, 3, 3, 0, 0, 0], [0, 0, 3, 3, 0, 3, 3, 3, 3, 0, 0], [0, 0, 3, 3, 0, 0, 3, 3, 0, 0, 0], [0, 3, 3, 0, 0, 0, 3, 3, 0, 0, 0], [0, 0, 0, 0, 0, 0, 0, 0, 0, 0, 0], [0, 0, 0, 0, 0, 0, 0, 0, 0, 0, 0]], "output": [[0, 0, 0, 0, 0, 0, 0, 0, 0, 0, 0], [0, 0, 0, 0, 0, 0, 0, 0, 0, 0, 0], [0, 0, 0, 0, 0, 0, 0, 0, 0, 0, 0], [0, 0, 0, 0, 0, 0, 0, 0, 0, 0, 0], [0, 7, 0, 0, 7, 0, 0, 0, 0, 0, 0], [0, 7, 0, 0, 7, 0, 0, 0, 0, 0, 0], [0, 7, 7, 7, 7, 9, 9, 9, 9, 9, 0], [0, 7, 0, 0, 7, 9, 9, 9, 9, 9, 0], [0, 7, 0, 0, 7, 9, 0, 0, 0, 9, 0], [0, 0, 0, 0, 0, 5, 5, 5, 5, 5, 0], [0, 0, 0, 0, 0, 0, 5, 5, 5, 0, 0], [0, 0, 0, 0, 0, 0, 0, 5, 0, 0, 0], [0, 0, 0, 0, 0, 0, 5, 5, 5, 0, 0], [0, 0, 0, 0, 0, 5, 5, 5, 5, 5, 0], [0, 0, 0, 0, 0, 0, 0, 0, 0, 0, 0], [0, 0, 0, 0, 0, 0, 0, 0, 0, 0, 0], [0, 0, 0, 0, 0, 0, 0, 0, 0, 0, 0], [0, 0, 0, 0, 0, 0, 0, 0, 0, 0, 0], [0, 0, 0, 0, 0, 0, 0, 0, 0, 0, 0]]}, {"input": [[0, 0, 0, 0, 0, 0, 0, 0, 0, 0, 0, 0, 0, 0, 0, 0, 0, 0, 0], [0, 0, 0, 0, 0, 0, 0, 0, 0, 0, 0, 0, 0, 0, 0, 9, 0, 0, 0], [0, 0, 0, 0, 0, 3, 3, 0, 0, 0, 0, 0, 0, 9, 9, 9, 9, 9, 0], [0, 0, 0, 0, 0, 3, 3, 0, 0, 0, 0, 0, 0, 9, 9, 9, 9, 9, 0], [0, 0, 0, 0, 0, 3, 3, 3, 0, 0, 0, 0, 0, 0, 0, 9, 0, 0, 0], [0, 0, 0, 0, 0, 3, 3, 0, 0, 0, 0, 0, 0, 3, 3, 0, 0, 0, 0], [0, 0, 0, 0, 0, 3, 3, 0, 0, 0, 0, 0, 0, 0, 3, 3, 0, 0, 0], [0, 0, 0, 0, 9, 9, 9, 9, 0, 0, 2, 0, 0, 3, 3, 0, 0, 0, 0], [0, 0, 0, 0, 9, 9, 9, 9, 2, 2, 2, 2, 2, 0, 0, 0, 0, 0, 0], [0, 0, 0, 0, 0, 9, 9, 0, 2, 2, 2, 2, 2, 0, 0, 0, 0, 0, 0], [0, 0, 0, 0, 0, 0, 0, 0, 0, 0, 2, 0, 0, 0, 0, 0, 0, 0, 0]], "output": [[0, 0, 0, 0, 0, 0, 0, 0, 2, 0, 0, 0, 0, 0, 0, 0, 0, 0, 0], [0, 0, 0, 9, 9, 0, 2, 2, 2, 2, 2, 0, 0, 0, 0, 0, 0, 0, 0], [0, 0, 9, 9, 9, 9, 2, 2, 2, 2, 2, 0, 0, 0, 0, 0, 0, 0, 0], [0, 0, 9, 9, 9, 9, 0, 0, 2, 0, 0, 3, 3, 0, 0, 0, 0, 0, 0], [0, 0, 0, 3, 3, 0, 0, 0, 0, 0, 0, 0, 3, 3, 0, 0, 0, 0, 0], [0, 0, 0, 3, 3, 0, 0, 0, 0, 0, 0, 3, 3, 0, 0, 0, 0, 0, 0], [0, 0, 0, 3, 3, 3, 0, 0, 0, 0, 0, 0, 0, 9, 0, 0, 0, 0, 0], [0, 0, 0, 3, 3, 0, 0, 0, 0, 0, 0, 9, 9, 9, 9, 9, 0, 0, 0], [0, 0, 0, 3, 3, 0, 0, 0, 0, 0, 0, 9, 9, 9, 9, 9, 0, 0, 0], [0, 0, 0, 0, 0, 0, 0, 0, 0, 0, 0, 0, 0, 9, 0, 0, 0, 0, 0], [0, 0, 0, 0, 0, 0, 0, 0, 0, 0, 0, 0, 0, 0, 0, 0, 0, 0, 0]]}, {"input": [[0, 0, 0, 0, 0, 0, 0, 0, 0, 0, 0, 0], [0, 0, 0, 0, 0, 0, 9, 9, 9, 9, 9, 0], [0, 0, 0, 0, 0, 0, 9, 9, 9, 9, 9, 0], [0, 0, 0, 5, 0, 0, 9, 9, 9, 9, 9, 0], [0, 0, 5, 5, 5, 0, 9, 9, 9, 9, 9, 0], [8, 8, 8, 5, 0, 0, 9, 9, 9, 9, 0, 0], [8, 8, 8, 0, 0, 0, 0, 0, 0, 0, 0, 0], [0, 8, 8, 0, 0, 0, 0, 0, 0, 0, 0, 0], [8, 8, 8, 0, 0, 0, 0, 0, 0, 0, 0, 0], [8, 8, 8, 0, 0, 0, 0, 0, 0, 0, 0, 0]], "output": [[0, 0, 0, 0, 0, 0, 0, 0, 0, 0, 0, 0], [0, 0, 0, 0, 0, 0, 0, 0, 0, 0, 0, 0], [0, 0, 0, 9, 9, 9, 9, 0, 0, 0, 0, 0], [0, 0, 0, 9, 9, 9, 9, 9, 0, 0, 0, 0], [0, 0, 0, 9, 9, 9, 9, 9, 0, 0, 0, 0], [0, 0, 0, 9, 9, 9, 9, 9, 0, 0, 0, 0], [0, 0, 0, 9, 9, 9, 9, 9, 0, 0, 0, 0], [0, 0, 0, 0, 0, 0, 0, 0, 0, 0, 0, 0], [0, 0, 0, 0, 0, 0, 0, 0, 0, 0, 0, 0], [0, 0, 0, 0, 0, 0, 0, 0, 0, 0, 0, 0]]}, {"input": [[0, 0, 0, 0, 0, 0, 0, 0, 0, 0, 0], [0, 0, 0, 7, 7, 7, 7, 7, 0, 0, 0], [0, 0, 0, 7, 7, 7, 7, 7, 0, 0, 0], [0, 0, 0, 7, 7, 7, 7, 7, 0, 0, 0], [0, 0, 0, 7, 7, 7, 7, 7, 0, 0, 0], [0, 0, 0, 0, 0, 0, 0, 0, 0, 0, 0], [0, 0, 7, 7, 7, 7, 7, 6, 6, 0, 0], [0, 0, 7, 7, 7, 7, 7, 6, 6, 0, 0], [0, 0, 0, 7, 7, 7, 6, 6, 6, 6, 0], [0, 0, 0, 0, 0, 0, 6, 0, 0, 6, 0], [0, 0, 0, 0, 0, 0, 6, 6, 6, 6, 0], [3, 3, 3, 0, 0, 0, 0, 0, 0, 0, 0], [0, 3, 0, 0, 0, 5, 5, 5, 5, 0, 0], [3, 3, 3, 0, 0, 5, 5, 5, 5, 0, 0], [0, 3, 0, 0, 0, 0, 5, 5, 5, 0, 0], [0, 0, 0, 0, 0, 5, 5, 5, 5, 0, 0], [0, 0, 0, 0, 0, 5, 5, 5, 5, 0, 0], [0, 0, 0, 0, 0, 0, 0, 0, 0, 0, 0], [0, 0, 0, 0, 0, 0, 0, 0, 0, 0, 0]], "output": [[0, 0, 0, 0, 0, 0, 0, 0, 0, 0, 0], [0, 0, 0, 0, 0, 0, 0, 0, 0, 0, 0], [0, 0, 0, 0, 0, 0, 0, 0, 0, 0, 0], [0, 0, 0, 0, 0, 0, 0, 0, 0, 0, 0], [0, 0, 0, 0, 0, 0, 0, 0, 0, 0, 0], [0, 0, 0, 0, 0, 0, 0, 0, 0, 0, 0], [0, 0, 0, 0, 0, 0, 0, 0, 0, 0, 0], [0, 0, 0, 0, 0, 6, 6, 6, 6, 0, 0], [0, 0, 0, 0, 0, 6, 0, 0, 6, 0, 0], [0, 0, 7, 7, 7, 6, 6, 6, 6, 0, 0], [0, 7, 7, 7, 7, 7, 6, 6, 0, 0, 0], [0, 7, 7, 7, 7, 7, 6, 6, 0, 0, 0], [0, 0, 0, 0, 0, 0, 0, 0, 0, 0, 0], [0, 0, 0, 0, 0, 0, 0, 0, 0, 0, 0], [0, 0, 0, 0, 0, 0, 0, 0, 0, 0, 0], [0, 0, 0, 0, 0, 0, 0, 0, 0, 0, 0], [0, 0, 0, 0, 0, 0, 0, 0, 0, 0, 0], [0, 0, 0, 0, 0, 0, 0, 0, 0, 0, 0], [0, 0, 0, 0, 0, 0, 0, 0, 0, 0, 0]]}, {"input": [[0, 0, 0, 0, 0, 0, 0, 0, 0, 0, 0, 0, 0, 0, 0, 0, 0, 0], [0, 0, 0, 0, 0, 0, 0, 0, 0, 0, 7, 0, 0, 0, 0, 0, 0, 0], [0, 0, 0, 0, 0, 0, 0, 0, 0, 7, 7, 0, 0, 0, 0, 0, 0, 0], [0, 0, 0, 0, 0, 0, 0, 0, 0, 7, 7, 0, 0, 0, 0, 0, 0, 0], [0, 0, 0, 0, 0, 0, 0, 7, 7, 7, 7, 0, 0, 0, 0, 0, 0, 0], [0, 0, 0, 0, 0, 0, 7, 7, 7, 7, 7, 0, 0, 0, 0, 0, 0, 0], [0, 0, 0, 0, 0, 8, 8, 8, 0, 4, 4, 4, 0, 0, 0, 0, 0, 0], [0, 0, 0, 0, 0, 8, 8, 8, 0, 4, 4, 4, 0, 0, 0, 0, 0, 0], [0, 0, 0, 0, 0, 8, 8, 0, 0, 4, 4, 4, 0, 0, 0, 0, 0, 0], [0, 0, 0, 0, 0, 8, 8, 8, 0, 4, 4, 4, 0, 0, 0, 0, 0, 0], [0, 0, 0, 0, 0, 8, 8, 8, 0, 0, 0, 0, 0, 0, 0, 0, 0, 0]], "output": [[0, 0, 0, 0, 0, 8, 8, 8, 0, 0, 0, 0, 0, 0, 0, 0, 0, 0], [0, 0, 0, 0, 0, 8, 8, 8, 0, 4, 4, 4, 0, 0, 0, 0, 0, 0], [0, 0, 0, 0, 0, 8, 8, 0, 0, 4, 4, 4, 0, 0, 0, 0, 0, 0], [0, 0, 0, 0, 0, 8, 8, 8, 0, 4, 4, 4, 0, 0, 0, 0, 0, 0], [0, 0, 0, 0, 0, 8, 8, 8, 0, 4, 4, 4, 0, 0, 0, 0, 0, 0], [0, 0, 0, 0, 0, 0, 7, 7, 7, 7, 7, 0, 0, 0, 0, 0, 0, 0], [0, 0, 0, 0, 0, 0, 0, 7, 7, 7, 7, 0, 0, 0, 0, 0, 0, 0], [0, 0, 0, 0, 0, 0, 0, 0, 0, 7, 7, 0, 0, 0, 0, 0, 0, 0], [0, 0, 0, 0, 0, 0, 0, 0, 0, 7, 7, 0, 0, 0, 0, 0, 0, 0], [0, 0, 0, 0, 0, 0, 0, 0, 0, 0, 7, 0, 0, 0, 0, 0, 0, 0], [0, 0, 0, 0, 0, 0, 0, 0, 0, 0, 0, 0, 0, 0, 0, 0, 0, 0]]}, {"input": [[8, 0, 8, 0, 8, 0, 2, 0, 0, 2, 0], [8, 8, 8, 8, 8, 0, 2, 2, 2, 2, 0], [0, 8, 8, 8, 0, 0, 2, 2, 2, 2, 0], [0, 0, 0, 0, 0, 0, 2, 0, 0, 2, 0], [0, 0, 0, 0, 0, 0, 2, 2, 2, 0, 0], [0, 0, 0, 0, 0, 0, 2, 0, 2, 2, 0], [0, 0, 0, 0, 0, 0, 2, 2, 2, 0, 0], [0, 0, 0, 0, 0, 0, 0, 0, 0, 0, 0], [0, 0, 0, 0, 0, 0, 0, 0, 0, 0, 0], [0, 0, 0, 0, 0, 0, 0, 0, 0, 0, 0], [0, 0, 0, 0, 0, 0, 0, 0, 0, 0, 0], [0, 0, 0, 0, 0, 0, 0, 0, 0, 0, 0], [0, 0, 0, 0, 0, 0, 0, 0, 0, 0, 0], [0, 0, 0, 0, 0, 0, 0, 0, 0, 0, 0], [0, 0, 0, 0, 0, 0, 0, 0, 0, 0, 0], [0, 0, 0, 0, 0, 0, 0, 0, 0, 0, 0], [0, 0, 0, 0, 0, 0, 0, 0, 0, 0, 0]], "output": [[0, 0, 0, 0, 0, 0, 0, 0, 0, 0, 0], [0, 0, 0, 0, 0, 0, 0, 0, 0, 0, 0], [0, 0, 0, 0, 0, 0, 0, 0, 0, 0, 0], [0, 0, 0, 0, 0, 0, 0, 0, 0, 0, 0], [0, 0, 0, 0, 0, 0, 0, 0, 0, 0, 0], [0, 0, 0, 2, 2, 2, 0, 0, 0, 0, 0], [0, 0, 0, 2, 0, 2, 2, 0, 0, 0, 0], [0, 0, 0, 2, 2, 2, 0, 0, 0, 0, 0], [0, 0, 0, 2, 0, 0, 2, 0, 0, 0, 0], [0, 0, 0, 2, 2, 2, 2, 0, 0, 0, 0], [0, 0, 0, 2, 2, 2, 2, 0, 0, 0, 0], [0, 0, 0, 2, 0, 0, 2, 0, 0, 0, 0], [0, 0, 0, 0, 0, 0, 0, 0, 0, 0, 0], [0, 0, 0, 0, 0, 0, 0, 0, 0, 0, 0], [0, 0, 0, 0, 0, 0, 0, 0, 0, 0, 0], [0, 0, 0, 0, 0, 0, 0, 0, 0, 0, 0], [0, 0, 0, 0, 0, 0, 0, 0, 0, 0, 0]]}, {"input": [[5, 5, 5, 5, 5, 0, 0, 0, 0, 0, 0, 0], [5, 5, 5, 5, 5, 0, 0, 1, 0, 0, 0, 0], [5, 5, 5, 5, 5, 0, 1, 1, 1, 0, 0, 0], [0, 0, 5, 0, 0, 0, 0, 1, 0, 0, 0, 0], [0, 3, 0, 0, 0, 0, 0, 0, 0, 0, 0, 0], [3, 3, 3, 0, 0, 0, 0, 0, 0, 0, 0, 0], [3, 3, 3, 4, 4, 4, 0, 6, 6, 6, 0, 0], [0, 3, 0, 4, 4, 4, 6, 6, 6, 6, 6, 0], [0, 0, 0, 4, 4, 4, 6, 6, 6, 6, 6, 0], [0, 0, 0, 4, 4, 4, 0, 0, 0, 0, 0, 0]], "output": [[0, 0, 0, 4, 4, 4, 0, 0, 0, 0, 0, 0], [0, 0, 0, 4, 4, 4, 6, 6, 6, 6, 6, 0], [0, 3, 0, 4, 4, 4, 6, 6, 6, 6, 6, 0], [3, 3, 3, 4, 4, 4, 0, 6, 6, 6, 0, 0], [3, 3, 3, 0, 0, 0, 0, 0, 0, 0, 0, 0], [0, 3, 0, 0, 0, 0, 0, 0, 0, 0, 0, 0], [0, 0, 5, 0, 0, 0, 0, 0, 0, 0, 0, 0], [5, 5, 5, 5, 5, 0, 0, 0, 0, 0, 0, 0], [5, 5, 5, 5, 5, 0, 0, 0, 0, 0, 0, 0], [5, 5, 5, 5, 5, 0, 0, 0, 0, 0, 0, 0]]}, {"input": [[0, 0, 0, 0, 0, 0, 0, 0, 0, 0], [1, 1, 1, 0, 0, 0, 0, 0, 0, 0], [1, 1, 1, 0, 0, 0, 0, 0, 0, 0], [1, 1, 1, 1, 1, 3, 3, 3, 3, 3], [1, 1, 1, 1, 1, 3, 3, 3, 3, 3], [0, 0, 0, 0, 0, 3, 3, 3, 3, 3], [0, 0, 0, 0, 0, 3, 3, 0, 3, 3], [0, 0, 0, 0, 9, 9, 0, 0, 0, 0], [0, 0, 0, 9, 9, 9, 0, 0, 0, 0], [0, 0, 0, 0, 0, 9, 0, 0, 0, 0], [0, 0, 0, 9, 9, 9, 0, 0, 0, 0], [0, 0, 0, 0, 9, 9, 0, 0, 0, 0], [0, 9, 9, 9, 9, 9, 0, 0, 0, 0], [0, 9, 9, 9, 9, 0, 0, 0, 0, 0], [0, 9, 9, 9, 9, 7, 7, 7, 7, 0], [0, 9, 9, 9, 9, 9, 7, 7, 0, 0], [0, 0, 0, 0, 0, 7, 7, 7, 7, 0], [0, 0, 0, 0, 0, 0, 0, 0, 0, 0], [0, 0, 0, 0, 0, 0, 0, 0, 0, 0]], "output": [[0, 0, 0, 0, 0, 0, 0, 0, 0, 0], [0, 0, 0, 0, 0, 7, 7, 7, 7, 0], [0, 9, 9, 9, 9, 9, 7, 7, 0, 0], [0, 9, 9, 9, 9, 7, 7, 7, 7, 0], [0, 9, 9, 9, 9, 0, 0, 0, 0, 0], [0, 9, 9, 9, 9, 9, 0, 0, 0, 0], [0, 0, 0, 0, 9, 9, 0, 0, 0, 0], [0, 0, 0, 9, 9, 9, 0, 0, 0, 0], [0, 0, 0, 0, 0, 9, 0, 0, 0, 0], [0, 0, 0, 9, 9, 9, 0, 0, 0, 0], [0, 0, 0, 0, 9, 9, 0, 0, 0, 0], [0, 0, 0, 0, 0, 3, 3, 0, 3, 3], [0, 0, 0, 0, 0, 3, 3, 3, 3, 3], [1, 1, 1, 1, 1, 3, 3, 3, 3, 3], [1, 1, 1, 1, 1, 3, 3, 3, 3, 3], [1, 1, 1, 0, 0, 0, 0, 0, 0, 0], [1, 1, 1, 0, 0, 0, 0, 0, 0, 0], [0, 0, 0, 0, 0, 0, 0, 0, 0, 0], [0, 0, 0, 0, 0, 0, 0, 0, 0, 0]]}, {"input": [[0, 0, 0, 0, 0, 0, 0, 0, 0, 0, 0, 0, 0, 0, 0], [0, 0, 0, 0, 0, 0, 9, 9, 9, 9, 0, 0, 0, 0, 0], [0, 0, 0, 0, 0, 0, 9, 9, 9, 9, 0, 0, 0, 0, 0], [0, 0, 0, 0, 0, 0, 9, 0, 0, 9, 0, 0, 0, 0, 0], [0, 0, 0, 0, 0, 0, 0, 0, 0, 0, 0, 0, 0, 0, 0], [0, 0, 0, 0, 0, 0, 0, 0, 0, 1, 0, 0, 0, 0, 0], [0, 0, 0, 0, 0, 0, 0, 0, 0, 1, 1, 1, 1, 0, 0], [0, 0, 0, 0, 0, 0, 0, 0, 0, 1, 1, 1, 0, 0, 0], [0, 0, 0, 0, 0, 0, 0, 0, 1, 1, 1, 1, 0, 0, 0], [2, 2, 0, 0, 0, 0, 0, 0, 0, 0, 0, 1, 0, 0, 0], [0, 2, 2, 0, 0, 0, 0, 0, 0, 0, 0, 0, 0, 0, 0], [0, 0, 2, 0, 0, 0, 0, 0, 0, 0, 0, 0, 0, 0, 0], [0, 0, 0, 0, 0, 4, 4, 0, 0, 0, 0, 0, 0, 0, 0], [0, 0, 0, 0, 4, 4, 4, 4, 0, 0, 0, 0, 0, 0, 0], [0, 0, 0, 0, 4, 4, 4, 4, 0, 0, 0, 0, 0, 0, 0], [0, 0, 0, 0, 0, 4, 4, 0, 0, 0, 0, 0, 0, 0, 0], [0, 0, 0, 0, 0, 0, 0, 0, 0, 0, 0, 0, 0, 0, 0]], "output": [[0, 0, 0, 0, 0, 0, 0, 0, 0, 0, 0, 0, 0, 0, 0], [0, 0, 0, 0, 0, 0, 0, 0, 0, 0, 0, 0, 0, 0, 0], [0, 0, 0, 0, 0, 0, 0, 0, 0, 0, 0, 0, 0, 0, 0], [0, 0, 0, 0, 0, 0, 0, 0, 0, 0, 0, 0, 0, 0, 0], [0, 0, 0, 0, 0, 0, 0, 0, 0, 0, 0, 0, 0, 0, 0], [0, 0, 0, 0, 0, 0, 0, 0, 0, 0, 0, 0, 0, 0, 0], [0, 0, 0, 0, 0, 0, 0, 0, 1, 0, 0, 0, 0, 0, 0], [0, 0, 0, 0, 0, 1, 1, 1, 1, 0, 0, 0, 0, 0, 0], [0, 0, 0, 0, 0, 0, 1, 1, 1, 0, 0, 0, 0, 0, 0], [0, 0, 0, 0, 0, 0, 1, 1, 1, 1, 0, 0, 0, 0, 0], [0, 0, 0, 0, 0, 0, 1, 0, 0, 0, 0, 0, 0, 0, 0], [0, 0, 0, 0, 0, 0, 0, 0, 0, 0, 0, 0, 0, 0, 0], [0, 0, 0, 0, 0, 0, 0, 0, 0, 0, 0, 0, 0, 0, 0], [0, 0, 0, 0, 0, 0, 0, 0, 0, 0, 0, 0, 0, 0, 0], [0, 0, 0, 0, 0, 0, 0, 0, 0, 0, 0, 0, 0, 0, 0], [0, 0, 0, 0, 0, 0, 0, 0, 0, 0, 0, 0, 0, 0, 0], [0, 0, 0, 0, 0, 0, 0, 0, 0, 0, 0, 0, 0, 0, 0]]}, {"input": [[0, 0, 0, 0, 0, 0, 0, 0, 0, 0, 0, 0, 0, 0, 0, 0], [0, 0, 0, 0, 0, 0, 0, 0, 0, 0, 0, 6, 6, 6, 6, 0], [0, 0, 0, 0, 0, 0, 0, 0, 0, 0, 0, 6, 6, 6, 6, 0], [0, 0, 0, 0, 0, 0, 0, 0, 0, 0, 0, 0, 0, 6, 6, 0], [0, 0, 0, 0, 0, 0, 0, 0, 0, 0, 0, 0, 0, 6, 6, 0], [0, 0, 0, 0, 0, 0, 0, 0, 0, 0, 0, 0, 0, 0, 0, 0], [0, 5, 5, 5, 0, 0, 0, 0, 0, 0, 0, 0, 0, 0, 0, 0], [0, 5, 5, 0, 0, 0, 0, 0, 0, 0, 0, 0, 0, 0, 0, 0], [0, 5, 5, 5, 0, 5, 0, 0, 0, 0, 0, 0, 0, 0, 0, 0], [0, 5, 5, 5, 5, 5, 0, 0, 0, 0, 0, 0, 0, 7, 0, 0], [0, 5, 5, 5, 5, 5, 0, 0, 0, 0, 0, 0, 7, 7, 0, 0], [0, 0, 0, 0, 0, 0, 0, 0, 0, 0, 0, 7, 7, 7, 0, 0]], "output": [[0, 0, 0, 0, 0, 0, 0, 0, 0, 0, 0, 0, 0, 0, 0, 0], [0, 0, 0, 0, 0, 0, 0, 0, 0, 0, 0, 0, 0, 0, 0, 0], [0, 0, 0, 0, 0, 0, 0, 0, 0, 0, 0, 0, 0, 0, 0, 0], [0, 0, 0, 0, 0, 5, 5, 5, 5, 5, 0, 0, 0, 0, 0, 0], [0, 0, 0, 0, 0, 5, 5, 5, 5, 5, 0, 0, 0, 0, 0, 0], [0, 0, 0, 0, 0, 5, 5, 5, 0, 5, 0, 0, 0, 0, 0, 0], [0, 0, 0, 0, 0, 5, 5, 0, 0, 0, 0, 0, 0, 0, 0, 0], [0, 0, 0, 0, 0, 5, 5, 5, 0, 0, 0, 0, 0, 0, 0, 0], [0, 0, 0, 0, 0, 0, 0, 0, 0, 0, 0, 0, 0, 0, 0, 0], [0, 0, 0, 0, 0, 0, 0, 0, 0, 0, 0, 0, 0, 0, 0, 0], [0, 0, 0, 0, 0, 0, 0, 0, 0, 0, 0, 0, 0, 0, 0, 0], [0, 0, 0, 0, 0, 0, 0, 0, 0, 0, 0, 0, 0, 0, 0, 0]]}, {"input": [[0, 0, 0, 0, 0, 0, 0, 0, 0, 0, 0, 0, 0, 0, 0, 0], [0, 0, 0, 0, 0, 0, 0, 0, 5, 5, 5, 5, 0, 0, 0, 0], [0, 0, 0, 0, 0, 0, 0, 5, 5, 5, 5, 5, 0, 0, 0, 0], [0, 0, 0, 0, 0, 0, 0, 5, 5, 5, 5, 5, 0, 0, 0, 0], [0, 0, 0, 0, 0, 0, 0, 0, 5, 5, 5, 5, 0, 0, 0, 0], [0, 0, 0, 0, 0, 7, 7, 7, 7, 0, 0, 0, 0, 0, 0, 0], [0, 0, 0, 0, 0, 0, 0, 7, 0, 0, 0, 0, 0, 0, 0, 0], [0, 0, 0, 0, 0, 7, 7, 7, 7, 0, 0, 0, 0, 0, 0, 0], [0, 0, 0, 0, 0, 0, 0, 0, 0, 0, 0, 0, 0, 0, 0, 0], [0, 7, 7, 0, 0, 0, 0, 0, 0, 0, 0, 0, 0, 0, 0, 0], [7, 7, 7, 7, 0, 0, 0, 0, 0, 0, 0, 0, 0, 0, 0, 0], [7, 7, 7, 7, 0, 0, 0, 0, 0, 0, 0, 0, 0, 0, 0, 0], [0, 7, 7, 0, 0, 0, 0, 0, 0, 0, 0, 0, 0, 0, 0, 0], [0, 0, 0, 9, 0, 0, 0, 0, 0, 0, 0, 0, 0, 0, 0, 0], [9, 9, 9, 9, 0, 0, 0, 0, 0, 0, 0, 0, 0, 0, 0, 0], [0, 9, 0, 0, 0, 0, 0, 0, 0, 0, 0, 0, 0, 0, 0, 0]], "output": [[0, 0, 0, 0, 0, 0, 0, 0, 0, 0, 0, 0, 0, 0, 0, 0], [0, 0, 0, 0, 0, 0, 0, 0, 0, 0, 0, 0, 0, 0, 0, 0], [0, 0, 0, 0, 0, 0, 0, 0, 0, 0, 0, 0, 0, 0, 0, 0], [0, 0, 0, 0, 0, 0, 0, 0, 0, 0, 0, 0, 0, 0, 0, 0], [0, 0, 0, 0, 7, 7, 7, 7, 0, 0, 0, 0, 0, 0, 0, 0], [0, 0, 0, 0, 0, 0, 7, 0, 0, 0, 0, 0, 0, 0, 0, 0], [0, 0, 0, 0, 7, 7, 7, 7, 0, 0, 0, 0, 0, 0, 0, 0], [0, 0, 0, 0, 0, 0, 0, 5, 5, 5, 5, 0, 0, 0, 0, 0], [0, 0, 0, 0, 0, 0, 5, 5, 5, 5, 5, 0, 0, 0, 0, 0], [0, 0, 0, 0, 0, 0, 5, 5, 5, 5, 5, 0, 0, 0, 0, 0], [0, 0, 0, 0, 0, 0, 0, 5, 5, 5, 5, 0, 0, 0, 0, 0], [0, 0, 0, 0, 0, 0, 0, 0, 0, 0, 0, 0, 0, 0, 0, 0], [0, 0, 0, 0, 0, 0, 0, 0, 0, 0, 0, 0, 0, 0, 0, 0], [0, 0, 0, 0, 0, 0, 0, 0, 0, 0, 0, 0, 0, 0, 0, 0], [0, 0, 0, 0, 0, 0, 0, 0, 0, 0, 0, 0, 0, 0, 0, 0], [0, 0, 0, 0, 0, 0, 0, 0, 0, 0, 0, 0, 0, 0, 0, 0]]}, {"input": [[0, 0, 0, 0, 0, 0, 0, 0, 0, 0, 0, 0, 0, 0, 0, 0, 0, 0, 0], [0, 0, 0, 0, 0, 0, 0, 0, 0, 0, 0, 0, 0, 0, 0, 0, 0, 0, 0], [0, 0, 0, 0, 0, 0, 0, 0, 0, 0, 0, 0, 0, 0, 0, 0, 0, 0, 0], [0, 0, 0, 0, 0, 0, 0, 0, 0, 0, 0, 0, 0, 0, 0, 0, 0, 0, 0], [0, 0, 0, 0, 0, 0, 0, 0, 0, 0, 0, 0, 0, 0, 0, 0, 0, 0, 0], [0, 0, 0, 0, 0, 0, 0, 0, 0, 0, 0, 0, 0, 0, 0, 2, 2, 2, 2], [0, 0, 0, 0, 0, 0, 0, 0, 0, 0, 0, 0, 0, 0, 0, 2, 2, 2, 2], [0, 0, 0, 0, 0, 0, 0, 0, 0, 0, 0, 0, 0, 0, 0, 2, 2, 2, 2], [0, 0, 0, 0, 0, 1, 1, 1, 1, 0, 4, 0, 0, 0, 0, 0, 0, 0, 0], [0, 0, 0, 0, 0, 1, 1, 1, 1, 4, 4, 4, 0, 0, 0, 0, 0, 0, 0], [0, 0, 0, 0, 0, 1, 1, 1, 1, 4, 4, 4, 0, 0, 0, 0, 0, 0, 0], [0, 0, 0, 0, 0, 0, 0, 0, 0, 0, 4, 0, 0, 0, 0, 0, 0, 0, 0], [0, 0, 0, 0, 0, 0, 0, 0, 0, 0, 0, 0, 0, 0, 2, 2, 0, 0, 0], [0, 0, 0, 0, 0, 0, 0, 0, 0, 0, 0, 0, 0, 0, 2, 2, 0, 0, 0], [0, 0, 0, 0, 0, 0, 0, 0, 0, 0, 0, 0, 0, 2, 2, 2, 2, 0, 0], [0, 0, 0, 0, 0, 0, 0, 0, 0, 0, 0, 0, 0, 0, 0, 0, 0, 0, 0]], "output": [[0, 0, 0, 0, 0, 0, 0, 0, 0, 0, 0, 0, 0, 0, 0, 0, 0, 0, 0], [0, 0, 0, 0, 0, 0, 0, 0, 0, 0, 0, 0, 0, 0, 0, 0, 0, 0, 0], [0, 0, 0, 0, 0, 0, 0, 0, 0, 0, 0, 0, 0, 0, 0, 0, 0, 0, 0], [0, 0, 0, 0, 0, 0, 0, 0, 0, 0, 0, 0, 0, 0, 0, 0, 0, 0, 0], [0, 0, 0, 0, 0, 0, 0, 0, 0, 0, 0, 0, 0, 0, 0, 0, 0, 0, 0], [0, 0, 0, 0, 0, 0, 0, 0, 0, 0, 0, 0, 0, 0, 0, 0, 0, 0, 0], [0, 0, 0, 0, 0, 0, 0, 0, 0, 0, 0, 4, 0, 0, 0, 0, 0, 0, 0], [0, 0, 0, 0, 0, 0, 1, 1, 1, 1, 4, 4, 4, 0, 0, 0, 0, 0, 0], [0, 0, 0, 0, 0, 0, 1, 1, 1, 1, 4, 4, 4, 0, 0, 0, 0, 0, 0], [0, 0, 0, 0, 0, 0, 1, 1, 1, 1, 0, 4, 0, 0, 0, 0, 0, 0, 0], [0, 0, 0, 0, 0, 0, 0, 0, 0, 0, 0, 0, 0, 0, 0, 0, 0, 0, 0], [0, 0, 0, 0, 0, 0, 0, 0, 0, 0, 0, 0, 0, 0, 0, 0, 0, 0, 0], [0, 0, 0, 0, 0, 0, 0, 0, 0, 0, 0, 0, 0, 0, 0, 0, 0, 0, 0], [0, 0, 0, 0, 0, 0, 0, 0, 0, 0, 0, 0, 0, 0, 0, 0, 0, 0, 0], [0, 0, 0, 0, 0, 0, 0, 0, 0, 0, 0, 0, 0, 0, 0, 0, 0, 0, 0], [0, 0, 0, 0, 0, 0, 0, 0, 0, 0, 0, 0, 0, 0, 0, 0, 0, 0, 0]]}, {"input": [[0, 0, 0, 0, 0, 0, 0, 0, 0, 0, 0, 0], [0, 0, 0, 0, 0, 0, 9, 9, 9, 9, 9, 0], [0, 0, 2, 2, 2, 2, 9, 9, 9, 9, 9, 0], [0, 0, 2, 2, 2, 2, 9, 9, 0, 9, 9, 0], [0, 0, 2, 2, 2, 2, 0, 0, 0, 0, 0, 0], [0, 0, 2, 0, 0, 2, 0, 0, 0, 0, 0, 0], [0, 0, 6, 6, 0, 0, 0, 0, 0, 0, 0, 0], [0, 0, 6, 6, 6, 0, 0, 0, 0, 0, 0, 0], [0, 0, 0, 6, 0, 0, 0, 0, 0, 0, 0, 0], [0, 0, 6, 6, 6, 0, 0, 0, 0, 0, 0, 0], [0, 0, 6, 6, 0, 0, 0, 0, 0, 0, 0, 0], [0, 0, 0, 0, 0, 0, 0, 0, 0, 0, 0, 0]], "output": [[0, 0, 0, 0, 0, 0, 0, 0, 0, 0, 0, 0], [0, 6, 6, 0, 0, 0, 0, 0, 0, 0, 0, 0], [0, 6, 6, 6, 0, 0, 0, 0, 0, 0, 0, 0], [0, 0, 6, 0, 0, 0, 0, 0, 0, 0, 0, 0], [0, 6, 6, 6, 0, 0, 0, 0, 0, 0, 0, 0], [0, 6, 6, 0, 0, 0, 0, 0, 0, 0, 0, 0], [0, 2, 0, 0, 2, 0, 0, 0, 0, 0, 0, 0], [0, 2, 2, 2, 2, 0, 0, 0, 0, 0, 0, 0], [0, 2, 2, 2, 2, 9, 9, 0, 9, 9, 0, 0], [0, 2, 2, 2, 2, 9, 9, 9, 9, 9, 0, 0], [0, 0, 0, 0, 0, 9, 9, 9, 9, 9, 0, 0], [0, 0, 0, 0, 0, 0, 0, 0, 0, 0, 0, 0]]}, {"input": [[0, 0, 0, 0, 0, 0, 0, 0, 0, 0, 0, 0, 0], [0, 0, 0, 8, 8, 8, 8, 8, 0, 0, 0, 0, 0], [0, 0, 0, 8, 8, 8, 8, 8, 0, 0, 0, 0, 0], [0, 0, 0, 8, 8, 0, 8, 8, 0, 0, 0, 0, 0], [0, 0, 0, 0, 0, 0, 0, 0, 0, 0, 0, 0, 0], [0, 0, 0, 0, 0, 0, 0, 0, 0, 0, 0, 0, 0], [0, 0, 0, 0, 0, 0, 0, 0, 6, 6, 0, 6, 6], [0, 0, 0, 0, 0, 0, 0, 0, 6, 6, 0, 6, 6], [0, 0, 0, 0, 0, 0, 0, 0, 6, 6, 6, 6, 6], [0, 0, 0, 0, 0, 0, 0, 0, 0, 0, 0, 0, 0], [0, 0, 0, 0, 0, 0, 0, 0, 0, 2, 0, 0, 0], [0, 0, 0, 0, 0, 0, 0, 2, 2, 2, 0, 0, 0], [0, 0, 0, 0, 0, 0, 0, 2, 2, 2, 0, 0, 0], [0, 0, 0, 0, 0, 0, 0, 2, 2, 2, 0, 0, 0], [0, 0, 0, 0, 0, 0, 0, 0, 0, 2, 0, 0, 0]], "output": [[0, 0, 0, 0, 0, 0, 0, 0, 0, 0, 0, 0, 0], [0, 0, 0, 0, 0, 0, 0, 0, 0, 0, 0, 0, 0], [0, 0, 0, 0, 0, 0, 0, 0, 0, 0, 0, 0, 0], [0, 0, 0, 0, 0, 0, 0, 0, 0, 0, 0, 0, 0], [0, 0, 0, 0, 0, 0, 0, 0, 0, 0, 0, 0, 0], [0, 0, 0, 0, 0, 0, 0, 0, 0, 0, 0, 0, 0], [0, 0, 0, 0, 8, 8, 0, 8, 8, 0, 0, 0, 0], [0, 0, 0, 0, 8, 8, 8, 8, 8, 0, 0, 0, 0], [0, 0, 0, 0, 8, 8, 8, 8, 8, 0, 0, 0, 0], [0, 0, 0, 0, 0, 0, 0, 0, 0, 0, 0, 0, 0], [0, 0, 0, 0, 0, 0, 0, 0, 0, 0, 0, 0, 0], [0, 0, 0, 0, 0, 0, 0, 0, 0, 0, 0, 0, 0], [0, 0, 0, 0, 0, 0, 0, 0, 0, 0, 0, 0, 0], [0, 0, 0, 0, 0, 0, 0, 0, 0, 0, 0, 0, 0], [0, 0, 0, 0, 0, 0, 0, 0, 0, 0, 0, 0, 0]]}, {"input": [[0, 0, 0, 0, 0, 0, 0, 0, 0, 0, 0, 0, 0, 0, 0], [0, 4, 4, 4, 4, 0, 0, 0, 0, 0, 0, 0, 0, 0, 0], [0, 4, 4, 4, 4, 0, 0, 0, 0, 0, 0, 0, 0, 0, 0], [0, 0, 4, 4, 0, 0, 0, 0, 0, 0, 0, 0, 0, 0, 0], [0, 4, 4, 4, 4, 0, 0, 0, 0, 0, 0, 0, 0, 0, 0], [0, 4, 4, 4, 4, 0, 0, 0, 0, 0, 0, 0, 0, 0, 0], [0, 0, 0, 0, 0, 0, 0, 0, 0, 0, 0, 5, 5, 5, 0], [0, 0, 0, 0, 0, 0, 0, 0, 0, 0, 0, 5, 5, 5, 0], [0, 0, 0, 0, 0, 0, 0, 0, 0, 0, 0, 0, 5, 0, 0], [0, 0, 0, 0, 0, 0, 0, 0, 0, 0, 7, 0, 7, 7, 0], [0, 0, 0, 0, 0, 0, 0, 0, 0, 0, 7, 7, 7, 0, 0], [0, 0, 0, 0, 0, 0, 0, 0, 0, 0, 0, 7, 7, 7, 0], [0, 0, 0, 0, 0, 0, 0, 0, 0, 0, 7, 7, 0, 7, 0], [0, 0, 0, 0, 0, 0, 0, 0, 0, 0, 0, 0, 0, 0, 0]], "output": [[0, 0, 0, 0, 0, 0, 0, 0, 0, 0, 0, 0, 0, 0, 0], [0, 0, 0, 0, 0, 0, 0, 0, 0, 0, 0, 0, 0, 0, 0], [0, 0, 0, 0, 0, 0, 0, 0, 0, 0, 0, 0, 0, 0, 0], [0, 0, 0, 0, 0, 7, 7, 0, 7, 0, 0, 0, 0, 0, 0], [0, 0, 0, 0, 0, 0, 7, 7, 7, 0, 0, 0, 0, 0, 0], [0, 0, 0, 0, 0, 7, 7, 7, 0, 0, 0, 0, 0, 0, 0], [0, 0, 0, 0, 0, 7, 0, 7, 7, 0, 0, 0, 0, 0, 0], [0, 0, 0, 0, 0, 0, 0, 5, 0, 0, 0, 0, 0, 0, 0], [0, 0, 0, 0, 0, 0, 5, 5, 5, 0, 0, 0, 0, 0, 0], [0, 0, 0, 0, 0, 0, 5, 5, 5, 0, 0, 0, 0, 0, 0], [0, 0, 0, 0, 0, 0, 0, 0, 0, 0, 0, 0, 0, 0, 0], [0, 0, 0, 0, 0, 0, 0, 0, 0, 0, 0, 0, 0, 0, 0], [0, 0, 0, 0, 0, 0, 0, 0, 0, 0, 0, 0, 0, 0, 0], [0, 0, 0, 0, 0, 0, 0, 0, 0, 0, 0, 0, 0, 0, 0]]}, {"input": [[0, 0, 0, 7, 7, 0, 0, 0, 0, 0], [0, 0, 0, 7, 7, 7, 7, 5, 0, 5], [0, 0, 7, 7, 7, 7, 7, 5, 0, 5], [0, 0, 7, 7, 7, 7, 0, 5, 5, 5], [0, 0, 0, 0, 7, 7, 0, 5, 5, 5], [0, 0, 0, 2, 2, 2, 0, 0, 0, 0], [0, 0, 0, 2, 2, 7, 7, 7, 7, 7], [0, 0, 0, 0, 2, 0, 7, 7, 7, 7], [0, 0, 0, 2, 2, 0, 7, 7, 7, 7], [0, 0, 0, 2, 2, 2, 7, 7, 7, 7], [0, 0, 0, 0, 0, 7, 7, 7, 7, 7]], "output": [[0, 0, 0, 0, 7, 7, 7, 7, 7, 0], [0, 0, 2, 2, 2, 7, 7, 7, 7, 0], [0, 0, 2, 2, 0, 7, 7, 7, 7, 0], [0, 0, 0, 2, 0, 7, 7, 7, 7, 0], [0, 0, 2, 2, 7, 7, 7, 7, 7, 0], [0, 0, 2, 2, 2, 0, 0, 0, 0, 0], [0, 0, 0, 7, 7, 0, 5, 5, 5, 0], [0, 7, 7, 7, 7, 0, 5, 5, 5, 0], [0, 7, 7, 7, 7, 7, 5, 0, 5, 0], [0, 0, 7, 7, 7, 7, 5, 0, 5, 0], [0, 0, 7, 7, 0, 0, 0, 0, 0, 0]]}, {"input": [[0, 0, 0, 0, 0, 0, 0, 0, 0, 0, 9, 0, 0, 0, 0, 0, 0, 0], [0, 0, 0, 0, 0, 0, 0, 9, 9, 9, 9, 9, 0, 0, 0, 0, 0, 0], [0, 0, 0, 0, 0, 0, 0, 0, 0, 9, 9, 0, 0, 0, 0, 0, 0, 0], [0, 0, 0, 0, 0, 0, 0, 0, 0, 0, 0, 0, 0, 0, 0, 0, 0, 0], [0, 0, 0, 0, 0, 0, 0, 0, 0, 0, 0, 0, 5, 5, 5, 0, 0, 0], [0, 0, 0, 0, 0, 0, 0, 0, 0, 0, 0, 0, 0, 5, 5, 0, 0, 0], [0, 0, 0, 0, 0, 0, 0, 0, 0, 0, 0, 0, 5, 5, 5, 0, 0, 0], [0, 0, 0, 0, 0, 9, 9, 0, 3, 0, 0, 0, 0, 5, 5, 0, 0, 0], [0, 0, 0, 0, 0, 9, 9, 3, 3, 3, 0, 0, 5, 5, 5, 0, 0, 0], [0, 0, 0, 0, 9, 9, 9, 9, 3, 0, 0, 0, 0, 0, 0, 0, 0, 0], [0, 0, 0, 0, 0, 9, 9, 0, 0, 0, 0, 0, 0, 0, 0, 0, 0, 0], [0, 0, 0, 0, 0, 9, 9, 0, 0, 0, 0, 0, 0, 0, 0, 0, 0, 0]], "output": [[0, 0, 0, 0, 0, 0, 0, 0, 0, 0, 0, 0, 0, 0, 0, 0, 0, 0], [0, 0, 0, 0, 0, 0, 0, 0, 0, 0, 0, 0, 0, 0, 0, 0, 0, 0], [0, 0, 0, 0, 0, 0, 0, 0, 0, 0, 0, 0, 0, 0, 0, 0, 0, 0], [0, 0, 0, 0, 0, 0, 0, 9, 9, 0, 0, 0, 0, 0, 0, 0, 0, 0], [0, 0, 0, 0, 0, 0, 0, 9, 9, 0, 0, 0, 0, 0, 0, 0, 0, 0], [0, 0, 0, 0, 0, 0, 9, 9, 9, 9, 3, 0, 0, 0, 0, 0, 0, 0], [0, 0, 0, 0, 0, 0, 0, 9, 9, 3, 3, 3, 0, 0, 0, 0, 0, 0], [0, 0, 0, 0, 0, 0, 0, 9, 9, 0, 3, 0, 0, 0, 0, 0, 0, 0], [0, 0, 0, 0, 0, 0, 0, 0, 0, 0, 0, 0, 0, 0, 0, 0, 0, 0], [0, 0, 0, 0, 0, 0, 0, 0, 0, 0, 0, 0, 0, 0, 0, 0, 0, 0], [0, 0, 0, 0, 0, 0, 0, 0, 0, 0, 0, 0, 0, 0, 0, 0, 0, 0], [0, 0, 0, 0, 0, 0, 0, 0, 0, 0, 0, 0, 0, 0, 0, 0, 0, 0]]}], "test": [{"input": [[0, 0, 0, 0, 0, 0, 0, 0, 0, 0, 0, 0, 0, 0, 0, 0, 0, 0], [0, 0, 0, 0, 0, 0, 0, 0, 0, 0, 0, 0, 0, 0, 0, 0, 0, 0], [0, 0, 0, 0, 0, 0, 0, 0, 0, 0, 0, 0, 0, 0, 0, 0, 0, 0], [0, 0, 0, 0, 0, 0, 0, 0, 0, 0, 0, 0, 0, 0, 0, 0, 0, 0], [1, 1, 0, 0, 0, 0, 0, 0, 0, 0, 0, 0, 0, 0, 7, 0, 0, 0], [1, 1, 1, 0, 0, 0, 0, 0, 0, 0, 0, 0, 0, 0, 7, 0, 0, 0], [1, 1, 0, 0, 0, 0, 0, 0, 0, 0, 0, 0, 0, 7, 7, 7, 0, 0], [1, 1, 1, 0, 0, 0, 0, 0, 5, 5, 0, 0, 0, 7, 7, 7, 0, 0], [1, 1, 0, 0, 0, 0, 0, 5, 5, 5, 5, 0, 0, 7, 7, 7, 0, 0], [0, 0, 0, 0, 0, 0, 0, 5, 0, 0, 5, 0, 0, 0, 0, 0, 0, 0], [0, 0, 0, 0, 0, 0, 0, 5, 5, 5, 5, 0, 0, 0, 2, 2, 0, 0], [0, 0, 0, 0, 0, 0, 0, 0, 5, 5, 0, 0, 0, 0, 2, 2, 2, 0], [0, 0, 0, 0, 0, 0, 0, 0, 0, 0, 0, 0, 0, 0, 0, 2, 0, 0], [0, 0, 0, 0, 0, 0, 0, 0, 0, 0, 0, 0, 0, 0, 2, 2, 2, 0], [0, 0, 0, 0, 0, 0, 0, 0, 0, 0, 0, 0, 0, 0, 2, 2, 0, 0]], "output": [[0, 0, 0, 0, 0, 0, 0, 0, 0, 0, 0, 0, 0, 0, 0, 0, 0, 0], [0, 0, 0, 0, 0, 0, 0, 0, 0, 0, 0, 0, 0, 0, 0, 0, 0, 0], [0, 0, 0, 0, 0, 0, 0, 0, 0, 0, 0, 0, 0, 0, 0, 0, 0, 0], [0, 0, 0, 0, 0, 0, 0, 0, 0, 0, 0, 0, 0, 0, 0, 0, 0, 0], [0, 0, 0, 0, 0, 0, 0, 0, 0, 0, 0, 0, 0, 0, 0, 0, 0, 0], [0, 0, 0, 0, 0, 0, 0, 0, 5, 5, 0, 0, 0, 0, 0, 0, 0, 0], [0, 0, 0, 0, 0, 0, 0, 5, 5, 5, 5, 0, 0, 0, 0, 0, 0, 0], [0, 0, 0, 0, 0, 0, 0, 5, 0, 0, 5, 0, 0, 0, 0, 0, 0, 0], [0, 0, 0, 0, 0, 0, 0, 5, 5, 5, 5, 0, 0, 0, 0, 0, 0, 0], [0, 0, 0, 0, 0, 0, 0, 0, 5, 5, 0, 0, 0, 0, 0, 0, 0, 0], [0, 0, 0, 0, 0, 0, 0, 0, 0, 0, 0, 0, 0, 0, 0, 0, 0, 0], [0, 0, 0, 0, 0, 0, 0, 0, 0, 0, 0, 0, 0, 0, 0, 0, 0, 0], [0, 0, 0, 0, 0, 0, 0, 0, 0, 0, 0, 0, 0, 0, 0, 0, 0, 0], [0, 0, 0, 0, 0, 0, 0, 0, 0, 0, 0, 0, 0, 0, 0, 0, 0, 0], [0, 0, 0, 0, 0, 0, 0, 0, 0, 0, 0, 0, 0, 0, 0, 0, 0, 0]]}, {"input": [[0, 0, 0, 0, 0, 0, 0, 0, 0, 0, 0, 0, 0, 0, 0, 0, 0, 0, 0], [0, 0, 0, 0, 0, 0, 0, 2, 2, 0, 0, 0, 0, 0, 0, 0, 0, 0, 0], [0, 0, 0, 0, 0, 0, 2, 2, 2, 0, 0, 0, 0, 0, 0, 0, 0, 0, 0], [0, 0, 6, 6, 6, 0, 2, 2, 2, 0, 0, 0, 0, 1, 1, 1, 1, 1, 0], [0, 0, 6, 6, 6, 0, 0, 2, 2, 0, 0, 0, 0, 1, 1, 1, 1, 1, 0], [0, 0, 0, 6, 6, 0, 0, 0, 0, 0, 0, 0, 0, 1, 1, 0, 1, 1, 0], [0, 0, 6, 6, 6, 0, 0, 0, 0, 0, 0, 0, 0, 0, 0, 0, 0, 0, 0], [0, 0, 6, 6, 6, 0, 0, 0, 0, 0, 0, 0, 0, 0, 0, 0, 0, 0, 0], [0, 9, 9, 0, 0, 0, 0, 0, 0, 0, 0, 0, 0, 0, 0, 0, 0, 0, 0], [9, 9, 9, 9, 0, 0, 0, 0, 0, 0, 0, 0, 0, 0, 0, 0, 0, 0, 0], [9, 9, 9, 9, 0, 0, 0, 0, 0, 0, 0, 0, 0, 0, 0, 0, 0, 0, 0], [9, 9, 9, 9, 0, 0, 0, 0, 0, 0, 0, 0, 0, 0, 0, 0, 0, 0, 0], [0, 9, 9, 0, 0, 0, 0, 0, 0, 0, 0, 0, 0, 0, 0, 0, 0, 0, 0]], "output": [[0, 0, 0, 0, 0, 0, 0, 0, 0, 0, 0, 0, 0, 0, 0, 0, 0, 0, 0], [0, 0, 0, 0, 0, 0, 0, 0, 9, 9, 0, 0, 0, 0, 0, 0, 0, 0, 0], [0, 0, 0, 0, 0, 0, 0, 9, 9, 9, 9, 0, 0, 0, 0, 0, 0, 0, 0], [0, 0, 0, 0, 0, 0, 0, 9, 9, 9, 9, 0, 0, 0, 0, 0, 0, 0, 0], [0, 0, 0, 0, 0, 0, 0, 9, 9, 9, 9, 0, 0, 0, 0, 0, 0, 0, 0], [0, 0, 0, 0, 0, 0, 0, 0, 9, 9, 0, 0, 0, 0, 0, 0, 0, 0, 0], [0, 0, 0, 0, 0, 0, 0, 0, 0, 6, 6, 6, 0, 0, 0, 0, 0, 0, 0], [0, 0, 0, 0, 0, 0, 0, 0, 0, 6, 6, 6, 0, 0, 0, 0, 0, 0, 0], [0, 0, 0, 0, 0, 0, 0, 0, 0, 0, 6, 6, 0, 0, 0, 0, 0, 0, 0], [0, 0, 0, 0, 0, 0, 0, 0, 0, 6, 6, 6, 0, 0, 0, 0, 0, 0, 0], [0, 0, 0, 0, 0, 0, 0, 0, 0, 6, 6, 6, 0, 0, 0, 0, 0, 0, 0], [0, 0, 0, 0, 0, 0, 0, 0, 0, 0, 0, 0, 0, 0, 0, 0, 0, 0, 0], [0, 0, 0, 0, 0, 0, 0, 0, 0, 0, 0, 0, 0, 0, 0, 0, 0, 0, 0]]}, {"input": [[0, 0, 0, 0, 0, 0, 0, 0, 0, 0, 0, 0, 0, 0, 0, 0], [0, 0, 0, 0, 0, 0, 0, 0, 0, 0, 0, 0, 0, 0, 0, 0], [0, 0, 0, 0, 0, 0, 0, 0, 0, 0, 4, 4, 4, 0, 0, 0], [0, 0, 0, 0, 0, 0, 0, 0, 0, 0, 4, 4, 0, 0, 0, 0], [0, 0, 0, 0, 0, 0, 0, 0, 0, 0, 4, 4, 0, 0, 0, 0], [0, 0, 0, 0, 0, 0, 9, 0, 0, 0, 4, 4, 4, 0, 0, 0], [0, 0, 0, 0, 9, 9, 9, 9, 9, 0, 0, 0, 0, 0, 0, 0], [0, 0, 0, 0, 9, 9, 9, 9, 9, 0, 0, 0, 0, 0, 0, 0], [8, 8, 8, 8, 0, 0, 9, 0, 0, 0, 0, 0, 0, 0, 0, 0], [8, 8, 8, 8, 0, 0, 0, 0, 0, 0, 0, 0, 0, 5, 5, 0], [8, 8, 8, 8, 0, 0, 0, 0, 0, 0, 0, 0, 0, 5, 5, 0], [0, 8, 8, 0, 0, 0, 0, 0, 0, 0, 0, 0, 5, 5, 5, 0], [0, 0, 0, 0, 0, 0, 0, 0, 0, 0, 0, 0, 0, 5, 5, 0], [0, 0, 0, 0, 0, 0, 0, 0, 0, 0, 0, 0, 0, 5, 5, 0], [0, 0, 0, 0, 0, 0, 0, 0, 0, 0, 0, 0, 0, 0, 0, 0]], "output": [[0, 0, 0, 0, 0, 0, 0, 0, 0, 0, 0, 0, 0, 0, 0, 0], [0, 0, 0, 0, 0, 0, 0, 0, 0, 0, 0, 0, 0, 0, 0, 0], [0, 0, 0, 0, 0, 0, 0, 0, 0, 0, 0, 0, 0, 0, 0, 0], [0, 0, 0, 0, 0, 0, 0, 0, 0, 0, 0, 0, 0, 0, 0, 0], [0, 0, 0, 0, 8, 8, 0, 0, 0, 0, 0, 0, 0, 0, 0, 0], [0, 0, 0, 8, 8, 8, 8, 0, 0, 0, 0, 0, 0, 0, 0, 0], [0, 0, 0, 8, 8, 8, 8, 0, 0, 0, 0, 0, 0, 0, 0, 0], [0, 0, 0, 8, 8, 8, 8, 0, 0, 9, 0, 0, 0, 0, 0, 0], [0, 0, 0, 0, 0, 0, 0, 9, 9, 9, 9, 9, 0, 0, 0, 0], [0, 0, 0, 0, 0, 0, 0, 9, 9, 9, 9, 9, 0, 0, 0, 0], [0, 0, 0, 0, 0, 0, 0, 0, 0, 9, 0, 0, 0, 0, 0, 0], [0, 0, 0, 0, 0, 0, 0, 0, 0, 0, 0, 0, 0, 0, 0, 0], [0, 0, 0, 0, 0, 0, 0, 0, 0, 0, 0, 0, 0, 0, 0, 0], [0, 0, 0, 0, 0, 0, 0, 0, 0, 0, 0, 0, 0, 0, 0, 0], [0, 0, 0, 0, 0, 0, 0, 0, 0, 0, 0, 0, 0, 0, 0, 0]]}]}