{"train": [{"input": [[0, 0, 0, 0, 0, 0, 0, 0, 0, 0, 0, 0], [0, 0, 0, 0, 0, 0, 0, 0, 0, 0, 0, 0], [0, 0, 0, 0, 0, 0, 0, 0, 0, 0, 0, 0], [0, 0, 0, 0, 0, 0, 0, 0, 0, 0, 0, 0], [0, 0, 0, 0, 0, 0, 0, 0, 0, 0, 0, 0], [0, 0, 0, 0, 0, 0, 0, 0, 0, 0, 0, 0], [0, 0, 0, 0, 0, 1, 0, 0, 0, 0, 0, 0], [0, 0, 0, 0, 0, 0, 0, 0, 0, 0, 0, 0]], "output": [[1, 1, 1, 1, 1, 1, 1, 1, 1, 1, 1, 1], [3, 3, 3, 3, 3, 3, 3, 3, 3, 3, 3, 1], [3, 1, 1, 1, 1, 1, 1, 1, 1, 1, 3, 1], [3, 1, 3, 3, 3, 3, 3, 3, 3, 1, 3, 1], [3, 1, 3, 1, 1, 1, 1, 1, 3, 1, 3, 1], [3, 1, 3, 1, 3, 3, 3, 1, 3, 1, 3, 1], [3, 1, 3, 1, 3, 1, 3, 1, 3, 1, 3, 1], [3, 1, 3, 1, 3, 3, 3, 1, 3, 1, 3, 1]]}, {"input": [[0, 0, 0, 0, 0, 0, 0, 0, 0, 0], [0, 0, 0, 0, 0, 0, 0, 0, 0, 0], [0, 0, 0, 0, 0, 0, 0, 0, 0, 0], [0, 0, 0, 0, 0, 0, 0, 0, 0, 0], [0, 0, 0, 0, 0, 0, 0, 0, 0, 0], [0, 0, 0, 0, 0, 0, 0, 0, 0, 0], [0, 0, 0, 1, 0, 0, 0, 0, 0, 0]], "output": [[1, 1, 1, 1, 1, 1, 1, 1, 1, 1], [3, 3, 3, 3, 3, 3, 3, 3, 3, 1], [1, 1, 1, 1, 1, 1, 1, 1, 3, 1], [3, 3, 3, 3, 3, 3, 3, 1, 3, 1], [3, 1, 1, 1, 1, 1, 3, 1, 3, 1], [3, 1, 3, 3, 3, 1, 3, 1, 3, 1], [3, 1, 3, 1, 3, 1, 3, 1, 3, 1]]}, {"input": [[0, 0, 0, 0, 0, 0, 0, 0, 0, 0, 0], [0, 0, 0, 0, 0, 0, 0, 0, 0, 0, 0], [0, 0, 0, 0, 0, 0, 0, 0, 0, 0, 0], [0, 0, 0, 0, 0, 0, 0, 0, 0, 0, 0], [0, 0, 0, 0, 0, 0, 0, 0, 1, 0, 0], [0, 0, 0, 0, 0, 0, 0, 0, 0, 0, 0], [0, 0, 0, 0, 0, 0, 0, 0, 0, 0, 0]], "output": [[0, 0, 0, 0, 0, 0, 0, 0, 0, 0, 0], [0, 0, 0, 0, 0, 0, 0, 0, 0, 0, 0], [0, 0, 0, 0, 0, 0, 1, 1, 1, 1, 1], [0, 0, 0, 0, 0, 0, 1, 3, 3, 3, 1], [0, 0, 0, 0, 0, 0, 1, 3, 1, 3, 1], [0, 0, 0, 0, 0, 0, 1, 3, 3, 3, 1], [0, 0, 0, 0, 0, 0, 1, 1, 1, 1, 1]]}, {"input": [[0, 0, 0, 0, 0, 0, 0, 0, 0], [0, 0, 0, 0, 0, 0, 0, 0, 0], [0, 0, 0, 0, 0, 0, 0, 0, 0], [0, 0, 0, 0, 0, 0, 0, 0, 0], [0, 0, 0, 0, 0, 0, 0, 0, 0], [0, 0, 0, 0, 1, 0, 0, 0, 0], [0, 0, 0, 0, 0, 0, 0, 0, 0], [0, 0, 0, 0, 0, 0, 0, 0, 0], [0, 0, 0, 0, 0, 0, 0, 0, 0]], "output": [[0, 0, 0, 0, 0, 0, 0, 0, 0], [1, 1, 1, 1, 1, 1, 1, 1, 1], [1, 3, 3, 3, 3, 3, 3, 3, 1], [1, 3, 1, 1, 1, 1, 1, 3, 1], [1, 3, 1, 3, 3, 3, 1, 3, 1], [1, 3, 1, 3, 1, 3, 1, 3, 1], [1, 3, 1, 3, 3, 3, 1, 3, 1], [1, 3, 1, 1, 1, 1, 1, 3, 1], [1, 3, 3, 3, 3, 3, 3, 3, 1]]}, {"input": [[0, 0, 0, 0, 0, 0, 0, 0, 0], [0, 0, 0, 0, 0, 0, 0, 0, 0], [0, 0, 0, 0, 0, 0, 0, 0, 0], [0, 0, 0, 0, 1, 0, 0, 0, 0], [0, 0, 0, 0, 0, 0, 0, 0, 0], [0, 0, 0, 0, 0, 0, 0, 0, 0], [0, 0, 0, 0, 0, 0, 0, 0, 0], [0, 0, 0, 0, 0, 0, 0, 0, 0], [0, 0, 0, 0, 0, 0, 0, 0, 0], [0, 0, 0, 0, 0, 0, 0, 0, 0], [0, 0, 0, 0, 0, 0, 0, 0, 0], [0, 0, 0, 0, 0, 0, 0, 0, 0]], "output": [[1, 3, 3, 3, 3, 3, 3, 3, 1], [1, 3, 1, 1, 1, 1, 1, 3, 1], [1, 3, 1, 3, 3, 3, 1, 3, 1], [1, 3, 1, 3, 1, 3, 1, 3, 1], [1, 3, 1, 3, 3, 3, 1, 3, 1], [1, 3, 1, 1, 1, 1, 1, 3, 1], [1, 3, 3, 3, 3, 3, 3, 3, 1], [1, 1, 1, 1, 1, 1, 1, 1, 1], [3, 3, 3, 3, 3, 3, 3, 3, 3], [1, 1, 1, 1, 1, 1, 1, 1, 1], [3, 3, 3, 3, 3, 3, 3, 3, 3], [1, 1, 1, 1, 1, 1, 1, 1, 1]]}, {"input": [[0, 0, 0, 1, 0, 0, 0, 0, 0, 0], [0, 0, 0, 0, 0, 0, 0, 0, 0, 0], [0, 0, 0, 0, 0, 0, 0, 0, 0, 0], [0, 0, 0, 0, 0, 0, 0, 0, 0, 0], [0, 0, 0, 0, 0, 0, 0, 0, 0, 0], [0, 0, 0, 0, 0, 0, 0, 0, 0, 0], [0, 0, 0, 0, 0, 0, 0, 0, 0, 0], [0, 0, 0, 0, 0, 0, 0, 0, 0, 0], [0, 0, 0, 0, 0, 0, 0, 0, 0, 0], [0, 0, 0, 0, 0, 0, 0, 0, 0, 0], [0, 0, 0, 0, 0, 0, 0, 0, 0, 0], [0, 0, 0, 0, 0, 0, 0, 0, 0, 0], [0, 0, 0, 0, 0, 0, 0, 0, 0, 0], [0, 0, 0, 0, 0, 0, 0, 0, 0, 0]], "output": [[3, 1, 3, 1, 3, 1, 3, 1, 3, 1], [3, 1, 3, 3, 3, 1, 3, 1, 3, 1], [3, 1, 1, 1, 1, 1, 3, 1, 3, 1], [3, 3, 3, 3, 3, 3, 3, 1, 3, 1], [1, 1, 1, 1, 1, 1, 1, 1, 3, 1], [3, 3, 3, 3, 3, 3, 3, 3, 3, 1], [1, 1, 1, 1, 1, 1, 1, 1, 1, 1], [3, 3, 3, 3, 3, 3, 3, 3, 3, 3], [1, 1, 1, 1, 1, 1, 1, 1, 1, 1], [3, 3, 3, 3, 3, 3, 3, 3, 3, 3], [1, 1, 1, 1, 1, 1, 1, 1, 1, 1], [3, 3, 3, 3, 3, 3, 3, 3, 3, 3], [1, 1, 1, 1, 1, 1, 1, 1, 1, 1], [3, 3, 3, 3, 3, 3, 3, 3, 3, 3]]}, {"input": [[0, 0, 1, 0, 0, 0, 0, 0, 0, 0, 0], [0, 0, 0, 0, 0, 0, 0, 0, 0, 0, 0], [0, 0, 0, 0, 0, 0, 0, 0, 0, 0, 0], [0, 0, 0, 0, 0, 0, 0, 0, 0, 0, 0], [0, 0, 0, 0, 0, 0, 0, 0, 0, 0, 0], [0, 0, 0, 0, 0, 0, 0, 0, 0, 0, 0]], "output": [[1, 3, 1, 3, 1, 3, 1, 3, 1, 3, 1], [1, 3, 3, 3, 1, 3, 1, 3, 1, 3, 1], [1, 1, 1, 1, 1, 3, 1, 3, 1, 3, 1], [3, 3, 3, 3, 3, 3, 1, 3, 1, 3, 1], [1, 1, 1, 1, 1, 1, 1, 3, 1, 3, 1], [3, 3, 3, 3, 3, 3, 3, 3, 1, 3, 1]]}, {"input": [[0, 0, 0, 0, 0, 0, 0, 0, 0, 0, 0, 0, 0], [0, 0, 0, 0, 0, 0, 0, 0, 0, 0, 0, 0, 0], [0, 0, 0, 0, 0, 0, 0, 0, 0, 0, 0, 0, 0], [0, 0, 0, 0, 0, 0, 0, 0, 0, 0, 0, 0, 0], [0, 0, 0, 0, 0, 0, 0, 0, 0, 0, 0, 0, 0], [0, 0, 0, 0, 0, 0, 0, 0, 0, 0, 0, 0, 0], [0, 0, 0, 0, 0, 0, 0, 0, 0, 0, 0, 0, 0], [0, 0, 0, 0, 0, 0, 0, 0, 0, 0, 0, 0, 0], [0, 0, 0, 0, 0, 0, 0, 0, 0, 0, 0, 0, 0], [0, 0, 0, 0, 0, 0, 0, 0, 0, 0, 0, 0, 0], [0, 0, 0, 0, 0, 0, 0, 0, 0, 0, 0, 0, 0], [0, 0, 0, 0, 0, 0, 0, 0, 0, 0, 1, 0, 0], [0, 0, 0, 0, 0, 0, 0, 0, 0, 0, 0, 0, 0]], "output": [[0, 0, 0, 0, 0, 0, 0, 0, 0, 0, 0, 0, 0], [0, 0, 0, 0, 0, 0, 0, 0, 0, 0, 0, 0, 0], [0, 0, 0, 0, 0, 0, 0, 0, 0, 0, 0, 0, 0], [0, 0, 0, 0, 0, 0, 0, 0, 0, 0, 0, 0, 0], [0, 0, 0, 0, 0, 0, 0, 0, 0, 0, 0, 0, 0], [0, 0, 0, 0, 0, 0, 0, 0, 0, 0, 0, 0, 0], [0, 0, 0, 0, 0, 0, 0, 0, 0, 0, 0, 0, 0], [0, 0, 0, 0, 0, 0, 0, 0, 0, 0, 0, 0, 0], [0, 0, 0, 0, 0, 0, 0, 0, 0, 0, 0, 0, 0], [0, 0, 0, 0, 0, 0, 0, 0, 1, 1, 1, 1, 1], [0, 0, 0, 0, 0, 0, 0, 0, 1, 3, 3, 3, 1], [0, 0, 0, 0, 0, 0, 0, 0, 1, 3, 1, 3, 1], [0, 0, 0, 0, 0, 0, 0, 0, 1, 3, 3, 3, 1]]}, {"input": [[0, 0, 0, 0, 0, 0, 0], [0, 0, 0, 0, 0, 0, 0], [0, 0, 0, 0, 0, 0, 0], [0, 0, 0, 0, 0, 0, 0], [0, 0, 0, 0, 0, 0, 0], [1, 0, 0, 0, 0, 0, 0], [0, 0, 0, 0, 0, 0, 0], [0, 0, 0, 0, 0, 0, 0], [0, 0, 0, 0, 0, 0, 0], [0, 0, 0, 0, 0, 0, 0]], "output": [[3, 3, 3, 3, 3, 3, 1], [1, 1, 1, 1, 1, 3, 1], [3, 3, 3, 3, 1, 3, 1], [1, 1, 1, 3, 1, 3, 1], [3, 3, 1, 3, 1, 3, 1], [1, 3, 1, 3, 1, 3, 1], [3, 3, 1, 3, 1, 3, 1], [1, 1, 1, 3, 1, 3, 1], [3, 3, 3, 3, 1, 3, 1], [1, 1, 1, 1, 1, 3, 1]]}, {"input": [[0, 0, 0, 0, 0, 0], [0, 0, 0, 0, 0, 0], [0, 0, 0, 0, 0, 0], [0, 0, 0, 0, 0, 0], [0, 0, 0, 0, 0, 0], [0, 0, 0, 0, 0, 0], [0, 0, 0, 0, 0, 0], [0, 0, 0, 0, 0, 1], [0, 0, 0, 0, 0, 0]], "output": [[0, 0, 0, 0, 0, 0], [0, 0, 0, 0, 0, 0], [0, 0, 0, 0, 0, 0], [0, 0, 0, 0, 0, 0], [0, 0, 0, 0, 0, 0], [0, 0, 0, 0, 0, 0], [0, 0, 0, 0, 3, 3], [0, 0, 0, 0, 3, 1], [0, 0, 0, 0, 3, 3]]}, {"input": [[0, 0, 0, 0, 0, 0], [0, 0, 0, 0, 0, 0], [0, 0, 0, 0, 0, 0], [0, 0, 0, 0, 0, 0], [0, 0, 0, 0, 0, 0], [0, 0, 0, 0, 0, 0], [0, 0, 0, 0, 0, 0], [0, 0, 0, 0, 0, 0], [0, 0, 0, 0, 0, 0], [0, 0, 0, 0, 0, 0], [0, 0, 1, 0, 0, 0], [0, 0, 0, 0, 0, 0], [0, 0, 0, 0, 0, 0], [0, 0, 0, 0, 0, 0]], "output": [[0, 0, 0, 0, 0, 0], [0, 0, 0, 0, 0, 0], [0, 0, 0, 0, 0, 0], [0, 0, 0, 0, 0, 0], [0, 0, 0, 0, 0, 0], [0, 0, 0, 0, 0, 0], [0, 0, 0, 0, 0, 0], [3, 3, 3, 3, 3, 3], [1, 1, 1, 1, 1, 3], [1, 3, 3, 3, 1, 3], [1, 3, 1, 3, 1, 3], [1, 3, 3, 3, 1, 3], [1, 1, 1, 1, 1, 3], [3, 3, 3, 3, 3, 3]]}, {"input": [[0, 0, 0, 0, 0, 0, 0, 0, 0, 0, 0, 0, 0, 0], [0, 0, 0, 0, 0, 0, 0, 0, 0, 0, 0, 0, 0, 0], [0, 0, 0, 0, 0, 0, 0, 0, 0, 0, 0, 0, 0, 0], [0, 0, 0, 0, 0, 0, 0, 0, 0, 0, 1, 0, 0, 0], [0, 0, 0, 0, 0, 0, 0, 0, 0, 0, 0, 0, 0, 0], [0, 0, 0, 0, 0, 0, 0, 0, 0, 0, 0, 0, 0, 0]], "output": [[0, 0, 0, 0, 0, 0, 0, 3, 3, 3, 3, 3, 3, 3], [0, 0, 0, 0, 0, 0, 0, 3, 1, 1, 1, 1, 1, 3], [0, 0, 0, 0, 0, 0, 0, 3, 1, 3, 3, 3, 1, 3], [0, 0, 0, 0, 0, 0, 0, 3, 1, 3, 1, 3, 1, 3], [0, 0, 0, 0, 0, 0, 0, 3, 1, 3, 3, 3, 1, 3], [0, 0, 0, 0, 0, 0, 0, 3, 1, 1, 1, 1, 1, 3]]}, {"input": [[0, 0, 0, 0, 0, 0, 0], [0, 0, 0, 0, 0, 0, 0], [0, 0, 0, 0, 0, 0, 0], [0, 0, 0, 0, 1, 0, 0], [0, 0, 0, 0, 0, 0, 0]], "output": [[0, 0, 0, 0, 0, 0, 0], [0, 0, 1, 1, 1, 1, 1], [0, 0, 1, 3, 3, 3, 1], [0, 0, 1, 3, 1, 3, 1], [0, 0, 1, 3, 3, 3, 1]]}, {"input": [[0, 0, 0, 0, 0, 0], [0, 0, 0, 0, 0, 0], [0, 0, 0, 0, 0, 0], [0, 0, 0, 0, 1, 0], [0, 0, 0, 0, 0, 0], [0, 0, 0, 0, 0, 0], [0, 0, 0, 0, 0, 0], [0, 0, 0, 0, 0, 0], [0, 0, 0, 0, 0, 0], [0, 0, 0, 0, 0, 0], [0, 0, 0, 0, 0, 0], [0, 0, 0, 0, 0, 0], [0, 0, 0, 0, 0, 0], [0, 0, 0, 0, 0, 0]], "output": [[1, 3, 3, 3, 3, 3], [1, 3, 1, 1, 1, 1], [1, 3, 1, 3, 3, 3], [1, 3, 1, 3, 1, 3], [1, 3, 1, 3, 3, 3], [1, 3, 1, 1, 1, 1], [1, 3, 3, 3, 3, 3], [1, 1, 1, 1, 1, 1], [3, 3, 3, 3, 3, 3], [1, 1, 1, 1, 1, 1], [3, 3, 3, 3, 3, 3], [1, 1, 1, 1, 1, 1], [3, 3, 3, 3, 3, 3], [1, 1, 1, 1, 1, 1]]}, {"input": [[0, 0, 0, 0, 0, 0, 0, 0, 0, 0, 0, 0, 0], [0, 0, 0, 0, 0, 0, 0, 0, 0, 0, 0, 0, 0], [0, 0, 0, 0, 0, 0, 0, 0, 0, 0, 0, 0, 0], [0, 0, 0, 0, 0, 0, 0, 0, 0, 0, 0, 0, 0], [0, 0, 0, 0, 0, 0, 0, 0, 0, 0, 0, 1, 0], [0, 0, 0, 0, 0, 0, 0, 0, 0, 0, 0, 0, 0]], "output": [[0, 0, 0, 0, 0, 0, 0, 0, 0, 0, 0, 0, 0], [0, 0, 0, 0, 0, 0, 0, 0, 0, 0, 0, 0, 0], [0, 0, 0, 0, 0, 0, 0, 0, 0, 0, 0, 0, 0], [0, 0, 0, 0, 0, 0, 0, 0, 0, 0, 3, 3, 3], [0, 0, 0, 0, 0, 0, 0, 0, 0, 0, 3, 1, 3], [0, 0, 0, 0, 0, 0, 0, 0, 0, 0, 3, 3, 3]]}, {"input": [[0, 0, 0, 0, 0, 0], [0, 0, 0, 0, 0, 0], [0, 0, 0, 0, 0, 0], [0, 0, 0, 0, 0, 0], [0, 0, 0, 0, 0, 0], [0, 0, 0, 0, 0, 0], [0, 0, 0, 0, 0, 0], [0, 0, 0, 0, 0, 0], [1, 0, 0, 0, 0, 0], [0, 0, 0, 0, 0, 0], [0, 0, 0, 0, 0, 0], [0, 0, 0, 0, 0, 0]], "output": [[0, 0, 0, 0, 0, 0], [0, 0, 0, 0, 0, 0], [0, 0, 0, 0, 0, 0], [3, 3, 3, 3, 3, 3], [1, 1, 1, 1, 1, 3], [3, 3, 3, 3, 1, 3], [1, 1, 1, 3, 1, 3], [3, 3, 1, 3, 1, 3], [1, 3, 1, 3, 1, 3], [3, 3, 1, 3, 1, 3], [1, 1, 1, 3, 1, 3], [3, 3, 3, 3, 1, 3]]}, {"input": [[0, 0, 0, 0, 0, 0, 0], [0, 0, 0, 0, 0, 0, 0], [0, 0, 0, 0, 0, 0, 0], [0, 0, 0, 0, 0, 0, 0], [0, 0, 0, 0, 1, 0, 0]], "output": [[0, 0, 0, 0, 0, 0, 0], [0, 0, 0, 0, 0, 0, 0], [0, 0, 1, 1, 1, 1, 1], [0, 0, 1, 3, 3, 3, 1], [0, 0, 1, 3, 1, 3, 1]]}, {"input": [[0, 0, 0, 0, 0], [0, 0, 0, 0, 0], [0, 0, 0, 0, 0], [0, 0, 0, 0, 0], [0, 0, 0, 0, 0], [0, 0, 0, 0, 0], [0, 0, 0, 0, 0], [0, 0, 0, 0, 0], [0, 0, 0, 0, 0], [0, 0, 0, 0, 0], [1, 0, 0, 0, 0], [0, 0, 0, 0, 0], [0, 0, 0, 0, 0], [0, 0, 0, 0, 0]], "output": [[0, 0, 0, 0, 0], [0, 0, 0, 0, 0], [0, 0, 0, 0, 0], [0, 0, 0, 0, 0], [0, 0, 0, 0, 0], [0, 0, 0, 0, 0], [1, 1, 1, 1, 1], [3, 3, 3, 3, 1], [1, 1, 1, 3, 1], [3, 3, 1, 3, 1], [1, 3, 1, 3, 1], [3, 3, 1, 3, 1], [1, 1, 1, 3, 1], [3, 3, 3, 3, 1]]}, {"input": [[0, 0, 0, 0, 0, 0, 0, 0, 0, 0], [0, 0, 0, 0, 0, 0, 0, 0, 0, 0], [0, 0, 0, 0, 0, 0, 0, 0, 0, 0], [0, 0, 0, 1, 0, 0, 0, 0, 0, 0], [0, 0, 0, 0, 0, 0, 0, 0, 0, 0], [0, 0, 0, 0, 0, 0, 0, 0, 0, 0], [0, 0, 0, 0, 0, 0, 0, 0, 0, 0], [0, 0, 0, 0, 0, 0, 0, 0, 0, 0], [0, 0, 0, 0, 0, 0, 0, 0, 0, 0], [0, 0, 0, 0, 0, 0, 0, 0, 0, 0], [0, 0, 0, 0, 0, 0, 0, 0, 0, 0], [0, 0, 0, 0, 0, 0, 0, 0, 0, 0]], "output": [[3, 3, 3, 3, 3, 3, 3, 1, 3, 1], [3, 1, 1, 1, 1, 1, 3, 1, 3, 1], [3, 1, 3, 3, 3, 1, 3, 1, 3, 1], [3, 1, 3, 1, 3, 1, 3, 1, 3, 1], [3, 1, 3, 3, 3, 1, 3, 1, 3, 1], [3, 1, 1, 1, 1, 1, 3, 1, 3, 1], [3, 3, 3, 3, 3, 3, 3, 1, 3, 1], [1, 1, 1, 1, 1, 1, 1, 1, 3, 1], [3, 3, 3, 3, 3, 3, 3, 3, 3, 1], [1, 1, 1, 1, 1, 1, 1, 1, 1, 1], [3, 3, 3, 3, 3, 3, 3, 3, 3, 3], [1, 1, 1, 1, 1, 1, 1, 1, 1, 1]]}, {"input": [[0, 0, 0, 0, 0, 0, 0, 0, 0, 0, 0], [0, 0, 0, 0, 0, 0, 0, 0, 0, 0, 0], [0, 0, 0, 0, 0, 0, 0, 0, 0, 0, 0], [0, 0, 0, 0, 0, 0, 0, 0, 0, 0, 0], [0, 0, 0, 0, 0, 0, 0, 0, 0, 0, 1], [0, 0, 0, 0, 0, 0, 0, 0, 0, 0, 0], [0, 0, 0, 0, 0, 0, 0, 0, 0, 0, 0]], "output": [[0, 0, 0, 0, 0, 0, 0, 0, 0, 0, 0], [0, 0, 0, 0, 0, 0, 0, 0, 0, 0, 0], [0, 0, 0, 0, 0, 0, 0, 0, 1, 1, 1], [0, 0, 0, 0, 0, 0, 0, 0, 1, 3, 3], [0, 0, 0, 0, 0, 0, 0, 0, 1, 3, 1], [0, 0, 0, 0, 0, 0, 0, 0, 1, 3, 3], [0, 0, 0, 0, 0, 0, 0, 0, 1, 1, 1]]}, {"input": [[0, 0, 0, 0, 0, 0, 0, 0, 0, 0, 0], [0, 0, 0, 0, 0, 0, 0, 0, 1, 0, 0], [0, 0, 0, 0, 0, 0, 0, 0, 0, 0, 0], [0, 0, 0, 0, 0, 0, 0, 0, 0, 0, 0], [0, 0, 0, 0, 0, 0, 0, 0, 0, 0, 0], [0, 0, 0, 0, 0, 0, 0, 0, 0, 0, 0], [0, 0, 0, 0, 0, 0, 0, 0, 0, 0, 0], [0, 0, 0, 0, 0, 0, 0, 0, 0, 0, 0], [0, 0, 0, 0, 0, 0, 0, 0, 0, 0, 0], [0, 0, 0, 0, 0, 0, 0, 0, 0, 0, 0], [0, 0, 0, 0, 0, 0, 0, 0, 0, 0, 0]], "output": [[1, 3, 1, 3, 1, 3, 1, 3, 3, 3, 1], [1, 3, 1, 3, 1, 3, 1, 3, 1, 3, 1], [1, 3, 1, 3, 1, 3, 1, 3, 3, 3, 1], [1, 3, 1, 3, 1, 3, 1, 1, 1, 1, 1], [1, 3, 1, 3, 1, 3, 3, 3, 3, 3, 3], [1, 3, 1, 3, 1, 1, 1, 1, 1, 1, 1], [1, 3, 1, 3, 3, 3, 3, 3, 3, 3, 3], [1, 3, 1, 1, 1, 1, 1, 1, 1, 1, 1], [1, 3, 3, 3, 3, 3, 3, 3, 3, 3, 3], [1, 1, 1, 1, 1, 1, 1, 1, 1, 1, 1], [3, 3, 3, 3, 3, 3, 3, 3, 3, 3, 3]]}, {"input": [[0, 0, 0, 0, 0, 0, 0, 0, 0, 0, 0, 0, 0, 0], [0, 0, 0, 0, 0, 0, 0, 0, 0, 0, 0, 0, 0, 0], [0, 0, 0, 0, 0, 0, 0, 0, 0, 0, 0, 0, 0, 0], [0, 0, 0, 0, 0, 0, 0, 0, 0, 0, 0, 0, 0, 0], [0, 0, 0, 0, 0, 0, 0, 0, 0, 0, 0, 0, 0, 0], [0, 0, 0, 0, 0, 0, 0, 0, 0, 0, 0, 0, 0, 1], [0, 0, 0, 0, 0, 0, 0, 0, 0, 0, 0, 0, 0, 0], [0, 0, 0, 0, 0, 0, 0, 0, 0, 0, 0, 0, 0, 0], [0, 0, 0, 0, 0, 0, 0, 0, 0, 0, 0, 0, 0, 0], [0, 0, 0, 0, 0, 0, 0, 0, 0, 0, 0, 0, 0, 0], [0, 0, 0, 0, 0, 0, 0, 0, 0, 0, 0, 0, 0, 0]], "output": [[0, 0, 0, 0, 0, 0, 0, 0, 3, 3, 3, 3, 3, 3], [0, 0, 0, 0, 0, 0, 0, 0, 3, 1, 1, 1, 1, 1], [0, 0, 0, 0, 0, 0, 0, 0, 3, 1, 3, 3, 3, 3], [0, 0, 0, 0, 0, 0, 0, 0, 3, 1, 3, 1, 1, 1], [0, 0, 0, 0, 0, 0, 0, 0, 3, 1, 3, 1, 3, 3], [0, 0, 0, 0, 0, 0, 0, 0, 3, 1, 3, 1, 3, 1], [0, 0, 0, 0, 0, 0, 0, 0, 3, 1, 3, 1, 3, 3], [0, 0, 0, 0, 0, 0, 0, 0, 3, 1, 3, 1, 1, 1], [0, 0, 0, 0, 0, 0, 0, 0, 3, 1, 3, 3, 3, 3], [0, 0, 0, 0, 0, 0, 0, 0, 3, 1, 1, 1, 1, 1], [0, 0, 0, 0, 0, 0, 0, 0, 3, 3, 3, 3, 3, 3]]}, {"input": [[0, 0, 0, 0, 0, 0, 0], [0, 0, 0, 0, 0, 0, 0], [0, 0, 0, 0, 0, 0, 0], [0, 0, 0, 0, 0, 0, 0], [0, 0, 0, 0, 0, 1, 0], [0, 0, 0, 0, 0, 0, 0], [0, 0, 0, 0, 0, 0, 0]], "output": [[0, 0, 0, 0, 0, 0, 0], [0, 0, 0, 0, 0, 0, 0], [0, 0, 0, 1, 1, 1, 1], [0, 0, 0, 1, 3, 3, 3], [0, 0, 0, 1, 3, 1, 3], [0, 0, 0, 1, 3, 3, 3], [0, 0, 0, 1, 1, 1, 1]]}, {"input": [[0, 0, 0, 0, 0, 0, 0, 0], [0, 0, 0, 0, 0, 0, 0, 0], [0, 0, 0, 0, 0, 0, 0, 0], [0, 0, 0, 0, 0, 0, 0, 0], [0, 0, 0, 0, 0, 0, 0, 0], [0, 0, 0, 0, 0, 0, 0, 0], [0, 0, 0, 0, 0, 0, 0, 0], [0, 0, 0, 1, 0, 0, 0, 0], [0, 0, 0, 0, 0, 0, 0, 0], [0, 0, 0, 0, 0, 0, 0, 0]], "output": [[0, 0, 0, 0, 0, 0, 0, 0], [0, 0, 0, 0, 0, 0, 0, 0], [0, 0, 0, 0, 0, 0, 0, 0], [1, 1, 1, 1, 1, 1, 1, 1], [3, 3, 3, 3, 3, 3, 3, 1], [3, 1, 1, 1, 1, 1, 3, 1], [3, 1, 3, 3, 3, 1, 3, 1], [3, 1, 3, 1, 3, 1, 3, 1], [3, 1, 3, 3, 3, 1, 3, 1], [3, 1, 1, 1, 1, 1, 3, 1]]}, {"input": [[0, 0, 0, 0, 0, 0, 0, 0, 0, 0], [0, 0, 0, 0, 0, 0, 0, 0, 0, 0], [0, 0, 0, 0, 0, 0, 0, 0, 0, 0], [0, 0, 0, 0, 0, 0, 0, 0, 0, 0], [0, 0, 0, 0, 0, 0, 0, 0, 0, 0], [0, 0, 0, 0, 0, 0, 0, 0, 0, 0], [0, 0, 0, 0, 0, 0, 0, 0, 0, 0], [0, 0, 0, 1, 0, 0, 0, 0, 0, 0], [0, 0, 0, 0, 0, 0, 0, 0, 0, 0]], "output": [[0, 0, 0, 0, 0, 0, 0, 0, 0, 0], [1, 1, 1, 1, 1, 1, 1, 1, 1, 1], [3, 3, 3, 3, 3, 3, 3, 3, 3, 1], [1, 1, 1, 1, 1, 1, 1, 1, 3, 1], [3, 3, 3, 3, 3, 3, 3, 1, 3, 1], [3, 1, 1, 1, 1, 1, 3, 1, 3, 1], [3, 1, 3, 3, 3, 1, 3, 1, 3, 1], [3, 1, 3, 1, 3, 1, 3, 1, 3, 1], [3, 1, 3, 3, 3, 1, 3, 1, 3, 1]]}, {"input": [[0, 0, 0, 0, 0], [0, 0, 0, 0, 0], [0, 0, 0, 0, 0], [0, 0, 0, 0, 0], [0, 0, 0, 0, 0], [0, 0, 0, 1, 0]], "output": [[0, 0, 0, 0, 0], [0, 0, 0, 0, 0], [0, 0, 0, 0, 0], [0, 0, 0, 0, 0], [0, 0, 3, 3, 3], [0, 0, 3, 1, 3]]}, {"input": [[0, 0, 0, 0, 0, 0, 0, 0, 0, 0, 0, 0, 0], [0, 0, 0, 0, 0, 0, 0, 0, 0, 0, 0, 0, 0], [0, 0, 0, 0, 0, 0, 0, 0, 0, 0, 0, 0, 0], [0, 0, 0, 0, 0, 0, 0, 0, 0, 0, 0, 0, 0], [0, 0, 0, 0, 0, 0, 0, 0, 0, 0, 0, 0, 0], [0, 0, 0, 0, 0, 0, 1, 0, 0, 0, 0, 0, 0], [0, 0, 0, 0, 0, 0, 0, 0, 0, 0, 0, 0, 0]], "output": [[1, 3, 3, 3, 3, 3, 3, 3, 3, 3, 3, 3, 1], [1, 3, 1, 1, 1, 1, 1, 1, 1, 1, 1, 3, 1], [1, 3, 1, 3, 3, 3, 3, 3, 3, 3, 1, 3, 1], [1, 3, 1, 3, 1, 1, 1, 1, 1, 3, 1, 3, 1], [1, 3, 1, 3, 1, 3, 3, 3, 1, 3, 1, 3, 1], [1, 3, 1, 3, 1, 3, 1, 3, 1, 3, 1, 3, 1], [1, 3, 1, 3, 1, 3, 3, 3, 1, 3, 1, 3, 1]]}], "test": [{"input": [[0, 0, 0, 0, 0, 0, 0, 0, 0, 0, 0, 0, 0], [0, 0, 0, 0, 0, 0, 0, 0, 0, 0, 0, 0, 0], [0, 0, 0, 0, 0, 0, 0, 0, 0, 0, 0, 0, 0], [0, 0, 0, 0, 0, 0, 0, 0, 0, 0, 0, 0, 0], [0, 0, 0, 0, 0, 0, 0, 0, 0, 0, 0, 0, 0], [0, 0, 0, 0, 0, 0, 0, 0, 0, 0, 0, 0, 0], [0, 0, 0, 0, 0, 0, 0, 0, 0, 0, 0, 0, 0], [0, 0, 0, 0, 0, 0, 0, 0, 0, 0, 0, 0, 0], [0, 0, 0, 0, 0, 0, 0, 0, 0, 0, 0, 0, 0], [0, 0, 0, 1, 0, 0, 0, 0, 0, 0, 0, 0, 0]], "output": [[3, 3, 3, 3, 3, 3, 3, 3, 3, 3, 3, 3, 3], [1, 1, 1, 1, 1, 1, 1, 1, 1, 1, 1, 1, 3], [3, 3, 3, 3, 3, 3, 3, 3, 3, 3, 3, 1, 3], [1, 1, 1, 1, 1, 1, 1, 1, 1, 1, 3, 1, 3], [3, 3, 3, 3, 3, 3, 3, 3, 3, 1, 3, 1, 3], [1, 1, 1, 1, 1, 1, 1, 1, 3, 1, 3, 1, 3], [3, 3, 3, 3, 3, 3, 3, 1, 3, 1, 3, 1, 3], [3, 1, 1, 1, 1, 1, 3, 1, 3, 1, 3, 1, 3], [3, 1, 3, 3, 3, 1, 3, 1, 3, 1, 3, 1, 3], [3, 1, 3, 1, 3, 1, 3, 1, 3, 1, 3, 1, 3]]}, {"input": [[0, 0, 0, 0, 0, 0, 0, 0, 0, 0, 0, 0, 0, 0], [0, 0, 0, 0, 0, 0, 0, 0, 0, 0, 0, 0, 0, 0], [0, 0, 0, 0, 0, 0, 0, 0, 0, 0, 0, 0, 0, 0], [0, 0, 0, 0, 0, 1, 0, 0, 0, 0, 0, 0, 0, 0], [0, 0, 0, 0, 0, 0, 0, 0, 0, 0, 0, 0, 0, 0], [0, 0, 0, 0, 0, 0, 0, 0, 0, 0, 0, 0, 0, 0], [0, 0, 0, 0, 0, 0, 0, 0, 0, 0, 0, 0, 0, 0], [0, 0, 0, 0, 0, 0, 0, 0, 0, 0, 0, 0, 0, 0]], "output": [[3, 1, 3, 3, 3, 3, 3, 3, 3, 1, 3, 1, 3, 1], [3, 1, 3, 1, 1, 1, 1, 1, 3, 1, 3, 1, 3, 1], [3, 1, 3, 1, 3, 3, 3, 1, 3, 1, 3, 1, 3, 1], [3, 1, 3, 1, 3, 1, 3, 1, 3, 1, 3, 1, 3, 1], [3, 1, 3, 1, 3, 3, 3, 1, 3, 1, 3, 1, 3, 1], [3, 1, 3, 1, 1, 1, 1, 1, 3, 1, 3, 1, 3, 1], [3, 1, 3, 3, 3, 3, 3, 3, 3, 1, 3, 1, 3, 1], [3, 1, 1, 1, 1, 1, 1, 1, 1, 1, 3, 1, 3, 1]]}, {"input": [[0, 0, 0, 0, 0, 0, 0, 0, 0, 0, 0], [0, 0, 0, 0, 0, 0, 0, 0, 0, 0, 0], [0, 0, 0, 0, 0, 0, 0, 0, 0, 0, 0], [0, 0, 0, 0, 0, 0, 0, 0, 0, 0, 0], [0, 0, 0, 0, 0, 0, 0, 0, 0, 0, 0], [0, 0, 0, 0, 0, 0, 0, 0, 0, 0, 0], [0, 0, 0, 0, 0, 0, 0, 0, 0, 0, 0], [0, 1, 0, 0, 0, 0, 0, 0, 0, 0, 0], [0, 0, 0, 0, 0, 0, 0, 0, 0, 0, 0], [0, 0, 0, 0, 0, 0, 0, 0, 0, 0, 0]], "output": [[3, 3, 3, 3, 3, 3, 3, 3, 3, 1, 3], [1, 1, 1, 1, 1, 1, 1, 1, 3, 1, 3], [3, 3, 3, 3, 3, 3, 3, 1, 3, 1, 3], [1, 1, 1, 1, 1, 1, 3, 1, 3, 1, 3], [3, 3, 3, 3, 3, 1, 3, 1, 3, 1, 3], [1, 1, 1, 1, 3, 1, 3, 1, 3, 1, 3], [3, 3, 3, 1, 3, 1, 3, 1, 3, 1, 3], [3, 1, 3, 1, 3, 1, 3, 1, 3, 1, 3], [3, 3, 3, 1, 3, 1, 3, 1, 3, 1, 3], [1, 1, 1, 1, 3, 1, 3, 1, 3, 1, 3]]}]}