{"train": [{"input": [[0, 0, 0, 0, 9, 0], [0, 0, 0, 0, 0, 5], [7, 0, 0, 4, 6, 8], [0, 0, 0, 0, 0, 0], [0, 0, 0, 0, 0, 6], [0, 0, 0, 0, 0, 8]], "output": [[9, 5, 7], [4, 6, 8], [6, 8, 0]]}, {"input": [[0, 0, 6, 0, 3, 0], [4, 0, 0, 0, 7, 0], [0, 0, 0, 0, 0, 0], [0, 0, 0, 0, 0, 0], [0, 0, 0, 0, 0, 0], [0, 1, 0, 0, 0, 0]], "output": [[6, 3, 4], [7, 1, 0], [0, 0, 0]]}, {"input": [[0, 0, 0, 0, 0, 4], [0, 9, 0, 0, 0, 0], [3, 0, 0, 0, 2, 0], [0, 0, 4, 0, 0, 0], [0, 0, 0, 0, 0, 5], [0, 0, 0, 0, 0, 0]], "output": [[4, 9, 3], [2, 4, 5], [0, 0, 0]]}, {"input": [[0, 0, 5, 0, 0, 0], [0, 0, 0, 0, 0, 0], [0, 0, 0, 0, 0, 0], [9, 0, 0, 0, 0, 0], [0, 0, 0, 0, 0, 0], [5, 1, 0, 0, 6, 9]], "output": [[5, 9, 5], [1, 6, 9], [0, 0, 0]]}, {"input": [[0, 0, 0, 0, 0, 0], [0, 0, 2, 0, 0, 0], [0, 6, 0, 0, 5, 0], [0, 0, 0, 0, 0, 8], [0, 0, 2, 0, 8, 8], [0, 0, 0, 0, 0, 3]], "output": [[2, 6, 5], [8, 2, 8], [8, 3, 0]]}, {"input": [[0, 0, 0, 0, 0, 0], [0, 0, 2, 0, 1, 0], [6, 0, 0, 5, 4, 0], [2, 0, 5, 0, 5, 0], [0, 0, 9, 0, 3, 0], [0, 0, 0, 9, 0, 1]], "output": [[2, 1, 6, 5], [4, 2, 5, 5], [9, 3, 9, 1], [0, 0, 0, 0]]}, {"input": [[0, 0, 0, 0, 0, 0], [0, 0, 0, 1, 0, 0], [0, 0, 3, 0, 0, 0], [0, 0, 0, 0, 3, 9], [0, 0, 1, 0, 0, 0], [0, 0, 0, 0, 0, 0]], "output": [[1, 3, 3], [9, 1, 0], [0, 0, 0]]}, {"input": [[0, 8, 0, 6, 0, 5], [0, 6, 3, 9, 0, 0], [0, 0, 0, 3, 0, 1], [0, 0, 0, 0, 4, 0], [0, 0, 9, 4, 0, 0], [0, 0, 1, 0, 0, 0]], "output": [[8, 6, 5, 6], [3, 9, 3, 1], [4, 9, 4, 1], [0, 0, 0, 0]]}, {"input": [[0, 8, 6, 0, 0, 0], [6, 8, 0, 0, 0, 4], [0, 4, 0, 0, 0, 0], [0, 0, 0, 0, 0, 0], [0, 9, 0, 0, 0, 0], [0, 0, 6, 3, 0, 0]], "output": [[8, 6, 6], [8, 4, 4], [9, 6, 3]]}, {"input": [[0, 6, 0, 0, 2, 2], [0, 0, 0, 0, 0, 0], [0, 0, 0, 0, 0, 6], [0, 0, 7, 2, 0, 0], [0, 0, 0, 0, 0, 0], [0, 8, 0, 0, 0, 8]], "output": [[6, 2, 2], [6, 7, 2], [8, 8, 0]]}, {"input": [[0, 8, 3, 0, 0, 0], [0, 7, 5, 0, 0, 5], [0, 4, 8, 0, 0, 0], [0, 0, 2, 0, 2, 4], [0, 0, 3, 0, 0, 9], [0, 0, 0, 0, 4, 0]], "output": [[8, 3, 7, 5], [5, 4, 8, 2], [2, 4, 3, 9], [4, 0, 0, 0]]}, {"input": [[0, 0, 8, 0, 0, 0], [0, 0, 0, 0, 0, 0], [0, 0, 2, 0, 2, 0], [0, 0, 0, 0, 0, 0], [0, 0, 0, 0, 1, 9], [0, 0, 0, 3, 0, 0]], "output": [[8, 2, 2], [1, 9, 3], [0, 0, 0]]}, {"input": [[5, 0, 0, 0, 0, 0], [0, 0, 0, 0, 0, 0], [0, 0, 1, 0, 0, 0], [5, 0, 0, 0, 0, 0], [0, 0, 0, 0, 0, 0], [4, 0, 0, 0, 0, 0]], "output": [[5, 1], [5, 4]]}, {"input": [[0, 9, 0, 8, 4, 0], [0, 0, 6, 0, 0, 0], [0, 0, 0, 0, 4, 0], [0, 0, 4, 0, 0, 0], [5, 2, 8, 0, 0, 3], [5, 0, 0, 0, 0, 0]], "output": [[9, 8, 4, 6], [4, 4, 5, 2], [8, 3, 5, 0], [0, 0, 0, 0]]}, {"input": [[0, 5, 4, 0, 0, 0], [0, 0, 0, 0, 0, 0], [0, 0, 8, 0, 0, 0], [9, 0, 0, 0, 0, 5], [0, 8, 0, 0, 0, 0], [0, 0, 0, 0, 0, 0]], "output": [[5, 4, 8], [9, 5, 8], [0, 0, 0]]}, {"input": [[0, 0, 0, 0, 0, 0], [0, 0, 0, 1, 0, 0], [0, 0, 9, 0, 5, 0], [0, 0, 8, 4, 6, 0], [0, 2, 2, 0, 0, 0], [7, 0, 0, 0, 0, 0]], "output": [[1, 9, 5], [8, 4, 6], [2, 2, 7]]}, {"input": [[0, 0, 0, 7, 0, 0], [0, 0, 0, 0, 0, 0], [0, 0, 0, 0, 0, 0], [5, 0, 0, 0, 0, 0], [0, 0, 0, 0, 0, 0], [8, 5, 0, 0, 0, 3]], "output": [[7, 5, 8], [5, 3, 0], [0, 0, 0]]}, {"input": [[7, 6, 0, 1, 0, 0], [0, 3, 0, 0, 0, 3], [0, 6, 0, 0, 0, 0], [0, 0, 0, 0, 9, 4], [0, 0, 0, 9, 2, 0], [0, 1, 0, 0, 0, 0]], "output": [[7, 6, 1, 3], [3, 6, 9, 4], [9, 2, 1, 0], [0, 0, 0, 0]]}, {"input": [[0, 1, 6, 0, 0, 0], [0, 0, 4, 0, 0, 6], [0, 0, 0, 0, 0, 0], [4, 7, 0, 0, 0, 9], [7, 0, 0, 0, 0, 0], [0, 0, 0, 0, 0, 6]], "output": [[1, 6, 4], [6, 4, 7], [9, 7, 6]]}, {"input": [[0, 0, 0, 0, 9, 0], [0, 0, 0, 0, 0, 0], [7, 0, 0, 0, 5, 0], [0, 0, 0, 0, 0, 6], [0, 0, 7, 0, 0, 0], [6, 0, 0, 6, 0, 0]], "output": [[9, 7, 5], [6, 7, 6], [6, 0, 0]]}, {"input": [[0, 0, 0, 0, 0, 0], [0, 0, 0, 9, 0, 4], [0, 0, 7, 1, 2, 0], [0, 0, 0, 0, 0, 0], [0, 0, 4, 0, 0, 9], [6, 7, 3, 0, 0, 0]], "output": [[9, 4, 7, 1], [2, 4, 9, 6], [7, 3, 0, 0], [0, 0, 0, 0]]}, {"input": [[0, 0, 0, 1, 1, 0], [2, 0, 0, 6, 0, 0], [0, 0, 0, 5, 4, 0], [0, 0, 9, 0, 0, 0], [0, 0, 2, 0, 9, 0], [2, 0, 0, 0, 0, 0]], "output": [[1, 1, 2, 6], [5, 4, 9, 2], [9, 2, 0, 0], [0, 0, 0, 0]]}, {"input": [[0, 0, 5, 0, 0, 0], [0, 0, 0, 0, 0, 0], [0, 0, 0, 0, 3, 0], [0, 0, 0, 0, 8, 0], [0, 0, 0, 0, 0, 6], [6, 5, 0, 2, 0, 0]], "output": [[5, 3, 8], [6, 6, 5], [2, 0, 0]]}, {"input": [[0, 0, 0, 3, 1, 0], [9, 4, 0, 4, 0, 0], [1, 0, 0, 0, 0, 0], [0, 0, 0, 0, 0, 0], [0, 0, 8, 0, 6, 0], [0, 0, 0, 0, 8, 0]], "output": [[3, 1, 9], [4, 4, 1], [8, 6, 8]]}, {"input": [[0, 0, 8, 0, 0, 0], [0, 0, 0, 0, 0, 9], [5, 4, 4, 0, 0, 0], [4, 0, 0, 0, 0, 0], [0, 7, 0, 0, 0, 0], [0, 0, 0, 0, 0, 0]], "output": [[8, 9, 5], [4, 4, 4], [7, 0, 0]]}, {"input": [[0, 0, 0, 0, 0, 0], [0, 0, 0, 8, 8, 0], [0, 1, 0, 0, 0, 0], [0, 0, 0, 4, 6, 0], [0, 0, 1, 0, 0, 0], [0, 0, 0, 0, 0, 0]], "output": [[8, 8, 1], [4, 6, 1], [0, 0, 0]]}, {"input": [[9, 0, 0, 5, 0, 6], [0, 0, 7, 0, 0, 0], [0, 0, 0, 1, 0, 0], [0, 0, 0, 0, 0, 0], [0, 0, 0, 0, 0, 0], [5, 0, 9, 0, 0, 0]], "output": [[9, 5, 6], [7, 1, 5], [9, 0, 0]]}], "test": [{"input": [[0, 5, 6, 4, 0, 0], [0, 0, 0, 0, 0, 3], [0, 0, 0, 0, 7, 0], [9, 0, 0, 0, 0, 0], [0, 0, 2, 5, 0, 0], [0, 0, 0, 0, 9, 0]], "output": [[5, 6, 4], [3, 7, 9], [2, 5, 9]]}, {"input": [[0, 5, 0, 0, 0, 0], [0, 0, 0, 0, 0, 0], [0, 0, 0, 2, 9, 0], [0, 0, 0, 0, 0, 4], [1, 6, 0, 9, 7, 0], [0, 0, 0, 0, 0, 0]], "output": [[5, 2, 9], [4, 1, 6], [9, 7, 0]]}, {"input": [[0, 0, 4, 0, 0, 0], [0, 0, 0, 0, 0, 4], [0, 9, 0, 0, 0, 0], [0, 5, 0, 0, 0, 0], [0, 5, 0, 0, 0, 0], [0, 0, 0, 0, 6, 8]], "output": [[4, 4, 9], [5, 5, 6], [8, 0, 0]]}]}