{"train": [{"input": [[0, 0, 0, 0, 0, 0, 0, 0, 0, 0, 0, 0, 0], [0, 0, 0, 0, 0, 0, 0, 0, 0, 0, 0, 0, 0], [5, 5, 5, 5, 5, 0, 0, 0, 0, 0, 0, 0, 0], [5, 4, 4, 4, 5, 0, 0, 0, 0, 0, 0, 0, 0], [5, 4, 4, 4, 5, 5, 5, 5, 0, 0, 0, 0, 0], [5, 4, 4, 1, 1, 1, 1, 5, 0, 0, 0, 0, 0], [5, 5, 5, 1, 1, 1, 1, 5, 5, 5, 5, 0, 0], [0, 0, 5, 1, 1, 1, 1, 9, 9, 9, 5, 0, 0], [0, 0, 5, 1, 1, 1, 1, 9, 9, 9, 5, 0, 0], [0, 0, 5, 5, 5, 5, 9, 9, 9, 9, 5, 0, 0], [0, 0, 0, 0, 0, 5, 5, 5, 5, 5, 5, 0, 0], [0, 0, 0, 0, 0, 0, 0, 0, 0, 0, 0, 0, 0], [0, 0, 0, 0, 0, 0, 0, 0, 0, 0, 0, 0, 0]], "output": [[0, 0, 0, 0, 0, 0, 0, 0, 0, 0, 0, 0, 0], [2, 2, 2, 2, 2, 0, 0, 0, 0, 0, 0, 0, 0], [0, 0, 0, 0, 0, 2, 0, 0, 0, 0, 0, 0, 0], [0, 3, 3, 3, 0, 2, 2, 2, 0, 0, 0, 0, 0], [0, 3, 0, 3, 0, 0, 0, 0, 2, 0, 0, 0, 0], [0, 3, 3, 0, 3, 3, 3, 0, 2, 2, 2, 0, 0], [0, 0, 0, 3, 0, 0, 3, 0, 0, 0, 0, 2, 0], [2, 2, 0, 3, 0, 0, 0, 3, 3, 3, 0, 2, 0], [0, 2, 0, 3, 3, 3, 0, 0, 0, 3, 0, 2, 0], [0, 2, 0, 0, 0, 0, 3, 3, 3, 3, 0, 2, 0], [0, 0, 2, 2, 2, 0, 0, 0, 0, 0, 0, 2, 0], [0, 0, 0, 0, 0, 2, 2, 2, 2, 2, 2, 0, 0], [0, 0, 0, 0, 0, 0, 0, 0, 0, 0, 0, 0, 0]]}, {"input": [[0, 0, 0, 0, 0, 0, 0, 0, 0, 0, 0, 0], [0, 0, 0, 0, 0, 0, 0, 0, 0, 0, 0, 0], [0, 0, 0, 0, 0, 0, 0, 0, 0, 0, 0, 0], [0, 0, 5, 5, 5, 5, 5, 5, 0, 0, 0, 0], [0, 0, 5, 3, 3, 3, 3, 5, 5, 5, 5, 0], [5, 5, 5, 3, 3, 3, 3, 8, 8, 8, 5, 0], [5, 7, 7, 7, 7, 3, 3, 8, 8, 8, 5, 0], [5, 7, 7, 7, 7, 5, 5, 8, 8, 8, 5, 0], [5, 7, 7, 7, 7, 5, 5, 8, 8, 8, 5, 0], [5, 5, 5, 5, 5, 5, 5, 5, 5, 5, 5, 0], [0, 0, 0, 0, 0, 0, 0, 0, 0, 0, 0, 0], [0, 0, 0, 0, 0, 0, 0, 0, 0, 0, 0, 0]], "output": [[0, 0, 0, 0, 0, 0, 0, 0, 0, 0, 0, 0], [0, 0, 0, 0, 0, 0, 0, 0, 0, 0, 0, 0], [0, 0, 2, 2, 2, 2, 2, 2, 0, 0, 0, 0], [0, 2, 0, 0, 0, 0, 0, 0, 2, 2, 2, 0], [2, 2, 0, 3, 3, 3, 3, 0, 0, 0, 0, 2], [0, 0, 0, 3, 0, 0, 0, 3, 3, 3, 0, 2], [0, 3, 3, 0, 0, 3, 3, 0, 0, 3, 0, 2], [0, 3, 0, 0, 3, 0, 0, 3, 0, 3, 0, 2], [0, 3, 3, 3, 3, 0, 0, 3, 3, 3, 0, 2], [0, 0, 0, 0, 0, 0, 0, 0, 0, 0, 0, 2], [2, 2, 2, 2, 2, 2, 2, 2, 2, 2, 2, 0], [0, 0, 0, 0, 0, 0, 0, 0, 0, 0, 0, 0]]}, {"input": [[0, 0, 0, 0, 0, 0, 0, 0, 0, 0, 0, 0, 0, 0], [0, 0, 0, 0, 0, 0, 0, 0, 0, 0, 0, 0, 0, 0], [0, 0, 0, 0, 0, 0, 0, 0, 0, 0, 0, 0, 0, 0], [0, 5, 5, 5, 5, 5, 0, 0, 0, 0, 0, 0, 0, 0], [0, 5, 5, 5, 5, 5, 5, 5, 0, 0, 0, 0, 0, 0], [0, 5, 5, 6, 6, 6, 6, 5, 5, 5, 5, 0, 0, 0], [0, 5, 5, 6, 6, 6, 6, 3, 3, 3, 5, 0, 0, 0], [0, 5, 5, 6, 6, 6, 6, 3, 3, 3, 5, 0, 0, 0], [0, 5, 5, 6, 6, 6, 6, 3, 3, 3, 5, 0, 0, 0], [0, 0, 5, 5, 5, 5, 5, 5, 5, 5, 5, 0, 0, 0], [0, 0, 0, 0, 0, 0, 0, 0, 0, 0, 0, 0, 0, 0], [0, 0, 0, 0, 0, 0, 0, 0, 0, 0, 0, 0, 0, 0]], "output": [[0, 0, 0, 0, 0, 0, 0, 0, 0, 0, 0, 0, 0, 0], [0, 0, 0, 0, 0, 0, 0, 0, 0, 0, 0, 0, 0, 0], [0, 2, 2, 2, 2, 2, 0, 0, 0, 0, 0, 0, 0, 0], [2, 0, 0, 0, 0, 0, 2, 2, 0, 0, 0, 0, 0, 0], [2, 0, 0, 0, 0, 0, 0, 0, 2, 2, 2, 0, 0, 0], [2, 0, 0, 3, 3, 3, 3, 0, 0, 0, 0, 2, 0, 0], [2, 0, 0, 3, 0, 0, 0, 3, 3, 3, 0, 2, 0, 0], [2, 0, 0, 3, 0, 0, 0, 0, 0, 3, 0, 2, 0, 0], [2, 0, 0, 3, 3, 3, 3, 3, 3, 3, 0, 2, 0, 0], [0, 2, 0, 0, 0, 0, 0, 0, 0, 0, 0, 2, 0, 0], [0, 0, 2, 2, 2, 2, 2, 2, 2, 2, 2, 0, 0, 0], [0, 0, 0, 0, 0, 0, 0, 0, 0, 0, 0, 0, 0, 0]]}, {"input": [[0, 0, 0, 0, 0, 0, 0, 0, 0, 0, 0, 0, 0, 0], [0, 0, 0, 0, 0, 0, 0, 0, 0, 0, 0, 0, 0, 0], [0, 0, 0, 0, 0, 0, 0, 0, 5, 5, 5, 5, 5, 0], [0, 0, 0, 0, 0, 0, 0, 0, 5, 5, 5, 5, 5, 0], [0, 5, 5, 5, 5, 5, 5, 0, 5, 5, 5, 5, 5, 0], [0, 5, 2, 2, 2, 2, 5, 0, 5, 5, 5, 5, 5, 0], [0, 5, 2, 2, 2, 2, 5, 0, 5, 5, 5, 5, 5, 0], [0, 5, 2, 2, 2, 2, 5, 0, 5, 9, 9, 9, 5, 0], [0, 5, 2, 2, 2, 2, 5, 0, 5, 9, 9, 9, 5, 0], [0, 5, 5, 5, 5, 5, 5, 0, 5, 5, 5, 5, 5, 0], [0, 0, 0, 0, 0, 0, 0, 0, 0, 0, 0, 0, 0, 0], [0, 0, 0, 0, 0, 0, 0, 0, 0, 0, 0, 0, 0, 0], [0, 0, 0, 0, 0, 0, 0, 0, 0, 0, 0, 0, 0, 0], [0, 0, 0, 0, 0, 0, 0, 0, 0, 0, 0, 0, 0, 0]], "output": [[0, 0, 0, 0, 0, 0, 0, 0, 0, 0, 0, 0, 0, 0], [0, 0, 0, 0, 0, 0, 0, 0, 2, 2, 2, 2, 2, 0], [0, 0, 0, 0, 0, 0, 0, 2, 0, 0, 0, 0, 0, 2], [0, 2, 2, 2, 2, 2, 2, 2, 0, 0, 0, 0, 0, 2], [2, 0, 0, 0, 0, 0, 0, 2, 0, 0, 0, 0, 0, 2], [2, 0, 3, 3, 3, 3, 0, 2, 0, 0, 0, 0, 0, 2], [2, 0, 3, 0, 0, 3, 0, 2, 0, 0, 0, 0, 0, 2], [2, 0, 3, 0, 0, 3, 0, 2, 0, 1, 1, 1, 0, 2], [2, 0, 3, 3, 3, 3, 0, 2, 0, 1, 1, 1, 0, 2], [2, 0, 0, 0, 0, 0, 0, 2, 0, 0, 0, 0, 0, 2], [0, 2, 2, 2, 2, 2, 2, 0, 2, 2, 2, 2, 2, 0], [0, 0, 0, 0, 0, 0, 0, 0, 0, 0, 0, 0, 0, 0], [0, 0, 0, 0, 0, 0, 0, 0, 0, 0, 0, 0, 0, 0], [0, 0, 0, 0, 0, 0, 0, 0, 0, 0, 0, 0, 0, 0]]}, {"input": [[0, 0, 0, 0, 0, 0, 0, 0, 0, 0, 0, 0, 0, 0], [0, 0, 0, 5, 5, 5, 5, 5, 5, 0, 0, 0, 0, 0], [0, 0, 0, 5, 9, 9, 9, 9, 5, 5, 5, 5, 0, 0], [0, 0, 0, 5, 9, 9, 9, 9, 4, 4, 4, 5, 0, 0], [0, 0, 0, 5, 9, 9, 9, 9, 4, 4, 4, 5, 5, 0], [0, 0, 0, 5, 9, 9, 9, 9, 4, 4, 4, 5, 5, 0], [0, 0, 0, 5, 5, 5, 5, 5, 4, 4, 4, 5, 5, 0], [0, 0, 0, 0, 0, 0, 0, 5, 5, 5, 5, 5, 5, 0], [0, 0, 0, 0, 0, 0, 0, 5, 5, 5, 5, 5, 5, 0], [0, 0, 0, 0, 0, 0, 0, 5, 5, 5, 5, 5, 5, 0], [0, 0, 0, 0, 0, 0, 0, 0, 0, 0, 0, 0, 0, 0], [0, 0, 0, 0, 0, 0, 0, 0, 0, 0, 0, 0, 0, 0], [0, 0, 0, 0, 0, 0, 0, 0, 0, 0, 0, 0, 0, 0]], "output": [[0, 0, 0, 2, 2, 2, 2, 2, 2, 0, 0, 0, 0, 0], [0, 0, 2, 0, 0, 0, 0, 0, 0, 2, 2, 2, 0, 0], [0, 0, 2, 0, 3, 3, 3, 3, 0, 0, 0, 0, 2, 0], [0, 0, 2, 0, 3, 0, 0, 0, 3, 3, 3, 0, 2, 0], [0, 0, 2, 0, 3, 0, 0, 0, 0, 0, 3, 0, 0, 2], [0, 0, 2, 0, 3, 3, 3, 3, 0, 0, 3, 0, 0, 2], [0, 0, 2, 0, 0, 0, 0, 0, 3, 3, 3, 0, 0, 2], [0, 0, 0, 2, 2, 2, 2, 0, 0, 0, 0, 0, 0, 2], [0, 0, 0, 0, 0, 0, 2, 0, 0, 0, 0, 0, 0, 2], [0, 0, 0, 0, 0, 0, 2, 0, 0, 0, 0, 0, 0, 2], [0, 0, 0, 0, 0, 0, 0, 2, 2, 2, 2, 2, 2, 0], [0, 0, 0, 0, 0, 0, 0, 0, 0, 0, 0, 0, 0, 0], [0, 0, 0, 0, 0, 0, 0, 0, 0, 0, 0, 0, 0, 0]]}, {"input": [[0, 0, 0, 0, 0, 0, 0, 0, 0, 0], [0, 0, 0, 5, 5, 5, 5, 5, 0, 0], [0, 0, 0, 5, 4, 4, 4, 5, 0, 0], [0, 5, 5, 5, 4, 4, 4, 5, 0, 0], [5, 5, 7, 7, 4, 4, 4, 5, 0, 0], [5, 2, 2, 2, 2, 5, 5, 5, 0, 0], [5, 2, 2, 2, 2, 5, 0, 0, 0, 0], [5, 2, 2, 2, 2, 5, 0, 0, 0, 0], [5, 2, 2, 2, 2, 5, 0, 0, 0, 0], [5, 5, 5, 5, 5, 5, 0, 0, 0, 0], [0, 0, 0, 0, 0, 0, 0, 0, 0, 0]], "output": [[0, 0, 0, 2, 2, 2, 2, 2, 0, 0], [0, 0, 2, 0, 0, 0, 0, 0, 2, 0], [0, 2, 2, 0, 3, 3, 3, 0, 2, 0], [2, 0, 0, 0, 3, 0, 3, 0, 2, 0], [0, 0, 3, 3, 0, 3, 3, 0, 2, 0], [0, 3, 0, 0, 3, 0, 0, 0, 2, 0], [0, 3, 0, 0, 3, 0, 2, 2, 0, 0], [0, 3, 0, 0, 3, 0, 2, 0, 0, 0], [0, 3, 3, 3, 3, 0, 2, 0, 0, 0], [0, 0, 0, 0, 0, 0, 2, 0, 0, 0], [2, 2, 2, 2, 2, 2, 0, 0, 0, 0]]}, {"input": [[5, 5, 5, 5, 5, 0, 0, 0, 0, 0], [5, 6, 6, 6, 5, 0, 0, 0, 0, 0], [5, 6, 6, 6, 5, 5, 5, 5, 5, 0], [5, 6, 6, 6, 1, 1, 1, 1, 5, 0], [5, 5, 4, 4, 4, 4, 1, 1, 5, 0], [0, 5, 4, 4, 4, 4, 1, 1, 5, 0], [0, 5, 4, 4, 4, 4, 5, 5, 5, 0], [0, 5, 5, 5, 5, 5, 5, 0, 0, 0], [0, 0, 0, 0, 0, 0, 0, 0, 0, 0], [0, 0, 0, 0, 0, 0, 0, 0, 0, 0], [0, 0, 0, 0, 0, 0, 0, 0, 0, 0]], "output": [[0, 0, 0, 0, 0, 2, 0, 0, 0, 0], [0, 3, 3, 3, 0, 2, 2, 2, 2, 0], [0, 3, 0, 3, 0, 0, 0, 0, 0, 2], [0, 3, 0, 0, 3, 3, 3, 3, 0, 2], [0, 0, 3, 0, 0, 0, 0, 3, 0, 2], [2, 0, 3, 0, 0, 0, 3, 3, 0, 2], [2, 0, 3, 3, 3, 3, 0, 0, 0, 2], [2, 0, 0, 0, 0, 0, 0, 2, 2, 0], [0, 2, 2, 2, 2, 2, 2, 0, 0, 0], [0, 0, 0, 0, 0, 0, 0, 0, 0, 0], [0, 0, 0, 0, 0, 0, 0, 0, 0, 0]]}, {"input": [[0, 0, 0, 0, 0, 0, 0, 0, 0, 0], [0, 5, 5, 5, 5, 5, 5, 0, 0, 0], [0, 5, 8, 8, 8, 8, 5, 0, 0, 0], [5, 5, 8, 8, 8, 8, 5, 5, 5, 0], [5, 1, 1, 1, 1, 6, 6, 6, 5, 0], [5, 1, 1, 1, 1, 6, 6, 6, 5, 0], [5, 1, 1, 1, 1, 6, 6, 6, 5, 0], [5, 1, 1, 1, 1, 5, 5, 5, 5, 0], [5, 5, 5, 5, 5, 5, 0, 0, 0, 0], [0, 0, 0, 0, 0, 0, 0, 0, 0, 0]], "output": [[0, 2, 2, 2, 2, 2, 2, 0, 0, 0], [2, 0, 0, 0, 0, 0, 0, 2, 0, 0], [2, 0, 3, 3, 3, 3, 0, 2, 2, 0], [0, 0, 3, 0, 0, 3, 0, 0, 0, 2], [0, 3, 0, 0, 0, 0, 3, 3, 0, 2], [0, 3, 0, 0, 0, 0, 0, 3, 0, 2], [0, 3, 0, 0, 0, 3, 3, 3, 0, 2], [0, 3, 3, 3, 3, 0, 0, 0, 0, 2], [0, 0, 0, 0, 0, 0, 2, 2, 2, 0], [2, 2, 2, 2, 2, 2, 0, 0, 0, 0]]}, {"input": [[0, 0, 5, 5, 5, 5, 5, 0, 0, 0, 0, 0], [0, 0, 5, 8, 8, 8, 5, 0, 0, 0, 0, 0], [0, 0, 5, 8, 8, 8, 5, 0, 0, 0, 0, 0], [0, 0, 5, 8, 8, 8, 5, 0, 0, 0, 0, 0], [0, 0, 5, 8, 8, 8, 5, 0, 0, 0, 0, 0], [0, 0, 5, 5, 5, 5, 5, 5, 5, 5, 0, 0], [0, 0, 0, 0, 5, 5, 5, 5, 5, 5, 0, 0], [0, 0, 0, 0, 5, 5, 5, 5, 5, 5, 0, 0], [0, 0, 0, 0, 5, 5, 5, 5, 5, 5, 0, 0], [0, 0, 0, 0, 5, 5, 5, 5, 5, 5, 0, 0], [0, 0, 0, 0, 5, 5, 5, 5, 5, 5, 0, 0], [0, 0, 0, 0, 0, 0, 0, 0, 0, 0, 0, 0], [0, 0, 0, 0, 0, 0, 0, 0, 0, 0, 0, 0]], "output": [[0, 2, 0, 0, 0, 0, 0, 2, 0, 0, 0, 0], [0, 2, 0, 3, 3, 3, 0, 2, 0, 0, 0, 0], [0, 2, 0, 3, 0, 3, 0, 2, 0, 0, 0, 0], [0, 2, 0, 3, 0, 3, 0, 2, 0, 0, 0, 0], [0, 2, 0, 3, 3, 3, 0, 2, 2, 2, 0, 0], [0, 2, 0, 0, 0, 0, 0, 0, 0, 0, 2, 0], [0, 0, 2, 2, 0, 0, 0, 0, 0, 0, 2, 0], [0, 0, 0, 2, 0, 0, 0, 0, 0, 0, 2, 0], [0, 0, 0, 2, 0, 0, 0, 0, 0, 0, 2, 0], [0, 0, 0, 2, 0, 0, 0, 0, 0, 0, 2, 0], [0, 0, 0, 2, 0, 0, 0, 0, 0, 0, 2, 0], [0, 0, 0, 0, 2, 2, 2, 2, 2, 2, 0, 0], [0, 0, 0, 0, 0, 0, 0, 0, 0, 0, 0, 0]]}, {"input": [[0, 0, 0, 0, 0, 0, 0, 0, 0, 0, 0], [0, 0, 0, 0, 0, 0, 0, 0, 0, 0, 0], [0, 0, 0, 0, 0, 0, 0, 0, 0, 0, 0], [0, 0, 0, 0, 0, 0, 0, 0, 0, 0, 0], [0, 0, 0, 0, 0, 0, 0, 0, 0, 0, 0], [0, 5, 5, 5, 5, 5, 5, 0, 0, 0, 0], [5, 5, 7, 7, 7, 7, 5, 0, 0, 0, 0], [5, 6, 6, 6, 6, 7, 5, 5, 0, 0, 0], [5, 6, 6, 6, 6, 7, 5, 5, 0, 0, 0], [5, 6, 6, 6, 6, 5, 5, 5, 0, 0, 0], [5, 6, 6, 6, 6, 5, 5, 5, 0, 0, 0], [5, 5, 5, 5, 5, 5, 5, 5, 0, 0, 0], [0, 0, 0, 0, 0, 0, 0, 0, 0, 0, 0], [0, 0, 0, 0, 0, 0, 0, 0, 0, 0, 0]], "output": [[0, 0, 0, 0, 0, 0, 0, 0, 0, 0, 0], [0, 0, 0, 0, 0, 0, 0, 0, 0, 0, 0], [0, 0, 0, 0, 0, 0, 0, 0, 0, 0, 0], [0, 0, 0, 0, 0, 0, 0, 0, 0, 0, 0], [0, 2, 2, 2, 2, 2, 2, 0, 0, 0, 0], [2, 0, 0, 0, 0, 0, 0, 2, 0, 0, 0], [0, 0, 3, 3, 3, 3, 0, 2, 0, 0, 0], [0, 3, 0, 0, 0, 3, 0, 0, 2, 0, 0], [0, 3, 0, 0, 0, 3, 0, 0, 2, 0, 0], [0, 3, 0, 0, 3, 0, 0, 0, 2, 0, 0], [0, 3, 3, 3, 3, 0, 0, 0, 2, 0, 0], [0, 0, 0, 0, 0, 0, 0, 0, 2, 0, 0], [2, 2, 2, 2, 2, 2, 2, 2, 0, 0, 0], [0, 0, 0, 0, 0, 0, 0, 0, 0, 0, 0]]}, {"input": [[0, 0, 0, 0, 0, 0, 0, 0, 0, 0, 0, 0, 0], [0, 0, 5, 5, 5, 5, 5, 5, 0, 0, 0, 0, 0], [0, 0, 5, 7, 7, 7, 7, 5, 5, 5, 5, 0, 0], [0, 0, 5, 7, 7, 5, 5, 5, 5, 6, 5, 0, 0], [0, 0, 5, 7, 7, 5, 5, 5, 5, 6, 5, 0, 0], [0, 0, 5, 7, 7, 5, 5, 5, 5, 6, 5, 0, 0], [0, 0, 5, 5, 5, 5, 5, 6, 6, 6, 5, 0, 0], [0, 0, 0, 0, 0, 0, 5, 5, 5, 5, 5, 0, 0], [0, 0, 0, 0, 0, 0, 0, 0, 0, 0, 0, 0, 0], [0, 0, 0, 0, 0, 0, 0, 0, 0, 0, 0, 0, 0], [0, 0, 0, 0, 0, 0, 0, 0, 0, 0, 0, 0, 0]], "output": [[0, 0, 2, 2, 2, 2, 2, 2, 0, 0, 0, 0, 0], [0, 2, 0, 0, 0, 0, 0, 0, 2, 2, 2, 0, 0], [0, 2, 0, 3, 3, 3, 3, 0, 0, 0, 0, 2, 0], [0, 2, 0, 3, 3, 0, 0, 0, 0, 1, 0, 2, 0], [0, 2, 0, 3, 3, 0, 0, 0, 0, 1, 0, 2, 0], [0, 2, 0, 3, 3, 0, 0, 0, 0, 1, 0, 2, 0], [0, 2, 0, 0, 0, 0, 0, 1, 1, 1, 0, 2, 0], [0, 0, 2, 2, 2, 2, 0, 0, 0, 0, 0, 2, 0], [0, 0, 0, 0, 0, 0, 2, 2, 2, 2, 2, 0, 0], [0, 0, 0, 0, 0, 0, 0, 0, 0, 0, 0, 0, 0], [0, 0, 0, 0, 0, 0, 0, 0, 0, 0, 0, 0, 0]]}, {"input": [[0, 5, 5, 5, 5, 5, 5, 0, 0, 0, 0], [0, 5, 6, 6, 6, 6, 5, 0, 0, 0, 0], [5, 5, 6, 6, 6, 6, 5, 0, 0, 0, 0], [5, 4, 4, 4, 6, 6, 5, 5, 5, 5, 0], [5, 4, 4, 4, 5, 7, 7, 7, 7, 5, 0], [5, 4, 4, 4, 5, 7, 7, 7, 7, 5, 0], [5, 4, 4, 4, 5, 7, 7, 7, 7, 5, 0], [5, 5, 5, 5, 5, 5, 5, 5, 5, 5, 0], [0, 0, 0, 0, 0, 0, 0, 0, 0, 0, 0], [0, 0, 0, 0, 0, 0, 0, 0, 0, 0, 0], [0, 0, 0, 0, 0, 0, 0, 0, 0, 0, 0]], "output": [[2, 0, 0, 0, 0, 0, 0, 3, 0, 0, 0], [2, 0, 1, 1, 1, 1, 0, 3, 0, 0, 0], [0, 0, 1, 0, 0, 1, 0, 3, 3, 3, 0], [0, 1, 0, 0, 1, 1, 0, 0, 0, 0, 3], [0, 1, 0, 1, 0, 1, 1, 1, 1, 0, 3], [0, 1, 0, 1, 0, 1, 0, 0, 1, 0, 3], [0, 1, 1, 1, 0, 1, 1, 1, 1, 0, 3], [0, 0, 0, 0, 0, 0, 0, 0, 0, 0, 3], [3, 3, 3, 3, 3, 3, 3, 3, 3, 3, 0], [0, 0, 0, 0, 0, 0, 0, 0, 0, 0, 0], [0, 0, 0, 0, 0, 0, 0, 0, 0, 0, 0]]}, {"input": [[0, 0, 0, 0, 5, 5, 5, 5, 5, 0, 0, 0], [0, 0, 0, 0, 5, 9, 9, 9, 5, 0, 0, 0], [0, 0, 5, 5, 5, 9, 9, 9, 5, 0, 0, 0], [5, 5, 5, 5, 5, 5, 9, 9, 5, 0, 0, 0], [5, 7, 7, 7, 7, 5, 9, 9, 5, 0, 0, 0], [5, 7, 7, 7, 7, 5, 5, 5, 5, 0, 0, 0], [5, 7, 7, 7, 7, 5, 5, 0, 0, 0, 0, 0], [5, 5, 5, 5, 5, 5, 0, 0, 0, 0, 0, 0], [0, 0, 0, 0, 0, 0, 0, 0, 0, 0, 0, 0], [0, 0, 0, 0, 0, 0, 0, 0, 0, 0, 0, 0]], "output": [[0, 0, 0, 2, 0, 0, 0, 0, 0, 3, 0, 0], [0, 0, 2, 2, 0, 1, 1, 1, 0, 3, 0, 0], [2, 2, 0, 0, 0, 1, 0, 1, 0, 3, 0, 0], [0, 0, 0, 0, 0, 0, 1, 1, 0, 3, 0, 0], [0, 4, 4, 4, 4, 0, 1, 1, 0, 3, 0, 0], [0, 4, 0, 0, 4, 0, 0, 0, 0, 3, 0, 0], [0, 4, 4, 4, 4, 0, 0, 3, 3, 0, 0, 0], [0, 0, 0, 0, 0, 0, 3, 0, 0, 0, 0, 0], [3, 3, 3, 3, 3, 3, 0, 0, 0, 0, 0, 0], [0, 0, 0, 0, 0, 0, 0, 0, 0, 0, 0, 0]]}, {"input": [[0, 0, 0, 0, 0, 0, 0, 0, 0, 0, 0], [0, 0, 0, 0, 0, 0, 0, 0, 0, 0, 0], [0, 0, 5, 5, 5, 5, 5, 5, 0, 0, 0], [0, 0, 5, 7, 7, 7, 7, 5, 5, 0, 0], [0, 0, 5, 7, 5, 5, 5, 5, 5, 0, 0], [0, 0, 5, 7, 5, 5, 5, 5, 5, 0, 0], [0, 0, 5, 7, 5, 5, 5, 5, 5, 0, 0], [0, 0, 5, 5, 5, 5, 5, 5, 5, 0, 0], [0, 0, 0, 5, 6, 6, 6, 5, 5, 0, 0], [0, 0, 0, 5, 5, 5, 5, 5, 0, 0, 0], [0, 0, 0, 0, 0, 0, 0, 0, 0, 0, 0]], "output": [[0, 0, 0, 0, 0, 0, 0, 0, 0, 0, 0], [0, 0, 2, 2, 2, 2, 2, 2, 0, 0, 0], [0, 2, 0, 0, 0, 0, 0, 0, 2, 0, 0], [0, 2, 0, 3, 3, 3, 3, 0, 0, 2, 0], [0, 2, 0, 3, 0, 0, 0, 0, 0, 2, 0], [0, 2, 0, 3, 0, 0, 0, 0, 0, 2, 0], [0, 2, 0, 3, 0, 0, 0, 0, 0, 2, 0], [0, 2, 0, 0, 0, 0, 0, 0, 0, 2, 0], [0, 0, 2, 0, 1, 1, 1, 0, 0, 2, 0], [0, 0, 2, 0, 0, 0, 0, 0, 2, 0, 0], [0, 0, 0, 2, 2, 2, 2, 2, 0, 0, 0]]}, {"input": [[0, 0, 0, 0, 0, 0, 0, 0, 0, 0, 0], [0, 0, 0, 0, 0, 0, 0, 0, 0, 0, 0], [0, 0, 0, 0, 0, 0, 0, 0, 0, 0, 0], [5, 5, 5, 5, 5, 5, 0, 0, 0, 0, 0], [5, 8, 8, 8, 8, 5, 5, 5, 5, 0, 0], [5, 8, 8, 8, 8, 9, 9, 9, 5, 0, 0], [5, 8, 8, 8, 8, 9, 9, 9, 5, 0, 0], [5, 5, 5, 5, 9, 9, 9, 9, 5, 5, 0], [0, 0, 0, 5, 5, 4, 4, 4, 4, 5, 0], [0, 0, 0, 0, 5, 4, 4, 4, 4, 5, 0], [0, 0, 0, 0, 5, 4, 4, 4, 4, 5, 0], [0, 0, 0, 0, 5, 4, 4, 4, 4, 5, 0], [0, 0, 0, 0, 5, 5, 5, 5, 5, 5, 0], [0, 0, 0, 0, 0, 0, 0, 0, 0, 0, 0]], "output": [[0, 0, 0, 0, 0, 0, 0, 0, 0, 0, 0], [0, 0, 0, 0, 0, 0, 0, 0, 0, 0, 0], [2, 2, 2, 2, 2, 2, 0, 0, 0, 0, 0], [0, 0, 0, 0, 0, 0, 2, 2, 2, 0, 0], [0, 3, 3, 3, 3, 0, 0, 0, 0, 2, 0], [0, 3, 0, 0, 0, 3, 3, 3, 0, 2, 0], [0, 3, 3, 3, 0, 0, 0, 3, 0, 2, 0], [0, 0, 0, 0, 3, 0, 0, 3, 0, 0, 2], [2, 2, 2, 0, 0, 3, 0, 0, 3, 0, 2], [0, 0, 0, 2, 0, 3, 0, 0, 3, 0, 2], [0, 0, 0, 2, 0, 3, 0, 0, 3, 0, 2], [0, 0, 0, 2, 0, 3, 3, 3, 3, 0, 2], [0, 0, 0, 2, 0, 0, 0, 0, 0, 0, 2], [0, 0, 0, 0, 2, 2, 2, 2, 2, 2, 0]]}, {"input": [[0, 0, 0, 0, 0, 0, 0, 0, 0, 0, 0], [0, 0, 5, 5, 5, 5, 5, 5, 0, 0, 0], [0, 0, 5, 5, 5, 5, 5, 5, 0, 0, 0], [0, 0, 5, 5, 5, 5, 5, 5, 0, 0, 0], [0, 0, 5, 5, 5, 5, 5, 5, 0, 0, 0], [0, 0, 5, 5, 5, 5, 5, 5, 0, 0, 0], [5, 5, 5, 5, 5, 5, 5, 5, 0, 0, 0], [5, 9, 9, 9, 9, 5, 0, 0, 0, 0, 0], [5, 9, 9, 9, 9, 5, 0, 0, 0, 0, 0], [5, 9, 9, 9, 9, 5, 0, 0, 0, 0, 0], [5, 5, 5, 5, 5, 5, 0, 0, 0, 0, 0], [0, 0, 0, 0, 0, 0, 0, 0, 0, 0, 0], [0, 0, 0, 0, 0, 0, 0, 0, 0, 0, 0], [0, 0, 0, 0, 0, 0, 0, 0, 0, 0, 0]], "output": [[0, 0, 2, 2, 2, 2, 2, 2, 0, 0, 0], [0, 2, 0, 0, 0, 0, 0, 0, 2, 0, 0], [0, 2, 0, 0, 0, 0, 0, 0, 2, 0, 0], [0, 2, 0, 0, 0, 0, 0, 0, 2, 0, 0], [0, 2, 0, 0, 0, 0, 0, 0, 2, 0, 0], [2, 2, 0, 0, 0, 0, 0, 0, 2, 0, 0], [0, 0, 0, 0, 0, 0, 0, 0, 2, 0, 0], [0, 3, 3, 3, 3, 0, 2, 2, 0, 0, 0], [0, 3, 0, 0, 3, 0, 2, 0, 0, 0, 0], [0, 3, 3, 3, 3, 0, 2, 0, 0, 0, 0], [0, 0, 0, 0, 0, 0, 2, 0, 0, 0, 0], [2, 2, 2, 2, 2, 2, 0, 0, 0, 0, 0], [0, 0, 0, 0, 0, 0, 0, 0, 0, 0, 0], [0, 0, 0, 0, 0, 0, 0, 0, 0, 0, 0]]}, {"input": [[0, 0, 0, 5, 5, 5, 5, 5, 5, 0, 0, 0], [0, 0, 0, 5, 5, 5, 5, 5, 5, 0, 0, 0], [0, 0, 0, 5, 5, 5, 5, 5, 5, 0, 0, 0], [5, 5, 5, 5, 5, 5, 5, 5, 5, 0, 0, 0], [5, 7, 7, 7, 7, 5, 5, 5, 5, 0, 0, 0], [5, 7, 7, 7, 7, 5, 5, 5, 5, 0, 0, 0], [5, 7, 7, 7, 7, 5, 0, 0, 0, 0, 0, 0], [5, 5, 5, 5, 5, 5, 0, 0, 0, 0, 0, 0], [0, 0, 0, 0, 0, 0, 0, 0, 0, 0, 0, 0], [0, 0, 0, 0, 0, 0, 0, 0, 0, 0, 0, 0]], "output": [[0, 0, 2, 0, 0, 0, 0, 0, 0, 3, 0, 0], [0, 0, 2, 0, 0, 0, 0, 0, 0, 3, 0, 0], [2, 2, 2, 0, 0, 0, 0, 0, 0, 3, 0, 0], [0, 0, 0, 0, 0, 0, 0, 0, 0, 3, 0, 0], [0, 1, 1, 1, 1, 0, 0, 0, 0, 3, 0, 0], [0, 1, 0, 0, 1, 0, 0, 0, 0, 3, 0, 0], [0, 1, 1, 1, 1, 0, 3, 3, 3, 0, 0, 0], [0, 0, 0, 0, 0, 0, 3, 0, 0, 0, 0, 0], [3, 3, 3, 3, 3, 3, 0, 0, 0, 0, 0, 0], [0, 0, 0, 0, 0, 0, 0, 0, 0, 0, 0, 0]]}, {"input": [[5, 5, 5, 5, 5, 0, 0, 0, 0, 0], [5, 7, 7, 7, 5, 0, 0, 0, 0, 0], [5, 7, 7, 7, 5, 5, 0, 0, 0, 0], [5, 8, 8, 8, 8, 5, 0, 0, 0, 0], [5, 5, 5, 5, 5, 5, 0, 0, 0, 0], [5, 5, 5, 5, 5, 5, 0, 0, 0, 0], [5, 5, 5, 5, 5, 5, 0, 0, 0, 0], [5, 5, 5, 5, 5, 5, 0, 0, 0, 0], [5, 5, 5, 5, 5, 5, 0, 0, 0, 0], [0, 0, 0, 0, 0, 0, 0, 0, 0, 0], [0, 0, 0, 0, 0, 0, 0, 0, 0, 0]], "output": [[0, 0, 0, 0, 0, 2, 0, 0, 0, 0], [0, 3, 3, 3, 0, 2, 0, 0, 0, 0], [0, 3, 0, 3, 0, 0, 2, 0, 0, 0], [0, 3, 3, 3, 3, 0, 2, 0, 0, 0], [0, 0, 0, 0, 0, 0, 2, 0, 0, 0], [0, 0, 0, 0, 0, 0, 2, 0, 0, 0], [0, 0, 0, 0, 0, 0, 2, 0, 0, 0], [0, 0, 0, 0, 0, 0, 2, 0, 0, 0], [0, 0, 0, 0, 0, 0, 2, 0, 0, 0], [2, 2, 2, 2, 2, 2, 0, 0, 0, 0], [0, 0, 0, 0, 0, 0, 0, 0, 0, 0]]}, {"input": [[0, 0, 0, 0, 0, 0, 0, 0, 0, 0, 0, 0, 0], [0, 0, 0, 0, 0, 0, 0, 0, 0, 0, 0, 0, 0], [0, 0, 0, 0, 0, 0, 0, 0, 0, 0, 0, 0, 0], [0, 0, 0, 0, 0, 0, 5, 5, 5, 5, 5, 5, 0], [0, 0, 0, 0, 5, 5, 5, 1, 1, 1, 1, 5, 0], [0, 0, 0, 0, 5, 3, 3, 3, 1, 1, 1, 5, 0], [0, 0, 0, 0, 5, 3, 6, 6, 6, 1, 1, 5, 0], [0, 0, 0, 0, 5, 3, 6, 6, 6, 5, 5, 5, 0], [0, 0, 0, 0, 5, 5, 6, 6, 6, 5, 0, 0, 0], [0, 0, 0, 0, 0, 5, 6, 6, 6, 5, 0, 0, 0], [0, 0, 0, 0, 0, 5, 5, 5, 5, 5, 0, 0, 0], [0, 0, 0, 0, 0, 0, 0, 0, 0, 0, 0, 0, 0], [0, 0, 0, 0, 0, 0, 0, 0, 0, 0, 0, 0, 0]], "output": [[0, 0, 0, 0, 0, 0, 0, 0, 0, 0, 0, 0, 0], [0, 0, 0, 0, 0, 0, 0, 0, 0, 0, 0, 0, 0], [0, 0, 0, 0, 0, 0, 2, 2, 2, 2, 2, 2, 0], [0, 0, 0, 0, 2, 2, 0, 0, 0, 0, 0, 0, 2], [0, 0, 0, 2, 0, 0, 0, 3, 3, 3, 3, 0, 2], [0, 0, 0, 2, 0, 3, 3, 0, 0, 0, 3, 0, 2], [0, 0, 0, 2, 0, 3, 0, 0, 0, 3, 3, 0, 2], [0, 0, 0, 2, 0, 3, 0, 0, 3, 0, 0, 0, 2], [0, 0, 0, 2, 0, 0, 3, 0, 3, 0, 2, 2, 0], [0, 0, 0, 0, 2, 0, 3, 3, 3, 0, 2, 0, 0], [0, 0, 0, 0, 2, 0, 0, 0, 0, 0, 2, 0, 0], [0, 0, 0, 0, 0, 2, 2, 2, 2, 2, 0, 0, 0], [0, 0, 0, 0, 0, 0, 0, 0, 0, 0, 0, 0, 0]]}, {"input": [[0, 0, 0, 0, 0, 0, 0, 0, 0, 0, 0, 0], [0, 0, 0, 0, 0, 0, 0, 0, 0, 0, 0, 0], [0, 0, 5, 5, 5, 5, 5, 0, 0, 0, 0, 0], [0, 0, 5, 2, 2, 2, 5, 0, 0, 0, 0, 0], [0, 0, 5, 2, 2, 2, 5, 5, 5, 5, 5, 0], [0, 0, 5, 9, 9, 9, 9, 1, 1, 1, 5, 0], [0, 0, 5, 9, 9, 9, 9, 1, 1, 1, 5, 0], [0, 0, 5, 9, 9, 9, 9, 1, 1, 1, 5, 0], [0, 0, 5, 9, 9, 9, 9, 5, 5, 5, 5, 0], [0, 0, 5, 5, 5, 5, 5, 5, 0, 0, 0, 0], [0, 0, 0, 0, 0, 0, 0, 0, 0, 0, 0, 0], [0, 0, 0, 0, 0, 0, 0, 0, 0, 0, 0, 0]], "output": [[0, 0, 0, 0, 0, 0, 0, 0, 0, 0, 0, 0], [0, 0, 2, 2, 2, 2, 2, 0, 0, 0, 0, 0], [0, 2, 0, 0, 0, 0, 0, 2, 0, 0, 0, 0], [0, 2, 0, 3, 3, 3, 0, 2, 2, 2, 2, 0], [0, 2, 0, 3, 0, 3, 0, 0, 0, 0, 0, 2], [0, 2, 0, 3, 0, 0, 3, 3, 3, 3, 0, 2], [0, 2, 0, 3, 0, 0, 0, 0, 0, 3, 0, 2], [0, 2, 0, 3, 0, 0, 0, 3, 3, 3, 0, 2], [0, 2, 0, 3, 3, 3, 3, 0, 0, 0, 0, 2], [0, 2, 0, 0, 0, 0, 0, 0, 2, 2, 2, 0], [0, 0, 2, 2, 2, 2, 2, 2, 0, 0, 0, 0], [0, 0, 0, 0, 0, 0, 0, 0, 0, 0, 0, 0]]}, {"input": [[0, 0, 0, 5, 5, 5, 5, 5, 5, 0], [0, 5, 5, 5, 3, 3, 3, 3, 5, 0], [0, 5, 6, 6, 6, 6, 3, 3, 5, 0], [0, 5, 6, 4, 4, 4, 3, 3, 5, 0], [0, 5, 6, 4, 4, 4, 5, 5, 5, 0], [0, 5, 6, 4, 4, 4, 5, 0, 0, 0], [0, 5, 5, 4, 4, 4, 5, 0, 0, 0], [0, 0, 5, 5, 5, 5, 5, 0, 0, 0], [0, 0, 0, 0, 0, 0, 0, 0, 0, 0], [0, 0, 0, 0, 0, 0, 0, 0, 0, 0], [0, 0, 0, 0, 0, 0, 0, 0, 0, 0]], "output": [[0, 2, 2, 0, 0, 0, 0, 0, 0, 2], [2, 0, 0, 0, 3, 3, 3, 3, 0, 2], [2, 0, 3, 3, 0, 0, 0, 3, 0, 2], [2, 0, 3, 0, 0, 0, 3, 3, 0, 2], [2, 0, 3, 0, 0, 3, 0, 0, 0, 2], [2, 0, 3, 0, 0, 3, 0, 2, 2, 0], [2, 0, 0, 3, 3, 3, 0, 2, 0, 0], [0, 2, 0, 0, 0, 0, 0, 2, 0, 0], [0, 0, 2, 2, 2, 2, 2, 0, 0, 0], [0, 0, 0, 0, 0, 0, 0, 0, 0, 0], [0, 0, 0, 0, 0, 0, 0, 0, 0, 0]]}, {"input": [[0, 5, 5, 5, 5, 5, 5, 0, 0, 0, 0], [0, 5, 5, 5, 5, 5, 5, 5, 5, 0, 0], [0, 5, 5, 5, 5, 5, 6, 6, 5, 0, 0], [5, 5, 5, 5, 5, 5, 6, 6, 5, 0, 0], [5, 8, 8, 8, 6, 6, 6, 6, 5, 0, 0], [5, 8, 8, 8, 8, 5, 5, 5, 5, 0, 0], [5, 8, 8, 8, 8, 5, 0, 0, 0, 0, 0], [5, 8, 8, 8, 8, 5, 0, 0, 0, 0, 0], [5, 5, 5, 5, 5, 5, 0, 0, 0, 0, 0], [0, 0, 0, 0, 0, 0, 0, 0, 0, 0, 0], [0, 0, 0, 0, 0, 0, 0, 0, 0, 0, 0], [0, 0, 0, 0, 0, 0, 0, 0, 0, 0, 0], [0, 0, 0, 0, 0, 0, 0, 0, 0, 0, 0]], "output": [[2, 0, 0, 0, 0, 0, 0, 3, 3, 0, 0], [2, 0, 0, 0, 0, 0, 0, 0, 0, 3, 0], [2, 0, 0, 0, 0, 0, 1, 1, 0, 3, 0], [0, 0, 0, 0, 0, 0, 1, 1, 0, 3, 0], [0, 1, 1, 1, 1, 1, 1, 1, 0, 3, 0], [0, 1, 0, 0, 1, 0, 0, 0, 0, 3, 0], [0, 1, 0, 0, 1, 0, 3, 3, 3, 0, 0], [0, 1, 1, 1, 1, 0, 3, 0, 0, 0, 0], [0, 0, 0, 0, 0, 0, 3, 0, 0, 0, 0], [3, 3, 3, 3, 3, 3, 0, 0, 0, 0, 0], [0, 0, 0, 0, 0, 0, 0, 0, 0, 0, 0], [0, 0, 0, 0, 0, 0, 0, 0, 0, 0, 0], [0, 0, 0, 0, 0, 0, 0, 0, 0, 0, 0]]}, {"input": [[0, 0, 0, 0, 0, 0, 0, 0, 0, 0, 0, 0], [0, 0, 0, 0, 0, 0, 0, 0, 0, 0, 0, 0], [0, 0, 0, 0, 5, 5, 5, 5, 5, 0, 0, 0], [0, 0, 0, 0, 5, 9, 9, 9, 5, 0, 0, 0], [0, 0, 0, 0, 5, 9, 9, 9, 5, 5, 0, 0], [0, 5, 5, 5, 5, 9, 5, 5, 5, 5, 0, 0], [0, 5, 3, 3, 3, 9, 5, 5, 5, 5, 0, 0], [0, 5, 3, 3, 3, 5, 5, 5, 5, 5, 0, 0], [0, 5, 3, 3, 3, 5, 5, 5, 5, 5, 0, 0], [0, 5, 3, 3, 3, 5, 0, 0, 0, 0, 0, 0], [0, 5, 5, 5, 5, 5, 0, 0, 0, 0, 0, 0], [0, 0, 0, 0, 0, 0, 0, 0, 0, 0, 0, 0]], "output": [[0, 0, 0, 0, 0, 0, 0, 0, 0, 0, 0, 0], [0, 0, 0, 0, 2, 2, 2, 2, 2, 0, 0, 0], [0, 0, 0, 2, 0, 0, 0, 0, 0, 2, 0, 0], [0, 0, 0, 2, 0, 3, 3, 3, 0, 2, 0, 0], [0, 2, 2, 2, 0, 3, 3, 3, 0, 0, 2, 0], [2, 0, 0, 0, 0, 3, 0, 0, 0, 0, 2, 0], [2, 0, 3, 3, 3, 3, 0, 0, 0, 0, 2, 0], [2, 0, 3, 0, 3, 0, 0, 0, 0, 0, 2, 0], [2, 0, 3, 0, 3, 0, 0, 0, 0, 0, 2, 0], [2, 0, 3, 3, 3, 0, 2, 2, 2, 2, 0, 0], [2, 0, 0, 0, 0, 0, 2, 0, 0, 0, 0, 0], [0, 2, 2, 2, 2, 2, 0, 0, 0, 0, 0, 0]]}, {"input": [[0, 0, 0, 0, 0, 0, 0, 5, 5, 5, 5, 5, 5, 0], [0, 0, 0, 0, 0, 0, 0, 5, 4, 4, 4, 4, 5, 0], [0, 0, 0, 0, 0, 0, 0, 5, 4, 4, 4, 4, 5, 0], [0, 0, 5, 5, 5, 5, 5, 5, 8, 8, 8, 8, 5, 0], [0, 0, 5, 6, 6, 6, 6, 5, 8, 8, 8, 8, 5, 0], [0, 0, 5, 6, 6, 6, 6, 5, 8, 8, 8, 8, 5, 0], [0, 0, 5, 6, 6, 6, 6, 5, 5, 5, 5, 5, 5, 0], [0, 0, 5, 6, 6, 6, 6, 5, 0, 0, 0, 0, 0, 0], [0, 0, 5, 5, 5, 5, 5, 5, 0, 0, 0, 0, 0, 0], [0, 0, 0, 0, 0, 0, 0, 0, 0, 0, 0, 0, 0, 0], [0, 0, 0, 0, 0, 0, 0, 0, 0, 0, 0, 0, 0, 0], [0, 0, 0, 0, 0, 0, 0, 0, 0, 0, 0, 0, 0, 0], [0, 0, 0, 0, 0, 0, 0, 0, 0, 0, 0, 0, 0, 0]], "output": [[0, 0, 0, 0, 0, 0, 2, 0, 0, 0, 0, 0, 0, 2], [0, 0, 0, 0, 0, 0, 2, 0, 3, 3, 3, 3, 0, 2], [0, 0, 2, 2, 2, 2, 2, 0, 3, 0, 0, 3, 0, 2], [0, 2, 0, 0, 0, 0, 0, 0, 3, 0, 0, 3, 0, 2], [0, 2, 0, 1, 1, 1, 1, 0, 3, 0, 0, 3, 0, 2], [0, 2, 0, 1, 0, 0, 1, 0, 3, 3, 3, 3, 0, 2], [0, 2, 0, 1, 0, 0, 1, 0, 0, 0, 0, 0, 0, 2], [0, 2, 0, 1, 1, 1, 1, 0, 2, 2, 2, 2, 2, 0], [0, 2, 0, 0, 0, 0, 0, 0, 2, 0, 0, 0, 0, 0], [0, 0, 2, 2, 2, 2, 2, 2, 0, 0, 0, 0, 0, 0], [0, 0, 0, 0, 0, 0, 0, 0, 0, 0, 0, 0, 0, 0], [0, 0, 0, 0, 0, 0, 0, 0, 0, 0, 0, 0, 0, 0], [0, 0, 0, 0, 0, 0, 0, 0, 0, 0, 0, 0, 0, 0]]}, {"input": [[0, 0, 0, 0, 0, 0, 0, 0, 0, 0, 0, 0, 0, 0], [0, 0, 0, 0, 0, 0, 0, 0, 0, 0, 0, 0, 0, 0], [0, 0, 0, 0, 0, 0, 0, 0, 0, 0, 0, 0, 0, 0], [0, 0, 0, 5, 5, 5, 5, 5, 5, 5, 5, 0, 0, 0], [0, 0, 0, 5, 5, 5, 9, 9, 9, 9, 5, 0, 0, 0], [0, 0, 0, 5, 5, 5, 9, 9, 9, 9, 5, 0, 0, 0], [0, 0, 0, 5, 5, 5, 9, 9, 9, 9, 5, 0, 0, 0], [0, 0, 0, 5, 5, 5, 9, 9, 9, 9, 5, 0, 0, 0], [0, 0, 0, 0, 5, 3, 3, 3, 3, 5, 5, 0, 0, 0], [0, 0, 0, 0, 5, 3, 3, 3, 3, 5, 0, 0, 0, 0], [0, 0, 0, 0, 5, 3, 3, 3, 3, 5, 0, 0, 0, 0], [0, 0, 0, 0, 5, 3, 3, 3, 3, 5, 0, 0, 0, 0], [0, 0, 0, 0, 5, 5, 5, 5, 5, 5, 0, 0, 0, 0], [0, 0, 0, 0, 0, 0, 0, 0, 0, 0, 0, 0, 0, 0]], "output": [[0, 0, 0, 0, 0, 0, 0, 0, 0, 0, 0, 0, 0, 0], [0, 0, 0, 0, 0, 0, 0, 0, 0, 0, 0, 0, 0, 0], [0, 0, 0, 2, 2, 2, 2, 2, 2, 2, 2, 0, 0, 0], [0, 0, 2, 0, 0, 0, 0, 0, 0, 0, 0, 2, 0, 0], [0, 0, 2, 0, 0, 0, 3, 3, 3, 3, 0, 2, 0, 0], [0, 0, 2, 0, 0, 0, 3, 0, 0, 3, 0, 2, 0, 0], [0, 0, 2, 0, 0, 0, 3, 0, 0, 3, 0, 2, 0, 0], [0, 0, 2, 0, 0, 0, 3, 0, 0, 3, 0, 2, 0, 0], [0, 0, 0, 2, 0, 3, 0, 0, 3, 0, 0, 2, 0, 0], [0, 0, 0, 2, 0, 3, 0, 0, 3, 0, 2, 0, 0, 0], [0, 0, 0, 2, 0, 3, 0, 0, 3, 0, 2, 0, 0, 0], [0, 0, 0, 2, 0, 3, 3, 3, 3, 0, 2, 0, 0, 0], [0, 0, 0, 2, 0, 0, 0, 0, 0, 0, 2, 0, 0, 0], [0, 0, 0, 0, 2, 2, 2, 2, 2, 2, 0, 0, 0, 0]]}, {"input": [[5, 5, 5, 5, 5, 5, 0, 0, 0, 0], [5, 3, 3, 3, 3, 5, 0, 0, 0, 0], [5, 3, 3, 3, 3, 5, 0, 0, 0, 0], [5, 3, 3, 3, 3, 5, 0, 0, 0, 0], [5, 3, 9, 9, 9, 5, 0, 0, 0, 0], [5, 5, 7, 7, 7, 5, 0, 0, 0, 0], [0, 5, 7, 7, 7, 5, 0, 0, 0, 0], [0, 5, 7, 7, 7, 5, 0, 0, 0, 0], [0, 5, 7, 7, 7, 5, 0, 0, 0, 0], [0, 5, 5, 5, 5, 5, 0, 0, 0, 0], [0, 0, 0, 0, 0, 0, 0, 0, 0, 0]], "output": [[0, 0, 0, 0, 0, 0, 2, 0, 0, 0], [0, 3, 3, 3, 3, 0, 2, 0, 0, 0], [0, 3, 0, 0, 3, 0, 2, 0, 0, 0], [0, 3, 0, 0, 3, 0, 2, 0, 0, 0], [0, 3, 0, 0, 3, 0, 2, 0, 0, 0], [0, 0, 3, 0, 3, 0, 2, 0, 0, 0], [2, 0, 3, 0, 3, 0, 2, 0, 0, 0], [2, 0, 3, 0, 3, 0, 2, 0, 0, 0], [2, 0, 3, 3, 3, 0, 2, 0, 0, 0], [2, 0, 0, 0, 0, 0, 2, 0, 0, 0], [0, 2, 2, 2, 2, 2, 0, 0, 0, 0]]}, {"input": [[0, 0, 0, 0, 0, 0, 0, 0, 0, 0, 0, 0, 0], [0, 0, 0, 0, 0, 0, 0, 0, 0, 0, 0, 0, 0], [0, 0, 0, 0, 0, 0, 0, 0, 0, 0, 0, 0, 0], [0, 0, 0, 0, 0, 0, 0, 0, 0, 0, 0, 0, 0], [0, 0, 0, 0, 0, 0, 5, 5, 5, 5, 5, 0, 0], [0, 0, 0, 0, 0, 0, 5, 4, 4, 4, 5, 0, 0], [5, 5, 5, 5, 5, 5, 5, 4, 4, 4, 5, 0, 0], [5, 6, 6, 6, 6, 5, 5, 4, 4, 4, 5, 0, 0], [5, 6, 6, 6, 6, 5, 5, 5, 5, 5, 5, 0, 0], [5, 6, 6, 6, 6, 5, 5, 5, 5, 5, 5, 0, 0], [5, 5, 5, 5, 5, 5, 0, 0, 0, 0, 0, 0, 0], [0, 0, 0, 0, 0, 0, 0, 0, 0, 0, 0, 0, 0]], "output": [[0, 0, 0, 0, 0, 0, 0, 0, 0, 0, 0, 0, 0], [0, 0, 0, 0, 0, 0, 0, 0, 0, 0, 0, 0, 0], [0, 0, 0, 0, 0, 0, 0, 0, 0, 0, 0, 0, 0], [0, 0, 0, 0, 0, 0, 2, 2, 2, 2, 2, 0, 0], [0, 0, 0, 0, 0, 2, 0, 0, 0, 0, 0, 2, 0], [2, 2, 2, 2, 2, 2, 0, 3, 3, 3, 0, 2, 0], [0, 0, 0, 0, 0, 0, 0, 3, 0, 3, 0, 2, 0], [0, 1, 1, 1, 1, 0, 0, 3, 3, 3, 0, 2, 0], [0, 1, 0, 0, 1, 0, 0, 0, 0, 0, 0, 2, 0], [0, 1, 1, 1, 1, 0, 0, 0, 0, 0, 0, 2, 0], [0, 0, 0, 0, 0, 0, 2, 2, 2, 2, 2, 0, 0], [2, 2, 2, 2, 2, 2, 0, 0, 0, 0, 0, 0, 0]]}], "test": [{"input": [[0, 0, 5, 5, 5, 5, 5, 5, 0, 0], [0, 0, 5, 8, 8, 8, 8, 5, 0, 0], [0, 0, 5, 8, 8, 8, 8, 5, 0, 0], [5, 5, 5, 8, 8, 8, 8, 5, 0, 0], [5, 5, 5, 8, 8, 8, 8, 5, 0, 0], [5, 5, 5, 5, 5, 5, 5, 5, 0, 0], [5, 5, 5, 5, 5, 5, 5, 5, 5, 0], [5, 5, 5, 5, 5, 9, 9, 9, 5, 0], [0, 0, 0, 0, 5, 9, 9, 9, 5, 0], [0, 0, 0, 0, 5, 9, 9, 9, 5, 0], [0, 0, 0, 0, 5, 5, 5, 5, 5, 0], [0, 0, 0, 0, 0, 0, 0, 0, 0, 0]], "output": [[0, 2, 0, 0, 0, 0, 0, 0, 3, 0], [0, 2, 0, 1, 1, 1, 1, 0, 3, 0], [2, 2, 0, 1, 0, 0, 1, 0, 3, 0], [0, 0, 0, 1, 0, 0, 1, 0, 3, 0], [0, 0, 0, 1, 1, 1, 1, 0, 3, 0], [0, 0, 0, 0, 0, 0, 0, 0, 3, 0], [0, 0, 0, 0, 0, 0, 0, 0, 0, 3], [0, 0, 0, 0, 0, 4, 4, 4, 0, 3], [3, 3, 3, 3, 0, 4, 0, 4, 0, 3], [0, 0, 0, 3, 0, 4, 4, 4, 0, 3], [0, 0, 0, 3, 0, 0, 0, 0, 0, 3], [0, 0, 0, 0, 3, 3, 3, 3, 3, 0]]}, {"input": [[0, 0, 0, 0, 0, 0, 0, 0, 0, 0, 0, 0], [0, 0, 0, 5, 5, 5, 5, 5, 5, 0, 0, 0], [0, 0, 0, 5, 9, 9, 9, 9, 5, 0, 0, 0], [0, 0, 0, 5, 9, 9, 9, 9, 5, 0, 0, 0], [0, 0, 0, 5, 9, 9, 9, 9, 5, 0, 0, 0], [5, 5, 5, 5, 9, 9, 9, 9, 5, 0, 0, 0], [5, 2, 2, 2, 2, 6, 5, 5, 5, 0, 0, 0], [5, 2, 2, 2, 2, 6, 5, 0, 0, 0, 0, 0], [5, 2, 2, 2, 2, 6, 5, 0, 0, 0, 0, 0], [5, 5, 5, 5, 5, 5, 5, 0, 0, 0, 0, 0], [0, 0, 0, 0, 0, 0, 0, 0, 0, 0, 0, 0], [0, 0, 0, 0, 0, 0, 0, 0, 0, 0, 0, 0]], "output": [[0, 0, 0, 2, 2, 2, 2, 2, 2, 0, 0, 0], [0, 0, 2, 0, 0, 0, 0, 0, 0, 2, 0, 0], [0, 0, 2, 0, 3, 3, 3, 3, 0, 2, 0, 0], [0, 0, 2, 0, 3, 0, 0, 3, 0, 2, 0, 0], [2, 2, 2, 0, 3, 0, 0, 3, 0, 2, 0, 0], [0, 0, 0, 0, 3, 0, 3, 3, 0, 2, 0, 0], [0, 3, 3, 3, 0, 3, 0, 0, 0, 2, 0, 0], [0, 3, 0, 0, 0, 3, 0, 2, 2, 0, 0, 0], [0, 3, 3, 3, 3, 3, 0, 2, 0, 0, 0, 0], [0, 0, 0, 0, 0, 0, 0, 2, 0, 0, 0, 0], [2, 2, 2, 2, 2, 2, 2, 0, 0, 0, 0, 0], [0, 0, 0, 0, 0, 0, 0, 0, 0, 0, 0, 0]]}, {"input": [[0, 0, 0, 0, 0, 0, 0, 0, 0, 0, 0], [0, 0, 0, 0, 0, 0, 0, 0, 0, 0, 0], [5, 5, 5, 5, 5, 5, 0, 0, 0, 0, 0], [5, 8, 8, 8, 8, 5, 0, 0, 0, 0, 0], [5, 8, 8, 8, 8, 5, 5, 5, 0, 0, 0], [5, 8, 8, 8, 8, 6, 6, 5, 0, 0, 0], [5, 8, 8, 8, 8, 6, 6, 5, 5, 5, 0], [5, 5, 5, 5, 6, 6, 6, 4, 4, 5, 0], [0, 0, 0, 5, 6, 6, 6, 4, 4, 5, 0], [0, 0, 0, 5, 5, 4, 4, 4, 4, 5, 0], [0, 0, 0, 0, 5, 4, 4, 4, 4, 5, 0], [0, 0, 0, 0, 5, 5, 5, 5, 5, 5, 0], [0, 0, 0, 0, 0, 0, 0, 0, 0, 0, 0]], "output": [[0, 0, 0, 0, 0, 0, 0, 0, 0, 0, 0], [2, 2, 2, 2, 2, 2, 0, 0, 0, 0, 0], [0, 0, 0, 0, 0, 0, 2, 0, 0, 0, 0], [0, 3, 3, 3, 3, 0, 2, 2, 0, 0, 0], [0, 3, 0, 0, 3, 0, 0, 0, 2, 0, 0], [0, 3, 0, 0, 0, 3, 3, 0, 2, 2, 0], [0, 3, 3, 3, 0, 0, 3, 0, 0, 0, 2], [0, 0, 0, 0, 3, 0, 0, 3, 3, 0, 2], [2, 2, 2, 0, 3, 0, 0, 0, 3, 0, 2], [0, 0, 2, 0, 0, 3, 0, 0, 3, 0, 2], [0, 0, 0, 2, 0, 3, 3, 3, 3, 0, 2], [0, 0, 0, 2, 0, 0, 0, 0, 0, 0, 2], [0, 0, 0, 0, 2, 2, 2, 2, 2, 2, 0]]}]}