{"train": [{"input": [[0, 0, 0, 0, 0, 0, 0, 0, 0, 0], [0, 7, 7, 5, 5, 0, 0, 0, 0, 0], [0, 7, 7, 2, 5, 9, 0, 0, 0, 0], [0, 5, 2, 2, 9, 9, 4, 0, 0, 1], [0, 5, 5, 9, 9, 3, 4, 0, 0, 0], [0, 0, 9, 9, 3, 3, 8, 0, 0, 0], [0, 0, 0, 4, 4, 8, 0, 0, 0, 0], [0, 0, 0, 0, 0, 0, 0, 0, 0, 0], [0, 0, 0, 0, 0, 0, 0, 0, 0, 0], [0, 0, 0, 0, 0, 0, 0, 0, 0, 0]], "output": [[1]]}, {"input": [[0, 7, 7, 7, 0, 0, 0, 0, 0, 0], [7, 4, 5, 7, 0, 0, 0, 0, 0, 0], [7, 5, 6, 7, 0, 0, 0, 0, 0, 0], [7, 7, 7, 0, 0, 0, 0, 0, 0, 0], [0, 0, 0, 0, 0, 8, 8, 0, 0, 0], [1, 0, 0, 4, 5, 6, 6, 5, 4, 0], [0, 0, 0, 2, 6, 6, 6, 6, 2, 0], [0, 0, 0, 2, 3, 3, 3, 3, 2, 0], [0, 0, 0, 0, 3, 3, 3, 3, 0, 0], [0, 0, 0, 0, 3, 3, 3, 3, 0, 0]], "output": [[1]]}, {"input": [[0, 0, 0, 0, 0, 0, 2, 0, 0, 0], [0, 0, 0, 0, 0, 2, 2, 3, 0, 1], [0, 0, 0, 0, 0, 6, 9, 0, 0, 0], [0, 0, 0, 0, 0, 6, 6, 6, 6, 0], [0, 1, 0, 0, 0, 0, 0, 0, 0, 0], [0, 1, 1, 1, 0, 0, 0, 1, 1, 0], [1, 1, 1, 0, 0, 0, 8, 8, 9, 0], [0, 0, 1, 0, 0, 1, 8, 1, 8, 0], [0, 0, 0, 0, 0, 1, 9, 8, 0, 0], [0, 0, 0, 0, 0, 0, 0, 0, 0, 0]], "output": [[0, 1, 0, 0], [0, 1, 1, 1], [1, 1, 1, 0], [0, 0, 1, 0]]}, {"input": [[0, 0, 0, 0, 0, 0, 0, 0, 0, 0], [0, 0, 0, 0, 1, 1, 0, 1, 0, 0], [0, 0, 0, 0, 0, 4, 4, 1, 0, 0], [0, 0, 0, 0, 1, 4, 4, 0, 0, 0], [0, 0, 0, 0, 1, 0, 1, 1, 0, 0], [0, 0, 0, 0, 0, 0, 0, 0, 0, 0], [0, 0, 0, 0, 0, 0, 0, 0, 0, 0], [0, 0, 0, 0, 0, 0, 0, 0, 0, 0], [0, 0, 0, 0, 0, 0, 0, 0, 0, 0], [0, 0, 0, 0, 1, 0, 0, 0, 0, 0]], "output": [[1, 1, 0, 1], [0, 4, 4, 1], [1, 4, 4, 0], [1, 0, 1, 1]]}, {"input": [[0, 0, 2, 3, 0, 3, 4, 4, 0, 0], [0, 0, 6, 0, 3, 3, 4, 4, 0, 0], [0, 0, 8, 8, 1, 2, 3, 3, 0, 0], [0, 0, 8, 0, 0, 1, 3, 0, 0, 0], [0, 0, 0, 0, 0, 8, 0, 3, 0, 0], [0, 0, 0, 0, 8, 8, 6, 2, 0, 0], [0, 0, 0, 0, 0, 0, 0, 0, 0, 0], [0, 0, 0, 0, 0, 0, 0, 1, 0, 0], [0, 0, 0, 0, 0, 0, 0, 0, 0, 0], [0, 0, 0, 0, 0, 0, 0, 0, 0, 0]], "output": [[2, 3, 0, 3, 4, 4], [6, 0, 3, 3, 4, 4], [8, 8, 1, 2, 3, 3], [8, 0, 0, 1, 3, 0], [0, 0, 0, 8, 0, 3], [0, 0, 8, 8, 6, 2]]}, {"input": [[0, 0, 0, 0, 0, 0, 0, 0, 0, 0], [0, 0, 0, 2, 1, 9, 2, 7, 3, 0], [0, 0, 0, 1, 9, 9, 8, 4, 3, 0], [0, 1, 0, 9, 9, 8, 8, 8, 5, 0], [0, 0, 0, 2, 8, 8, 8, 8, 0, 0], [0, 0, 0, 7, 4, 8, 8, 0, 0, 0], [0, 0, 0, 3, 3, 5, 0, 0, 0, 0], [0, 0, 0, 0, 0, 0, 0, 0, 0, 0], [0, 0, 0, 0, 0, 0, 0, 0, 0, 0], [0, 0, 0, 0, 0, 0, 0, 0, 0, 0]], "output": [[2, 1, 9, 2, 7, 3], [1, 9, 9, 8, 4, 3], [9, 9, 8, 8, 8, 5], [2, 8, 8, 8, 8, 0], [7, 4, 8, 8, 0, 0], [3, 3, 5, 0, 0, 0]]}, {"input": [[1, 0, 0, 0, 0, 0, 7, 0, 9, 0], [0, 0, 0, 0, 9, 9, 9, 0, 9, 0], [0, 0, 0, 0, 0, 0, 1, 1, 9, 7], [0, 0, 0, 0, 7, 9, 1, 1, 0, 0], [0, 0, 0, 0, 0, 9, 0, 9, 9, 9], [0, 0, 0, 1, 0, 9, 0, 7, 0, 0], [0, 1, 1, 1, 0, 0, 0, 0, 0, 0], [0, 0, 1, 1, 1, 0, 0, 0, 0, 0], [0, 0, 1, 0, 0, 0, 0, 0, 0, 0], [0, 0, 0, 0, 0, 0, 0, 0, 0, 0]], "output": [[0, 0, 1, 0], [1, 1, 1, 0], [0, 1, 1, 1], [0, 1, 0, 0]]}, {"input": [[4, 2, 2, 4, 0, 0, 0, 0, 0, 0], [2, 4, 4, 2, 0, 0, 0, 0, 0, 0], [9, 2, 2, 9, 0, 0, 0, 0, 0, 0], [1, 2, 2, 1, 0, 5, 0, 0, 0, 0], [0, 0, 0, 0, 0, 1, 1, 5, 0, 0], [0, 0, 0, 0, 5, 1, 1, 0, 0, 0], [0, 0, 0, 0, 0, 0, 5, 0, 0, 0], [0, 0, 0, 0, 0, 0, 0, 0, 0, 0], [0, 0, 0, 0, 0, 0, 0, 0, 0, 0], [0, 0, 0, 0, 0, 0, 0, 0, 0, 1]], "output": [[0, 5, 0, 0], [0, 1, 1, 5], [5, 1, 1, 0], [0, 0, 5, 0]]}, {"input": [[0, 0, 0, 0, 0, 0, 0, 0, 0, 0], [0, 0, 0, 0, 0, 0, 0, 0, 0, 0], [0, 0, 0, 0, 0, 0, 0, 0, 0, 0], [0, 0, 0, 0, 0, 0, 0, 0, 0, 0], [0, 0, 0, 0, 5, 7, 9, 9, 7, 5], [0, 0, 0, 0, 9, 1, 1, 1, 1, 9], [0, 0, 0, 0, 8, 8, 9, 9, 8, 8], [0, 0, 0, 0, 0, 1, 9, 9, 1, 0], [0, 0, 0, 0, 0, 0, 3, 3, 0, 0], [0, 0, 0, 0, 0, 1, 7, 7, 0, 0]], "output": [[5, 7, 9, 9, 7, 5], [9, 1, 1, 1, 1, 9], [8, 8, 9, 9, 8, 8], [0, 1, 9, 9, 1, 0], [0, 0, 3, 3, 0, 0], [0, 1, 7, 7, 0, 0]]}, {"input": [[0, 0, 0, 0, 0, 0, 0, 0, 0, 0], [0, 0, 0, 0, 0, 0, 0, 0, 0, 0], [0, 0, 0, 7, 8, 1, 1, 8, 7, 0], [0, 0, 0, 7, 5, 1, 1, 5, 7, 0], [0, 0, 0, 4, 4, 9, 9, 4, 4, 0], [0, 1, 0, 4, 6, 6, 6, 6, 4, 0], [0, 0, 0, 6, 9, 9, 9, 9, 6, 0], [0, 0, 0, 9, 2, 2, 2, 2, 9, 0], [0, 0, 0, 0, 0, 0, 0, 0, 0, 0], [0, 0, 0, 0, 0, 0, 0, 0, 0, 0]], "output": [[7, 8, 1, 1, 8, 7], [7, 5, 1, 1, 5, 7], [4, 4, 9, 9, 4, 4], [4, 6, 6, 6, 6, 4], [6, 9, 9, 9, 9, 6], [9, 2, 2, 2, 2, 9]]}, {"input": [[0, 6, 2, 2, 2, 2, 6, 0, 0, 0], [0, 0, 3, 3, 3, 3, 0, 0, 0, 0], [0, 0, 0, 7, 7, 0, 0, 0, 0, 0], [0, 0, 0, 7, 7, 0, 0, 0, 0, 0], [0, 0, 3, 3, 3, 3, 0, 0, 0, 0], [0, 6, 2, 2, 2, 2, 6, 0, 0, 0], [0, 0, 0, 0, 0, 0, 0, 0, 0, 0], [0, 0, 0, 1, 0, 0, 0, 0, 0, 0], [0, 0, 0, 0, 0, 0, 0, 0, 0, 0], [0, 0, 0, 0, 0, 0, 0, 0, 0, 0]], "output": [[1]]}, {"input": [[0, 1, 0, 1, 4, 0, 0, 0, 0, 0], [0, 0, 3, 3, 9, 0, 0, 0, 0, 0], [0, 1, 3, 3, 9, 0, 0, 0, 0, 0], [0, 4, 9, 9, 6, 0, 0, 0, 0, 0], [0, 0, 0, 0, 0, 0, 5, 2, 0, 0], [0, 0, 0, 0, 0, 0, 4, 2, 0, 0], [0, 0, 0, 0, 4, 0, 5, 8, 2, 2], [0, 0, 0, 0, 4, 3, 5, 5, 4, 5], [0, 0, 0, 0, 3, 3, 3, 0, 0, 0], [0, 0, 0, 0, 0, 3, 4, 4, 0, 0]], "output": [[1, 0, 1, 4], [0, 3, 3, 9], [1, 3, 3, 9], [4, 9, 9, 6]]}, {"input": [[0, 0, 0, 0, 0, 0, 0, 0, 0, 0], [0, 0, 0, 0, 0, 0, 0, 0, 0, 0], [0, 0, 0, 0, 0, 0, 0, 0, 5, 0], [0, 0, 0, 0, 0, 0, 5, 5, 5, 0], [1, 0, 0, 0, 0, 0, 0, 5, 5, 5], [0, 0, 0, 0, 0, 0, 0, 5, 0, 0], [0, 5, 5, 0, 0, 0, 0, 0, 0, 0], [5, 5, 5, 5, 0, 0, 0, 0, 0, 0], [5, 5, 5, 5, 0, 0, 0, 0, 0, 0], [0, 5, 5, 0, 0, 0, 0, 0, 0, 0]], "output": [[1]]}, {"input": [[0, 0, 0, 0, 0, 0, 0, 0, 0, 0], [0, 0, 0, 0, 0, 0, 5, 5, 0, 0], [0, 0, 0, 5, 8, 0, 5, 8, 0, 0], [0, 0, 0, 5, 5, 3, 3, 1, 0, 0], [0, 0, 0, 0, 0, 3, 3, 5, 5, 0], [0, 0, 0, 0, 8, 5, 0, 8, 5, 0], [0, 0, 0, 0, 5, 5, 0, 0, 0, 0], [0, 0, 0, 0, 0, 0, 0, 0, 0, 0], [0, 0, 0, 0, 0, 0, 0, 0, 0, 0], [0, 0, 0, 0, 0, 0, 0, 0, 0, 0]], "output": [[0, 0, 0, 5, 5, 0], [5, 8, 0, 5, 8, 0], [5, 5, 3, 3, 1, 0], [0, 0, 3, 3, 5, 5], [0, 8, 5, 0, 8, 5], [0, 5, 5, 0, 0, 0]]}, {"input": [[0, 0, 0, 0, 0, 0, 0, 0, 0, 0], [0, 0, 0, 0, 0, 0, 0, 0, 2, 0], [0, 0, 0, 0, 2, 6, 0, 6, 6, 0], [0, 0, 0, 0, 0, 6, 6, 6, 0, 0], [0, 0, 0, 0, 0, 0, 6, 6, 6, 1], [0, 0, 5, 5, 0, 6, 6, 0, 6, 2], [0, 5, 5, 6, 0, 2, 0, 0, 0, 0], [5, 5, 0, 0, 0, 0, 0, 0, 0, 0], [5, 6, 0, 0, 0, 0, 0, 0, 0, 0], [0, 0, 0, 0, 0, 0, 0, 0, 0, 0]], "output": [[0, 0, 0, 0, 2, 0], [2, 6, 0, 6, 6, 0], [0, 6, 6, 6, 0, 0], [0, 0, 6, 6, 6, 1], [0, 6, 6, 0, 6, 2], [0, 2, 0, 0, 0, 0]]}, {"input": [[0, 0, 0, 0, 0, 0, 0, 0, 0, 0], [0, 0, 2, 2, 0, 0, 0, 0, 0, 0], [0, 0, 7, 4, 1, 1, 1, 0, 0, 0], [0, 0, 0, 4, 1, 1, 9, 9, 0, 0], [0, 0, 0, 4, 1, 1, 9, 9, 0, 0], [0, 0, 7, 4, 1, 1, 1, 0, 0, 3], [0, 0, 2, 2, 0, 0, 0, 0, 0, 6], [0, 0, 0, 0, 0, 0, 9, 0, 3, 6], [0, 0, 0, 0, 0, 0, 9, 9, 9, 8], [0, 1, 0, 0, 0, 0, 0, 0, 0, 0]], "output": [[2, 2, 0, 0, 0, 0], [7, 4, 1, 1, 1, 0], [0, 4, 1, 1, 9, 9], [0, 4, 1, 1, 9, 9], [7, 4, 1, 1, 1, 0], [2, 2, 0, 0, 0, 0]]}, {"input": [[0, 0, 1, 8, 1, 1, 0, 0, 0, 0], [0, 0, 8, 1, 1, 0, 0, 0, 0, 0], [0, 0, 1, 1, 0, 0, 0, 0, 0, 0], [0, 0, 1, 0, 0, 0, 0, 0, 0, 0], [0, 0, 0, 0, 1, 0, 0, 0, 0, 0], [0, 0, 0, 0, 0, 0, 0, 0, 0, 0], [0, 0, 0, 0, 0, 0, 9, 0, 0, 0], [0, 0, 0, 0, 0, 4, 4, 0, 0, 0], [0, 0, 0, 0, 0, 4, 9, 4, 9, 0], [0, 0, 0, 0, 0, 4, 4, 4, 0, 0]], "output": [[1, 8, 1, 1], [8, 1, 1, 0], [1, 1, 0, 0], [1, 0, 0, 0]]}, {"input": [[0, 2, 0, 0, 0, 0, 0, 0, 1, 0], [0, 1, 1, 2, 0, 0, 0, 0, 0, 0], [2, 1, 1, 0, 0, 0, 8, 3, 3, 0], [0, 0, 2, 0, 3, 8, 8, 8, 8, 0], [0, 0, 0, 0, 3, 8, 8, 8, 8, 8], [0, 0, 0, 0, 8, 8, 8, 8, 8, 3], [0, 3, 7, 0, 0, 8, 8, 8, 8, 3], [7, 3, 3, 3, 0, 3, 3, 8, 0, 0], [3, 3, 3, 7, 0, 0, 0, 0, 0, 0], [0, 7, 3, 0, 0, 0, 0, 0, 0, 0]], "output": [[0, 2, 0, 0], [0, 1, 1, 2], [2, 1, 1, 0], [0, 0, 2, 0]]}, {"input": [[0, 0, 0, 0, 0, 0, 0, 0, 0, 0], [0, 0, 0, 0, 0, 9, 9, 0, 0, 0], [0, 0, 0, 0, 0, 0, 9, 0, 0, 9], [0, 0, 0, 0, 0, 0, 3, 3, 9, 9], [0, 0, 0, 0, 9, 9, 3, 3, 0, 0], [0, 0, 0, 0, 9, 0, 1, 9, 0, 0], [0, 0, 0, 0, 0, 0, 0, 9, 9, 0], [0, 0, 0, 0, 0, 0, 0, 0, 0, 0], [0, 0, 0, 0, 0, 0, 0, 0, 0, 0], [0, 0, 0, 0, 0, 0, 0, 0, 0, 0]], "output": [[0, 9, 9, 0, 0, 0], [0, 0, 9, 0, 0, 9], [0, 0, 3, 3, 9, 9], [9, 9, 3, 3, 0, 0], [9, 0, 1, 9, 0, 0], [0, 0, 0, 9, 9, 0]]}, {"input": [[0, 0, 0, 3, 3, 2, 2, 0, 0, 0], [0, 0, 0, 3, 3, 3, 0, 0, 0, 0], [0, 0, 0, 2, 3, 0, 0, 0, 0, 0], [0, 0, 0, 2, 0, 0, 0, 0, 0, 0], [0, 0, 0, 0, 0, 0, 1, 0, 0, 0], [0, 0, 0, 0, 5, 0, 0, 5, 0, 0], [0, 0, 0, 0, 4, 4, 4, 4, 0, 0], [0, 0, 0, 0, 4, 4, 4, 4, 0, 0], [0, 0, 0, 0, 4, 0, 0, 4, 0, 0], [0, 0, 0, 0, 0, 0, 0, 0, 0, 0]], "output": [[0, 0, 1, 0], [5, 0, 0, 5], [4, 4, 4, 4], [4, 4, 4, 4], [4, 0, 0, 4]]}, {"input": [[0, 0, 0, 0, 0, 0, 0, 0, 0, 0], [0, 0, 0, 0, 0, 0, 0, 0, 0, 0], [0, 0, 2, 2, 0, 0, 0, 0, 0, 0], [0, 0, 0, 2, 0, 0, 2, 0, 0, 0], [0, 0, 0, 1, 1, 2, 2, 0, 0, 0], [0, 2, 2, 1, 1, 0, 0, 0, 0, 0], [0, 2, 0, 0, 2, 0, 0, 0, 0, 0], [0, 0, 0, 0, 2, 2, 0, 0, 0, 0], [1, 0, 0, 0, 0, 0, 0, 0, 0, 0], [0, 0, 0, 0, 0, 0, 0, 0, 0, 0]], "output": [[0, 2, 2, 0, 0, 0], [0, 0, 2, 0, 0, 2], [0, 0, 1, 1, 2, 2], [2, 2, 1, 1, 0, 0], [2, 0, 0, 2, 0, 0], [0, 0, 0, 2, 2, 0]]}, {"input": [[0, 3, 1, 1, 0, 0, 0, 0, 0, 0], [6, 9, 9, 5, 0, 0, 0, 0, 0, 0], [6, 9, 9, 5, 0, 0, 0, 0, 0, 0], [0, 3, 1, 0, 0, 0, 0, 0, 0, 0], [0, 0, 0, 0, 5, 4, 9, 0, 0, 0], [0, 0, 0, 0, 5, 0, 5, 5, 5, 0], [0, 0, 0, 9, 5, 5, 5, 0, 4, 0], [0, 0, 0, 4, 0, 5, 5, 5, 9, 0], [0, 0, 0, 5, 5, 5, 0, 5, 0, 0], [0, 0, 0, 0, 0, 9, 4, 5, 0, 0]], "output": [[0, 3, 1, 1], [6, 9, 9, 5], [6, 9, 9, 5], [0, 3, 1, 0]]}, {"input": [[0, 0, 0, 0, 0, 0, 0, 0, 0, 0], [0, 0, 0, 6, 3, 3, 6, 0, 0, 0], [0, 0, 0, 6, 3, 3, 6, 0, 0, 0], [0, 0, 0, 7, 7, 7, 7, 0, 0, 0], [0, 0, 0, 7, 0, 0, 7, 0, 0, 0], [0, 0, 0, 0, 0, 0, 0, 0, 0, 0], [0, 0, 0, 0, 0, 0, 0, 0, 6, 0], [0, 0, 1, 0, 0, 0, 6, 1, 1, 0], [0, 0, 0, 0, 0, 0, 0, 1, 1, 6], [0, 0, 0, 0, 0, 0, 0, 6, 0, 0]], "output": [[0, 0, 6, 0], [6, 1, 1, 0], [0, 1, 1, 6], [0, 6, 0, 0]]}, {"input": [[0, 0, 0, 0, 0, 0, 0, 0, 0, 0], [0, 0, 0, 0, 0, 0, 0, 0, 0, 0], [0, 0, 0, 0, 0, 0, 0, 0, 0, 0], [0, 0, 0, 0, 2, 2, 6, 0, 0, 0], [0, 0, 0, 0, 7, 7, 7, 5, 0, 0], [0, 0, 0, 0, 7, 6, 5, 5, 5, 0], [0, 0, 0, 0, 2, 1, 5, 5, 7, 6], [0, 0, 0, 0, 3, 0, 1, 6, 7, 2], [0, 0, 0, 1, 3, 3, 2, 7, 7, 2], [0, 0, 0, 0, 0, 0, 0, 0, 0, 0]], "output": [[0, 2, 2, 6, 0, 0, 0], [0, 7, 7, 7, 5, 0, 0], [0, 7, 6, 5, 5, 5, 0], [0, 2, 1, 5, 5, 7, 6], [0, 3, 0, 1, 6, 7, 2], [1, 3, 3, 2, 7, 7, 2]]}, {"input": [[0, 0, 0, 0, 0, 0, 0, 0, 0, 0], [0, 0, 0, 0, 0, 0, 0, 0, 0, 0], [0, 0, 0, 8, 6, 6, 8, 0, 0, 0], [0, 0, 0, 8, 6, 6, 8, 0, 0, 0], [0, 0, 0, 8, 6, 6, 8, 0, 0, 0], [0, 0, 0, 0, 7, 7, 0, 0, 0, 0], [0, 0, 0, 0, 0, 0, 0, 0, 0, 0], [0, 0, 0, 1, 0, 0, 0, 0, 0, 0], [0, 0, 0, 0, 0, 0, 0, 0, 0, 0], [0, 0, 0, 0, 0, 0, 0, 0, 0, 0]], "output": [[1]]}, {"input": [[0, 0, 0, 0, 1, 0, 0, 0, 0, 0], [0, 0, 0, 0, 0, 0, 0, 0, 0, 0], [0, 0, 0, 0, 0, 0, 0, 0, 0, 0], [0, 0, 0, 0, 0, 0, 0, 0, 0, 0], [0, 0, 0, 0, 0, 6, 6, 0, 0, 0], [0, 0, 0, 0, 1, 1, 1, 1, 0, 0], [0, 0, 0, 0, 2, 6, 6, 2, 0, 0], [0, 0, 0, 0, 2, 6, 6, 2, 0, 0], [0, 0, 0, 0, 0, 0, 0, 0, 0, 0], [0, 0, 0, 0, 0, 0, 0, 0, 0, 0]], "output": [[0, 6, 6, 0], [1, 1, 1, 1], [2, 6, 6, 2], [2, 6, 6, 2]]}, {"input": [[0, 0, 0, 0, 0, 0, 0, 0, 0, 0], [0, 0, 0, 0, 0, 5, 5, 0, 0, 0], [0, 0, 5, 5, 0, 5, 5, 0, 0, 0], [0, 0, 5, 5, 1, 1, 0, 0, 0, 0], [0, 0, 0, 0, 1, 1, 5, 5, 0, 0], [0, 0, 0, 5, 5, 0, 5, 5, 0, 0], [0, 0, 0, 5, 5, 0, 0, 0, 0, 0], [0, 0, 0, 0, 0, 0, 0, 0, 0, 0], [0, 0, 0, 0, 0, 0, 0, 0, 0, 0], [0, 0, 0, 0, 0, 0, 0, 0, 1, 0]], "output": [[0, 0, 0, 5, 5, 0], [5, 5, 0, 5, 5, 0], [5, 5, 1, 1, 0, 0], [0, 0, 1, 1, 5, 5], [0, 5, 5, 0, 5, 5], [0, 5, 5, 0, 0, 0]]}], "test": [{"input": [[0, 0, 0, 0, 0, 0, 0, 0, 0, 0], [0, 0, 0, 0, 0, 0, 0, 0, 0, 0], [0, 0, 1, 9, 0, 0, 9, 9, 0, 0], [1, 8, 8, 8, 0, 9, 9, 9, 9, 1], [1, 8, 8, 8, 0, 1, 9, 9, 1, 0], [0, 0, 1, 9, 0, 7, 4, 4, 7, 0], [0, 0, 0, 0, 0, 0, 0, 0, 0, 0], [0, 0, 0, 0, 0, 0, 0, 0, 0, 0], [0, 0, 0, 0, 0, 0, 0, 0, 0, 0], [0, 0, 0, 0, 0, 0, 0, 0, 0, 0]], "output": [[0, 9, 9, 0, 0], [9, 9, 9, 9, 1], [1, 9, 9, 1, 0], [7, 4, 4, 7, 0]]}, {"input": [[0, 0, 0, 0, 0, 0, 0, 0, 0, 0], [0, 0, 0, 0, 0, 0, 0, 0, 0, 0], [0, 0, 0, 0, 0, 0, 0, 0, 0, 0], [0, 0, 0, 0, 0, 0, 0, 0, 0, 0], [0, 0, 0, 0, 0, 0, 0, 0, 0, 0], [0, 0, 0, 0, 0, 0, 9, 9, 0, 1], [0, 0, 0, 0, 0, 9, 9, 4, 1, 0], [0, 0, 0, 0, 0, 9, 4, 4, 5, 0], [0, 0, 0, 0, 0, 0, 1, 5, 4, 0], [0, 0, 0, 0, 0, 0, 0, 0, 0, 0]], "output": [[0, 9, 9, 0, 1], [9, 9, 4, 1, 0], [9, 4, 4, 5, 0], [0, 1, 5, 4, 0]]}, {"input": [[0, 0, 0, 0, 0, 0, 0, 0, 0, 0], [0, 0, 0, 0, 0, 0, 0, 0, 0, 0], [0, 0, 0, 0, 3, 0, 1, 3, 0, 0], [0, 0, 0, 0, 1, 6, 6, 0, 0, 0], [0, 0, 0, 0, 1, 6, 6, 1, 0, 0], [0, 0, 0, 0, 3, 1, 0, 3, 0, 0], [0, 0, 0, 0, 0, 0, 0, 0, 0, 0], [0, 0, 0, 0, 0, 0, 0, 0, 0, 0], [0, 0, 0, 0, 0, 0, 0, 0, 0, 0], [0, 0, 0, 0, 0, 0, 0, 0, 0, 0]], "output": [[3, 0, 1, 3], [1, 6, 6, 0], [1, 6, 6, 1], [3, 1, 0, 3]]}]}