{"train": [{"input": [[0, 0, 0, 0, 0, 0, 0, 0], [0, 0, 0, 0, 0, 0, 0, 0], [0, 0, 0, 0, 0, 0, 0, 0], [0, 0, 0, 0, 0, 0, 0, 0], [0, 0, 0, 0, 0, 5, 5, 5], [0, 0, 0, 0, 0, 0, 0, 0], [0, 0, 9, 9, 9, 9, 9, 9], [0, 0, 0, 0, 0, 0, 0, 0]], "output": [[0, 0, 0, 0, 0, 0, 0, 0], [0, 0, 0, 0, 0, 0, 0, 0], [9, 9, 0, 0, 0, 0, 0, 0], [9, 9, 0, 0, 0, 0, 0, 0], [9, 9, 0, 0, 0, 5, 5, 5], [9, 9, 5, 5, 0, 0, 0, 0], [9, 9, 5, 5, 9, 9, 9, 9], [9, 9, 5, 5, 0, 0, 0, 0]]}, {"input": [[0, 0, 0, 0, 0, 0, 0], [0, 0, 0, 0, 0, 0, 4], [0, 0, 0, 0, 0, 0, 0], [0, 0, 0, 0, 0, 0, 0], [0, 0, 0, 0, 0, 0, 0], [0, 0, 0, 0, 0, 0, 0], [0, 0, 0, 0, 0, 0, 0]], "output": [[0, 0, 0, 0, 0, 0, 0], [0, 0, 0, 0, 0, 0, 4], [0, 0, 0, 0, 0, 0, 0], [0, 0, 0, 0, 0, 0, 0], [0, 0, 0, 0, 0, 0, 0], [0, 0, 0, 0, 0, 0, 0], [4, 4, 4, 4, 4, 4, 0]]}, {"input": [[0, 0, 0, 0, 0, 0, 0, 0, 0], [0, 0, 0, 0, 0, 0, 0, 0, 0], [0, 0, 0, 0, 0, 0, 7, 0, 0], [0, 0, 0, 0, 0, 0, 0, 0, 0], [0, 0, 0, 0, 0, 0, 0, 0, 0], [0, 0, 0, 0, 0, 0, 0, 0, 0], [0, 0, 0, 0, 0, 0, 0, 0, 0]], "output": [[0, 0, 0, 0, 0, 0, 0, 0, 0], [0, 0, 0, 0, 0, 0, 0, 0, 0], [0, 0, 0, 0, 0, 0, 7, 0, 0], [0, 0, 0, 0, 0, 0, 0, 0, 0], [0, 0, 0, 0, 0, 0, 0, 0, 0], [0, 0, 0, 0, 0, 0, 0, 0, 0], [7, 7, 7, 7, 7, 0, 0, 0, 0]]}, {"input": [[0, 0, 0, 0, 0, 0, 0, 0, 0], [0, 0, 0, 0, 0, 0, 0, 0, 0], [0, 0, 0, 0, 0, 0, 0, 0, 0], [0, 0, 0, 0, 0, 0, 0, 0, 0], [0, 0, 0, 0, 0, 0, 0, 0, 0], [0, 0, 0, 0, 9, 9, 9, 9, 9], [0, 0, 0, 0, 0, 0, 0, 0, 0], [0, 0, 0, 0, 0, 0, 0, 0, 0], [0, 0, 0, 0, 0, 0, 0, 0, 4]], "output": [[0, 0, 0, 0, 0, 0, 0, 0, 0], [0, 0, 0, 0, 0, 0, 0, 0, 0], [0, 0, 0, 0, 0, 0, 0, 0, 0], [0, 0, 0, 0, 0, 0, 0, 0, 0], [9, 9, 9, 9, 0, 0, 0, 0, 0], [9, 9, 9, 9, 9, 9, 9, 9, 9], [9, 9, 9, 9, 0, 0, 0, 0, 0], [9, 9, 9, 9, 0, 0, 0, 0, 0], [4, 9, 9, 9, 0, 0, 0, 0, 4]]}, {"input": [[0, 0, 0, 0, 0, 0, 0, 0, 0], [0, 0, 0, 0, 0, 0, 0, 0, 0], [0, 0, 0, 0, 0, 0, 0, 0, 0], [0, 0, 0, 0, 0, 0, 0, 0, 0], [0, 0, 0, 0, 0, 0, 0, 0, 0], [0, 0, 0, 0, 0, 0, 9, 9, 0], [0, 0, 0, 0, 0, 0, 0, 0, 0], [0, 0, 0, 0, 0, 0, 0, 0, 0]], "output": [[0, 0, 0, 0, 0, 0, 0, 0, 0], [0, 0, 0, 0, 0, 0, 0, 0, 0], [0, 0, 0, 0, 0, 0, 0, 0, 0], [0, 0, 0, 0, 0, 0, 0, 0, 0], [0, 0, 0, 0, 0, 0, 0, 0, 0], [0, 0, 0, 0, 0, 0, 9, 9, 0], [9, 9, 9, 0, 0, 0, 0, 0, 0], [9, 9, 9, 0, 0, 0, 0, 0, 0]]}, {"input": [[0, 0, 0, 0, 0], [0, 0, 7, 7, 7], [0, 3, 3, 3, 3], [0, 0, 0, 0, 0], [6, 6, 6, 6, 6], [0, 0, 0, 0, 0]], "output": [[6, 6, 0, 0, 0], [6, 6, 3, 3, 7], [6, 6, 3, 3, 7], [6, 6, 3, 3, 7], [6, 6, 3, 3, 7], [0, 0, 0, 0, 0]]}, {"input": [[0, 0, 0, 0, 0], [0, 0, 0, 0, 0], [0, 0, 0, 0, 0], [4, 6, 6, 6, 6], [0, 0, 0, 7, 7], [0, 0, 0, 0, 0]], "output": [[4, 4, 4, 0, 0], [6, 6, 6, 0, 0], [6, 6, 6, 0, 0], [7, 7, 6, 6, 6], [7, 7, 6, 7, 7], [0, 0, 0, 0, 0]]}, {"input": [[0, 3, 3, 3, 3], [0, 0, 0, 0, 0], [0, 0, 0, 0, 2], [0, 0, 0, 0, 0], [0, 0, 0, 0, 9]], "output": [[0, 3, 3, 3, 3], [3, 3, 3, 3, 3], [3, 3, 3, 3, 3], [3, 3, 3, 3, 3], [9, 2, 2, 3, 3]]}, {"input": [[0, 0, 0, 0, 0, 0, 0], [0, 0, 0, 0, 0, 0, 0], [0, 0, 0, 0, 0, 0, 0], [0, 0, 8, 8, 8, 8, 8], [0, 0, 0, 0, 0, 0, 0], [0, 0, 0, 0, 9, 9, 9], [0, 0, 0, 0, 0, 0, 0], [0, 0, 0, 0, 0, 0, 0]], "output": [[0, 0, 0, 0, 0, 0, 0], [0, 0, 0, 0, 0, 0, 0], [8, 8, 8, 8, 8, 0, 0], [8, 8, 8, 8, 8, 8, 8], [9, 9, 9, 8, 8, 0, 0], [9, 9, 9, 8, 8, 9, 9], [9, 9, 9, 8, 8, 0, 0], [0, 0, 0, 0, 0, 0, 0]]}, {"input": [[0, 9, 9, 9, 9, 9], [0, 0, 0, 0, 0, 0], [0, 0, 0, 0, 0, 0], [0, 0, 0, 0, 0, 0], [0, 0, 0, 0, 0, 0], [0, 0, 0, 0, 0, 0], [0, 0, 0, 0, 0, 0], [0, 0, 0, 0, 0, 0], [0, 0, 0, 0, 0, 0]], "output": [[0, 9, 9, 9, 9, 9], [9, 9, 9, 9, 9, 9], [9, 9, 9, 9, 9, 9], [9, 9, 9, 9, 9, 9], [9, 9, 9, 9, 9, 9], [9, 9, 9, 9, 9, 9], [0, 0, 0, 0, 0, 0], [0, 0, 0, 0, 0, 0], [0, 0, 0, 0, 0, 0]]}, {"input": [[0, 0, 0, 0, 0, 0, 0, 0], [0, 0, 0, 0, 0, 0, 0, 0], [0, 0, 0, 0, 0, 0, 0, 0], [0, 0, 9, 9, 9, 9, 0, 0], [0, 0, 0, 0, 0, 0, 0, 0], [0, 0, 0, 0, 0, 0, 0, 0]], "output": [[0, 0, 0, 0, 0, 0, 0, 0], [0, 0, 0, 0, 0, 0, 0, 0], [9, 9, 9, 0, 0, 0, 0, 0], [9, 9, 9, 9, 9, 9, 0, 0], [9, 9, 9, 0, 0, 0, 0, 0], [9, 9, 9, 0, 0, 0, 0, 0]]}, {"input": [[0, 0, 0, 0, 0, 0], [0, 0, 0, 0, 0, 0], [0, 7, 7, 7, 7, 7], [0, 0, 0, 0, 0, 0], [0, 0, 0, 5, 5, 5], [0, 0, 0, 0, 0, 0]], "output": [[0, 0, 0, 0, 0, 0], [7, 7, 7, 7, 0, 0], [7, 7, 7, 7, 7, 7], [5, 5, 7, 7, 0, 0], [5, 5, 7, 7, 5, 5], [5, 5, 7, 7, 0, 0]]}, {"input": [[0, 6, 2, 2, 2, 0, 0], [0, 0, 0, 0, 0, 0, 0], [0, 0, 0, 0, 9, 0, 0], [0, 0, 0, 0, 0, 0, 0], [0, 0, 0, 0, 0, 0, 0]], "output": [[0, 6, 2, 2, 2, 0, 0], [6, 6, 6, 6, 6, 0, 0], [2, 2, 2, 2, 2, 0, 0], [2, 2, 2, 2, 2, 0, 0], [9, 9, 9, 2, 2, 0, 0]]}, {"input": [[0, 0, 0, 0, 0, 0], [0, 0, 0, 0, 0, 0], [0, 0, 0, 0, 0, 0], [2, 2, 2, 2, 2, 2], [0, 0, 0, 0, 6, 6], [0, 0, 1, 1, 1, 1]], "output": [[2, 2, 2, 0, 0, 0], [2, 2, 2, 0, 0, 0], [1, 2, 2, 0, 0, 0], [1, 2, 2, 2, 2, 2], [1, 6, 2, 0, 6, 6], [1, 6, 2, 1, 1, 1]]}, {"input": [[0, 0, 0, 0, 0, 0], [0, 0, 0, 0, 0, 0], [0, 0, 0, 0, 0, 0], [0, 7, 7, 7, 7, 7], [0, 0, 0, 0, 0, 0], [0, 0, 0, 0, 0, 0], [0, 0, 0, 0, 0, 0], [0, 0, 0, 0, 0, 0], [0, 0, 0, 0, 0, 0]], "output": [[0, 0, 0, 0, 0, 0], [7, 7, 7, 7, 7, 7], [7, 7, 7, 7, 7, 7], [7, 7, 7, 7, 7, 7], [7, 7, 7, 7, 7, 7], [7, 7, 7, 7, 7, 7], [0, 0, 0, 0, 0, 0], [0, 0, 0, 0, 0, 0], [0, 0, 0, 0, 0, 0]]}, {"input": [[0, 0, 0, 0, 0, 0, 0], [0, 0, 0, 0, 0, 0, 0], [0, 0, 0, 0, 0, 0, 0], [0, 0, 0, 0, 3, 0, 0], [0, 0, 2, 2, 2, 0, 0]], "output": [[0, 0, 0, 0, 0, 0, 0], [0, 0, 0, 0, 0, 0, 0], [2, 0, 0, 0, 0, 0, 0], [2, 0, 0, 0, 3, 0, 0], [2, 3, 2, 2, 2, 0, 0]]}, {"input": [[0, 0, 0, 0, 0], [0, 0, 0, 5, 5], [2, 2, 2, 2, 2], [0, 0, 0, 0, 0], [0, 0, 0, 0, 0], [0, 0, 0, 0, 0]], "output": [[2, 2, 2, 2, 0], [2, 2, 2, 2, 5], [2, 2, 2, 2, 2], [2, 2, 2, 2, 5], [2, 2, 2, 2, 5], [0, 0, 0, 0, 0]]}, {"input": [[0, 0, 0, 0, 0, 0, 0, 0], [0, 0, 2, 2, 2, 2, 2, 2], [0, 0, 0, 0, 0, 0, 0, 0], [0, 0, 0, 0, 0, 0, 0, 0], [0, 0, 0, 0, 0, 0, 0, 0], [0, 0, 0, 0, 3, 3, 3, 3], [0, 0, 0, 0, 0, 0, 0, 0], [0, 0, 0, 0, 0, 0, 0, 0]], "output": [[0, 0, 0, 0, 0, 0, 0, 0], [0, 0, 2, 2, 2, 2, 2, 2], [2, 2, 2, 2, 2, 2, 2, 0], [2, 2, 2, 2, 2, 2, 2, 0], [3, 3, 3, 2, 2, 2, 2, 0], [3, 3, 3, 2, 2, 2, 2, 3], [3, 3, 3, 2, 2, 2, 2, 0], [3, 3, 3, 2, 2, 2, 2, 0]]}, {"input": [[0, 4, 4, 4, 4, 4, 4], [0, 0, 0, 0, 0, 0, 0], [0, 0, 0, 0, 0, 0, 6], [0, 0, 0, 0, 0, 0, 0], [0, 0, 0, 0, 0, 0, 0], [0, 0, 0, 0, 0, 0, 0], [1, 1, 1, 1, 1, 1, 1]], "output": [[1, 4, 4, 4, 4, 4, 4], [1, 4, 4, 4, 4, 4, 4], [1, 4, 4, 4, 4, 4, 4], [1, 4, 4, 4, 4, 4, 4], [1, 4, 4, 4, 4, 4, 4], [1, 4, 4, 4, 4, 4, 4], [1, 6, 6, 6, 6, 4, 4]]}, {"input": [[0, 0, 0, 0, 0], [0, 0, 0, 0, 0], [0, 0, 0, 6, 6], [0, 0, 0, 0, 0], [0, 0, 0, 0, 0], [0, 0, 0, 0, 0]], "output": [[0, 0, 0, 0, 0], [0, 0, 0, 0, 0], [0, 0, 0, 6, 6], [6, 6, 6, 6, 0], [6, 6, 6, 6, 0], [0, 0, 0, 0, 0]]}, {"input": [[0, 0, 0, 0, 7, 7, 7], [0, 0, 0, 0, 0, 0, 0], [0, 0, 0, 0, 0, 0, 0], [0, 0, 0, 0, 0, 0, 0], [0, 0, 0, 0, 0, 0, 0], [0, 0, 0, 0, 0, 0, 0], [0, 0, 0, 0, 0, 0, 0]], "output": [[0, 0, 0, 0, 7, 7, 7], [0, 0, 0, 0, 0, 0, 0], [0, 0, 0, 0, 0, 0, 0], [0, 0, 0, 0, 0, 0, 0], [7, 7, 7, 7, 7, 7, 7], [7, 7, 7, 7, 7, 7, 7], [7, 7, 7, 7, 7, 7, 7]]}, {"input": [[0, 0, 0, 0, 0, 0, 0, 0, 0], [2, 2, 2, 2, 2, 2, 2, 2, 0], [0, 0, 0, 0, 0, 0, 0, 0, 0], [0, 0, 0, 0, 0, 0, 0, 0, 0], [0, 0, 0, 0, 0, 0, 0, 0, 0], [0, 0, 0, 0, 0, 0, 0, 0, 0], [0, 0, 0, 0, 0, 0, 0, 0, 0], [0, 0, 0, 0, 0, 0, 0, 0, 0]], "output": [[2, 2, 2, 2, 2, 2, 2, 0, 0], [2, 2, 2, 2, 2, 2, 2, 2, 0], [2, 2, 2, 2, 2, 2, 2, 0, 0], [2, 2, 2, 2, 2, 2, 2, 0, 0], [2, 2, 2, 2, 2, 2, 2, 0, 0], [2, 2, 2, 2, 2, 2, 2, 0, 0], [2, 2, 2, 2, 2, 2, 2, 0, 0], [2, 2, 2, 2, 2, 2, 2, 0, 0]]}, {"input": [[0, 0, 0, 0, 0, 0, 0, 0, 0], [0, 0, 0, 0, 0, 0, 0, 0, 0], [0, 0, 0, 0, 0, 0, 0, 0, 0], [0, 0, 0, 0, 0, 0, 0, 0, 0], [0, 0, 0, 0, 0, 0, 0, 0, 0], [0, 0, 1, 1, 1, 1, 1, 1, 1], [0, 0, 0, 0, 0, 0, 0, 0, 0], [0, 0, 0, 0, 0, 0, 0, 0, 0], [0, 0, 0, 0, 6, 6, 6, 6, 6]], "output": [[0, 0, 0, 0, 0, 0, 0, 0, 0], [0, 0, 0, 0, 0, 0, 0, 0, 0], [1, 1, 1, 1, 0, 0, 0, 0, 0], [1, 1, 1, 1, 0, 0, 0, 0, 0], [6, 1, 1, 1, 0, 0, 0, 0, 0], [6, 1, 1, 1, 1, 1, 1, 1, 1], [6, 1, 1, 1, 0, 0, 0, 0, 0], [6, 1, 1, 1, 0, 0, 0, 0, 0], [6, 1, 1, 1, 6, 6, 6, 6, 6]]}, {"input": [[0, 0, 0, 0, 0], [0, 7, 7, 7, 7], [0, 0, 0, 0, 0], [0, 2, 2, 2, 2], [0, 0, 0, 0, 0], [0, 0, 0, 0, 0]], "output": [[0, 0, 0, 0, 0], [2, 2, 2, 7, 7], [2, 2, 2, 7, 7], [2, 2, 2, 7, 7], [2, 2, 2, 7, 7], [0, 0, 0, 0, 0]]}, {"input": [[0, 0, 0, 0, 0, 0, 0, 0], [0, 0, 0, 0, 0, 0, 0, 0], [0, 0, 0, 0, 0, 0, 0, 0], [0, 0, 0, 0, 0, 0, 0, 0], [0, 0, 8, 8, 8, 8, 8, 0], [0, 0, 0, 0, 0, 0, 0, 0], [0, 0, 0, 0, 0, 0, 0, 0]], "output": [[0, 0, 0, 0, 0, 0, 0, 0], [0, 0, 0, 0, 0, 0, 0, 0], [8, 8, 8, 0, 0, 0, 0, 0], [8, 8, 8, 0, 0, 0, 0, 0], [8, 8, 8, 8, 8, 8, 8, 0], [8, 8, 8, 0, 0, 0, 0, 0], [8, 8, 8, 0, 0, 0, 0, 0]]}], "test": [{"input": [[0, 0, 0, 0, 0], [0, 0, 0, 0, 0], [0, 0, 0, 0, 0], [0, 0, 0, 0, 0], [0, 0, 9, 9, 9], [0, 0, 0, 0, 0], [0, 0, 0, 0, 0]], "output": [[0, 0, 0, 0, 0], [0, 0, 0, 0, 0], [9, 9, 9, 0, 0], [9, 9, 9, 0, 0], [9, 9, 9, 9, 9], [0, 0, 0, 0, 0], [0, 0, 0, 0, 0]]}, {"input": [[0, 0, 0, 0, 0, 0, 0], [0, 0, 7, 7, 7, 7, 7], [0, 0, 0, 0, 0, 0, 0], [0, 0, 0, 0, 0, 0, 0], [0, 0, 0, 0, 0, 0, 0], [0, 0, 0, 0, 0, 0, 0], [0, 0, 0, 0, 0, 0, 8]], "output": [[0, 0, 0, 0, 0, 0, 0], [0, 0, 7, 7, 7, 7, 7], [7, 7, 7, 7, 7, 7, 0], [7, 7, 7, 7, 7, 7, 0], [7, 7, 7, 7, 7, 7, 0], [7, 7, 7, 7, 7, 7, 0], [8, 7, 7, 7, 7, 7, 8]]}, {"input": [[0, 0, 0, 0, 0, 0], [0, 0, 3, 3, 3, 3], [0, 0, 0, 0, 0, 0], [0, 0, 0, 0, 0, 0], [1, 1, 1, 1, 1, 1], [0, 0, 7, 7, 7, 7], [0, 0, 0, 0, 0, 0], [0, 0, 0, 0, 0, 0]], "output": [[1, 1, 1, 1, 0, 0], [1, 1, 1, 1, 3, 3], [7, 7, 7, 1, 3, 3], [7, 7, 7, 1, 3, 3], [7, 7, 7, 1, 3, 3], [7, 7, 7, 1, 3, 3], [0, 0, 0, 0, 0, 0], [0, 0, 0, 0, 0, 0]]}]}