{"train": [{"input": [[6, 4, 6, 9, 8, 5, 6, 0, 0, 0, 0, 0, 0, 0], [6, 4, 6, 9, 8, 5, 6, 0, 0, 0, 0, 0, 0, 0], [6, 4, 6, 9, 8, 5, 6, 0, 0, 0, 0, 0, 0, 0], [6, 4, 6, 9, 8, 5, 6, 0, 0, 0, 0, 0, 0, 0], [6, 4, 6, 9, 8, 5, 6, 0, 0, 0, 0, 0, 0, 0], [6, 4, 6, 9, 8, 5, 6, 0, 0, 0, 0, 0, 0, 0], [6, 4, 6, 9, 8, 5, 6, 0, 0, 0, 0, 0, 0, 0], [6, 4, 6, 9, 8, 5, 6, 0, 0, 0, 0, 0, 0, 0]], "output": [[6, 4, 6, 9, 8, 5, 6, 6, 5, 8, 9, 6, 4, 6], [6, 4, 6, 9, 8, 5, 6, 6, 5, 8, 9, 6, 4, 6], [6, 4, 6, 9, 8, 5, 6, 6, 5, 8, 9, 6, 4, 6], [6, 4, 6, 9, 8, 5, 6, 6, 5, 8, 9, 6, 4, 6], [6, 4, 6, 9, 8, 5, 6, 6, 5, 8, 9, 6, 4, 6], [6, 4, 6, 9, 8, 5, 6, 6, 5, 8, 9, 6, 4, 6], [6, 4, 6, 9, 8, 5, 6, 6, 5, 8, 9, 6, 4, 6], [6, 4, 6, 9, 8, 5, 6, 6, 5, 8, 9, 6, 4, 6]]}, {"input": [[4, 1, 2, 3, 6, 1, 5, 0, 0, 0, 0, 0, 0, 0, 0, 0, 0, 0], [4, 1, 2, 3, 6, 1, 5, 0, 0, 0, 0, 0, 0, 0, 0, 0, 0, 0], [4, 1, 2, 3, 6, 1, 5, 0, 0, 0, 0, 0, 0, 0, 0, 0, 0, 0], [4, 1, 2, 3, 6, 1, 5, 0, 0, 0, 0, 0, 0, 0, 0, 0, 0, 0], [4, 1, 2, 3, 6, 1, 5, 0, 0, 0, 0, 0, 0, 0, 0, 0, 0, 0]], "output": [[4, 1, 2, 3, 6, 1, 5, 0, 0, 0, 0, 5, 1, 6, 3, 2, 1, 4], [4, 1, 2, 3, 6, 1, 5, 0, 0, 0, 0, 5, 1, 6, 3, 2, 1, 4], [4, 1, 2, 3, 6, 1, 5, 0, 0, 0, 0, 5, 1, 6, 3, 2, 1, 4], [4, 1, 2, 3, 6, 1, 5, 0, 0, 0, 0, 5, 1, 6, 3, 2, 1, 4], [4, 1, 2, 3, 6, 1, 5, 0, 0, 0, 0, 5, 1, 6, 3, 2, 1, 4]]}, {"input": [[4, 0, 0, 0, 0, 0, 0, 0, 0, 0, 0, 0, 0, 0, 0, 0], [4, 0, 0, 0, 0, 0, 0, 0, 0, 0, 0, 0, 0, 0, 0, 0], [4, 0, 0, 0, 0, 0, 0, 0, 0, 0, 0, 0, 0, 0, 0, 0], [4, 0, 0, 0, 0, 0, 0, 0, 0, 0, 0, 0, 0, 0, 0, 0], [4, 0, 0, 0, 0, 0, 0, 0, 0, 0, 0, 0, 0, 0, 0, 0]], "output": [[4, 0, 0, 0, 0, 0, 0, 0, 0, 0, 0, 0, 0, 0, 0, 4], [4, 0, 0, 0, 0, 0, 0, 0, 0, 0, 0, 0, 0, 0, 0, 4], [4, 0, 0, 0, 0, 0, 0, 0, 0, 0, 0, 0, 0, 0, 0, 4], [4, 0, 0, 0, 0, 0, 0, 0, 0, 0, 0, 0, 0, 0, 0, 4], [4, 0, 0, 0, 0, 0, 0, 0, 0, 0, 0, 0, 0, 0, 0, 4]]}, {"input": [[6, 5, 3, 6, 9, 5, 0, 0, 0, 0, 0, 0, 0, 0, 0, 0], [6, 5, 3, 6, 9, 5, 0, 0, 0, 0, 0, 0, 0, 0, 0, 0], [6, 5, 3, 6, 9, 5, 0, 0, 0, 0, 0, 0, 0, 0, 0, 0], [6, 5, 3, 6, 9, 5, 0, 0, 0, 0, 0, 0, 0, 0, 0, 0], [6, 5, 3, 6, 9, 5, 0, 0, 0, 0, 0, 0, 0, 0, 0, 0], [6, 5, 3, 6, 9, 5, 0, 0, 0, 0, 0, 0, 0, 0, 0, 0], [6, 5, 3, 6, 9, 5, 0, 0, 0, 0, 0, 0, 0, 0, 0, 0]], "output": [[6, 5, 3, 6, 9, 5, 0, 0, 0, 0, 5, 9, 6, 3, 5, 6], [6, 5, 3, 6, 9, 5, 0, 0, 0, 0, 5, 9, 6, 3, 5, 6], [6, 5, 3, 6, 9, 5, 0, 0, 0, 0, 5, 9, 6, 3, 5, 6], [6, 5, 3, 6, 9, 5, 0, 0, 0, 0, 5, 9, 6, 3, 5, 6], [6, 5, 3, 6, 9, 5, 0, 0, 0, 0, 5, 9, 6, 3, 5, 6], [6, 5, 3, 6, 9, 5, 0, 0, 0, 0, 5, 9, 6, 3, 5, 6], [6, 5, 3, 6, 9, 5, 0, 0, 0, 0, 5, 9, 6, 3, 5, 6]]}, {"input": [[4, 5, 8, 1, 3, 8, 8, 2, 0, 0, 0, 0, 0, 0, 0, 0], [4, 5, 8, 1, 3, 8, 8, 2, 0, 0, 0, 0, 0, 0, 0, 0], [4, 5, 8, 1, 3, 8, 8, 2, 0, 0, 0, 0, 0, 0, 0, 0], [4, 5, 8, 1, 3, 8, 8, 2, 0, 0, 0, 0, 0, 0, 0, 0], [4, 5, 8, 1, 3, 8, 8, 2, 0, 0, 0, 0, 0, 0, 0, 0], [4, 5, 8, 1, 3, 8, 8, 2, 0, 0, 0, 0, 0, 0, 0, 0]], "output": [[4, 5, 8, 1, 3, 8, 8, 2, 2, 8, 8, 3, 1, 8, 5, 4], [4, 5, 8, 1, 3, 8, 8, 2, 2, 8, 8, 3, 1, 8, 5, 4], [4, 5, 8, 1, 3, 8, 8, 2, 2, 8, 8, 3, 1, 8, 5, 4], [4, 5, 8, 1, 3, 8, 8, 2, 2, 8, 8, 3, 1, 8, 5, 4], [4, 5, 8, 1, 3, 8, 8, 2, 2, 8, 8, 3, 1, 8, 5, 4], [4, 5, 8, 1, 3, 8, 8, 2, 2, 8, 8, 3, 1, 8, 5, 4]]}, {"input": [[4, 0, 0, 0, 0, 0, 0, 0, 0, 0], [4, 0, 0, 0, 0, 0, 0, 0, 0, 0], [4, 0, 0, 0, 0, 0, 0, 0, 0, 0], [4, 0, 0, 0, 0, 0, 0, 0, 0, 0], [4, 0, 0, 0, 0, 0, 0, 0, 0, 0], [4, 0, 0, 0, 0, 0, 0, 0, 0, 0], [4, 0, 0, 0, 0, 0, 0, 0, 0, 0], [4, 0, 0, 0, 0, 0, 0, 0, 0, 0], [4, 0, 0, 0, 0, 0, 0, 0, 0, 0]], "output": [[4, 0, 0, 0, 0, 0, 0, 0, 0, 4], [4, 0, 0, 0, 0, 0, 0, 0, 0, 4], [4, 0, 0, 0, 0, 0, 0, 0, 0, 4], [4, 0, 0, 0, 0, 0, 0, 0, 0, 4], [4, 0, 0, 0, 0, 0, 0, 0, 0, 4], [4, 0, 0, 0, 0, 0, 0, 0, 0, 4], [4, 0, 0, 0, 0, 0, 0, 0, 0, 4], [4, 0, 0, 0, 0, 0, 0, 0, 0, 4], [4, 0, 0, 0, 0, 0, 0, 0, 0, 4]]}, {"input": [[1, 1, 3, 0, 0, 0, 0, 0], [1, 1, 3, 0, 0, 0, 0, 0], [1, 1, 3, 0, 0, 0, 0, 0], [1, 1, 3, 0, 0, 0, 0, 0]], "output": [[1, 1, 3, 0, 0, 3, 1, 1], [1, 1, 3, 0, 0, 3, 1, 1], [1, 1, 3, 0, 0, 3, 1, 1], [1, 1, 3, 0, 0, 3, 1, 1]]}, {"input": [[8, 5, 4, 6, 0, 0, 0, 0], [8, 5, 4, 6, 0, 0, 0, 0], [8, 5, 4, 6, 0, 0, 0, 0]], "output": [[8, 5, 4, 6, 6, 4, 5, 8], [8, 5, 4, 6, 6, 4, 5, 8], [8, 5, 4, 6, 6, 4, 5, 8]]}, {"input": [[6, 9, 6, 0, 0, 0, 0, 0, 0, 0, 0, 0, 0, 0], [6, 9, 6, 0, 0, 0, 0, 0, 0, 0, 0, 0, 0, 0], [6, 9, 6, 0, 0, 0, 0, 0, 0, 0, 0, 0, 0, 0], [6, 9, 6, 0, 0, 0, 0, 0, 0, 0, 0, 0, 0, 0], [6, 9, 6, 0, 0, 0, 0, 0, 0, 0, 0, 0, 0, 0], [6, 9, 6, 0, 0, 0, 0, 0, 0, 0, 0, 0, 0, 0], [6, 9, 6, 0, 0, 0, 0, 0, 0, 0, 0, 0, 0, 0], [6, 9, 6, 0, 0, 0, 0, 0, 0, 0, 0, 0, 0, 0]], "output": [[6, 9, 6, 0, 0, 0, 0, 0, 0, 0, 0, 6, 9, 6], [6, 9, 6, 0, 0, 0, 0, 0, 0, 0, 0, 6, 9, 6], [6, 9, 6, 0, 0, 0, 0, 0, 0, 0, 0, 6, 9, 6], [6, 9, 6, 0, 0, 0, 0, 0, 0, 0, 0, 6, 9, 6], [6, 9, 6, 0, 0, 0, 0, 0, 0, 0, 0, 6, 9, 6], [6, 9, 6, 0, 0, 0, 0, 0, 0, 0, 0, 6, 9, 6], [6, 9, 6, 0, 0, 0, 0, 0, 0, 0, 0, 6, 9, 6], [6, 9, 6, 0, 0, 0, 0, 0, 0, 0, 0, 6, 9, 6]]}, {"input": [[8, 6, 0, 0, 0, 0, 0, 0, 0, 0], [8, 6, 0, 0, 0, 0, 0, 0, 0, 0], [8, 6, 0, 0, 0, 0, 0, 0, 0, 0], [8, 6, 0, 0, 0, 0, 0, 0, 0, 0], [8, 6, 0, 0, 0, 0, 0, 0, 0, 0], [8, 6, 0, 0, 0, 0, 0, 0, 0, 0], [8, 6, 0, 0, 0, 0, 0, 0, 0, 0]], "output": [[8, 6, 0, 0, 0, 0, 0, 0, 6, 8], [8, 6, 0, 0, 0, 0, 0, 0, 6, 8], [8, 6, 0, 0, 0, 0, 0, 0, 6, 8], [8, 6, 0, 0, 0, 0, 0, 0, 6, 8], [8, 6, 0, 0, 0, 0, 0, 0, 6, 8], [8, 6, 0, 0, 0, 0, 0, 0, 6, 8], [8, 6, 0, 0, 0, 0, 0, 0, 6, 8]]}, {"input": [[5, 5, 0, 0, 0, 0, 0, 0, 0, 0, 0, 0, 0, 0, 0, 0, 0, 0], [5, 5, 0, 0, 0, 0, 0, 0, 0, 0, 0, 0, 0, 0, 0, 0, 0, 0], [5, 5, 0, 0, 0, 0, 0, 0, 0, 0, 0, 0, 0, 0, 0, 0, 0, 0], [5, 5, 0, 0, 0, 0, 0, 0, 0, 0, 0, 0, 0, 0, 0, 0, 0, 0]], "output": [[5, 5, 0, 0, 0, 0, 0, 0, 0, 0, 0, 0, 0, 0, 0, 0, 5, 5], [5, 5, 0, 0, 0, 0, 0, 0, 0, 0, 0, 0, 0, 0, 0, 0, 5, 5], [5, 5, 0, 0, 0, 0, 0, 0, 0, 0, 0, 0, 0, 0, 0, 0, 5, 5], [5, 5, 0, 0, 0, 0, 0, 0, 0, 0, 0, 0, 0, 0, 0, 0, 5, 5]]}, {"input": [[8, 1, 2, 9, 0, 0, 0, 0, 0, 0], [8, 1, 2, 9, 0, 0, 0, 0, 0, 0], [8, 1, 2, 9, 0, 0, 0, 0, 0, 0], [8, 1, 2, 9, 0, 0, 0, 0, 0, 0]], "output": [[8, 1, 2, 9, 0, 0, 9, 2, 1, 8], [8, 1, 2, 9, 0, 0, 9, 2, 1, 8], [8, 1, 2, 9, 0, 0, 9, 2, 1, 8], [8, 1, 2, 9, 0, 0, 9, 2, 1, 8]]}, {"input": [[4, 5, 1, 0, 0, 0, 0, 0, 0, 0, 0, 0], [4, 5, 1, 0, 0, 0, 0, 0, 0, 0, 0, 0], [4, 5, 1, 0, 0, 0, 0, 0, 0, 0, 0, 0]], "output": [[4, 5, 1, 0, 0, 0, 0, 0, 0, 1, 5, 4], [4, 5, 1, 0, 0, 0, 0, 0, 0, 1, 5, 4], [4, 5, 1, 0, 0, 0, 0, 0, 0, 1, 5, 4]]}, {"input": [[5, 4, 8, 3, 0, 0, 0, 0, 0, 0], [5, 4, 8, 3, 0, 0, 0, 0, 0, 0], [5, 4, 8, 3, 0, 0, 0, 0, 0, 0], [5, 4, 8, 3, 0, 0, 0, 0, 0, 0]], "output": [[5, 4, 8, 3, 0, 0, 3, 8, 4, 5], [5, 4, 8, 3, 0, 0, 3, 8, 4, 5], [5, 4, 8, 3, 0, 0, 3, 8, 4, 5], [5, 4, 8, 3, 0, 0, 3, 8, 4, 5]]}, {"input": [[9, 5, 8, 8, 0, 0, 0, 0, 0, 0], [9, 5, 8, 8, 0, 0, 0, 0, 0, 0], [9, 5, 8, 8, 0, 0, 0, 0, 0, 0], [9, 5, 8, 8, 0, 0, 0, 0, 0, 0], [9, 5, 8, 8, 0, 0, 0, 0, 0, 0], [9, 5, 8, 8, 0, 0, 0, 0, 0, 0], [9, 5, 8, 8, 0, 0, 0, 0, 0, 0]], "output": [[9, 5, 8, 8, 0, 0, 8, 8, 5, 9], [9, 5, 8, 8, 0, 0, 8, 8, 5, 9], [9, 5, 8, 8, 0, 0, 8, 8, 5, 9], [9, 5, 8, 8, 0, 0, 8, 8, 5, 9], [9, 5, 8, 8, 0, 0, 8, 8, 5, 9], [9, 5, 8, 8, 0, 0, 8, 8, 5, 9], [9, 5, 8, 8, 0, 0, 8, 8, 5, 9]]}, {"input": [[1, 0, 0, 0, 0, 0, 0, 0, 0, 0], [1, 0, 0, 0, 0, 0, 0, 0, 0, 0], [1, 0, 0, 0, 0, 0, 0, 0, 0, 0], [1, 0, 0, 0, 0, 0, 0, 0, 0, 0], [1, 0, 0, 0, 0, 0, 0, 0, 0, 0], [1, 0, 0, 0, 0, 0, 0, 0, 0, 0], [1, 0, 0, 0, 0, 0, 0, 0, 0, 0]], "output": [[1, 0, 0, 0, 0, 0, 0, 0, 0, 1], [1, 0, 0, 0, 0, 0, 0, 0, 0, 1], [1, 0, 0, 0, 0, 0, 0, 0, 0, 1], [1, 0, 0, 0, 0, 0, 0, 0, 0, 1], [1, 0, 0, 0, 0, 0, 0, 0, 0, 1], [1, 0, 0, 0, 0, 0, 0, 0, 0, 1], [1, 0, 0, 0, 0, 0, 0, 0, 0, 1]]}, {"input": [[5, 1, 4, 6, 9, 0, 0, 0, 0, 0, 0, 0], [5, 1, 4, 6, 9, 0, 0, 0, 0, 0, 0, 0], [5, 1, 4, 6, 9, 0, 0, 0, 0, 0, 0, 0]], "output": [[5, 1, 4, 6, 9, 0, 0, 9, 6, 4, 1, 5], [5, 1, 4, 6, 9, 0, 0, 9, 6, 4, 1, 5], [5, 1, 4, 6, 9, 0, 0, 9, 6, 4, 1, 5]]}, {"input": [[7, 1, 9, 0, 0, 0, 0, 0], [7, 1, 9, 0, 0, 0, 0, 0], [7, 1, 9, 0, 0, 0, 0, 0], [7, 1, 9, 0, 0, 0, 0, 0]], "output": [[7, 1, 9, 0, 0, 9, 1, 7], [7, 1, 9, 0, 0, 9, 1, 7], [7, 1, 9, 0, 0, 9, 1, 7], [7, 1, 9, 0, 0, 9, 1, 7]]}, {"input": [[4, 6, 7, 7, 0, 0, 0, 0, 0, 0, 0, 0, 0, 0, 0, 0, 0, 0], [4, 6, 7, 7, 0, 0, 0, 0, 0, 0, 0, 0, 0, 0, 0, 0, 0, 0], [4, 6, 7, 7, 0, 0, 0, 0, 0, 0, 0, 0, 0, 0, 0, 0, 0, 0], [4, 6, 7, 7, 0, 0, 0, 0, 0, 0, 0, 0, 0, 0, 0, 0, 0, 0], [4, 6, 7, 7, 0, 0, 0, 0, 0, 0, 0, 0, 0, 0, 0, 0, 0, 0], [4, 6, 7, 7, 0, 0, 0, 0, 0, 0, 0, 0, 0, 0, 0, 0, 0, 0], [4, 6, 7, 7, 0, 0, 0, 0, 0, 0, 0, 0, 0, 0, 0, 0, 0, 0], [4, 6, 7, 7, 0, 0, 0, 0, 0, 0, 0, 0, 0, 0, 0, 0, 0, 0]], "output": [[4, 6, 7, 7, 0, 0, 0, 0, 0, 0, 0, 0, 0, 0, 7, 7, 6, 4], [4, 6, 7, 7, 0, 0, 0, 0, 0, 0, 0, 0, 0, 0, 7, 7, 6, 4], [4, 6, 7, 7, 0, 0, 0, 0, 0, 0, 0, 0, 0, 0, 7, 7, 6, 4], [4, 6, 7, 7, 0, 0, 0, 0, 0, 0, 0, 0, 0, 0, 7, 7, 6, 4], [4, 6, 7, 7, 0, 0, 0, 0, 0, 0, 0, 0, 0, 0, 7, 7, 6, 4], [4, 6, 7, 7, 0, 0, 0, 0, 0, 0, 0, 0, 0, 0, 7, 7, 6, 4], [4, 6, 7, 7, 0, 0, 0, 0, 0, 0, 0, 0, 0, 0, 7, 7, 6, 4], [4, 6, 7, 7, 0, 0, 0, 0, 0, 0, 0, 0, 0, 0, 7, 7, 6, 4]]}, {"input": [[5, 7, 6, 6, 9, 0, 0, 0, 0, 0, 0, 0], [5, 7, 6, 6, 9, 0, 0, 0, 0, 0, 0, 0], [5, 7, 6, 6, 9, 0, 0, 0, 0, 0, 0, 0], [5, 7, 6, 6, 9, 0, 0, 0, 0, 0, 0, 0], [5, 7, 6, 6, 9, 0, 0, 0, 0, 0, 0, 0]], "output": [[5, 7, 6, 6, 9, 0, 0, 9, 6, 6, 7, 5], [5, 7, 6, 6, 9, 0, 0, 9, 6, 6, 7, 5], [5, 7, 6, 6, 9, 0, 0, 9, 6, 6, 7, 5], [5, 7, 6, 6, 9, 0, 0, 9, 6, 6, 7, 5], [5, 7, 6, 6, 9, 0, 0, 9, 6, 6, 7, 5]]}, {"input": [[2, 9, 9, 1, 4, 4, 7, 0, 0, 0, 0, 0, 0, 0, 0, 0, 0, 0], [2, 9, 9, 1, 4, 4, 7, 0, 0, 0, 0, 0, 0, 0, 0, 0, 0, 0], [2, 9, 9, 1, 4, 4, 7, 0, 0, 0, 0, 0, 0, 0, 0, 0, 0, 0], [2, 9, 9, 1, 4, 4, 7, 0, 0, 0, 0, 0, 0, 0, 0, 0, 0, 0], [2, 9, 9, 1, 4, 4, 7, 0, 0, 0, 0, 0, 0, 0, 0, 0, 0, 0], [2, 9, 9, 1, 4, 4, 7, 0, 0, 0, 0, 0, 0, 0, 0, 0, 0, 0], [2, 9, 9, 1, 4, 4, 7, 0, 0, 0, 0, 0, 0, 0, 0, 0, 0, 0], [2, 9, 9, 1, 4, 4, 7, 0, 0, 0, 0, 0, 0, 0, 0, 0, 0, 0], [2, 9, 9, 1, 4, 4, 7, 0, 0, 0, 0, 0, 0, 0, 0, 0, 0, 0]], "output": [[2, 9, 9, 1, 4, 4, 7, 0, 0, 0, 0, 7, 4, 4, 1, 9, 9, 2], [2, 9, 9, 1, 4, 4, 7, 0, 0, 0, 0, 7, 4, 4, 1, 9, 9, 2], [2, 9, 9, 1, 4, 4, 7, 0, 0, 0, 0, 7, 4, 4, 1, 9, 9, 2], [2, 9, 9, 1, 4, 4, 7, 0, 0, 0, 0, 7, 4, 4, 1, 9, 9, 2], [2, 9, 9, 1, 4, 4, 7, 0, 0, 0, 0, 7, 4, 4, 1, 9, 9, 2], [2, 9, 9, 1, 4, 4, 7, 0, 0, 0, 0, 7, 4, 4, 1, 9, 9, 2], [2, 9, 9, 1, 4, 4, 7, 0, 0, 0, 0, 7, 4, 4, 1, 9, 9, 2], [2, 9, 9, 1, 4, 4, 7, 0, 0, 0, 0, 7, 4, 4, 1, 9, 9, 2], [2, 9, 9, 1, 4, 4, 7, 0, 0, 0, 0, 7, 4, 4, 1, 9, 9, 2]]}, {"input": [[6, 1, 4, 9, 2, 1, 9, 0, 0, 0, 0, 0, 0, 0], [6, 1, 4, 9, 2, 1, 9, 0, 0, 0, 0, 0, 0, 0], [6, 1, 4, 9, 2, 1, 9, 0, 0, 0, 0, 0, 0, 0], [6, 1, 4, 9, 2, 1, 9, 0, 0, 0, 0, 0, 0, 0], [6, 1, 4, 9, 2, 1, 9, 0, 0, 0, 0, 0, 0, 0], [6, 1, 4, 9, 2, 1, 9, 0, 0, 0, 0, 0, 0, 0], [6, 1, 4, 9, 2, 1, 9, 0, 0, 0, 0, 0, 0, 0], [6, 1, 4, 9, 2, 1, 9, 0, 0, 0, 0, 0, 0, 0], [6, 1, 4, 9, 2, 1, 9, 0, 0, 0, 0, 0, 0, 0]], "output": [[6, 1, 4, 9, 2, 1, 9, 9, 1, 2, 9, 4, 1, 6], [6, 1, 4, 9, 2, 1, 9, 9, 1, 2, 9, 4, 1, 6], [6, 1, 4, 9, 2, 1, 9, 9, 1, 2, 9, 4, 1, 6], [6, 1, 4, 9, 2, 1, 9, 9, 1, 2, 9, 4, 1, 6], [6, 1, 4, 9, 2, 1, 9, 9, 1, 2, 9, 4, 1, 6], [6, 1, 4, 9, 2, 1, 9, 9, 1, 2, 9, 4, 1, 6], [6, 1, 4, 9, 2, 1, 9, 9, 1, 2, 9, 4, 1, 6], [6, 1, 4, 9, 2, 1, 9, 9, 1, 2, 9, 4, 1, 6], [6, 1, 4, 9, 2, 1, 9, 9, 1, 2, 9, 4, 1, 6]]}, {"input": [[6, 6, 2, 5, 8, 0, 0, 0, 0, 0, 0, 0], [6, 6, 2, 5, 8, 0, 0, 0, 0, 0, 0, 0], [6, 6, 2, 5, 8, 0, 0, 0, 0, 0, 0, 0], [6, 6, 2, 5, 8, 0, 0, 0, 0, 0, 0, 0], [6, 6, 2, 5, 8, 0, 0, 0, 0, 0, 0, 0]], "output": [[6, 6, 2, 5, 8, 0, 0, 8, 5, 2, 6, 6], [6, 6, 2, 5, 8, 0, 0, 8, 5, 2, 6, 6], [6, 6, 2, 5, 8, 0, 0, 8, 5, 2, 6, 6], [6, 6, 2, 5, 8, 0, 0, 8, 5, 2, 6, 6], [6, 6, 2, 5, 8, 0, 0, 8, 5, 2, 6, 6]]}, {"input": [[8, 9, 4, 4, 3, 0, 0, 0, 0, 0, 0, 0, 0, 0], [8, 9, 4, 4, 3, 0, 0, 0, 0, 0, 0, 0, 0, 0], [8, 9, 4, 4, 3, 0, 0, 0, 0, 0, 0, 0, 0, 0], [8, 9, 4, 4, 3, 0, 0, 0, 0, 0, 0, 0, 0, 0], [8, 9, 4, 4, 3, 0, 0, 0, 0, 0, 0, 0, 0, 0], [8, 9, 4, 4, 3, 0, 0, 0, 0, 0, 0, 0, 0, 0], [8, 9, 4, 4, 3, 0, 0, 0, 0, 0, 0, 0, 0, 0], [8, 9, 4, 4, 3, 0, 0, 0, 0, 0, 0, 0, 0, 0]], "output": [[8, 9, 4, 4, 3, 0, 0, 0, 0, 3, 4, 4, 9, 8], [8, 9, 4, 4, 3, 0, 0, 0, 0, 3, 4, 4, 9, 8], [8, 9, 4, 4, 3, 0, 0, 0, 0, 3, 4, 4, 9, 8], [8, 9, 4, 4, 3, 0, 0, 0, 0, 3, 4, 4, 9, 8], [8, 9, 4, 4, 3, 0, 0, 0, 0, 3, 4, 4, 9, 8], [8, 9, 4, 4, 3, 0, 0, 0, 0, 3, 4, 4, 9, 8], [8, 9, 4, 4, 3, 0, 0, 0, 0, 3, 4, 4, 9, 8], [8, 9, 4, 4, 3, 0, 0, 0, 0, 3, 4, 4, 9, 8]]}, {"input": [[6, 8, 4, 4, 4, 6, 7, 9, 0, 0, 0, 0, 0, 0, 0, 0], [6, 8, 4, 4, 4, 6, 7, 9, 0, 0, 0, 0, 0, 0, 0, 0], [6, 8, 4, 4, 4, 6, 7, 9, 0, 0, 0, 0, 0, 0, 0, 0], [6, 8, 4, 4, 4, 6, 7, 9, 0, 0, 0, 0, 0, 0, 0, 0], [6, 8, 4, 4, 4, 6, 7, 9, 0, 0, 0, 0, 0, 0, 0, 0], [6, 8, 4, 4, 4, 6, 7, 9, 0, 0, 0, 0, 0, 0, 0, 0], [6, 8, 4, 4, 4, 6, 7, 9, 0, 0, 0, 0, 0, 0, 0, 0]], "output": [[6, 8, 4, 4, 4, 6, 7, 9, 9, 7, 6, 4, 4, 4, 8, 6], [6, 8, 4, 4, 4, 6, 7, 9, 9, 7, 6, 4, 4, 4, 8, 6], [6, 8, 4, 4, 4, 6, 7, 9, 9, 7, 6, 4, 4, 4, 8, 6], [6, 8, 4, 4, 4, 6, 7, 9, 9, 7, 6, 4, 4, 4, 8, 6], [6, 8, 4, 4, 4, 6, 7, 9, 9, 7, 6, 4, 4, 4, 8, 6], [6, 8, 4, 4, 4, 6, 7, 9, 9, 7, 6, 4, 4, 4, 8, 6], [6, 8, 4, 4, 4, 6, 7, 9, 9, 7, 6, 4, 4, 4, 8, 6]]}, {"input": [[4, 8, 0, 0, 0, 0, 0, 0], [4, 8, 0, 0, 0, 0, 0, 0], [4, 8, 0, 0, 0, 0, 0, 0], [4, 8, 0, 0, 0, 0, 0, 0]], "output": [[4, 8, 0, 0, 0, 0, 8, 4], [4, 8, 0, 0, 0, 0, 8, 4], [4, 8, 0, 0, 0, 0, 8, 4], [4, 8, 0, 0, 0, 0, 8, 4]]}, {"input": [[9, 6, 7, 9, 1, 0, 0, 0, 0, 0, 0, 0, 0, 0], [9, 6, 7, 9, 1, 0, 0, 0, 0, 0, 0, 0, 0, 0], [9, 6, 7, 9, 1, 0, 0, 0, 0, 0, 0, 0, 0, 0], [9, 6, 7, 9, 1, 0, 0, 0, 0, 0, 0, 0, 0, 0], [9, 6, 7, 9, 1, 0, 0, 0, 0, 0, 0, 0, 0, 0]], "output": [[9, 6, 7, 9, 1, 0, 0, 0, 0, 1, 9, 7, 6, 9], [9, 6, 7, 9, 1, 0, 0, 0, 0, 1, 9, 7, 6, 9], [9, 6, 7, 9, 1, 0, 0, 0, 0, 1, 9, 7, 6, 9], [9, 6, 7, 9, 1, 0, 0, 0, 0, 1, 9, 7, 6, 9], [9, 6, 7, 9, 1, 0, 0, 0, 0, 1, 9, 7, 6, 9]]}], "test": [{"input": [[9, 4, 1, 3, 5, 7, 0, 0, 0, 0, 0, 0], [9, 4, 1, 3, 5, 7, 0, 0, 0, 0, 0, 0], [9, 4, 1, 3, 5, 7, 0, 0, 0, 0, 0, 0], [9, 4, 1, 3, 5, 7, 0, 0, 0, 0, 0, 0], [9, 4, 1, 3, 5, 7, 0, 0, 0, 0, 0, 0], [9, 4, 1, 3, 5, 7, 0, 0, 0, 0, 0, 0], [9, 4, 1, 3, 5, 7, 0, 0, 0, 0, 0, 0], [9, 4, 1, 3, 5, 7, 0, 0, 0, 0, 0, 0]], "output": [[9, 4, 1, 3, 5, 7, 7, 5, 3, 1, 4, 9], [9, 4, 1, 3, 5, 7, 7, 5, 3, 1, 4, 9], [9, 4, 1, 3, 5, 7, 7, 5, 3, 1, 4, 9], [9, 4, 1, 3, 5, 7, 7, 5, 3, 1, 4, 9], [9, 4, 1, 3, 5, 7, 7, 5, 3, 1, 4, 9], [9, 4, 1, 3, 5, 7, 7, 5, 3, 1, 4, 9], [9, 4, 1, 3, 5, 7, 7, 5, 3, 1, 4, 9], [9, 4, 1, 3, 5, 7, 7, 5, 3, 1, 4, 9]]}, {"input": [[6, 9, 4, 9, 0, 0, 0, 0, 0, 0, 0, 0], [6, 9, 4, 9, 0, 0, 0, 0, 0, 0, 0, 0], [6, 9, 4, 9, 0, 0, 0, 0, 0, 0, 0, 0], [6, 9, 4, 9, 0, 0, 0, 0, 0, 0, 0, 0], [6, 9, 4, 9, 0, 0, 0, 0, 0, 0, 0, 0]], "output": [[6, 9, 4, 9, 0, 0, 0, 0, 9, 4, 9, 6], [6, 9, 4, 9, 0, 0, 0, 0, 9, 4, 9, 6], [6, 9, 4, 9, 0, 0, 0, 0, 9, 4, 9, 6], [6, 9, 4, 9, 0, 0, 0, 0, 9, 4, 9, 6], [6, 9, 4, 9, 0, 0, 0, 0, 9, 4, 9, 6]]}, {"input": [[8, 2, 4, 5, 5, 6, 4, 0, 0, 0, 0, 0, 0, 0, 0, 0, 0, 0], [8, 2, 4, 5, 5, 6, 4, 0, 0, 0, 0, 0, 0, 0, 0, 0, 0, 0], [8, 2, 4, 5, 5, 6, 4, 0, 0, 0, 0, 0, 0, 0, 0, 0, 0, 0], [8, 2, 4, 5, 5, 6, 4, 0, 0, 0, 0, 0, 0, 0, 0, 0, 0, 0], [8, 2, 4, 5, 5, 6, 4, 0, 0, 0, 0, 0, 0, 0, 0, 0, 0, 0], [8, 2, 4, 5, 5, 6, 4, 0, 0, 0, 0, 0, 0, 0, 0, 0, 0, 0]], "output": [[8, 2, 4, 5, 5, 6, 4, 0, 0, 0, 0, 4, 6, 5, 5, 4, 2, 8], [8, 2, 4, 5, 5, 6, 4, 0, 0, 0, 0, 4, 6, 5, 5, 4, 2, 8], [8, 2, 4, 5, 5, 6, 4, 0, 0, 0, 0, 4, 6, 5, 5, 4, 2, 8], [8, 2, 4, 5, 5, 6, 4, 0, 0, 0, 0, 4, 6, 5, 5, 4, 2, 8], [8, 2, 4, 5, 5, 6, 4, 0, 0, 0, 0, 4, 6, 5, 5, 4, 2, 8], [8, 2, 4, 5, 5, 6, 4, 0, 0, 0, 0, 4, 6, 5, 5, 4, 2, 8]]}]}