{"train": [{"input": [[0, 0, 0, 0, 0, 0, 0, 0, 0, 0], [0, 0, 0, 0, 0, 0, 0, 0, 0, 0], [0, 2, 2, 2, 2, 2, 0, 0, 0, 0], [0, 2, 5, 5, 5, 2, 0, 0, 0, 0], [0, 2, 5, 5, 0, 2, 0, 0, 0, 0], [0, 2, 5, 5, 5, 2, 0, 0, 0, 0], [0, 2, 2, 2, 2, 2, 0, 0, 0, 0], [0, 0, 0, 0, 0, 0, 0, 0, 0, 0], [0, 0, 0, 0, 0, 0, 0, 0, 0, 0], [0, 0, 0, 0, 0, 0, 0, 0, 0, 0]], "output": [[5, 5, 5], [5, 5, 0], [5, 5, 5]]}, {"input": [[0, 0, 0, 0, 0, 0, 0, 0, 0, 0], [0, 0, 0, 0, 0, 0, 0, 0, 0, 0], [0, 0, 0, 2, 2, 2, 2, 2, 0, 0], [0, 0, 0, 2, 0, 4, 4, 2, 0, 0], [0, 0, 0, 2, 4, 4, 4, 2, 0, 0], [0, 0, 0, 2, 4, 4, 0, 2, 0, 0], [0, 0, 0, 2, 2, 2, 2, 2, 0, 0], [0, 0, 0, 0, 0, 0, 0, 0, 0, 0], [0, 0, 0, 0, 0, 0, 0, 0, 0, 0], [0, 0, 0, 0, 0, 0, 0, 0, 0, 0]], "output": [[0, 4, 4], [4, 4, 4], [4, 4, 0]]}, {"input": [[0, 0, 0, 0, 0, 0, 0, 0, 0, 0], [0, 0, 0, 0, 0, 0, 0, 0, 0, 0], [0, 0, 0, 0, 0, 0, 0, 0, 0, 0], [0, 0, 0, 0, 0, 2, 2, 2, 2, 2], [0, 0, 6, 0, 0, 2, 6, 6, 6, 2], [0, 6, 6, 6, 0, 2, 6, 6, 6, 2], [0, 0, 6, 0, 0, 2, 6, 6, 0, 2], [0, 0, 0, 0, 0, 2, 2, 2, 2, 2], [0, 0, 0, 0, 0, 0, 0, 0, 0, 0], [0, 0, 0, 0, 0, 0, 0, 0, 0, 0]], "output": [[6, 6, 6], [6, 6, 6], [6, 6, 0]]}, {"input": [[0, 0, 0, 0, 0, 0, 0, 0, 0, 0], [0, 0, 3, 0, 0, 0, 0, 3, 0, 0], [0, 3, 3, 3, 0, 0, 3, 3, 3, 0], [0, 0, 3, 0, 0, 0, 0, 3, 0, 0], [0, 0, 0, 0, 0, 0, 0, 0, 0, 0], [0, 0, 2, 2, 2, 2, 2, 0, 0, 0], [0, 0, 2, 3, 3, 3, 2, 0, 0, 0], [0, 0, 2, 0, 0, 3, 2, 0, 0, 0], [0, 0, 2, 3, 3, 3, 2, 0, 0, 0], [0, 0, 2, 2, 2, 2, 2, 0, 0, 0]], "output": [[3, 3, 3], [0, 0, 3], [3, 3, 3]]}, {"input": [[0, 0, 0, 0, 0, 0, 0, 0, 0, 0], [0, 0, 2, 2, 2, 2, 2, 0, 0, 0], [0, 0, 2, 6, 6, 0, 2, 0, 0, 0], [0, 0, 2, 6, 6, 6, 2, 0, 0, 0], [0, 0, 2, 6, 6, 6, 2, 0, 0, 0], [0, 0, 2, 2, 2, 2, 2, 0, 0, 0], [0, 0, 0, 0, 0, 0, 0, 0, 0, 0], [0, 0, 0, 0, 0, 0, 0, 0, 0, 0], [0, 0, 0, 0, 0, 0, 0, 0, 0, 0], [0, 0, 0, 0, 0, 0, 0, 0, 0, 0]], "output": [[6, 6, 0], [6, 6, 6], [6, 6, 6]]}, {"input": [[0, 0, 0, 0, 0, 0, 0, 0, 0, 0], [0, 0, 0, 0, 0, 0, 8, 8, 8, 0], [2, 2, 2, 2, 2, 0, 8, 8, 8, 0], [2, 8, 8, 8, 2, 0, 0, 8, 0, 0], [2, 0, 8, 8, 2, 0, 0, 0, 0, 0], [2, 8, 8, 8, 2, 0, 0, 8, 8, 0], [2, 2, 2, 2, 2, 0, 8, 8, 8, 0], [0, 0, 0, 0, 0, 0, 8, 8, 0, 0], [0, 0, 0, 0, 0, 0, 0, 0, 0, 0], [0, 0, 0, 0, 0, 0, 0, 0, 0, 0]], "output": [[8, 8, 8], [0, 8, 8], [8, 8, 8]]}, {"input": [[0, 0, 0, 0, 0, 0, 0, 0, 0, 0], [0, 0, 7, 0, 0, 7, 7, 7, 0, 0], [0, 7, 7, 7, 0, 7, 7, 7, 0, 0], [0, 0, 7, 0, 0, 7, 0, 7, 0, 0], [0, 0, 0, 0, 0, 0, 0, 0, 0, 0], [0, 0, 2, 2, 2, 2, 2, 0, 0, 0], [0, 0, 2, 7, 7, 0, 2, 0, 0, 0], [0, 0, 2, 7, 7, 7, 2, 0, 0, 0], [0, 0, 2, 7, 7, 0, 2, 0, 0, 0], [0, 0, 2, 2, 2, 2, 2, 0, 0, 0]], "output": [[7, 7, 0], [7, 7, 7], [7, 7, 0]]}, {"input": [[0, 0, 0, 0, 0, 0, 0, 0, 0, 0], [0, 0, 0, 0, 0, 0, 0, 0, 0, 0], [0, 0, 2, 2, 2, 2, 2, 0, 0, 0], [0, 0, 2, 9, 9, 9, 2, 0, 0, 0], [0, 0, 2, 0, 9, 9, 2, 0, 0, 0], [0, 0, 2, 0, 0, 9, 2, 0, 0, 0], [0, 0, 2, 2, 2, 2, 2, 0, 0, 0], [0, 0, 0, 0, 0, 0, 0, 0, 0, 0], [0, 0, 0, 0, 0, 0, 0, 0, 0, 0], [0, 0, 0, 0, 0, 0, 0, 0, 0, 0]], "output": [[9, 9, 9], [0, 9, 9], [0, 0, 9]]}, {"input": [[0, 0, 0, 0, 0, 0, 0, 0, 0, 0], [0, 0, 0, 0, 0, 0, 0, 0, 0, 0], [0, 0, 0, 0, 0, 0, 0, 0, 0, 0], [0, 0, 0, 0, 2, 2, 2, 2, 2, 0], [0, 0, 0, 0, 2, 5, 5, 5, 2, 0], [0, 0, 0, 0, 2, 0, 5, 5, 2, 0], [0, 0, 0, 0, 2, 0, 0, 5, 2, 0], [0, 0, 0, 0, 2, 2, 2, 2, 2, 0], [0, 0, 0, 0, 0, 0, 0, 0, 0, 0], [0, 0, 0, 0, 0, 0, 0, 0, 0, 0]], "output": [[5, 5, 5], [0, 5, 5], [0, 0, 5]]}, {"input": [[0, 0, 0, 0, 0, 0, 0, 0, 0, 0], [0, 0, 0, 0, 0, 0, 0, 0, 0, 0], [0, 0, 0, 0, 0, 0, 0, 0, 0, 0], [0, 2, 2, 2, 2, 2, 0, 0, 0, 0], [0, 2, 0, 6, 6, 2, 0, 0, 0, 0], [0, 2, 6, 6, 6, 2, 0, 0, 0, 0], [0, 2, 0, 6, 0, 2, 0, 0, 0, 0], [0, 2, 2, 2, 2, 2, 0, 0, 0, 0], [0, 0, 0, 0, 0, 0, 0, 0, 0, 0], [0, 0, 0, 0, 0, 0, 0, 0, 0, 0]], "output": [[0, 6, 6], [6, 6, 6], [0, 6, 0]]}, {"input": [[0, 0, 0, 0, 0, 0, 0, 0, 0, 0], [0, 0, 0, 0, 0, 0, 0, 0, 0, 0], [0, 0, 0, 0, 0, 0, 0, 0, 0, 0], [0, 0, 0, 0, 0, 0, 0, 0, 0, 0], [0, 0, 2, 2, 2, 2, 2, 0, 0, 0], [0, 0, 2, 0, 8, 0, 2, 0, 0, 0], [0, 0, 2, 8, 8, 8, 2, 0, 0, 0], [0, 0, 2, 0, 8, 0, 2, 0, 0, 0], [0, 0, 2, 2, 2, 2, 2, 0, 0, 0], [0, 0, 0, 0, 0, 0, 0, 0, 0, 0]], "output": [[0, 8, 0], [8, 8, 8], [0, 8, 0]]}, {"input": [[0, 0, 0, 0, 0, 0, 0, 0, 0, 0], [0, 0, 0, 0, 0, 0, 0, 7, 0, 0], [0, 0, 0, 0, 0, 0, 7, 7, 0, 0], [0, 7, 7, 7, 0, 7, 7, 7, 0, 0], [0, 0, 7, 0, 0, 0, 0, 0, 0, 0], [0, 0, 7, 0, 2, 2, 2, 2, 2, 0], [0, 0, 0, 0, 2, 0, 7, 7, 2, 0], [0, 0, 0, 0, 2, 7, 7, 7, 2, 0], [0, 0, 0, 0, 2, 7, 7, 0, 2, 0], [0, 0, 0, 0, 2, 2, 2, 2, 2, 0]], "output": [[0, 7, 7], [7, 7, 7], [7, 7, 0]]}, {"input": [[0, 0, 0, 0, 0, 0, 0, 0, 0, 0], [0, 0, 0, 0, 0, 0, 0, 6, 0, 0], [0, 0, 0, 0, 0, 0, 6, 6, 6, 0], [0, 0, 6, 0, 0, 0, 6, 6, 0, 0], [0, 6, 6, 6, 0, 0, 0, 0, 0, 0], [0, 0, 6, 0, 0, 2, 2, 2, 2, 2], [0, 0, 0, 0, 0, 2, 6, 6, 6, 2], [0, 0, 0, 0, 0, 2, 6, 6, 6, 2], [0, 0, 0, 0, 0, 2, 6, 0, 6, 2], [0, 0, 0, 0, 0, 2, 2, 2, 2, 2]], "output": [[6, 6, 6], [6, 6, 6], [6, 0, 6]]}, {"input": [[0, 0, 0, 0, 0, 0, 0, 0, 0, 0], [0, 0, 0, 0, 0, 0, 0, 0, 0, 0], [0, 0, 0, 0, 0, 0, 0, 0, 0, 0], [0, 0, 0, 2, 2, 2, 2, 2, 0, 0], [0, 0, 0, 2, 7, 0, 7, 2, 0, 0], [0, 0, 0, 2, 7, 7, 7, 2, 0, 0], [0, 0, 0, 2, 0, 7, 0, 2, 0, 0], [0, 0, 0, 2, 2, 2, 2, 2, 0, 0], [0, 0, 0, 0, 0, 0, 0, 0, 0, 0], [0, 0, 0, 0, 0, 0, 0, 0, 0, 0]], "output": [[7, 0, 7], [7, 7, 7], [0, 7, 0]]}, {"input": [[0, 0, 0, 0, 0, 0, 0, 0, 0, 0], [0, 0, 0, 0, 0, 0, 0, 0, 0, 0], [0, 0, 0, 0, 0, 0, 0, 0, 0, 0], [0, 0, 0, 0, 0, 0, 0, 0, 0, 0], [0, 0, 2, 2, 2, 2, 2, 0, 0, 0], [0, 0, 2, 5, 5, 5, 2, 0, 0, 0], [0, 0, 2, 5, 5, 0, 2, 0, 0, 0], [0, 0, 2, 5, 5, 5, 2, 0, 0, 0], [0, 0, 2, 2, 2, 2, 2, 0, 0, 0], [0, 0, 0, 0, 0, 0, 0, 0, 0, 0]], "output": [[5, 5, 5], [5, 5, 0], [5, 5, 5]]}, {"input": [[0, 0, 0, 0, 0, 0, 0, 0, 0, 0], [0, 0, 0, 0, 0, 0, 3, 3, 0, 0], [0, 0, 0, 0, 0, 0, 3, 3, 3, 0], [2, 2, 2, 2, 2, 0, 0, 3, 3, 0], [2, 0, 0, 3, 2, 0, 0, 0, 0, 0], [2, 0, 3, 3, 2, 0, 3, 3, 3, 0], [2, 3, 3, 3, 2, 0, 3, 3, 3, 0], [2, 2, 2, 2, 2, 0, 3, 0, 3, 0], [0, 0, 0, 0, 0, 0, 0, 0, 0, 0], [0, 0, 0, 0, 0, 0, 0, 0, 0, 0]], "output": [[0, 0, 3], [0, 3, 3], [3, 3, 3]]}, {"input": [[0, 0, 0, 0, 0, 0, 0, 0, 0, 0], [0, 0, 2, 2, 2, 2, 2, 0, 0, 0], [0, 0, 2, 0, 7, 0, 2, 0, 0, 0], [0, 0, 2, 7, 7, 7, 2, 0, 0, 0], [0, 0, 2, 0, 7, 0, 2, 0, 0, 0], [0, 0, 2, 2, 2, 2, 2, 0, 0, 0], [0, 0, 0, 0, 0, 0, 0, 0, 0, 0], [0, 0, 0, 0, 0, 0, 0, 0, 0, 0], [0, 0, 0, 0, 0, 0, 0, 0, 0, 0], [0, 0, 0, 0, 0, 0, 0, 0, 0, 0]], "output": [[0, 7, 0], [7, 7, 7], [0, 7, 0]]}, {"input": [[0, 0, 0, 0, 0, 0, 0, 0, 0, 0], [0, 0, 0, 0, 0, 0, 8, 8, 8, 0], [0, 0, 0, 0, 0, 0, 8, 8, 0, 0], [2, 2, 2, 2, 2, 0, 8, 8, 8, 0], [2, 8, 0, 8, 2, 0, 0, 0, 0, 0], [2, 8, 8, 8, 2, 0, 0, 8, 0, 0], [2, 8, 0, 8, 2, 0, 8, 8, 8, 0], [2, 2, 2, 2, 2, 0, 0, 8, 0, 0], [0, 0, 0, 0, 0, 0, 0, 0, 0, 0], [0, 0, 0, 0, 0, 0, 0, 0, 0, 0]], "output": [[8, 0, 8], [8, 8, 8], [8, 0, 8]]}, {"input": [[0, 0, 0, 0, 0, 0, 0, 0, 0, 0], [0, 0, 0, 0, 0, 0, 0, 0, 0, 0], [0, 1, 1, 1, 0, 2, 2, 2, 2, 2], [0, 1, 0, 1, 0, 2, 0, 1, 0, 2], [0, 1, 0, 1, 0, 2, 1, 1, 1, 2], [0, 0, 0, 0, 0, 2, 0, 1, 0, 2], [0, 1, 1, 0, 0, 2, 2, 2, 2, 2], [0, 1, 1, 1, 0, 0, 0, 0, 0, 0], [0, 1, 1, 0, 0, 0, 0, 0, 0, 0], [0, 0, 0, 0, 0, 0, 0, 0, 0, 0]], "output": [[0, 1, 0], [1, 1, 1], [0, 1, 0]]}, {"input": [[0, 0, 2, 2, 2, 2, 2, 0, 0, 0], [0, 0, 2, 3, 0, 0, 2, 0, 0, 0], [0, 0, 2, 3, 3, 0, 2, 0, 0, 0], [0, 0, 2, 3, 3, 3, 2, 0, 0, 0], [0, 0, 2, 2, 2, 2, 2, 0, 0, 0], [0, 0, 0, 0, 0, 0, 0, 0, 0, 0], [0, 0, 0, 0, 0, 3, 0, 0, 0, 0], [0, 0, 0, 0, 3, 3, 3, 0, 0, 0], [0, 0, 0, 0, 3, 3, 3, 0, 0, 0], [0, 0, 0, 0, 0, 0, 0, 0, 0, 0]], "output": [[3, 0, 0], [3, 3, 0], [3, 3, 3]]}, {"input": [[2, 2, 2, 2, 2, 0, 0, 0, 0, 0], [2, 0, 4, 0, 2, 0, 0, 4, 0, 0], [2, 4, 4, 4, 2, 0, 4, 4, 4, 0], [2, 0, 4, 0, 2, 0, 0, 4, 0, 0], [2, 2, 2, 2, 2, 0, 0, 0, 0, 0], [0, 0, 0, 0, 0, 0, 4, 0, 0, 0], [0, 0, 4, 4, 0, 4, 4, 4, 0, 0], [0, 4, 4, 4, 0, 0, 4, 0, 0, 0], [0, 4, 4, 0, 0, 0, 0, 0, 0, 0], [0, 0, 0, 0, 0, 0, 0, 0, 0, 0]], "output": [[0, 4, 0], [4, 4, 4], [0, 4, 0]]}, {"input": [[0, 0, 0, 0, 0, 2, 2, 2, 2, 2], [0, 0, 0, 0, 0, 2, 9, 9, 0, 2], [0, 0, 9, 0, 0, 2, 9, 9, 9, 2], [0, 9, 9, 9, 0, 2, 9, 9, 9, 2], [0, 0, 9, 0, 0, 2, 2, 2, 2, 2], [0, 0, 0, 0, 0, 0, 0, 0, 0, 0], [0, 0, 0, 0, 9, 9, 9, 0, 0, 0], [0, 0, 0, 0, 0, 9, 9, 0, 0, 0], [0, 0, 0, 0, 9, 9, 9, 0, 0, 0], [0, 0, 0, 0, 0, 0, 0, 0, 0, 0]], "output": [[9, 9, 0], [9, 9, 9], [9, 9, 9]]}, {"input": [[0, 0, 0, 0, 0, 0, 0, 0, 0, 0], [2, 2, 2, 2, 2, 0, 0, 0, 0, 0], [2, 0, 4, 0, 2, 0, 0, 0, 0, 0], [2, 4, 4, 4, 2, 0, 0, 0, 0, 0], [2, 0, 4, 0, 2, 0, 0, 4, 0, 0], [2, 2, 2, 2, 2, 0, 4, 4, 4, 0], [0, 0, 0, 0, 0, 0, 0, 4, 0, 0], [0, 0, 0, 0, 0, 0, 0, 0, 0, 0], [0, 0, 0, 0, 0, 0, 0, 0, 0, 0], [0, 0, 0, 0, 0, 0, 0, 0, 0, 0]], "output": [[0, 4, 0], [4, 4, 4], [0, 4, 0]]}, {"input": [[0, 0, 0, 0, 0, 0, 0, 0, 0, 0], [0, 0, 0, 0, 0, 0, 0, 0, 0, 0], [0, 5, 5, 5, 0, 2, 2, 2, 2, 2], [0, 5, 5, 0, 0, 2, 0, 5, 0, 2], [0, 5, 5, 5, 0, 2, 5, 5, 5, 2], [0, 0, 0, 0, 0, 2, 0, 5, 0, 2], [0, 5, 0, 5, 0, 2, 2, 2, 2, 2], [0, 5, 5, 5, 0, 0, 0, 0, 0, 0], [0, 5, 5, 5, 0, 0, 0, 0, 0, 0], [0, 0, 0, 0, 0, 0, 0, 0, 0, 0]], "output": [[0, 5, 0], [5, 5, 5], [0, 5, 0]]}, {"input": [[0, 0, 0, 0, 0, 0, 0, 0, 0, 0], [0, 0, 0, 0, 0, 0, 0, 4, 0, 0], [2, 2, 2, 2, 2, 0, 4, 4, 4, 0], [2, 4, 0, 4, 2, 0, 4, 4, 4, 0], [2, 4, 4, 4, 2, 0, 0, 0, 0, 0], [2, 4, 4, 4, 2, 0, 4, 4, 4, 0], [2, 2, 2, 2, 2, 0, 0, 0, 4, 0], [0, 0, 0, 0, 0, 0, 0, 0, 4, 0], [0, 0, 0, 0, 0, 0, 0, 0, 0, 0], [0, 0, 0, 0, 0, 0, 0, 0, 0, 0]], "output": [[4, 0, 4], [4, 4, 4], [4, 4, 4]]}, {"input": [[0, 0, 0, 0, 2, 2, 2, 2, 2, 0], [0, 0, 0, 0, 2, 4, 0, 4, 2, 0], [0, 0, 0, 0, 2, 4, 4, 4, 2, 0], [0, 0, 0, 0, 2, 4, 4, 4, 2, 0], [0, 0, 0, 0, 2, 2, 2, 2, 2, 0], [0, 0, 0, 0, 0, 0, 0, 0, 0, 0], [0, 0, 4, 0, 0, 0, 0, 4, 4, 0], [0, 0, 4, 4, 0, 0, 4, 4, 4, 0], [0, 0, 4, 4, 4, 0, 0, 4, 4, 0], [0, 0, 0, 0, 0, 0, 0, 0, 0, 0]], "output": [[4, 0, 4], [4, 4, 4], [4, 4, 4]]}, {"input": [[0, 0, 0, 0, 0, 0, 0, 0, 0, 0], [0, 0, 0, 0, 0, 0, 0, 0, 0, 0], [0, 0, 2, 2, 2, 2, 2, 0, 0, 0], [0, 0, 2, 0, 6, 0, 2, 0, 0, 0], [0, 0, 2, 6, 6, 6, 2, 0, 0, 0], [0, 0, 2, 0, 6, 0, 2, 0, 0, 0], [0, 0, 2, 2, 2, 2, 2, 0, 6, 0], [0, 0, 0, 0, 0, 0, 0, 0, 6, 0], [0, 0, 0, 0, 0, 0, 6, 6, 6, 0], [0, 0, 0, 0, 0, 0, 0, 0, 0, 0]], "output": [[0, 6, 0], [6, 6, 6], [0, 6, 0]]}], "test": [{"input": [[0, 0, 0, 0, 0, 0, 0, 0, 0, 0], [0, 0, 0, 0, 0, 0, 0, 0, 0, 0], [0, 0, 0, 0, 0, 0, 0, 0, 0, 0], [0, 0, 2, 2, 2, 2, 2, 0, 0, 0], [0, 0, 2, 6, 6, 6, 2, 0, 0, 0], [0, 0, 2, 6, 0, 6, 2, 0, 0, 0], [0, 0, 2, 6, 6, 6, 2, 0, 0, 0], [0, 0, 2, 2, 2, 2, 2, 0, 0, 0], [0, 0, 0, 0, 0, 0, 0, 0, 0, 0], [0, 0, 0, 0, 0, 0, 0, 0, 0, 0]], "output": [[6, 6, 6], [6, 0, 6], [6, 6, 6]]}, {"input": [[0, 0, 0, 0, 0, 0, 0, 0, 0, 0], [0, 0, 0, 0, 0, 0, 0, 0, 0, 0], [0, 0, 0, 0, 0, 2, 2, 2, 2, 2], [0, 0, 7, 0, 0, 2, 7, 7, 7, 2], [0, 7, 7, 7, 0, 2, 7, 7, 7, 2], [0, 0, 7, 0, 0, 2, 0, 7, 0, 2], [0, 0, 0, 0, 0, 2, 2, 2, 2, 2], [0, 0, 0, 0, 0, 0, 0, 0, 0, 0], [0, 0, 0, 0, 0, 0, 0, 0, 0, 0], [0, 0, 0, 0, 0, 0, 0, 0, 0, 0]], "output": [[7, 7, 7], [7, 7, 7], [0, 7, 0]]}, {"input": [[0, 0, 0, 0, 0, 0, 0, 0, 0, 0], [0, 0, 0, 0, 0, 0, 0, 0, 0, 0], [2, 2, 2, 2, 2, 0, 0, 0, 0, 0], [2, 0, 5, 0, 2, 0, 0, 0, 0, 0], [2, 5, 5, 5, 2, 0, 5, 5, 5, 0], [2, 0, 5, 0, 2, 0, 0, 5, 5, 0], [2, 2, 2, 2, 2, 0, 5, 5, 5, 0], [0, 0, 0, 0, 0, 0, 0, 0, 0, 0], [0, 0, 0, 0, 0, 0, 0, 0, 0, 0], [0, 0, 0, 0, 0, 0, 0, 0, 0, 0]], "output": [[0, 5, 0], [5, 5, 5], [0, 5, 0]]}]}