{"train": [{"input": [[4, 0, 0, 4, 0, 0, 0, 0, 0, 0], [4, 4, 4, 4, 0, 0, 0, 8, 8, 0], [4, 4, 4, 4, 0, 0, 8, 8, 8, 0], [0, 0, 0, 0, 0, 0, 8, 8, 8, 0], [0, 0, 0, 0, 0, 0, 0, 8, 8, 0], [0, 0, 0, 0, 0, 0, 0, 0, 0, 0], [0, 6, 0, 0, 6, 0, 9, 0, 0, 0], [0, 6, 6, 6, 6, 0, 9, 9, 0, 0], [0, 6, 6, 6, 6, 0, 9, 9, 9, 0], [0, 6, 0, 0, 6, 0, 0, 0, 0, 0]], "output": [[1, 0, 0, 1, 0, 0, 0, 0, 0, 0], [1, 1, 1, 1, 0, 0, 0, 9, 9, 0], [1, 1, 1, 1, 0, 0, 9, 9, 9, 0], [0, 0, 0, 0, 0, 0, 9, 9, 9, 0], [0, 0, 0, 0, 0, 0, 0, 9, 9, 0], [0, 0, 0, 0, 0, 0, 0, 0, 0, 0], [0, 7, 0, 0, 7, 0, 8, 0, 0, 0], [0, 7, 7, 7, 7, 0, 8, 8, 0, 0], [0, 7, 7, 7, 7, 0, 8, 8, 8, 0], [0, 7, 0, 0, 7, 0, 0, 0, 0, 0]]}, {"input": [[0, 4, 4, 4, 4, 0, 2, 2, 0, 0], [0, 4, 4, 4, 4, 0, 0, 2, 2, 0], [0, 0, 0, 0, 0, 0, 0, 2, 2, 0], [0, 0, 0, 0, 0, 0, 2, 2, 0, 0], [0, 1, 1, 0, 0, 0, 0, 0, 0, 0], [1, 1, 0, 0, 0, 0, 0, 0, 0, 0], [0, 0, 0, 6, 6, 6, 6, 0, 7, 7], [0, 0, 0, 6, 6, 6, 6, 0, 7, 7], [0, 0, 0, 6, 6, 6, 6, 0, 7, 7], [0, 0, 0, 6, 6, 6, 6, 0, 0, 0]], "output": [[0, 1, 1, 1, 1, 0, 1, 1, 0, 0], [0, 1, 1, 1, 1, 0, 0, 1, 1, 0], [0, 0, 0, 0, 0, 0, 0, 1, 1, 0], [0, 0, 0, 0, 0, 0, 1, 1, 0, 0], [0, 2, 2, 0, 0, 0, 0, 0, 0, 0], [2, 2, 0, 0, 0, 0, 0, 0, 0, 0], [0, 0, 0, 7, 7, 7, 7, 0, 6, 6], [0, 0, 0, 7, 7, 7, 7, 0, 6, 6], [0, 0, 0, 7, 7, 7, 7, 0, 6, 6], [0, 0, 0, 7, 7, 7, 7, 0, 0, 0]]}, {"input": [[0, 3, 3, 0, 0, 0, 8, 8, 8, 8], [3, 3, 3, 3, 0, 0, 8, 8, 8, 8], [0, 0, 0, 0, 0, 0, 8, 0, 0, 8], [0, 2, 0, 0, 0, 0, 0, 0, 0, 0], [2, 2, 2, 0, 0, 0, 0, 0, 4, 0], [0, 2, 0, 0, 0, 0, 0, 0, 4, 0], [0, 0, 0, 0, 0, 0, 0, 4, 4, 4], [0, 0, 7, 7, 0, 0, 0, 0, 4, 0], [0, 0, 7, 0, 0, 0, 0, 0, 0, 0], [0, 0, 0, 0, 0, 0, 0, 0, 0, 0]], "output": [[0, 5, 5, 0, 0, 0, 9, 9, 9, 9], [5, 5, 5, 5, 0, 0, 9, 9, 9, 9], [0, 0, 0, 0, 0, 0, 9, 0, 0, 9], [0, 1, 0, 0, 0, 0, 0, 0, 0, 0], [1, 1, 1, 0, 0, 0, 0, 0, 1, 0], [0, 1, 0, 0, 0, 0, 0, 0, 1, 0], [0, 0, 0, 0, 0, 0, 0, 1, 1, 1], [0, 0, 6, 6, 0, 0, 0, 0, 1, 0], [0, 0, 6, 0, 0, 0, 0, 0, 0, 0], [0, 0, 0, 0, 0, 0, 0, 0, 0, 0]]}, {"input": [[0, 0, 0, 0, 6, 6, 0, 9, 9, 9], [0, 0, 0, 0, 6, 6, 0, 9, 9, 9], [0, 0, 5, 0, 0, 0, 0, 0, 0, 0], [0, 5, 5, 5, 0, 0, 0, 0, 0, 0], [0, 0, 5, 0, 0, 0, 0, 5, 5, 0], [0, 0, 0, 0, 0, 0, 0, 5, 5, 5], [0, 0, 0, 0, 0, 0, 0, 5, 5, 5], [0, 9, 9, 9, 9, 0, 0, 5, 5, 0], [0, 9, 9, 9, 9, 0, 0, 0, 0, 0], [0, 0, 0, 0, 0, 0, 0, 0, 0, 0]], "output": [[0, 0, 0, 0, 7, 7, 0, 8, 8, 8], [0, 0, 0, 0, 7, 7, 0, 8, 8, 8], [0, 0, 5, 0, 0, 0, 0, 0, 0, 0], [0, 5, 5, 5, 0, 0, 0, 0, 0, 0], [0, 0, 5, 0, 0, 0, 0, 5, 5, 0], [0, 0, 0, 0, 0, 0, 0, 5, 5, 5], [0, 0, 0, 0, 0, 0, 0, 5, 5, 5], [0, 8, 8, 8, 8, 0, 0, 5, 5, 0], [0, 8, 8, 8, 8, 0, 0, 0, 0, 0], [0, 0, 0, 0, 0, 0, 0, 0, 0, 0]]}, {"input": [[0, 0, 0, 0, 0, 0, 8, 8, 8, 0], [0, 0, 0, 8, 8, 0, 8, 8, 0, 0], [0, 0, 0, 0, 8, 0, 8, 0, 0, 0], [0, 0, 0, 0, 0, 0, 0, 0, 6, 6], [0, 0, 0, 7, 7, 7, 7, 0, 6, 6], [0, 0, 0, 0, 7, 7, 0, 0, 6, 6], [0, 0, 0, 7, 7, 7, 7, 0, 0, 0], [6, 6, 0, 0, 0, 0, 0, 0, 0, 0], [6, 6, 0, 0, 8, 8, 8, 8, 0, 0], [6, 6, 0, 0, 8, 8, 8, 8, 0, 0]], "output": [[0, 0, 0, 0, 0, 0, 9, 9, 9, 0], [0, 0, 0, 9, 9, 0, 9, 9, 0, 0], [0, 0, 0, 0, 9, 0, 9, 0, 0, 0], [0, 0, 0, 0, 0, 0, 0, 0, 7, 7], [0, 0, 0, 6, 6, 6, 6, 0, 7, 7], [0, 0, 0, 0, 6, 6, 0, 0, 7, 7], [0, 0, 0, 6, 6, 6, 6, 0, 0, 0], [7, 7, 0, 0, 0, 0, 0, 0, 0, 0], [7, 7, 0, 0, 9, 9, 9, 9, 0, 0], [7, 7, 0, 0, 9, 9, 9, 9, 0, 0]]}, {"input": [[0, 0, 0, 0, 0, 0, 0, 1, 1, 1], [0, 0, 0, 0, 0, 0, 0, 1, 1, 1], [0, 0, 0, 0, 0, 0, 0, 1, 1, 1], [0, 0, 6, 6, 6, 6, 0, 1, 1, 1], [0, 0, 6, 6, 6, 6, 0, 0, 0, 0], [0, 0, 0, 0, 0, 0, 0, 0, 0, 0], [0, 0, 0, 0, 0, 4, 4, 0, 0, 0], [4, 4, 0, 0, 0, 4, 4, 4, 0, 0], [4, 4, 0, 0, 0, 4, 4, 0, 0, 0], [0, 0, 0, 0, 0, 0, 0, 0, 0, 0]], "output": [[0, 0, 0, 0, 0, 0, 0, 2, 2, 2], [0, 0, 0, 0, 0, 0, 0, 2, 2, 2], [0, 0, 0, 0, 0, 0, 0, 2, 2, 2], [0, 0, 7, 7, 7, 7, 0, 2, 2, 2], [0, 0, 7, 7, 7, 7, 0, 0, 0, 0], [0, 0, 0, 0, 0, 0, 0, 0, 0, 0], [0, 0, 0, 0, 0, 1, 1, 0, 0, 0], [1, 1, 0, 0, 0, 1, 1, 1, 0, 0], [1, 1, 0, 0, 0, 1, 1, 0, 0, 0], [0, 0, 0, 0, 0, 0, 0, 0, 0, 0]]}, {"input": [[0, 0, 0, 0, 0, 0, 0, 0, 0, 0], [0, 0, 0, 0, 0, 0, 0, 0, 0, 0], [4, 4, 0, 0, 0, 0, 1, 1, 1, 0], [4, 4, 0, 0, 0, 0, 1, 1, 1, 0], [0, 0, 0, 0, 0, 0, 0, 0, 0, 0], [0, 0, 0, 0, 7, 7, 7, 7, 0, 0], [3, 0, 0, 0, 7, 7, 7, 7, 0, 0], [3, 3, 3, 0, 0, 0, 0, 0, 0, 0], [0, 0, 0, 0, 0, 0, 0, 0, 0, 0], [0, 0, 0, 0, 0, 0, 0, 0, 0, 0]], "output": [[0, 0, 0, 0, 0, 0, 0, 0, 0, 0], [0, 0, 0, 0, 0, 0, 0, 0, 0, 0], [1, 1, 0, 0, 0, 0, 2, 2, 2, 0], [1, 1, 0, 0, 0, 0, 2, 2, 2, 0], [0, 0, 0, 0, 0, 0, 0, 0, 0, 0], [0, 0, 0, 0, 6, 6, 6, 6, 0, 0], [5, 0, 0, 0, 6, 6, 6, 6, 0, 0], [5, 5, 5, 0, 0, 0, 0, 0, 0, 0], [0, 0, 0, 0, 0, 0, 0, 0, 0, 0], [0, 0, 0, 0, 0, 0, 0, 0, 0, 0]]}, {"input": [[8, 8, 8, 0, 0, 0, 0, 0, 0, 0], [8, 8, 8, 0, 0, 0, 0, 0, 0, 0], [0, 0, 0, 0, 0, 0, 0, 0, 0, 0], [0, 0, 0, 0, 0, 0, 0, 0, 0, 0], [0, 0, 0, 0, 0, 0, 0, 9, 9, 0], [0, 0, 0, 0, 0, 0, 9, 9, 9, 0], [0, 0, 0, 0, 0, 0, 9, 9, 9, 0], [0, 0, 0, 0, 0, 0, 0, 9, 9, 0], [0, 0, 0, 8, 8, 8, 0, 0, 0, 0], [0, 0, 0, 8, 8, 8, 0, 0, 0, 0]], "output": [[9, 9, 9, 0, 0, 0, 0, 0, 0, 0], [9, 9, 9, 0, 0, 0, 0, 0, 0, 0], [0, 0, 0, 0, 0, 0, 0, 0, 0, 0], [0, 0, 0, 0, 0, 0, 0, 0, 0, 0], [0, 0, 0, 0, 0, 0, 0, 8, 8, 0], [0, 0, 0, 0, 0, 0, 8, 8, 8, 0], [0, 0, 0, 0, 0, 0, 8, 8, 8, 0], [0, 0, 0, 0, 0, 0, 0, 8, 8, 0], [0, 0, 0, 9, 9, 9, 0, 0, 0, 0], [0, 0, 0, 9, 9, 9, 0, 0, 0, 0]]}, {"input": [[0, 0, 0, 0, 0, 0, 0, 0, 0, 0], [0, 0, 0, 0, 0, 0, 0, 0, 0, 0], [6, 6, 6, 0, 6, 6, 6, 6, 0, 0], [0, 6, 6, 0, 6, 6, 6, 6, 0, 0], [0, 0, 6, 0, 0, 0, 0, 0, 0, 0], [0, 0, 0, 0, 0, 0, 0, 0, 0, 0], [0, 0, 0, 0, 0, 0, 0, 3, 0, 0], [6, 6, 6, 6, 0, 0, 3, 3, 3, 0], [6, 6, 6, 6, 0, 0, 0, 3, 0, 0], [0, 0, 0, 0, 0, 0, 0, 0, 0, 0]], "output": [[0, 0, 0, 0, 0, 0, 0, 0, 0, 0], [0, 0, 0, 0, 0, 0, 0, 0, 0, 0], [7, 7, 7, 0, 7, 7, 7, 7, 0, 0], [0, 7, 7, 0, 7, 7, 7, 7, 0, 0], [0, 0, 7, 0, 0, 0, 0, 0, 0, 0], [0, 0, 0, 0, 0, 0, 0, 0, 0, 0], [0, 0, 0, 0, 0, 0, 0, 5, 0, 0], [7, 7, 7, 7, 0, 0, 5, 5, 5, 0], [7, 7, 7, 7, 0, 0, 0, 5, 0, 0], [0, 0, 0, 0, 0, 0, 0, 0, 0, 0]]}, {"input": [[0, 0, 0, 2, 0, 0, 0, 0, 0, 0], [0, 0, 2, 2, 2, 0, 8, 8, 8, 8], [0, 0, 0, 2, 0, 0, 8, 8, 8, 8], [0, 0, 0, 0, 0, 0, 8, 8, 8, 8], [0, 0, 0, 0, 0, 0, 0, 0, 0, 0], [0, 2, 2, 0, 0, 0, 0, 0, 0, 0], [2, 2, 2, 2, 0, 0, 8, 0, 8, 0], [2, 2, 2, 2, 0, 0, 8, 8, 8, 0], [0, 0, 0, 0, 0, 0, 8, 8, 8, 0], [0, 0, 0, 0, 0, 0, 8, 0, 8, 0]], "output": [[0, 0, 0, 1, 0, 0, 0, 0, 0, 0], [0, 0, 1, 1, 1, 0, 9, 9, 9, 9], [0, 0, 0, 1, 0, 0, 9, 9, 9, 9], [0, 0, 0, 0, 0, 0, 9, 9, 9, 9], [0, 0, 0, 0, 0, 0, 0, 0, 0, 0], [0, 1, 1, 0, 0, 0, 0, 0, 0, 0], [1, 1, 1, 1, 0, 0, 9, 0, 9, 0], [1, 1, 1, 1, 0, 0, 9, 9, 9, 0], [0, 0, 0, 0, 0, 0, 9, 9, 9, 0], [0, 0, 0, 0, 0, 0, 9, 0, 9, 0]]}, {"input": [[3, 3, 3, 0, 0, 0, 0, 0, 0, 0], [3, 3, 3, 0, 0, 0, 0, 0, 0, 0], [3, 3, 3, 0, 0, 5, 5, 5, 5, 0], [3, 3, 3, 0, 0, 5, 5, 5, 5, 0], [0, 0, 0, 0, 0, 0, 0, 0, 0, 0], [2, 2, 2, 2, 0, 0, 0, 0, 0, 0], [0, 2, 2, 0, 0, 0, 0, 0, 0, 0], [0, 2, 2, 0, 0, 9, 9, 0, 0, 0], [2, 2, 2, 2, 0, 9, 9, 0, 0, 0], [0, 0, 0, 0, 0, 9, 9, 0, 0, 0]], "output": [[5, 5, 5, 0, 0, 0, 0, 0, 0, 0], [5, 5, 5, 0, 0, 0, 0, 0, 0, 0], [5, 5, 5, 0, 0, 5, 5, 5, 5, 0], [5, 5, 5, 0, 0, 5, 5, 5, 5, 0], [0, 0, 0, 0, 0, 0, 0, 0, 0, 0], [1, 1, 1, 1, 0, 0, 0, 0, 0, 0], [0, 1, 1, 0, 0, 0, 0, 0, 0, 0], [0, 1, 1, 0, 0, 8, 8, 0, 0, 0], [1, 1, 1, 1, 0, 8, 8, 0, 0, 0], [0, 0, 0, 0, 0, 8, 8, 0, 0, 0]]}, {"input": [[0, 0, 3, 3, 0, 0, 0, 0, 0, 0], [0, 0, 3, 3, 0, 0, 0, 0, 0, 0], [0, 0, 0, 0, 0, 8, 0, 8, 0, 0], [9, 9, 0, 0, 0, 8, 8, 8, 0, 0], [0, 9, 0, 0, 0, 0, 0, 0, 0, 0], [0, 9, 0, 0, 0, 0, 0, 0, 0, 0], [9, 9, 0, 0, 0, 0, 0, 0, 0, 0], [0, 0, 0, 9, 9, 0, 0, 0, 0, 0], [0, 0, 9, 9, 9, 9, 0, 0, 0, 0], [0, 0, 9, 9, 9, 9, 0, 0, 0, 0]], "output": [[0, 0, 5, 5, 0, 0, 0, 0, 0, 0], [0, 0, 5, 5, 0, 0, 0, 0, 0, 0], [0, 0, 0, 0, 0, 9, 0, 9, 0, 0], [8, 8, 0, 0, 0, 9, 9, 9, 0, 0], [0, 8, 0, 0, 0, 0, 0, 0, 0, 0], [0, 8, 0, 0, 0, 0, 0, 0, 0, 0], [8, 8, 0, 0, 0, 0, 0, 0, 0, 0], [0, 0, 0, 8, 8, 0, 0, 0, 0, 0], [0, 0, 8, 8, 8, 8, 0, 0, 0, 0], [0, 0, 8, 8, 8, 8, 0, 0, 0, 0]]}, {"input": [[0, 0, 0, 0, 0, 0, 0, 0, 0, 0], [0, 0, 0, 0, 0, 0, 0, 0, 0, 0], [0, 0, 0, 0, 0, 0, 0, 0, 0, 0], [0, 0, 0, 0, 0, 0, 0, 0, 0, 0], [0, 0, 0, 0, 0, 3, 3, 0, 0, 0], [0, 0, 0, 0, 0, 3, 3, 0, 0, 0], [0, 0, 0, 0, 0, 0, 0, 0, 0, 0], [3, 3, 0, 0, 0, 0, 0, 0, 0, 0], [0, 3, 0, 0, 1, 1, 1, 1, 0, 0], [3, 3, 0, 0, 1, 1, 1, 1, 0, 0]], "output": [[0, 0, 0, 0, 0, 0, 0, 0, 0, 0], [0, 0, 0, 0, 0, 0, 0, 0, 0, 0], [0, 0, 0, 0, 0, 0, 0, 0, 0, 0], [0, 0, 0, 0, 0, 0, 0, 0, 0, 0], [0, 0, 0, 0, 0, 5, 5, 0, 0, 0], [0, 0, 0, 0, 0, 5, 5, 0, 0, 0], [0, 0, 0, 0, 0, 0, 0, 0, 0, 0], [5, 5, 0, 0, 0, 0, 0, 0, 0, 0], [0, 5, 0, 0, 2, 2, 2, 2, 0, 0], [5, 5, 0, 0, 2, 2, 2, 2, 0, 0]]}, {"input": [[0, 0, 0, 0, 0, 0, 0, 0, 0, 0], [0, 0, 0, 0, 0, 0, 0, 0, 0, 0], [0, 0, 0, 0, 0, 0, 0, 0, 0, 0], [0, 0, 0, 4, 4, 0, 0, 0, 0, 0], [0, 0, 4, 4, 4, 4, 0, 2, 2, 0], [0, 0, 4, 4, 4, 4, 0, 2, 2, 0], [0, 0, 0, 4, 4, 0, 0, 2, 2, 0], [0, 0, 0, 0, 0, 0, 0, 2, 2, 0], [0, 0, 0, 0, 0, 0, 0, 0, 0, 0], [0, 0, 0, 0, 0, 0, 0, 0, 0, 0]], "output": [[0, 0, 0, 0, 0, 0, 0, 0, 0, 0], [0, 0, 0, 0, 0, 0, 0, 0, 0, 0], [0, 0, 0, 0, 0, 0, 0, 0, 0, 0], [0, 0, 0, 1, 1, 0, 0, 0, 0, 0], [0, 0, 1, 1, 1, 1, 0, 1, 1, 0], [0, 0, 1, 1, 1, 1, 0, 1, 1, 0], [0, 0, 0, 1, 1, 0, 0, 1, 1, 0], [0, 0, 0, 0, 0, 0, 0, 1, 1, 0], [0, 0, 0, 0, 0, 0, 0, 0, 0, 0], [0, 0, 0, 0, 0, 0, 0, 0, 0, 0]]}, {"input": [[0, 0, 0, 0, 0, 0, 0, 0, 0, 0], [0, 0, 0, 0, 0, 0, 0, 0, 0, 0], [0, 8, 8, 8, 8, 0, 8, 8, 0, 8], [0, 8, 8, 8, 8, 0, 0, 8, 8, 8], [0, 0, 0, 0, 0, 0, 8, 8, 8, 0], [0, 0, 2, 2, 0, 0, 8, 0, 8, 8], [0, 0, 2, 2, 0, 0, 0, 0, 0, 0], [0, 0, 0, 0, 0, 0, 0, 0, 0, 0], [0, 7, 7, 7, 0, 0, 4, 4, 0, 0], [0, 7, 7, 7, 0, 4, 4, 4, 4, 0]], "output": [[0, 0, 0, 0, 0, 0, 0, 0, 0, 0], [0, 0, 0, 0, 0, 0, 0, 0, 0, 0], [0, 9, 9, 9, 9, 0, 9, 9, 0, 9], [0, 9, 9, 9, 9, 0, 0, 9, 9, 9], [0, 0, 0, 0, 0, 0, 9, 9, 9, 0], [0, 0, 1, 1, 0, 0, 9, 0, 9, 9], [0, 0, 1, 1, 0, 0, 0, 0, 0, 0], [0, 0, 0, 0, 0, 0, 0, 0, 0, 0], [0, 6, 6, 6, 0, 0, 1, 1, 0, 0], [0, 6, 6, 6, 0, 1, 1, 1, 1, 0]]}, {"input": [[8, 0, 0, 8, 0, 2, 2, 0, 0, 0], [8, 8, 8, 8, 0, 2, 2, 0, 0, 0], [0, 0, 0, 0, 0, 0, 0, 0, 0, 0], [0, 2, 2, 0, 0, 0, 0, 0, 5, 0], [2, 2, 2, 2, 0, 0, 0, 5, 5, 5], [0, 0, 0, 0, 0, 0, 0, 0, 5, 0], [0, 0, 0, 0, 2, 2, 2, 0, 0, 0], [6, 6, 0, 0, 2, 0, 2, 0, 0, 0], [6, 6, 0, 0, 2, 2, 2, 0, 0, 0], [0, 0, 0, 0, 0, 0, 0, 0, 0, 0]], "output": [[9, 0, 0, 9, 0, 1, 1, 0, 0, 0], [9, 9, 9, 9, 0, 1, 1, 0, 0, 0], [0, 0, 0, 0, 0, 0, 0, 0, 0, 0], [0, 1, 1, 0, 0, 0, 0, 0, 5, 0], [1, 1, 1, 1, 0, 0, 0, 5, 5, 5], [0, 0, 0, 0, 0, 0, 0, 0, 5, 0], [0, 0, 0, 0, 1, 1, 1, 0, 0, 0], [7, 7, 0, 0, 1, 0, 1, 0, 0, 0], [7, 7, 0, 0, 1, 1, 1, 0, 0, 0], [0, 0, 0, 0, 0, 0, 0, 0, 0, 0]]}, {"input": [[0, 0, 0, 0, 0, 0, 0, 0, 0, 0], [0, 0, 1, 1, 0, 0, 0, 0, 0, 0], [0, 0, 1, 1, 0, 0, 0, 0, 0, 0], [0, 0, 1, 1, 0, 0, 0, 0, 0, 0], [0, 0, 0, 0, 0, 0, 3, 3, 0, 0], [0, 0, 0, 0, 0, 0, 3, 3, 0, 0], [0, 0, 0, 0, 0, 0, 3, 3, 0, 0], [0, 0, 0, 5, 0, 0, 3, 3, 0, 0], [0, 0, 5, 5, 0, 0, 0, 0, 0, 0], [0, 5, 5, 0, 0, 0, 0, 0, 0, 0]], "output": [[0, 0, 0, 0, 0, 0, 0, 0, 0, 0], [0, 0, 2, 2, 0, 0, 0, 0, 0, 0], [0, 0, 2, 2, 0, 0, 0, 0, 0, 0], [0, 0, 2, 2, 0, 0, 0, 0, 0, 0], [0, 0, 0, 0, 0, 0, 5, 5, 0, 0], [0, 0, 0, 0, 0, 0, 5, 5, 0, 0], [0, 0, 0, 0, 0, 0, 5, 5, 0, 0], [0, 0, 0, 5, 0, 0, 5, 5, 0, 0], [0, 0, 5, 5, 0, 0, 0, 0, 0, 0], [0, 5, 5, 0, 0, 0, 0, 0, 0, 0]]}, {"input": [[0, 0, 0, 0, 0, 0, 0, 0, 0, 0], [0, 0, 0, 0, 0, 0, 0, 0, 0, 0], [1, 1, 1, 0, 0, 0, 0, 0, 0, 0], [1, 0, 1, 0, 0, 1, 1, 1, 1, 0], [0, 0, 0, 0, 0, 1, 1, 1, 1, 0], [0, 0, 0, 0, 0, 1, 1, 1, 1, 0], [0, 0, 0, 0, 0, 1, 0, 0, 1, 0], [7, 0, 0, 7, 0, 0, 0, 0, 0, 0], [7, 7, 7, 7, 0, 0, 9, 9, 9, 0], [7, 7, 7, 7, 0, 0, 9, 9, 9, 0]], "output": [[0, 0, 0, 0, 0, 0, 0, 0, 0, 0], [0, 0, 0, 0, 0, 0, 0, 0, 0, 0], [2, 2, 2, 0, 0, 0, 0, 0, 0, 0], [2, 0, 2, 0, 0, 2, 2, 2, 2, 0], [0, 0, 0, 0, 0, 2, 2, 2, 2, 0], [0, 0, 0, 0, 0, 2, 2, 2, 2, 0], [0, 0, 0, 0, 0, 2, 0, 0, 2, 0], [6, 0, 0, 6, 0, 0, 0, 0, 0, 0], [6, 6, 6, 6, 0, 0, 8, 8, 8, 0], [6, 6, 6, 6, 0, 0, 8, 8, 8, 0]]}, {"input": [[0, 0, 0, 0, 0, 0, 0, 2, 2, 0], [0, 0, 7, 7, 0, 0, 0, 2, 2, 2], [0, 0, 7, 7, 0, 0, 0, 0, 2, 2], [0, 0, 0, 0, 0, 0, 0, 0, 0, 0], [0, 0, 0, 4, 4, 4, 4, 0, 0, 0], [0, 0, 0, 4, 4, 4, 4, 0, 0, 0], [0, 0, 0, 4, 4, 4, 4, 0, 0, 0], [0, 0, 0, 0, 0, 0, 0, 0, 0, 0], [0, 0, 4, 0, 0, 0, 9, 9, 9, 9], [0, 4, 4, 4, 0, 0, 9, 9, 9, 9]], "output": [[0, 0, 0, 0, 0, 0, 0, 1, 1, 0], [0, 0, 6, 6, 0, 0, 0, 1, 1, 1], [0, 0, 6, 6, 0, 0, 0, 0, 1, 1], [0, 0, 0, 0, 0, 0, 0, 0, 0, 0], [0, 0, 0, 1, 1, 1, 1, 0, 0, 0], [0, 0, 0, 1, 1, 1, 1, 0, 0, 0], [0, 0, 0, 1, 1, 1, 1, 0, 0, 0], [0, 0, 0, 0, 0, 0, 0, 0, 0, 0], [0, 0, 1, 0, 0, 0, 8, 8, 8, 8], [0, 1, 1, 1, 0, 0, 8, 8, 8, 8]]}, {"input": [[0, 0, 0, 6, 6, 6, 6, 0, 0, 0], [0, 0, 0, 6, 6, 6, 6, 0, 0, 0], [0, 0, 0, 6, 6, 6, 6, 0, 0, 0], [0, 0, 0, 6, 6, 6, 6, 0, 3, 3], [0, 0, 0, 0, 0, 0, 0, 0, 3, 3], [0, 0, 0, 0, 0, 0, 0, 0, 3, 3], [0, 0, 0, 0, 0, 0, 0, 0, 3, 3], [0, 0, 0, 7, 0, 0, 0, 0, 0, 0], [0, 0, 7, 7, 7, 0, 5, 5, 0, 0], [0, 0, 0, 7, 7, 0, 5, 5, 0, 0]], "output": [[0, 0, 0, 7, 7, 7, 7, 0, 0, 0], [0, 0, 0, 7, 7, 7, 7, 0, 0, 0], [0, 0, 0, 7, 7, 7, 7, 0, 0, 0], [0, 0, 0, 7, 7, 7, 7, 0, 5, 5], [0, 0, 0, 0, 0, 0, 0, 0, 5, 5], [0, 0, 0, 0, 0, 0, 0, 0, 5, 5], [0, 0, 0, 0, 0, 0, 0, 0, 5, 5], [0, 0, 0, 6, 0, 0, 0, 0, 0, 0], [0, 0, 6, 6, 6, 0, 5, 5, 0, 0], [0, 0, 0, 6, 6, 0, 5, 5, 0, 0]]}, {"input": [[0, 0, 0, 0, 0, 0, 0, 0, 0, 0], [0, 0, 0, 0, 0, 0, 0, 0, 0, 0], [0, 0, 0, 0, 0, 0, 0, 0, 0, 0], [0, 0, 0, 7, 7, 7, 7, 0, 0, 0], [0, 9, 0, 7, 7, 7, 7, 0, 0, 0], [9, 9, 0, 7, 7, 7, 7, 0, 0, 0], [0, 9, 0, 0, 0, 0, 0, 0, 0, 0], [0, 0, 0, 1, 1, 1, 1, 0, 0, 0], [0, 0, 0, 0, 0, 1, 1, 0, 0, 0], [0, 0, 0, 1, 1, 1, 1, 0, 0, 0]], "output": [[0, 0, 0, 0, 0, 0, 0, 0, 0, 0], [0, 0, 0, 0, 0, 0, 0, 0, 0, 0], [0, 0, 0, 0, 0, 0, 0, 0, 0, 0], [0, 0, 0, 6, 6, 6, 6, 0, 0, 0], [0, 8, 0, 6, 6, 6, 6, 0, 0, 0], [8, 8, 0, 6, 6, 6, 6, 0, 0, 0], [0, 8, 0, 0, 0, 0, 0, 0, 0, 0], [0, 0, 0, 2, 2, 2, 2, 0, 0, 0], [0, 0, 0, 0, 0, 2, 2, 0, 0, 0], [0, 0, 0, 2, 2, 2, 2, 0, 0, 0]]}, {"input": [[0, 0, 0, 0, 7, 0, 0, 0, 0, 0], [0, 0, 0, 7, 7, 7, 0, 0, 0, 0], [0, 0, 0, 0, 7, 0, 0, 0, 0, 0], [0, 0, 0, 0, 0, 0, 2, 0, 0, 0], [0, 0, 0, 0, 0, 0, 2, 2, 2, 0], [2, 2, 2, 0, 0, 0, 0, 0, 0, 0], [2, 0, 2, 0, 0, 1, 1, 1, 0, 0], [0, 0, 0, 0, 0, 1, 1, 1, 0, 0], [0, 1, 1, 1, 0, 0, 0, 0, 0, 0], [0, 1, 1, 1, 0, 0, 0, 0, 0, 0]], "output": [[0, 0, 0, 0, 6, 0, 0, 0, 0, 0], [0, 0, 0, 6, 6, 6, 0, 0, 0, 0], [0, 0, 0, 0, 6, 0, 0, 0, 0, 0], [0, 0, 0, 0, 0, 0, 1, 0, 0, 0], [0, 0, 0, 0, 0, 0, 1, 1, 1, 0], [1, 1, 1, 0, 0, 0, 0, 0, 0, 0], [1, 0, 1, 0, 0, 2, 2, 2, 0, 0], [0, 0, 0, 0, 0, 2, 2, 2, 0, 0], [0, 2, 2, 2, 0, 0, 0, 0, 0, 0], [0, 2, 2, 2, 0, 0, 0, 0, 0, 0]]}, {"input": [[0, 0, 0, 0, 0, 0, 0, 0, 9, 9], [0, 0, 0, 0, 0, 6, 6, 0, 9, 9], [0, 0, 0, 0, 0, 6, 6, 0, 9, 9], [0, 0, 0, 0, 0, 6, 6, 0, 9, 9], [0, 0, 8, 8, 0, 0, 0, 0, 0, 0], [0, 0, 8, 8, 0, 3, 3, 3, 0, 0], [0, 0, 8, 8, 0, 3, 3, 3, 0, 0], [0, 0, 8, 8, 0, 0, 0, 0, 0, 0], [0, 0, 0, 0, 0, 0, 6, 6, 6, 0], [0, 0, 0, 0, 0, 0, 6, 6, 6, 0]], "output": [[0, 0, 0, 0, 0, 0, 0, 0, 8, 8], [0, 0, 0, 0, 0, 7, 7, 0, 8, 8], [0, 0, 0, 0, 0, 7, 7, 0, 8, 8], [0, 0, 0, 0, 0, 7, 7, 0, 8, 8], [0, 0, 9, 9, 0, 0, 0, 0, 0, 0], [0, 0, 9, 9, 0, 5, 5, 5, 0, 0], [0, 0, 9, 9, 0, 5, 5, 5, 0, 0], [0, 0, 9, 9, 0, 0, 0, 0, 0, 0], [0, 0, 0, 0, 0, 0, 7, 7, 7, 0], [0, 0, 0, 0, 0, 0, 7, 7, 7, 0]]}, {"input": [[0, 0, 0, 0, 0, 0, 0, 0, 0, 0], [0, 1, 0, 0, 0, 0, 0, 0, 0, 0], [1, 1, 1, 0, 8, 8, 8, 8, 0, 0], [1, 1, 1, 0, 8, 8, 8, 8, 0, 0], [0, 0, 0, 0, 0, 0, 0, 0, 0, 0], [0, 0, 6, 6, 6, 6, 0, 0, 8, 8], [0, 0, 6, 6, 6, 6, 0, 0, 8, 8], [0, 0, 0, 0, 0, 0, 0, 0, 8, 8], [0, 7, 7, 7, 7, 0, 0, 0, 8, 8], [0, 7, 7, 7, 7, 0, 0, 0, 0, 0]], "output": [[0, 0, 0, 0, 0, 0, 0, 0, 0, 0], [0, 2, 0, 0, 0, 0, 0, 0, 0, 0], [2, 2, 2, 0, 9, 9, 9, 9, 0, 0], [2, 2, 2, 0, 9, 9, 9, 9, 0, 0], [0, 0, 0, 0, 0, 0, 0, 0, 0, 0], [0, 0, 7, 7, 7, 7, 0, 0, 9, 9], [0, 0, 7, 7, 7, 7, 0, 0, 9, 9], [0, 0, 0, 0, 0, 0, 0, 0, 9, 9], [0, 6, 6, 6, 6, 0, 0, 0, 9, 9], [0, 6, 6, 6, 6, 0, 0, 0, 0, 0]]}, {"input": [[0, 0, 0, 0, 0, 0, 0, 0, 0, 0], [0, 0, 0, 0, 0, 0, 0, 0, 0, 0], [0, 4, 4, 4, 0, 0, 5, 5, 0, 0], [0, 0, 0, 4, 0, 0, 0, 5, 0, 0], [0, 0, 0, 4, 0, 0, 5, 5, 0, 0], [0, 0, 0, 0, 0, 0, 0, 0, 0, 0], [0, 5, 0, 0, 5, 0, 0, 0, 0, 0], [0, 5, 5, 5, 5, 0, 0, 0, 0, 0], [0, 5, 5, 5, 5, 0, 0, 0, 7, 7], [0, 5, 0, 0, 5, 0, 0, 0, 7, 7]], "output": [[0, 0, 0, 0, 0, 0, 0, 0, 0, 0], [0, 0, 0, 0, 0, 0, 0, 0, 0, 0], [0, 1, 1, 1, 0, 0, 5, 5, 0, 0], [0, 0, 0, 1, 0, 0, 0, 5, 0, 0], [0, 0, 0, 1, 0, 0, 5, 5, 0, 0], [0, 0, 0, 0, 0, 0, 0, 0, 0, 0], [0, 5, 0, 0, 5, 0, 0, 0, 0, 0], [0, 5, 5, 5, 5, 0, 0, 0, 0, 0], [0, 5, 5, 5, 5, 0, 0, 0, 6, 6], [0, 5, 0, 0, 5, 0, 0, 0, 6, 6]]}, {"input": [[0, 0, 0, 0, 0, 0, 0, 0, 0, 0], [0, 1, 0, 1, 0, 0, 0, 0, 0, 0], [0, 1, 1, 1, 0, 0, 4, 4, 4, 0], [0, 1, 1, 1, 0, 0, 4, 4, 4, 0], [0, 0, 0, 0, 0, 0, 4, 4, 4, 0], [0, 0, 0, 7, 7, 0, 4, 4, 4, 0], [0, 0, 0, 7, 7, 0, 0, 0, 0, 0], [0, 0, 0, 7, 7, 0, 0, 0, 0, 0], [8, 8, 0, 7, 7, 0, 0, 0, 0, 0], [8, 8, 0, 0, 0, 0, 0, 0, 0, 0]], "output": [[0, 0, 0, 0, 0, 0, 0, 0, 0, 0], [0, 2, 0, 2, 0, 0, 0, 0, 0, 0], [0, 2, 2, 2, 0, 0, 1, 1, 1, 0], [0, 2, 2, 2, 0, 0, 1, 1, 1, 0], [0, 0, 0, 0, 0, 0, 1, 1, 1, 0], [0, 0, 0, 6, 6, 0, 1, 1, 1, 0], [0, 0, 0, 6, 6, 0, 0, 0, 0, 0], [0, 0, 0, 6, 6, 0, 0, 0, 0, 0], [9, 9, 0, 6, 6, 0, 0, 0, 0, 0], [9, 9, 0, 0, 0, 0, 0, 0, 0, 0]]}, {"input": [[0, 0, 0, 0, 0, 0, 0, 0, 0, 0], [0, 0, 9, 9, 9, 9, 0, 9, 9, 0], [0, 0, 9, 9, 9, 9, 0, 9, 9, 0], [0, 0, 9, 0, 0, 9, 0, 0, 0, 0], [0, 0, 0, 0, 0, 0, 0, 0, 0, 0], [0, 0, 0, 0, 0, 9, 9, 0, 0, 0], [0, 0, 0, 0, 0, 9, 9, 0, 0, 0], [0, 0, 0, 0, 0, 9, 9, 0, 0, 0], [5, 5, 5, 5, 0, 9, 9, 0, 0, 0], [0, 5, 5, 0, 0, 0, 0, 0, 0, 0]], "output": [[0, 0, 0, 0, 0, 0, 0, 0, 0, 0], [0, 0, 8, 8, 8, 8, 0, 8, 8, 0], [0, 0, 8, 8, 8, 8, 0, 8, 8, 0], [0, 0, 8, 0, 0, 8, 0, 0, 0, 0], [0, 0, 0, 0, 0, 0, 0, 0, 0, 0], [0, 0, 0, 0, 0, 8, 8, 0, 0, 0], [0, 0, 0, 0, 0, 8, 8, 0, 0, 0], [0, 0, 0, 0, 0, 8, 8, 0, 0, 0], [5, 5, 5, 5, 0, 8, 8, 0, 0, 0], [0, 5, 5, 0, 0, 0, 0, 0, 0, 0]]}], "test": [{"input": [[0, 0, 0, 0, 0, 0, 0, 0, 0, 0], [0, 0, 0, 0, 0, 0, 4, 4, 4, 0], [0, 0, 0, 0, 0, 0, 4, 4, 4, 0], [0, 7, 0, 0, 0, 0, 0, 0, 0, 0], [0, 7, 0, 0, 0, 0, 0, 0, 0, 0], [0, 7, 0, 0, 0, 0, 0, 0, 0, 0], [0, 7, 7, 0, 0, 0, 0, 1, 1, 0], [0, 0, 0, 0, 9, 0, 0, 1, 1, 0], [0, 0, 9, 9, 9, 9, 0, 1, 1, 0], [0, 0, 9, 0, 0, 0, 0, 1, 1, 0]], "output": [[0, 0, 0, 0, 0, 0, 0, 0, 0, 0], [0, 0, 0, 0, 0, 0, 1, 1, 1, 0], [0, 0, 0, 0, 0, 0, 1, 1, 1, 0], [0, 6, 0, 0, 0, 0, 0, 0, 0, 0], [0, 6, 0, 0, 0, 0, 0, 0, 0, 0], [0, 6, 0, 0, 0, 0, 0, 0, 0, 0], [0, 6, 6, 0, 0, 0, 0, 2, 2, 0], [0, 0, 0, 0, 8, 0, 0, 2, 2, 0], [0, 0, 8, 8, 8, 8, 0, 2, 2, 0], [0, 0, 8, 0, 0, 0, 0, 2, 2, 0]]}, {"input": [[0, 2, 2, 0, 0, 0, 0, 0, 0, 0], [0, 2, 2, 0, 0, 0, 0, 0, 0, 0], [0, 2, 2, 0, 4, 4, 0, 0, 0, 0], [0, 2, 2, 0, 4, 4, 4, 0, 6, 0], [0, 0, 0, 0, 0, 4, 4, 0, 6, 6], [0, 0, 0, 0, 0, 0, 0, 0, 0, 0], [0, 0, 0, 0, 0, 0, 0, 0, 0, 0], [0, 0, 9, 9, 9, 9, 0, 1, 1, 0], [0, 0, 9, 9, 9, 9, 0, 1, 1, 0], [0, 0, 0, 0, 0, 0, 0, 1, 1, 0]], "output": [[0, 1, 1, 0, 0, 0, 0, 0, 0, 0], [0, 1, 1, 0, 0, 0, 0, 0, 0, 0], [0, 1, 1, 0, 1, 1, 0, 0, 0, 0], [0, 1, 1, 0, 1, 1, 1, 0, 7, 0], [0, 0, 0, 0, 0, 1, 1, 0, 7, 7], [0, 0, 0, 0, 0, 0, 0, 0, 0, 0], [0, 0, 0, 0, 0, 0, 0, 0, 0, 0], [0, 0, 8, 8, 8, 8, 0, 2, 2, 0], [0, 0, 8, 8, 8, 8, 0, 2, 2, 0], [0, 0, 0, 0, 0, 0, 0, 2, 2, 0]]}, {"input": [[0, 0, 0, 0, 0, 0, 0, 0, 0, 0], [0, 0, 0, 0, 4, 4, 0, 0, 0, 0], [0, 0, 0, 4, 4, 4, 4, 0, 0, 0], [5, 5, 0, 4, 4, 4, 4, 0, 0, 0], [5, 5, 0, 0, 0, 0, 0, 0, 0, 0], [5, 5, 0, 4, 4, 0, 0, 0, 0, 0], [0, 0, 0, 4, 4, 0, 0, 6, 6, 6], [0, 0, 0, 4, 4, 0, 0, 6, 6, 0], [0, 0, 0, 4, 4, 0, 0, 6, 6, 0], [0, 0, 0, 0, 0, 0, 0, 6, 6, 6]], "output": [[0, 0, 0, 0, 0, 0, 0, 0, 0, 0], [0, 0, 0, 0, 1, 1, 0, 0, 0, 0], [0, 0, 0, 1, 1, 1, 1, 0, 0, 0], [5, 5, 0, 1, 1, 1, 1, 0, 0, 0], [5, 5, 0, 0, 0, 0, 0, 0, 0, 0], [5, 5, 0, 1, 1, 0, 0, 0, 0, 0], [0, 0, 0, 1, 1, 0, 0, 7, 7, 7], [0, 0, 0, 1, 1, 0, 0, 7, 7, 0], [0, 0, 0, 1, 1, 0, 0, 7, 7, 0], [0, 0, 0, 0, 0, 0, 0, 7, 7, 7]]}]}