{"train": [{"input": [[0, 0, 0, 0, 0, 0, 0, 0, 0, 0], [0, 0, 0, 0, 0, 0, 7, 0, 7, 0], [0, 0, 0, 0, 0, 0, 7, 0, 7, 0], [0, 0, 0, 0, 0, 0, 7, 7, 7, 0], [0, 0, 0, 0, 0, 0, 7, 7, 7, 0], [0, 0, 0, 0, 0, 0, 0, 0, 0, 0], [0, 0, 0, 0, 0, 0, 0, 0, 0, 0], [0, 0, 0, 0, 0, 0, 0, 0, 0, 0], [0, 0, 0, 0, 0, 0, 0, 0, 0, 0], [0, 0, 0, 0, 0, 0, 0, 0, 0, 0]], "output": [[3, 3, 3, 3, 3, 3, 3, 3, 3, 3], [3, 3, 3, 3, 3, 3, 7, 3, 7, 3], [3, 3, 3, 3, 3, 3, 7, 3, 7, 3], [3, 3, 3, 3, 3, 3, 7, 7, 7, 3], [3, 3, 3, 3, 3, 3, 7, 7, 7, 3], [3, 3, 3, 3, 3, 3, 3, 3, 3, 3], [3, 3, 3, 3, 3, 3, 3, 3, 3, 3], [3, 3, 3, 3, 3, 3, 3, 3, 3, 3], [3, 3, 3, 3, 3, 3, 3, 3, 3, 3], [3, 3, 3, 3, 3, 3, 3, 3, 3, 3]]}, {"input": [[0, 0, 0, 0, 0, 0, 0, 0, 0, 0], [0, 0, 0, 0, 0, 0, 0, 0, 0, 0], [0, 0, 0, 0, 0, 0, 0, 0, 0, 0], [0, 0, 0, 0, 0, 0, 0, 0, 0, 0], [0, 0, 0, 0, 0, 0, 0, 0, 0, 0], [0, 2, 2, 2, 2, 2, 2, 0, 0, 0], [0, 2, 4, 0, 0, 4, 2, 0, 0, 0], [0, 2, 2, 2, 2, 2, 2, 0, 0, 0], [0, 2, 2, 2, 2, 2, 2, 0, 0, 0], [0, 0, 0, 0, 0, 0, 0, 0, 0, 0]], "output": [[3, 3, 3, 3, 3, 3, 3, 3, 3, 3], [3, 3, 3, 3, 3, 3, 3, 3, 3, 3], [3, 3, 3, 3, 3, 3, 3, 3, 3, 3], [3, 3, 3, 3, 3, 3, 3, 3, 3, 3], [3, 3, 3, 3, 3, 3, 3, 3, 3, 3], [3, 2, 2, 2, 2, 2, 2, 2, 2, 3], [3, 2, 4, 2, 3, 4, 2, 3, 2, 3], [3, 2, 2, 2, 2, 2, 2, 2, 2, 3], [3, 2, 2, 2, 2, 2, 2, 2, 2, 3], [3, 3, 3, 3, 3, 3, 3, 3, 3, 3]]}, {"input": [[0, 0, 0, 2, 2, 0, 0, 0, 0, 0], [0, 0, 0, 4, 2, 4, 2, 0, 0, 0], [0, 0, 2, 2, 2, 2, 2, 0, 0, 0], [0, 0, 2, 4, 2, 4, 0, 0, 0, 0], [0, 0, 0, 0, 2, 2, 0, 0, 0, 0], [0, 0, 0, 0, 0, 0, 0, 0, 0, 0], [0, 0, 0, 0, 0, 0, 0, 0, 0, 0], [0, 0, 0, 0, 0, 0, 0, 0, 0, 0], [0, 0, 0, 0, 0, 0, 0, 0, 0, 0], [0, 0, 0, 0, 0, 0, 0, 0, 0, 0]], "output": [[3, 3, 3, 2, 2, 2, 2, 3, 3, 3], [3, 3, 3, 4, 2, 4, 2, 3, 3, 3], [3, 3, 2, 2, 2, 2, 2, 2, 3, 3], [3, 3, 2, 4, 2, 4, 3, 2, 3, 3], [3, 3, 3, 3, 2, 2, 3, 3, 3, 3], [3, 3, 3, 3, 3, 3, 3, 3, 3, 3], [3, 3, 3, 3, 3, 3, 3, 3, 3, 3], [3, 3, 3, 3, 3, 3, 3, 3, 3, 3], [3, 3, 3, 3, 3, 3, 3, 3, 3, 3], [3, 3, 3, 3, 3, 3, 3, 3, 3, 3]]}, {"input": [[0, 0, 0, 0, 0, 0, 0, 0, 0, 0], [0, 0, 0, 0, 0, 0, 0, 0, 0, 0], [0, 0, 0, 0, 0, 0, 0, 6, 6, 6], [0, 0, 0, 0, 0, 0, 0, 6, 0, 6], [0, 0, 0, 0, 0, 0, 0, 0, 6, 6], [0, 0, 0, 0, 0, 0, 0, 0, 0, 0], [0, 0, 0, 0, 0, 0, 0, 0, 0, 0], [0, 0, 0, 0, 0, 0, 0, 0, 0, 0], [0, 0, 0, 0, 0, 0, 0, 0, 0, 0], [0, 0, 0, 0, 0, 0, 0, 0, 0, 0]], "output": [[3, 3, 3, 3, 3, 3, 3, 3, 3, 3], [3, 3, 3, 3, 3, 3, 3, 3, 3, 3], [3, 3, 3, 3, 3, 3, 3, 6, 6, 6], [3, 3, 3, 3, 3, 3, 3, 6, 3, 6], [3, 3, 3, 3, 3, 3, 3, 3, 6, 6], [3, 3, 3, 3, 3, 3, 3, 3, 3, 3], [3, 3, 3, 3, 3, 3, 3, 3, 3, 3], [3, 3, 3, 3, 3, 3, 3, 3, 3, 3], [3, 3, 3, 3, 3, 3, 3, 3, 3, 3], [3, 3, 3, 3, 3, 3, 3, 3, 3, 3]]}, {"input": [[0, 0, 0, 0, 0, 0, 0, 0, 0, 0], [0, 0, 0, 0, 0, 0, 0, 0, 0, 0], [0, 0, 0, 0, 0, 0, 0, 0, 0, 0], [0, 0, 0, 0, 0, 0, 0, 0, 0, 0], [0, 0, 0, 0, 0, 0, 0, 0, 0, 0], [0, 0, 0, 0, 0, 0, 5, 5, 5, 5], [0, 0, 0, 0, 0, 0, 2, 2, 2, 2], [0, 0, 0, 0, 0, 0, 5, 5, 5, 5], [0, 0, 0, 0, 0, 0, 5, 5, 5, 5], [0, 0, 0, 0, 0, 0, 0, 5, 5, 0]], "output": [[3, 3, 3, 3, 3, 3, 3, 3, 3, 3], [3, 3, 3, 3, 3, 3, 3, 3, 3, 3], [3, 3, 3, 3, 3, 3, 3, 3, 3, 3], [3, 3, 3, 3, 3, 3, 3, 3, 3, 3], [3, 3, 3, 3, 3, 3, 3, 3, 3, 3], [3, 3, 3, 3, 3, 3, 5, 5, 5, 5], [2, 2, 2, 2, 3, 3, 2, 2, 2, 2], [3, 3, 3, 3, 3, 3, 5, 5, 5, 5], [3, 3, 3, 3, 3, 3, 5, 5, 5, 5], [3, 3, 3, 3, 3, 3, 3, 5, 5, 3]]}, {"input": [[0, 0, 0, 0, 0, 0, 0, 0, 0, 0], [0, 0, 0, 0, 0, 0, 0, 0, 0, 0], [0, 0, 0, 0, 0, 0, 0, 0, 0, 0], [0, 0, 0, 0, 0, 0, 0, 2, 9, 9], [0, 0, 0, 0, 0, 0, 0, 2, 9, 9], [0, 0, 0, 0, 0, 0, 0, 0, 9, 2], [0, 0, 0, 0, 0, 0, 0, 0, 9, 2], [0, 0, 0, 0, 0, 0, 0, 2, 9, 9], [0, 0, 0, 0, 0, 0, 0, 2, 9, 9], [0, 0, 0, 0, 0, 0, 0, 0, 0, 0]], "output": [[3, 3, 3, 3, 3, 3, 3, 3, 3, 3], [3, 3, 3, 3, 3, 3, 3, 3, 3, 3], [3, 3, 3, 3, 3, 3, 3, 3, 3, 3], [3, 3, 2, 3, 3, 3, 3, 2, 9, 9], [3, 3, 2, 3, 3, 3, 3, 2, 9, 9], [2, 3, 3, 3, 3, 3, 3, 3, 9, 2], [2, 3, 3, 3, 3, 3, 3, 3, 9, 2], [3, 3, 2, 3, 3, 3, 3, 2, 9, 9], [3, 3, 2, 3, 3, 3, 3, 2, 9, 9], [3, 3, 3, 3, 3, 3, 3, 3, 3, 3]]}, {"input": [[0, 0, 0, 0, 0, 0, 0, 0, 0, 0], [0, 0, 0, 0, 0, 0, 0, 0, 0, 0], [0, 0, 0, 0, 0, 0, 0, 0, 0, 0], [0, 0, 0, 0, 2, 2, 2, 0, 0, 0], [0, 0, 0, 0, 3, 3, 3, 0, 0, 0], [0, 0, 0, 0, 3, 3, 3, 0, 0, 0], [0, 0, 0, 0, 3, 0, 3, 0, 0, 0], [0, 0, 0, 0, 2, 0, 2, 0, 0, 0], [0, 0, 0, 0, 0, 0, 0, 0, 0, 0], [0, 0, 0, 0, 0, 0, 0, 0, 0, 0]], "output": [[3, 3, 3, 3, 3, 3, 3, 3, 3, 3], [3, 3, 3, 3, 3, 3, 3, 3, 3, 3], [3, 3, 3, 3, 3, 3, 3, 3, 3, 3], [3, 3, 3, 2, 2, 2, 2, 3, 3, 3], [3, 3, 3, 3, 3, 3, 3, 3, 3, 3], [3, 3, 3, 3, 3, 3, 3, 3, 3, 3], [3, 3, 3, 3, 3, 3, 3, 3, 3, 3], [3, 3, 3, 2, 2, 2, 2, 3, 3, 3], [3, 3, 3, 3, 3, 3, 3, 3, 3, 3], [3, 3, 3, 3, 3, 3, 3, 3, 3, 3]]}, {"input": [[0, 0, 0, 0, 0, 0, 0, 0, 0, 0], [0, 0, 0, 0, 2, 2, 2, 0, 0, 0], [0, 0, 0, 1, 2, 2, 2, 1, 0, 0], [0, 0, 0, 1, 1, 1, 1, 1, 0, 0], [0, 0, 0, 1, 2, 2, 2, 1, 0, 0], [0, 0, 0, 1, 2, 1, 2, 1, 0, 0], [0, 0, 0, 0, 1, 1, 1, 0, 0, 0], [0, 0, 0, 0, 0, 0, 0, 0, 0, 0], [0, 0, 0, 0, 0, 0, 0, 0, 0, 0], [0, 0, 0, 0, 0, 0, 0, 0, 0, 0]], "output": [[3, 3, 3, 3, 3, 3, 3, 3, 3, 3], [3, 3, 3, 2, 2, 2, 2, 3, 3, 3], [3, 3, 3, 1, 2, 2, 2, 1, 3, 3], [3, 3, 3, 1, 1, 1, 1, 1, 3, 3], [3, 3, 3, 1, 2, 2, 2, 1, 3, 3], [3, 3, 3, 1, 2, 1, 2, 1, 3, 3], [3, 3, 3, 3, 1, 1, 1, 3, 3, 3], [3, 3, 3, 3, 3, 3, 3, 3, 3, 3], [3, 3, 3, 3, 3, 3, 3, 3, 3, 3], [3, 3, 3, 3, 3, 3, 3, 3, 3, 3]]}, {"input": [[0, 0, 0, 0, 0, 0, 0, 0, 0, 0], [0, 0, 0, 0, 0, 0, 0, 0, 0, 0], [0, 0, 0, 0, 0, 0, 0, 0, 0, 0], [0, 0, 0, 0, 0, 0, 0, 0, 0, 0], [0, 0, 0, 0, 0, 0, 0, 0, 0, 0], [0, 0, 0, 0, 0, 0, 2, 2, 0, 0], [0, 0, 0, 0, 7, 2, 2, 2, 2, 7], [0, 0, 0, 0, 7, 2, 2, 2, 2, 7], [0, 0, 0, 0, 0, 0, 2, 2, 0, 0], [0, 0, 0, 0, 0, 0, 0, 0, 0, 0]], "output": [[3, 3, 3, 3, 3, 3, 3, 3, 3, 3], [3, 3, 3, 3, 3, 3, 3, 3, 3, 3], [3, 3, 3, 3, 3, 3, 3, 3, 3, 3], [3, 3, 3, 3, 3, 3, 3, 3, 3, 3], [3, 3, 3, 3, 3, 3, 3, 3, 3, 3], [3, 3, 2, 2, 3, 3, 2, 2, 3, 3], [3, 2, 2, 2, 7, 2, 2, 2, 2, 7], [3, 2, 2, 2, 7, 2, 2, 2, 2, 7], [3, 3, 2, 2, 3, 3, 2, 2, 3, 3], [3, 3, 3, 3, 3, 3, 3, 3, 3, 3]]}, {"input": [[0, 0, 0, 0, 0, 0, 0, 0, 0, 0], [0, 0, 0, 0, 0, 0, 0, 0, 0, 0], [0, 0, 0, 0, 0, 6, 6, 6, 6, 6], [0, 0, 0, 0, 0, 2, 0, 2, 6, 2], [0, 0, 0, 0, 2, 2, 0, 0, 6, 0], [0, 0, 0, 0, 0, 2, 0, 2, 6, 2], [0, 0, 0, 0, 0, 6, 6, 6, 6, 6], [0, 0, 0, 0, 0, 0, 0, 0, 0, 0], [0, 0, 0, 0, 0, 0, 0, 0, 0, 0], [0, 0, 0, 0, 0, 0, 0, 0, 0, 0]], "output": [[3, 3, 3, 3, 3, 3, 3, 3, 3, 3], [3, 3, 3, 3, 3, 3, 3, 3, 3, 3], [3, 3, 3, 3, 3, 6, 6, 6, 6, 6], [2, 3, 2, 3, 2, 2, 3, 2, 6, 2], [3, 3, 3, 3, 2, 2, 3, 3, 6, 3], [2, 3, 2, 3, 2, 2, 3, 2, 6, 2], [3, 3, 3, 3, 3, 6, 6, 6, 6, 6], [3, 3, 3, 3, 3, 3, 3, 3, 3, 3], [3, 3, 3, 3, 3, 3, 3, 3, 3, 3], [3, 3, 3, 3, 3, 3, 3, 3, 3, 3]]}, {"input": [[0, 0, 0, 0, 0, 0, 0, 0, 0, 0], [0, 0, 0, 0, 0, 0, 0, 0, 0, 0], [0, 0, 0, 0, 0, 0, 0, 0, 0, 0], [0, 0, 0, 0, 0, 0, 0, 0, 0, 0], [2, 9, 0, 9, 2, 0, 0, 0, 0, 0], [2, 2, 0, 2, 2, 0, 0, 0, 0, 0], [9, 0, 0, 0, 9, 0, 0, 0, 0, 0], [2, 9, 0, 9, 2, 0, 0, 0, 0, 0], [9, 9, 9, 9, 9, 0, 0, 0, 0, 0], [9, 9, 9, 9, 9, 0, 0, 0, 0, 0]], "output": [[3, 3, 3, 3, 3, 3, 3, 3, 3, 3], [3, 3, 3, 3, 3, 3, 3, 3, 3, 3], [3, 3, 3, 3, 3, 3, 3, 3, 3, 3], [3, 3, 3, 3, 3, 3, 3, 3, 3, 3], [2, 9, 3, 9, 2, 2, 3, 3, 3, 2], [2, 2, 3, 2, 2, 2, 2, 3, 2, 2], [9, 3, 3, 3, 9, 3, 3, 3, 3, 3], [2, 9, 3, 9, 2, 2, 3, 3, 3, 2], [9, 9, 9, 9, 9, 3, 3, 3, 3, 3], [9, 9, 9, 9, 9, 3, 3, 3, 3, 3]]}, {"input": [[0, 0, 0, 0, 0, 0, 0, 0, 0, 0], [0, 0, 0, 0, 0, 0, 0, 0, 0, 0], [0, 0, 0, 0, 0, 0, 0, 0, 0, 0], [0, 0, 0, 0, 0, 0, 0, 0, 0, 0], [0, 0, 0, 0, 0, 0, 0, 0, 0, 0], [0, 0, 0, 0, 0, 0, 0, 3, 0, 0], [0, 0, 0, 3, 0, 0, 0, 3, 3, 0], [0, 0, 0, 3, 2, 0, 2, 3, 2, 0], [0, 0, 0, 3, 0, 0, 0, 2, 0, 0], [0, 0, 0, 2, 2, 2, 2, 2, 0, 0]], "output": [[3, 3, 3, 3, 3, 3, 3, 3, 3, 3], [3, 3, 3, 3, 3, 3, 3, 3, 3, 3], [3, 3, 3, 3, 3, 3, 3, 3, 3, 3], [3, 3, 3, 3, 3, 3, 3, 3, 3, 3], [3, 3, 3, 3, 3, 3, 3, 3, 3, 3], [3, 3, 3, 3, 3, 3, 3, 3, 3, 3], [3, 3, 3, 3, 3, 3, 3, 3, 3, 3], [3, 2, 3, 3, 2, 2, 2, 3, 2, 3], [3, 3, 2, 3, 3, 3, 3, 2, 3, 3], [3, 3, 2, 2, 2, 2, 2, 2, 3, 3]]}, {"input": [[0, 2, 1, 1, 2, 0, 0, 0, 0, 0], [0, 0, 2, 2, 0, 0, 0, 0, 0, 0], [0, 0, 1, 1, 0, 0, 0, 0, 0, 0], [0, 0, 2, 2, 0, 0, 0, 0, 0, 0], [0, 2, 1, 1, 2, 0, 0, 0, 0, 0], [0, 0, 0, 0, 0, 0, 0, 0, 0, 0], [0, 0, 0, 0, 0, 0, 0, 0, 0, 0], [0, 0, 0, 0, 0, 0, 0, 0, 0, 0], [0, 0, 0, 0, 0, 0, 0, 0, 0, 0], [0, 0, 0, 0, 0, 0, 0, 0, 0, 0]], "output": [[3, 2, 1, 1, 2, 2, 3, 3, 2, 3], [3, 3, 2, 2, 3, 3, 2, 2, 3, 3], [3, 3, 1, 1, 3, 3, 3, 3, 3, 3], [3, 3, 2, 2, 3, 3, 2, 2, 3, 3], [3, 2, 1, 1, 2, 2, 3, 3, 2, 3], [3, 3, 3, 3, 3, 3, 3, 3, 3, 3], [3, 3, 3, 3, 3, 3, 3, 3, 3, 3], [3, 3, 3, 3, 3, 3, 3, 3, 3, 3], [3, 3, 3, 3, 3, 3, 3, 3, 3, 3], [3, 3, 3, 3, 3, 3, 3, 3, 3, 3]]}, {"input": [[0, 0, 0, 0, 0, 0, 0, 0, 0, 0], [0, 0, 0, 0, 0, 0, 0, 0, 0, 0], [0, 0, 0, 0, 0, 3, 3, 3, 3, 0], [0, 0, 0, 0, 3, 2, 3, 3, 2, 3], [0, 0, 0, 0, 3, 2, 2, 2, 2, 3], [0, 0, 0, 0, 3, 2, 2, 2, 2, 3], [0, 0, 0, 0, 2, 2, 2, 2, 2, 2], [0, 0, 0, 0, 0, 0, 0, 0, 0, 0], [0, 0, 0, 0, 0, 0, 0, 0, 0, 0], [0, 0, 0, 0, 0, 0, 0, 0, 0, 0]], "output": [[3, 3, 3, 3, 3, 3, 3, 3, 3, 3], [3, 3, 3, 3, 3, 3, 3, 3, 3, 3], [3, 3, 3, 3, 3, 3, 3, 3, 3, 3], [3, 2, 3, 3, 3, 2, 3, 3, 2, 3], [3, 2, 2, 2, 3, 2, 2, 2, 2, 3], [3, 2, 2, 2, 3, 2, 2, 2, 2, 3], [2, 2, 2, 2, 2, 2, 2, 2, 2, 2], [3, 3, 3, 3, 3, 3, 3, 3, 3, 3], [3, 3, 3, 3, 3, 3, 3, 3, 3, 3], [3, 3, 3, 3, 3, 3, 3, 3, 3, 3]]}, {"input": [[0, 0, 0, 0, 0, 0, 0, 0, 0, 0], [0, 0, 0, 0, 0, 0, 0, 0, 0, 0], [0, 2, 6, 2, 6, 6, 0, 0, 0, 0], [6, 6, 6, 2, 2, 6, 0, 0, 0, 0], [0, 0, 6, 6, 0, 6, 0, 0, 0, 0], [0, 0, 0, 0, 6, 6, 0, 0, 0, 0], [0, 0, 0, 0, 0, 0, 0, 0, 0, 0], [0, 0, 0, 0, 0, 0, 0, 0, 0, 0], [0, 0, 0, 0, 0, 0, 0, 0, 0, 0], [0, 0, 0, 0, 0, 0, 0, 0, 0, 0]], "output": [[3, 3, 3, 3, 3, 3, 3, 3, 3, 3], [3, 3, 3, 3, 3, 3, 3, 3, 3, 3], [3, 2, 6, 2, 6, 6, 2, 3, 2, 3], [6, 6, 6, 2, 2, 6, 2, 3, 3, 3], [3, 3, 6, 6, 3, 6, 3, 3, 3, 3], [3, 3, 3, 3, 6, 6, 3, 3, 3, 3], [3, 3, 3, 3, 3, 3, 3, 3, 3, 3], [3, 3, 3, 3, 3, 3, 3, 3, 3, 3], [3, 3, 3, 3, 3, 3, 3, 3, 3, 3], [3, 3, 3, 3, 3, 3, 3, 3, 3, 3]]}, {"input": [[0, 0, 0, 0, 0, 0, 0, 0, 0, 0], [0, 0, 0, 0, 0, 0, 0, 0, 0, 0], [9, 9, 2, 9, 9, 0, 0, 0, 0, 0], [2, 2, 2, 2, 2, 0, 0, 0, 0, 0], [0, 9, 0, 9, 0, 0, 0, 0, 0, 0], [0, 0, 0, 0, 0, 0, 0, 0, 0, 0], [0, 0, 0, 0, 0, 0, 0, 0, 0, 0], [0, 0, 0, 0, 0, 0, 0, 0, 0, 0], [0, 0, 0, 0, 0, 0, 0, 0, 0, 0], [0, 0, 0, 0, 0, 0, 0, 0, 0, 0]], "output": [[3, 3, 3, 3, 3, 3, 3, 3, 3, 3], [3, 3, 3, 3, 3, 3, 3, 3, 3, 3], [9, 9, 2, 9, 9, 3, 3, 2, 3, 3], [2, 2, 2, 2, 2, 2, 2, 2, 2, 2], [3, 9, 3, 9, 3, 3, 3, 3, 3, 3], [3, 3, 3, 3, 3, 3, 3, 3, 3, 3], [3, 3, 3, 3, 3, 3, 3, 3, 3, 3], [3, 3, 3, 3, 3, 3, 3, 3, 3, 3], [3, 3, 3, 3, 3, 3, 3, 3, 3, 3], [3, 3, 3, 3, 3, 3, 3, 3, 3, 3]]}, {"input": [[0, 0, 0, 0, 0, 0, 0, 0, 0, 0], [0, 0, 0, 0, 0, 0, 0, 0, 0, 0], [0, 0, 0, 0, 0, 0, 0, 0, 0, 0], [0, 0, 0, 0, 0, 0, 0, 0, 0, 0], [0, 0, 0, 0, 0, 0, 0, 0, 0, 0], [0, 2, 0, 1, 1, 2, 0, 0, 0, 0], [0, 1, 2, 1, 2, 0, 0, 0, 0, 0], [0, 1, 1, 2, 1, 1, 0, 0, 0, 0], [0, 0, 2, 1, 2, 1, 0, 0, 0, 0], [0, 2, 1, 1, 0, 2, 0, 0, 0, 0]], "output": [[3, 3, 3, 3, 3, 3, 3, 3, 3, 3], [3, 3, 3, 3, 3, 3, 3, 3, 3, 3], [3, 3, 3, 3, 3, 3, 3, 3, 3, 3], [3, 3, 3, 3, 3, 3, 3, 3, 3, 3], [3, 3, 3, 3, 3, 3, 3, 3, 3, 3], [3, 2, 3, 1, 1, 2, 3, 3, 2, 3], [3, 1, 2, 1, 2, 2, 3, 2, 3, 3], [3, 1, 1, 2, 1, 1, 2, 3, 3, 3], [3, 3, 2, 1, 2, 1, 3, 2, 3, 3], [3, 2, 1, 1, 2, 2, 3, 3, 2, 3]]}, {"input": [[0, 0, 0, 0, 0, 0, 0, 0, 0, 0], [0, 0, 0, 0, 0, 0, 0, 0, 0, 0], [0, 0, 0, 0, 0, 0, 0, 0, 0, 3], [0, 0, 0, 0, 0, 0, 0, 0, 2, 2], [0, 0, 0, 0, 0, 0, 0, 2, 2, 2], [0, 0, 0, 0, 0, 0, 2, 0, 0, 2], [0, 0, 0, 0, 0, 2, 2, 0, 2, 3], [0, 0, 0, 0, 3, 2, 2, 2, 3, 3], [0, 0, 0, 0, 0, 0, 0, 0, 0, 0], [0, 0, 0, 0, 0, 0, 0, 0, 0, 0]], "output": [[3, 3, 3, 3, 3, 3, 3, 3, 3, 3], [3, 3, 3, 3, 3, 3, 3, 3, 3, 3], [3, 3, 3, 3, 3, 3, 3, 3, 3, 3], [2, 2, 3, 3, 3, 3, 3, 3, 2, 2], [2, 2, 2, 3, 3, 3, 3, 2, 2, 2], [2, 3, 3, 2, 3, 3, 2, 3, 3, 2], [3, 2, 3, 2, 2, 2, 2, 3, 2, 3], [3, 3, 2, 2, 3, 2, 2, 2, 3, 3], [3, 3, 3, 3, 3, 3, 3, 3, 3, 3], [3, 3, 3, 3, 3, 3, 3, 3, 3, 3]]}, {"input": [[0, 0, 0, 0, 0, 2, 2, 2, 2, 0], [0, 0, 0, 0, 0, 7, 7, 7, 7, 0], [0, 0, 0, 0, 0, 7, 0, 0, 7, 0], [0, 0, 0, 0, 0, 0, 0, 0, 0, 0], [0, 0, 0, 0, 0, 0, 0, 0, 0, 0], [0, 0, 0, 0, 0, 0, 0, 0, 0, 0], [0, 0, 0, 0, 0, 0, 0, 0, 0, 0], [0, 0, 0, 0, 0, 0, 0, 0, 0, 0], [0, 0, 0, 0, 0, 0, 0, 0, 0, 0], [0, 0, 0, 0, 0, 0, 0, 0, 0, 0]], "output": [[3, 2, 2, 2, 2, 2, 2, 2, 2, 3], [3, 3, 3, 3, 3, 7, 7, 7, 7, 3], [3, 3, 3, 3, 3, 7, 3, 3, 7, 3], [3, 3, 3, 3, 3, 3, 3, 3, 3, 3], [3, 3, 3, 3, 3, 3, 3, 3, 3, 3], [3, 3, 3, 3, 3, 3, 3, 3, 3, 3], [3, 3, 3, 3, 3, 3, 3, 3, 3, 3], [3, 3, 3, 3, 3, 3, 3, 3, 3, 3], [3, 3, 3, 3, 3, 3, 3, 3, 3, 3], [3, 3, 3, 3, 3, 3, 3, 3, 3, 3]]}, {"input": [[0, 0, 0, 0, 0, 0, 0, 0, 2, 0], [0, 0, 0, 0, 0, 0, 0, 2, 2, 0], [0, 0, 0, 0, 0, 0, 0, 0, 4, 4], [0, 0, 0, 0, 0, 0, 0, 0, 0, 0], [0, 0, 0, 0, 0, 0, 0, 0, 0, 0], [0, 0, 0, 0, 0, 0, 0, 0, 0, 0], [0, 0, 0, 0, 0, 0, 0, 0, 0, 0], [0, 0, 0, 0, 0, 0, 0, 0, 0, 0], [0, 0, 0, 0, 0, 0, 0, 0, 0, 0], [0, 0, 0, 0, 0, 0, 0, 0, 0, 0]], "output": [[3, 2, 3, 3, 3, 3, 3, 3, 2, 3], [3, 2, 2, 3, 3, 3, 3, 2, 2, 3], [3, 3, 3, 3, 3, 3, 3, 3, 4, 4], [3, 3, 3, 3, 3, 3, 3, 3, 3, 3], [3, 3, 3, 3, 3, 3, 3, 3, 3, 3], [3, 3, 3, 3, 3, 3, 3, 3, 3, 3], [3, 3, 3, 3, 3, 3, 3, 3, 3, 3], [3, 3, 3, 3, 3, 3, 3, 3, 3, 3], [3, 3, 3, 3, 3, 3, 3, 3, 3, 3], [3, 3, 3, 3, 3, 3, 3, 3, 3, 3]]}, {"input": [[0, 0, 0, 0, 0, 0, 0, 0, 0, 0], [0, 0, 8, 8, 8, 8, 8, 0, 0, 0], [0, 0, 0, 0, 8, 0, 0, 0, 0, 0], [0, 0, 0, 0, 8, 0, 0, 0, 0, 0], [0, 0, 8, 8, 8, 8, 8, 0, 0, 0], [0, 0, 0, 0, 0, 0, 0, 0, 0, 0], [0, 0, 0, 0, 0, 0, 0, 0, 0, 0], [0, 0, 0, 0, 0, 0, 0, 0, 0, 0], [0, 0, 0, 0, 0, 0, 0, 0, 0, 0], [0, 0, 0, 0, 0, 0, 0, 0, 0, 0]], "output": [[3, 3, 3, 3, 3, 3, 3, 3, 3, 3], [3, 3, 8, 8, 8, 8, 8, 3, 3, 3], [3, 3, 3, 3, 8, 3, 3, 3, 3, 3], [3, 3, 3, 3, 8, 3, 3, 3, 3, 3], [3, 3, 8, 8, 8, 8, 8, 3, 3, 3], [3, 3, 3, 3, 3, 3, 3, 3, 3, 3], [3, 3, 3, 3, 3, 3, 3, 3, 3, 3], [3, 3, 3, 3, 3, 3, 3, 3, 3, 3], [3, 3, 3, 3, 3, 3, 3, 3, 3, 3], [3, 3, 3, 3, 3, 3, 3, 3, 3, 3]]}, {"input": [[0, 0, 0, 0, 0, 0, 0, 0, 0, 0], [0, 0, 0, 0, 0, 0, 0, 0, 0, 0], [0, 0, 0, 0, 0, 0, 0, 0, 0, 0], [0, 0, 0, 0, 0, 8, 8, 8, 8, 8], [0, 0, 0, 0, 0, 8, 8, 8, 8, 8], [0, 0, 0, 0, 0, 8, 8, 0, 8, 8], [0, 0, 0, 0, 0, 8, 8, 0, 8, 8], [0, 0, 0, 0, 0, 8, 8, 0, 8, 8], [0, 0, 0, 0, 0, 8, 0, 0, 0, 8], [0, 0, 0, 0, 0, 0, 0, 0, 0, 0]], "output": [[3, 3, 3, 3, 3, 3, 3, 3, 3, 3], [3, 3, 3, 3, 3, 3, 3, 3, 3, 3], [3, 3, 3, 3, 3, 3, 3, 3, 3, 3], [3, 3, 3, 3, 3, 8, 8, 8, 8, 8], [3, 3, 3, 3, 3, 8, 8, 8, 8, 8], [3, 3, 3, 3, 3, 8, 8, 3, 8, 8], [3, 3, 3, 3, 3, 8, 8, 3, 8, 8], [3, 3, 3, 3, 3, 8, 8, 3, 8, 8], [3, 3, 3, 3, 3, 8, 3, 3, 3, 8], [3, 3, 3, 3, 3, 3, 3, 3, 3, 3]]}, {"input": [[0, 4, 4, 4, 2, 0, 0, 0, 0, 0], [0, 4, 2, 2, 2, 0, 0, 0, 0, 0], [0, 4, 2, 0, 2, 0, 0, 0, 0, 0], [0, 2, 2, 2, 2, 0, 0, 0, 0, 0], [0, 0, 0, 0, 0, 0, 0, 0, 0, 0], [0, 0, 0, 0, 0, 0, 0, 0, 0, 0], [0, 0, 0, 0, 0, 0, 0, 0, 0, 0], [0, 0, 0, 0, 0, 0, 0, 0, 0, 0], [0, 0, 0, 0, 0, 0, 0, 0, 0, 0], [0, 0, 0, 0, 0, 0, 0, 0, 0, 0]], "output": [[3, 4, 4, 4, 2, 2, 3, 3, 3, 3], [3, 4, 2, 2, 2, 2, 2, 2, 3, 3], [3, 4, 2, 3, 2, 2, 3, 2, 3, 3], [3, 2, 2, 2, 2, 2, 2, 2, 2, 3], [3, 3, 3, 3, 3, 3, 3, 3, 3, 3], [3, 3, 3, 3, 3, 3, 3, 3, 3, 3], [3, 3, 3, 3, 3, 3, 3, 3, 3, 3], [3, 3, 3, 3, 3, 3, 3, 3, 3, 3], [3, 3, 3, 3, 3, 3, 3, 3, 3, 3], [3, 3, 3, 3, 3, 3, 3, 3, 3, 3]]}, {"input": [[0, 0, 0, 0, 0, 0, 0, 0, 0, 0], [0, 0, 0, 0, 0, 0, 0, 0, 0, 0], [0, 0, 0, 0, 0, 0, 0, 0, 0, 0], [0, 0, 0, 0, 0, 0, 0, 0, 0, 0], [0, 0, 0, 0, 0, 0, 0, 0, 0, 0], [0, 0, 0, 0, 0, 0, 0, 0, 0, 0], [2, 2, 2, 2, 2, 0, 0, 0, 0, 0], [7, 0, 7, 0, 7, 0, 0, 0, 0, 0], [7, 7, 7, 7, 7, 0, 0, 0, 0, 0], [7, 7, 7, 7, 7, 0, 0, 0, 0, 0]], "output": [[3, 3, 3, 3, 3, 3, 3, 3, 3, 3], [3, 3, 3, 3, 3, 3, 3, 3, 3, 3], [3, 3, 3, 3, 3, 3, 3, 3, 3, 3], [3, 3, 3, 3, 3, 3, 3, 3, 3, 3], [3, 3, 3, 3, 3, 3, 3, 3, 3, 3], [3, 3, 3, 3, 3, 3, 3, 3, 3, 3], [2, 2, 2, 2, 2, 2, 2, 2, 2, 2], [7, 3, 7, 3, 7, 3, 3, 3, 3, 3], [7, 7, 7, 7, 7, 3, 3, 3, 3, 3], [7, 7, 7, 7, 7, 3, 3, 3, 3, 3]]}, {"input": [[0, 0, 0, 0, 0, 0, 0, 0, 0, 0], [0, 0, 0, 0, 0, 0, 0, 0, 0, 0], [0, 0, 0, 0, 2, 2, 2, 2, 2, 0], [0, 0, 0, 0, 6, 2, 0, 2, 6, 0], [0, 0, 0, 0, 6, 2, 0, 2, 6, 0], [0, 0, 0, 0, 2, 2, 2, 2, 2, 0], [0, 0, 0, 0, 0, 0, 0, 0, 0, 0], [0, 0, 0, 0, 0, 0, 0, 0, 0, 0], [0, 0, 0, 0, 0, 0, 0, 0, 0, 0], [0, 0, 0, 0, 0, 0, 0, 0, 0, 0]], "output": [[3, 3, 3, 3, 3, 3, 3, 3, 3, 3], [3, 3, 3, 3, 3, 3, 3, 3, 3, 3], [3, 2, 2, 2, 2, 2, 2, 2, 2, 3], [3, 3, 2, 3, 6, 2, 3, 2, 6, 3], [3, 3, 2, 3, 6, 2, 3, 2, 6, 3], [3, 2, 2, 2, 2, 2, 2, 2, 2, 3], [3, 3, 3, 3, 3, 3, 3, 3, 3, 3], [3, 3, 3, 3, 3, 3, 3, 3, 3, 3], [3, 3, 3, 3, 3, 3, 3, 3, 3, 3], [3, 3, 3, 3, 3, 3, 3, 3, 3, 3]]}, {"input": [[0, 0, 0, 0, 0, 0, 2, 2, 3, 3], [0, 0, 0, 0, 0, 0, 2, 2, 2, 0], [0, 0, 0, 0, 0, 0, 2, 2, 2, 0], [0, 0, 0, 0, 0, 0, 2, 2, 3, 3], [0, 0, 0, 0, 0, 0, 0, 0, 0, 0], [0, 0, 0, 0, 0, 0, 0, 0, 0, 0], [0, 0, 0, 0, 0, 0, 0, 0, 0, 0], [0, 0, 0, 0, 0, 0, 0, 0, 0, 0], [0, 0, 0, 0, 0, 0, 0, 0, 0, 0], [0, 0, 0, 0, 0, 0, 0, 0, 0, 0]], "output": [[3, 3, 2, 2, 3, 3, 2, 2, 3, 3], [3, 2, 2, 2, 3, 3, 2, 2, 2, 3], [3, 2, 2, 2, 3, 3, 2, 2, 2, 3], [3, 3, 2, 2, 3, 3, 2, 2, 3, 3], [3, 3, 3, 3, 3, 3, 3, 3, 3, 3], [3, 3, 3, 3, 3, 3, 3, 3, 3, 3], [3, 3, 3, 3, 3, 3, 3, 3, 3, 3], [3, 3, 3, 3, 3, 3, 3, 3, 3, 3], [3, 3, 3, 3, 3, 3, 3, 3, 3, 3], [3, 3, 3, 3, 3, 3, 3, 3, 3, 3]]}, {"input": [[0, 0, 0, 0, 0, 0, 0, 0, 0, 0], [0, 0, 0, 0, 0, 0, 0, 0, 0, 0], [0, 0, 0, 0, 0, 0, 0, 0, 0, 0], [0, 0, 0, 0, 0, 0, 0, 0, 0, 0], [0, 0, 0, 0, 0, 0, 0, 0, 0, 0], [0, 0, 0, 0, 2, 2, 2, 2, 0, 0], [0, 0, 0, 0, 2, 2, 2, 2, 2, 0], [0, 0, 0, 0, 4, 2, 2, 2, 2, 0], [0, 0, 0, 0, 2, 2, 2, 2, 2, 0], [0, 0, 0, 0, 0, 2, 4, 2, 2, 0]], "output": [[3, 3, 3, 3, 3, 3, 3, 3, 3, 3], [3, 3, 3, 3, 3, 3, 3, 3, 3, 3], [3, 3, 3, 3, 3, 3, 3, 3, 3, 3], [3, 3, 3, 3, 3, 3, 3, 3, 3, 3], [3, 3, 3, 3, 3, 3, 3, 3, 3, 3], [3, 3, 2, 2, 2, 2, 2, 2, 3, 3], [3, 2, 2, 2, 2, 2, 2, 2, 2, 3], [3, 2, 2, 2, 4, 2, 2, 2, 2, 3], [3, 2, 2, 2, 2, 2, 2, 2, 2, 3], [3, 2, 2, 3, 2, 2, 4, 2, 2, 3]]}], "test": [{"input": [[0, 0, 7, 7, 7, 7, 2, 7, 0, 0], [0, 0, 7, 7, 7, 7, 7, 7, 0, 0], [0, 0, 0, 0, 0, 0, 7, 7, 0, 0], [0, 0, 7, 7, 7, 7, 7, 7, 0, 0], [0, 0, 7, 7, 7, 7, 2, 7, 0, 0], [0, 0, 0, 0, 0, 0, 0, 0, 0, 0], [0, 0, 0, 0, 0, 0, 0, 0, 0, 0], [0, 0, 0, 0, 0, 0, 0, 0, 0, 0], [0, 0, 0, 0, 0, 0, 0, 0, 0, 0], [0, 0, 0, 0, 0, 0, 0, 0, 0, 0]], "output": [[3, 3, 7, 7, 7, 7, 2, 7, 3, 3], [3, 3, 7, 7, 7, 7, 7, 7, 3, 3], [3, 3, 3, 3, 3, 3, 7, 7, 3, 3], [3, 3, 7, 7, 7, 7, 7, 7, 3, 3], [3, 3, 7, 7, 7, 7, 2, 7, 3, 3], [3, 3, 3, 3, 3, 3, 3, 3, 3, 3], [3, 3, 3, 3, 3, 3, 3, 3, 3, 3], [3, 3, 3, 3, 3, 3, 3, 3, 3, 3], [3, 3, 3, 3, 3, 3, 3, 3, 3, 3], [3, 3, 3, 3, 3, 3, 3, 3, 3, 3]]}, {"input": [[0, 0, 2, 4, 4, 0, 0, 0, 0, 0], [0, 2, 4, 4, 4, 0, 0, 0, 0, 0], [0, 0, 4, 4, 4, 0, 0, 0, 0, 0], [0, 2, 4, 4, 4, 0, 0, 0, 0, 0], [0, 0, 2, 4, 4, 0, 0, 0, 0, 0], [0, 0, 0, 0, 0, 0, 0, 0, 0, 0], [0, 0, 0, 0, 0, 0, 0, 0, 0, 0], [0, 0, 0, 0, 0, 0, 0, 0, 0, 0], [0, 0, 0, 0, 0, 0, 0, 0, 0, 0], [0, 0, 0, 0, 0, 0, 0, 0, 0, 0]], "output": [[3, 3, 2, 4, 4, 3, 3, 2, 3, 3], [3, 2, 4, 4, 4, 3, 3, 3, 2, 3], [3, 3, 4, 4, 4, 3, 3, 3, 3, 3], [3, 2, 4, 4, 4, 3, 3, 3, 2, 3], [3, 3, 2, 4, 4, 3, 3, 2, 3, 3], [3, 3, 3, 3, 3, 3, 3, 3, 3, 3], [3, 3, 3, 3, 3, 3, 3, 3, 3, 3], [3, 3, 3, 3, 3, 3, 3, 3, 3, 3], [3, 3, 3, 3, 3, 3, 3, 3, 3, 3], [3, 3, 3, 3, 3, 3, 3, 3, 3, 3]]}, {"input": [[0, 0, 0, 0, 0, 0, 0, 0, 0, 0], [0, 0, 0, 0, 0, 0, 0, 0, 0, 0], [0, 0, 0, 0, 0, 0, 0, 0, 0, 0], [0, 0, 0, 0, 5, 5, 0, 5, 5, 0], [0, 0, 0, 0, 5, 0, 0, 0, 5, 0], [0, 0, 0, 0, 5, 5, 5, 5, 5, 0], [0, 0, 0, 0, 0, 2, 2, 2, 0, 0], [0, 0, 0, 0, 0, 0, 0, 0, 0, 0], [0, 0, 0, 0, 0, 0, 0, 0, 0, 0], [0, 0, 0, 0, 0, 0, 0, 0, 0, 0]], "output": [[3, 3, 3, 3, 3, 3, 3, 3, 3, 3], [3, 3, 3, 3, 3, 3, 3, 3, 3, 3], [3, 3, 3, 3, 3, 3, 3, 3, 3, 3], [3, 3, 3, 3, 5, 5, 3, 5, 5, 3], [3, 3, 3, 3, 5, 3, 3, 3, 5, 3], [3, 3, 3, 3, 5, 5, 5, 5, 5, 3], [3, 3, 2, 2, 2, 2, 2, 2, 3, 3], [3, 3, 3, 3, 3, 3, 3, 3, 3, 3], [3, 3, 3, 3, 3, 3, 3, 3, 3, 3], [3, 3, 3, 3, 3, 3, 3, 3, 3, 3]]}]}