{"train": [{"input": [[8, 8, 8, 8, 0, 8, 8, 8, 0, 8, 8, 8], [0, 0, 8, 0, 8, 0, 0, 8, 0, 8, 8, 0], [0, 8, 8, 0, 8, 8, 8, 0, 8, 8, 8, 8], [0, 0, 0, 8, 8, 0, 0, 8, 0, 8, 0, 8], [0, 0, 8, 8, 0, 8, 0, 8, 0, 8, 8, 0], [8, 8, 0, 8, 0, 8, 0, 8, 0, 0, 8, 0], [8, 8, 8, 8, 0, 8, 8, 8, 8, 8, 8, 0], [8, 8, 0, 0, 8, 8, 8, 8, 1, 0, 0, 8]], "output": [[8, 8, 8, 8, 4, 8, 8, 8, 4, 8, 8, 8], [4, 4, 8, 4, 8, 4, 4, 8, 4, 8, 8, 4], [4, 8, 8, 4, 8, 8, 8, 4, 8, 8, 8, 8], [4, 4, 4, 8, 8, 4, 4, 8, 4, 8, 4, 8], [4, 4, 8, 8, 4, 8, 4, 8, 4, 8, 8, 4], [8, 8, 4, 8, 4, 8, 4, 8, 4, 4, 8, 4], [8, 8, 8, 8, 4, 8, 8, 2, 8, 2, 8, 4], [8, 8, 4, 4, 8, 8, 8, 8, 1, 4, 4, 8]]}, {"input": [[0, 8, 8, 0, 8, 8, 0, 8, 8, 0], [0, 8, 0, 0, 0, 8, 8, 8, 8, 0], [0, 8, 0, 8, 0, 8, 0, 8, 8, 8], [8, 0, 0, 8, 0, 0, 0, 8, 0, 8], [1, 0, 0, 8, 8, 8, 8, 8, 8, 8], [8, 8, 8, 8, 0, 0, 8, 0, 0, 8], [8, 0, 8, 8, 0, 8, 8, 8, 8, 0]], "output": [[4, 8, 8, 4, 8, 8, 4, 8, 8, 4], [4, 8, 4, 4, 4, 8, 8, 8, 8, 4], [4, 8, 4, 8, 4, 8, 4, 8, 8, 8], [8, 2, 4, 8, 4, 4, 4, 8, 4, 8], [1, 4, 4, 8, 8, 8, 8, 8, 8, 8], [8, 2, 8, 8, 4, 4, 8, 4, 4, 8], [8, 4, 8, 8, 4, 8, 8, 8, 8, 4]]}, {"input": [[6, 0, 0, 6, 6, 6, 6, 6, 6, 0, 6], [6, 0, 6, 6, 0, 6, 6, 0, 6, 6, 0], [6, 0, 1, 6, 0, 0, 6, 6, 0, 0, 6], [6, 0, 0, 0, 6, 0, 6, 6, 0, 6, 6], [6, 0, 6, 0, 0, 6, 6, 6, 0, 6, 6], [0, 6, 0, 6, 6, 6, 6, 6, 6, 6, 0], [1, 0, 0, 6, 0, 6, 0, 6, 0, 6, 0]], "output": [[6, 4, 4, 6, 6, 6, 6, 6, 6, 4, 6], [6, 2, 6, 2, 4, 6, 6, 4, 6, 6, 4], [6, 4, 1, 6, 4, 4, 6, 6, 4, 4, 6], [6, 2, 4, 2, 6, 4, 6, 6, 4, 6, 6], [6, 4, 6, 4, 4, 6, 6, 6, 4, 6, 6], [4, 2, 4, 6, 6, 6, 6, 6, 6, 6, 4], [1, 4, 4, 6, 4, 6, 4, 6, 4, 6, 4]]}, {"input": [[0, 0, 7, 7, 0, 0, 7, 0, 0], [0, 0, 0, 7, 0, 7, 7, 7, 7], [0, 7, 1, 0, 7, 7, 0, 0, 7], [7, 0, 0, 0, 7, 0, 1, 7, 0], [7, 7, 0, 0, 7, 7, 7, 7, 7], [7, 7, 7, 0, 7, 7, 7, 7, 7], [7, 7, 7, 0, 0, 7, 0, 7, 7], [7, 7, 7, 7, 0, 0, 7, 0, 7], [7, 7, 7, 7, 7, 0, 7, 0, 7]], "output": [[4, 4, 7, 7, 4, 4, 7, 4, 4], [4, 2, 4, 2, 4, 7, 7, 7, 7], [4, 7, 1, 4, 7, 2, 4, 2, 7], [7, 2, 4, 2, 7, 4, 1, 7, 4], [7, 7, 4, 4, 7, 2, 7, 2, 7], [7, 7, 7, 4, 7, 7, 7, 7, 7], [7, 7, 7, 4, 4, 7, 4, 7, 7], [7, 7, 7, 7, 4, 4, 7, 4, 7], [7, 7, 7, 7, 7, 4, 7, 4, 7]]}, {"input": [[9, 0, 0, 9, 9, 9, 9, 9, 0], [1, 9, 9, 0, 9, 9, 0, 0, 0], [9, 0, 0, 9, 9, 9, 0, 0, 9], [9, 0, 9, 9, 9, 9, 9, 0, 0], [9, 9, 9, 0, 9, 9, 9, 0, 0], [9, 9, 9, 0, 9, 0, 0, 0, 9], [0, 9, 0, 9, 0, 0, 9, 0, 9], [9, 9, 9, 0, 9, 9, 0, 9, 0], [9, 0, 0, 9, 9, 9, 0, 0, 0], [0, 0, 9, 9, 0, 9, 9, 0, 9], [9, 9, 9, 9, 0, 0, 9, 9, 1], [9, 9, 9, 0, 9, 9, 9, 9, 9]], "output": [[9, 2, 4, 9, 9, 9, 9, 9, 4], [1, 9, 9, 4, 9, 9, 4, 4, 4], [9, 2, 4, 9, 9, 9, 4, 4, 9], [9, 4, 9, 9, 9, 9, 9, 4, 4], [9, 9, 9, 4, 9, 9, 9, 4, 4], [9, 9, 9, 4, 9, 4, 4, 4, 9], [4, 9, 4, 9, 4, 4, 9, 4, 9], [9, 9, 9, 4, 9, 9, 4, 9, 4], [9, 4, 4, 9, 9, 9, 4, 4, 4], [4, 4, 9, 9, 4, 9, 9, 2, 9], [9, 9, 9, 9, 4, 4, 9, 9, 1], [9, 9, 9, 4, 9, 9, 9, 2, 9]]}, {"input": [[1, 0, 1, 0, 0, 1, 1, 1, 0, 0], [1, 0, 0, 0, 1, 0, 1, 1, 0, 1], [1, 1, 1, 1, 1, 0, 1, 1, 1, 1], [1, 1, 1, 1, 1, 1, 1, 0, 1, 1], [1, 0, 0, 1, 0, 1, 0, 1, 0, 0], [0, 0, 0, 0, 0, 1, 1, 1, 0, 0], [0, 1, 0, 1, 1, 1, 0, 1, 0, 1], [1, 1, 1, 1, 0, 1, 0, 1, 0, 0], [0, 1, 0, 0, 0, 1, 1, 0, 1, 0], [1, 1, 0, 1, 1, 1, 1, 0, 1, 1], [1, 1, 1, 1, 1, 1, 1, 1, 1, 1], [0, 1, 0, 0, 1, 1, 0, 0, 1, 0], [0, 1, 0, 1, 0, 1, 1, 1, 1, 0], [1, 1, 0, 0, 1, 1, 0, 1, 1, 0]], "output": [[1, 2, 1, 2, 4, 2, 2, 2, 2, 4], [2, 2, 2, 2, 2, 2, 2, 2, 2, 2], [2, 2, 2, 2, 2, 2, 2, 2, 2, 2], [2, 2, 2, 2, 2, 2, 2, 2, 2, 2], [2, 2, 2, 2, 2, 2, 2, 2, 2, 2], [2, 2, 2, 2, 2, 2, 2, 1, 2, 4], [2, 2, 2, 2, 2, 2, 2, 2, 2, 1], [2, 1, 2, 2, 2, 2, 2, 2, 2, 2], [2, 2, 2, 2, 2, 2, 2, 2, 2, 2], [2, 2, 2, 2, 2, 2, 2, 2, 2, 2], [2, 2, 2, 2, 2, 2, 2, 2, 2, 2], [2, 2, 2, 2, 2, 2, 2, 2, 2, 2], [2, 2, 2, 2, 2, 2, 2, 2, 2, 2], [2, 1, 2, 4, 2, 2, 2, 2, 2, 2]]}, {"input": [[0, 1, 1, 0, 0, 0, 1, 0, 0, 1, 1], [0, 1, 1, 1, 1, 1, 0, 1, 0, 1, 1], [1, 1, 0, 1, 1, 0, 1, 1, 0, 1, 0], [1, 1, 1, 0, 1, 1, 0, 0, 0, 1, 1], [1, 1, 1, 0, 1, 0, 1, 1, 1, 0, 1], [1, 0, 1, 0, 1, 0, 0, 1, 1, 1, 0]], "output": [[2, 2, 2, 2, 2, 2, 2, 4, 2, 2, 2], [2, 2, 2, 2, 2, 2, 2, 2, 2, 2, 2], [2, 2, 2, 2, 2, 2, 2, 1, 2, 2, 2], [2, 2, 2, 2, 2, 2, 2, 2, 2, 2, 2], [2, 2, 2, 2, 2, 2, 2, 2, 2, 2, 2], [2, 2, 2, 2, 1, 2, 2, 2, 2, 2, 4]]}, {"input": [[0, 0, 5, 5, 5, 0, 5, 5, 5, 0, 5, 0, 0], [5, 5, 0, 0, 5, 5, 0, 5, 0, 5, 5, 5, 0], [5, 5, 5, 0, 5, 5, 0, 0, 0, 0, 0, 5, 0], [5, 0, 5, 5, 0, 0, 0, 0, 5, 0, 5, 0, 0], [5, 5, 5, 5, 0, 5, 5, 0, 0, 5, 5, 5, 0], [5, 5, 5, 0, 5, 5, 5, 5, 5, 5, 5, 0, 1], [0, 5, 5, 5, 5, 5, 5, 5, 0, 0, 5, 5, 5], [5, 0, 5, 5, 0, 5, 0, 5, 1, 5, 0, 5, 5], [5, 5, 0, 5, 5, 5, 5, 5, 5, 5, 0, 1, 0], [5, 5, 0, 5, 5, 0, 0, 5, 5, 0, 5, 0, 0], [5, 0, 5, 0, 0, 0, 5, 5, 5, 5, 5, 0, 5], [0, 0, 0, 0, 5, 5, 0, 5, 5, 0, 0, 5, 5], [0, 5, 5, 5, 0, 5, 0, 0, 5, 5, 5, 0, 5]], "output": [[4, 4, 5, 5, 5, 4, 5, 5, 5, 4, 5, 4, 4], [5, 5, 4, 4, 5, 5, 4, 5, 4, 5, 5, 5, 4], [5, 5, 5, 4, 5, 5, 4, 4, 4, 4, 4, 5, 4], [5, 4, 5, 5, 4, 4, 4, 4, 5, 4, 5, 4, 4], [5, 5, 5, 5, 4, 5, 5, 4, 4, 5, 5, 2, 4], [5, 5, 5, 4, 5, 5, 5, 5, 5, 5, 5, 4, 1], [4, 5, 5, 5, 5, 5, 5, 2, 4, 2, 5, 2, 5], [5, 4, 5, 5, 4, 5, 4, 5, 1, 5, 2, 5, 2], [5, 5, 4, 5, 5, 5, 5, 2, 5, 2, 4, 1, 4], [5, 5, 4, 5, 5, 4, 4, 5, 5, 4, 2, 4, 2], [5, 4, 5, 4, 4, 4, 5, 5, 5, 5, 5, 4, 5], [4, 4, 4, 4, 5, 5, 4, 5, 5, 4, 4, 5, 5], [4, 5, 5, 5, 4, 5, 4, 4, 5, 5, 5, 4, 5]]}, {"input": [[0, 0, 7, 7, 0, 0, 7], [0, 7, 0, 7, 1, 0, 0], [0, 7, 0, 7, 7, 7, 0], [7, 7, 7, 0, 0, 0, 1], [7, 1, 0, 7, 7, 7, 0], [7, 7, 0, 7, 0, 7, 7], [7, 7, 7, 0, 7, 0, 0], [7, 0, 7, 0, 7, 0, 7], [0, 7, 1, 0, 7, 7, 0], [7, 7, 7, 7, 7, 7, 7]], "output": [[4, 4, 7, 2, 4, 2, 7], [4, 7, 4, 7, 1, 4, 4], [4, 7, 4, 2, 7, 2, 4], [2, 7, 2, 4, 4, 4, 1], [7, 1, 4, 7, 7, 2, 4], [2, 7, 2, 7, 4, 7, 7], [7, 7, 7, 4, 7, 4, 4], [7, 2, 7, 2, 7, 4, 7], [4, 7, 1, 4, 7, 7, 4], [7, 2, 7, 2, 7, 7, 7]]}, {"input": [[3, 3, 3, 0, 3, 3], [3, 3, 3, 0, 0, 0], [3, 0, 3, 1, 1, 3], [3, 0, 3, 3, 3, 0], [3, 0, 0, 3, 3, 3], [0, 3, 1, 0, 0, 3], [3, 0, 3, 0, 3, 0], [3, 3, 0, 0, 0, 3], [3, 3, 0, 3, 0, 1]], "output": [[3, 3, 3, 4, 3, 3], [3, 3, 2, 2, 2, 2], [3, 4, 3, 1, 1, 3], [3, 4, 2, 2, 2, 2], [3, 2, 4, 2, 3, 3], [4, 3, 1, 4, 4, 3], [3, 2, 3, 2, 3, 4], [3, 3, 4, 4, 2, 3], [3, 3, 4, 3, 4, 1]]}, {"input": [[1, 0, 4, 0, 0, 0], [4, 0, 0, 0, 4, 4], [0, 4, 4, 4, 4, 0], [4, 4, 0, 4, 4, 0], [4, 0, 4, 0, 4, 0], [0, 0, 4, 4, 4, 4], [0, 0, 0, 4, 4, 4], [4, 4, 4, 0, 0, 4], [0, 4, 4, 0, 4, 4], [4, 4, 4, 0, 0, 4], [4, 4, 4, 0, 4, 4], [0, 4, 4, 4, 4, 0], [0, 4, 4, 4, 0, 4], [4, 0, 0, 0, 4, 4]], "output": [[1, 4, 4, 4, 4, 4], [4, 2, 4, 4, 4, 4], [4, 4, 4, 4, 4, 4], [4, 4, 4, 4, 4, 4], [4, 4, 4, 4, 4, 4], [4, 4, 4, 4, 4, 4], [4, 4, 4, 4, 4, 4], [4, 4, 4, 4, 4, 4], [4, 4, 4, 4, 4, 4], [4, 4, 4, 4, 4, 4], [4, 4, 4, 4, 4, 4], [4, 4, 4, 4, 4, 4], [4, 4, 4, 4, 4, 4], [4, 4, 4, 4, 4, 4]]}, {"input": [[5, 5, 5, 5, 5, 0, 0, 5, 0, 5, 5, 5, 0, 0], [0, 0, 5, 5, 5, 1, 5, 0, 5, 5, 5, 5, 0, 0], [0, 5, 5, 0, 5, 0, 5, 5, 0, 5, 5, 5, 1, 5], [5, 5, 5, 0, 0, 5, 0, 0, 0, 0, 5, 1, 0, 5], [5, 5, 0, 5, 0, 5, 0, 0, 5, 0, 5, 5, 5, 5], [5, 5, 0, 0, 5, 0, 1, 5, 5, 5, 0, 5, 0, 5]], "output": [[5, 5, 5, 5, 2, 4, 2, 5, 4, 5, 5, 5, 4, 4], [4, 4, 5, 5, 5, 1, 5, 4, 5, 5, 5, 2, 4, 2], [4, 5, 5, 4, 2, 4, 2, 5, 4, 5, 2, 5, 2, 5], [5, 5, 5, 4, 4, 5, 4, 4, 4, 4, 5, 2, 4, 2], [5, 5, 4, 5, 4, 2, 4, 2, 5, 4, 2, 5, 2, 5], [5, 5, 4, 4, 5, 4, 1, 5, 5, 5, 4, 5, 4, 5]]}, {"input": [[5, 0, 5, 5, 5, 0, 5], [1, 5, 5, 1, 1, 5, 5], [1, 0, 5, 5, 5, 0, 5], [5, 0, 0, 0, 0, 5, 0], [5, 0, 5, 5, 5, 0, 5]], "output": [[5, 2, 2, 2, 2, 2, 5], [1, 2, 5, 1, 1, 5, 5], [1, 2, 2, 2, 2, 2, 5], [5, 2, 4, 4, 4, 5, 4], [5, 4, 5, 5, 5, 4, 5]]}, {"input": [[1, 8, 0, 8, 0, 0], [8, 0, 8, 8, 8, 8], [0, 8, 8, 8, 8, 0], [0, 0, 0, 8, 8, 8], [8, 0, 0, 0, 8, 8], [8, 0, 8, 8, 1, 0], [0, 8, 8, 0, 0, 8], [0, 0, 0, 8, 0, 8], [8, 8, 8, 8, 8, 1], [8, 0, 8, 0, 0, 8], [0, 0, 8, 8, 0, 8], [8, 8, 8, 0, 8, 1], [8, 8, 8, 8, 0, 8], [8, 0, 8, 8, 8, 0]], "output": [[1, 8, 4, 8, 4, 4], [8, 2, 8, 8, 8, 8], [4, 8, 8, 8, 8, 4], [4, 4, 4, 8, 8, 8], [8, 4, 4, 2, 8, 2], [8, 4, 8, 8, 1, 4], [4, 8, 8, 2, 4, 2], [4, 4, 4, 8, 2, 8], [8, 8, 8, 8, 8, 1], [8, 4, 8, 4, 2, 8], [4, 4, 8, 8, 2, 8], [8, 8, 8, 4, 8, 1], [8, 8, 8, 8, 2, 8], [8, 4, 8, 8, 8, 4]]}, {"input": [[0, 6, 0, 6, 0, 6, 6, 6, 1, 6, 6, 6, 0], [1, 0, 6, 6, 6, 1, 6, 0, 6, 6, 0, 0, 0], [0, 0, 0, 1, 6, 6, 0, 6, 6, 0, 6, 0, 0], [6, 0, 0, 6, 6, 6, 6, 6, 0, 6, 0, 6, 0], [6, 6, 6, 6, 6, 6, 0, 6, 6, 6, 6, 0, 0], [6, 6, 0, 0, 0, 6, 6, 6, 6, 6, 6, 6, 0]], "output": [[4, 2, 4, 6, 2, 6, 2, 6, 1, 6, 6, 6, 4], [1, 4, 2, 6, 2, 1, 6, 2, 6, 2, 4, 4, 4], [4, 2, 4, 1, 2, 6, 2, 6, 6, 4, 6, 4, 4], [6, 4, 2, 6, 2, 6, 6, 6, 4, 6, 4, 6, 4], [6, 6, 6, 6, 6, 6, 4, 6, 6, 6, 6, 4, 4], [6, 6, 4, 4, 4, 6, 6, 6, 6, 6, 6, 6, 4]]}, {"input": [[0, 1, 1, 1, 1, 0], [1, 1, 1, 1, 1, 1], [0, 1, 0, 1, 1, 0], [1, 0, 1, 1, 1, 1], [0, 0, 1, 0, 1, 1], [1, 1, 1, 1, 1, 0], [1, 0, 1, 0, 1, 1], [0, 1, 1, 1, 1, 1], [0, 1, 0, 1, 0, 0], [0, 0, 0, 0, 1, 0], [0, 1, 1, 0, 1, 1], [0, 1, 0, 0, 0, 1]], "output": [[2, 2, 2, 2, 2, 2], [2, 2, 2, 2, 2, 2], [2, 2, 2, 2, 2, 2], [2, 2, 2, 2, 2, 2], [2, 2, 2, 2, 2, 2], [1, 2, 1, 2, 2, 2], [2, 2, 2, 2, 2, 2], [2, 2, 2, 2, 2, 2], [2, 2, 2, 2, 2, 2], [2, 2, 2, 2, 2, 2], [2, 1, 2, 2, 2, 2], [2, 2, 2, 2, 2, 2]]}, {"input": [[8, 0, 1, 8, 8, 0, 8], [0, 0, 0, 8, 8, 8, 0], [0, 8, 0, 8, 8, 8, 0], [8, 8, 8, 8, 8, 8, 0], [8, 0, 0, 8, 8, 8, 0]], "output": [[8, 4, 1, 8, 8, 4, 8], [4, 2, 4, 2, 8, 8, 4], [4, 8, 4, 8, 8, 8, 4], [8, 8, 8, 8, 8, 8, 4], [8, 4, 4, 8, 8, 8, 4]]}, {"input": [[4, 4, 4, 0, 0], [0, 4, 4, 0, 1], [4, 4, 4, 4, 0], [4, 0, 0, 4, 4], [4, 4, 4, 4, 0], [0, 4, 4, 0, 0], [4, 4, 4, 0, 4], [0, 1, 0, 4, 4], [4, 4, 4, 4, 4], [0, 4, 1, 4, 4], [0, 0, 0, 4, 4], [0, 4, 0, 0, 4], [0, 0, 4, 4, 0], [4, 0, 4, 0, 0]], "output": [[4, 4, 4, 2, 4], [4, 4, 4, 4, 1], [4, 4, 4, 2, 4], [4, 4, 4, 4, 4], [4, 4, 4, 4, 4], [4, 4, 4, 4, 4], [2, 4, 2, 4, 4], [4, 1, 4, 4, 4], [2, 2, 2, 2, 4], [4, 4, 1, 4, 4], [4, 2, 4, 2, 4], [4, 4, 4, 4, 4], [4, 4, 4, 4, 4], [4, 4, 4, 4, 4]]}, {"input": [[5, 1, 5, 5, 0, 0, 5, 5, 0, 0], [0, 0, 5, 0, 0, 5, 1, 0, 5, 5], [5, 5, 0, 0, 0, 5, 5, 5, 0, 5], [0, 0, 5, 5, 0, 5, 5, 5, 5, 5], [5, 5, 0, 0, 0, 0, 0, 5, 5, 5], [5, 5, 0, 0, 1, 5, 5, 5, 5, 5], [5, 5, 1, 5, 0, 5, 5, 5, 5, 5], [5, 0, 5, 0, 0, 5, 0, 0, 0, 0], [0, 0, 5, 0, 0, 0, 5, 5, 5, 5], [5, 5, 5, 5, 0, 5, 0, 5, 5, 5], [0, 0, 0, 0, 0, 0, 0, 5, 0, 5], [5, 5, 0, 5, 5, 5, 5, 5, 5, 5]], "output": [[5, 1, 5, 5, 4, 2, 5, 2, 4, 4], [2, 4, 2, 4, 4, 5, 1, 4, 5, 5], [5, 5, 4, 4, 4, 2, 5, 2, 4, 5], [4, 4, 5, 5, 4, 5, 5, 5, 5, 5], [5, 5, 4, 2, 4, 2, 4, 5, 5, 5], [5, 2, 4, 2, 1, 5, 5, 5, 5, 5], [5, 5, 1, 2, 4, 2, 5, 5, 5, 5], [5, 2, 5, 2, 4, 5, 4, 4, 4, 4], [4, 4, 5, 4, 4, 4, 5, 5, 5, 5], [5, 5, 5, 5, 4, 5, 4, 5, 5, 5], [4, 4, 4, 4, 4, 4, 4, 5, 4, 5], [5, 5, 4, 5, 5, 5, 5, 5, 5, 5]]}, {"input": [[0, 0, 6, 6, 6, 6, 0, 6, 0, 0, 6], [6, 0, 0, 0, 0, 6, 1, 0, 6, 6, 6], [6, 6, 0, 6, 0, 0, 1, 0, 6, 6, 6], [0, 6, 6, 6, 6, 6, 0, 0, 6, 0, 0], [0, 6, 0, 6, 6, 6, 6, 6, 6, 6, 6], [6, 0, 6, 0, 0, 6, 6, 6, 6, 0, 6], [0, 0, 6, 0, 6, 0, 6, 6, 6, 6, 0]], "output": [[4, 4, 6, 6, 6, 2, 4, 2, 4, 4, 6], [6, 4, 4, 4, 4, 2, 1, 2, 6, 6, 6], [6, 6, 4, 6, 4, 2, 1, 2, 6, 6, 6], [4, 6, 6, 6, 6, 2, 4, 2, 6, 4, 4], [4, 6, 4, 6, 6, 6, 6, 6, 6, 6, 6], [6, 4, 6, 4, 4, 6, 6, 6, 6, 4, 6], [4, 4, 6, 4, 6, 4, 6, 6, 6, 6, 4]]}, {"input": [[0, 0, 0, 3, 3, 0, 0, 3, 3, 3, 0], [3, 0, 3, 3, 0, 0, 3, 3, 0, 3, 3], [0, 3, 3, 0, 0, 3, 3, 3, 0, 3, 0], [0, 3, 0, 0, 3, 0, 0, 0, 3, 3, 3], [3, 0, 1, 3, 3, 0, 3, 3, 0, 3, 0], [3, 3, 3, 3, 3, 0, 3, 3, 3, 0, 3], [0, 3, 3, 3, 3, 0, 0, 3, 3, 3, 0], [3, 3, 3, 3, 3, 3, 3, 0, 0, 0, 3], [0, 0, 0, 0, 3, 1, 3, 0, 3, 0, 3], [0, 3, 0, 3, 3, 3, 1, 0, 0, 3, 3], [0, 3, 1, 3, 3, 0, 0, 0, 3, 3, 3]], "output": [[4, 4, 4, 3, 3, 4, 4, 3, 3, 3, 4], [3, 4, 3, 3, 4, 4, 3, 3, 4, 3, 3], [4, 3, 3, 4, 4, 3, 3, 3, 4, 3, 4], [4, 2, 4, 2, 3, 4, 4, 4, 3, 3, 3], [3, 4, 1, 3, 3, 4, 3, 3, 4, 3, 4], [3, 2, 3, 2, 3, 4, 3, 3, 3, 4, 3], [4, 3, 3, 3, 3, 4, 4, 3, 3, 3, 4], [3, 3, 3, 3, 2, 3, 2, 4, 4, 4, 3], [4, 4, 4, 4, 3, 2, 3, 2, 3, 4, 3], [4, 2, 4, 2, 2, 3, 2, 4, 4, 3, 3], [4, 3, 1, 3, 3, 2, 4, 2, 3, 3, 3]]}, {"input": [[0, 0, 0, 7, 0, 7, 0, 7, 7, 1, 0, 0, 7, 0], [0, 1, 0, 0, 7, 0, 7, 0, 7, 0, 0, 7, 7, 7], [0, 7, 0, 0, 0, 7, 0, 0, 0, 7, 7, 7, 7, 0], [0, 0, 0, 7, 0, 0, 0, 0, 7, 0, 7, 7, 7, 0], [7, 7, 7, 7, 7, 7, 0, 7, 0, 7, 7, 0, 7, 7], [7, 7, 0, 7, 7, 7, 0, 0, 7, 7, 7, 7, 7, 0], [0, 7, 7, 7, 7, 0, 7, 7, 7, 7, 0, 7, 7, 0], [7, 7, 7, 7, 0, 0, 7, 0, 0, 7, 7, 0, 7, 7], [7, 7, 7, 7, 0, 0, 7, 7, 0, 7, 7, 7, 7, 7], [7, 7, 0, 7, 7, 7, 7, 7, 7, 0, 7, 7, 0, 7], [0, 0, 7, 7, 7, 7, 0, 7, 7, 0, 7, 0, 0, 7]], "output": [[2, 4, 2, 7, 4, 7, 4, 7, 7, 1, 4, 4, 7, 4], [4, 1, 4, 4, 7, 4, 7, 4, 2, 4, 2, 7, 7, 7], [2, 7, 2, 4, 4, 7, 4, 4, 4, 7, 7, 7, 7, 4], [4, 4, 4, 7, 4, 4, 4, 4, 7, 4, 7, 7, 7, 4], [7, 7, 7, 7, 7, 7, 4, 7, 4, 7, 7, 4, 7, 7], [7, 7, 4, 7, 7, 7, 4, 4, 7, 7, 7, 7, 7, 4], [4, 7, 7, 7, 7, 4, 7, 7, 7, 7, 4, 7, 7, 4], [7, 7, 7, 7, 4, 4, 7, 4, 4, 7, 7, 4, 7, 7], [7, 7, 7, 7, 4, 4, 7, 7, 4, 7, 7, 7, 7, 7], [7, 7, 4, 7, 7, 7, 7, 7, 7, 4, 7, 7, 4, 7], [4, 4, 7, 7, 7, 7, 4, 7, 7, 4, 7, 4, 4, 7]]}, {"input": [[0, 1, 1, 6, 0, 6, 6], [6, 6, 6, 6, 6, 6, 0], [0, 6, 6, 6, 6, 6, 0], [0, 0, 6, 6, 0, 0, 6], [6, 0, 6, 6, 0, 0, 0], [0, 1, 0, 6, 0, 6, 6], [6, 6, 0, 6, 6, 0, 6]], "output": [[4, 1, 1, 6, 4, 6, 6], [2, 2, 2, 2, 6, 6, 4], [4, 6, 6, 6, 6, 6, 4], [4, 4, 6, 6, 4, 4, 6], [2, 4, 2, 6, 4, 4, 4], [4, 1, 4, 6, 4, 6, 6], [2, 6, 2, 6, 6, 4, 6]]}, {"input": [[6, 6, 6, 6, 0, 0, 0, 6], [6, 6, 0, 6, 0, 6, 0, 6], [6, 0, 0, 6, 6, 6, 0, 6], [6, 0, 0, 6, 0, 0, 6, 6], [0, 6, 0, 0, 0, 0, 0, 6], [6, 6, 6, 0, 6, 0, 6, 0], [0, 6, 6, 6, 6, 0, 1, 6], [6, 0, 6, 6, 0, 6, 6, 6], [0, 6, 0, 6, 6, 6, 0, 6], [6, 0, 6, 0, 6, 6, 0, 6]], "output": [[6, 6, 6, 6, 4, 4, 4, 6], [6, 6, 4, 6, 4, 6, 4, 6], [6, 4, 4, 6, 6, 6, 4, 6], [6, 4, 4, 6, 4, 4, 6, 6], [4, 6, 4, 4, 4, 4, 4, 6], [6, 6, 6, 4, 6, 2, 6, 2], [4, 6, 6, 6, 6, 4, 1, 6], [6, 4, 6, 6, 4, 2, 6, 2], [4, 6, 4, 6, 6, 6, 4, 6], [6, 4, 6, 4, 6, 6, 4, 6]]}, {"input": [[9, 0, 9, 9, 0, 9, 0, 9, 0, 9], [9, 9, 0, 0, 0, 9, 9, 9, 9, 0], [9, 9, 0, 0, 9, 0, 0, 0, 9, 9], [0, 9, 9, 9, 9, 9, 1, 0, 0, 9], [0, 9, 9, 0, 9, 1, 9, 9, 0, 9], [0, 0, 9, 0, 9, 0, 0, 1, 9, 9], [0, 9, 9, 9, 9, 0, 0, 9, 9, 0], [9, 0, 9, 0, 9, 0, 9, 0, 9, 9], [0, 9, 9, 9, 0, 9, 9, 9, 0, 9]], "output": [[9, 4, 9, 9, 4, 9, 4, 9, 4, 9], [9, 9, 4, 4, 4, 9, 9, 9, 9, 4], [9, 9, 4, 4, 9, 2, 4, 2, 9, 9], [4, 9, 9, 9, 2, 9, 2, 4, 4, 9], [4, 9, 9, 4, 9, 2, 2, 2, 2, 9], [4, 4, 9, 4, 2, 4, 2, 1, 9, 9], [4, 9, 9, 9, 9, 4, 2, 9, 2, 4], [9, 4, 9, 4, 9, 4, 9, 4, 9, 9], [4, 9, 9, 9, 4, 9, 9, 9, 4, 9]]}, {"input": [[0, 0, 1, 7, 7], [0, 7, 1, 7, 7], [0, 7, 0, 0, 7], [7, 0, 0, 7, 7], [1, 7, 7, 0, 0], [7, 7, 7, 7, 7]], "output": [[4, 2, 1, 2, 7], [4, 2, 1, 2, 7], [4, 2, 4, 2, 7], [7, 2, 4, 7, 7], [1, 7, 7, 4, 4], [7, 2, 7, 7, 7]]}, {"input": [[7, 0, 7, 7, 1, 7, 7, 0, 7, 7, 0, 0, 7], [0, 1, 0, 7, 7, 7, 7, 7, 7, 0, 7, 7, 0], [7, 7, 7, 7, 7, 0, 0, 7, 7, 7, 7, 0, 0], [7, 0, 0, 0, 7, 7, 7, 0, 7, 7, 0, 7, 7], [0, 0, 7, 0, 7, 7, 7, 7, 7, 7, 0, 0, 7], [7, 0, 0, 7, 0, 0, 0, 7, 7, 7, 0, 7, 0], [0, 0, 0, 0, 0, 7, 7, 7, 0, 7, 0, 7, 7]], "output": [[2, 4, 2, 7, 1, 7, 7, 4, 7, 7, 4, 4, 7], [4, 1, 4, 2, 7, 2, 7, 7, 7, 4, 7, 7, 4], [2, 7, 2, 7, 7, 4, 4, 7, 7, 7, 7, 4, 4], [7, 4, 4, 4, 7, 7, 7, 4, 7, 7, 4, 7, 7], [4, 4, 7, 4, 7, 7, 7, 7, 7, 7, 4, 4, 7], [7, 4, 4, 7, 4, 4, 4, 7, 7, 7, 4, 7, 4], [4, 4, 4, 4, 4, 7, 7, 7, 4, 7, 4, 7, 7]]}], "test": [{"input": [[3, 0, 3, 3, 3, 3, 0, 3, 0, 0, 3, 0, 3], [3, 3, 3, 0, 3, 3, 3, 3, 3, 3, 3, 0, 0], [3, 0, 0, 3, 3, 0, 0, 0, 3, 3, 0, 3, 0], [3, 3, 3, 0, 3, 1, 3, 0, 1, 3, 3, 0, 3], [3, 0, 0, 0, 3, 1, 3, 3, 3, 0, 0, 3, 3], [0, 0, 0, 3, 0, 0, 0, 3, 3, 0, 3, 0, 0], [3, 3, 0, 0, 3, 0, 3, 0, 3, 3, 3, 3, 3], [0, 3, 3, 0, 3, 3, 3, 3, 0, 3, 3, 0, 1], [0, 0, 3, 3, 0, 3, 3, 3, 3, 3, 0, 0, 0], [3, 3, 3, 3, 0, 3, 0, 3, 3, 0, 3, 0, 0]], "output": [[3, 4, 3, 3, 3, 3, 4, 3, 4, 4, 3, 4, 3], [3, 3, 3, 4, 3, 3, 3, 3, 3, 3, 3, 4, 4], [3, 4, 4, 3, 2, 4, 2, 2, 3, 2, 4, 3, 4], [3, 3, 3, 4, 2, 1, 2, 4, 1, 3, 3, 4, 3], [3, 4, 4, 4, 2, 1, 2, 2, 3, 2, 4, 3, 3], [4, 4, 4, 3, 2, 4, 2, 3, 3, 4, 3, 4, 4], [3, 3, 4, 4, 3, 4, 3, 4, 3, 3, 3, 2, 3], [4, 3, 3, 4, 3, 3, 3, 3, 4, 3, 3, 4, 1], [4, 4, 3, 3, 4, 3, 3, 3, 3, 3, 4, 2, 4], [3, 3, 3, 3, 4, 3, 4, 3, 3, 4, 3, 4, 4]]}, {"input": [[0, 5, 5, 5, 5, 5, 5, 5, 5, 5, 0, 0, 0, 5], [5, 5, 5, 0, 0, 5, 0, 0, 0, 0, 5, 5, 0, 5], [0, 5, 0, 5, 0, 5, 5, 5, 5, 0, 0, 5, 5, 0], [5, 0, 5, 0, 5, 5, 5, 5, 1, 0, 0, 5, 5, 0], [1, 5, 5, 0, 5, 0, 0, 5, 5, 5, 5, 0, 5, 0], [0, 5, 5, 5, 0, 5, 1, 0, 0, 5, 5, 0, 5, 5], [5, 5, 5, 5, 5, 0, 5, 0, 5, 5, 5, 0, 5, 0], [0, 0, 5, 5, 0, 5, 5, 1, 5, 0, 5, 0, 5, 0]], "output": [[4, 5, 5, 5, 5, 5, 5, 5, 5, 5, 4, 4, 4, 5], [5, 5, 5, 4, 4, 5, 4, 4, 4, 4, 5, 5, 4, 5], [4, 5, 4, 5, 4, 5, 5, 2, 5, 2, 4, 5, 5, 4], [5, 2, 5, 4, 5, 5, 5, 5, 1, 4, 4, 5, 5, 4], [1, 5, 5, 4, 5, 2, 4, 2, 5, 2, 5, 4, 5, 4], [4, 2, 5, 5, 4, 5, 1, 4, 4, 5, 5, 4, 5, 5], [5, 5, 5, 5, 5, 2, 2, 2, 2, 5, 5, 4, 5, 4], [4, 4, 5, 5, 4, 5, 5, 1, 5, 4, 5, 4, 5, 4]]}, {"input": [[9, 0, 0, 9, 9, 9, 0, 9, 0, 9, 0], [9, 9, 9, 9, 0, 9, 9, 9, 0, 9, 0], [0, 0, 0, 0, 0, 0, 9, 0, 0, 9, 9], [0, 9, 9, 9, 9, 0, 9, 0, 9, 9, 0], [9, 9, 0, 9, 9, 9, 9, 0, 9, 0, 0], [0, 9, 9, 9, 0, 9, 9, 9, 0, 9, 9], [9, 9, 0, 0, 9, 0, 1, 9, 0, 9, 9], [0, 9, 9, 9, 9, 0, 9, 9, 0, 9, 9], [9, 9, 0, 9, 0, 9, 0, 9, 9, 0, 9], [9, 0, 0, 0, 9, 0, 9, 0, 9, 9, 0]], "output": [[9, 4, 4, 9, 9, 9, 4, 9, 4, 9, 4], [9, 9, 9, 9, 4, 9, 9, 9, 4, 9, 4], [4, 4, 4, 4, 4, 4, 9, 4, 4, 9, 9], [4, 9, 9, 9, 9, 4, 9, 4, 9, 9, 4], [9, 9, 4, 9, 9, 9, 9, 4, 9, 4, 4], [4, 9, 9, 9, 4, 2, 9, 2, 4, 9, 9], [9, 9, 4, 4, 9, 4, 1, 9, 4, 9, 9], [4, 9, 9, 9, 9, 2, 9, 2, 4, 9, 9], [9, 9, 4, 9, 4, 9, 4, 9, 9, 4, 9], [9, 4, 4, 4, 9, 4, 9, 4, 9, 9, 4]]}]}