{"train": [{"input": [[7, 7, 8, 8, 0, 0, 0, 8, 8, 0, 7, 7, 8, 8, 0, 7, 7], [7, 7, 1, 8, 4, 0, 0, 1, 8, 4, 7, 7, 1, 8, 4, 7, 7], [8, 1, 3, 3, 9, 8, 1, 3, 3, 9, 8, 1, 0, 3, 9, 8, 1], [8, 8, 3, 3, 4, 8, 8, 3, 3, 4, 8, 8, 0, 0, 0, 8, 8], [0, 4, 9, 4, 4, 0, 4, 9, 4, 4, 0, 4, 0, 4, 4, 0, 4], [7, 7, 8, 8, 0, 7, 7, 8, 8, 0, 0, 0, 0, 8, 0, 7, 7], [0, 0, 0, 8, 4, 7, 0, 0, 0, 0, 0, 0, 0, 8, 4, 7, 7], [0, 0, 0, 3, 9, 8, 0, 0, 0, 0, 0, 1, 3, 3, 9, 8, 1], [0, 0, 0, 3, 4, 8, 8, 3, 0, 0, 0, 8, 3, 3, 4, 8, 8], [0, 4, 9, 4, 4, 0, 0, 0, 0, 4, 0, 4, 9, 4, 4, 0, 4], [7, 7, 8, 8, 0, 7, 0, 8, 8, 0, 7, 7, 8, 8, 0, 7, 7], [7, 7, 1, 8, 4, 7, 0, 1, 8, 4, 7, 7, 1, 8, 4, 7, 7], [8, 1, 3, 3, 9, 8, 1, 3, 3, 9, 8, 1, 3, 3, 9, 8, 1]], "output": [[7, 7, 8, 8, 0, 7, 7, 8, 8, 0, 7, 7, 8, 8, 0, 7, 7], [7, 7, 1, 8, 4, 7, 7, 1, 8, 4, 7, 7, 1, 8, 4, 7, 7], [8, 1, 3, 3, 9, 8, 1, 3, 3, 9, 8, 1, 3, 3, 9, 8, 1], [8, 8, 3, 3, 4, 8, 8, 3, 3, 4, 8, 8, 3, 3, 4, 8, 8], [0, 4, 9, 4, 4, 0, 4, 9, 4, 4, 0, 4, 9, 4, 4, 0, 4], [7, 7, 8, 8, 0, 7, 7, 8, 8, 0, 7, 7, 8, 8, 0, 7, 7], [7, 7, 1, 8, 4, 7, 7, 1, 8, 4, 7, 7, 1, 8, 4, 7, 7], [8, 1, 3, 3, 9, 8, 1, 3, 3, 9, 8, 1, 3, 3, 9, 8, 1], [8, 8, 3, 3, 4, 8, 8, 3, 3, 4, 8, 8, 3, 3, 4, 8, 8], [0, 4, 9, 4, 4, 0, 4, 9, 4, 4, 0, 4, 9, 4, 4, 0, 4], [7, 7, 8, 8, 0, 7, 7, 8, 8, 0, 7, 7, 8, 8, 0, 7, 7], [7, 7, 1, 8, 4, 7, 7, 1, 8, 4, 7, 7, 1, 8, 4, 7, 7], [8, 1, 3, 3, 9, 8, 1, 3, 3, 9, 8, 1, 3, 3, 9, 8, 1]]}, {"input": [[0, 8, 1, 8, 0, 0, 8, 0, 0, 0, 0, 8, 1, 8, 0], [4, 6, 0, 0, 0, 4, 6, 0, 0, 4, 4, 6, 1, 6, 4], [6, 6, 5, 6, 6, 6, 6, 5, 6, 6, 6, 6, 5, 6, 6], [9, 9, 9, 9, 9, 9, 9, 9, 9, 9, 9, 9, 9, 9, 9], [9, 0, 0, 9, 9, 9, 9, 0, 0, 9, 9, 9, 0, 9, 9], [0, 0, 1, 8, 0, 0, 8, 1, 8, 0, 0, 8, 1, 8, 0], [0, 0, 1, 6, 4, 4, 6, 1, 6, 4, 0, 6, 1, 6, 4], [6, 6, 5, 6, 6, 6, 6, 5, 6, 6, 0, 6, 5, 6, 6], [9, 9, 9, 9, 9, 9, 9, 9, 9, 9, 9, 0, 0, 0, 9], [9, 9, 0, 9, 9, 9, 9, 0, 0, 0, 0, 0, 0, 0, 9], [0, 8, 1, 8, 0, 0, 8, 1, 8, 0, 0, 0, 0, 0, 0], [4, 6, 1, 6, 4, 4, 6, 1, 6, 4, 4, 6, 1, 6, 4]], "output": [[0, 8, 1, 8, 0, 0, 8, 1, 8, 0, 0, 8, 1, 8, 0], [4, 6, 1, 6, 4, 4, 6, 1, 6, 4, 4, 6, 1, 6, 4], [6, 6, 5, 6, 6, 6, 6, 5, 6, 6, 6, 6, 5, 6, 6], [9, 9, 9, 9, 9, 9, 9, 9, 9, 9, 9, 9, 9, 9, 9], [9, 9, 0, 9, 9, 9, 9, 0, 9, 9, 9, 9, 0, 9, 9], [0, 8, 1, 8, 0, 0, 8, 1, 8, 0, 0, 8, 1, 8, 0], [4, 6, 1, 6, 4, 4, 6, 1, 6, 4, 4, 6, 1, 6, 4], [6, 6, 5, 6, 6, 6, 6, 5, 6, 6, 6, 6, 5, 6, 6], [9, 9, 9, 9, 9, 9, 9, 9, 9, 9, 9, 9, 9, 9, 9], [9, 9, 0, 9, 9, 9, 9, 0, 9, 9, 9, 9, 0, 9, 9], [0, 8, 1, 8, 0, 0, 8, 1, 8, 0, 0, 8, 1, 8, 0], [4, 6, 1, 6, 4, 4, 6, 1, 6, 4, 4, 6, 1, 6, 4]]}, {"input": [[2, 1, 0, 2, 0, 0, 0, 1, 0, 2, 1, 0, 2, 0, 0, 2], [6, 9, 0, 6, 0, 0, 0, 9, 0, 6, 9, 0, 6, 0, 0, 6], [0, 6, 6, 6, 6, 6, 6, 6, 6, 6, 6, 6, 0, 0, 0, 6], [0, 1, 0, 2, 1, 0, 0, 1, 0, 2, 1, 0, 0, 0, 0, 2], [6, 9, 0, 6, 9, 0, 6, 9, 0, 6, 9, 0, 0, 0, 0, 6], [6, 6, 6, 6, 6, 6, 6, 6, 6, 6, 6, 0, 0, 0, 6, 6], [2, 1, 0, 2, 0, 0, 2, 1, 0, 2, 1, 0, 0, 0, 0, 2], [6, 9, 0, 6, 0, 0, 6, 9, 0, 6, 9, 0, 0, 0, 0, 6], [6, 6, 6, 6, 0, 0, 6, 6, 6, 6, 6, 6, 0, 0, 0, 6], [0, 0, 0, 2, 1, 0, 0, 0, 0, 2, 1, 0, 2, 1, 0, 2], [0, 0, 0, 6, 9, 0, 0, 0, 0, 6, 9, 0, 6, 9, 0, 6], [6, 6, 6, 6, 6, 6, 6, 6, 6, 6, 6, 6, 6, 6, 6, 6]], "output": [[2, 1, 0, 2, 1, 0, 2, 1, 0, 2, 1, 0, 2, 1, 0, 2], [6, 9, 0, 6, 9, 0, 6, 9, 0, 6, 9, 0, 6, 9, 0, 6], [6, 6, 6, 6, 6, 6, 6, 6, 6, 6, 6, 6, 6, 6, 6, 6], [2, 1, 0, 2, 1, 0, 2, 1, 0, 2, 1, 0, 2, 1, 0, 2], [6, 9, 0, 6, 9, 0, 6, 9, 0, 6, 9, 0, 6, 9, 0, 6], [6, 6, 6, 6, 6, 6, 6, 6, 6, 6, 6, 6, 6, 6, 6, 6], [2, 1, 0, 2, 1, 0, 2, 1, 0, 2, 1, 0, 2, 1, 0, 2], [6, 9, 0, 6, 9, 0, 6, 9, 0, 6, 9, 0, 6, 9, 0, 6], [6, 6, 6, 6, 6, 6, 6, 6, 6, 6, 6, 6, 6, 6, 6, 6], [2, 1, 0, 2, 1, 0, 2, 1, 0, 2, 1, 0, 2, 1, 0, 2], [6, 9, 0, 6, 9, 0, 6, 9, 0, 6, 9, 0, 6, 9, 0, 6], [6, 6, 6, 6, 6, 6, 6, 6, 6, 6, 6, 6, 6, 6, 6, 6]]}, {"input": [[1, 1, 7, 1, 1, 0, 7, 1, 1, 1, 7, 1, 1, 1], [7, 4, 4, 1, 7, 0, 4, 1, 7, 4, 4, 1, 7, 4], [1, 4, 4, 7, 1, 0, 4, 7, 1, 4, 4, 7, 1, 4], [1, 7, 1, 1, 1, 7, 1, 1, 1, 7, 1, 1, 1, 7], [1, 1, 0, 0, 1, 0, 0, 1, 1, 1, 7, 0, 1, 1], [7, 4, 4, 1, 7, 4, 4, 1, 7, 4, 4, 0, 7, 4], [1, 4, 4, 7, 1, 0, 0, 7, 1, 4, 4, 7, 1, 4], [1, 7, 1, 1, 1, 7, 0, 1, 0, 0, 1, 1, 1, 7], [1, 0, 0, 1, 1, 1, 0, 1, 0, 0, 7, 1, 1, 1], [7, 0, 0, 1, 7, 4, 4, 1, 7, 4, 4, 1, 7, 4], [1, 4, 4, 7, 1, 4, 4, 7, 1, 4, 4, 7, 1, 4], [1, 7, 1, 1, 0, 0, 1, 1, 1, 7, 1, 1, 1, 7], [1, 1, 7, 1, 0, 0, 0, 1, 1, 1, 7, 1, 1, 1], [7, 4, 4, 1, 7, 4, 4, 1, 7, 4, 4, 1, 7, 4]], "output": [[1, 1, 7, 1, 1, 1, 7, 1, 1, 1, 7, 1, 1, 1], [7, 4, 4, 1, 7, 4, 4, 1, 7, 4, 4, 1, 7, 4], [1, 4, 4, 7, 1, 4, 4, 7, 1, 4, 4, 7, 1, 4], [1, 7, 1, 1, 1, 7, 1, 1, 1, 7, 1, 1, 1, 7], [1, 1, 7, 1, 1, 1, 7, 1, 1, 1, 7, 1, 1, 1], [7, 4, 4, 1, 7, 4, 4, 1, 7, 4, 4, 1, 7, 4], [1, 4, 4, 7, 1, 4, 4, 7, 1, 4, 4, 7, 1, 4], [1, 7, 1, 1, 1, 7, 1, 1, 1, 7, 1, 1, 1, 7], [1, 1, 7, 1, 1, 1, 7, 1, 1, 1, 7, 1, 1, 1], [7, 4, 4, 1, 7, 4, 4, 1, 7, 4, 4, 1, 7, 4], [1, 4, 4, 7, 1, 4, 4, 7, 1, 4, 4, 7, 1, 4], [1, 7, 1, 1, 1, 7, 1, 1, 1, 7, 1, 1, 1, 7], [1, 1, 7, 1, 1, 1, 7, 1, 1, 1, 7, 1, 1, 1], [7, 4, 4, 1, 7, 4, 4, 1, 7, 4, 4, 1, 7, 4]]}, {"input": [[2, 3, 2, 2, 3, 2, 2, 3, 2, 2, 0, 0, 0, 3], [8, 8, 3, 8, 8, 3, 8, 8, 3, 8, 0, 0, 0, 8], [8, 8, 2, 8, 8, 2, 8, 8, 2, 8, 8, 2, 8, 8], [2, 3, 2, 2, 3, 2, 2, 3, 2, 2, 3, 2, 2, 3], [8, 8, 3, 8, 8, 3, 8, 8, 3, 8, 8, 3, 8, 8], [8, 8, 2, 8, 8, 2, 8, 8, 2, 8, 8, 2, 8, 8], [2, 3, 2, 2, 3, 2, 2, 3, 2, 2, 3, 2, 2, 3], [8, 8, 3, 8, 8, 3, 8, 0, 0, 0, 0, 0, 8, 8], [8, 8, 2, 8, 8, 2, 8, 8, 2, 0, 0, 0, 8, 8], [2, 3, 2, 2, 3, 0, 0, 0, 2, 0, 0, 0, 2, 3], [8, 8, 3, 8, 8, 0, 0, 0, 0, 0, 8, 3, 8, 8], [8, 8, 2, 8, 8, 2, 0, 0, 0, 0, 8, 2, 8, 8], [2, 3, 2, 2, 0, 2, 0, 3, 2, 2, 3, 2, 2, 3], [8, 8, 3, 8, 0, 0, 0, 8, 3, 8, 8, 0, 0, 8], [0, 0, 0, 8, 0, 0, 0, 8, 2, 8, 8, 0, 0, 8], [2, 3, 2, 2, 3, 2, 2, 3, 2, 2, 3, 0, 0, 3], [8, 8, 3, 8, 8, 3, 8, 8, 3, 8, 8, 3, 8, 8]], "output": [[2, 3, 2, 2, 3, 2, 2, 3, 2, 2, 3, 2, 2, 3], [8, 8, 3, 8, 8, 3, 8, 8, 3, 8, 8, 3, 8, 8], [8, 8, 2, 8, 8, 2, 8, 8, 2, 8, 8, 2, 8, 8], [2, 3, 2, 2, 3, 2, 2, 3, 2, 2, 3, 2, 2, 3], [8, 8, 3, 8, 8, 3, 8, 8, 3, 8, 8, 3, 8, 8], [8, 8, 2, 8, 8, 2, 8, 8, 2, 8, 8, 2, 8, 8], [2, 3, 2, 2, 3, 2, 2, 3, 2, 2, 3, 2, 2, 3], [8, 8, 3, 8, 8, 3, 8, 8, 3, 8, 8, 3, 8, 8], [8, 8, 2, 8, 8, 2, 8, 8, 2, 8, 8, 2, 8, 8], [2, 3, 2, 2, 3, 2, 2, 3, 2, 2, 3, 2, 2, 3], [8, 8, 3, 8, 8, 3, 8, 8, 3, 8, 8, 3, 8, 8], [8, 8, 2, 8, 8, 2, 8, 8, 2, 8, 8, 2, 8, 8], [2, 3, 2, 2, 3, 2, 2, 3, 2, 2, 3, 2, 2, 3], [8, 8, 3, 8, 8, 3, 8, 8, 3, 8, 8, 3, 8, 8], [8, 8, 2, 8, 8, 2, 8, 8, 2, 8, 8, 2, 8, 8], [2, 3, 2, 2, 3, 2, 2, 3, 2, 2, 3, 2, 2, 3], [8, 8, 3, 8, 8, 3, 8, 8, 3, 8, 8, 3, 8, 8]]}, {"input": [[1, 1, 1, 1, 1, 1, 1, 1, 1, 1, 1, 1, 1, 1, 1], [0, 1, 0, 0, 1, 0, 0, 1, 0, 0, 0, 0, 0, 1, 0], [1, 1, 1, 1, 1, 1, 1, 1, 1, 1, 0, 1, 1, 1, 1], [1, 1, 1, 1, 0, 0, 1, 1, 1, 1, 0, 1, 1, 1, 1], [0, 1, 0, 0, 0, 0, 0, 0, 0, 0, 1, 0, 0, 1, 0], [1, 1, 1, 1, 1, 0, 0, 0, 1, 1, 1, 1, 1, 0, 1], [1, 1, 1, 1, 1, 0, 0, 0, 1, 1, 1, 1, 1, 1, 1], [0, 1, 0, 0, 1, 0, 0, 1, 0, 0, 1, 0, 0, 1, 0], [1, 1, 1, 1, 1, 1, 1, 1, 1, 1, 1, 1, 1, 1, 1], [1, 1, 1, 1, 1, 1, 0, 0, 0, 1, 1, 1, 1, 1, 1], [0, 1, 0, 0, 1, 0, 0, 0, 0, 0, 1, 0, 0, 1, 0], [1, 1, 1, 1, 1, 1, 0, 0, 0, 1, 1, 1, 0, 1, 1], [1, 1, 1, 1, 1, 1, 1, 1, 1, 1, 1, 1, 0, 1, 1], [0, 1, 0, 0, 1, 0, 0, 1, 0, 0, 1, 0, 0, 1, 0], [1, 1, 1, 1, 1, 1, 1, 1, 1, 1, 1, 1, 1, 1, 1], [1, 1, 1, 1, 1, 1, 1, 0, 0, 1, 1, 1, 1, 1, 1], [0, 1, 0, 0, 1, 0, 0, 0, 0, 0, 1, 0, 0, 1, 0], [1, 1, 1, 1, 1, 1, 1, 1, 1, 1, 1, 1, 1, 1, 1], [1, 1, 1, 1, 1, 1, 1, 1, 1, 1, 1, 1, 1, 1, 1]], "output": [[1, 1, 1, 1, 1, 1, 1, 1, 1, 1, 1, 1, 1, 1, 1], [1, 1, 1, 1, 1, 1, 1, 1, 1, 1, 1, 1, 1, 1, 1], [1, 1, 1, 1, 1, 1, 1, 1, 1, 1, 1, 1, 1, 1, 1], [1, 1, 1, 1, 1, 1, 1, 1, 1, 1, 1, 1, 1, 1, 1], [1, 1, 1, 1, 1, 1, 1, 1, 1, 1, 1, 1, 1, 1, 1], [1, 1, 1, 1, 1, 1, 1, 1, 1, 1, 1, 1, 1, 1, 1], [1, 1, 1, 1, 1, 1, 1, 1, 1, 1, 1, 1, 1, 1, 1], [1, 1, 1, 1, 1, 1, 1, 1, 1, 1, 1, 1, 1, 1, 1], [1, 1, 1, 1, 1, 1, 1, 1, 1, 1, 1, 1, 1, 1, 1], [1, 1, 1, 1, 1, 1, 1, 1, 1, 1, 1, 1, 1, 1, 1], [1, 1, 1, 1, 1, 1, 1, 1, 1, 1, 1, 1, 1, 1, 1], [1, 1, 1, 1, 1, 1, 1, 1, 1, 1, 1, 1, 1, 1, 1], [1, 1, 1, 1, 1, 1, 1, 1, 1, 1, 1, 1, 1, 1, 1], [1, 1, 1, 1, 1, 1, 1, 1, 1, 1, 1, 1, 1, 1, 1], [1, 1, 1, 1, 1, 1, 1, 1, 1, 1, 1, 1, 1, 1, 1], [1, 1, 1, 1, 1, 1, 1, 1, 1, 1, 1, 1, 1, 1, 1], [1, 1, 1, 1, 1, 1, 1, 1, 1, 1, 1, 1, 1, 1, 1], [1, 1, 1, 1, 1, 1, 1, 1, 1, 1, 1, 1, 1, 1, 1], [1, 1, 1, 1, 1, 1, 1, 1, 1, 1, 1, 1, 1, 1, 1]]}, {"input": [[6, 0, 0, 6, 0, 0, 6, 0, 0, 6, 0, 0, 6, 0, 0, 6], [6, 6, 6, 6, 6, 0, 6, 6, 6, 6, 6, 0, 0, 0, 6, 6], [4, 4, 4, 4, 4, 4, 4, 0, 4, 4, 4, 4, 4, 4, 4, 4], [6, 0, 0, 6, 0, 0, 6, 0, 0, 6, 0, 0, 0, 0, 0, 6], [6, 6, 6, 6, 6, 6, 6, 6, 6, 6, 6, 6, 6, 6, 6, 6], [4, 4, 4, 4, 4, 4, 4, 4, 4, 4, 0, 4, 4, 4, 4, 4], [6, 0, 0, 0, 0, 0, 6, 0, 0, 6, 0, 0, 6, 0, 0, 6], [0, 6, 0, 0, 0, 6, 6, 6, 6, 6, 0, 6, 6, 6, 6, 6], [0, 4, 0, 0, 0, 4, 4, 4, 4, 4, 4, 4, 4, 4, 4, 4], [0, 0, 0, 6, 0, 0, 6, 0, 0, 6, 0, 0, 6, 0, 0, 6], [6, 6, 6, 6, 6, 6, 6, 6, 6, 6, 6, 6, 6, 6, 6, 6]], "output": [[6, 6, 6, 6, 6, 6, 6, 6, 6, 6, 6, 6, 6, 6, 6, 6], [6, 6, 6, 6, 6, 6, 6, 6, 6, 6, 6, 6, 6, 6, 6, 6], [4, 4, 4, 4, 4, 4, 4, 4, 4, 4, 4, 4, 4, 4, 4, 4], [6, 6, 6, 6, 6, 6, 6, 6, 6, 6, 6, 6, 6, 6, 6, 6], [6, 6, 6, 6, 6, 6, 6, 6, 6, 6, 6, 6, 6, 6, 6, 6], [4, 4, 4, 4, 4, 4, 4, 4, 4, 4, 4, 4, 4, 4, 4, 4], [6, 6, 6, 6, 6, 6, 6, 6, 6, 6, 6, 6, 6, 6, 6, 6], [6, 6, 6, 6, 6, 6, 6, 6, 6, 6, 6, 6, 6, 6, 6, 6], [4, 4, 4, 4, 4, 4, 4, 4, 4, 4, 4, 4, 4, 4, 4, 4], [6, 6, 6, 6, 6, 6, 6, 6, 6, 6, 6, 6, 6, 6, 6, 6], [6, 6, 6, 6, 6, 6, 6, 6, 6, 6, 6, 6, 6, 6, 6, 6]]}, {"input": [[0, 2, 3, 2, 0, 0, 2, 3, 0, 0, 0, 2, 3, 2, 0, 0, 2, 3], [2, 2, 3, 2, 2, 2, 2, 3, 0, 0, 2, 2, 3, 2, 2, 2, 2, 3], [0, 0, 1, 0, 0, 0, 0, 0, 0, 0, 0, 0, 1, 0, 0, 0, 0, 1], [2, 2, 3, 2, 2, 0, 0, 0, 2, 2, 2, 2, 3, 2, 2, 0, 2, 3], [0, 2, 3, 2, 0, 0, 2, 3, 2, 0, 0, 2, 3, 2, 0, 0, 0, 3], [0, 2, 3, 2, 0, 0, 2, 3, 2, 0, 0, 2, 3, 2, 0, 0, 2, 3], [2, 2, 3, 2, 2, 0, 2, 3, 2, 2, 2, 2, 3, 2, 2, 0, 2, 3], [0, 0, 1, 0, 0, 0, 0, 1, 0, 0, 0, 0, 0, 0, 0, 0, 0, 1], [2, 0, 0, 0, 2, 2, 2, 3, 2, 2, 2, 2, 3, 2, 2, 2, 2, 3], [0, 0, 0, 0, 0, 0, 2, 3, 2, 0, 0, 2, 3, 2, 0, 0, 2, 3], [0, 0, 0, 0, 0, 0, 2, 3, 2, 0, 0, 2, 3, 2, 0, 0, 2, 3], [2, 2, 3, 2, 2, 2, 2, 3, 2, 2, 2, 2, 0, 0, 0, 2, 2, 3], [0, 0, 1, 0, 0, 0, 0, 1, 0, 0, 0, 0, 0, 0, 0, 0, 0, 1], [2, 2, 3, 2, 2, 2, 2, 3, 2, 2, 2, 2, 3, 2, 2, 2, 2, 3], [0, 2, 3, 2, 0, 0, 2, 3, 0, 0, 0, 2, 3, 2, 0, 0, 2, 3], [0, 0, 0, 2, 0, 0, 0, 3, 0, 0, 0, 2, 3, 2, 0, 0, 2, 3], [2, 2, 0, 2, 2, 2, 2, 3, 0, 0, 0, 2, 3, 2, 2, 2, 2, 3], [0, 0, 1, 0, 0, 0, 0, 1, 0, 0, 0, 0, 1, 0, 0, 0, 0, 1]], "output": [[0, 2, 3, 2, 0, 0, 2, 3, 2, 0, 0, 2, 3, 2, 0, 0, 2, 3], [2, 2, 3, 2, 2, 2, 2, 3, 2, 2, 2, 2, 3, 2, 2, 2, 2, 3], [0, 0, 1, 0, 0, 0, 0, 1, 0, 0, 0, 0, 1, 0, 0, 0, 0, 1], [2, 2, 3, 2, 2, 2, 2, 3, 2, 2, 2, 2, 3, 2, 2, 2, 2, 3], [0, 2, 3, 2, 0, 0, 2, 3, 2, 0, 0, 2, 3, 2, 0, 0, 2, 3], [0, 2, 3, 2, 0, 0, 2, 3, 2, 0, 0, 2, 3, 2, 0, 0, 2, 3], [2, 2, 3, 2, 2, 2, 2, 3, 2, 2, 2, 2, 3, 2, 2, 2, 2, 3], [0, 0, 1, 0, 0, 0, 0, 1, 0, 0, 0, 0, 1, 0, 0, 0, 0, 1], [2, 2, 3, 2, 2, 2, 2, 3, 2, 2, 2, 2, 3, 2, 2, 2, 2, 3], [0, 2, 3, 2, 0, 0, 2, 3, 2, 0, 0, 2, 3, 2, 0, 0, 2, 3], [0, 2, 3, 2, 0, 0, 2, 3, 2, 0, 0, 2, 3, 2, 0, 0, 2, 3], [2, 2, 3, 2, 2, 2, 2, 3, 2, 2, 2, 2, 3, 2, 2, 2, 2, 3], [0, 0, 1, 0, 0, 0, 0, 1, 0, 0, 0, 0, 1, 0, 0, 0, 0, 1], [2, 2, 3, 2, 2, 2, 2, 3, 2, 2, 2, 2, 3, 2, 2, 2, 2, 3], [0, 2, 3, 2, 0, 0, 2, 3, 2, 0, 0, 2, 3, 2, 0, 0, 2, 3], [0, 2, 3, 2, 0, 0, 2, 3, 2, 0, 0, 2, 3, 2, 0, 0, 2, 3], [2, 2, 3, 2, 2, 2, 2, 3, 2, 2, 2, 2, 3, 2, 2, 2, 2, 3], [0, 0, 1, 0, 0, 0, 0, 1, 0, 0, 0, 0, 1, 0, 0, 0, 0, 1]]}, {"input": [[9, 6, 6, 9, 9, 6, 6, 9, 9, 6, 6, 9], [1, 1, 0, 1, 1, 1, 1, 1, 1, 1, 1, 1], [7, 7, 0, 7, 7, 7, 7, 7, 7, 7, 7, 7], [7, 0, 0, 7, 7, 7, 7, 7, 7, 7, 7, 7], [9, 0, 0, 9, 9, 6, 6, 9, 9, 6, 6, 9], [1, 1, 0, 1, 0, 0, 1, 0, 0, 0, 0, 1], [7, 7, 7, 7, 0, 0, 7, 7, 7, 0, 0, 7], [7, 7, 7, 7, 7, 7, 0, 0, 0, 7, 7, 7], [9, 6, 6, 9, 9, 6, 0, 0, 0, 6, 6, 9], [1, 1, 1, 1, 1, 0, 0, 0, 0, 1, 1, 1], [7, 7, 7, 7, 7, 7, 0, 0, 7, 7, 7, 7], [7, 7, 7, 7, 7, 7, 0, 0, 7, 7, 7, 7], [9, 6, 6, 9, 9, 6, 6, 9, 9, 6, 6, 9], [1, 1, 1, 1, 1, 1, 1, 1, 1, 1, 1, 1], [7, 7, 7, 7, 7, 7, 7, 7, 7, 7, 7, 7]], "output": [[9, 6, 6, 9, 9, 6, 6, 9, 9, 6, 6, 9], [1, 1, 1, 1, 1, 1, 1, 1, 1, 1, 1, 1], [7, 7, 7, 7, 7, 7, 7, 7, 7, 7, 7, 7], [7, 7, 7, 7, 7, 7, 7, 7, 7, 7, 7, 7], [9, 6, 6, 9, 9, 6, 6, 9, 9, 6, 6, 9], [1, 1, 1, 1, 1, 1, 1, 1, 1, 1, 1, 1], [7, 7, 7, 7, 7, 7, 7, 7, 7, 7, 7, 7], [7, 7, 7, 7, 7, 7, 7, 7, 7, 7, 7, 7], [9, 6, 6, 9, 9, 6, 6, 9, 9, 6, 6, 9], [1, 1, 1, 1, 1, 1, 1, 1, 1, 1, 1, 1], [7, 7, 7, 7, 7, 7, 7, 7, 7, 7, 7, 7], [7, 7, 7, 7, 7, 7, 7, 7, 7, 7, 7, 7], [9, 6, 6, 9, 9, 6, 6, 9, 9, 6, 6, 9], [1, 1, 1, 1, 1, 1, 1, 1, 1, 1, 1, 1], [7, 7, 7, 7, 7, 7, 7, 7, 7, 7, 7, 7]]}, {"input": [[0, 0, 0, 0, 0, 0, 0, 0, 0, 0, 0], [0, 3, 0, 0, 0, 3, 0, 0, 0, 3, 3], [0, 0, 0, 0, 6, 6, 0, 0, 0, 0, 3], [0, 0, 0, 0, 0, 0, 1, 0, 0, 0, 1], [0, 0, 0, 0, 0, 0, 0, 9, 0, 0, 0], [0, 3, 3, 0, 0, 3, 3, 1, 0, 3, 3], [6, 6, 3, 6, 6, 6, 3, 6, 6, 6, 3], [6, 0, 0, 0, 0, 0, 1, 0, 6, 0, 1], [0, 0, 0, 0, 0, 0, 0, 9, 0, 0, 0], [0, 3, 3, 1, 0, 3, 3, 1, 0, 3, 3], [6, 6, 3, 6, 6, 0, 0, 0, 6, 6, 3], [6, 0, 1, 0, 6, 0, 1, 0, 6, 0, 1], [0, 0, 0, 9, 0, 0, 0, 9, 0, 0, 0], [0, 3, 3, 1, 0, 3, 3, 1, 0, 3, 3]], "output": [[0, 0, 0, 9, 0, 0, 0, 9, 0, 0, 0], [0, 3, 3, 1, 0, 3, 3, 1, 0, 3, 3], [6, 6, 3, 6, 6, 6, 3, 6, 6, 6, 3], [6, 0, 1, 0, 6, 0, 1, 0, 6, 0, 1], [0, 0, 0, 9, 0, 0, 0, 9, 0, 0, 0], [0, 3, 3, 1, 0, 3, 3, 1, 0, 3, 3], [6, 6, 3, 6, 6, 6, 3, 6, 6, 6, 3], [6, 0, 1, 0, 6, 0, 1, 0, 6, 0, 1], [0, 0, 0, 9, 0, 0, 0, 9, 0, 0, 0], [0, 3, 3, 1, 0, 3, 3, 1, 0, 3, 3], [6, 6, 3, 6, 6, 6, 3, 6, 6, 6, 3], [6, 0, 1, 0, 6, 0, 1, 0, 6, 0, 1], [0, 0, 0, 9, 0, 0, 0, 9, 0, 0, 0], [0, 3, 3, 1, 0, 3, 3, 1, 0, 3, 3]]}, {"input": [[6, 4, 4, 4, 6, 6, 4, 0, 0, 6, 6], [6, 7, 4, 7, 6, 6, 7, 0, 0, 6, 6], [0, 7, 1, 0, 0, 0, 7, 0, 0, 0, 0], [6, 7, 4, 0, 0, 0, 0, 4, 7, 6, 6], [6, 4, 4, 0, 0, 0, 0, 4, 4, 6, 6], [6, 4, 4, 4, 6, 6, 4, 4, 4, 6, 6], [6, 7, 4, 7, 6, 0, 0, 4, 7, 6, 6], [0, 7, 1, 7, 0, 0, 0, 0, 0, 0, 0], [6, 7, 4, 7, 6, 0, 0, 0, 0, 6, 6], [6, 4, 4, 4, 6, 6, 4, 4, 4, 6, 6], [6, 4, 4, 4, 6, 6, 4, 4, 4, 6, 6], [6, 7, 4, 7, 6, 6, 7, 4, 7, 6, 6], [0, 7, 0, 0, 0, 0, 7, 1, 7, 0, 0], [6, 7, 4, 7, 6, 6, 7, 4, 7, 6, 6], [6, 4, 0, 4, 6, 6, 0, 0, 0, 0, 6], [6, 4, 0, 4, 6, 6, 0, 0, 4, 6, 6], [6, 7, 4, 7, 6, 6, 0, 0, 7, 6, 6], [0, 7, 1, 7, 0, 0, 7, 1, 7, 0, 0], [6, 7, 4, 7, 6, 6, 7, 4, 7, 6, 6]], "output": [[6, 4, 4, 4, 6, 6, 4, 4, 4, 6, 6], [6, 7, 4, 7, 6, 6, 7, 4, 7, 6, 6], [0, 7, 1, 7, 0, 0, 7, 1, 7, 0, 0], [6, 7, 4, 7, 6, 6, 7, 4, 7, 6, 6], [6, 4, 4, 4, 6, 6, 4, 4, 4, 6, 6], [6, 4, 4, 4, 6, 6, 4, 4, 4, 6, 6], [6, 7, 4, 7, 6, 6, 7, 4, 7, 6, 6], [0, 7, 1, 7, 0, 0, 7, 1, 7, 0, 0], [6, 7, 4, 7, 6, 6, 7, 4, 7, 6, 6], [6, 4, 4, 4, 6, 6, 4, 4, 4, 6, 6], [6, 4, 4, 4, 6, 6, 4, 4, 4, 6, 6], [6, 7, 4, 7, 6, 6, 7, 4, 7, 6, 6], [0, 7, 1, 7, 0, 0, 7, 1, 7, 0, 0], [6, 7, 4, 7, 6, 6, 7, 4, 7, 6, 6], [6, 4, 4, 4, 6, 6, 4, 4, 4, 6, 6], [6, 4, 4, 4, 6, 6, 4, 4, 4, 6, 6], [6, 7, 4, 7, 6, 6, 7, 4, 7, 6, 6], [0, 7, 1, 7, 0, 0, 7, 1, 7, 0, 0], [6, 7, 4, 7, 6, 6, 7, 4, 7, 6, 6]]}, {"input": [[2, 2, 2, 2, 2, 2, 2, 2, 2, 2, 2, 2, 2, 2, 0, 0, 0, 2, 2], [2, 0, 0, 0, 2, 2, 8, 3, 8, 0, 0, 8, 3, 8, 0, 0, 0, 3, 8], [0, 0, 0, 0, 0, 0, 0, 0, 3, 0, 0, 3, 0, 3, 0, 0, 0, 0, 3], [1, 0, 0, 0, 1, 0, 0, 0, 1, 1, 0, 0, 0, 1, 1, 1, 1, 0, 1], [8, 9, 9, 9, 8, 8, 9, 9, 9, 8, 0, 0, 0, 9, 0, 0, 0, 9, 9], [2, 2, 2, 2, 2, 2, 2, 2, 2, 2, 0, 0, 0, 2, 2, 0, 0, 0, 2], [2, 8, 3, 8, 2, 2, 8, 3, 8, 2, 2, 8, 3, 8, 2, 0, 0, 0, 8], [0, 3, 6, 3, 0, 0, 3, 6, 3, 0, 0, 3, 6, 3, 0, 0, 0, 0, 3], [1, 0, 0, 1, 1, 1, 1, 6, 1, 1, 1, 1, 6, 1, 1, 1, 1, 6, 1], [8, 0, 9, 9, 8, 8, 9, 9, 9, 8, 8, 9, 9, 9, 8, 8, 9, 9, 9], [2, 2, 2, 2, 2, 2, 2, 2, 2, 2, 2, 2, 2, 2, 2, 2, 2, 2, 2]], "output": [[2, 2, 2, 2, 2, 2, 2, 2, 2, 2, 2, 2, 2, 2, 2, 2, 2, 2, 2], [2, 8, 3, 8, 2, 2, 8, 3, 8, 2, 2, 8, 3, 8, 2, 2, 8, 3, 8], [0, 3, 6, 3, 0, 0, 3, 6, 3, 0, 0, 3, 6, 3, 0, 0, 3, 6, 3], [1, 1, 6, 1, 1, 1, 1, 6, 1, 1, 1, 1, 6, 1, 1, 1, 1, 6, 1], [8, 9, 9, 9, 8, 8, 9, 9, 9, 8, 8, 9, 9, 9, 8, 8, 9, 9, 9], [2, 2, 2, 2, 2, 2, 2, 2, 2, 2, 2, 2, 2, 2, 2, 2, 2, 2, 2], [2, 8, 3, 8, 2, 2, 8, 3, 8, 2, 2, 8, 3, 8, 2, 2, 8, 3, 8], [0, 3, 6, 3, 0, 0, 3, 6, 3, 0, 0, 3, 6, 3, 0, 0, 3, 6, 3], [1, 1, 6, 1, 1, 1, 1, 6, 1, 1, 1, 1, 6, 1, 1, 1, 1, 6, 1], [8, 9, 9, 9, 8, 8, 9, 9, 9, 8, 8, 9, 9, 9, 8, 8, 9, 9, 9], [2, 2, 2, 2, 2, 2, 2, 2, 2, 2, 2, 2, 2, 2, 2, 2, 2, 2, 2]]}, {"input": [[0, 0, 0, 0, 1, 0, 0, 1, 0, 0, 1, 0], [1, 0, 1, 1, 2, 1, 1, 2, 1, 1, 2, 1], [0, 0, 0, 0, 1, 0, 0, 1, 0, 0, 0, 0], [0, 1, 0, 0, 1, 0, 0, 1, 0, 0, 1, 0], [1, 2, 1, 1, 2, 1, 1, 2, 1, 1, 2, 1], [0, 1, 0, 0, 1, 0, 0, 1, 0, 0, 1, 0], [0, 0, 0, 0, 1, 0, 0, 0, 0, 0, 0, 0], [1, 0, 0, 0, 2, 1, 0, 0, 0, 1, 0, 1], [0, 0, 0, 0, 1, 0, 0, 0, 0, 0, 0, 0], [0, 1, 0, 0, 1, 0, 0, 1, 0, 0, 1, 0]], "output": [[0, 1, 0, 0, 1, 0, 0, 1, 0, 0, 1, 0], [1, 2, 1, 1, 2, 1, 1, 2, 1, 1, 2, 1], [0, 1, 0, 0, 1, 0, 0, 1, 0, 0, 1, 0], [0, 1, 0, 0, 1, 0, 0, 1, 0, 0, 1, 0], [1, 2, 1, 1, 2, 1, 1, 2, 1, 1, 2, 1], [0, 1, 0, 0, 1, 0, 0, 1, 0, 0, 1, 0], [0, 1, 0, 0, 1, 0, 0, 1, 0, 0, 1, 0], [1, 2, 1, 1, 2, 1, 1, 2, 1, 1, 2, 1], [0, 1, 0, 0, 1, 0, 0, 1, 0, 0, 1, 0], [0, 1, 0, 0, 1, 0, 0, 1, 0, 0, 1, 0]]}, {"input": [[0, 0, 3, 9, 0, 0, 0, 3, 9, 0, 0], [9, 3, 2, 3, 0, 9, 3, 2, 3, 0, 9], [3, 2, 3, 2, 0, 0, 0, 3, 2, 3, 3], [0, 3, 2, 0, 0, 0, 3, 2, 3, 9, 0], [0, 9, 3, 0, 0, 0, 9, 3, 0, 0, 0], [0, 0, 3, 9, 0, 0, 0, 3, 9, 0, 0], [9, 3, 2, 3, 0, 9, 3, 2, 3, 0, 9], [3, 2, 0, 0, 0, 3, 2, 3, 2, 3, 3], [0, 0, 0, 3, 9, 0, 3, 2, 3, 9, 0], [0, 0, 0, 0, 0, 0, 9, 3, 0, 0, 0], [0, 0, 0, 9, 0, 0, 0, 3, 0, 0, 0], [0, 3, 2, 3, 0, 9, 3, 2, 3, 0, 9], [3, 2, 3, 2, 3, 3, 2, 3, 2, 3, 3], [0, 3, 2, 3, 9, 0, 3, 2, 3, 9, 0], [0, 9, 3, 0, 0, 0, 9, 3, 0, 0, 0], [0, 0, 3, 9, 0, 0, 0, 3, 9, 0, 0], [9, 3, 2, 3, 0, 9, 3, 2, 3, 0, 9], [3, 2, 0, 0, 0, 3, 2, 3, 2, 3, 3], [0, 3, 2, 3, 9, 0, 3, 2, 3, 9, 0]], "output": [[0, 0, 3, 9, 0, 0, 0, 3, 9, 0, 0], [9, 3, 2, 3, 0, 9, 3, 2, 3, 0, 9], [3, 2, 3, 2, 3, 3, 2, 3, 2, 3, 3], [0, 3, 2, 3, 9, 0, 3, 2, 3, 9, 0], [0, 9, 3, 0, 0, 0, 9, 3, 0, 0, 0], [0, 0, 3, 9, 0, 0, 0, 3, 9, 0, 0], [9, 3, 2, 3, 0, 9, 3, 2, 3, 0, 9], [3, 2, 3, 2, 3, 3, 2, 3, 2, 3, 3], [0, 3, 2, 3, 9, 0, 3, 2, 3, 9, 0], [0, 9, 3, 0, 0, 0, 9, 3, 0, 0, 0], [0, 0, 3, 9, 0, 0, 0, 3, 9, 0, 0], [9, 3, 2, 3, 0, 9, 3, 2, 3, 0, 9], [3, 2, 3, 2, 3, 3, 2, 3, 2, 3, 3], [0, 3, 2, 3, 9, 0, 3, 2, 3, 9, 0], [0, 9, 3, 0, 0, 0, 9, 3, 0, 0, 0], [0, 0, 3, 9, 0, 0, 0, 3, 9, 0, 0], [9, 3, 2, 3, 0, 9, 3, 2, 3, 0, 9], [3, 2, 3, 2, 3, 3, 2, 3, 2, 3, 3], [0, 3, 2, 3, 9, 0, 3, 2, 3, 9, 0]]}, {"input": [[1, 1, 1, 1, 1, 1, 1, 1, 1, 1, 1, 1, 1, 1, 0, 0, 1, 1], [1, 1, 1, 1, 1, 1, 1, 1, 1, 1, 1, 1, 1, 1, 0, 0, 1, 1], [1, 1, 1, 1, 0, 0, 1, 1, 1, 1, 1, 1, 1, 1, 0, 0, 1, 1], [1, 1, 1, 1, 0, 0, 1, 0, 0, 0, 1, 1, 1, 1, 1, 1, 1, 1], [1, 1, 1, 1, 0, 0, 1, 1, 1, 1, 1, 1, 1, 1, 1, 1, 1, 1], [0, 0, 0, 0, 0, 1, 1, 0, 0, 0, 1, 1, 1, 1, 0, 0, 0, 1], [0, 0, 0, 0, 0, 1, 1, 0, 0, 0, 1, 0, 0, 0, 0, 1, 1, 1], [0, 0, 0, 0, 0, 1, 1, 0, 0, 0, 0, 0, 0, 0, 0, 1, 1, 1], [1, 1, 1, 1, 1, 1, 1, 1, 1, 1, 0, 0, 0, 0, 0, 1, 1, 1], [1, 1, 1, 1, 1, 1, 1, 1, 1, 1, 1, 1, 1, 0, 1, 1, 1, 1], [1, 1, 1, 1, 1, 1, 1, 1, 1, 1, 1, 1, 1, 1, 1, 1, 1, 1]], "output": [[1, 1, 1, 1, 1, 1, 1, 1, 1, 1, 1, 1, 1, 1, 1, 1, 1, 1], [1, 1, 1, 1, 1, 1, 1, 1, 1, 1, 1, 1, 1, 1, 1, 1, 1, 1], [1, 1, 1, 1, 1, 1, 1, 1, 1, 1, 1, 1, 1, 1, 1, 1, 1, 1], [1, 1, 1, 1, 1, 1, 1, 1, 1, 1, 1, 1, 1, 1, 1, 1, 1, 1], [1, 1, 1, 1, 1, 1, 1, 1, 1, 1, 1, 1, 1, 1, 1, 1, 1, 1], [1, 1, 1, 1, 1, 1, 1, 1, 1, 1, 1, 1, 1, 1, 1, 1, 1, 1], [1, 1, 1, 1, 1, 1, 1, 1, 1, 1, 1, 1, 1, 1, 1, 1, 1, 1], [1, 1, 1, 1, 1, 1, 1, 1, 1, 1, 1, 1, 1, 1, 1, 1, 1, 1], [1, 1, 1, 1, 1, 1, 1, 1, 1, 1, 1, 1, 1, 1, 1, 1, 1, 1], [1, 1, 1, 1, 1, 1, 1, 1, 1, 1, 1, 1, 1, 1, 1, 1, 1, 1], [1, 1, 1, 1, 1, 1, 1, 1, 1, 1, 1, 1, 1, 1, 1, 1, 1, 1]]}, {"input": [[1, 1, 9, 1, 1, 9, 1, 1, 9, 1, 1], [1, 9, 9, 0, 0, 9, 1, 9, 9, 1, 9], [1, 1, 9, 0, 0, 9, 1, 1, 9, 1, 1], [1, 1, 9, 0, 1, 9, 1, 1, 9, 1, 1], [1, 9, 9, 1, 9, 9, 1, 9, 9, 1, 9], [1, 1, 9, 1, 1, 9, 1, 1, 9, 1, 1], [1, 1, 9, 1, 1, 9, 1, 1, 9, 1, 1], [0, 0, 0, 1, 9, 9, 0, 0, 0, 1, 9], [1, 1, 9, 1, 1, 9, 0, 0, 0, 1, 1], [1, 1, 9, 1, 1, 9, 1, 1, 9, 1, 1], [1, 0, 0, 1, 9, 9, 1, 9, 9, 1, 9], [1, 0, 0, 1, 1, 9, 1, 1, 9, 1, 1], [1, 1, 9, 1, 1, 9, 1, 1, 9, 1, 1], [1, 9, 9, 1, 9, 9, 1, 9, 9, 1, 9], [1, 1, 9, 1, 1, 9, 1, 1, 9, 1, 1], [1, 1, 9, 1, 1, 9, 1, 1, 9, 1, 1], [1, 9, 9, 1, 9, 9, 1, 9, 9, 1, 9]], "output": [[1, 1, 9, 1, 1, 9, 1, 1, 9, 1, 1], [1, 9, 9, 1, 9, 9, 1, 9, 9, 1, 9], [1, 1, 9, 1, 1, 9, 1, 1, 9, 1, 1], [1, 1, 9, 1, 1, 9, 1, 1, 9, 1, 1], [1, 9, 9, 1, 9, 9, 1, 9, 9, 1, 9], [1, 1, 9, 1, 1, 9, 1, 1, 9, 1, 1], [1, 1, 9, 1, 1, 9, 1, 1, 9, 1, 1], [1, 9, 9, 1, 9, 9, 1, 9, 9, 1, 9], [1, 1, 9, 1, 1, 9, 1, 1, 9, 1, 1], [1, 1, 9, 1, 1, 9, 1, 1, 9, 1, 1], [1, 9, 9, 1, 9, 9, 1, 9, 9, 1, 9], [1, 1, 9, 1, 1, 9, 1, 1, 9, 1, 1], [1, 1, 9, 1, 1, 9, 1, 1, 9, 1, 1], [1, 9, 9, 1, 9, 9, 1, 9, 9, 1, 9], [1, 1, 9, 1, 1, 9, 1, 1, 9, 1, 1], [1, 1, 9, 1, 1, 9, 1, 1, 9, 1, 1], [1, 9, 9, 1, 9, 9, 1, 9, 9, 1, 9]]}, {"input": [[0, 0, 9, 0, 3, 0, 9, 9, 9, 3, 0, 9], [0, 0, 0, 0, 3, 0, 0, 0, 0, 3, 4, 9], [3, 4, 0, 0, 9, 3, 0, 0, 0, 0, 0, 4], [0, 0, 0, 0, 3, 4, 9, 1, 0, 0, 0, 9], [0, 0, 8, 3, 0, 4, 0, 0, 0, 0, 0, 0], [0, 9, 9, 9, 3, 0, 9, 0, 0, 0, 0, 9], [4, 9, 9, 3, 3, 4, 9, 9, 3, 3, 4, 9], [3, 4, 3, 4, 9, 3, 4, 0, 0, 0, 3, 4], [4, 9, 1, 3, 3, 4, 9, 0, 0, 0, 4, 9], [4, 0, 8, 3, 0, 4, 0, 8, 3, 0, 4, 0]], "output": [[0, 9, 9, 9, 3, 0, 9, 9, 9, 3, 0, 9], [4, 9, 9, 3, 3, 4, 9, 9, 3, 3, 4, 9], [3, 4, 3, 4, 9, 3, 4, 3, 4, 9, 3, 4], [4, 9, 1, 3, 3, 4, 9, 1, 3, 3, 4, 9], [4, 0, 8, 3, 0, 4, 0, 8, 3, 0, 4, 0], [0, 9, 9, 9, 3, 0, 9, 9, 9, 3, 0, 9], [4, 9, 9, 3, 3, 4, 9, 9, 3, 3, 4, 9], [3, 4, 3, 4, 9, 3, 4, 3, 4, 9, 3, 4], [4, 9, 1, 3, 3, 4, 9, 1, 3, 3, 4, 9], [4, 0, 8, 3, 0, 4, 0, 8, 3, 0, 4, 0]]}, {"input": [[0, 0, 6, 6, 0, 0, 6, 6, 6, 0], [0, 0, 2, 0, 0, 0, 0, 2, 0, 0], [2, 0, 2, 2, 2, 2, 2, 2, 2, 2], [0, 0, 2, 0, 0, 0, 0, 2, 0, 0], [0, 0, 6, 6, 0, 0, 6, 6, 6, 0], [0, 6, 6, 6, 0, 0, 0, 0, 0, 0], [0, 0, 0, 0, 0, 0, 0, 0, 0, 0], [2, 2, 2, 2, 2, 2, 0, 0, 0, 2], [0, 0, 2, 0, 0, 0, 0, 2, 0, 0], [0, 6, 6, 0, 0, 0, 0, 6, 6, 0], [0, 6, 6, 0, 0, 0, 6, 6, 6, 0], [0, 0, 2, 0, 0, 0, 0, 0, 0, 0], [2, 2, 2, 2, 2, 2, 0, 0, 2, 2], [0, 0, 2, 0, 0, 0, 0, 0, 0, 0], [0, 6, 6, 6, 0, 0, 6, 6, 6, 0], [0, 6, 6, 6, 0, 0, 0, 6, 6, 0], [0, 0, 2, 0, 0, 0, 0, 2, 0, 0], [0, 0, 2, 2, 2, 2, 0, 2, 2, 2], [0, 0, 2, 0, 0, 0, 0, 2, 0, 0]], "output": [[6, 6, 6, 6, 6, 6, 6, 6, 6, 6], [2, 2, 2, 2, 2, 2, 2, 2, 2, 2], [2, 2, 2, 2, 2, 2, 2, 2, 2, 2], [2, 2, 2, 2, 2, 2, 2, 2, 2, 2], [6, 6, 6, 6, 6, 6, 6, 6, 6, 6], [6, 6, 6, 6, 6, 6, 6, 6, 6, 6], [2, 2, 2, 2, 2, 2, 2, 2, 2, 2], [2, 2, 2, 2, 2, 2, 2, 2, 2, 2], [2, 2, 2, 2, 2, 2, 2, 2, 2, 2], [6, 6, 6, 6, 6, 6, 6, 6, 6, 6], [6, 6, 6, 6, 6, 6, 6, 6, 6, 6], [2, 2, 2, 2, 2, 2, 2, 2, 2, 2], [2, 2, 2, 2, 2, 2, 2, 2, 2, 2], [2, 2, 2, 2, 2, 2, 2, 2, 2, 2], [6, 6, 6, 6, 6, 6, 6, 6, 6, 6], [6, 6, 6, 6, 6, 6, 6, 6, 6, 6], [2, 2, 2, 2, 2, 2, 2, 2, 2, 2], [2, 2, 2, 2, 2, 2, 2, 2, 2, 2], [2, 2, 2, 2, 2, 2, 2, 2, 2, 2]]}, {"input": [[9, 9, 0, 9, 9, 9, 0, 9, 9, 9, 0, 9, 0, 9, 0], [0, 3, 3, 9, 0, 0, 3, 9, 0, 3, 3, 9, 0, 3, 3], [9, 3, 3, 0, 9, 0, 0, 0, 9, 3, 3, 0, 0, 3, 3], [9, 0, 9, 9, 9, 0, 9, 9, 9, 0, 9, 9, 9, 0, 9], [9, 9, 0, 9, 9, 9, 0, 9, 9, 9, 0, 9, 9, 9, 0], [0, 3, 3, 9, 0, 3, 3, 9, 0, 3, 3, 9, 0, 3, 3], [9, 3, 3, 0, 9, 3, 3, 0, 9, 3, 3, 0, 9, 3, 3], [9, 0, 9, 9, 9, 0, 9, 9, 9, 0, 9, 9, 9, 0, 9], [9, 9, 0, 9, 9, 9, 0, 9, 9, 0, 0, 9, 9, 9, 0], [0, 3, 3, 9, 0, 0, 0, 0, 0, 3, 3, 9, 0, 0, 3], [9, 3, 3, 0, 9, 0, 0, 0, 0, 0, 3, 0, 9, 0, 3], [9, 0, 9, 9, 9, 0, 9, 9, 0, 0, 0, 9, 9, 0, 9], [9, 9, 0, 9, 9, 9, 0, 9, 0, 0, 0, 9, 9, 9, 0], [0, 3, 3, 9, 0, 3, 3, 9, 0, 0, 3, 9, 0, 3, 3], [9, 3, 3, 0, 9, 3, 3, 0, 0, 0, 3, 0, 9, 3, 3], [9, 0, 9, 9, 9, 0, 0, 0, 0, 0, 9, 9, 9, 0, 9], [9, 9, 0, 9, 9, 9, 0, 9, 9, 9, 0, 9, 9, 9, 0]], "output": [[9, 9, 0, 9, 9, 9, 0, 9, 9, 9, 0, 9, 9, 9, 0], [0, 3, 3, 9, 0, 3, 3, 9, 0, 3, 3, 9, 0, 3, 3], [9, 3, 3, 0, 9, 3, 3, 0, 9, 3, 3, 0, 9, 3, 3], [9, 0, 9, 9, 9, 0, 9, 9, 9, 0, 9, 9, 9, 0, 9], [9, 9, 0, 9, 9, 9, 0, 9, 9, 9, 0, 9, 9, 9, 0], [0, 3, 3, 9, 0, 3, 3, 9, 0, 3, 3, 9, 0, 3, 3], [9, 3, 3, 0, 9, 3, 3, 0, 9, 3, 3, 0, 9, 3, 3], [9, 0, 9, 9, 9, 0, 9, 9, 9, 0, 9, 9, 9, 0, 9], [9, 9, 0, 9, 9, 9, 0, 9, 9, 9, 0, 9, 9, 9, 0], [0, 3, 3, 9, 0, 3, 3, 9, 0, 3, 3, 9, 0, 3, 3], [9, 3, 3, 0, 9, 3, 3, 0, 9, 3, 3, 0, 9, 3, 3], [9, 0, 9, 9, 9, 0, 9, 9, 9, 0, 9, 9, 9, 0, 9], [9, 9, 0, 9, 9, 9, 0, 9, 9, 9, 0, 9, 9, 9, 0], [0, 3, 3, 9, 0, 3, 3, 9, 0, 3, 3, 9, 0, 3, 3], [9, 3, 3, 0, 9, 3, 3, 0, 9, 3, 3, 0, 9, 3, 3], [9, 0, 9, 9, 9, 0, 9, 9, 9, 0, 9, 9, 9, 0, 9], [9, 9, 0, 9, 9, 9, 0, 9, 9, 9, 0, 9, 9, 9, 0]]}, {"input": [[2, 2, 2, 2, 2, 2, 2, 2, 2, 2, 2, 2, 2, 2, 2, 2], [2, 2, 0, 2, 2, 0, 2, 2, 0, 2, 2, 0, 2, 2, 0, 2], [2, 2, 2, 0, 0, 0, 2, 2, 2, 2, 2, 2, 2, 2, 2, 2], [2, 2, 2, 2, 0, 0, 2, 2, 2, 2, 2, 2, 2, 2, 2, 2], [2, 2, 0, 2, 0, 0, 2, 2, 0, 2, 2, 0, 2, 2, 0, 2], [2, 2, 2, 2, 0, 2, 2, 2, 2, 2, 2, 2, 2, 2, 2, 2], [2, 2, 2, 2, 0, 2, 2, 2, 2, 0, 2, 2, 2, 2, 2, 2], [2, 2, 0, 2, 2, 0, 2, 2, 0, 2, 2, 0, 2, 2, 0, 2], [2, 2, 2, 2, 2, 0, 0, 0, 0, 0, 0, 2, 2, 2, 2, 2], [2, 2, 2, 2, 0, 0, 0, 0, 0, 0, 0, 2, 2, 2, 2, 2], [2, 2, 0, 2, 2, 0, 0, 0, 0, 0, 0, 0, 2, 2, 0, 2], [2, 2, 2, 2, 2, 2, 2, 2, 2, 2, 2, 2, 2, 2, 2, 2]], "output": [[2, 2, 2, 2, 2, 2, 2, 2, 2, 2, 2, 2, 2, 2, 2, 2], [2, 2, 2, 2, 2, 2, 2, 2, 2, 2, 2, 2, 2, 2, 2, 2], [2, 2, 2, 2, 2, 2, 2, 2, 2, 2, 2, 2, 2, 2, 2, 2], [2, 2, 2, 2, 2, 2, 2, 2, 2, 2, 2, 2, 2, 2, 2, 2], [2, 2, 2, 2, 2, 2, 2, 2, 2, 2, 2, 2, 2, 2, 2, 2], [2, 2, 2, 2, 2, 2, 2, 2, 2, 2, 2, 2, 2, 2, 2, 2], [2, 2, 2, 2, 2, 2, 2, 2, 2, 2, 2, 2, 2, 2, 2, 2], [2, 2, 2, 2, 2, 2, 2, 2, 2, 2, 2, 2, 2, 2, 2, 2], [2, 2, 2, 2, 2, 2, 2, 2, 2, 2, 2, 2, 2, 2, 2, 2], [2, 2, 2, 2, 2, 2, 2, 2, 2, 2, 2, 2, 2, 2, 2, 2], [2, 2, 2, 2, 2, 2, 2, 2, 2, 2, 2, 2, 2, 2, 2, 2], [2, 2, 2, 2, 2, 2, 2, 2, 2, 2, 2, 2, 2, 2, 2, 2]]}, {"input": [[9, 7, 7, 0, 9, 7, 7, 9, 9, 7, 7, 9, 9, 7, 7, 9], [3, 7, 7, 0, 3, 7, 7, 3, 0, 0, 0, 3, 3, 7, 7, 3], [2, 7, 7, 2, 2, 7, 7, 2, 0, 0, 0, 0, 2, 7, 7, 2], [3, 1, 1, 3, 0, 0, 0, 3, 3, 1, 0, 0, 3, 1, 1, 3], [9, 0, 0, 0, 0, 0, 0, 9, 9, 7, 0, 0, 9, 7, 7, 9], [3, 0, 0, 0, 0, 7, 7, 3, 3, 7, 7, 3, 3, 7, 7, 3], [2, 0, 0, 0, 0, 7, 7, 0, 0, 7, 7, 2, 2, 7, 7, 2], [3, 1, 1, 3, 0, 1, 1, 0, 0, 1, 1, 3, 3, 0, 0, 3], [9, 7, 7, 9, 9, 7, 0, 0, 0, 7, 7, 9, 9, 0, 0, 9], [3, 7, 7, 3, 3, 7, 0, 0, 0, 0, 0, 0, 3, 0, 0, 3], [2, 7, 7, 2, 2, 7, 7, 2, 2, 0, 0, 0, 2, 7, 7, 2], [3, 0, 0, 0, 0, 0, 0, 3, 3, 1, 1, 3, 3, 1, 1, 3], [9, 0, 0, 0, 0, 0, 0, 9, 9, 7, 7, 9, 9, 7, 7, 9], [3, 7, 7, 3, 0, 0, 0, 3, 3, 7, 7, 0, 0, 0, 7, 3], [2, 7, 7, 2, 2, 7, 7, 2, 2, 7, 7, 2, 2, 7, 7, 2], [3, 1, 1, 3, 3, 1, 1, 3, 3, 1, 1, 3, 3, 1, 1, 3]], "output": [[9, 7, 7, 9, 9, 7, 7, 9, 9, 7, 7, 9, 9, 7, 7, 9], [3, 7, 7, 3, 3, 7, 7, 3, 3, 7, 7, 3, 3, 7, 7, 3], [2, 7, 7, 2, 2, 7, 7, 2, 2, 7, 7, 2, 2, 7, 7, 2], [3, 1, 1, 3, 3, 1, 1, 3, 3, 1, 1, 3, 3, 1, 1, 3], [9, 7, 7, 9, 9, 7, 7, 9, 9, 7, 7, 9, 9, 7, 7, 9], [3, 7, 7, 3, 3, 7, 7, 3, 3, 7, 7, 3, 3, 7, 7, 3], [2, 7, 7, 2, 2, 7, 7, 2, 2, 7, 7, 2, 2, 7, 7, 2], [3, 1, 1, 3, 3, 1, 1, 3, 3, 1, 1, 3, 3, 1, 1, 3], [9, 7, 7, 9, 9, 7, 7, 9, 9, 7, 7, 9, 9, 7, 7, 9], [3, 7, 7, 3, 3, 7, 7, 3, 3, 7, 7, 3, 3, 7, 7, 3], [2, 7, 7, 2, 2, 7, 7, 2, 2, 7, 7, 2, 2, 7, 7, 2], [3, 1, 1, 3, 3, 1, 1, 3, 3, 1, 1, 3, 3, 1, 1, 3], [9, 7, 7, 9, 9, 7, 7, 9, 9, 7, 7, 9, 9, 7, 7, 9], [3, 7, 7, 3, 3, 7, 7, 3, 3, 7, 7, 3, 3, 7, 7, 3], [2, 7, 7, 2, 2, 7, 7, 2, 2, 7, 7, 2, 2, 7, 7, 2], [3, 1, 1, 3, 3, 1, 1, 3, 3, 1, 1, 3, 3, 1, 1, 3]]}, {"input": [[5, 5, 5, 5, 5, 5, 5, 5, 5, 5, 5, 5, 5, 5, 5, 5, 5, 5, 5], [1, 0, 0, 1, 1, 0, 0, 1, 1, 0, 0, 0, 0, 0, 0, 1, 1, 0, 0], [1, 0, 0, 1, 1, 0, 0, 1, 1, 0, 0, 1, 1, 0, 0, 1, 1, 0, 0], [5, 5, 5, 5, 5, 5, 5, 5, 5, 5, 5, 5, 5, 5, 5, 5, 5, 5, 5], [5, 5, 5, 5, 5, 5, 5, 5, 5, 5, 5, 5, 5, 5, 5, 5, 5, 5, 5], [1, 0, 0, 1, 1, 0, 0, 1, 1, 0, 0, 1, 1, 0, 0, 1, 1, 0, 0], [1, 0, 0, 1, 1, 0, 0, 1, 1, 0, 0, 1, 1, 0, 0, 1, 1, 0, 0], [5, 5, 5, 5, 5, 5, 5, 5, 5, 5, 5, 5, 5, 5, 5, 5, 5, 5, 5], [5, 5, 5, 0, 0, 0, 5, 5, 5, 5, 5, 5, 5, 5, 5, 5, 5, 5, 5], [1, 0, 0, 1, 1, 0, 0, 1, 1, 0, 0, 1, 1, 0, 0, 1, 1, 0, 0], [1, 0, 0, 1, 1, 0, 0, 1, 1, 0, 0, 1, 1, 0, 0, 1, 1, 0, 0], [5, 5, 5, 5, 5, 5, 5, 5, 5, 5, 5, 5, 5, 0, 0, 5, 5, 5, 5], [5, 5, 5, 5, 5, 5, 5, 5, 5, 5, 5, 5, 5, 5, 5, 5, 5, 5, 5], [1, 0, 0, 1, 1, 0, 0, 1, 1, 0, 0, 1, 1, 0, 0, 1, 1, 0, 0], [1, 0, 0, 1, 1, 0, 0, 1, 1, 0, 0, 1, 1, 0, 0, 1, 1, 0, 0], [5, 5, 5, 5, 5, 5, 5, 5, 5, 5, 5, 5, 5, 5, 5, 5, 5, 5, 5]], "output": [[5, 5, 5, 5, 5, 5, 5, 5, 5, 5, 5, 5, 5, 5, 5, 5, 5, 5, 5], [1, 1, 1, 1, 1, 1, 1, 1, 1, 1, 1, 1, 1, 1, 1, 1, 1, 1, 1], [1, 1, 1, 1, 1, 1, 1, 1, 1, 1, 1, 1, 1, 1, 1, 1, 1, 1, 1], [5, 5, 5, 5, 5, 5, 5, 5, 5, 5, 5, 5, 5, 5, 5, 5, 5, 5, 5], [5, 5, 5, 5, 5, 5, 5, 5, 5, 5, 5, 5, 5, 5, 5, 5, 5, 5, 5], [1, 1, 1, 1, 1, 1, 1, 1, 1, 1, 1, 1, 1, 1, 1, 1, 1, 1, 1], [1, 1, 1, 1, 1, 1, 1, 1, 1, 1, 1, 1, 1, 1, 1, 1, 1, 1, 1], [5, 5, 5, 5, 5, 5, 5, 5, 5, 5, 5, 5, 5, 5, 5, 5, 5, 5, 5], [5, 5, 5, 5, 5, 5, 5, 5, 5, 5, 5, 5, 5, 5, 5, 5, 5, 5, 5], [1, 1, 1, 1, 1, 1, 1, 1, 1, 1, 1, 1, 1, 1, 1, 1, 1, 1, 1], [1, 1, 1, 1, 1, 1, 1, 1, 1, 1, 1, 1, 1, 1, 1, 1, 1, 1, 1], [5, 5, 5, 5, 5, 5, 5, 5, 5, 5, 5, 5, 5, 5, 5, 5, 5, 5, 5], [5, 5, 5, 5, 5, 5, 5, 5, 5, 5, 5, 5, 5, 5, 5, 5, 5, 5, 5], [1, 1, 1, 1, 1, 1, 1, 1, 1, 1, 1, 1, 1, 1, 1, 1, 1, 1, 1], [1, 1, 1, 1, 1, 1, 1, 1, 1, 1, 1, 1, 1, 1, 1, 1, 1, 1, 1], [5, 5, 5, 5, 5, 5, 5, 5, 5, 5, 5, 5, 5, 5, 5, 5, 5, 5, 5]]}, {"input": [[3, 0, 3, 3, 3, 3, 3, 3, 3, 3, 3, 3], [7, 0, 7, 7, 0, 0, 0, 7, 7, 7, 7, 7], [6, 0, 6, 6, 0, 0, 0, 0, 6, 6, 0, 6], [3, 3, 3, 3, 3, 3, 0, 0, 0, 3, 3, 3], [7, 7, 7, 7, 7, 0, 0, 0, 0, 7, 7, 7], [0, 0, 6, 6, 0, 0, 0, 0, 0, 6, 0, 6], [3, 3, 3, 3, 3, 0, 0, 3, 3, 3, 3, 3], [7, 7, 7, 7, 7, 7, 0, 7, 7, 0, 0, 7], [6, 0, 0, 6, 0, 6, 6, 0, 6, 6, 0, 6], [3, 3, 0, 3, 3, 0, 0, 3, 3, 3, 3, 3], [7, 7, 0, 7, 7, 0, 0, 7, 7, 7, 7, 7], [6, 0, 6, 6, 0, 6, 6, 0, 6, 6, 0, 6]], "output": [[3, 3, 3, 3, 3, 3, 3, 3, 3, 3, 3, 3], [7, 7, 7, 7, 7, 7, 7, 7, 7, 7, 7, 7], [6, 6, 6, 6, 6, 6, 6, 6, 6, 6, 6, 6], [3, 3, 3, 3, 3, 3, 3, 3, 3, 3, 3, 3], [7, 7, 7, 7, 7, 7, 7, 7, 7, 7, 7, 7], [6, 6, 6, 6, 6, 6, 6, 6, 6, 6, 6, 6], [3, 3, 3, 3, 3, 3, 3, 3, 3, 3, 3, 3], [7, 7, 7, 7, 7, 7, 7, 7, 7, 7, 7, 7], [6, 6, 6, 6, 6, 6, 6, 6, 6, 6, 6, 6], [3, 3, 3, 3, 3, 3, 3, 3, 3, 3, 3, 3], [7, 7, 7, 7, 7, 7, 7, 7, 7, 7, 7, 7], [6, 6, 6, 6, 6, 6, 6, 6, 6, 6, 6, 6]]}, {"input": [[1, 6, 1, 0, 0, 1, 1, 6, 1, 0, 0, 0, 1], [3, 3, 3, 0, 0, 3, 3, 3, 0, 0, 0, 0, 3], [3, 3, 3, 0, 0, 3, 3, 3, 0, 0, 0, 0, 3], [1, 0, 0, 1, 6, 1, 1, 6, 0, 0, 6, 1, 1], [3, 3, 3, 3, 3, 3, 3, 3, 3, 3, 3, 3, 3], [0, 0, 0, 3, 3, 3, 3, 3, 3, 3, 0, 3, 3], [1, 6, 1, 1, 6, 1, 1, 6, 1, 0, 0, 0, 1], [3, 3, 3, 3, 3, 3, 3, 0, 3, 0, 0, 0, 3], [3, 3, 3, 3, 3, 3, 3, 3, 3, 3, 3, 3, 3], [1, 6, 0, 0, 0, 1, 1, 6, 1, 1, 6, 1, 1], [3, 3, 0, 0, 0, 3, 3, 3, 3, 3, 3, 3, 3], [3, 3, 3, 3, 3, 3, 3, 0, 3, 3, 3, 3, 3], [1, 6, 1, 1, 6, 1, 1, 0, 1, 1, 6, 1, 1], [3, 3, 3, 3, 3, 3, 3, 3, 3, 3, 3, 3, 3], [3, 3, 3, 3, 3, 3, 3, 3, 3, 3, 3, 3, 3]], "output": [[1, 6, 1, 1, 6, 1, 1, 6, 1, 1, 6, 1, 1], [3, 3, 3, 3, 3, 3, 3, 3, 3, 3, 3, 3, 3], [3, 3, 3, 3, 3, 3, 3, 3, 3, 3, 3, 3, 3], [1, 6, 1, 1, 6, 1, 1, 6, 1, 1, 6, 1, 1], [3, 3, 3, 3, 3, 3, 3, 3, 3, 3, 3, 3, 3], [3, 3, 3, 3, 3, 3, 3, 3, 3, 3, 3, 3, 3], [1, 6, 1, 1, 6, 1, 1, 6, 1, 1, 6, 1, 1], [3, 3, 3, 3, 3, 3, 3, 3, 3, 3, 3, 3, 3], [3, 3, 3, 3, 3, 3, 3, 3, 3, 3, 3, 3, 3], [1, 6, 1, 1, 6, 1, 1, 6, 1, 1, 6, 1, 1], [3, 3, 3, 3, 3, 3, 3, 3, 3, 3, 3, 3, 3], [3, 3, 3, 3, 3, 3, 3, 3, 3, 3, 3, 3, 3], [1, 6, 1, 1, 6, 1, 1, 6, 1, 1, 6, 1, 1], [3, 3, 3, 3, 3, 3, 3, 3, 3, 3, 3, 3, 3], [3, 3, 3, 3, 3, 3, 3, 3, 3, 3, 3, 3, 3]]}, {"input": [[1, 0, 0, 0, 1, 1, 1, 1, 1, 1, 1, 1, 1, 1, 1], [1, 0, 0, 0, 2, 1, 1, 2, 1, 1, 0, 0, 0, 2, 1], [0, 1, 0, 0, 1, 0, 0, 1, 0, 0, 1, 0, 0, 1, 0], [1, 1, 1, 1, 1, 1, 1, 1, 1, 1, 1, 1, 1, 1, 1], [1, 2, 0, 1, 2, 1, 1, 2, 1, 0, 0, 1, 1, 2, 1], [0, 1, 0, 0, 1, 0, 0, 1, 0, 0, 0, 0, 0, 1, 0], [1, 1, 1, 1, 1, 1, 1, 1, 1, 1, 1, 1, 1, 1, 1], [1, 2, 1, 1, 2, 1, 1, 2, 1, 1, 2, 1, 1, 2, 1], [0, 1, 0, 0, 1, 0, 0, 1, 0, 0, 0, 0, 0, 1, 0], [1, 1, 1, 1, 1, 1, 0, 0, 1, 1, 0, 0, 0, 1, 1], [1, 2, 1, 1, 2, 1, 0, 0, 0, 0, 0, 0, 0, 2, 1], [0, 1, 0, 0, 1, 0, 0, 0, 0, 0, 1, 0, 0, 1, 0], [1, 1, 1, 1, 1, 1, 1, 0, 0, 0, 1, 1, 1, 1, 1], [1, 2, 1, 1, 2, 1, 1, 2, 1, 1, 2, 1, 1, 2, 1]], "output": [[1, 1, 1, 1, 1, 1, 1, 1, 1, 1, 1, 1, 1, 1, 1], [1, 2, 1, 1, 2, 1, 1, 2, 1, 1, 2, 1, 1, 2, 1], [0, 1, 0, 0, 1, 0, 0, 1, 0, 0, 1, 0, 0, 1, 0], [1, 1, 1, 1, 1, 1, 1, 1, 1, 1, 1, 1, 1, 1, 1], [1, 2, 1, 1, 2, 1, 1, 2, 1, 1, 2, 1, 1, 2, 1], [0, 1, 0, 0, 1, 0, 0, 1, 0, 0, 1, 0, 0, 1, 0], [1, 1, 1, 1, 1, 1, 1, 1, 1, 1, 1, 1, 1, 1, 1], [1, 2, 1, 1, 2, 1, 1, 2, 1, 1, 2, 1, 1, 2, 1], [0, 1, 0, 0, 1, 0, 0, 1, 0, 0, 1, 0, 0, 1, 0], [1, 1, 1, 1, 1, 1, 1, 1, 1, 1, 1, 1, 1, 1, 1], [1, 2, 1, 1, 2, 1, 1, 2, 1, 1, 2, 1, 1, 2, 1], [0, 1, 0, 0, 1, 0, 0, 1, 0, 0, 1, 0, 0, 1, 0], [1, 1, 1, 1, 1, 1, 1, 1, 1, 1, 1, 1, 1, 1, 1], [1, 2, 1, 1, 2, 1, 1, 2, 1, 1, 2, 1, 1, 2, 1]]}, {"input": [[8, 6, 6, 8, 8, 6, 6, 8, 8, 6], [8, 8, 8, 8, 8, 8, 8, 8, 8, 8], [6, 0, 6, 6, 6, 6, 0, 0, 0, 6], [2, 0, 6, 2, 2, 6, 0, 0, 0, 6], [8, 0, 6, 0, 0, 6, 6, 8, 8, 6], [8, 8, 8, 0, 0, 8, 0, 0, 8, 8], [6, 6, 6, 0, 0, 0, 0, 0, 6, 6], [2, 0, 0, 0, 0, 0, 0, 2, 2, 6], [8, 0, 0, 0, 0, 0, 0, 8, 8, 6], [8, 8, 8, 8, 0, 0, 0, 8, 8, 8], [6, 6, 6, 6, 6, 6, 6, 6, 6, 6]], "output": [[8, 6, 6, 8, 8, 6, 6, 8, 8, 6], [8, 8, 8, 8, 8, 8, 8, 8, 8, 8], [6, 6, 6, 6, 6, 6, 6, 6, 6, 6], [2, 6, 6, 2, 2, 6, 6, 2, 2, 6], [8, 6, 6, 8, 8, 6, 6, 8, 8, 6], [8, 8, 8, 8, 8, 8, 8, 8, 8, 8], [6, 6, 6, 6, 6, 6, 6, 6, 6, 6], [2, 6, 6, 2, 2, 6, 6, 2, 2, 6], [8, 6, 6, 8, 8, 6, 6, 8, 8, 6], [8, 8, 8, 8, 8, 8, 8, 8, 8, 8], [6, 6, 6, 6, 6, 6, 6, 6, 6, 6]]}, {"input": [[5, 0, 5, 5, 5, 0, 0, 0, 5, 0, 0, 5, 5, 0, 5, 5, 5, 0], [5, 1, 1, 0, 5, 1, 1, 0, 5, 1, 0, 0, 5, 1, 1, 0, 5, 1], [0, 1, 1, 5, 0, 1, 1, 0, 0, 0, 1, 5, 0, 1, 1, 5, 0, 1], [0, 0, 0, 5, 5, 0, 0, 0, 0, 0, 0, 5, 5, 5, 0, 5, 5, 5], [0, 0, 5, 5, 5, 0, 5, 5, 5, 0, 5, 5, 5, 0, 5, 5, 5, 0], [0, 0, 1, 0, 5, 0, 1, 0, 5, 1, 1, 0, 5, 1, 1, 0, 5, 1], [0, 1, 1, 0, 0, 0, 1, 0, 0, 1, 1, 5, 0, 1, 1, 5, 0, 1], [5, 5, 0, 0, 0, 0, 0, 0, 0, 5, 0, 5, 5, 5, 0, 5, 5, 5], [5, 0, 5, 0, 0, 0, 5, 5, 0, 0, 5, 5, 5, 0, 5, 5, 5, 0], [5, 1, 0, 0, 0, 1, 1, 0, 5, 1, 1, 0, 5, 1, 1, 0, 5, 1], [0, 1, 1, 5, 0, 1, 1, 5, 0, 1, 1, 5, 0, 1, 1, 5, 0, 1], [5, 5, 0, 5, 5, 5, 0, 5, 5, 5, 0, 5, 5, 5, 0, 5, 5, 5]], "output": [[5, 0, 5, 5, 5, 0, 5, 5, 5, 0, 5, 5, 5, 0, 5, 5, 5, 0], [5, 1, 1, 0, 5, 1, 1, 0, 5, 1, 1, 0, 5, 1, 1, 0, 5, 1], [0, 1, 1, 5, 0, 1, 1, 5, 0, 1, 1, 5, 0, 1, 1, 5, 0, 1], [5, 5, 0, 5, 5, 5, 0, 5, 5, 5, 0, 5, 5, 5, 0, 5, 5, 5], [5, 0, 5, 5, 5, 0, 5, 5, 5, 0, 5, 5, 5, 0, 5, 5, 5, 0], [5, 1, 1, 0, 5, 1, 1, 0, 5, 1, 1, 0, 5, 1, 1, 0, 5, 1], [0, 1, 1, 5, 0, 1, 1, 5, 0, 1, 1, 5, 0, 1, 1, 5, 0, 1], [5, 5, 0, 5, 5, 5, 0, 5, 5, 5, 0, 5, 5, 5, 0, 5, 5, 5], [5, 0, 5, 5, 5, 0, 5, 5, 5, 0, 5, 5, 5, 0, 5, 5, 5, 0], [5, 1, 1, 0, 5, 1, 1, 0, 5, 1, 1, 0, 5, 1, 1, 0, 5, 1], [0, 1, 1, 5, 0, 1, 1, 5, 0, 1, 1, 5, 0, 1, 1, 5, 0, 1], [5, 5, 0, 5, 5, 5, 0, 5, 5, 5, 0, 5, 5, 5, 0, 5, 5, 5]]}], "test": [{"input": [[6, 9, 0, 0, 6, 9, 2, 2, 6, 9, 2, 2, 6, 9, 2, 2, 6, 9], [6, 9, 2, 4, 0, 9, 2, 4, 6, 9, 2, 4, 6, 9, 2, 4, 6, 9], [6, 0, 0, 4, 0, 0, 0, 4, 6, 0, 0, 4, 6, 0, 0, 4, 6, 0], [1, 0, 0, 0, 0, 0, 0, 0, 1, 0, 0, 0, 1, 0, 0, 0, 1, 0], [6, 9, 2, 2, 6, 9, 2, 2, 6, 9, 2, 2, 0, 0, 2, 2, 6, 9], [6, 9, 2, 0, 0, 0, 2, 4, 6, 9, 2, 4, 0, 0, 2, 4, 6, 9], [6, 0, 0, 4, 0, 0, 0, 4, 6, 0, 0, 4, 0, 0, 0, 4, 6, 0], [1, 0, 0, 0, 1, 0, 0, 0, 1, 0, 0, 0, 1, 0, 0, 0, 1, 0], [6, 0, 0, 2, 6, 9, 2, 2, 6, 9, 2, 2, 6, 9, 2, 2, 6, 9], [6, 0, 0, 4, 6, 9, 2, 4, 6, 9, 2, 4, 6, 9, 2, 4, 6, 9], [6, 0, 0, 4, 6, 0, 0, 4, 6, 0, 0, 4, 6, 0, 0, 4, 6, 0], [1, 0, 0, 0, 1, 0, 0, 0, 1, 0, 0, 0, 1, 0, 0, 0, 1, 0], [6, 0, 0, 0, 6, 9, 2, 2, 6, 9, 2, 2, 6, 9, 2, 2, 6, 9], [6, 9, 2, 4, 6, 9, 2, 4, 6, 9, 2, 4, 6, 9, 2, 4, 6, 9], [6, 0, 0, 4, 6, 0, 0, 4, 6, 0, 0, 4, 6, 0, 0, 4, 6, 0]], "output": [[6, 9, 2, 2, 6, 9, 2, 2, 6, 9, 2, 2, 6, 9, 2, 2, 6, 9], [6, 9, 2, 4, 6, 9, 2, 4, 6, 9, 2, 4, 6, 9, 2, 4, 6, 9], [6, 0, 0, 4, 6, 0, 0, 4, 6, 0, 0, 4, 6, 0, 0, 4, 6, 0], [1, 0, 0, 0, 1, 0, 0, 0, 1, 0, 0, 0, 1, 0, 0, 0, 1, 0], [6, 9, 2, 2, 6, 9, 2, 2, 6, 9, 2, 2, 6, 9, 2, 2, 6, 9], [6, 9, 2, 4, 6, 9, 2, 4, 6, 9, 2, 4, 6, 9, 2, 4, 6, 9], [6, 0, 0, 4, 6, 0, 0, 4, 6, 0, 0, 4, 6, 0, 0, 4, 6, 0], [1, 0, 0, 0, 1, 0, 0, 0, 1, 0, 0, 0, 1, 0, 0, 0, 1, 0], [6, 9, 2, 2, 6, 9, 2, 2, 6, 9, 2, 2, 6, 9, 2, 2, 6, 9], [6, 9, 2, 4, 6, 9, 2, 4, 6, 9, 2, 4, 6, 9, 2, 4, 6, 9], [6, 0, 0, 4, 6, 0, 0, 4, 6, 0, 0, 4, 6, 0, 0, 4, 6, 0], [1, 0, 0, 0, 1, 0, 0, 0, 1, 0, 0, 0, 1, 0, 0, 0, 1, 0], [6, 9, 2, 2, 6, 9, 2, 2, 6, 9, 2, 2, 6, 9, 2, 2, 6, 9], [6, 9, 2, 4, 6, 9, 2, 4, 6, 9, 2, 4, 6, 9, 2, 4, 6, 9], [6, 0, 0, 4, 6, 0, 0, 4, 6, 0, 0, 4, 6, 0, 0, 4, 6, 0]]}, {"input": [[0, 0, 0, 0, 0, 1, 1, 6, 0, 1, 1, 6, 0, 1, 1, 6, 0, 1, 1], [1, 1, 1, 1, 1, 1, 1, 1, 1, 1, 1, 1, 0, 1, 1, 1, 1, 1, 1], [1, 1, 6, 6, 1, 1, 6, 6, 1, 0, 0, 0, 1, 1, 6, 6, 1, 1, 6], [6, 1, 6, 9, 0, 1, 6, 9, 6, 0, 0, 0, 6, 1, 6, 9, 0, 1, 6], [0, 1, 1, 6, 0, 1, 1, 6, 0, 1, 1, 0, 0, 1, 1, 6, 0, 1, 1], [1, 1, 1, 1, 1, 1, 1, 1, 1, 1, 1, 0, 0, 0, 0, 1, 1, 1, 1], [1, 1, 6, 6, 1, 1, 6, 6, 1, 1, 6, 6, 0, 0, 0, 6, 1, 1, 6], [6, 1, 6, 0, 6, 1, 6, 9, 6, 1, 6, 9, 0, 0, 0, 9, 6, 1, 6], [0, 0, 1, 0, 0, 0, 1, 6, 0, 1, 0, 6, 0, 1, 1, 6, 0, 1, 1], [1, 0, 0, 0, 0, 0, 1, 1, 1, 1, 1, 1, 1, 1, 1, 1, 0, 0, 1], [1, 0, 6, 6, 1, 1, 6, 6, 1, 1, 6, 6, 1, 1, 6, 6, 1, 0, 6], [6, 1, 6, 9, 6, 1, 6, 9, 6, 1, 6, 9, 6, 1, 6, 9, 6, 1, 6], [0, 1, 1, 6, 0, 1, 1, 6, 0, 1, 1, 6, 0, 1, 1, 6, 0, 1, 1]], "output": [[0, 1, 1, 6, 0, 1, 1, 6, 0, 1, 1, 6, 0, 1, 1, 6, 0, 1, 1], [1, 1, 1, 1, 1, 1, 1, 1, 1, 1, 1, 1, 1, 1, 1, 1, 1, 1, 1], [1, 1, 6, 6, 1, 1, 6, 6, 1, 1, 6, 6, 1, 1, 6, 6, 1, 1, 6], [6, 1, 6, 9, 6, 1, 6, 9, 6, 1, 6, 9, 6, 1, 6, 9, 6, 1, 6], [0, 1, 1, 6, 0, 1, 1, 6, 0, 1, 1, 6, 0, 1, 1, 6, 0, 1, 1], [1, 1, 1, 1, 1, 1, 1, 1, 1, 1, 1, 1, 1, 1, 1, 1, 1, 1, 1], [1, 1, 6, 6, 1, 1, 6, 6, 1, 1, 6, 6, 1, 1, 6, 6, 1, 1, 6], [6, 1, 6, 9, 6, 1, 6, 9, 6, 1, 6, 9, 6, 1, 6, 9, 6, 1, 6], [0, 1, 1, 6, 0, 1, 1, 6, 0, 1, 1, 6, 0, 1, 1, 6, 0, 1, 1], [1, 1, 1, 1, 1, 1, 1, 1, 1, 1, 1, 1, 1, 1, 1, 1, 1, 1, 1], [1, 1, 6, 6, 1, 1, 6, 6, 1, 1, 6, 6, 1, 1, 6, 6, 1, 1, 6], [6, 1, 6, 9, 6, 1, 6, 9, 6, 1, 6, 9, 6, 1, 6, 9, 6, 1, 6], [0, 1, 1, 6, 0, 1, 1, 6, 0, 1, 1, 6, 0, 1, 1, 6, 0, 1, 1]]}, {"input": [[9, 0, 0, 9, 9, 0, 0, 9, 9, 0, 0, 9, 9, 0, 0, 9], [9, 9, 9, 9, 9, 9, 9, 9, 9, 9, 0, 9, 9, 9, 9, 9], [1, 3, 3, 1, 1, 3, 3, 1, 1, 0, 0, 1, 1, 3, 3, 1], [7, 8, 8, 7, 7, 8, 8, 0, 0, 0, 0, 7, 7, 8, 8, 7], [9, 0, 0, 9, 9, 0, 0, 9, 9, 0, 0, 9, 9, 0, 0, 9], [9, 9, 9, 9, 9, 0, 9, 9, 9, 9, 9, 9, 9, 9, 9, 9], [1, 3, 3, 1, 1, 0, 3, 1, 1, 0, 0, 0, 1, 3, 3, 1], [7, 0, 8, 7, 7, 8, 8, 7, 7, 8, 8, 7, 7, 8, 8, 7], [9, 0, 0, 9, 9, 0, 0, 9, 9, 0, 0, 9, 9, 0, 0, 9], [9, 0, 9, 9, 9, 9, 9, 9, 9, 9, 9, 9, 9, 0, 9, 9], [1, 3, 3, 1, 1, 3, 3, 1, 1, 3, 3, 1, 1, 0, 3, 1], [7, 8, 8, 7, 7, 8, 8, 7, 7, 8, 8, 7, 7, 8, 8, 7], [9, 0, 0, 9, 9, 0, 0, 9, 9, 0, 0, 9, 9, 0, 0, 9], [9, 9, 9, 9, 9, 9, 9, 9, 9, 9, 9, 9, 9, 9, 9, 9], [1, 3, 3, 1, 1, 3, 3, 1, 1, 3, 3, 1, 1, 3, 3, 1]], "output": [[9, 0, 0, 9, 9, 0, 0, 9, 9, 0, 0, 9, 9, 0, 0, 9], [9, 9, 9, 9, 9, 9, 9, 9, 9, 9, 9, 9, 9, 9, 9, 9], [1, 3, 3, 1, 1, 3, 3, 1, 1, 3, 3, 1, 1, 3, 3, 1], [7, 8, 8, 7, 7, 8, 8, 7, 7, 8, 8, 7, 7, 8, 8, 7], [9, 0, 0, 9, 9, 0, 0, 9, 9, 0, 0, 9, 9, 0, 0, 9], [9, 9, 9, 9, 9, 9, 9, 9, 9, 9, 9, 9, 9, 9, 9, 9], [1, 3, 3, 1, 1, 3, 3, 1, 1, 3, 3, 1, 1, 3, 3, 1], [7, 8, 8, 7, 7, 8, 8, 7, 7, 8, 8, 7, 7, 8, 8, 7], [9, 0, 0, 9, 9, 0, 0, 9, 9, 0, 0, 9, 9, 0, 0, 9], [9, 9, 9, 9, 9, 9, 9, 9, 9, 9, 9, 9, 9, 9, 9, 9], [1, 3, 3, 1, 1, 3, 3, 1, 1, 3, 3, 1, 1, 3, 3, 1], [7, 8, 8, 7, 7, 8, 8, 7, 7, 8, 8, 7, 7, 8, 8, 7], [9, 0, 0, 9, 9, 0, 0, 9, 9, 0, 0, 9, 9, 0, 0, 9], [9, 9, 9, 9, 9, 9, 9, 9, 9, 9, 9, 9, 9, 9, 9, 9], [1, 3, 3, 1, 1, 3, 3, 1, 1, 3, 3, 1, 1, 3, 3, 1]]}]}