{"train": [{"input": [[9, 9, 3, 0, 0, 0, 9, 1, 3, 0, 0, 0, 0, 0, 0, 0, 0], [4, 0, 0, 0, 4, 0, 8, 0, 0, 0, 0, 0, 0, 0, 0, 0, 0], [9, 0, 0, 0, 1, 0, 4, 0, 0, 0, 0, 0, 0, 0, 0, 0, 0], [0, 0, 0, 0, 4, 0, 2, 2, 2, 0, 0, 0, 0, 0, 0, 0, 0], [9, 1, 0, 9, 0, 0, 0, 0, 0, 0, 0, 0, 0, 0, 0, 0, 0], [0, 0, 0, 0, 0, 0, 0, 0, 0, 9, 9, 8, 3, 2, 0, 0, 0], [0, 0, 0, 0, 0, 0, 0, 0, 0, 0, 0, 0, 0, 4, 0, 0, 0], [0, 0, 0, 0, 3, 0, 2, 0, 0, 0, 0, 0, 0, 0, 0, 0, 0], [0, 0, 0, 9, 0, 0, 0, 1, 0, 0, 0, 0, 0, 9, 0, 0, 0], [0, 0, 0, 8, 0, 0, 0, 0, 0, 8, 4, 0, 1, 1, 0, 0, 0], [0, 0, 0, 1, 0, 0, 0, 4, 0, 0, 0, 0, 0, 0, 0, 0, 0], [0, 0, 0, 2, 0, 1, 0, 0, 0, 0, 0, 0, 0, 0, 0, 0, 0], [0, 0, 0, 0, 0, 0, 0, 0, 0, 0, 0, 0, 0, 0, 0, 0, 0]], "output": [[9, 9, 3, 0, 0, 0, 9, 1, 3, 0, 0, 0, 0, 0, 0, 0, 0], [4, 0, 0, 0, 4, 0, 8, 0, 0, 0, 0, 0, 0, 0, 0, 0, 0], [9, 0, 0, 0, 1, 0, 4, 0, 0, 0, 0, 0, 0, 0, 0, 0, 0], [0, 0, 0, 0, 4, 0, 1, 1, 1, 0, 0, 0, 0, 0, 0, 0, 0], [9, 1, 0, 9, 0, 0, 0, 0, 0, 0, 0, 0, 0, 0, 0, 0, 0], [0, 0, 0, 0, 0, 0, 0, 0, 0, 9, 9, 8, 3, 2, 0, 0, 0], [0, 0, 0, 0, 0, 0, 0, 0, 0, 0, 0, 0, 0, 4, 0, 0, 0], [0, 0, 0, 0, 3, 0, 2, 0, 0, 0, 0, 0, 0, 0, 0, 0, 0], [0, 0, 0, 9, 0, 0, 0, 1, 0, 0, 0, 0, 0, 9, 0, 0, 0], [0, 0, 0, 8, 0, 0, 0, 0, 0, 8, 4, 0, 1, 1, 0, 0, 0], [0, 0, 0, 1, 0, 0, 0, 4, 0, 0, 0, 0, 0, 0, 0, 0, 0], [0, 0, 0, 2, 0, 1, 0, 0, 0, 0, 0, 0, 0, 0, 0, 0, 0], [0, 0, 0, 0, 0, 0, 0, 0, 0, 0, 0, 0, 0, 0, 0, 0, 0]]}, {"input": [[0, 0, 0, 0, 0, 0, 0, 0, 0, 0, 0, 0, 0, 0, 0], [0, 0, 0, 0, 0, 0, 0, 0, 0, 0, 0, 0, 0, 0, 0], [0, 0, 0, 0, 0, 0, 0, 0, 0, 0, 0, 0, 0, 0, 0], [0, 0, 0, 0, 0, 0, 0, 0, 0, 0, 8, 4, 0, 8, 1], [0, 0, 3, 4, 8, 0, 0, 9, 0, 2, 0, 0, 0, 0, 8], [0, 0, 3, 0, 0, 0, 0, 3, 0, 8, 0, 0, 0, 0, 4], [0, 0, 3, 0, 0, 0, 0, 3, 0, 4, 0, 0, 0, 0, 0], [0, 0, 0, 0, 0, 0, 0, 9, 0, 2, 0, 0, 0, 0, 2], [0, 0, 1, 0, 0, 0, 0, 9, 0, 0, 0, 2, 8, 9, 0], [0, 0, 8, 3, 8, 8, 0, 8, 0, 0, 0, 0, 0, 0, 0], [0, 0, 0, 0, 0, 0, 0, 0, 0, 0, 0, 0, 0, 0, 0], [0, 0, 0, 0, 0, 0, 0, 0, 0, 0, 0, 0, 0, 0, 0]], "output": [[0, 0, 0, 0, 0, 0, 0, 0, 0, 0, 0, 0, 0, 0, 0], [0, 0, 0, 0, 0, 0, 0, 0, 0, 0, 0, 0, 0, 0, 0], [0, 0, 0, 0, 0, 0, 0, 0, 0, 0, 0, 0, 0, 0, 0], [0, 0, 0, 0, 0, 0, 0, 0, 0, 0, 8, 4, 0, 8, 1], [0, 0, 1, 4, 8, 0, 0, 9, 0, 2, 0, 0, 0, 0, 8], [0, 0, 1, 0, 0, 0, 0, 3, 0, 8, 0, 0, 0, 0, 4], [0, 0, 1, 0, 0, 0, 0, 3, 0, 4, 0, 0, 0, 0, 0], [0, 0, 0, 0, 0, 0, 0, 9, 0, 2, 0, 0, 0, 0, 2], [0, 0, 1, 0, 0, 0, 0, 9, 0, 0, 0, 2, 8, 9, 0], [0, 0, 8, 3, 8, 8, 0, 8, 0, 0, 0, 0, 0, 0, 0], [0, 0, 0, 0, 0, 0, 0, 0, 0, 0, 0, 0, 0, 0, 0], [0, 0, 0, 0, 0, 0, 0, 0, 0, 0, 0, 0, 0, 0, 0]]}, {"input": [[0, 0, 0, 0, 0, 0, 0, 0, 0, 0, 0, 0, 0, 0, 0, 0, 0, 0], [0, 0, 0, 0, 0, 0, 0, 0, 0, 0, 0, 0, 0, 0, 0, 0, 0, 0], [0, 0, 8, 0, 0, 4, 0, 0, 0, 0, 0, 0, 0, 0, 0, 0, 0, 0], [0, 0, 0, 0, 0, 1, 0, 8, 9, 3, 4, 0, 0, 0, 0, 0, 0, 0], [0, 3, 0, 0, 0, 2, 0, 1, 0, 0, 0, 0, 0, 1, 0, 0, 0, 0], [0, 3, 0, 0, 0, 1, 0, 3, 0, 0, 0, 0, 0, 2, 0, 0, 0, 0], [0, 3, 2, 1, 0, 2, 0, 1, 0, 0, 0, 0, 0, 8, 0, 0, 0, 0], [0, 0, 0, 0, 0, 0, 0, 0, 0, 0, 0, 0, 0, 1, 0, 0, 0, 0], [0, 0, 0, 0, 0, 0, 0, 9, 0, 0, 0, 0, 0, 3, 0, 0, 0, 0], [0, 0, 0, 0, 0, 0, 0, 9, 4, 2, 2, 0, 2, 3, 0, 0, 0, 0], [0, 0, 0, 0, 0, 0, 0, 0, 0, 0, 0, 0, 0, 0, 0, 0, 0, 0]], "output": [[0, 0, 0, 0, 0, 0, 0, 0, 0, 0, 0, 0, 0, 0, 0, 0, 0, 0], [0, 0, 0, 0, 0, 0, 0, 0, 0, 0, 0, 0, 0, 0, 0, 0, 0, 0], [0, 0, 8, 0, 0, 4, 0, 0, 0, 0, 0, 0, 0, 0, 0, 0, 0, 0], [0, 0, 0, 0, 0, 1, 0, 8, 9, 3, 4, 0, 0, 0, 0, 0, 0, 0], [0, 1, 0, 0, 0, 2, 0, 1, 0, 0, 0, 0, 0, 1, 0, 0, 0, 0], [0, 1, 0, 0, 0, 1, 0, 3, 0, 0, 0, 0, 0, 2, 0, 0, 0, 0], [0, 1, 2, 1, 0, 2, 0, 1, 0, 0, 0, 0, 0, 8, 0, 0, 0, 0], [0, 0, 0, 0, 0, 0, 0, 0, 0, 0, 0, 0, 0, 1, 0, 0, 0, 0], [0, 0, 0, 0, 0, 0, 0, 9, 0, 0, 0, 0, 0, 3, 0, 0, 0, 0], [0, 0, 0, 0, 0, 0, 0, 9, 4, 2, 2, 0, 2, 3, 0, 0, 0, 0], [0, 0, 0, 0, 0, 0, 0, 0, 0, 0, 0, 0, 0, 0, 0, 0, 0, 0]]}, {"input": [[0, 0, 0, 0, 0, 0, 0, 0, 0, 0, 0], [0, 0, 0, 0, 0, 0, 0, 0, 0, 0, 0], [0, 0, 0, 0, 0, 0, 0, 0, 0, 0, 0], [0, 0, 0, 0, 0, 0, 0, 0, 0, 0, 0], [0, 0, 0, 0, 0, 0, 0, 0, 0, 0, 0], [0, 0, 0, 0, 0, 0, 0, 2, 1, 3, 0], [0, 0, 0, 0, 0, 0, 0, 4, 0, 0, 0], [0, 0, 0, 0, 0, 0, 0, 4, 0, 0, 1], [0, 0, 0, 0, 0, 0, 0, 4, 4, 0, 2], [0, 0, 0, 0, 0, 0, 0, 0, 0, 0, 0], [0, 0, 0, 0, 0, 0, 0, 0, 0, 0, 0], [0, 0, 0, 0, 0, 0, 0, 0, 0, 0, 0], [0, 8, 9, 2, 4, 0, 0, 0, 0, 0, 0], [0, 3, 0, 0, 0, 0, 0, 0, 0, 0, 0], [0, 2, 0, 0, 0, 0, 0, 0, 0, 0, 0], [0, 2, 0, 0, 8, 0, 0, 0, 0, 0, 0], [0, 0, 0, 0, 0, 0, 0, 0, 0, 0, 0]], "output": [[0, 0, 0, 0, 0, 0, 0, 0, 0, 0, 0], [0, 0, 0, 0, 0, 0, 0, 0, 0, 0, 0], [0, 0, 0, 0, 0, 0, 0, 0, 0, 0, 0], [0, 0, 0, 0, 0, 0, 0, 0, 0, 0, 0], [0, 0, 0, 0, 0, 0, 0, 0, 0, 0, 0], [0, 0, 0, 0, 0, 0, 0, 2, 1, 3, 0], [0, 0, 0, 0, 0, 0, 0, 3, 0, 0, 0], [0, 0, 0, 0, 0, 0, 0, 3, 0, 0, 1], [0, 0, 0, 0, 0, 0, 0, 3, 3, 0, 2], [0, 0, 0, 0, 0, 0, 0, 0, 0, 0, 0], [0, 0, 0, 0, 0, 0, 0, 0, 0, 0, 0], [0, 0, 0, 0, 0, 0, 0, 0, 0, 0, 0], [0, 8, 9, 2, 4, 0, 0, 0, 0, 0, 0], [0, 3, 0, 0, 0, 0, 0, 0, 0, 0, 0], [0, 2, 0, 0, 0, 0, 0, 0, 0, 0, 0], [0, 2, 0, 0, 8, 0, 0, 0, 0, 0, 0], [0, 0, 0, 0, 0, 0, 0, 0, 0, 0, 0]]}, {"input": [[0, 0, 0, 0, 0, 0, 0, 0, 0, 0, 0, 0, 0, 0, 0], [0, 0, 0, 0, 1, 0, 9, 8, 4, 2, 4, 0, 0, 0, 0], [0, 0, 0, 0, 0, 0, 0, 0, 0, 0, 0, 0, 0, 0, 0], [0, 0, 0, 0, 9, 0, 0, 0, 0, 0, 8, 0, 0, 0, 0], [0, 0, 0, 0, 9, 0, 0, 0, 0, 0, 0, 0, 0, 0, 0], [0, 0, 0, 0, 2, 0, 0, 0, 0, 0, 4, 0, 0, 0, 0], [0, 0, 0, 0, 4, 0, 0, 0, 0, 0, 0, 0, 0, 0, 0], [0, 0, 0, 0, 2, 3, 1, 0, 0, 1, 9, 0, 0, 0, 0], [0, 0, 0, 0, 0, 0, 0, 0, 0, 0, 0, 0, 0, 0, 0], [0, 0, 8, 0, 2, 8, 3, 8, 0, 0, 0, 0, 0, 0, 0], [0, 3, 0, 0, 0, 0, 0, 0, 0, 0, 0, 0, 0, 0, 0], [0, 1, 0, 0, 0, 0, 0, 8, 0, 0, 0, 0, 0, 0, 0], [0, 8, 0, 0, 0, 0, 0, 9, 0, 0, 0, 9, 9, 1, 2], [0, 0, 0, 0, 0, 0, 0, 0, 0, 0, 0, 0, 0, 0, 4], [0, 1, 0, 0, 0, 0, 0, 2, 0, 0, 0, 0, 0, 0, 0], [0, 1, 3, 8, 3, 9, 2, 2, 0, 0, 0, 3, 9, 0, 3], [0, 0, 0, 0, 0, 0, 0, 0, 0, 0, 0, 0, 0, 0, 0]], "output": [[0, 0, 0, 0, 0, 0, 0, 0, 0, 0, 0, 0, 0, 0, 0], [0, 0, 0, 0, 1, 0, 9, 8, 4, 2, 4, 0, 0, 0, 0], [0, 0, 0, 0, 0, 0, 0, 0, 0, 0, 0, 0, 0, 0, 0], [0, 0, 0, 0, 9, 0, 0, 0, 0, 0, 8, 0, 0, 0, 0], [0, 0, 0, 0, 9, 0, 0, 0, 0, 0, 0, 0, 0, 0, 0], [0, 0, 0, 0, 2, 0, 0, 0, 0, 0, 4, 0, 0, 0, 0], [0, 0, 0, 0, 4, 0, 0, 0, 0, 0, 0, 0, 0, 0, 0], [0, 0, 0, 0, 2, 3, 1, 0, 0, 1, 9, 0, 0, 0, 0], [0, 0, 0, 0, 0, 0, 0, 0, 0, 0, 0, 0, 0, 0, 0], [0, 0, 8, 0, 2, 8, 3, 8, 0, 0, 0, 0, 0, 0, 0], [0, 3, 0, 0, 0, 0, 0, 0, 0, 0, 0, 0, 0, 0, 0], [0, 1, 0, 0, 0, 0, 0, 8, 0, 0, 0, 0, 0, 0, 0], [0, 8, 0, 0, 0, 0, 0, 9, 0, 0, 0, 9, 9, 1, 2], [0, 0, 0, 0, 0, 0, 0, 0, 0, 0, 0, 0, 0, 0, 4], [0, 1, 0, 0, 0, 0, 0, 1, 0, 0, 0, 0, 0, 0, 0], [0, 1, 3, 8, 3, 9, 1, 1, 0, 0, 0, 3, 9, 0, 3], [0, 0, 0, 0, 0, 0, 0, 0, 0, 0, 0, 0, 0, 0, 0]]}], "test": [{"input": [[0, 0, 1, 0, 4, 0, 4, 8, 0, 0, 3, 1, 1, 8, 0], [0, 0, 0, 0, 0, 0, 0, 0, 0, 0, 3, 0, 0, 0, 8], [0, 4, 0, 0, 0, 0, 0, 8, 0, 0, 0, 0, 0, 0, 8], [0, 1, 0, 0, 0, 0, 0, 8, 0, 0, 8, 0, 0, 0, 8], [0, 4, 0, 0, 0, 0, 0, 4, 0, 0, 8, 0, 3, 4, 3], [0, 9, 0, 0, 0, 0, 0, 9, 0, 0, 0, 0, 0, 0, 0], [0, 4, 0, 8, 0, 8, 4, 1, 0, 4, 0, 2, 3, 1, 0], [0, 0, 0, 0, 0, 0, 0, 0, 0, 8, 0, 0, 0, 2, 0], [0, 0, 0, 3, 0, 1, 1, 0, 0, 9, 0, 0, 0, 0, 0], [0, 0, 0, 1, 0, 0, 0, 0, 0, 2, 0, 0, 0, 1, 0], [0, 0, 0, 1, 0, 0, 0, 0, 0, 9, 2, 2, 9, 4, 0], [0, 0, 0, 3, 3, 0, 0, 0, 0, 0, 0, 0, 0, 0, 0], [0, 0, 0, 0, 0, 0, 0, 0, 0, 0, 0, 0, 0, 0, 0], [0, 0, 0, 0, 0, 0, 0, 0, 0, 0, 0, 0, 0, 0, 0]], "output": [[0, 0, 1, 0, 4, 0, 4, 8, 0, 0, 3, 1, 1, 8, 0], [0, 0, 0, 0, 0, 0, 0, 0, 0, 0, 3, 0, 0, 0, 1], [0, 4, 0, 0, 0, 0, 0, 8, 0, 0, 0, 0, 0, 0, 1], [0, 1, 0, 0, 0, 0, 0, 8, 0, 0, 8, 0, 0, 0, 1], [0, 4, 0, 0, 0, 0, 0, 4, 0, 0, 8, 0, 3, 4, 3], [0, 9, 0, 0, 0, 0, 0, 9, 0, 0, 0, 0, 0, 0, 0], [0, 4, 0, 8, 0, 8, 4, 1, 0, 4, 0, 2, 3, 1, 0], [0, 0, 0, 0, 0, 0, 0, 0, 0, 8, 0, 0, 0, 2, 0], [0, 0, 0, 3, 0, 1, 1, 0, 0, 9, 0, 0, 0, 0, 0], [0, 0, 0, 1, 0, 0, 0, 0, 0, 2, 0, 0, 0, 1, 0], [0, 0, 0, 1, 0, 0, 0, 0, 0, 9, 2, 2, 9, 4, 0], [0, 0, 0, 3, 3, 0, 0, 0, 0, 0, 0, 0, 0, 0, 0], [0, 0, 0, 0, 0, 0, 0, 0, 0, 0, 0, 0, 0, 0, 0], [0, 0, 0, 0, 0, 0, 0, 0, 0, 0, 0, 0, 0, 0, 0]]}]}