{"train": [{"input": [[8, 5, 8, 5, 8], [5, 8, 5, 8, 5], [8, 5, 8, 5, 8], [5, 8, 5, 8, 5]], "output": [[8, 8, 5, 5, 8, 8, 5, 5, 0, 0], [8, 8, 5, 5, 8, 8, 5, 5, 0, 0], [5, 5, 8, 8, 5, 5, 8, 8, 0, 0], [5, 5, 8, 8, 5, 5, 8, 8, 0, 0], [8, 8, 5, 5, 8, 8, 5, 5, 0, 0], [8, 8, 5, 5, 8, 8, 5, 5, 0, 0], [5, 5, 8, 8, 5, 5, 8, 8, 0, 0], [5, 5, 8, 8, 5, 5, 8, 8, 0, 0]]}, {"input": [[5, 6, 5, 6], [6, 5, 6, 5], [5, 6, 5, 6], [6, 5, 6, 5], [5, 6, 5, 6]], "output": [[5, 5, 6, 6, 5, 5, 6, 6], [5, 5, 6, 6, 5, 5, 6, 6], [6, 6, 5, 5, 6, 6, 5, 5], [6, 6, 5, 5, 6, 6, 5, 5], [5, 5, 6, 6, 5, 5, 6, 6], [5, 5, 6, 6, 5, 5, 6, 6], [6, 6, 5, 5, 6, 6, 5, 5], [6, 6, 5, 5, 6, 6, 5, 5], [0, 0, 0, 0, 0, 0, 0, 0], [0, 0, 0, 0, 0, 0, 0, 0]]}, {"input": [[8, 9, 8, 9, 8], [9, 8, 9, 8, 9], [8, 9, 8, 9, 8], [9, 8, 9, 8, 9], [8, 9, 8, 9, 8]], "output": [[8, 8, 9, 9, 8, 8, 9, 9, 8, 8], [8, 8, 9, 9, 8, 8, 9, 9, 8, 8], [9, 9, 8, 8, 9, 9, 8, 8, 9, 9], [9, 9, 8, 8, 9, 9, 8, 8, 9, 9], [8, 8, 9, 9, 8, 8, 9, 9, 8, 8], [8, 8, 9, 9, 8, 8, 9, 9, 8, 8], [9, 9, 8, 8, 9, 9, 8, 8, 9, 9], [9, 9, 8, 8, 9, 9, 8, 8, 9, 9], [8, 8, 9, 9, 8, 8, 9, 9, 8, 8], [8, 8, 9, 9, 8, 8, 9, 9, 8, 8]]}, {"input": [[4, 9, 4], [9, 4, 9], [4, 9, 4]], "output": [[4, 4, 9, 9, 4, 4], [4, 4, 9, 9, 4, 4], [9, 9, 4, 4, 9, 9], [9, 9, 4, 4, 9, 9], [4, 4, 9, 9, 4, 4], [4, 4, 9, 9, 4, 4]]}, {"input": [[6, 7, 6], [7, 6, 7], [6, 7, 6], [7, 6, 7], [6, 7, 6]], "output": [[6, 6, 7, 7, 6, 6], [6, 6, 7, 7, 6, 6], [7, 7, 6, 6, 7, 7], [7, 7, 6, 6, 7, 7], [6, 6, 7, 7, 6, 6], [6, 6, 7, 7, 6, 6], [0, 0, 0, 0, 0, 0], [0, 0, 0, 0, 0, 0], [0, 0, 0, 0, 0, 0], [0, 0, 0, 0, 0, 0]]}, {"input": [[9, 7, 9, 7], [7, 9, 7, 9], [9, 7, 9, 7], [7, 9, 7, 9], [9, 7, 9, 7]], "output": [[9, 9, 7, 7, 9, 9, 7, 7], [9, 9, 7, 7, 9, 9, 7, 7], [7, 7, 9, 9, 7, 7, 9, 9], [7, 7, 9, 9, 7, 7, 9, 9], [9, 9, 7, 7, 9, 9, 7, 7], [9, 9, 7, 7, 9, 9, 7, 7], [7, 7, 9, 9, 7, 7, 9, 9], [7, 7, 9, 9, 7, 7, 9, 9], [0, 0, 0, 0, 0, 0, 0, 0], [0, 0, 0, 0, 0, 0, 0, 0]]}, {"input": [[4, 8, 4, 8, 4], [8, 4, 8, 4, 8], [4, 8, 4, 8, 4], [8, 4, 8, 4, 8]], "output": [[4, 4, 8, 8, 4, 4, 8, 8, 0, 0], [4, 4, 8, 8, 4, 4, 8, 8, 0, 0], [8, 8, 4, 4, 8, 8, 4, 4, 0, 0], [8, 8, 4, 4, 8, 8, 4, 4, 0, 0], [4, 4, 8, 8, 4, 4, 8, 8, 0, 0], [4, 4, 8, 8, 4, 4, 8, 8, 0, 0], [8, 8, 4, 4, 8, 8, 4, 4, 0, 0], [8, 8, 4, 4, 8, 8, 4, 4, 0, 0]]}, {"input": [[9, 3, 9], [3, 9, 3], [9, 3, 9]], "output": [[9, 9, 3, 3, 9, 9], [9, 9, 3, 3, 9, 9], [3, 3, 9, 9, 3, 3], [3, 3, 9, 9, 3, 3], [9, 9, 3, 3, 9, 9], [9, 9, 3, 3, 9, 9]]}, {"input": [[8, 9, 8, 9, 8], [9, 8, 9, 8, 9], [8, 9, 8, 9, 8], [9, 8, 9, 8, 9]], "output": [[8, 8, 9, 9, 8, 8, 9, 9, 0, 0], [8, 8, 9, 9, 8, 8, 9, 9, 0, 0], [9, 9, 8, 8, 9, 9, 8, 8, 0, 0], [9, 9, 8, 8, 9, 9, 8, 8, 0, 0], [8, 8, 9, 9, 8, 8, 9, 9, 0, 0], [8, 8, 9, 9, 8, 8, 9, 9, 0, 0], [9, 9, 8, 8, 9, 9, 8, 8, 0, 0], [9, 9, 8, 8, 9, 9, 8, 8, 0, 0]]}, {"input": [[9, 1, 9, 1], [1, 9, 1, 9], [9, 1, 9, 1]], "output": [[9, 9, 1, 1, 9, 9, 0, 0], [9, 9, 1, 1, 9, 9, 0, 0], [1, 1, 9, 9, 1, 1, 0, 0], [1, 1, 9, 9, 1, 1, 0, 0], [9, 9, 1, 1, 9, 9, 0, 0], [9, 9, 1, 1, 9, 9, 0, 0]]}, {"input": [[9, 4, 9, 4], [4, 9, 4, 9], [9, 4, 9, 4], [4, 9, 4, 9]], "output": [[9, 9, 4, 4, 9, 9, 4, 4], [9, 9, 4, 4, 9, 9, 4, 4], [4, 4, 9, 9, 4, 4, 9, 9], [4, 4, 9, 9, 4, 4, 9, 9], [9, 9, 4, 4, 9, 9, 4, 4], [9, 9, 4, 4, 9, 9, 4, 4], [4, 4, 9, 9, 4, 4, 9, 9], [4, 4, 9, 9, 4, 4, 9, 9]]}, {"input": [[6, 7, 6, 7], [7, 6, 7, 6], [6, 7, 6, 7], [7, 6, 7, 6]], "output": [[6, 6, 7, 7, 6, 6, 7, 7], [6, 6, 7, 7, 6, 6, 7, 7], [7, 7, 6, 6, 7, 7, 6, 6], [7, 7, 6, 6, 7, 7, 6, 6], [6, 6, 7, 7, 6, 6, 7, 7], [6, 6, 7, 7, 6, 6, 7, 7], [7, 7, 6, 6, 7, 7, 6, 6], [7, 7, 6, 6, 7, 7, 6, 6]]}, {"input": [[2, 8, 2, 8, 2], [8, 2, 8, 2, 8], [2, 8, 2, 8, 2]], "output": [[2, 2, 8, 8, 2, 2, 0, 0, 0, 0], [2, 2, 8, 8, 2, 2, 0, 0, 0, 0], [8, 8, 2, 2, 8, 8, 0, 0, 0, 0], [8, 8, 2, 2, 8, 8, 0, 0, 0, 0], [2, 2, 8, 8, 2, 2, 0, 0, 0, 0], [2, 2, 8, 8, 2, 2, 0, 0, 0, 0]]}, {"input": [[1, 2, 1, 2], [2, 1, 2, 1], [1, 2, 1, 2], [2, 1, 2, 1]], "output": [[1, 1, 2, 2, 1, 1, 2, 2], [1, 1, 2, 2, 1, 1, 2, 2], [2, 2, 1, 1, 2, 2, 1, 1], [2, 2, 1, 1, 2, 2, 1, 1], [1, 1, 2, 2, 1, 1, 2, 2], [1, 1, 2, 2, 1, 1, 2, 2], [2, 2, 1, 1, 2, 2, 1, 1], [2, 2, 1, 1, 2, 2, 1, 1]]}, {"input": [[1, 6, 1, 6], [6, 1, 6, 1], [1, 6, 1, 6]], "output": [[1, 1, 6, 6, 1, 1, 0, 0], [1, 1, 6, 6, 1, 1, 0, 0], [6, 6, 1, 1, 6, 6, 0, 0], [6, 6, 1, 1, 6, 6, 0, 0], [1, 1, 6, 6, 1, 1, 0, 0], [1, 1, 6, 6, 1, 1, 0, 0]]}, {"input": [[8, 3, 8, 3], [3, 8, 3, 8], [8, 3, 8, 3]], "output": [[8, 8, 3, 3, 8, 8, 0, 0], [8, 8, 3, 3, 8, 8, 0, 0], [3, 3, 8, 8, 3, 3, 0, 0], [3, 3, 8, 8, 3, 3, 0, 0], [8, 8, 3, 3, 8, 8, 0, 0], [8, 8, 3, 3, 8, 8, 0, 0]]}, {"input": [[3, 6, 3, 6, 3], [6, 3, 6, 3, 6], [3, 6, 3, 6, 3]], "output": [[3, 3, 6, 6, 3, 3, 0, 0, 0, 0], [3, 3, 6, 6, 3, 3, 0, 0, 0, 0], [6, 6, 3, 3, 6, 6, 0, 0, 0, 0], [6, 6, 3, 3, 6, 6, 0, 0, 0, 0], [3, 3, 6, 6, 3, 3, 0, 0, 0, 0], [3, 3, 6, 6, 3, 3, 0, 0, 0, 0]]}, {"input": [[5, 2, 5], [2, 5, 2], [5, 2, 5], [2, 5, 2]], "output": [[5, 5, 2, 2, 5, 5], [5, 5, 2, 2, 5, 5], [2, 2, 5, 5, 2, 2], [2, 2, 5, 5, 2, 2], [5, 5, 2, 2, 5, 5], [5, 5, 2, 2, 5, 5], [0, 0, 0, 0, 0, 0], [0, 0, 0, 0, 0, 0]]}, {"input": [[2, 3, 2, 3], [3, 2, 3, 2], [2, 3, 2, 3], [3, 2, 3, 2]], "output": [[2, 2, 3, 3, 2, 2, 3, 3], [2, 2, 3, 3, 2, 2, 3, 3], [3, 3, 2, 2, 3, 3, 2, 2], [3, 3, 2, 2, 3, 3, 2, 2], [2, 2, 3, 3, 2, 2, 3, 3], [2, 2, 3, 3, 2, 2, 3, 3], [3, 3, 2, 2, 3, 3, 2, 2], [3, 3, 2, 2, 3, 3, 2, 2]]}, {"input": [[6, 2, 6, 2, 6], [2, 6, 2, 6, 2], [6, 2, 6, 2, 6], [2, 6, 2, 6, 2], [6, 2, 6, 2, 6]], "output": [[6, 6, 2, 2, 6, 6, 2, 2, 6, 6], [6, 6, 2, 2, 6, 6, 2, 2, 6, 6], [2, 2, 6, 6, 2, 2, 6, 6, 2, 2], [2, 2, 6, 6, 2, 2, 6, 6, 2, 2], [6, 6, 2, 2, 6, 6, 2, 2, 6, 6], [6, 6, 2, 2, 6, 6, 2, 2, 6, 6], [2, 2, 6, 6, 2, 2, 6, 6, 2, 2], [2, 2, 6, 6, 2, 2, 6, 6, 2, 2], [6, 6, 2, 2, 6, 6, 2, 2, 6, 6], [6, 6, 2, 2, 6, 6, 2, 2, 6, 6]]}, {"input": [[3, 4, 3, 4], [4, 3, 4, 3], [3, 4, 3, 4], [4, 3, 4, 3], [3, 4, 3, 4]], "output": [[3, 3, 4, 4, 3, 3, 4, 4], [3, 3, 4, 4, 3, 3, 4, 4], [4, 4, 3, 3, 4, 4, 3, 3], [4, 4, 3, 3, 4, 4, 3, 3], [3, 3, 4, 4, 3, 3, 4, 4], [3, 3, 4, 4, 3, 3, 4, 4], [4, 4, 3, 3, 4, 4, 3, 3], [4, 4, 3, 3, 4, 4, 3, 3], [0, 0, 0, 0, 0, 0, 0, 0], [0, 0, 0, 0, 0, 0, 0, 0]]}, {"input": [[5, 3, 5, 3, 5], [3, 5, 3, 5, 3], [5, 3, 5, 3, 5], [3, 5, 3, 5, 3], [5, 3, 5, 3, 5]], "output": [[5, 5, 3, 3, 5, 5, 3, 3, 5, 5], [5, 5, 3, 3, 5, 5, 3, 3, 5, 5], [3, 3, 5, 5, 3, 3, 5, 5, 3, 3], [3, 3, 5, 5, 3, 3, 5, 5, 3, 3], [5, 5, 3, 3, 5, 5, 3, 3, 5, 5], [5, 5, 3, 3, 5, 5, 3, 3, 5, 5], [3, 3, 5, 5, 3, 3, 5, 5, 3, 3], [3, 3, 5, 5, 3, 3, 5, 5, 3, 3], [5, 5, 3, 3, 5, 5, 3, 3, 5, 5], [5, 5, 3, 3, 5, 5, 3, 3, 5, 5]]}, {"input": [[7, 1, 7, 1, 7], [1, 7, 1, 7, 1], [7, 1, 7, 1, 7], [1, 7, 1, 7, 1], [7, 1, 7, 1, 7]], "output": [[7, 7, 1, 1, 7, 7, 1, 1, 7, 7], [7, 7, 1, 1, 7, 7, 1, 1, 7, 7], [1, 1, 7, 7, 1, 1, 7, 7, 1, 1], [1, 1, 7, 7, 1, 1, 7, 7, 1, 1], [7, 7, 1, 1, 7, 7, 1, 1, 7, 7], [7, 7, 1, 1, 7, 7, 1, 1, 7, 7], [1, 1, 7, 7, 1, 1, 7, 7, 1, 1], [1, 1, 7, 7, 1, 1, 7, 7, 1, 1], [7, 7, 1, 1, 7, 7, 1, 1, 7, 7], [7, 7, 1, 1, 7, 7, 1, 1, 7, 7]]}, {"input": [[5, 7, 5], [7, 5, 7], [5, 7, 5], [7, 5, 7]], "output": [[5, 5, 7, 7, 5, 5], [5, 5, 7, 7, 5, 5], [7, 7, 5, 5, 7, 7], [7, 7, 5, 5, 7, 7], [5, 5, 7, 7, 5, 5], [5, 5, 7, 7, 5, 5], [0, 0, 0, 0, 0, 0], [0, 0, 0, 0, 0, 0]]}, {"input": [[1, 7, 1], [7, 1, 7], [1, 7, 1]], "output": [[1, 1, 7, 7, 1, 1], [1, 1, 7, 7, 1, 1], [7, 7, 1, 1, 7, 7], [7, 7, 1, 1, 7, 7], [1, 1, 7, 7, 1, 1], [1, 1, 7, 7, 1, 1]]}, {"input": [[7, 2, 7], [2, 7, 2], [7, 2, 7], [2, 7, 2]], "output": [[7, 7, 2, 2, 7, 7], [7, 7, 2, 2, 7, 7], [2, 2, 7, 7, 2, 2], [2, 2, 7, 7, 2, 2], [7, 7, 2, 2, 7, 7], [7, 7, 2, 2, 7, 7], [0, 0, 0, 0, 0, 0], [0, 0, 0, 0, 0, 0]]}, {"input": [[8, 4, 8], [4, 8, 4], [8, 4, 8], [4, 8, 4], [8, 4, 8]], "output": [[8, 8, 4, 4, 8, 8], [8, 8, 4, 4, 8, 8], [4, 4, 8, 8, 4, 4], [4, 4, 8, 8, 4, 4], [8, 8, 4, 4, 8, 8], [8, 8, 4, 4, 8, 8], [0, 0, 0, 0, 0, 0], [0, 0, 0, 0, 0, 0], [0, 0, 0, 0, 0, 0], [0, 0, 0, 0, 0, 0]]}], "test": [{"input": [[6, 3, 6, 3, 6], [3, 6, 3, 6, 3], [6, 3, 6, 3, 6], [3, 6, 3, 6, 3]], "output": [[6, 6, 3, 3, 6, 6, 3, 3, 0, 0], [6, 6, 3, 3, 6, 6, 3, 3, 0, 0], [3, 3, 6, 6, 3, 3, 6, 6, 0, 0], [3, 3, 6, 6, 3, 3, 6, 6, 0, 0], [6, 6, 3, 3, 6, 6, 3, 3, 0, 0], [6, 6, 3, 3, 6, 6, 3, 3, 0, 0], [3, 3, 6, 6, 3, 3, 6, 6, 0, 0], [3, 3, 6, 6, 3, 3, 6, 6, 0, 0]]}, {"input": [[1, 5, 1, 5, 1], [5, 1, 5, 1, 5], [1, 5, 1, 5, 1], [5, 1, 5, 1, 5], [1, 5, 1, 5, 1]], "output": [[1, 1, 5, 5, 1, 1, 5, 5, 1, 1], [1, 1, 5, 5, 1, 1, 5, 5, 1, 1], [5, 5, 1, 1, 5, 5, 1, 1, 5, 5], [5, 5, 1, 1, 5, 5, 1, 1, 5, 5], [1, 1, 5, 5, 1, 1, 5, 5, 1, 1], [1, 1, 5, 5, 1, 1, 5, 5, 1, 1], [5, 5, 1, 1, 5, 5, 1, 1, 5, 5], [5, 5, 1, 1, 5, 5, 1, 1, 5, 5], [1, 1, 5, 5, 1, 1, 5, 5, 1, 1], [1, 1, 5, 5, 1, 1, 5, 5, 1, 1]]}, {"input": [[7, 3, 7, 3, 7], [3, 7, 3, 7, 3], [7, 3, 7, 3, 7], [3, 7, 3, 7, 3]], "output": [[7, 7, 3, 3, 7, 7, 3, 3, 0, 0], [7, 7, 3, 3, 7, 7, 3, 3, 0, 0], [3, 3, 7, 7, 3, 3, 7, 7, 0, 0], [3, 3, 7, 7, 3, 3, 7, 7, 0, 0], [7, 7, 3, 3, 7, 7, 3, 3, 0, 0], [7, 7, 3, 3, 7, 7, 3, 3, 0, 0], [3, 3, 7, 7, 3, 3, 7, 7, 0, 0], [3, 3, 7, 7, 3, 3, 7, 7, 0, 0]]}]}