{"train": [{"input": [[0, 0, 6, 0, 0, 0, 4, 0, 0, 0], [0, 0, 0, 2, 2, 4, 4, 0, 0, 0], [6, 0, 8, 2, 2, 1, 1, 0, 0, 0], [0, 0, 0, 0, 0, 1, 0, 1, 0, 0], [0, 0, 0, 0, 3, 0, 0, 0, 6, 1], [0, 0, 0, 1, 0, 0, 0, 0, 0, 0], [0, 0, 3, 0, 0, 0, 1, 0, 8, 0], [0, 0, 0, 0, 0, 0, 0, 0, 0, 1], [8, 0, 0, 0, 3, 0, 0, 0, 0, 1], [0, 0, 0, 0, 0, 0, 0, 0, 0, 0]], "output": [[0, 0, 4, 4, 4, 4, 4, 0, 0, 0], [0, 0, 4, 4, 4, 4, 4, 0, 0, 0], [6, 0, 4, 4, 4, 4, 1, 0, 0, 0], [0, 0, 4, 4, 4, 4, 0, 1, 0, 0], [0, 0, 0, 0, 3, 0, 0, 0, 6, 1], [0, 0, 0, 1, 0, 0, 0, 0, 0, 0], [0, 0, 3, 0, 0, 0, 1, 0, 8, 0], [0, 0, 0, 0, 0, 0, 0, 0, 0, 1], [8, 0, 0, 0, 3, 0, 0, 0, 0, 1], [0, 0, 0, 0, 0, 0, 0, 0, 0, 0]]}, {"input": [[8, 0, 2, 2, 0, 1, 0, 0, 0, 0], [0, 0, 1, 2, 0, 0, 0, 8, 0, 0], [0, 1, 0, 0, 0, 0, 0, 0, 3, 0], [0, 6, 0, 4, 0, 1, 0, 0, 0, 0], [1, 0, 0, 0, 0, 0, 0, 0, 0, 0], [3, 0, 0, 0, 6, 4, 0, 0, 3, 0], [0, 0, 0, 0, 0, 1, 4, 0, 0, 0], [0, 0, 0, 0, 1, 8, 0, 6, 0, 0], [0, 0, 0, 1, 0, 0, 0, 0, 0, 0], [0, 0, 0, 0, 1, 0, 0, 0, 0, 0]], "output": [[8, 0, 4, 4, 4, 4, 0, 0, 0, 0], [0, 0, 4, 4, 4, 4, 0, 8, 0, 0], [0, 1, 4, 4, 4, 4, 0, 0, 3, 0], [0, 6, 0, 4, 0, 1, 0, 0, 0, 0], [1, 0, 0, 0, 0, 0, 0, 0, 0, 0], [3, 0, 0, 0, 6, 4, 0, 0, 3, 0], [0, 0, 0, 0, 0, 1, 4, 0, 0, 0], [0, 0, 0, 0, 1, 8, 0, 6, 0, 0], [0, 0, 0, 1, 0, 0, 0, 0, 0, 0], [0, 0, 0, 0, 1, 0, 0, 0, 0, 0]]}, {"input": [[0, 0, 0, 0, 0, 0, 0, 6, 0, 0], [1, 0, 0, 0, 1, 0, 0, 0, 0, 6], [0, 0, 2, 2, 0, 0, 0, 0, 0, 0], [0, 0, 2, 2, 0, 0, 0, 0, 0, 0], [1, 0, 1, 0, 0, 0, 0, 0, 0, 0], [1, 0, 0, 0, 0, 1, 0, 0, 0, 0], [0, 1, 0, 0, 0, 0, 0, 0, 0, 3], [0, 0, 1, 0, 0, 0, 6, 0, 0, 0], [0, 0, 1, 0, 0, 0, 0, 0, 0, 0], [0, 0, 0, 0, 0, 0, 4, 0, 0, 0]], "output": [[0, 0, 0, 0, 0, 0, 0, 6, 0, 0], [1, 4, 4, 4, 4, 0, 0, 0, 0, 6], [0, 4, 4, 4, 4, 0, 0, 0, 0, 0], [0, 4, 4, 4, 4, 0, 0, 0, 0, 0], [1, 4, 4, 4, 4, 0, 0, 0, 0, 0], [1, 0, 0, 0, 0, 1, 0, 0, 0, 0], [0, 1, 0, 0, 0, 0, 0, 0, 0, 3], [0, 0, 1, 0, 0, 0, 6, 0, 0, 0], [0, 0, 1, 0, 0, 0, 0, 0, 0, 0], [0, 0, 0, 0, 0, 0, 4, 0, 0, 0]]}], "test": [{"input": [[8, 0, 0, 0, 0, 6, 0, 0, 0, 0], [2, 2, 0, 0, 0, 0, 1, 0, 0, 0], [2, 2, 0, 0, 0, 0, 1, 0, 0, 0], [0, 0, 0, 0, 0, 0, 0, 0, 0, 0], [0, 0, 6, 1, 0, 6, 4, 0, 0, 0], [0, 8, 0, 0, 0, 0, 6, 0, 0, 0], [0, 8, 0, 0, 0, 0, 0, 0, 0, 0], [1, 0, 0, 0, 1, 1, 0, 0, 0, 0], [0, 0, 0, 0, 0, 4, 0, 3, 0, 0], [0, 0, 0, 0, 4, 0, 1, 8, 0, 3]], "output": [[4, 4, 4, 0, 0, 6, 0, 0, 0, 0], [4, 4, 4, 0, 0, 0, 1, 0, 0, 0], [4, 4, 4, 0, 0, 0, 1, 0, 0, 0], [4, 4, 4, 0, 0, 0, 0, 0, 0, 0], [0, 0, 6, 1, 0, 6, 4, 0, 0, 0], [0, 8, 0, 0, 0, 0, 6, 0, 0, 0], [0, 8, 0, 0, 0, 0, 0, 0, 0, 0], [1, 0, 0, 0, 1, 1, 0, 0, 0, 0], [0, 0, 0, 0, 0, 4, 0, 3, 0, 0], [0, 0, 0, 0, 4, 0, 1, 8, 0, 3]]}]}