{"train": [{"input": [[0, 0, 0, 0, 0, 0, 0, 0, 0, 5, 5, 5, 5, 5, 5, 0, 0], [0, 0, 0, 0, 0, 0, 0, 0, 0, 5, 8, 8, 8, 8, 5, 0, 0], [0, 0, 0, 0, 0, 5, 5, 5, 5, 5, 5, 5, 8, 8, 5, 0, 0], [0, 0, 0, 0, 0, 5, 5, 8, 8, 8, 8, 5, 8, 8, 5, 0, 0], [0, 0, 0, 0, 0, 5, 5, 8, 8, 8, 8, 5, 8, 8, 5, 0, 0], [0, 0, 0, 0, 0, 5, 5, 5, 5, 5, 5, 5, 5, 5, 5, 5, 0], [0, 0, 0, 0, 0, 5, 7, 7, 7, 5, 5, 9, 9, 9, 9, 5, 0], [0, 0, 0, 0, 0, 5, 7, 7, 7, 5, 5, 9, 9, 9, 9, 5, 0], [0, 0, 0, 0, 0, 5, 5, 5, 5, 5, 5, 5, 5, 5, 5, 5, 0], [0, 0, 0, 0, 0, 0, 0, 0, 0, 0, 0, 0, 0, 0, 0, 0, 0], [0, 0, 0, 0, 0, 0, 0, 0, 0, 0, 0, 0, 0, 0, 0, 0, 0], [0, 0, 0, 0, 0, 0, 0, 0, 0, 0, 0, 0, 0, 0, 0, 0, 0], [0, 0, 0, 0, 0, 0, 0, 0, 0, 0, 0, 0, 0, 0, 0, 0, 0]], "output": [[0, 0, 0, 0, 0, 0, 0, 0, 0, 5, 5, 5, 5, 5, 5, 0, 0], [0, 0, 0, 0, 0, 0, 0, 0, 0, 5, 0, 0, 0, 0, 5, 0, 0], [0, 0, 0, 0, 0, 5, 5, 5, 5, 5, 5, 5, 0, 0, 5, 0, 0], [0, 0, 0, 0, 0, 5, 5, 0, 0, 0, 0, 5, 0, 0, 5, 0, 0], [0, 0, 0, 0, 0, 5, 5, 0, 0, 0, 0, 5, 0, 0, 5, 0, 0], [0, 0, 0, 0, 0, 5, 5, 5, 5, 5, 5, 5, 5, 5, 5, 5, 0], [0, 0, 0, 0, 0, 5, 0, 0, 0, 5, 5, 0, 0, 0, 0, 5, 0], [0, 0, 0, 0, 0, 5, 0, 0, 0, 5, 5, 0, 0, 0, 0, 5, 0], [0, 0, 0, 0, 0, 5, 5, 5, 5, 5, 5, 5, 5, 5, 5, 5, 0], [0, 0, 0, 0, 0, 0, 0, 0, 0, 0, 0, 0, 0, 0, 0, 0, 0], [0, 0, 0, 0, 0, 0, 0, 0, 0, 0, 0, 0, 0, 0, 0, 0, 0], [0, 0, 0, 0, 0, 0, 0, 0, 0, 0, 0, 0, 0, 0, 0, 0, 0], [0, 0, 0, 0, 0, 0, 0, 0, 0, 0, 0, 0, 0, 0, 0, 0, 0]]}, {"input": [[0, 0, 0, 0, 5, 5, 5, 5, 5, 5, 5, 5, 5, 5, 0], [0, 0, 0, 0, 5, 2, 2, 5, 7, 7, 7, 7, 7, 5, 0], [0, 0, 0, 0, 5, 2, 2, 5, 7, 7, 7, 7, 7, 5, 0], [0, 0, 0, 0, 5, 2, 2, 5, 7, 7, 7, 7, 7, 5, 0], [0, 0, 0, 0, 5, 2, 2, 5, 5, 5, 5, 5, 5, 5, 0], [0, 0, 0, 0, 5, 5, 5, 5, 5, 0, 5, 3, 3, 5, 0], [0, 0, 0, 0, 0, 0, 0, 0, 0, 0, 5, 3, 3, 5, 0], [0, 0, 0, 0, 0, 0, 0, 0, 0, 0, 5, 3, 3, 5, 0], [0, 0, 0, 0, 0, 0, 0, 0, 0, 0, 5, 3, 3, 5, 0], [0, 0, 0, 0, 0, 0, 0, 0, 0, 0, 5, 5, 5, 5, 0], [0, 0, 0, 0, 0, 0, 0, 0, 0, 0, 0, 0, 0, 0, 0], [0, 0, 0, 0, 0, 0, 0, 0, 0, 0, 0, 0, 0, 0, 0]], "output": [[0, 0, 0, 0, 5, 5, 5, 5, 5, 5, 5, 5, 5, 5, 0], [0, 0, 0, 0, 5, 0, 0, 5, 0, 0, 0, 0, 0, 5, 0], [0, 0, 0, 0, 5, 0, 0, 5, 0, 0, 0, 0, 0, 5, 0], [0, 0, 0, 0, 5, 0, 0, 5, 0, 0, 0, 0, 0, 5, 0], [0, 0, 0, 0, 5, 0, 0, 5, 5, 5, 5, 5, 5, 5, 0], [0, 0, 0, 0, 5, 5, 5, 5, 5, 0, 5, 0, 0, 5, 0], [0, 0, 0, 0, 0, 0, 0, 0, 0, 0, 5, 0, 0, 5, 0], [0, 0, 0, 0, 0, 0, 0, 0, 0, 0, 5, 0, 0, 5, 0], [0, 0, 0, 0, 0, 0, 0, 0, 0, 0, 5, 0, 0, 5, 0], [0, 0, 0, 0, 0, 0, 0, 0, 0, 0, 5, 5, 5, 5, 0], [0, 0, 0, 0, 0, 0, 0, 0, 0, 0, 0, 0, 0, 0, 0], [0, 0, 0, 0, 0, 0, 0, 0, 0, 0, 0, 0, 0, 0, 0]]}, {"input": [[0, 0, 0, 0, 0, 0, 0, 0, 0, 0, 0, 0, 0, 0, 0, 0], [0, 0, 0, 0, 0, 0, 0, 0, 0, 0, 0, 0, 0, 0, 0, 0], [5, 5, 5, 5, 5, 5, 5, 5, 0, 0, 0, 0, 0, 0, 0, 0], [5, 7, 7, 5, 1, 1, 1, 5, 0, 0, 0, 0, 0, 0, 0, 0], [5, 7, 7, 5, 1, 1, 1, 5, 0, 0, 0, 0, 0, 0, 0, 0], [5, 7, 7, 5, 1, 1, 1, 5, 0, 0, 0, 0, 0, 0, 0, 0], [5, 5, 5, 5, 1, 1, 1, 5, 0, 0, 0, 0, 0, 0, 0, 0], [0, 5, 1, 1, 1, 1, 1, 5, 0, 0, 0, 0, 0, 0, 0, 0], [0, 5, 5, 5, 5, 5, 5, 5, 0, 0, 0, 0, 0, 0, 0, 0], [0, 0, 0, 0, 0, 0, 0, 0, 0, 0, 0, 0, 0, 0, 0, 0], [0, 0, 0, 0, 0, 0, 0, 0, 0, 0, 0, 0, 0, 0, 0, 0], [0, 0, 0, 0, 0, 0, 0, 0, 0, 0, 0, 0, 0, 0, 0, 0]], "output": [[0, 0, 0, 0, 0, 0, 0, 0, 0, 0, 0, 0, 0, 0, 0, 0], [0, 0, 0, 0, 0, 0, 0, 0, 0, 0, 0, 0, 0, 0, 0, 0], [5, 5, 5, 5, 5, 5, 5, 5, 0, 0, 0, 0, 0, 0, 0, 0], [5, 0, 0, 5, 0, 0, 0, 5, 0, 0, 0, 0, 0, 0, 0, 0], [5, 0, 0, 5, 0, 0, 0, 5, 0, 0, 0, 0, 0, 0, 0, 0], [5, 0, 0, 5, 0, 0, 0, 5, 0, 0, 0, 0, 0, 0, 0, 0], [5, 5, 5, 5, 0, 0, 0, 5, 0, 0, 0, 0, 0, 0, 0, 0], [0, 5, 0, 0, 0, 0, 0, 5, 0, 0, 0, 0, 0, 0, 0, 0], [0, 5, 5, 5, 5, 5, 5, 5, 0, 0, 0, 0, 0, 0, 0, 0], [0, 0, 0, 0, 0, 0, 0, 0, 0, 0, 0, 0, 0, 0, 0, 0], [0, 0, 0, 0, 0, 0, 0, 0, 0, 0, 0, 0, 0, 0, 0, 0], [0, 0, 0, 0, 0, 0, 0, 0, 0, 0, 0, 0, 0, 0, 0, 0]]}, {"input": [[0, 0, 0, 0, 0, 0, 0, 0, 0, 0, 0, 0, 0, 0], [0, 0, 0, 0, 0, 0, 0, 0, 0, 0, 0, 0, 0, 0], [0, 0, 0, 0, 0, 0, 0, 0, 0, 0, 0, 0, 0, 0], [0, 0, 0, 0, 0, 0, 0, 0, 0, 0, 0, 0, 0, 0], [0, 0, 5, 5, 5, 5, 5, 0, 5, 5, 5, 5, 0, 0], [0, 0, 5, 7, 5, 5, 5, 5, 5, 7, 7, 5, 0, 0], [0, 0, 5, 7, 5, 1, 1, 5, 5, 7, 7, 5, 0, 0], [0, 0, 5, 5, 5, 1, 1, 5, 5, 7, 7, 5, 0, 0], [0, 0, 0, 0, 5, 1, 1, 5, 5, 7, 7, 5, 0, 0], [0, 0, 0, 0, 5, 5, 5, 5, 5, 7, 7, 5, 0, 0], [0, 0, 0, 0, 0, 0, 0, 0, 5, 5, 5, 5, 0, 0], [0, 0, 0, 0, 0, 0, 0, 0, 0, 0, 0, 0, 0, 0], [0, 0, 0, 0, 0, 0, 0, 0, 0, 0, 0, 0, 0, 0], [0, 0, 0, 0, 0, 0, 0, 0, 0, 0, 0, 0, 0, 0]], "output": [[0, 0, 0, 0, 0, 0, 0, 0, 0, 0, 0, 0, 0, 0], [0, 0, 0, 0, 0, 0, 0, 0, 0, 0, 0, 0, 0, 0], [0, 0, 0, 0, 0, 0, 0, 0, 0, 0, 0, 0, 0, 0], [0, 0, 0, 0, 0, 0, 0, 0, 0, 0, 0, 0, 0, 0], [0, 0, 5, 5, 5, 5, 5, 0, 5, 5, 5, 5, 0, 0], [0, 0, 5, 0, 5, 5, 5, 5, 5, 0, 0, 5, 0, 0], [0, 0, 5, 0, 5, 0, 0, 5, 5, 0, 0, 5, 0, 0], [0, 0, 5, 5, 5, 0, 0, 5, 5, 0, 0, 5, 0, 0], [0, 0, 0, 0, 5, 0, 0, 5, 5, 0, 0, 5, 0, 0], [0, 0, 0, 0, 5, 5, 5, 5, 5, 0, 0, 5, 0, 0], [0, 0, 0, 0, 0, 0, 0, 0, 5, 5, 5, 5, 0, 0], [0, 0, 0, 0, 0, 0, 0, 0, 0, 0, 0, 0, 0, 0], [0, 0, 0, 0, 0, 0, 0, 0, 0, 0, 0, 0, 0, 0], [0, 0, 0, 0, 0, 0, 0, 0, 0, 0, 0, 0, 0, 0]]}, {"input": [[0, 0, 0, 0, 0, 0, 0, 0, 0, 0, 0, 0, 0, 0], [0, 0, 0, 0, 0, 0, 0, 0, 0, 0, 0, 0, 0, 0], [0, 0, 0, 0, 0, 0, 0, 0, 0, 0, 0, 0, 0, 0], [0, 0, 0, 0, 0, 0, 0, 0, 0, 0, 0, 0, 0, 0], [0, 0, 0, 0, 0, 0, 0, 0, 0, 0, 0, 0, 0, 0], [0, 5, 5, 5, 5, 5, 5, 5, 5, 0, 0, 0, 0, 0], [0, 5, 4, 4, 5, 3, 3, 3, 5, 5, 5, 5, 0, 0], [5, 5, 4, 4, 5, 3, 3, 3, 5, 4, 4, 5, 0, 0], [5, 5, 4, 4, 5, 3, 3, 3, 5, 4, 4, 5, 0, 0], [5, 5, 5, 5, 5, 5, 5, 5, 5, 5, 5, 5, 0, 0], [5, 5, 4, 4, 4, 4, 4, 5, 0, 0, 0, 0, 0, 0], [5, 5, 4, 4, 4, 4, 4, 5, 0, 0, 0, 0, 0, 0], [5, 5, 5, 5, 5, 5, 5, 5, 0, 0, 0, 0, 0, 0], [5, 5, 5, 5, 0, 0, 0, 0, 0, 0, 0, 0, 0, 0], [0, 0, 0, 0, 0, 0, 0, 0, 0, 0, 0, 0, 0, 0], [0, 0, 0, 0, 0, 0, 0, 0, 0, 0, 0, 0, 0, 0], [0, 0, 0, 0, 0, 0, 0, 0, 0, 0, 0, 0, 0, 0]], "output": [[0, 0, 0, 0, 0, 0, 0, 0, 0, 0, 0, 0, 0, 0], [0, 0, 0, 0, 0, 0, 0, 0, 0, 0, 0, 0, 0, 0], [0, 0, 0, 0, 0, 0, 0, 0, 0, 0, 0, 0, 0, 0], [0, 0, 0, 0, 0, 0, 0, 0, 0, 0, 0, 0, 0, 0], [0, 0, 0, 0, 0, 0, 0, 0, 0, 0, 0, 0, 0, 0], [0, 5, 5, 5, 5, 5, 5, 5, 5, 0, 0, 0, 0, 0], [0, 5, 0, 0, 5, 0, 0, 0, 5, 5, 5, 5, 0, 0], [5, 5, 0, 0, 5, 0, 0, 0, 5, 0, 0, 5, 0, 0], [5, 5, 0, 0, 5, 0, 0, 0, 5, 0, 0, 5, 0, 0], [5, 5, 5, 5, 5, 5, 5, 5, 5, 5, 5, 5, 0, 0], [5, 5, 0, 0, 0, 0, 0, 5, 0, 0, 0, 0, 0, 0], [5, 5, 0, 0, 0, 0, 0, 5, 0, 0, 0, 0, 0, 0], [5, 5, 5, 5, 5, 5, 5, 5, 0, 0, 0, 0, 0, 0], [5, 5, 5, 5, 0, 0, 0, 0, 0, 0, 0, 0, 0, 0], [0, 0, 0, 0, 0, 0, 0, 0, 0, 0, 0, 0, 0, 0], [0, 0, 0, 0, 0, 0, 0, 0, 0, 0, 0, 0, 0, 0], [0, 0, 0, 0, 0, 0, 0, 0, 0, 0, 0, 0, 0, 0]]}, {"input": [[0, 0, 5, 5, 5, 5, 0, 0, 0, 0, 0, 0, 0, 0, 0], [0, 5, 5, 4, 4, 5, 5, 5, 0, 0, 0, 0, 0, 0, 0], [0, 5, 5, 4, 4, 5, 3, 5, 0, 0, 0, 0, 0, 0, 0], [0, 5, 5, 5, 5, 5, 3, 5, 0, 0, 0, 0, 0, 0, 0], [0, 5, 3, 3, 3, 3, 3, 5, 0, 0, 0, 0, 0, 0, 0], [0, 5, 3, 3, 3, 3, 3, 5, 0, 0, 0, 0, 0, 0, 0], [0, 5, 3, 3, 3, 3, 3, 5, 0, 0, 0, 0, 0, 0, 0], [0, 5, 5, 5, 5, 5, 5, 5, 0, 0, 0, 0, 0, 0, 0], [0, 0, 0, 0, 0, 0, 0, 0, 0, 0, 0, 0, 0, 0, 0], [0, 0, 0, 0, 0, 0, 0, 0, 0, 0, 0, 0, 0, 0, 0], [0, 0, 0, 0, 0, 0, 0, 0, 0, 0, 0, 0, 0, 0, 0], [0, 0, 0, 0, 0, 0, 0, 0, 0, 0, 0, 0, 0, 0, 0], [0, 0, 0, 0, 0, 0, 0, 0, 0, 0, 0, 0, 0, 0, 0], [0, 0, 0, 0, 0, 0, 0, 0, 0, 0, 0, 0, 0, 0, 0], [0, 0, 0, 0, 0, 0, 0, 0, 0, 0, 0, 0, 0, 0, 0], [0, 0, 0, 0, 0, 0, 0, 0, 0, 0, 0, 0, 0, 0, 0], [0, 0, 0, 0, 0, 0, 0, 0, 0, 0, 0, 0, 0, 0, 0], [0, 0, 0, 0, 0, 0, 0, 0, 0, 0, 0, 0, 0, 0, 0], [0, 0, 0, 0, 0, 0, 0, 0, 0, 0, 0, 0, 0, 0, 0]], "output": [[0, 0, 5, 5, 5, 5, 0, 0, 0, 0, 0, 0, 0, 0, 0], [0, 5, 5, 0, 0, 5, 5, 5, 0, 0, 0, 0, 0, 0, 0], [0, 5, 5, 0, 0, 5, 0, 5, 0, 0, 0, 0, 0, 0, 0], [0, 5, 5, 5, 5, 5, 0, 5, 0, 0, 0, 0, 0, 0, 0], [0, 5, 0, 0, 0, 0, 0, 5, 0, 0, 0, 0, 0, 0, 0], [0, 5, 0, 0, 0, 0, 0, 5, 0, 0, 0, 0, 0, 0, 0], [0, 5, 0, 0, 0, 0, 0, 5, 0, 0, 0, 0, 0, 0, 0], [0, 5, 5, 5, 5, 5, 5, 5, 0, 0, 0, 0, 0, 0, 0], [0, 0, 0, 0, 0, 0, 0, 0, 0, 0, 0, 0, 0, 0, 0], [0, 0, 0, 0, 0, 0, 0, 0, 0, 0, 0, 0, 0, 0, 0], [0, 0, 0, 0, 0, 0, 0, 0, 0, 0, 0, 0, 0, 0, 0], [0, 0, 0, 0, 0, 0, 0, 0, 0, 0, 0, 0, 0, 0, 0], [0, 0, 0, 0, 0, 0, 0, 0, 0, 0, 0, 0, 0, 0, 0], [0, 0, 0, 0, 0, 0, 0, 0, 0, 0, 0, 0, 0, 0, 0], [0, 0, 0, 0, 0, 0, 0, 0, 0, 0, 0, 0, 0, 0, 0], [0, 0, 0, 0, 0, 0, 0, 0, 0, 0, 0, 0, 0, 0, 0], [0, 0, 0, 0, 0, 0, 0, 0, 0, 0, 0, 0, 0, 0, 0], [0, 0, 0, 0, 0, 0, 0, 0, 0, 0, 0, 0, 0, 0, 0], [0, 0, 0, 0, 0, 0, 0, 0, 0, 0, 0, 0, 0, 0, 0]]}, {"input": [[0, 0, 0, 0, 0, 0, 0, 0, 0, 5, 5, 5, 5, 0, 0, 0], [0, 0, 0, 0, 0, 0, 0, 0, 0, 5, 3, 3, 5, 0, 0, 0], [0, 0, 0, 0, 0, 0, 0, 0, 0, 5, 3, 3, 5, 0, 0, 0], [0, 0, 0, 0, 5, 5, 5, 5, 5, 5, 5, 3, 5, 0, 0, 0], [0, 0, 0, 0, 5, 6, 6, 6, 6, 6, 5, 3, 5, 0, 0, 0], [0, 0, 0, 0, 5, 6, 6, 6, 6, 6, 5, 5, 5, 0, 0, 0], [0, 0, 0, 0, 5, 6, 6, 6, 6, 6, 5, 0, 0, 0, 0, 0], [0, 0, 0, 0, 5, 6, 6, 6, 6, 6, 5, 0, 0, 0, 0, 0], [0, 0, 0, 0, 5, 5, 5, 5, 5, 5, 5, 0, 0, 0, 0, 0], [0, 0, 0, 0, 0, 0, 0, 0, 0, 0, 0, 0, 0, 0, 0, 0], [0, 0, 0, 0, 0, 0, 0, 0, 0, 0, 0, 0, 0, 0, 0, 0]], "output": [[0, 0, 0, 0, 0, 0, 0, 0, 0, 5, 5, 5, 5, 0, 0, 0], [0, 0, 0, 0, 0, 0, 0, 0, 0, 5, 0, 0, 5, 0, 0, 0], [0, 0, 0, 0, 0, 0, 0, 0, 0, 5, 0, 0, 5, 0, 0, 0], [0, 0, 0, 0, 5, 5, 5, 5, 5, 5, 5, 0, 5, 0, 0, 0], [0, 0, 0, 0, 5, 0, 0, 0, 0, 0, 5, 0, 5, 0, 0, 0], [0, 0, 0, 0, 5, 0, 0, 0, 0, 0, 5, 5, 5, 0, 0, 0], [0, 0, 0, 0, 5, 0, 0, 0, 0, 0, 5, 0, 0, 0, 0, 0], [0, 0, 0, 0, 5, 0, 0, 0, 0, 0, 5, 0, 0, 0, 0, 0], [0, 0, 0, 0, 5, 5, 5, 5, 5, 5, 5, 0, 0, 0, 0, 0], [0, 0, 0, 0, 0, 0, 0, 0, 0, 0, 0, 0, 0, 0, 0, 0], [0, 0, 0, 0, 0, 0, 0, 0, 0, 0, 0, 0, 0, 0, 0, 0]]}, {"input": [[0, 0, 5, 5, 5, 5, 5, 5, 0, 0, 0, 0, 0, 0, 0, 0, 0, 0], [0, 0, 5, 1, 1, 1, 1, 5, 0, 0, 0, 0, 0, 0, 0, 0, 0, 0], [0, 0, 5, 1, 1, 1, 1, 5, 5, 5, 5, 5, 5, 5, 0, 0, 0, 0], [0, 0, 5, 1, 1, 1, 1, 5, 5, 9, 9, 9, 9, 5, 0, 0, 0, 0], [0, 0, 5, 1, 1, 1, 1, 5, 5, 9, 9, 9, 9, 5, 0, 0, 0, 0], [0, 0, 5, 1, 1, 1, 1, 5, 5, 5, 5, 5, 5, 5, 0, 0, 0, 0], [0, 0, 5, 5, 5, 5, 5, 5, 0, 0, 0, 0, 0, 0, 0, 0, 0, 0], [0, 0, 0, 0, 5, 5, 5, 5, 5, 0, 0, 5, 5, 5, 5, 5, 0, 0], [0, 0, 0, 0, 5, 3, 3, 3, 5, 0, 0, 5, 4, 4, 4, 5, 0, 0], [0, 0, 0, 0, 5, 3, 3, 3, 5, 0, 0, 5, 4, 4, 4, 5, 0, 0], [0, 0, 0, 0, 5, 3, 3, 3, 5, 0, 0, 5, 4, 4, 4, 5, 0, 0], [0, 0, 0, 0, 5, 5, 5, 5, 5, 0, 0, 5, 4, 4, 4, 5, 0, 0], [0, 0, 0, 0, 0, 0, 0, 0, 5, 5, 5, 5, 5, 5, 5, 5, 0, 0], [0, 0, 0, 0, 0, 0, 0, 0, 5, 6, 6, 6, 6, 6, 5, 5, 0, 0], [0, 0, 0, 0, 0, 0, 0, 0, 5, 6, 6, 6, 6, 6, 5, 0, 0, 0], [0, 0, 0, 0, 0, 0, 0, 0, 5, 6, 6, 6, 6, 6, 5, 0, 0, 0], [0, 0, 0, 0, 0, 0, 0, 0, 5, 5, 5, 5, 5, 5, 5, 0, 0, 0], [0, 0, 0, 0, 0, 0, 0, 0, 0, 0, 0, 0, 0, 0, 0, 0, 0, 0]], "output": [[0, 0, 5, 5, 5, 5, 5, 5, 0, 0, 0, 0, 0, 0, 0, 0, 0, 0], [0, 0, 5, 0, 0, 0, 0, 5, 0, 0, 0, 0, 0, 0, 0, 0, 0, 0], [0, 0, 5, 0, 0, 0, 0, 5, 5, 5, 5, 5, 5, 5, 0, 0, 0, 0], [0, 0, 5, 0, 0, 0, 0, 5, 5, 0, 0, 0, 0, 5, 0, 0, 0, 0], [0, 0, 5, 0, 0, 0, 0, 5, 5, 0, 0, 0, 0, 5, 0, 0, 0, 0], [0, 0, 5, 0, 0, 0, 0, 5, 5, 5, 5, 5, 5, 5, 0, 0, 0, 0], [0, 0, 5, 5, 5, 5, 5, 5, 0, 0, 0, 0, 0, 0, 0, 0, 0, 0], [0, 0, 0, 0, 5, 5, 5, 5, 5, 0, 0, 5, 5, 5, 5, 5, 0, 0], [0, 0, 0, 0, 5, 0, 0, 0, 5, 0, 0, 5, 0, 0, 0, 5, 0, 0], [0, 0, 0, 0, 5, 0, 0, 0, 5, 0, 0, 5, 0, 0, 0, 5, 0, 0], [0, 0, 0, 0, 5, 0, 0, 0, 5, 0, 0, 5, 0, 0, 0, 5, 0, 0], [0, 0, 0, 0, 5, 5, 5, 5, 5, 0, 0, 5, 0, 0, 0, 5, 0, 0], [0, 0, 0, 0, 0, 0, 0, 0, 5, 5, 5, 5, 5, 5, 5, 5, 0, 0], [0, 0, 0, 0, 0, 0, 0, 0, 5, 0, 0, 0, 0, 0, 5, 5, 0, 0], [0, 0, 0, 0, 0, 0, 0, 0, 5, 0, 0, 0, 0, 0, 5, 0, 0, 0], [0, 0, 0, 0, 0, 0, 0, 0, 5, 0, 0, 0, 0, 0, 5, 0, 0, 0], [0, 0, 0, 0, 0, 0, 0, 0, 5, 5, 5, 5, 5, 5, 5, 0, 0, 0], [0, 0, 0, 0, 0, 0, 0, 0, 0, 0, 0, 0, 0, 0, 0, 0, 0, 0]]}, {"input": [[0, 0, 0, 0, 0, 0, 0, 0, 0, 0, 0, 0], [0, 0, 0, 0, 0, 0, 0, 0, 0, 0, 0, 0], [0, 0, 0, 0, 0, 0, 0, 0, 0, 0, 0, 0], [0, 0, 0, 0, 0, 0, 0, 0, 0, 0, 0, 0], [0, 0, 5, 5, 5, 5, 5, 0, 0, 0, 0, 0], [0, 0, 5, 9, 9, 9, 5, 0, 0, 0, 0, 0], [0, 0, 5, 9, 9, 9, 5, 0, 0, 0, 0, 0], [0, 0, 5, 9, 9, 9, 5, 0, 0, 0, 0, 0], [0, 0, 5, 9, 9, 9, 5, 0, 0, 0, 0, 0], [0, 0, 5, 9, 9, 5, 5, 5, 5, 5, 5, 0], [0, 0, 5, 5, 5, 5, 5, 5, 5, 5, 5, 0], [0, 0, 0, 5, 9, 9, 9, 9, 9, 5, 5, 0], [0, 0, 0, 5, 9, 9, 9, 9, 9, 5, 5, 0], [0, 0, 0, 5, 5, 5, 5, 5, 5, 5, 0, 0], [0, 0, 0, 0, 0, 0, 0, 0, 0, 0, 0, 0]], "output": [[0, 0, 0, 0, 0, 0, 0, 0, 0, 0, 0, 0], [0, 0, 0, 0, 0, 0, 0, 0, 0, 0, 0, 0], [0, 0, 0, 0, 0, 0, 0, 0, 0, 0, 0, 0], [0, 0, 0, 0, 0, 0, 0, 0, 0, 0, 0, 0], [0, 0, 5, 5, 5, 5, 5, 0, 0, 0, 0, 0], [0, 0, 5, 0, 0, 0, 5, 0, 0, 0, 0, 0], [0, 0, 5, 0, 0, 0, 5, 0, 0, 0, 0, 0], [0, 0, 5, 0, 0, 0, 5, 0, 0, 0, 0, 0], [0, 0, 5, 0, 0, 0, 5, 0, 0, 0, 0, 0], [0, 0, 5, 0, 0, 5, 5, 5, 5, 5, 5, 0], [0, 0, 5, 5, 5, 5, 5, 5, 5, 5, 5, 0], [0, 0, 0, 5, 0, 0, 0, 0, 0, 5, 5, 0], [0, 0, 0, 5, 0, 0, 0, 0, 0, 5, 5, 0], [0, 0, 0, 5, 5, 5, 5, 5, 5, 5, 0, 0], [0, 0, 0, 0, 0, 0, 0, 0, 0, 0, 0, 0]]}, {"input": [[0, 0, 0, 0, 0, 0, 0, 0, 0, 0, 0], [5, 5, 5, 5, 5, 0, 0, 0, 0, 0, 0], [5, 7, 7, 7, 5, 5, 5, 0, 0, 0, 0], [5, 7, 7, 7, 5, 8, 5, 0, 0, 0, 0], [5, 7, 7, 7, 5, 8, 5, 0, 0, 0, 0], [5, 5, 5, 5, 5, 5, 5, 5, 5, 0, 0], [0, 0, 5, 6, 6, 6, 6, 6, 5, 0, 0], [0, 0, 5, 6, 6, 6, 6, 6, 5, 0, 0], [0, 0, 5, 6, 6, 6, 6, 6, 5, 0, 0], [0, 0, 5, 5, 5, 5, 5, 5, 5, 0, 0], [0, 0, 0, 0, 0, 0, 0, 0, 0, 0, 0], [0, 0, 0, 0, 0, 0, 0, 0, 0, 0, 0], [0, 0, 0, 0, 0, 0, 0, 0, 0, 0, 0], [0, 0, 0, 0, 0, 0, 0, 0, 0, 0, 0]], "output": [[0, 0, 0, 0, 0, 0, 0, 0, 0, 0, 0], [5, 5, 5, 5, 5, 0, 0, 0, 0, 0, 0], [5, 0, 0, 0, 5, 5, 5, 0, 0, 0, 0], [5, 0, 0, 0, 5, 0, 5, 0, 0, 0, 0], [5, 0, 0, 0, 5, 0, 5, 0, 0, 0, 0], [5, 5, 5, 5, 5, 5, 5, 5, 5, 0, 0], [0, 0, 5, 0, 0, 0, 0, 0, 5, 0, 0], [0, 0, 5, 0, 0, 0, 0, 0, 5, 0, 0], [0, 0, 5, 0, 0, 0, 0, 0, 5, 0, 0], [0, 0, 5, 5, 5, 5, 5, 5, 5, 0, 0], [0, 0, 0, 0, 0, 0, 0, 0, 0, 0, 0], [0, 0, 0, 0, 0, 0, 0, 0, 0, 0, 0], [0, 0, 0, 0, 0, 0, 0, 0, 0, 0, 0], [0, 0, 0, 0, 0, 0, 0, 0, 0, 0, 0]]}, {"input": [[0, 0, 0, 0, 0, 0, 0, 0, 0, 0, 0], [0, 0, 0, 0, 0, 0, 0, 0, 0, 0, 0], [0, 0, 0, 0, 0, 0, 0, 0, 0, 0, 0], [0, 0, 0, 5, 5, 5, 5, 5, 5, 5, 0], [0, 0, 0, 5, 6, 6, 6, 6, 6, 5, 0], [0, 0, 0, 5, 6, 6, 6, 6, 6, 5, 0], [0, 0, 0, 5, 6, 6, 6, 6, 6, 5, 0], [0, 0, 0, 5, 6, 6, 6, 6, 6, 5, 0], [0, 5, 5, 5, 5, 5, 5, 5, 6, 5, 0], [0, 5, 8, 8, 8, 8, 8, 5, 5, 5, 0], [0, 5, 8, 8, 8, 8, 8, 5, 5, 5, 0], [0, 5, 8, 8, 8, 8, 8, 5, 3, 5, 0], [0, 5, 5, 5, 5, 5, 5, 5, 3, 5, 0], [0, 5, 5, 6, 6, 6, 5, 5, 3, 5, 0], [0, 0, 5, 6, 6, 6, 5, 3, 3, 5, 0], [0, 0, 5, 5, 5, 5, 5, 3, 3, 5, 0], [0, 0, 0, 0, 5, 5, 5, 5, 5, 5, 0], [0, 0, 0, 0, 0, 0, 0, 0, 0, 0, 0], [0, 0, 0, 0, 0, 0, 0, 0, 0, 0, 0]], "output": [[0, 0, 0, 0, 0, 0, 0, 0, 0, 0, 0], [0, 0, 0, 0, 0, 0, 0, 0, 0, 0, 0], [0, 0, 0, 0, 0, 0, 0, 0, 0, 0, 0], [0, 0, 0, 5, 5, 5, 5, 5, 5, 5, 0], [0, 0, 0, 5, 0, 0, 0, 0, 0, 5, 0], [0, 0, 0, 5, 0, 0, 0, 0, 0, 5, 0], [0, 0, 0, 5, 0, 0, 0, 0, 0, 5, 0], [0, 0, 0, 5, 0, 0, 0, 0, 0, 5, 0], [0, 5, 5, 5, 5, 5, 5, 5, 0, 5, 0], [0, 5, 0, 0, 0, 0, 0, 5, 5, 5, 0], [0, 5, 0, 0, 0, 0, 0, 5, 5, 5, 0], [0, 5, 0, 0, 0, 0, 0, 5, 0, 5, 0], [0, 5, 5, 5, 5, 5, 5, 5, 0, 5, 0], [0, 5, 5, 0, 0, 0, 5, 5, 0, 5, 0], [0, 0, 5, 0, 0, 0, 5, 0, 0, 5, 0], [0, 0, 5, 5, 5, 5, 5, 0, 0, 5, 0], [0, 0, 0, 0, 5, 5, 5, 5, 5, 5, 0], [0, 0, 0, 0, 0, 0, 0, 0, 0, 0, 0], [0, 0, 0, 0, 0, 0, 0, 0, 0, 0, 0]]}, {"input": [[0, 0, 0, 0, 0, 0, 0, 0, 0, 0, 0, 0, 0, 0, 0, 0, 0, 0, 0], [0, 0, 5, 5, 5, 5, 0, 0, 0, 0, 5, 5, 5, 5, 0, 0, 0, 0, 0], [0, 5, 5, 5, 5, 5, 5, 5, 0, 0, 5, 3, 3, 5, 0, 0, 0, 0, 0], [0, 5, 3, 3, 3, 3, 3, 5, 0, 0, 5, 3, 3, 5, 0, 0, 0, 0, 0], [0, 5, 3, 3, 3, 3, 3, 5, 0, 0, 5, 3, 3, 5, 0, 0, 0, 0, 0], [0, 5, 3, 3, 3, 3, 3, 5, 0, 0, 5, 5, 5, 5, 5, 5, 0, 0, 0], [0, 5, 5, 5, 5, 5, 5, 5, 0, 0, 5, 6, 6, 6, 6, 5, 0, 0, 0], [0, 0, 5, 1, 1, 5, 0, 0, 0, 0, 5, 6, 6, 6, 6, 5, 0, 0, 0], [0, 0, 5, 1, 1, 5, 0, 0, 0, 0, 5, 5, 5, 5, 5, 5, 0, 0, 0], [0, 0, 5, 5, 5, 5, 0, 0, 0, 0, 0, 0, 0, 0, 0, 0, 0, 0, 0], [0, 0, 0, 0, 0, 0, 0, 0, 0, 0, 0, 0, 0, 0, 0, 0, 0, 0, 0]], "output": [[0, 0, 0, 0, 0, 0, 0, 0, 0, 0, 0, 0, 0, 0, 0, 0, 0, 0, 0], [0, 0, 5, 5, 5, 5, 0, 0, 0, 0, 5, 5, 5, 5, 0, 0, 0, 0, 0], [0, 5, 5, 5, 5, 5, 5, 5, 0, 0, 5, 0, 0, 5, 0, 0, 0, 0, 0], [0, 5, 0, 0, 0, 0, 0, 5, 0, 0, 5, 0, 0, 5, 0, 0, 0, 0, 0], [0, 5, 0, 0, 0, 0, 0, 5, 0, 0, 5, 0, 0, 5, 0, 0, 0, 0, 0], [0, 5, 0, 0, 0, 0, 0, 5, 0, 0, 5, 5, 5, 5, 5, 5, 0, 0, 0], [0, 5, 5, 5, 5, 5, 5, 5, 0, 0, 5, 0, 0, 0, 0, 5, 0, 0, 0], [0, 0, 5, 0, 0, 5, 0, 0, 0, 0, 5, 0, 0, 0, 0, 5, 0, 0, 0], [0, 0, 5, 0, 0, 5, 0, 0, 0, 0, 5, 5, 5, 5, 5, 5, 0, 0, 0], [0, 0, 5, 5, 5, 5, 0, 0, 0, 0, 0, 0, 0, 0, 0, 0, 0, 0, 0], [0, 0, 0, 0, 0, 0, 0, 0, 0, 0, 0, 0, 0, 0, 0, 0, 0, 0, 0]]}, {"input": [[0, 5, 5, 5, 5, 5, 5, 5, 0, 0, 0, 0], [0, 5, 5, 5, 5, 5, 5, 5, 0, 0, 0, 0], [0, 5, 5, 3, 3, 3, 3, 5, 5, 0, 0, 0], [5, 5, 5, 3, 3, 3, 3, 5, 5, 0, 0, 0], [5, 3, 5, 3, 3, 3, 3, 5, 5, 0, 0, 0], [5, 3, 5, 3, 3, 3, 3, 5, 5, 0, 0, 0], [5, 3, 5, 5, 5, 5, 5, 5, 5, 0, 0, 0], [5, 5, 5, 9, 9, 9, 9, 9, 5, 0, 0, 0], [0, 0, 5, 5, 5, 5, 5, 5, 5, 0, 0, 0], [0, 0, 0, 0, 0, 0, 0, 0, 0, 0, 0, 0]], "output": [[0, 5, 5, 5, 5, 5, 5, 5, 0, 0, 0, 0], [0, 5, 5, 5, 5, 5, 5, 5, 0, 0, 0, 0], [0, 5, 5, 0, 0, 0, 0, 5, 5, 0, 0, 0], [5, 5, 5, 0, 0, 0, 0, 5, 5, 0, 0, 0], [5, 0, 5, 0, 0, 0, 0, 5, 5, 0, 0, 0], [5, 0, 5, 0, 0, 0, 0, 5, 5, 0, 0, 0], [5, 0, 5, 5, 5, 5, 5, 5, 5, 0, 0, 0], [5, 5, 5, 0, 0, 0, 0, 0, 5, 0, 0, 0], [0, 0, 5, 5, 5, 5, 5, 5, 5, 0, 0, 0], [0, 0, 0, 0, 0, 0, 0, 0, 0, 0, 0, 0]]}, {"input": [[0, 0, 0, 0, 0, 0, 0, 0, 0, 0, 0], [0, 0, 0, 0, 0, 0, 0, 0, 0, 0, 0], [0, 0, 0, 0, 0, 0, 0, 0, 0, 0, 0], [0, 5, 5, 5, 5, 5, 5, 5, 0, 0, 0], [0, 5, 7, 7, 7, 7, 7, 5, 0, 0, 0], [0, 5, 7, 7, 7, 7, 7, 5, 0, 0, 0], [0, 5, 7, 7, 7, 7, 7, 5, 0, 0, 0], [0, 5, 7, 7, 7, 7, 7, 5, 5, 5, 0], [0, 5, 7, 7, 7, 7, 7, 5, 4, 5, 0], [0, 5, 5, 5, 5, 5, 5, 5, 4, 5, 0], [0, 5, 5, 5, 5, 5, 5, 5, 5, 5, 0], [0, 5, 3, 3, 3, 3, 3, 5, 0, 0, 0], [0, 5, 5, 5, 5, 3, 3, 5, 0, 0, 0], [0, 5, 6, 6, 5, 3, 3, 5, 0, 0, 0], [0, 5, 6, 6, 5, 3, 3, 5, 0, 0, 0], [0, 5, 6, 6, 5, 5, 5, 5, 0, 0, 0], [0, 5, 5, 5, 5, 0, 0, 0, 0, 0, 0], [0, 0, 0, 0, 0, 0, 0, 0, 0, 0, 0], [0, 0, 0, 0, 0, 0, 0, 0, 0, 0, 0]], "output": [[0, 0, 0, 0, 0, 0, 0, 0, 0, 0, 0], [0, 0, 0, 0, 0, 0, 0, 0, 0, 0, 0], [0, 0, 0, 0, 0, 0, 0, 0, 0, 0, 0], [0, 5, 5, 5, 5, 5, 5, 5, 0, 0, 0], [0, 5, 0, 0, 0, 0, 0, 5, 0, 0, 0], [0, 5, 0, 0, 0, 0, 0, 5, 0, 0, 0], [0, 5, 0, 0, 0, 0, 0, 5, 0, 0, 0], [0, 5, 0, 0, 0, 0, 0, 5, 5, 5, 0], [0, 5, 0, 0, 0, 0, 0, 5, 0, 5, 0], [0, 5, 5, 5, 5, 5, 5, 5, 0, 5, 0], [0, 5, 5, 5, 5, 5, 5, 5, 5, 5, 0], [0, 5, 0, 0, 0, 0, 0, 5, 0, 0, 0], [0, 5, 5, 5, 5, 0, 0, 5, 0, 0, 0], [0, 5, 0, 0, 5, 0, 0, 5, 0, 0, 0], [0, 5, 0, 0, 5, 0, 0, 5, 0, 0, 0], [0, 5, 0, 0, 5, 5, 5, 5, 0, 0, 0], [0, 5, 5, 5, 5, 0, 0, 0, 0, 0, 0], [0, 0, 0, 0, 0, 0, 0, 0, 0, 0, 0], [0, 0, 0, 0, 0, 0, 0, 0, 0, 0, 0]]}, {"input": [[0, 0, 0, 0, 0, 0, 0, 5, 5, 5, 5, 5, 5, 5, 0, 0, 0, 0], [0, 0, 0, 0, 0, 0, 0, 5, 8, 8, 8, 8, 8, 5, 0, 0, 0, 0], [0, 0, 0, 0, 0, 0, 0, 5, 8, 8, 8, 8, 8, 5, 0, 0, 0, 0], [0, 0, 0, 0, 0, 0, 0, 5, 8, 8, 8, 8, 8, 5, 0, 0, 0, 0], [0, 0, 0, 5, 5, 5, 5, 5, 8, 8, 8, 8, 8, 5, 0, 0, 0, 0], [0, 0, 0, 5, 4, 4, 4, 5, 8, 8, 8, 8, 8, 5, 0, 0, 0, 0], [0, 0, 0, 5, 4, 4, 4, 5, 5, 5, 5, 5, 5, 5, 0, 0, 0, 0], [0, 0, 0, 5, 4, 4, 4, 4, 4, 5, 0, 0, 0, 0, 0, 0, 0, 0], [0, 0, 0, 5, 5, 5, 5, 5, 5, 5, 0, 0, 0, 0, 0, 0, 0, 0], [0, 0, 0, 0, 0, 0, 0, 0, 0, 0, 0, 0, 0, 0, 0, 0, 0, 0], [0, 0, 0, 0, 0, 0, 0, 0, 0, 0, 0, 0, 0, 0, 0, 0, 0, 0]], "output": [[0, 0, 0, 0, 0, 0, 0, 5, 5, 5, 5, 5, 5, 5, 0, 0, 0, 0], [0, 0, 0, 0, 0, 0, 0, 5, 0, 0, 0, 0, 0, 5, 0, 0, 0, 0], [0, 0, 0, 0, 0, 0, 0, 5, 0, 0, 0, 0, 0, 5, 0, 0, 0, 0], [0, 0, 0, 0, 0, 0, 0, 5, 0, 0, 0, 0, 0, 5, 0, 0, 0, 0], [0, 0, 0, 5, 5, 5, 5, 5, 0, 0, 0, 0, 0, 5, 0, 0, 0, 0], [0, 0, 0, 5, 0, 0, 0, 5, 0, 0, 0, 0, 0, 5, 0, 0, 0, 0], [0, 0, 0, 5, 0, 0, 0, 5, 5, 5, 5, 5, 5, 5, 0, 0, 0, 0], [0, 0, 0, 5, 0, 0, 0, 0, 0, 5, 0, 0, 0, 0, 0, 0, 0, 0], [0, 0, 0, 5, 5, 5, 5, 5, 5, 5, 0, 0, 0, 0, 0, 0, 0, 0], [0, 0, 0, 0, 0, 0, 0, 0, 0, 0, 0, 0, 0, 0, 0, 0, 0, 0], [0, 0, 0, 0, 0, 0, 0, 0, 0, 0, 0, 0, 0, 0, 0, 0, 0, 0]]}, {"input": [[0, 0, 0, 0, 0, 0, 0, 0, 0, 0, 0], [0, 0, 0, 5, 5, 5, 5, 5, 0, 0, 0], [0, 0, 0, 5, 1, 1, 1, 5, 0, 0, 0], [0, 0, 0, 5, 1, 1, 1, 5, 0, 0, 0], [0, 0, 0, 5, 1, 1, 1, 5, 0, 0, 0], [0, 0, 0, 5, 5, 5, 5, 5, 0, 0, 0], [0, 0, 0, 0, 0, 0, 0, 0, 0, 0, 0], [0, 0, 0, 0, 0, 0, 0, 0, 0, 0, 0], [0, 0, 0, 0, 0, 0, 0, 0, 0, 0, 0], [0, 0, 0, 0, 0, 0, 0, 0, 0, 0, 0], [0, 5, 5, 5, 5, 5, 0, 0, 0, 0, 0], [0, 5, 4, 4, 4, 5, 0, 0, 0, 0, 0], [0, 5, 4, 4, 4, 5, 0, 0, 0, 0, 0], [0, 5, 4, 4, 4, 5, 0, 0, 0, 0, 0], [0, 5, 5, 5, 5, 5, 0, 0, 0, 0, 0], [0, 0, 0, 0, 0, 0, 0, 0, 0, 0, 0], [0, 0, 0, 0, 0, 0, 0, 0, 0, 0, 0]], "output": [[0, 0, 0, 0, 0, 0, 0, 0, 0, 0, 0], [0, 0, 0, 5, 5, 5, 5, 5, 0, 0, 0], [0, 0, 0, 5, 0, 0, 0, 5, 0, 0, 0], [0, 0, 0, 5, 0, 0, 0, 5, 0, 0, 0], [0, 0, 0, 5, 0, 0, 0, 5, 0, 0, 0], [0, 0, 0, 5, 5, 5, 5, 5, 0, 0, 0], [0, 0, 0, 0, 0, 0, 0, 0, 0, 0, 0], [0, 0, 0, 0, 0, 0, 0, 0, 0, 0, 0], [0, 0, 0, 0, 0, 0, 0, 0, 0, 0, 0], [0, 0, 0, 0, 0, 0, 0, 0, 0, 0, 0], [0, 5, 5, 5, 5, 5, 0, 0, 0, 0, 0], [0, 5, 0, 0, 0, 5, 0, 0, 0, 0, 0], [0, 5, 0, 0, 0, 5, 0, 0, 0, 0, 0], [0, 5, 0, 0, 0, 5, 0, 0, 0, 0, 0], [0, 5, 5, 5, 5, 5, 0, 0, 0, 0, 0], [0, 0, 0, 0, 0, 0, 0, 0, 0, 0, 0], [0, 0, 0, 0, 0, 0, 0, 0, 0, 0, 0]]}, {"input": [[0, 0, 0, 5, 5, 5, 5, 5, 0, 0, 0, 0], [0, 0, 0, 5, 1, 1, 1, 5, 0, 0, 0, 0], [0, 0, 0, 5, 5, 5, 5, 5, 5, 0, 0, 0], [0, 5, 5, 5, 5, 6, 6, 6, 5, 0, 0, 0], [0, 5, 1, 1, 5, 6, 6, 6, 5, 0, 0, 0], [0, 5, 1, 1, 5, 6, 6, 6, 5, 0, 0, 0], [0, 5, 1, 1, 5, 6, 6, 6, 5, 0, 0, 0], [0, 5, 1, 1, 5, 5, 5, 5, 5, 0, 0, 0], [0, 5, 5, 5, 5, 5, 5, 5, 5, 0, 0, 0], [0, 0, 0, 0, 0, 0, 0, 0, 0, 0, 0, 0]], "output": [[0, 0, 0, 5, 5, 5, 5, 5, 0, 0, 0, 0], [0, 0, 0, 5, 0, 0, 0, 5, 0, 0, 0, 0], [0, 0, 0, 5, 5, 5, 5, 5, 5, 0, 0, 0], [0, 5, 5, 5, 5, 0, 0, 0, 5, 0, 0, 0], [0, 5, 0, 0, 5, 0, 0, 0, 5, 0, 0, 0], [0, 5, 0, 0, 5, 0, 0, 0, 5, 0, 0, 0], [0, 5, 0, 0, 5, 0, 0, 0, 5, 0, 0, 0], [0, 5, 0, 0, 5, 5, 5, 5, 5, 0, 0, 0], [0, 5, 5, 5, 5, 5, 5, 5, 5, 0, 0, 0], [0, 0, 0, 0, 0, 0, 0, 0, 0, 0, 0, 0]]}, {"input": [[0, 0, 0, 0, 0, 0, 0, 0, 0, 0], [0, 0, 0, 0, 0, 0, 0, 0, 0, 0], [0, 0, 5, 5, 5, 5, 5, 0, 0, 0], [5, 5, 5, 7, 7, 7, 5, 0, 0, 0], [5, 1, 5, 7, 7, 7, 5, 0, 0, 0], [5, 1, 5, 7, 7, 7, 5, 0, 0, 0], [5, 1, 5, 7, 7, 7, 5, 0, 0, 0], [5, 1, 5, 5, 5, 5, 5, 0, 0, 0], [5, 1, 1, 1, 1, 1, 5, 0, 0, 0], [5, 5, 5, 5, 5, 5, 5, 0, 0, 0], [5, 7, 7, 7, 5, 0, 0, 0, 0, 0], [5, 7, 7, 7, 5, 0, 0, 0, 0, 0], [5, 7, 7, 7, 5, 0, 0, 0, 0, 0], [5, 7, 7, 7, 5, 0, 0, 0, 0, 0], [5, 5, 5, 5, 5, 0, 0, 0, 0, 0], [0, 0, 0, 0, 0, 0, 0, 0, 0, 0], [0, 0, 0, 0, 0, 0, 0, 0, 0, 0], [0, 0, 0, 0, 0, 0, 0, 0, 0, 0], [0, 0, 0, 0, 0, 0, 0, 0, 0, 0]], "output": [[0, 0, 0, 0, 0, 0, 0, 0, 0, 0], [0, 0, 0, 0, 0, 0, 0, 0, 0, 0], [0, 0, 5, 5, 5, 5, 5, 0, 0, 0], [5, 5, 5, 0, 0, 0, 5, 0, 0, 0], [5, 0, 5, 0, 0, 0, 5, 0, 0, 0], [5, 0, 5, 0, 0, 0, 5, 0, 0, 0], [5, 0, 5, 0, 0, 0, 5, 0, 0, 0], [5, 0, 5, 5, 5, 5, 5, 0, 0, 0], [5, 0, 0, 0, 0, 0, 5, 0, 0, 0], [5, 5, 5, 5, 5, 5, 5, 0, 0, 0], [5, 0, 0, 0, 5, 0, 0, 0, 0, 0], [5, 0, 0, 0, 5, 0, 0, 0, 0, 0], [5, 0, 0, 0, 5, 0, 0, 0, 0, 0], [5, 0, 0, 0, 5, 0, 0, 0, 0, 0], [5, 5, 5, 5, 5, 0, 0, 0, 0, 0], [0, 0, 0, 0, 0, 0, 0, 0, 0, 0], [0, 0, 0, 0, 0, 0, 0, 0, 0, 0], [0, 0, 0, 0, 0, 0, 0, 0, 0, 0], [0, 0, 0, 0, 0, 0, 0, 0, 0, 0]]}, {"input": [[0, 0, 0, 0, 0, 0, 0, 0, 0, 0, 0, 0, 0, 0, 0], [0, 0, 5, 5, 5, 5, 5, 5, 5, 0, 0, 0, 0, 0, 0], [0, 0, 5, 8, 8, 8, 8, 8, 5, 0, 0, 0, 0, 0, 0], [0, 0, 5, 8, 8, 8, 8, 8, 5, 0, 0, 0, 0, 0, 0], [0, 0, 5, 8, 8, 8, 8, 8, 5, 0, 0, 0, 0, 0, 0], [0, 0, 5, 8, 8, 8, 8, 8, 5, 0, 0, 0, 0, 0, 0], [0, 5, 5, 5, 5, 5, 5, 5, 5, 0, 0, 0, 0, 0, 0], [0, 5, 1, 1, 1, 1, 1, 5, 0, 0, 0, 0, 0, 0, 0], [0, 5, 1, 1, 1, 1, 1, 5, 0, 0, 0, 0, 0, 0, 0], [0, 5, 5, 5, 5, 5, 5, 5, 5, 5, 5, 5, 0, 0, 0], [0, 0, 0, 0, 0, 5, 7, 7, 7, 7, 7, 5, 0, 0, 0], [0, 0, 0, 0, 0, 5, 7, 7, 7, 7, 7, 5, 0, 0, 0], [0, 5, 5, 5, 5, 5, 7, 7, 7, 7, 7, 5, 0, 0, 0], [0, 5, 6, 6, 5, 5, 5, 5, 5, 5, 5, 5, 0, 0, 0], [0, 5, 6, 6, 5, 0, 5, 4, 4, 4, 4, 5, 0, 0, 0], [0, 5, 5, 5, 5, 0, 5, 5, 5, 5, 5, 5, 0, 0, 0], [0, 0, 0, 0, 0, 0, 0, 0, 0, 0, 0, 0, 0, 0, 0]], "output": [[0, 0, 0, 0, 0, 0, 0, 0, 0, 0, 0, 0, 0, 0, 0], [0, 0, 5, 5, 5, 5, 5, 5, 5, 0, 0, 0, 0, 0, 0], [0, 0, 5, 0, 0, 0, 0, 0, 5, 0, 0, 0, 0, 0, 0], [0, 0, 5, 0, 0, 0, 0, 0, 5, 0, 0, 0, 0, 0, 0], [0, 0, 5, 0, 0, 0, 0, 0, 5, 0, 0, 0, 0, 0, 0], [0, 0, 5, 0, 0, 0, 0, 0, 5, 0, 0, 0, 0, 0, 0], [0, 5, 5, 5, 5, 5, 5, 5, 5, 0, 0, 0, 0, 0, 0], [0, 5, 0, 0, 0, 0, 0, 5, 0, 0, 0, 0, 0, 0, 0], [0, 5, 0, 0, 0, 0, 0, 5, 0, 0, 0, 0, 0, 0, 0], [0, 5, 5, 5, 5, 5, 5, 5, 5, 5, 5, 5, 0, 0, 0], [0, 0, 0, 0, 0, 5, 0, 0, 0, 0, 0, 5, 0, 0, 0], [0, 0, 0, 0, 0, 5, 0, 0, 0, 0, 0, 5, 0, 0, 0], [0, 5, 5, 5, 5, 5, 0, 0, 0, 0, 0, 5, 0, 0, 0], [0, 5, 0, 0, 5, 5, 5, 5, 5, 5, 5, 5, 0, 0, 0], [0, 5, 0, 0, 5, 0, 5, 0, 0, 0, 0, 5, 0, 0, 0], [0, 5, 5, 5, 5, 0, 5, 5, 5, 5, 5, 5, 0, 0, 0], [0, 0, 0, 0, 0, 0, 0, 0, 0, 0, 0, 0, 0, 0, 0]]}, {"input": [[0, 0, 0, 0, 0, 0, 0, 0, 0, 0, 0, 0, 0, 0, 0, 0], [0, 0, 0, 0, 0, 0, 0, 0, 0, 0, 0, 0, 0, 0, 0, 0], [0, 0, 0, 0, 0, 0, 0, 0, 0, 5, 5, 5, 5, 0, 0, 0], [0, 0, 0, 0, 0, 0, 0, 0, 0, 5, 2, 2, 5, 0, 0, 0], [0, 0, 0, 0, 0, 0, 5, 5, 5, 5, 2, 2, 5, 0, 0, 0], [0, 0, 0, 0, 0, 0, 5, 9, 9, 5, 2, 2, 5, 0, 0, 0], [0, 0, 0, 0, 0, 0, 5, 9, 9, 5, 5, 5, 5, 0, 0, 0], [0, 0, 0, 0, 0, 0, 5, 9, 9, 9, 9, 5, 0, 0, 0, 0], [0, 0, 0, 0, 0, 0, 5, 9, 9, 9, 9, 5, 0, 0, 0, 0], [0, 0, 0, 0, 0, 0, 5, 5, 5, 5, 5, 5, 0, 0, 0, 0], [0, 0, 0, 0, 0, 0, 0, 0, 0, 0, 0, 0, 0, 0, 0, 0], [0, 0, 0, 0, 0, 0, 0, 0, 0, 0, 0, 0, 0, 0, 0, 0]], "output": [[0, 0, 0, 0, 0, 0, 0, 0, 0, 0, 0, 0, 0, 0, 0, 0], [0, 0, 0, 0, 0, 0, 0, 0, 0, 0, 0, 0, 0, 0, 0, 0], [0, 0, 0, 0, 0, 0, 0, 0, 0, 5, 5, 5, 5, 0, 0, 0], [0, 0, 0, 0, 0, 0, 0, 0, 0, 5, 0, 0, 5, 0, 0, 0], [0, 0, 0, 0, 0, 0, 5, 5, 5, 5, 0, 0, 5, 0, 0, 0], [0, 0, 0, 0, 0, 0, 5, 0, 0, 5, 0, 0, 5, 0, 0, 0], [0, 0, 0, 0, 0, 0, 5, 0, 0, 5, 5, 5, 5, 0, 0, 0], [0, 0, 0, 0, 0, 0, 5, 0, 0, 0, 0, 5, 0, 0, 0, 0], [0, 0, 0, 0, 0, 0, 5, 0, 0, 0, 0, 5, 0, 0, 0, 0], [0, 0, 0, 0, 0, 0, 5, 5, 5, 5, 5, 5, 0, 0, 0, 0], [0, 0, 0, 0, 0, 0, 0, 0, 0, 0, 0, 0, 0, 0, 0, 0], [0, 0, 0, 0, 0, 0, 0, 0, 0, 0, 0, 0, 0, 0, 0, 0]]}, {"input": [[0, 0, 0, 5, 5, 5, 5, 0, 0, 0, 0, 0, 0, 0, 0, 0], [0, 0, 0, 5, 1, 1, 5, 0, 0, 0, 0, 0, 0, 0, 0, 0], [0, 0, 0, 5, 1, 1, 5, 0, 0, 0, 0, 0, 0, 0, 0, 0], [0, 0, 0, 5, 1, 1, 5, 0, 0, 0, 0, 0, 0, 0, 0, 0], [0, 0, 0, 5, 5, 5, 5, 0, 0, 0, 0, 0, 0, 0, 0, 0], [0, 0, 0, 0, 0, 0, 0, 0, 0, 0, 0, 0, 0, 0, 0, 0], [0, 0, 0, 0, 0, 0, 0, 0, 0, 0, 0, 0, 0, 0, 0, 0], [0, 0, 0, 0, 0, 0, 0, 0, 0, 0, 0, 0, 0, 0, 0, 0], [0, 0, 0, 0, 0, 0, 0, 0, 0, 0, 0, 0, 0, 0, 0, 0], [0, 0, 0, 0, 0, 0, 0, 0, 0, 5, 5, 5, 5, 5, 5, 0], [0, 0, 0, 0, 5, 5, 5, 5, 5, 5, 4, 4, 4, 4, 5, 0], [0, 0, 0, 0, 5, 8, 8, 8, 8, 5, 4, 4, 4, 4, 5, 0], [0, 0, 0, 0, 5, 8, 8, 8, 8, 5, 4, 4, 4, 4, 5, 0], [0, 0, 0, 0, 5, 8, 8, 8, 8, 5, 5, 5, 5, 5, 5, 0], [0, 0, 0, 0, 5, 5, 5, 5, 5, 5, 0, 0, 0, 0, 0, 0], [0, 0, 0, 0, 0, 0, 0, 0, 0, 0, 0, 0, 0, 0, 0, 0]], "output": [[0, 0, 0, 5, 5, 5, 5, 0, 0, 0, 0, 0, 0, 0, 0, 0], [0, 0, 0, 5, 0, 0, 5, 0, 0, 0, 0, 0, 0, 0, 0, 0], [0, 0, 0, 5, 0, 0, 5, 0, 0, 0, 0, 0, 0, 0, 0, 0], [0, 0, 0, 5, 0, 0, 5, 0, 0, 0, 0, 0, 0, 0, 0, 0], [0, 0, 0, 5, 5, 5, 5, 0, 0, 0, 0, 0, 0, 0, 0, 0], [0, 0, 0, 0, 0, 0, 0, 0, 0, 0, 0, 0, 0, 0, 0, 0], [0, 0, 0, 0, 0, 0, 0, 0, 0, 0, 0, 0, 0, 0, 0, 0], [0, 0, 0, 0, 0, 0, 0, 0, 0, 0, 0, 0, 0, 0, 0, 0], [0, 0, 0, 0, 0, 0, 0, 0, 0, 0, 0, 0, 0, 0, 0, 0], [0, 0, 0, 0, 0, 0, 0, 0, 0, 5, 5, 5, 5, 5, 5, 0], [0, 0, 0, 0, 5, 5, 5, 5, 5, 5, 0, 0, 0, 0, 5, 0], [0, 0, 0, 0, 5, 0, 0, 0, 0, 5, 0, 0, 0, 0, 5, 0], [0, 0, 0, 0, 5, 0, 0, 0, 0, 5, 0, 0, 0, 0, 5, 0], [0, 0, 0, 0, 5, 0, 0, 0, 0, 5, 5, 5, 5, 5, 5, 0], [0, 0, 0, 0, 5, 5, 5, 5, 5, 5, 0, 0, 0, 0, 0, 0], [0, 0, 0, 0, 0, 0, 0, 0, 0, 0, 0, 0, 0, 0, 0, 0]]}, {"input": [[0, 0, 0, 0, 0, 0, 0, 0, 5, 5, 5, 5, 5, 5, 5, 0, 0, 0, 0], [0, 0, 0, 0, 0, 0, 0, 0, 5, 2, 2, 2, 2, 2, 5, 0, 0, 0, 0], [0, 0, 0, 0, 0, 0, 0, 0, 5, 2, 2, 2, 2, 2, 5, 0, 0, 0, 0], [0, 0, 0, 0, 0, 0, 0, 0, 5, 2, 2, 2, 2, 2, 5, 0, 0, 0, 0], [0, 0, 0, 0, 0, 0, 0, 0, 5, 2, 2, 2, 2, 2, 5, 0, 0, 0, 0], [0, 0, 0, 0, 0, 0, 0, 0, 5, 2, 2, 2, 2, 2, 5, 0, 0, 0, 0], [0, 0, 0, 0, 0, 0, 0, 0, 5, 5, 5, 5, 5, 5, 5, 0, 0, 0, 0], [0, 0, 0, 0, 0, 0, 0, 0, 5, 7, 7, 5, 0, 0, 0, 0, 0, 0, 0], [0, 0, 0, 0, 0, 0, 0, 0, 5, 7, 7, 5, 0, 0, 0, 0, 0, 0, 0], [0, 5, 5, 5, 5, 0, 0, 0, 5, 5, 5, 5, 0, 0, 0, 0, 0, 0, 0], [0, 5, 7, 7, 5, 0, 0, 0, 0, 0, 0, 0, 0, 0, 0, 0, 0, 0, 0], [0, 5, 7, 7, 5, 0, 0, 0, 0, 0, 0, 0, 0, 0, 0, 0, 0, 0, 0], [0, 5, 7, 7, 5, 0, 0, 0, 0, 0, 0, 0, 0, 0, 0, 0, 0, 0, 0], [0, 5, 5, 5, 5, 0, 0, 0, 0, 0, 0, 0, 0, 0, 0, 0, 0, 0, 0], [0, 0, 0, 0, 0, 0, 0, 0, 0, 0, 0, 0, 0, 0, 0, 0, 0, 0, 0], [0, 0, 0, 0, 0, 0, 0, 0, 0, 0, 0, 0, 0, 0, 0, 0, 0, 0, 0]], "output": [[0, 0, 0, 0, 0, 0, 0, 0, 5, 5, 5, 5, 5, 5, 5, 0, 0, 0, 0], [0, 0, 0, 0, 0, 0, 0, 0, 5, 0, 0, 0, 0, 0, 5, 0, 0, 0, 0], [0, 0, 0, 0, 0, 0, 0, 0, 5, 0, 0, 0, 0, 0, 5, 0, 0, 0, 0], [0, 0, 0, 0, 0, 0, 0, 0, 5, 0, 0, 0, 0, 0, 5, 0, 0, 0, 0], [0, 0, 0, 0, 0, 0, 0, 0, 5, 0, 0, 0, 0, 0, 5, 0, 0, 0, 0], [0, 0, 0, 0, 0, 0, 0, 0, 5, 0, 0, 0, 0, 0, 5, 0, 0, 0, 0], [0, 0, 0, 0, 0, 0, 0, 0, 5, 5, 5, 5, 5, 5, 5, 0, 0, 0, 0], [0, 0, 0, 0, 0, 0, 0, 0, 5, 0, 0, 5, 0, 0, 0, 0, 0, 0, 0], [0, 0, 0, 0, 0, 0, 0, 0, 5, 0, 0, 5, 0, 0, 0, 0, 0, 0, 0], [0, 5, 5, 5, 5, 0, 0, 0, 5, 5, 5, 5, 0, 0, 0, 0, 0, 0, 0], [0, 5, 0, 0, 5, 0, 0, 0, 0, 0, 0, 0, 0, 0, 0, 0, 0, 0, 0], [0, 5, 0, 0, 5, 0, 0, 0, 0, 0, 0, 0, 0, 0, 0, 0, 0, 0, 0], [0, 5, 0, 0, 5, 0, 0, 0, 0, 0, 0, 0, 0, 0, 0, 0, 0, 0, 0], [0, 5, 5, 5, 5, 0, 0, 0, 0, 0, 0, 0, 0, 0, 0, 0, 0, 0, 0], [0, 0, 0, 0, 0, 0, 0, 0, 0, 0, 0, 0, 0, 0, 0, 0, 0, 0, 0], [0, 0, 0, 0, 0, 0, 0, 0, 0, 0, 0, 0, 0, 0, 0, 0, 0, 0, 0]]}, {"input": [[0, 0, 0, 0, 0, 0, 0, 0, 0, 0, 0, 0], [0, 0, 0, 0, 5, 5, 5, 5, 5, 5, 5, 0], [0, 0, 0, 0, 5, 7, 7, 7, 7, 7, 5, 0], [0, 0, 0, 0, 5, 7, 7, 7, 7, 7, 5, 0], [5, 5, 5, 5, 5, 5, 7, 7, 7, 7, 5, 0], [5, 4, 4, 4, 4, 5, 5, 5, 5, 5, 5, 0], [5, 4, 4, 4, 4, 5, 0, 0, 0, 0, 0, 0], [5, 4, 4, 4, 4, 5, 0, 0, 0, 0, 0, 0], [5, 4, 4, 4, 4, 5, 0, 0, 0, 0, 0, 0], [5, 4, 4, 4, 4, 5, 0, 0, 0, 0, 0, 0], [5, 5, 5, 5, 5, 5, 0, 0, 0, 0, 0, 0], [0, 0, 0, 0, 0, 0, 0, 0, 0, 0, 0, 0]], "output": [[0, 0, 0, 0, 0, 0, 0, 0, 0, 0, 0, 0], [0, 0, 0, 0, 5, 5, 5, 5, 5, 5, 5, 0], [0, 0, 0, 0, 5, 0, 0, 0, 0, 0, 5, 0], [0, 0, 0, 0, 5, 0, 0, 0, 0, 0, 5, 0], [5, 5, 5, 5, 5, 5, 0, 0, 0, 0, 5, 0], [5, 0, 0, 0, 0, 5, 5, 5, 5, 5, 5, 0], [5, 0, 0, 0, 0, 5, 0, 0, 0, 0, 0, 0], [5, 0, 0, 0, 0, 5, 0, 0, 0, 0, 0, 0], [5, 0, 0, 0, 0, 5, 0, 0, 0, 0, 0, 0], [5, 0, 0, 0, 0, 5, 0, 0, 0, 0, 0, 0], [5, 5, 5, 5, 5, 5, 0, 0, 0, 0, 0, 0], [0, 0, 0, 0, 0, 0, 0, 0, 0, 0, 0, 0]]}, {"input": [[0, 0, 5, 5, 5, 5, 5, 0, 0, 0, 0, 0, 0], [0, 0, 5, 4, 4, 4, 5, 0, 0, 0, 0, 0, 0], [0, 0, 5, 4, 4, 4, 5, 0, 0, 0, 0, 0, 0], [0, 0, 5, 4, 4, 4, 5, 0, 0, 0, 0, 0, 0], [0, 0, 5, 4, 4, 4, 5, 0, 0, 0, 0, 0, 0], [0, 0, 5, 5, 5, 5, 5, 0, 0, 0, 0, 0, 0], [0, 0, 0, 0, 0, 0, 0, 0, 0, 0, 0, 0, 0], [0, 0, 0, 5, 5, 5, 5, 0, 0, 0, 0, 0, 0], [0, 0, 0, 5, 9, 9, 5, 0, 0, 0, 0, 0, 0], [0, 0, 0, 5, 9, 9, 5, 0, 0, 0, 0, 0, 0], [0, 0, 0, 5, 9, 9, 5, 0, 0, 0, 0, 0, 0], [0, 0, 0, 5, 9, 9, 5, 0, 0, 0, 0, 0, 0], [0, 0, 0, 5, 9, 9, 5, 0, 0, 0, 0, 0, 0], [0, 0, 0, 5, 5, 5, 5, 0, 0, 0, 0, 0, 0], [0, 0, 0, 0, 0, 0, 0, 0, 0, 0, 0, 0, 0]], "output": [[0, 0, 5, 5, 5, 5, 5, 0, 0, 0, 0, 0, 0], [0, 0, 5, 0, 0, 0, 5, 0, 0, 0, 0, 0, 0], [0, 0, 5, 0, 0, 0, 5, 0, 0, 0, 0, 0, 0], [0, 0, 5, 0, 0, 0, 5, 0, 0, 0, 0, 0, 0], [0, 0, 5, 0, 0, 0, 5, 0, 0, 0, 0, 0, 0], [0, 0, 5, 5, 5, 5, 5, 0, 0, 0, 0, 0, 0], [0, 0, 0, 0, 0, 0, 0, 0, 0, 0, 0, 0, 0], [0, 0, 0, 5, 5, 5, 5, 0, 0, 0, 0, 0, 0], [0, 0, 0, 5, 0, 0, 5, 0, 0, 0, 0, 0, 0], [0, 0, 0, 5, 0, 0, 5, 0, 0, 0, 0, 0, 0], [0, 0, 0, 5, 0, 0, 5, 0, 0, 0, 0, 0, 0], [0, 0, 0, 5, 0, 0, 5, 0, 0, 0, 0, 0, 0], [0, 0, 0, 5, 0, 0, 5, 0, 0, 0, 0, 0, 0], [0, 0, 0, 5, 5, 5, 5, 0, 0, 0, 0, 0, 0], [0, 0, 0, 0, 0, 0, 0, 0, 0, 0, 0, 0, 0]]}, {"input": [[0, 0, 0, 0, 0, 0, 0, 0, 0, 0, 0, 0, 0, 0, 0], [0, 0, 0, 0, 0, 0, 5, 5, 5, 5, 5, 0, 0, 0, 0], [0, 0, 5, 5, 5, 5, 5, 5, 5, 5, 5, 5, 0, 0, 0], [0, 0, 5, 1, 1, 5, 5, 5, 8, 8, 8, 5, 0, 0, 0], [0, 0, 5, 1, 1, 5, 5, 5, 8, 8, 8, 5, 0, 0, 0], [0, 0, 5, 5, 5, 5, 5, 5, 8, 8, 8, 5, 0, 0, 0], [0, 0, 0, 5, 6, 6, 5, 5, 8, 8, 8, 5, 0, 0, 0], [0, 0, 0, 5, 6, 6, 5, 5, 8, 8, 8, 5, 0, 0, 0], [0, 0, 5, 5, 5, 5, 5, 5, 5, 5, 5, 5, 0, 0, 0], [0, 0, 5, 8, 8, 8, 8, 5, 5, 0, 0, 0, 0, 0, 0], [0, 0, 5, 8, 8, 8, 8, 5, 0, 0, 0, 0, 0, 0, 0], [0, 0, 5, 5, 5, 5, 5, 5, 0, 0, 0, 0, 0, 0, 0], [0, 0, 0, 0, 0, 0, 0, 0, 0, 0, 0, 0, 0, 0, 0], [0, 0, 0, 0, 0, 0, 0, 0, 0, 0, 0, 0, 0, 0, 0]], "output": [[0, 0, 0, 0, 0, 0, 0, 0, 0, 0, 0, 0, 0, 0, 0], [0, 0, 0, 0, 0, 0, 5, 5, 5, 5, 5, 0, 0, 0, 0], [0, 0, 5, 5, 5, 5, 5, 5, 5, 5, 5, 5, 0, 0, 0], [0, 0, 5, 0, 0, 5, 5, 5, 0, 0, 0, 5, 0, 0, 0], [0, 0, 5, 0, 0, 5, 5, 5, 0, 0, 0, 5, 0, 0, 0], [0, 0, 5, 5, 5, 5, 5, 5, 0, 0, 0, 5, 0, 0, 0], [0, 0, 0, 5, 0, 0, 5, 5, 0, 0, 0, 5, 0, 0, 0], [0, 0, 0, 5, 0, 0, 5, 5, 0, 0, 0, 5, 0, 0, 0], [0, 0, 5, 5, 5, 5, 5, 5, 5, 5, 5, 5, 0, 0, 0], [0, 0, 5, 0, 0, 0, 0, 5, 5, 0, 0, 0, 0, 0, 0], [0, 0, 5, 0, 0, 0, 0, 5, 0, 0, 0, 0, 0, 0, 0], [0, 0, 5, 5, 5, 5, 5, 5, 0, 0, 0, 0, 0, 0, 0], [0, 0, 0, 0, 0, 0, 0, 0, 0, 0, 0, 0, 0, 0, 0], [0, 0, 0, 0, 0, 0, 0, 0, 0, 0, 0, 0, 0, 0, 0]]}, {"input": [[0, 0, 0, 0, 0, 0, 0, 0, 0, 0], [0, 0, 0, 0, 0, 0, 0, 0, 0, 0], [0, 0, 0, 5, 5, 5, 5, 5, 5, 0], [5, 5, 5, 5, 6, 6, 6, 6, 5, 0], [5, 5, 6, 5, 6, 6, 6, 6, 5, 0], [5, 5, 6, 5, 6, 6, 6, 6, 5, 0], [5, 5, 6, 5, 6, 6, 6, 6, 5, 0], [5, 5, 6, 5, 6, 6, 6, 6, 5, 0], [5, 5, 5, 5, 5, 5, 5, 5, 5, 0], [5, 5, 5, 5, 5, 0, 0, 0, 0, 0], [0, 0, 0, 0, 0, 0, 0, 0, 0, 0]], "output": [[0, 0, 0, 0, 0, 0, 0, 0, 0, 0], [0, 0, 0, 0, 0, 0, 0, 0, 0, 0], [0, 0, 0, 5, 5, 5, 5, 5, 5, 0], [5, 5, 5, 5, 0, 0, 0, 0, 5, 0], [5, 5, 0, 5, 0, 0, 0, 0, 5, 0], [5, 5, 0, 5, 0, 0, 0, 0, 5, 0], [5, 5, 0, 5, 0, 0, 0, 0, 5, 0], [5, 5, 0, 5, 0, 0, 0, 0, 5, 0], [5, 5, 5, 5, 5, 5, 5, 5, 5, 0], [5, 5, 5, 5, 5, 0, 0, 0, 0, 0], [0, 0, 0, 0, 0, 0, 0, 0, 0, 0]]}, {"input": [[0, 0, 0, 0, 0, 0, 0, 0, 0, 0, 0, 0, 0, 0, 0, 0, 0, 0], [0, 0, 5, 5, 5, 5, 5, 0, 0, 0, 0, 0, 0, 0, 0, 0, 0, 0], [0, 0, 5, 1, 1, 1, 5, 0, 0, 0, 0, 0, 0, 0, 0, 0, 0, 0], [0, 0, 5, 1, 1, 1, 5, 0, 0, 0, 0, 0, 0, 0, 0, 0, 0, 0], [0, 0, 5, 5, 5, 5, 5, 0, 0, 0, 0, 0, 0, 0, 0, 0, 0, 0], [0, 0, 0, 0, 0, 0, 0, 0, 0, 0, 0, 0, 0, 0, 0, 0, 0, 0], [5, 5, 5, 5, 0, 0, 0, 0, 5, 5, 5, 5, 0, 0, 0, 0, 0, 0], [5, 8, 8, 5, 0, 0, 0, 0, 5, 3, 3, 5, 0, 0, 0, 0, 0, 0], [5, 8, 8, 5, 0, 0, 0, 0, 5, 3, 3, 5, 0, 0, 0, 0, 0, 0], [5, 8, 8, 5, 0, 0, 0, 0, 5, 5, 5, 5, 0, 0, 0, 0, 0, 0], [5, 5, 5, 5, 0, 0, 0, 0, 0, 0, 0, 0, 0, 0, 0, 0, 0, 0], [0, 0, 0, 0, 0, 0, 0, 0, 0, 0, 0, 0, 0, 0, 0, 0, 0, 0]], "output": [[0, 0, 0, 0, 0, 0, 0, 0, 0, 0, 0, 0, 0, 0, 0, 0, 0, 0], [0, 0, 5, 5, 5, 5, 5, 0, 0, 0, 0, 0, 0, 0, 0, 0, 0, 0], [0, 0, 5, 0, 0, 0, 5, 0, 0, 0, 0, 0, 0, 0, 0, 0, 0, 0], [0, 0, 5, 0, 0, 0, 5, 0, 0, 0, 0, 0, 0, 0, 0, 0, 0, 0], [0, 0, 5, 5, 5, 5, 5, 0, 0, 0, 0, 0, 0, 0, 0, 0, 0, 0], [0, 0, 0, 0, 0, 0, 0, 0, 0, 0, 0, 0, 0, 0, 0, 0, 0, 0], [5, 5, 5, 5, 0, 0, 0, 0, 5, 5, 5, 5, 0, 0, 0, 0, 0, 0], [5, 0, 0, 5, 0, 0, 0, 0, 5, 0, 0, 5, 0, 0, 0, 0, 0, 0], [5, 0, 0, 5, 0, 0, 0, 0, 5, 0, 0, 5, 0, 0, 0, 0, 0, 0], [5, 0, 0, 5, 0, 0, 0, 0, 5, 5, 5, 5, 0, 0, 0, 0, 0, 0], [5, 5, 5, 5, 0, 0, 0, 0, 0, 0, 0, 0, 0, 0, 0, 0, 0, 0], [0, 0, 0, 0, 0, 0, 0, 0, 0, 0, 0, 0, 0, 0, 0, 0, 0, 0]]}], "test": [{"input": [[0, 0, 0, 0, 0, 0, 0, 0, 0, 0, 0, 0, 0, 0, 0, 0, 0, 0], [5, 5, 5, 5, 5, 5, 5, 5, 5, 5, 0, 0, 0, 0, 0, 0, 0, 0], [5, 8, 8, 5, 5, 3, 3, 3, 3, 5, 0, 0, 0, 0, 0, 0, 0, 0], [5, 8, 8, 5, 5, 3, 3, 3, 3, 5, 0, 0, 0, 0, 0, 0, 0, 0], [5, 8, 8, 5, 5, 5, 5, 5, 5, 5, 0, 0, 0, 0, 0, 0, 0, 0], [5, 8, 8, 5, 5, 5, 5, 5, 0, 0, 0, 0, 0, 0, 0, 0, 0, 0], [5, 8, 8, 5, 6, 6, 6, 5, 0, 0, 0, 0, 0, 0, 0, 0, 0, 0], [5, 5, 5, 5, 6, 6, 6, 5, 0, 0, 0, 0, 0, 0, 0, 0, 0, 0], [0, 0, 0, 5, 5, 5, 5, 5, 0, 0, 0, 0, 0, 0, 0, 0, 0, 0], [0, 0, 0, 0, 0, 0, 0, 0, 0, 0, 0, 0, 0, 0, 0, 0, 0, 0], [0, 0, 0, 0, 0, 0, 0, 0, 0, 0, 0, 0, 0, 0, 0, 0, 0, 0], [0, 0, 0, 0, 0, 0, 0, 0, 0, 0, 0, 0, 0, 0, 0, 0, 0, 0], [0, 0, 0, 0, 0, 0, 0, 0, 0, 0, 0, 0, 0, 0, 0, 0, 0, 0], [0, 0, 0, 0, 0, 0, 0, 0, 0, 0, 0, 0, 0, 0, 0, 0, 0, 0], [0, 0, 0, 0, 0, 0, 0, 0, 0, 0, 0, 0, 0, 0, 0, 0, 0, 0]], "output": [[0, 0, 0, 0, 0, 0, 0, 0, 0, 0, 0, 0, 0, 0, 0, 0, 0, 0], [5, 5, 5, 5, 5, 5, 5, 5, 5, 5, 0, 0, 0, 0, 0, 0, 0, 0], [5, 0, 0, 5, 5, 0, 0, 0, 0, 5, 0, 0, 0, 0, 0, 0, 0, 0], [5, 0, 0, 5, 5, 0, 0, 0, 0, 5, 0, 0, 0, 0, 0, 0, 0, 0], [5, 0, 0, 5, 5, 5, 5, 5, 5, 5, 0, 0, 0, 0, 0, 0, 0, 0], [5, 0, 0, 5, 5, 5, 5, 5, 0, 0, 0, 0, 0, 0, 0, 0, 0, 0], [5, 0, 0, 5, 0, 0, 0, 5, 0, 0, 0, 0, 0, 0, 0, 0, 0, 0], [5, 5, 5, 5, 0, 0, 0, 5, 0, 0, 0, 0, 0, 0, 0, 0, 0, 0], [0, 0, 0, 5, 5, 5, 5, 5, 0, 0, 0, 0, 0, 0, 0, 0, 0, 0], [0, 0, 0, 0, 0, 0, 0, 0, 0, 0, 0, 0, 0, 0, 0, 0, 0, 0], [0, 0, 0, 0, 0, 0, 0, 0, 0, 0, 0, 0, 0, 0, 0, 0, 0, 0], [0, 0, 0, 0, 0, 0, 0, 0, 0, 0, 0, 0, 0, 0, 0, 0, 0, 0], [0, 0, 0, 0, 0, 0, 0, 0, 0, 0, 0, 0, 0, 0, 0, 0, 0, 0], [0, 0, 0, 0, 0, 0, 0, 0, 0, 0, 0, 0, 0, 0, 0, 0, 0, 0], [0, 0, 0, 0, 0, 0, 0, 0, 0, 0, 0, 0, 0, 0, 0, 0, 0, 0]]}, {"input": [[0, 5, 5, 5, 5, 5, 5, 5, 5, 0, 0, 0, 0, 0, 0, 0, 0, 0, 0], [0, 5, 5, 5, 5, 5, 5, 5, 5, 0, 0, 0, 0, 5, 5, 5, 5, 5, 0], [0, 5, 5, 6, 6, 6, 6, 5, 5, 0, 0, 0, 0, 5, 7, 7, 7, 5, 0], [0, 5, 5, 6, 6, 6, 6, 5, 5, 0, 0, 0, 0, 5, 7, 7, 7, 5, 0], [0, 5, 5, 5, 5, 5, 5, 5, 5, 0, 0, 0, 0, 5, 7, 7, 7, 5, 0], [0, 5, 1, 5, 6, 6, 6, 5, 0, 0, 0, 0, 0, 5, 7, 7, 7, 5, 0], [0, 5, 5, 5, 6, 6, 6, 5, 0, 0, 0, 0, 0, 5, 5, 5, 5, 5, 0], [0, 0, 0, 5, 6, 6, 6, 5, 0, 0, 0, 0, 0, 0, 0, 0, 0, 0, 0], [0, 0, 0, 5, 6, 6, 6, 5, 0, 0, 0, 0, 0, 0, 0, 0, 0, 0, 0], [0, 0, 0, 5, 6, 6, 6, 5, 0, 0, 0, 0, 0, 0, 0, 0, 0, 0, 0], [0, 0, 0, 5, 5, 5, 5, 5, 0, 0, 0, 0, 0, 0, 0, 0, 0, 0, 0], [0, 0, 0, 0, 0, 0, 0, 0, 0, 0, 0, 0, 0, 0, 0, 0, 0, 0, 0], [0, 0, 0, 0, 0, 0, 0, 0, 0, 0, 0, 0, 0, 0, 0, 0, 0, 0, 0]], "output": [[0, 5, 5, 5, 5, 5, 5, 5, 5, 0, 0, 0, 0, 0, 0, 0, 0, 0, 0], [0, 5, 5, 5, 5, 5, 5, 5, 5, 0, 0, 0, 0, 5, 5, 5, 5, 5, 0], [0, 5, 5, 0, 0, 0, 0, 5, 5, 0, 0, 0, 0, 5, 0, 0, 0, 5, 0], [0, 5, 5, 0, 0, 0, 0, 5, 5, 0, 0, 0, 0, 5, 0, 0, 0, 5, 0], [0, 5, 5, 5, 5, 5, 5, 5, 5, 0, 0, 0, 0, 5, 0, 0, 0, 5, 0], [0, 5, 0, 5, 0, 0, 0, 5, 0, 0, 0, 0, 0, 5, 0, 0, 0, 5, 0], [0, 5, 5, 5, 0, 0, 0, 5, 0, 0, 0, 0, 0, 5, 5, 5, 5, 5, 0], [0, 0, 0, 5, 0, 0, 0, 5, 0, 0, 0, 0, 0, 0, 0, 0, 0, 0, 0], [0, 0, 0, 5, 0, 0, 0, 5, 0, 0, 0, 0, 0, 0, 0, 0, 0, 0, 0], [0, 0, 0, 5, 0, 0, 0, 5, 0, 0, 0, 0, 0, 0, 0, 0, 0, 0, 0], [0, 0, 0, 5, 5, 5, 5, 5, 0, 0, 0, 0, 0, 0, 0, 0, 0, 0, 0], [0, 0, 0, 0, 0, 0, 0, 0, 0, 0, 0, 0, 0, 0, 0, 0, 0, 0, 0], [0, 0, 0, 0, 0, 0, 0, 0, 0, 0, 0, 0, 0, 0, 0, 0, 0, 0, 0]]}, {"input": [[0, 0, 0, 0, 0, 0, 0, 0, 0, 0, 0, 0, 0, 0, 0, 0], [0, 0, 0, 0, 0, 0, 0, 0, 0, 0, 0, 0, 0, 0, 0, 0], [0, 0, 0, 0, 0, 0, 0, 0, 0, 0, 0, 0, 0, 0, 0, 0], [0, 0, 0, 0, 0, 0, 0, 5, 5, 5, 5, 0, 0, 0, 0, 0], [0, 0, 0, 0, 0, 0, 0, 5, 6, 6, 5, 0, 0, 0, 0, 0], [0, 0, 0, 0, 0, 0, 0, 5, 6, 6, 5, 0, 0, 0, 0, 0], [0, 0, 0, 0, 5, 5, 5, 5, 6, 6, 5, 0, 0, 0, 0, 0], [0, 5, 5, 5, 5, 5, 2, 5, 5, 5, 5, 0, 0, 0, 0, 0], [0, 5, 3, 3, 3, 5, 2, 2, 2, 2, 5, 0, 0, 0, 0, 0], [0, 5, 3, 3, 5, 5, 5, 5, 5, 5, 5, 0, 0, 0, 0, 0], [0, 5, 5, 5, 5, 2, 2, 2, 2, 2, 5, 0, 0, 0, 0, 0], [0, 0, 0, 5, 5, 2, 2, 2, 2, 2, 5, 0, 0, 0, 0, 0], [0, 0, 0, 5, 5, 5, 5, 5, 5, 5, 5, 0, 0, 0, 0, 0], [0, 0, 0, 5, 5, 5, 5, 0, 0, 0, 0, 0, 0, 0, 0, 0], [0, 0, 0, 0, 0, 0, 0, 0, 0, 0, 0, 0, 0, 0, 0, 0]], "output": [[0, 0, 0, 0, 0, 0, 0, 0, 0, 0, 0, 0, 0, 0, 0, 0], [0, 0, 0, 0, 0, 0, 0, 0, 0, 0, 0, 0, 0, 0, 0, 0], [0, 0, 0, 0, 0, 0, 0, 0, 0, 0, 0, 0, 0, 0, 0, 0], [0, 0, 0, 0, 0, 0, 0, 5, 5, 5, 5, 0, 0, 0, 0, 0], [0, 0, 0, 0, 0, 0, 0, 5, 0, 0, 5, 0, 0, 0, 0, 0], [0, 0, 0, 0, 0, 0, 0, 5, 0, 0, 5, 0, 0, 0, 0, 0], [0, 0, 0, 0, 5, 5, 5, 5, 0, 0, 5, 0, 0, 0, 0, 0], [0, 5, 5, 5, 5, 5, 0, 5, 5, 5, 5, 0, 0, 0, 0, 0], [0, 5, 0, 0, 0, 5, 0, 0, 0, 0, 5, 0, 0, 0, 0, 0], [0, 5, 0, 0, 5, 5, 5, 5, 5, 5, 5, 0, 0, 0, 0, 0], [0, 5, 5, 5, 5, 0, 0, 0, 0, 0, 5, 0, 0, 0, 0, 0], [0, 0, 0, 5, 5, 0, 0, 0, 0, 0, 5, 0, 0, 0, 0, 0], [0, 0, 0, 5, 5, 5, 5, 5, 5, 5, 5, 0, 0, 0, 0, 0], [0, 0, 0, 5, 5, 5, 5, 0, 0, 0, 0, 0, 0, 0, 0, 0], [0, 0, 0, 0, 0, 0, 0, 0, 0, 0, 0, 0, 0, 0, 0, 0]]}]}