{"train": [{"input": [[0, 0, 0, 0, 0, 0, 0, 0, 0, 0, 0, 0], [0, 0, 0, 0, 0, 0, 0, 0, 0, 0, 0, 0], [0, 0, 0, 0, 0, 1, 0, 0, 0, 0, 0, 0], [0, 0, 0, 0, 0, 0, 0, 0, 0, 0, 0, 0], [0, 0, 1, 0, 0, 0, 2, 0, 0, 0, 0, 0], [0, 0, 0, 3, 0, 0, 0, 0, 0, 2, 0, 0], [0, 0, 0, 0, 3, 0, 0, 0, 1, 0, 2, 0], [0, 0, 0, 0, 0, 0, 0, 0, 0, 0, 0, 0]], "output": [[4, 4, 4, 4, 4, 4, 4, 4, 4, 4, 4, 4], [4, 4, 4, 4, 4, 4, 4, 4, 4, 4, 4, 4], [4, 4, 4, 4, 4, 4, 4, 4, 4, 4, 4, 4], [4, 4, 4, 4, 4, 4, 4, 4, 4, 4, 4, 4], [4, 4, 4, 4, 4, 4, 2, 4, 4, 4, 4, 4], [4, 4, 4, 3, 4, 4, 4, 4, 4, 2, 4, 4], [4, 4, 4, 4, 3, 4, 4, 4, 4, 4, 2, 4], [4, 4, 4, 4, 4, 4, 4, 4, 4, 4, 4, 4]]}, {"input": [[0, 0, 0, 0, 0, 0, 0, 0, 2, 2], [0, 0, 0, 1, 0, 0, 3, 0, 0, 0], [0, 0, 1, 2, 0, 0, 0, 0, 0, 0], [0, 1, 0, 0, 0, 0, 0, 0, 0, 0], [0, 0, 0, 0, 0, 0, 0, 0, 2, 0], [2, 0, 0, 0, 0, 0, 2, 0, 0, 0], [0, 0, 0, 0, 0, 0, 0, 0, 3, 0]], "output": [[6, 6, 6, 6, 6, 6, 6, 6, 2, 2], [6, 6, 6, 6, 6, 6, 3, 6, 6, 6], [6, 6, 6, 2, 6, 6, 6, 6, 6, 6], [6, 6, 6, 6, 6, 6, 6, 6, 6, 6], [6, 6, 6, 6, 6, 6, 6, 6, 2, 6], [2, 6, 6, 6, 6, 6, 2, 6, 6, 6], [6, 6, 6, 6, 6, 6, 6, 6, 3, 6]]}, {"input": [[0, 0, 0, 1, 0, 0, 0, 0, 0, 0, 0], [0, 0, 2, 0, 0, 0, 0, 0, 0, 2, 0], [0, 0, 2, 0, 0, 0, 0, 2, 0, 0, 0], [0, 0, 0, 0, 0, 0, 0, 0, 0, 0, 0], [0, 0, 0, 0, 0, 0, 0, 0, 0, 0, 0], [0, 3, 0, 0, 0, 0, 0, 1, 0, 0, 0], [0, 0, 0, 0, 3, 0, 0, 3, 0, 0, 0]], "output": [[6, 6, 6, 6, 6, 6, 6, 6, 6, 6, 6], [6, 6, 2, 6, 6, 6, 6, 6, 6, 2, 6], [6, 6, 2, 6, 6, 6, 6, 2, 6, 6, 6], [6, 6, 6, 6, 6, 6, 6, 6, 6, 6, 6], [6, 6, 6, 6, 6, 6, 6, 6, 6, 6, 6], [6, 3, 6, 6, 6, 6, 6, 6, 6, 6, 6], [6, 6, 6, 6, 3, 6, 6, 3, 6, 6, 6]]}, {"input": [[0, 0, 0, 0, 0, 0, 0, 0, 0], [0, 0, 0, 0, 0, 0, 0, 0, 0], [0, 0, 0, 0, 0, 0, 0, 0, 0], [1, 0, 0, 0, 0, 0, 0, 0, 0], [3, 0, 3, 0, 0, 2, 0, 0, 0], [0, 0, 0, 0, 0, 0, 0, 2, 2], [0, 0, 0, 0, 0, 3, 0, 0, 0], [0, 0, 0, 0, 0, 0, 0, 0, 0], [3, 0, 0, 0, 1, 0, 0, 0, 0]], "output": [[1, 1, 1, 1, 1, 1, 1, 1, 1], [1, 1, 1, 1, 1, 1, 1, 1, 1], [1, 1, 1, 1, 1, 1, 1, 1, 1], [1, 1, 1, 1, 1, 1, 1, 1, 1], [3, 1, 3, 1, 1, 2, 1, 1, 1], [1, 1, 1, 1, 1, 1, 1, 2, 2], [1, 1, 1, 1, 1, 3, 1, 1, 1], [1, 1, 1, 1, 1, 1, 1, 1, 1], [3, 1, 1, 1, 1, 1, 1, 1, 1]]}, {"input": [[0, 0, 0, 0, 0, 0, 0, 0, 0], [0, 0, 0, 0, 0, 0, 0, 0, 0], [0, 0, 0, 0, 0, 0, 0, 0, 0], [0, 0, 0, 0, 0, 0, 0, 0, 0], [0, 0, 3, 0, 0, 0, 0, 2, 0], [0, 0, 3, 0, 0, 2, 0, 0, 0], [0, 0, 0, 0, 0, 0, 0, 0, 0], [0, 0, 0, 0, 0, 0, 0, 0, 0], [0, 0, 0, 0, 0, 0, 0, 0, 0], [0, 0, 0, 0, 0, 0, 0, 0, 0], [0, 0, 0, 0, 0, 0, 0, 0, 0], [0, 0, 3, 0, 1, 3, 0, 0, 0]], "output": [[6, 6, 6, 6, 6, 6, 6, 6, 6], [6, 6, 6, 6, 6, 6, 6, 6, 6], [6, 6, 6, 6, 6, 6, 6, 6, 6], [6, 6, 6, 6, 6, 6, 6, 6, 6], [6, 6, 3, 6, 6, 6, 6, 2, 6], [6, 6, 3, 6, 6, 2, 6, 6, 6], [6, 6, 6, 6, 6, 6, 6, 6, 6], [6, 6, 6, 6, 6, 6, 6, 6, 6], [6, 6, 6, 6, 6, 6, 6, 6, 6], [6, 6, 6, 6, 6, 6, 6, 6, 6], [6, 6, 6, 6, 6, 6, 6, 6, 6], [6, 6, 3, 6, 1, 3, 6, 6, 6]]}, {"input": [[0, 0, 0, 0, 0, 0, 0, 0, 0, 0], [0, 0, 0, 0, 2, 0, 0, 0, 0, 0], [0, 0, 0, 0, 0, 0, 0, 0, 0, 0], [0, 0, 0, 0, 0, 0, 0, 0, 0, 0], [1, 0, 0, 0, 0, 0, 0, 0, 0, 0], [0, 0, 0, 0, 0, 0, 0, 0, 2, 0], [0, 0, 0, 0, 0, 0, 0, 0, 0, 0], [0, 0, 0, 0, 0, 0, 0, 0, 0, 0], [0, 0, 0, 0, 0, 0, 0, 0, 0, 0], [0, 0, 0, 2, 0, 0, 0, 0, 0, 0], [0, 0, 0, 3, 0, 0, 0, 0, 0, 0], [0, 0, 0, 0, 0, 0, 0, 0, 0, 0], [0, 0, 0, 0, 0, 0, 0, 0, 0, 0], [0, 0, 0, 0, 0, 0, 0, 0, 0, 0]], "output": [[6, 6, 6, 6, 6, 6, 6, 6, 6, 6], [6, 6, 6, 6, 2, 6, 6, 6, 6, 6], [6, 6, 6, 6, 6, 6, 6, 6, 6, 6], [6, 6, 6, 6, 6, 6, 6, 6, 6, 6], [6, 6, 6, 6, 6, 6, 6, 6, 6, 6], [6, 6, 6, 6, 6, 6, 6, 6, 2, 6], [6, 6, 6, 6, 6, 6, 6, 6, 6, 6], [6, 6, 6, 6, 6, 6, 6, 6, 6, 6], [6, 6, 6, 6, 6, 6, 6, 6, 6, 6], [6, 6, 6, 2, 6, 6, 6, 6, 6, 6], [6, 6, 6, 3, 6, 6, 6, 6, 6, 6], [6, 6, 6, 6, 6, 6, 6, 6, 6, 6], [6, 6, 6, 6, 6, 6, 6, 6, 6, 6], [6, 6, 6, 6, 6, 6, 6, 6, 6, 6]]}, {"input": [[0, 3, 0, 0, 0, 0, 0, 0, 0, 0, 0], [0, 0, 2, 0, 0, 0, 0, 0, 0, 0, 0], [3, 0, 0, 0, 1, 0, 0, 0, 0, 0, 0], [0, 0, 0, 0, 0, 2, 0, 0, 0, 2, 1], [1, 0, 0, 0, 1, 0, 0, 0, 0, 0, 3], [0, 3, 0, 0, 0, 0, 0, 0, 0, 0, 0]], "output": [[6, 3, 6, 6, 6, 6, 6, 6, 6, 6, 6], [6, 6, 2, 6, 6, 6, 6, 6, 6, 6, 6], [3, 6, 6, 6, 6, 6, 6, 6, 6, 6, 6], [6, 6, 6, 6, 6, 2, 6, 6, 6, 2, 6], [6, 6, 6, 6, 6, 6, 6, 6, 6, 6, 3], [6, 3, 6, 6, 6, 6, 6, 6, 6, 6, 6]]}, {"input": [[0, 0, 2, 1, 0, 0, 3, 0, 1, 0, 0, 0, 0], [0, 0, 0, 0, 0, 0, 0, 0, 0, 3, 0, 0, 0], [0, 0, 0, 0, 0, 0, 0, 0, 3, 0, 0, 0, 0], [0, 0, 2, 0, 0, 2, 0, 0, 0, 3, 0, 0, 0], [0, 0, 0, 0, 0, 0, 0, 0, 0, 0, 0, 2, 0], [0, 0, 0, 0, 0, 0, 0, 0, 0, 0, 3, 0, 2], [0, 0, 0, 0, 0, 0, 0, 0, 0, 0, 0, 0, 0], [0, 0, 0, 0, 0, 0, 0, 0, 0, 0, 0, 0, 0], [0, 0, 0, 0, 0, 0, 0, 0, 0, 0, 0, 0, 0], [0, 0, 1, 0, 0, 0, 0, 2, 0, 0, 0, 0, 0], [0, 0, 0, 0, 0, 0, 0, 0, 0, 0, 0, 0, 0], [0, 0, 0, 0, 0, 0, 0, 0, 0, 0, 0, 0, 0], [0, 0, 0, 0, 0, 0, 0, 0, 0, 0, 0, 0, 0]], "output": [[4, 4, 2, 4, 4, 4, 3, 4, 4, 4, 4, 4, 4], [4, 4, 4, 4, 4, 4, 4, 4, 4, 3, 4, 4, 4], [4, 4, 4, 4, 4, 4, 4, 4, 3, 4, 4, 4, 4], [4, 4, 2, 4, 4, 2, 4, 4, 4, 3, 4, 4, 4], [4, 4, 4, 4, 4, 4, 4, 4, 4, 4, 4, 2, 4], [4, 4, 4, 4, 4, 4, 4, 4, 4, 4, 3, 4, 2], [4, 4, 4, 4, 4, 4, 4, 4, 4, 4, 4, 4, 4], [4, 4, 4, 4, 4, 4, 4, 4, 4, 4, 4, 4, 4], [4, 4, 4, 4, 4, 4, 4, 4, 4, 4, 4, 4, 4], [4, 4, 4, 4, 4, 4, 4, 2, 4, 4, 4, 4, 4], [4, 4, 4, 4, 4, 4, 4, 4, 4, 4, 4, 4, 4], [4, 4, 4, 4, 4, 4, 4, 4, 4, 4, 4, 4, 4], [4, 4, 4, 4, 4, 4, 4, 4, 4, 4, 4, 4, 4]]}, {"input": [[0, 0, 0, 0, 0, 0, 0], [0, 0, 0, 0, 0, 0, 0], [0, 0, 0, 0, 0, 0, 0], [0, 2, 0, 0, 0, 0, 0], [0, 0, 0, 0, 0, 1, 0], [0, 0, 0, 3, 1, 1, 0], [0, 0, 0, 0, 0, 0, 0], [0, 0, 0, 0, 0, 0, 0], [0, 1, 3, 0, 0, 0, 0], [1, 3, 0, 0, 0, 0, 0]], "output": [[6, 6, 6, 6, 6, 6, 6], [6, 6, 6, 6, 6, 6, 6], [6, 6, 6, 6, 6, 6, 6], [6, 2, 6, 6, 6, 6, 6], [6, 6, 6, 6, 6, 6, 6], [6, 6, 6, 3, 6, 6, 6], [6, 6, 6, 6, 6, 6, 6], [6, 6, 6, 6, 6, 6, 6], [6, 6, 3, 6, 6, 6, 6], [6, 3, 6, 6, 6, 6, 6]]}, {"input": [[0, 0, 3, 0, 0, 0], [0, 0, 0, 0, 0, 3], [2, 0, 0, 3, 0, 3], [0, 0, 2, 0, 0, 0], [2, 0, 0, 0, 0, 0], [0, 0, 0, 0, 0, 0], [2, 0, 0, 0, 0, 0], [0, 1, 3, 0, 0, 1], [0, 2, 0, 0, 0, 0]], "output": [[1, 1, 3, 1, 1, 1], [1, 1, 1, 1, 1, 3], [2, 1, 1, 3, 1, 3], [1, 1, 2, 1, 1, 1], [2, 1, 1, 1, 1, 1], [1, 1, 1, 1, 1, 1], [2, 1, 1, 1, 1, 1], [1, 1, 3, 1, 1, 1], [1, 2, 1, 1, 1, 1]]}, {"input": [[0, 0, 0, 0, 0, 0], [0, 0, 0, 0, 0, 0], [0, 0, 3, 1, 0, 0], [0, 0, 0, 0, 0, 0], [0, 0, 0, 1, 0, 0], [0, 0, 0, 0, 0, 0], [0, 0, 0, 0, 0, 3], [0, 0, 0, 0, 0, 0], [0, 2, 0, 0, 0, 0], [0, 0, 3, 0, 0, 0], [0, 0, 0, 0, 0, 0], [0, 0, 0, 0, 0, 0], [0, 2, 1, 0, 0, 0], [0, 0, 0, 0, 0, 0]], "output": [[1, 1, 1, 1, 1, 1], [1, 1, 1, 1, 1, 1], [1, 1, 3, 1, 1, 1], [1, 1, 1, 1, 1, 1], [1, 1, 1, 1, 1, 1], [1, 1, 1, 1, 1, 1], [1, 1, 1, 1, 1, 3], [1, 1, 1, 1, 1, 1], [1, 2, 1, 1, 1, 1], [1, 1, 3, 1, 1, 1], [1, 1, 1, 1, 1, 1], [1, 1, 1, 1, 1, 1], [1, 2, 1, 1, 1, 1], [1, 1, 1, 1, 1, 1]]}, {"input": [[0, 1, 0, 0, 0, 0, 0, 0, 0, 0, 0, 0, 0, 0], [0, 2, 2, 0, 0, 0, 0, 0, 0, 0, 0, 0, 0, 0], [0, 0, 0, 0, 0, 0, 0, 0, 0, 0, 0, 0, 2, 0], [0, 2, 0, 0, 0, 2, 0, 0, 0, 0, 0, 0, 2, 0], [0, 0, 0, 0, 0, 0, 0, 0, 0, 0, 0, 0, 0, 0], [0, 2, 0, 0, 0, 0, 0, 0, 0, 0, 1, 1, 0, 0]], "output": [[1, 1, 1, 1, 1, 1, 1, 1, 1, 1, 1, 1, 1, 1], [1, 2, 2, 1, 1, 1, 1, 1, 1, 1, 1, 1, 1, 1], [1, 1, 1, 1, 1, 1, 1, 1, 1, 1, 1, 1, 2, 1], [1, 2, 1, 1, 1, 2, 1, 1, 1, 1, 1, 1, 2, 1], [1, 1, 1, 1, 1, 1, 1, 1, 1, 1, 1, 1, 1, 1], [1, 2, 1, 1, 1, 1, 1, 1, 1, 1, 1, 1, 1, 1]]}, {"input": [[0, 1, 0, 0, 0, 0, 2], [0, 3, 0, 0, 0, 0, 0], [0, 0, 2, 0, 0, 0, 1], [0, 0, 0, 0, 0, 0, 0], [0, 0, 1, 0, 2, 0, 0]], "output": [[4, 4, 4, 4, 4, 4, 2], [4, 3, 4, 4, 4, 4, 4], [4, 4, 2, 4, 4, 4, 4], [4, 4, 4, 4, 4, 4, 4], [4, 4, 4, 4, 2, 4, 4]]}, {"input": [[0, 0, 0, 0, 0, 0], [0, 0, 0, 0, 0, 0], [0, 0, 0, 0, 0, 0], [0, 0, 0, 0, 0, 2], [0, 0, 0, 1, 0, 0], [2, 0, 0, 1, 0, 0], [0, 0, 3, 0, 0, 0], [0, 0, 0, 0, 0, 0], [0, 0, 0, 0, 0, 0], [2, 0, 0, 1, 0, 0], [0, 0, 0, 0, 0, 0], [0, 0, 0, 0, 0, 0], [2, 0, 0, 0, 0, 0], [0, 0, 0, 0, 0, 0]], "output": [[4, 4, 4, 4, 4, 4], [4, 4, 4, 4, 4, 4], [4, 4, 4, 4, 4, 4], [4, 4, 4, 4, 4, 2], [4, 4, 4, 4, 4, 4], [2, 4, 4, 4, 4, 4], [4, 4, 3, 4, 4, 4], [4, 4, 4, 4, 4, 4], [4, 4, 4, 4, 4, 4], [2, 4, 4, 4, 4, 4], [4, 4, 4, 4, 4, 4], [4, 4, 4, 4, 4, 4], [2, 4, 4, 4, 4, 4], [4, 4, 4, 4, 4, 4]]}, {"input": [[0, 0, 0, 0, 0, 1, 0, 0, 0, 0, 0, 0, 0], [1, 0, 0, 0, 0, 0, 0, 0, 1, 0, 0, 0, 0], [0, 0, 0, 0, 0, 0, 2, 0, 0, 0, 0, 0, 0], [0, 0, 0, 0, 0, 0, 2, 1, 0, 2, 0, 0, 0], [0, 0, 0, 0, 0, 0, 0, 0, 1, 0, 0, 0, 0], [0, 0, 0, 0, 0, 0, 0, 0, 0, 0, 3, 0, 0]], "output": [[6, 6, 6, 6, 6, 6, 6, 6, 6, 6, 6, 6, 6], [6, 6, 6, 6, 6, 6, 6, 6, 6, 6, 6, 6, 6], [6, 6, 6, 6, 6, 6, 2, 6, 6, 6, 6, 6, 6], [6, 6, 6, 6, 6, 6, 2, 6, 6, 2, 6, 6, 6], [6, 6, 6, 6, 6, 6, 6, 6, 6, 6, 6, 6, 6], [6, 6, 6, 6, 6, 6, 6, 6, 6, 6, 3, 6, 6]]}, {"input": [[0, 3, 3, 1, 1, 0], [0, 0, 3, 3, 0, 0], [0, 0, 3, 0, 0, 0], [0, 0, 0, 2, 0, 2], [1, 3, 0, 0, 0, 0], [0, 0, 0, 0, 0, 0], [0, 0, 0, 0, 0, 0], [3, 0, 0, 0, 0, 0], [0, 0, 0, 0, 0, 0], [0, 0, 0, 0, 0, 0], [0, 0, 2, 0, 0, 0], [0, 0, 0, 0, 0, 0]], "output": [[4, 3, 3, 4, 4, 4], [4, 4, 3, 3, 4, 4], [4, 4, 3, 4, 4, 4], [4, 4, 4, 2, 4, 2], [4, 3, 4, 4, 4, 4], [4, 4, 4, 4, 4, 4], [4, 4, 4, 4, 4, 4], [3, 4, 4, 4, 4, 4], [4, 4, 4, 4, 4, 4], [4, 4, 4, 4, 4, 4], [4, 4, 2, 4, 4, 4], [4, 4, 4, 4, 4, 4]]}, {"input": [[0, 0, 0, 2, 3, 0, 0], [0, 0, 2, 0, 1, 0, 0], [0, 1, 0, 0, 0, 0, 0], [0, 0, 0, 0, 3, 0, 0], [3, 0, 0, 0, 3, 1, 0]], "output": [[1, 1, 1, 2, 3, 1, 1], [1, 1, 2, 1, 1, 1, 1], [1, 1, 1, 1, 1, 1, 1], [1, 1, 1, 1, 3, 1, 1], [3, 1, 1, 1, 3, 1, 1]]}, {"input": [[2, 0, 0, 0, 0], [0, 0, 0, 3, 0], [0, 2, 0, 0, 0], [0, 0, 0, 0, 0], [0, 3, 0, 0, 0], [0, 0, 0, 0, 0], [0, 0, 0, 0, 0], [0, 0, 0, 0, 0], [2, 0, 0, 0, 0], [0, 0, 3, 0, 0], [2, 0, 0, 0, 0], [0, 0, 0, 0, 2], [0, 0, 0, 1, 0], [0, 1, 0, 0, 0]], "output": [[2, 1, 1, 1, 1], [1, 1, 1, 3, 1], [1, 2, 1, 1, 1], [1, 1, 1, 1, 1], [1, 3, 1, 1, 1], [1, 1, 1, 1, 1], [1, 1, 1, 1, 1], [1, 1, 1, 1, 1], [2, 1, 1, 1, 1], [1, 1, 3, 1, 1], [2, 1, 1, 1, 1], [1, 1, 1, 1, 2], [1, 1, 1, 1, 1], [1, 1, 1, 1, 1]]}, {"input": [[0, 3, 0, 0, 0, 0, 0, 0, 0, 0], [0, 0, 0, 0, 0, 0, 0, 0, 0, 0], [0, 0, 0, 0, 0, 0, 0, 0, 0, 0], [0, 0, 0, 0, 0, 1, 0, 0, 0, 0], [0, 0, 0, 0, 0, 0, 0, 0, 0, 0], [0, 0, 0, 2, 0, 0, 0, 0, 0, 0], [0, 1, 0, 0, 0, 0, 0, 0, 0, 0], [0, 1, 0, 0, 0, 0, 0, 0, 0, 0], [0, 0, 0, 0, 0, 0, 0, 0, 0, 0], [0, 0, 0, 0, 0, 3, 0, 0, 2, 0], [0, 0, 0, 0, 0, 0, 0, 0, 0, 0], [0, 0, 0, 0, 0, 0, 2, 0, 0, 0]], "output": [[4, 3, 4, 4, 4, 4, 4, 4, 4, 4], [4, 4, 4, 4, 4, 4, 4, 4, 4, 4], [4, 4, 4, 4, 4, 4, 4, 4, 4, 4], [4, 4, 4, 4, 4, 4, 4, 4, 4, 4], [4, 4, 4, 4, 4, 4, 4, 4, 4, 4], [4, 4, 4, 2, 4, 4, 4, 4, 4, 4], [4, 4, 4, 4, 4, 4, 4, 4, 4, 4], [4, 4, 4, 4, 4, 4, 4, 4, 4, 4], [4, 4, 4, 4, 4, 4, 4, 4, 4, 4], [4, 4, 4, 4, 4, 3, 4, 4, 2, 4], [4, 4, 4, 4, 4, 4, 4, 4, 4, 4], [4, 4, 4, 4, 4, 4, 2, 4, 4, 4]]}, {"input": [[0, 0, 0, 0, 0, 0, 0, 0, 0, 0, 0], [0, 0, 0, 0, 0, 0, 0, 0, 0, 0, 0], [0, 0, 0, 0, 2, 0, 0, 0, 2, 0, 0], [0, 0, 0, 0, 0, 0, 0, 0, 0, 0, 0], [0, 0, 0, 0, 0, 2, 1, 0, 0, 0, 3], [0, 0, 0, 0, 0, 0, 0, 0, 3, 0, 3], [0, 0, 0, 0, 0, 0, 0, 0, 0, 0, 0]], "output": [[6, 6, 6, 6, 6, 6, 6, 6, 6, 6, 6], [6, 6, 6, 6, 6, 6, 6, 6, 6, 6, 6], [6, 6, 6, 6, 2, 6, 6, 6, 2, 6, 6], [6, 6, 6, 6, 6, 6, 6, 6, 6, 6, 6], [6, 6, 6, 6, 6, 2, 1, 6, 6, 6, 3], [6, 6, 6, 6, 6, 6, 6, 6, 3, 6, 3], [6, 6, 6, 6, 6, 6, 6, 6, 6, 6, 6]]}, {"input": [[0, 0, 0, 0, 0, 0, 0, 0, 0, 0, 0], [0, 0, 0, 0, 0, 0, 0, 0, 0, 0, 0], [0, 0, 0, 0, 0, 0, 0, 0, 0, 0, 0], [0, 0, 0, 3, 0, 0, 0, 0, 0, 0, 0], [0, 1, 0, 0, 0, 0, 0, 0, 0, 0, 0], [0, 0, 0, 0, 0, 0, 0, 0, 0, 0, 0], [0, 0, 0, 0, 0, 1, 0, 0, 0, 3, 0], [0, 0, 0, 0, 0, 0, 0, 0, 0, 0, 0], [0, 0, 0, 0, 0, 0, 0, 0, 2, 0, 0], [0, 0, 0, 0, 0, 0, 0, 0, 0, 0, 0], [0, 0, 0, 0, 0, 0, 0, 0, 0, 0, 1]], "output": [[1, 1, 1, 1, 1, 1, 1, 1, 1, 1, 1], [1, 1, 1, 1, 1, 1, 1, 1, 1, 1, 1], [1, 1, 1, 1, 1, 1, 1, 1, 1, 1, 1], [1, 1, 1, 3, 1, 1, 1, 1, 1, 1, 1], [1, 1, 1, 1, 1, 1, 1, 1, 1, 1, 1], [1, 1, 1, 1, 1, 1, 1, 1, 1, 1, 1], [1, 1, 1, 1, 1, 1, 1, 1, 1, 3, 1], [1, 1, 1, 1, 1, 1, 1, 1, 1, 1, 1], [1, 1, 1, 1, 1, 1, 1, 1, 2, 1, 1], [1, 1, 1, 1, 1, 1, 1, 1, 1, 1, 1], [1, 1, 1, 1, 1, 1, 1, 1, 1, 1, 1]]}, {"input": [[0, 0, 0, 2, 0, 0, 0, 2, 3, 0, 0, 0, 0, 0], [0, 0, 0, 0, 3, 0, 0, 0, 0, 0, 0, 3, 3, 0], [0, 0, 0, 0, 0, 0, 0, 0, 0, 0, 0, 0, 0, 0], [0, 0, 0, 0, 2, 0, 0, 0, 0, 0, 0, 0, 0, 0], [0, 0, 0, 1, 0, 0, 0, 0, 0, 0, 2, 0, 0, 0], [0, 0, 0, 0, 0, 0, 0, 0, 0, 0, 0, 0, 0, 0], [0, 0, 0, 0, 0, 0, 0, 0, 0, 0, 0, 0, 0, 0], [0, 0, 0, 0, 0, 0, 0, 0, 0, 0, 0, 0, 0, 0], [0, 0, 0, 0, 0, 0, 0, 0, 0, 0, 0, 0, 0, 0], [0, 0, 0, 0, 0, 0, 0, 0, 0, 0, 0, 0, 0, 0], [0, 0, 0, 0, 0, 0, 1, 0, 0, 0, 0, 0, 0, 0]], "output": [[1, 1, 1, 2, 1, 1, 1, 2, 3, 1, 1, 1, 1, 1], [1, 1, 1, 1, 3, 1, 1, 1, 1, 1, 1, 3, 3, 1], [1, 1, 1, 1, 1, 1, 1, 1, 1, 1, 1, 1, 1, 1], [1, 1, 1, 1, 2, 1, 1, 1, 1, 1, 1, 1, 1, 1], [1, 1, 1, 1, 1, 1, 1, 1, 1, 1, 2, 1, 1, 1], [1, 1, 1, 1, 1, 1, 1, 1, 1, 1, 1, 1, 1, 1], [1, 1, 1, 1, 1, 1, 1, 1, 1, 1, 1, 1, 1, 1], [1, 1, 1, 1, 1, 1, 1, 1, 1, 1, 1, 1, 1, 1], [1, 1, 1, 1, 1, 1, 1, 1, 1, 1, 1, 1, 1, 1], [1, 1, 1, 1, 1, 1, 1, 1, 1, 1, 1, 1, 1, 1], [1, 1, 1, 1, 1, 1, 1, 1, 1, 1, 1, 1, 1, 1]]}, {"input": [[0, 0, 0, 0, 0, 1, 0], [0, 0, 0, 0, 0, 0, 0], [0, 0, 0, 0, 0, 0, 0], [0, 0, 0, 0, 1, 3, 0], [1, 0, 0, 1, 0, 3, 0], [0, 0, 0, 0, 0, 3, 0], [0, 0, 0, 0, 0, 0, 1]], "output": [[6, 6, 6, 6, 6, 6, 6], [6, 6, 6, 6, 6, 6, 6], [6, 6, 6, 6, 6, 6, 6], [6, 6, 6, 6, 6, 3, 6], [6, 6, 6, 6, 6, 3, 6], [6, 6, 6, 6, 6, 3, 6], [6, 6, 6, 6, 6, 6, 6]]}, {"input": [[1, 0, 0, 0, 0, 0, 0, 0], [0, 0, 0, 0, 0, 0, 0, 0], [0, 0, 0, 0, 0, 0, 0, 0], [0, 3, 0, 0, 0, 0, 0, 0], [0, 0, 0, 0, 0, 0, 0, 0], [1, 0, 1, 0, 1, 0, 0, 0], [0, 0, 0, 0, 1, 0, 0, 0], [0, 0, 2, 0, 0, 0, 2, 0], [0, 0, 0, 2, 0, 0, 0, 1], [3, 1, 0, 0, 0, 0, 0, 0]], "output": [[1, 1, 1, 1, 1, 1, 1, 1], [1, 1, 1, 1, 1, 1, 1, 1], [1, 1, 1, 1, 1, 1, 1, 1], [1, 3, 1, 1, 1, 1, 1, 1], [1, 1, 1, 1, 1, 1, 1, 1], [1, 1, 1, 1, 1, 1, 1, 1], [1, 1, 1, 1, 1, 1, 1, 1], [1, 1, 2, 1, 1, 1, 2, 1], [1, 1, 1, 2, 1, 1, 1, 1], [3, 1, 1, 1, 1, 1, 1, 1]]}, {"input": [[0, 3, 3, 0, 0, 0, 0, 0, 0, 0], [0, 3, 0, 0, 0, 0, 0, 2, 0, 0], [0, 0, 0, 0, 0, 0, 0, 0, 0, 0], [0, 0, 0, 3, 0, 3, 0, 0, 0, 0], [0, 0, 1, 0, 0, 0, 0, 0, 0, 2], [0, 0, 0, 0, 0, 0, 0, 0, 0, 0], [0, 0, 0, 0, 0, 0, 0, 0, 2, 0], [0, 0, 0, 0, 0, 0, 2, 0, 0, 0], [0, 0, 0, 0, 0, 0, 0, 0, 3, 0]], "output": [[6, 3, 3, 6, 6, 6, 6, 6, 6, 6], [6, 3, 6, 6, 6, 6, 6, 2, 6, 6], [6, 6, 6, 6, 6, 6, 6, 6, 6, 6], [6, 6, 6, 3, 6, 3, 6, 6, 6, 6], [6, 6, 6, 6, 6, 6, 6, 6, 6, 2], [6, 6, 6, 6, 6, 6, 6, 6, 6, 6], [6, 6, 6, 6, 6, 6, 6, 6, 2, 6], [6, 6, 6, 6, 6, 6, 2, 6, 6, 6], [6, 6, 6, 6, 6, 6, 6, 6, 3, 6]]}, {"input": [[0, 0, 0, 0, 0], [0, 0, 2, 0, 0], [0, 0, 0, 1, 0], [0, 2, 1, 0, 3], [0, 0, 3, 0, 0], [2, 0, 0, 0, 3]], "output": [[6, 6, 6, 6, 6], [6, 6, 2, 6, 6], [6, 6, 6, 6, 6], [6, 2, 6, 6, 3], [6, 6, 3, 6, 6], [2, 6, 6, 6, 3]]}, {"input": [[0, 0, 0, 0, 0, 2, 0, 0, 2, 0, 0, 0, 0], [0, 0, 0, 0, 0, 0, 0, 0, 0, 0, 0, 0, 0], [0, 0, 0, 0, 0, 0, 0, 0, 0, 0, 0, 0, 0], [3, 0, 0, 0, 0, 0, 0, 0, 0, 0, 0, 0, 0], [0, 0, 0, 0, 1, 0, 0, 0, 0, 0, 0, 3, 0], [0, 0, 0, 0, 0, 0, 0, 0, 0, 1, 1, 0, 0], [1, 0, 0, 0, 0, 0, 0, 2, 0, 2, 0, 0, 0]], "output": [[1, 1, 1, 1, 1, 2, 1, 1, 2, 1, 1, 1, 1], [1, 1, 1, 1, 1, 1, 1, 1, 1, 1, 1, 1, 1], [1, 1, 1, 1, 1, 1, 1, 1, 1, 1, 1, 1, 1], [3, 1, 1, 1, 1, 1, 1, 1, 1, 1, 1, 1, 1], [1, 1, 1, 1, 1, 1, 1, 1, 1, 1, 1, 3, 1], [1, 1, 1, 1, 1, 1, 1, 1, 1, 1, 1, 1, 1], [1, 1, 1, 1, 1, 1, 1, 2, 1, 2, 1, 1, 1]]}], "test": [{"input": [[0, 3, 2, 0, 0, 2, 0, 2, 0, 0, 0, 0, 0], [0, 0, 0, 0, 0, 2, 0, 0, 0, 0, 0, 0, 0], [0, 0, 0, 0, 2, 0, 0, 0, 0, 0, 0, 0, 0], [0, 3, 0, 0, 0, 0, 0, 0, 0, 0, 0, 0, 3], [1, 0, 0, 0, 0, 0, 0, 0, 0, 0, 0, 0, 2], [0, 0, 0, 0, 0, 0, 0, 0, 0, 0, 0, 0, 0], [0, 0, 0, 0, 0, 0, 0, 0, 0, 0, 0, 0, 3], [0, 0, 1, 0, 0, 0, 0, 0, 0, 0, 0, 0, 0], [0, 0, 0, 0, 0, 0, 0, 0, 0, 0, 0, 0, 0], [0, 0, 0, 0, 0, 1, 0, 0, 0, 0, 0, 0, 0]], "output": [[1, 3, 2, 1, 1, 2, 1, 2, 1, 1, 1, 1, 1], [1, 1, 1, 1, 1, 2, 1, 1, 1, 1, 1, 1, 1], [1, 1, 1, 1, 2, 1, 1, 1, 1, 1, 1, 1, 1], [1, 3, 1, 1, 1, 1, 1, 1, 1, 1, 1, 1, 3], [1, 1, 1, 1, 1, 1, 1, 1, 1, 1, 1, 1, 2], [1, 1, 1, 1, 1, 1, 1, 1, 1, 1, 1, 1, 1], [1, 1, 1, 1, 1, 1, 1, 1, 1, 1, 1, 1, 3], [1, 1, 1, 1, 1, 1, 1, 1, 1, 1, 1, 1, 1], [1, 1, 1, 1, 1, 1, 1, 1, 1, 1, 1, 1, 1], [1, 1, 1, 1, 1, 1, 1, 1, 1, 1, 1, 1, 1]]}, {"input": [[0, 0, 0, 2, 0, 0, 0, 0, 0, 0, 2, 0, 0, 0], [0, 0, 0, 0, 2, 0, 0, 0, 0, 0, 0, 0, 0, 0], [0, 0, 0, 0, 0, 0, 0, 0, 0, 0, 0, 0, 0, 3], [0, 0, 0, 0, 0, 0, 2, 0, 0, 0, 0, 0, 0, 0], [0, 0, 0, 0, 0, 0, 0, 0, 0, 0, 0, 3, 0, 0], [0, 0, 0, 0, 0, 0, 0, 0, 0, 0, 0, 0, 0, 1], [0, 1, 0, 0, 0, 0, 0, 0, 0, 0, 0, 0, 0, 0], [0, 0, 0, 0, 0, 0, 0, 0, 0, 0, 0, 0, 2, 0]], "output": [[4, 4, 4, 2, 4, 4, 4, 4, 4, 4, 2, 4, 4, 4], [4, 4, 4, 4, 2, 4, 4, 4, 4, 4, 4, 4, 4, 4], [4, 4, 4, 4, 4, 4, 4, 4, 4, 4, 4, 4, 4, 3], [4, 4, 4, 4, 4, 4, 2, 4, 4, 4, 4, 4, 4, 4], [4, 4, 4, 4, 4, 4, 4, 4, 4, 4, 4, 3, 4, 4], [4, 4, 4, 4, 4, 4, 4, 4, 4, 4, 4, 4, 4, 4], [4, 4, 4, 4, 4, 4, 4, 4, 4, 4, 4, 4, 4, 4], [4, 4, 4, 4, 4, 4, 4, 4, 4, 4, 4, 4, 2, 4]]}, {"input": [[0, 0, 0, 0, 0, 0, 0, 0, 0, 0, 3], [0, 0, 0, 1, 0, 0, 0, 0, 0, 0, 0], [0, 0, 0, 0, 0, 0, 0, 0, 0, 2, 0], [0, 1, 0, 0, 0, 0, 0, 1, 0, 0, 0], [3, 0, 0, 0, 3, 0, 0, 0, 0, 0, 0], [0, 0, 0, 0, 0, 0, 0, 0, 0, 0, 0], [0, 0, 0, 0, 0, 0, 0, 0, 0, 3, 0], [0, 0, 0, 0, 2, 0, 0, 0, 0, 0, 0], [0, 0, 0, 0, 0, 0, 0, 3, 0, 0, 0], [0, 0, 0, 0, 1, 0, 3, 0, 0, 0, 0]], "output": [[6, 6, 6, 6, 6, 6, 6, 6, 6, 6, 3], [6, 6, 6, 6, 6, 6, 6, 6, 6, 6, 6], [6, 6, 6, 6, 6, 6, 6, 6, 6, 2, 6], [6, 6, 6, 6, 6, 6, 6, 6, 6, 6, 6], [3, 6, 6, 6, 3, 6, 6, 6, 6, 6, 6], [6, 6, 6, 6, 6, 6, 6, 6, 6, 6, 6], [6, 6, 6, 6, 6, 6, 6, 6, 6, 3, 6], [6, 6, 6, 6, 2, 6, 6, 6, 6, 6, 6], [6, 6, 6, 6, 6, 6, 6, 3, 6, 6, 6], [6, 6, 6, 6, 6, 6, 3, 6, 6, 6, 6]]}]}