{"train": [{"input": [[4, 0, 4, 0, 4, 0], [0, 2, 0, 2, 0, 2], [2, 0, 2, 0, 2, 0], [0, 3, 0, 3, 0, 3], [4, 0, 4, 0, 4, 0], [0, 2, 0, 2, 0, 2]], "output": [[3, 0, 3, 0, 3, 0], [0, 1, 0, 1, 0, 1], [1, 0, 1, 0, 1, 0], [0, 2, 0, 2, 0, 2], [3, 0, 3, 0, 3, 0], [0, 1, 0, 1, 0, 1]]}, {"input": [[3, 0, 3, 0, 3, 0], [0, 4, 0, 4, 0, 4], [3, 0, 3, 0, 3, 0], [0, 3, 0, 3, 0, 3], [2, 0, 2, 0, 2, 0], [0, 1, 0, 1, 0, 1]], "output": [[2, 0, 2, 0, 2, 0], [0, 3, 0, 3, 0, 3], [2, 0, 2, 0, 2, 0], [0, 2, 0, 2, 0, 2], [1, 0, 1, 0, 1, 0], [0, 4, 0, 4, 0, 4]]}, {"input": [[3, 0, 3, 0, 3, 0], [0, 3, 0, 3, 0, 3], [1, 0, 1, 0, 1, 0], [0, 1, 0, 1, 0, 1], [2, 0, 2, 0, 2, 0], [0, 2, 0, 2, 0, 2]], "output": [[2, 0, 2, 0, 2, 0], [0, 2, 0, 2, 0, 2], [4, 0, 4, 0, 4, 0], [0, 4, 0, 4, 0, 4], [1, 0, 1, 0, 1, 0], [0, 1, 0, 1, 0, 1]]}, {"input": [[1, 0, 1, 0, 1, 0], [0, 1, 0, 1, 0, 1], [4, 0, 4, 0, 4, 0], [0, 4, 0, 4, 0, 4], [1, 0, 1, 0, 1, 0], [0, 4, 0, 4, 0, 4]], "output": [[4, 0, 4, 0, 4, 0], [0, 4, 0, 4, 0, 4], [3, 0, 3, 0, 3, 0], [0, 3, 0, 3, 0, 3], [4, 0, 4, 0, 4, 0], [0, 3, 0, 3, 0, 3]]}, {"input": [[2, 0, 2, 0, 2, 0], [0, 3, 0, 3, 0, 3], [2, 0, 2, 0, 2, 0], [0, 1, 0, 1, 0, 1], [2, 0, 2, 0, 2, 0], [0, 2, 0, 2, 0, 2]], "output": [[1, 0, 1, 0, 1, 0], [0, 2, 0, 2, 0, 2], [1, 0, 1, 0, 1, 0], [0, 4, 0, 4, 0, 4], [1, 0, 1, 0, 1, 0], [0, 1, 0, 1, 0, 1]]}, {"input": [[2, 0, 2, 0, 2, 0], [0, 3, 0, 3, 0, 3], [4, 0, 4, 0, 4, 0], [0, 4, 0, 4, 0, 4], [1, 0, 1, 0, 1, 0], [0, 3, 0, 3, 0, 3]], "output": [[1, 0, 1, 0, 1, 0], [0, 2, 0, 2, 0, 2], [3, 0, 3, 0, 3, 0], [0, 3, 0, 3, 0, 3], [4, 0, 4, 0, 4, 0], [0, 2, 0, 2, 0, 2]]}, {"input": [[4, 0, 4, 0, 4, 0], [0, 2, 0, 2, 0, 2], [3, 0, 3, 0, 3, 0], [0, 1, 0, 1, 0, 1], [3, 0, 3, 0, 3, 0], [0, 3, 0, 3, 0, 3]], "output": [[3, 0, 3, 0, 3, 0], [0, 1, 0, 1, 0, 1], [2, 0, 2, 0, 2, 0], [0, 4, 0, 4, 0, 4], [2, 0, 2, 0, 2, 0], [0, 2, 0, 2, 0, 2]]}, {"input": [[1, 0, 1, 0, 1, 0], [0, 1, 0, 1, 0, 1], [2, 0, 2, 0, 2, 0], [0, 3, 0, 3, 0, 3], [4, 0, 4, 0, 4, 0], [0, 4, 0, 4, 0, 4]], "output": [[4, 0, 4, 0, 4, 0], [0, 4, 0, 4, 0, 4], [1, 0, 1, 0, 1, 0], [0, 2, 0, 2, 0, 2], [3, 0, 3, 0, 3, 0], [0, 3, 0, 3, 0, 3]]}, {"input": [[4, 0, 4, 0, 4, 0], [0, 2, 0, 2, 0, 2], [3, 0, 3, 0, 3, 0], [0, 4, 0, 4, 0, 4], [2, 0, 2, 0, 2, 0], [0, 2, 0, 2, 0, 2]], "output": [[3, 0, 3, 0, 3, 0], [0, 1, 0, 1, 0, 1], [2, 0, 2, 0, 2, 0], [0, 3, 0, 3, 0, 3], [1, 0, 1, 0, 1, 0], [0, 1, 0, 1, 0, 1]]}, {"input": [[1, 0, 1, 0, 1, 0], [0, 4, 0, 4, 0, 4], [4, 0, 4, 0, 4, 0], [0, 3, 0, 3, 0, 3], [2, 0, 2, 0, 2, 0], [0, 4, 0, 4, 0, 4]], "output": [[4, 0, 4, 0, 4, 0], [0, 3, 0, 3, 0, 3], [3, 0, 3, 0, 3, 0], [0, 2, 0, 2, 0, 2], [1, 0, 1, 0, 1, 0], [0, 3, 0, 3, 0, 3]]}, {"input": [[2, 0, 2, 0, 2, 0], [0, 4, 0, 4, 0, 4], [4, 0, 4, 0, 4, 0], [0, 2, 0, 2, 0, 2], [4, 0, 4, 0, 4, 0], [0, 4, 0, 4, 0, 4]], "output": [[1, 0, 1, 0, 1, 0], [0, 3, 0, 3, 0, 3], [3, 0, 3, 0, 3, 0], [0, 1, 0, 1, 0, 1], [3, 0, 3, 0, 3, 0], [0, 3, 0, 3, 0, 3]]}, {"input": [[4, 0, 4, 0, 4, 0], [0, 4, 0, 4, 0, 4], [2, 0, 2, 0, 2, 0], [0, 3, 0, 3, 0, 3], [2, 0, 2, 0, 2, 0], [0, 1, 0, 1, 0, 1]], "output": [[3, 0, 3, 0, 3, 0], [0, 3, 0, 3, 0, 3], [1, 0, 1, 0, 1, 0], [0, 2, 0, 2, 0, 2], [1, 0, 1, 0, 1, 0], [0, 4, 0, 4, 0, 4]]}, {"input": [[1, 0, 1, 0, 1, 0], [0, 3, 0, 3, 0, 3], [3, 0, 3, 0, 3, 0], [0, 2, 0, 2, 0, 2], [1, 0, 1, 0, 1, 0], [0, 1, 0, 1, 0, 1]], "output": [[4, 0, 4, 0, 4, 0], [0, 2, 0, 2, 0, 2], [2, 0, 2, 0, 2, 0], [0, 1, 0, 1, 0, 1], [4, 0, 4, 0, 4, 0], [0, 4, 0, 4, 0, 4]]}, {"input": [[4, 0, 4, 0, 4, 0], [0, 4, 0, 4, 0, 4], [3, 0, 3, 0, 3, 0], [0, 2, 0, 2, 0, 2], [1, 0, 1, 0, 1, 0], [0, 2, 0, 2, 0, 2]], "output": [[3, 0, 3, 0, 3, 0], [0, 3, 0, 3, 0, 3], [2, 0, 2, 0, 2, 0], [0, 1, 0, 1, 0, 1], [4, 0, 4, 0, 4, 0], [0, 1, 0, 1, 0, 1]]}, {"input": [[1, 0, 1, 0, 1, 0], [0, 4, 0, 4, 0, 4], [2, 0, 2, 0, 2, 0], [0, 1, 0, 1, 0, 1], [1, 0, 1, 0, 1, 0], [0, 2, 0, 2, 0, 2]], "output": [[4, 0, 4, 0, 4, 0], [0, 3, 0, 3, 0, 3], [1, 0, 1, 0, 1, 0], [0, 4, 0, 4, 0, 4], [4, 0, 4, 0, 4, 0], [0, 1, 0, 1, 0, 1]]}, {"input": [[2, 0, 2, 0, 2, 0], [0, 1, 0, 1, 0, 1], [4, 0, 4, 0, 4, 0], [0, 1, 0, 1, 0, 1], [1, 0, 1, 0, 1, 0], [0, 4, 0, 4, 0, 4]], "output": [[1, 0, 1, 0, 1, 0], [0, 4, 0, 4, 0, 4], [3, 0, 3, 0, 3, 0], [0, 4, 0, 4, 0, 4], [4, 0, 4, 0, 4, 0], [0, 3, 0, 3, 0, 3]]}, {"input": [[4, 0, 4, 0, 4, 0], [0, 2, 0, 2, 0, 2], [1, 0, 1, 0, 1, 0], [0, 3, 0, 3, 0, 3], [3, 0, 3, 0, 3, 0], [0, 1, 0, 1, 0, 1]], "output": [[3, 0, 3, 0, 3, 0], [0, 1, 0, 1, 0, 1], [4, 0, 4, 0, 4, 0], [0, 2, 0, 2, 0, 2], [2, 0, 2, 0, 2, 0], [0, 4, 0, 4, 0, 4]]}, {"input": [[4, 0, 4, 0, 4, 0], [0, 2, 0, 2, 0, 2], [4, 0, 4, 0, 4, 0], [0, 2, 0, 2, 0, 2], [2, 0, 2, 0, 2, 0], [0, 4, 0, 4, 0, 4]], "output": [[3, 0, 3, 0, 3, 0], [0, 1, 0, 1, 0, 1], [3, 0, 3, 0, 3, 0], [0, 1, 0, 1, 0, 1], [1, 0, 1, 0, 1, 0], [0, 3, 0, 3, 0, 3]]}, {"input": [[3, 0, 3, 0, 3, 0], [0, 3, 0, 3, 0, 3], [3, 0, 3, 0, 3, 0], [0, 1, 0, 1, 0, 1], [2, 0, 2, 0, 2, 0], [0, 3, 0, 3, 0, 3]], "output": [[2, 0, 2, 0, 2, 0], [0, 2, 0, 2, 0, 2], [2, 0, 2, 0, 2, 0], [0, 4, 0, 4, 0, 4], [1, 0, 1, 0, 1, 0], [0, 2, 0, 2, 0, 2]]}, {"input": [[3, 0, 3, 0, 3, 0], [0, 4, 0, 4, 0, 4], [3, 0, 3, 0, 3, 0], [0, 4, 0, 4, 0, 4], [1, 0, 1, 0, 1, 0], [0, 4, 0, 4, 0, 4]], "output": [[2, 0, 2, 0, 2, 0], [0, 3, 0, 3, 0, 3], [2, 0, 2, 0, 2, 0], [0, 3, 0, 3, 0, 3], [4, 0, 4, 0, 4, 0], [0, 3, 0, 3, 0, 3]]}, {"input": [[3, 0, 3, 0, 3, 0], [0, 2, 0, 2, 0, 2], [3, 0, 3, 0, 3, 0], [0, 4, 0, 4, 0, 4], [4, 0, 4, 0, 4, 0], [0, 4, 0, 4, 0, 4]], "output": [[2, 0, 2, 0, 2, 0], [0, 1, 0, 1, 0, 1], [2, 0, 2, 0, 2, 0], [0, 3, 0, 3, 0, 3], [3, 0, 3, 0, 3, 0], [0, 3, 0, 3, 0, 3]]}, {"input": [[3, 0, 3, 0, 3, 0], [0, 3, 0, 3, 0, 3], [1, 0, 1, 0, 1, 0], [0, 4, 0, 4, 0, 4], [4, 0, 4, 0, 4, 0], [0, 2, 0, 2, 0, 2]], "output": [[2, 0, 2, 0, 2, 0], [0, 2, 0, 2, 0, 2], [4, 0, 4, 0, 4, 0], [0, 3, 0, 3, 0, 3], [3, 0, 3, 0, 3, 0], [0, 1, 0, 1, 0, 1]]}, {"input": [[4, 0, 4, 0, 4, 0], [0, 2, 0, 2, 0, 2], [1, 0, 1, 0, 1, 0], [0, 2, 0, 2, 0, 2], [2, 0, 2, 0, 2, 0], [0, 1, 0, 1, 0, 1]], "output": [[3, 0, 3, 0, 3, 0], [0, 1, 0, 1, 0, 1], [4, 0, 4, 0, 4, 0], [0, 1, 0, 1, 0, 1], [1, 0, 1, 0, 1, 0], [0, 4, 0, 4, 0, 4]]}, {"input": [[1, 0, 1, 0, 1, 0], [0, 1, 0, 1, 0, 1], [2, 0, 2, 0, 2, 0], [0, 4, 0, 4, 0, 4], [2, 0, 2, 0, 2, 0], [0, 1, 0, 1, 0, 1]], "output": [[4, 0, 4, 0, 4, 0], [0, 4, 0, 4, 0, 4], [1, 0, 1, 0, 1, 0], [0, 3, 0, 3, 0, 3], [1, 0, 1, 0, 1, 0], [0, 4, 0, 4, 0, 4]]}, {"input": [[4, 0, 4, 0, 4, 0], [0, 1, 0, 1, 0, 1], [4, 0, 4, 0, 4, 0], [0, 2, 0, 2, 0, 2], [2, 0, 2, 0, 2, 0], [0, 4, 0, 4, 0, 4]], "output": [[3, 0, 3, 0, 3, 0], [0, 4, 0, 4, 0, 4], [3, 0, 3, 0, 3, 0], [0, 1, 0, 1, 0, 1], [1, 0, 1, 0, 1, 0], [0, 3, 0, 3, 0, 3]]}, {"input": [[3, 0, 3, 0, 3, 0], [0, 2, 0, 2, 0, 2], [1, 0, 1, 0, 1, 0], [0, 1, 0, 1, 0, 1], [4, 0, 4, 0, 4, 0], [0, 3, 0, 3, 0, 3]], "output": [[2, 0, 2, 0, 2, 0], [0, 1, 0, 1, 0, 1], [4, 0, 4, 0, 4, 0], [0, 4, 0, 4, 0, 4], [3, 0, 3, 0, 3, 0], [0, 2, 0, 2, 0, 2]]}, {"input": [[4, 0, 4, 0, 4, 0], [0, 3, 0, 3, 0, 3], [4, 0, 4, 0, 4, 0], [0, 1, 0, 1, 0, 1], [4, 0, 4, 0, 4, 0], [0, 3, 0, 3, 0, 3]], "output": [[3, 0, 3, 0, 3, 0], [0, 2, 0, 2, 0, 2], [3, 0, 3, 0, 3, 0], [0, 4, 0, 4, 0, 4], [3, 0, 3, 0, 3, 0], [0, 2, 0, 2, 0, 2]]}, {"input": [[3, 0, 3, 0, 3, 0], [0, 3, 0, 3, 0, 3], [2, 0, 2, 0, 2, 0], [0, 2, 0, 2, 0, 2], [4, 0, 4, 0, 4, 0], [0, 2, 0, 2, 0, 2]], "output": [[2, 0, 2, 0, 2, 0], [0, 2, 0, 2, 0, 2], [1, 0, 1, 0, 1, 0], [0, 1, 0, 1, 0, 1], [3, 0, 3, 0, 3, 0], [0, 1, 0, 1, 0, 1]]}, {"input": [[2, 0, 2, 0, 2, 0], [0, 4, 0, 4, 0, 4], [3, 0, 3, 0, 3, 0], [0, 2, 0, 2, 0, 2], [4, 0, 4, 0, 4, 0], [0, 2, 0, 2, 0, 2]], "output": [[1, 0, 1, 0, 1, 0], [0, 3, 0, 3, 0, 3], [2, 0, 2, 0, 2, 0], [0, 1, 0, 1, 0, 1], [3, 0, 3, 0, 3, 0], [0, 1, 0, 1, 0, 1]]}, {"input": [[4, 0, 4, 0, 4, 0], [0, 2, 0, 2, 0, 2], [4, 0, 4, 0, 4, 0], [0, 2, 0, 2, 0, 2], [1, 0, 1, 0, 1, 0], [0, 3, 0, 3, 0, 3]], "output": [[3, 0, 3, 0, 3, 0], [0, 1, 0, 1, 0, 1], [3, 0, 3, 0, 3, 0], [0, 1, 0, 1, 0, 1], [4, 0, 4, 0, 4, 0], [0, 2, 0, 2, 0, 2]]}, {"input": [[1, 0, 1, 0, 1, 0], [0, 3, 0, 3, 0, 3], [1, 0, 1, 0, 1, 0], [0, 3, 0, 3, 0, 3], [3, 0, 3, 0, 3, 0], [0, 4, 0, 4, 0, 4]], "output": [[4, 0, 4, 0, 4, 0], [0, 2, 0, 2, 0, 2], [4, 0, 4, 0, 4, 0], [0, 2, 0, 2, 0, 2], [2, 0, 2, 0, 2, 0], [0, 3, 0, 3, 0, 3]]}, {"input": [[4, 0, 4, 0, 4, 0], [0, 1, 0, 1, 0, 1], [3, 0, 3, 0, 3, 0], [0, 1, 0, 1, 0, 1], [2, 0, 2, 0, 2, 0], [0, 1, 0, 1, 0, 1]], "output": [[3, 0, 3, 0, 3, 0], [0, 4, 0, 4, 0, 4], [2, 0, 2, 0, 2, 0], [0, 4, 0, 4, 0, 4], [1, 0, 1, 0, 1, 0], [0, 4, 0, 4, 0, 4]]}, {"input": [[2, 0, 2, 0, 2, 0], [0, 1, 0, 1, 0, 1], [3, 0, 3, 0, 3, 0], [0, 2, 0, 2, 0, 2], [1, 0, 1, 0, 1, 0], [0, 2, 0, 2, 0, 2]], "output": [[1, 0, 1, 0, 1, 0], [0, 4, 0, 4, 0, 4], [2, 0, 2, 0, 2, 0], [0, 1, 0, 1, 0, 1], [4, 0, 4, 0, 4, 0], [0, 1, 0, 1, 0, 1]]}, {"input": [[1, 0, 1, 0, 1, 0], [0, 1, 0, 1, 0, 1], [3, 0, 3, 0, 3, 0], [0, 3, 0, 3, 0, 3], [2, 0, 2, 0, 2, 0], [0, 2, 0, 2, 0, 2]], "output": [[4, 0, 4, 0, 4, 0], [0, 4, 0, 4, 0, 4], [2, 0, 2, 0, 2, 0], [0, 2, 0, 2, 0, 2], [1, 0, 1, 0, 1, 0], [0, 1, 0, 1, 0, 1]]}, {"input": [[1, 0, 1, 0, 1, 0], [0, 1, 0, 1, 0, 1], [1, 0, 1, 0, 1, 0], [0, 2, 0, 2, 0, 2], [2, 0, 2, 0, 2, 0], [0, 2, 0, 2, 0, 2]], "output": [[4, 0, 4, 0, 4, 0], [0, 4, 0, 4, 0, 4], [4, 0, 4, 0, 4, 0], [0, 1, 0, 1, 0, 1], [1, 0, 1, 0, 1, 0], [0, 1, 0, 1, 0, 1]]}, {"input": [[3, 0, 3, 0, 3, 0], [0, 3, 0, 3, 0, 3], [3, 0, 3, 0, 3, 0], [0, 1, 0, 1, 0, 1], [4, 0, 4, 0, 4, 0], [0, 1, 0, 1, 0, 1]], "output": [[2, 0, 2, 0, 2, 0], [0, 2, 0, 2, 0, 2], [2, 0, 2, 0, 2, 0], [0, 4, 0, 4, 0, 4], [3, 0, 3, 0, 3, 0], [0, 4, 0, 4, 0, 4]]}, {"input": [[1, 0, 1, 0, 1, 0], [0, 3, 0, 3, 0, 3], [3, 0, 3, 0, 3, 0], [0, 3, 0, 3, 0, 3], [2, 0, 2, 0, 2, 0], [0, 2, 0, 2, 0, 2]], "output": [[4, 0, 4, 0, 4, 0], [0, 2, 0, 2, 0, 2], [2, 0, 2, 0, 2, 0], [0, 2, 0, 2, 0, 2], [1, 0, 1, 0, 1, 0], [0, 1, 0, 1, 0, 1]]}, {"input": [[2, 0, 2, 0, 2, 0], [0, 2, 0, 2, 0, 2], [2, 0, 2, 0, 2, 0], [0, 1, 0, 1, 0, 1], [2, 0, 2, 0, 2, 0], [0, 4, 0, 4, 0, 4]], "output": [[1, 0, 1, 0, 1, 0], [0, 1, 0, 1, 0, 1], [1, 0, 1, 0, 1, 0], [0, 4, 0, 4, 0, 4], [1, 0, 1, 0, 1, 0], [0, 3, 0, 3, 0, 3]]}, {"input": [[2, 0, 2, 0, 2, 0], [0, 3, 0, 3, 0, 3], [1, 0, 1, 0, 1, 0], [0, 1, 0, 1, 0, 1], [1, 0, 1, 0, 1, 0], [0, 1, 0, 1, 0, 1]], "output": [[1, 0, 1, 0, 1, 0], [0, 2, 0, 2, 0, 2], [4, 0, 4, 0, 4, 0], [0, 4, 0, 4, 0, 4], [4, 0, 4, 0, 4, 0], [0, 4, 0, 4, 0, 4]]}, {"input": [[1, 0, 1, 0, 1, 0], [0, 2, 0, 2, 0, 2], [4, 0, 4, 0, 4, 0], [0, 1, 0, 1, 0, 1], [4, 0, 4, 0, 4, 0], [0, 3, 0, 3, 0, 3]], "output": [[4, 0, 4, 0, 4, 0], [0, 1, 0, 1, 0, 1], [3, 0, 3, 0, 3, 0], [0, 4, 0, 4, 0, 4], [3, 0, 3, 0, 3, 0], [0, 2, 0, 2, 0, 2]]}, {"input": [[3, 0, 3, 0, 3, 0], [0, 3, 0, 3, 0, 3], [1, 0, 1, 0, 1, 0], [0, 1, 0, 1, 0, 1], [2, 0, 2, 0, 2, 0], [0, 1, 0, 1, 0, 1]], "output": [[2, 0, 2, 0, 2, 0], [0, 2, 0, 2, 0, 2], [4, 0, 4, 0, 4, 0], [0, 4, 0, 4, 0, 4], [1, 0, 1, 0, 1, 0], [0, 4, 0, 4, 0, 4]]}, {"input": [[2, 0, 2, 0, 2, 0], [0, 1, 0, 1, 0, 1], [4, 0, 4, 0, 4, 0], [0, 2, 0, 2, 0, 2], [1, 0, 1, 0, 1, 0], [0, 3, 0, 3, 0, 3]], "output": [[1, 0, 1, 0, 1, 0], [0, 4, 0, 4, 0, 4], [3, 0, 3, 0, 3, 0], [0, 1, 0, 1, 0, 1], [4, 0, 4, 0, 4, 0], [0, 2, 0, 2, 0, 2]]}, {"input": [[3, 0, 3, 0, 3, 0], [0, 1, 0, 1, 0, 1], [4, 0, 4, 0, 4, 0], [0, 3, 0, 3, 0, 3], [2, 0, 2, 0, 2, 0], [0, 2, 0, 2, 0, 2]], "output": [[2, 0, 2, 0, 2, 0], [0, 4, 0, 4, 0, 4], [3, 0, 3, 0, 3, 0], [0, 2, 0, 2, 0, 2], [1, 0, 1, 0, 1, 0], [0, 1, 0, 1, 0, 1]]}, {"input": [[2, 0, 2, 0, 2, 0], [0, 2, 0, 2, 0, 2], [3, 0, 3, 0, 3, 0], [0, 2, 0, 2, 0, 2], [4, 0, 4, 0, 4, 0], [0, 2, 0, 2, 0, 2]], "output": [[1, 0, 1, 0, 1, 0], [0, 1, 0, 1, 0, 1], [2, 0, 2, 0, 2, 0], [0, 1, 0, 1, 0, 1], [3, 0, 3, 0, 3, 0], [0, 1, 0, 1, 0, 1]]}, {"input": [[4, 0, 4, 0, 4, 0], [0, 1, 0, 1, 0, 1], [4, 0, 4, 0, 4, 0], [0, 3, 0, 3, 0, 3], [1, 0, 1, 0, 1, 0], [0, 4, 0, 4, 0, 4]], "output": [[3, 0, 3, 0, 3, 0], [0, 4, 0, 4, 0, 4], [3, 0, 3, 0, 3, 0], [0, 2, 0, 2, 0, 2], [4, 0, 4, 0, 4, 0], [0, 3, 0, 3, 0, 3]]}, {"input": [[1, 0, 1, 0, 1, 0], [0, 3, 0, 3, 0, 3], [3, 0, 3, 0, 3, 0], [0, 3, 0, 3, 0, 3], [3, 0, 3, 0, 3, 0], [0, 4, 0, 4, 0, 4]], "output": [[4, 0, 4, 0, 4, 0], [0, 2, 0, 2, 0, 2], [2, 0, 2, 0, 2, 0], [0, 2, 0, 2, 0, 2], [2, 0, 2, 0, 2, 0], [0, 3, 0, 3, 0, 3]]}, {"input": [[2, 0, 2, 0, 2, 0], [0, 4, 0, 4, 0, 4], [2, 0, 2, 0, 2, 0], [0, 4, 0, 4, 0, 4], [4, 0, 4, 0, 4, 0], [0, 3, 0, 3, 0, 3]], "output": [[1, 0, 1, 0, 1, 0], [0, 3, 0, 3, 0, 3], [1, 0, 1, 0, 1, 0], [0, 3, 0, 3, 0, 3], [3, 0, 3, 0, 3, 0], [0, 2, 0, 2, 0, 2]]}, {"input": [[2, 0, 2, 0, 2, 0], [0, 2, 0, 2, 0, 2], [1, 0, 1, 0, 1, 0], [0, 3, 0, 3, 0, 3], [2, 0, 2, 0, 2, 0], [0, 1, 0, 1, 0, 1]], "output": [[1, 0, 1, 0, 1, 0], [0, 1, 0, 1, 0, 1], [4, 0, 4, 0, 4, 0], [0, 2, 0, 2, 0, 2], [1, 0, 1, 0, 1, 0], [0, 4, 0, 4, 0, 4]]}, {"input": [[4, 0, 4, 0, 4, 0], [0, 2, 0, 2, 0, 2], [3, 0, 3, 0, 3, 0], [0, 3, 0, 3, 0, 3], [4, 0, 4, 0, 4, 0], [0, 1, 0, 1, 0, 1]], "output": [[3, 0, 3, 0, 3, 0], [0, 1, 0, 1, 0, 1], [2, 0, 2, 0, 2, 0], [0, 2, 0, 2, 0, 2], [3, 0, 3, 0, 3, 0], [0, 4, 0, 4, 0, 4]]}, {"input": [[4, 0, 4, 0, 4, 0], [0, 4, 0, 4, 0, 4], [3, 0, 3, 0, 3, 0], [0, 3, 0, 3, 0, 3], [3, 0, 3, 0, 3, 0], [0, 4, 0, 4, 0, 4]], "output": [[3, 0, 3, 0, 3, 0], [0, 3, 0, 3, 0, 3], [2, 0, 2, 0, 2, 0], [0, 2, 0, 2, 0, 2], [2, 0, 2, 0, 2, 0], [0, 3, 0, 3, 0, 3]]}, {"input": [[4, 0, 4, 0, 4, 0], [0, 2, 0, 2, 0, 2], [1, 0, 1, 0, 1, 0], [0, 3, 0, 3, 0, 3], [4, 0, 4, 0, 4, 0], [0, 1, 0, 1, 0, 1]], "output": [[3, 0, 3, 0, 3, 0], [0, 1, 0, 1, 0, 1], [4, 0, 4, 0, 4, 0], [0, 2, 0, 2, 0, 2], [3, 0, 3, 0, 3, 0], [0, 4, 0, 4, 0, 4]]}, {"input": [[2, 0, 2, 0, 2, 0], [0, 4, 0, 4, 0, 4], [1, 0, 1, 0, 1, 0], [0, 4, 0, 4, 0, 4], [4, 0, 4, 0, 4, 0], [0, 3, 0, 3, 0, 3]], "output": [[1, 0, 1, 0, 1, 0], [0, 3, 0, 3, 0, 3], [4, 0, 4, 0, 4, 0], [0, 3, 0, 3, 0, 3], [3, 0, 3, 0, 3, 0], [0, 2, 0, 2, 0, 2]]}, {"input": [[1, 0, 1, 0, 1, 0], [0, 4, 0, 4, 0, 4], [1, 0, 1, 0, 1, 0], [0, 1, 0, 1, 0, 1], [2, 0, 2, 0, 2, 0], [0, 3, 0, 3, 0, 3]], "output": [[4, 0, 4, 0, 4, 0], [0, 3, 0, 3, 0, 3], [4, 0, 4, 0, 4, 0], [0, 4, 0, 4, 0, 4], [1, 0, 1, 0, 1, 0], [0, 2, 0, 2, 0, 2]]}, {"input": [[2, 0, 2, 0, 2, 0], [0, 1, 0, 1, 0, 1], [1, 0, 1, 0, 1, 0], [0, 2, 0, 2, 0, 2], [2, 0, 2, 0, 2, 0], [0, 2, 0, 2, 0, 2]], "output": [[1, 0, 1, 0, 1, 0], [0, 4, 0, 4, 0, 4], [4, 0, 4, 0, 4, 0], [0, 1, 0, 1, 0, 1], [1, 0, 1, 0, 1, 0], [0, 1, 0, 1, 0, 1]]}, {"input": [[3, 0, 3, 0, 3, 0], [0, 1, 0, 1, 0, 1], [3, 0, 3, 0, 3, 0], [0, 4, 0, 4, 0, 4], [1, 0, 1, 0, 1, 0], [0, 1, 0, 1, 0, 1]], "output": [[2, 0, 2, 0, 2, 0], [0, 4, 0, 4, 0, 4], [2, 0, 2, 0, 2, 0], [0, 3, 0, 3, 0, 3], [4, 0, 4, 0, 4, 0], [0, 4, 0, 4, 0, 4]]}, {"input": [[1, 0, 1, 0, 1, 0], [0, 3, 0, 3, 0, 3], [1, 0, 1, 0, 1, 0], [0, 3, 0, 3, 0, 3], [3, 0, 3, 0, 3, 0], [0, 1, 0, 1, 0, 1]], "output": [[4, 0, 4, 0, 4, 0], [0, 2, 0, 2, 0, 2], [4, 0, 4, 0, 4, 0], [0, 2, 0, 2, 0, 2], [2, 0, 2, 0, 2, 0], [0, 4, 0, 4, 0, 4]]}], "test": [{"input": [[4, 0, 4, 0, 4, 0], [0, 2, 0, 2, 0, 2], [1, 0, 1, 0, 1, 0], [0, 4, 0, 4, 0, 4], [3, 0, 3, 0, 3, 0], [0, 1, 0, 1, 0, 1]], "output": [[3, 0, 3, 0, 3, 0], [0, 1, 0, 1, 0, 1], [4, 0, 4, 0, 4, 0], [0, 3, 0, 3, 0, 3], [2, 0, 2, 0, 2, 0], [0, 4, 0, 4, 0, 4]]}, {"input": [[2, 0, 2, 0, 2, 0], [0, 2, 0, 2, 0, 2], [1, 0, 1, 0, 1, 0], [0, 4, 0, 4, 0, 4], [1, 0, 1, 0, 1, 0], [0, 3, 0, 3, 0, 3]], "output": [[1, 0, 1, 0, 1, 0], [0, 1, 0, 1, 0, 1], [4, 0, 4, 0, 4, 0], [0, 3, 0, 3, 0, 3], [4, 0, 4, 0, 4, 0], [0, 2, 0, 2, 0, 2]]}, {"input": [[2, 0, 2, 0, 2, 0], [0, 2, 0, 2, 0, 2], [4, 0, 4, 0, 4, 0], [0, 1, 0, 1, 0, 1], [2, 0, 2, 0, 2, 0], [0, 1, 0, 1, 0, 1]], "output": [[1, 0, 1, 0, 1, 0], [0, 1, 0, 1, 0, 1], [3, 0, 3, 0, 3, 0], [0, 4, 0, 4, 0, 4], [1, 0, 1, 0, 1, 0], [0, 4, 0, 4, 0, 4]]}]}