{"train": [{"input": [[0, 0, 0, 0, 0, 0, 0, 0, 0, 0], [0, 0, 0, 0, 6, 6, 0, 0, 0, 0], [0, 0, 0, 0, 0, 6, 0, 0, 0, 0], [0, 0, 0, 0, 6, 6, 0, 0, 0, 0], [0, 0, 0, 0, 6, 6, 6, 0, 0, 0], [0, 0, 0, 6, 6, 6, 6, 0, 0, 0], [0, 6, 6, 6, 6, 6, 6, 0, 0, 0], [0, 0, 6, 6, 6, 6, 6, 0, 0, 0], [0, 0, 0, 6, 6, 6, 6, 0, 0, 0], [0, 0, 0, 0, 0, 0, 0, 0, 0, 0]], "output": [[3, 3, 3, 3, 3, 3, 3, 3, 3, 3], [3, 3, 3, 3, 6, 6, 3, 3, 3, 3], [3, 3, 3, 3, 3, 6, 3, 3, 3, 3], [3, 3, 3, 3, 6, 6, 3, 3, 3, 3], [3, 3, 3, 3, 6, 6, 6, 3, 3, 3], [3, 3, 3, 6, 6, 6, 6, 3, 3, 3], [3, 6, 6, 6, 6, 6, 6, 3, 3, 3], [3, 3, 6, 6, 6, 6, 6, 3, 3, 3], [3, 3, 3, 6, 6, 6, 6, 3, 3, 3], [3, 3, 3, 3, 3, 3, 3, 3, 3, 3]]}, {"input": [[0, 0, 0, 0, 0, 0, 0, 0, 0, 0], [0, 4, 4, 4, 0, 0, 4, 4, 4, 0], [0, 4, 4, 4, 0, 0, 4, 4, 4, 0], [0, 4, 4, 4, 0, 0, 4, 4, 4, 0], [0, 4, 4, 4, 4, 4, 4, 4, 4, 0], [0, 4, 4, 4, 4, 4, 4, 4, 4, 0], [0, 0, 0, 0, 0, 0, 0, 0, 0, 0], [0, 0, 0, 0, 0, 0, 0, 0, 0, 0], [0, 0, 0, 0, 0, 0, 0, 0, 0, 0], [0, 0, 0, 0, 0, 0, 0, 0, 0, 0]], "output": [[3, 3, 3, 3, 3, 3, 3, 3, 3, 3], [3, 4, 4, 4, 3, 3, 4, 4, 4, 3], [3, 4, 4, 4, 3, 3, 4, 4, 4, 3], [3, 4, 4, 4, 3, 3, 4, 4, 4, 3], [3, 4, 4, 4, 4, 4, 4, 4, 4, 3], [3, 4, 4, 4, 4, 4, 4, 4, 4, 3], [3, 3, 3, 3, 3, 3, 3, 3, 3, 3], [3, 3, 3, 3, 3, 3, 3, 3, 3, 3], [3, 3, 3, 3, 3, 3, 3, 3, 3, 3], [3, 3, 3, 3, 3, 3, 3, 3, 3, 3]]}, {"input": [[0, 0, 0, 0, 0, 0, 0, 0, 0, 0, 0], [0, 7, 7, 0, 0, 0, 0, 0, 7, 7, 0], [0, 7, 7, 0, 7, 0, 7, 0, 7, 7, 0], [0, 7, 7, 7, 7, 7, 7, 7, 7, 7, 0], [0, 0, 7, 7, 7, 0, 7, 7, 7, 0, 0], [0, 0, 7, 7, 7, 7, 7, 7, 7, 0, 0], [0, 0, 0, 0, 0, 0, 0, 0, 0, 0, 0], [0, 0, 0, 0, 0, 0, 0, 0, 0, 0, 0], [0, 0, 0, 0, 0, 0, 0, 0, 0, 0, 0], [0, 0, 0, 0, 0, 0, 0, 0, 0, 0, 0], [0, 0, 0, 0, 0, 0, 0, 0, 0, 0, 0]], "output": [[3, 3, 3, 3, 3, 3, 3, 3, 3, 3, 3], [3, 7, 7, 3, 3, 3, 3, 3, 7, 7, 3], [3, 7, 7, 3, 7, 3, 7, 3, 7, 7, 3], [3, 7, 7, 7, 7, 7, 7, 7, 7, 7, 3], [3, 3, 7, 7, 7, 0, 7, 7, 7, 3, 3], [3, 3, 7, 7, 7, 7, 7, 7, 7, 3, 3], [3, 3, 3, 3, 3, 3, 3, 3, 3, 3, 3], [3, 3, 3, 3, 3, 3, 3, 3, 3, 3, 3], [3, 3, 3, 3, 3, 3, 3, 3, 3, 3, 3], [3, 3, 3, 3, 3, 3, 3, 3, 3, 3, 3], [3, 3, 3, 3, 3, 3, 3, 3, 3, 3, 3]]}, {"input": [[0, 0, 0, 0, 0, 0, 0, 0, 0], [0, 0, 0, 2, 2, 0, 0, 0, 0], [0, 0, 2, 2, 2, 0, 2, 0, 0], [0, 0, 0, 2, 2, 2, 2, 2, 0], [0, 2, 2, 2, 2, 2, 2, 2, 0], [0, 2, 2, 2, 2, 2, 0, 0, 0], [0, 0, 2, 0, 2, 2, 2, 0, 0], [0, 0, 0, 0, 2, 2, 0, 0, 0], [0, 0, 0, 0, 0, 0, 0, 0, 0]], "output": [[3, 3, 3, 3, 3, 3, 3, 3, 3], [3, 3, 3, 2, 2, 3, 3, 3, 3], [3, 3, 2, 2, 2, 3, 2, 3, 3], [3, 3, 3, 2, 2, 2, 2, 2, 3], [3, 2, 2, 2, 2, 2, 2, 2, 3], [3, 2, 2, 2, 2, 2, 3, 3, 3], [3, 3, 2, 3, 2, 2, 2, 3, 3], [3, 3, 3, 3, 2, 2, 3, 3, 3], [3, 3, 3, 3, 3, 3, 3, 3, 3]]}, {"input": [[0, 0, 0, 0, 0, 0, 0, 0, 0, 0, 0], [0, 6, 6, 6, 6, 6, 6, 0, 0, 0, 0], [0, 6, 6, 6, 6, 6, 6, 6, 6, 6, 0], [0, 6, 6, 6, 6, 0, 6, 0, 6, 0, 0], [0, 6, 6, 6, 6, 0, 6, 0, 6, 0, 0], [0, 6, 6, 6, 6, 6, 6, 6, 6, 6, 0], [0, 6, 6, 6, 6, 6, 6, 0, 0, 0, 0], [0, 0, 0, 0, 0, 0, 0, 0, 0, 0, 0], [0, 0, 0, 0, 0, 0, 0, 0, 0, 0, 0], [0, 0, 0, 0, 0, 0, 0, 0, 0, 0, 0], [0, 0, 0, 0, 0, 0, 0, 0, 0, 0, 0]], "output": [[3, 3, 3, 3, 3, 3, 3, 3, 3, 3, 3], [3, 6, 6, 6, 6, 6, 6, 3, 3, 3, 3], [3, 6, 6, 6, 6, 6, 6, 6, 6, 6, 3], [3, 6, 6, 6, 6, 0, 6, 0, 6, 3, 3], [3, 6, 6, 6, 6, 0, 6, 0, 6, 3, 3], [3, 6, 6, 6, 6, 6, 6, 6, 6, 6, 3], [3, 6, 6, 6, 6, 6, 6, 3, 3, 3, 3], [3, 3, 3, 3, 3, 3, 3, 3, 3, 3, 3], [3, 3, 3, 3, 3, 3, 3, 3, 3, 3, 3], [3, 3, 3, 3, 3, 3, 3, 3, 3, 3, 3], [3, 3, 3, 3, 3, 3, 3, 3, 3, 3, 3]]}, {"input": [[0, 0, 0, 0, 0, 0, 0, 0, 0, 0, 0], [0, 0, 0, 9, 9, 0, 0, 0, 0, 0, 0], [0, 0, 0, 9, 9, 0, 0, 0, 0, 0, 0], [0, 9, 9, 9, 9, 0, 0, 0, 0, 0, 0], [0, 9, 9, 9, 9, 0, 0, 0, 0, 0, 0], [0, 9, 9, 9, 9, 0, 0, 0, 0, 0, 0], [0, 9, 9, 9, 9, 0, 0, 0, 0, 0, 0], [0, 9, 9, 9, 9, 0, 0, 0, 0, 0, 0], [0, 0, 0, 9, 9, 0, 0, 0, 0, 0, 0], [0, 0, 0, 9, 9, 0, 0, 0, 0, 0, 0], [0, 0, 0, 0, 0, 0, 0, 0, 0, 0, 0]], "output": [[3, 3, 3, 3, 3, 3, 3, 3, 3, 3, 3], [3, 3, 3, 9, 9, 3, 3, 3, 3, 3, 3], [3, 3, 3, 9, 9, 3, 3, 3, 3, 3, 3], [3, 9, 9, 9, 9, 3, 3, 3, 3, 3, 3], [3, 9, 9, 9, 9, 3, 3, 3, 3, 3, 3], [3, 9, 9, 9, 9, 3, 3, 3, 3, 3, 3], [3, 9, 9, 9, 9, 3, 3, 3, 3, 3, 3], [3, 9, 9, 9, 9, 3, 3, 3, 3, 3, 3], [3, 3, 3, 9, 9, 3, 3, 3, 3, 3, 3], [3, 3, 3, 9, 9, 3, 3, 3, 3, 3, 3], [3, 3, 3, 3, 3, 3, 3, 3, 3, 3, 3]]}, {"input": [[0, 0, 0, 0, 0, 0, 0, 0, 0, 0, 0], [0, 1, 1, 1, 0, 0, 0, 1, 1, 1, 0], [0, 1, 1, 1, 1, 1, 1, 1, 1, 1, 0], [0, 1, 1, 1, 1, 1, 1, 1, 1, 1, 0], [0, 1, 1, 1, 1, 1, 1, 1, 1, 1, 0], [0, 0, 0, 0, 0, 0, 0, 0, 0, 0, 0], [0, 0, 0, 0, 0, 0, 0, 0, 0, 0, 0], [0, 0, 0, 0, 0, 0, 0, 0, 0, 0, 0], [0, 0, 0, 0, 0, 0, 0, 0, 0, 0, 0], [0, 0, 0, 0, 0, 0, 0, 0, 0, 0, 0], [0, 0, 0, 0, 0, 0, 0, 0, 0, 0, 0]], "output": [[3, 3, 3, 3, 3, 3, 3, 3, 3, 3, 3], [3, 1, 1, 1, 3, 3, 3, 1, 1, 1, 3], [3, 1, 1, 1, 1, 1, 1, 1, 1, 1, 3], [3, 1, 1, 1, 1, 1, 1, 1, 1, 1, 3], [3, 1, 1, 1, 1, 1, 1, 1, 1, 1, 3], [3, 3, 3, 3, 3, 3, 3, 3, 3, 3, 3], [3, 3, 3, 3, 3, 3, 3, 3, 3, 3, 3], [3, 3, 3, 3, 3, 3, 3, 3, 3, 3, 3], [3, 3, 3, 3, 3, 3, 3, 3, 3, 3, 3], [3, 3, 3, 3, 3, 3, 3, 3, 3, 3, 3], [3, 3, 3, 3, 3, 3, 3, 3, 3, 3, 3]]}, {"input": [[0, 0, 0, 0, 0], [0, 0, 2, 0, 0], [0, 2, 2, 2, 0], [0, 0, 2, 0, 0], [0, 0, 0, 0, 0]], "output": [[3, 3, 3, 3, 3], [3, 3, 2, 3, 3], [3, 2, 2, 2, 3], [3, 3, 2, 3, 3], [3, 3, 3, 3, 3]]}, {"input": [[0, 0, 0, 0, 0, 0, 0, 0, 0, 0], [0, 0, 5, 5, 5, 5, 0, 0, 0, 0], [0, 5, 5, 5, 5, 5, 0, 0, 0, 0], [0, 5, 5, 5, 5, 5, 5, 0, 0, 0], [0, 0, 0, 0, 5, 5, 5, 0, 0, 0], [0, 0, 0, 0, 0, 0, 5, 0, 0, 0], [0, 0, 0, 0, 0, 5, 5, 0, 0, 0], [0, 0, 5, 5, 5, 5, 5, 0, 0, 0], [0, 0, 0, 5, 5, 5, 5, 0, 0, 0], [0, 0, 0, 0, 0, 0, 0, 0, 0, 0]], "output": [[3, 3, 3, 3, 3, 3, 3, 3, 3, 3], [3, 3, 5, 5, 5, 5, 3, 3, 3, 3], [3, 5, 5, 5, 5, 5, 3, 3, 3, 3], [3, 5, 5, 5, 5, 5, 5, 3, 3, 3], [3, 3, 3, 3, 5, 5, 5, 3, 3, 3], [3, 3, 3, 3, 3, 3, 5, 3, 3, 3], [3, 3, 3, 3, 3, 5, 5, 3, 3, 3], [3, 3, 5, 5, 5, 5, 5, 3, 3, 3], [3, 3, 3, 5, 5, 5, 5, 3, 3, 3], [3, 3, 3, 3, 3, 3, 3, 3, 3, 3]]}, {"input": [[0, 0, 0, 0, 0, 0, 0, 0, 0], [0, 4, 4, 4, 4, 0, 0, 0, 0], [0, 0, 4, 4, 4, 0, 0, 0, 0], [0, 4, 4, 4, 4, 0, 0, 0, 0], [0, 0, 4, 0, 0, 0, 0, 0, 0], [0, 4, 4, 4, 4, 0, 0, 0, 0], [0, 0, 4, 4, 4, 0, 0, 0, 0], [0, 4, 4, 4, 4, 0, 0, 0, 0], [0, 0, 0, 0, 0, 0, 0, 0, 0]], "output": [[3, 3, 3, 3, 3, 3, 3, 3, 3], [3, 4, 4, 4, 4, 3, 3, 3, 3], [3, 3, 4, 4, 4, 3, 3, 3, 3], [3, 4, 4, 4, 4, 3, 3, 3, 3], [3, 3, 4, 3, 3, 3, 3, 3, 3], [3, 4, 4, 4, 4, 3, 3, 3, 3], [3, 3, 4, 4, 4, 3, 3, 3, 3], [3, 4, 4, 4, 4, 3, 3, 3, 3], [3, 3, 3, 3, 3, 3, 3, 3, 3]]}, {"input": [[0, 0, 0, 0, 0, 0, 0, 0, 0, 0], [0, 0, 0, 0, 9, 9, 0, 0, 0, 0], [0, 0, 0, 0, 9, 9, 0, 0, 0, 0], [0, 9, 9, 9, 9, 9, 9, 9, 9, 0], [0, 9, 9, 9, 9, 9, 9, 9, 9, 0], [0, 0, 0, 0, 0, 0, 0, 0, 0, 0], [0, 0, 0, 0, 0, 0, 0, 0, 0, 0], [0, 0, 0, 0, 0, 0, 0, 0, 0, 0], [0, 0, 0, 0, 0, 0, 0, 0, 0, 0], [0, 0, 0, 0, 0, 0, 0, 0, 0, 0]], "output": [[3, 3, 3, 3, 3, 3, 3, 3, 3, 3], [3, 3, 3, 3, 9, 9, 3, 3, 3, 3], [3, 3, 3, 3, 9, 9, 3, 3, 3, 3], [3, 9, 9, 9, 9, 9, 9, 9, 9, 3], [3, 9, 9, 9, 9, 9, 9, 9, 9, 3], [3, 3, 3, 3, 3, 3, 3, 3, 3, 3], [3, 3, 3, 3, 3, 3, 3, 3, 3, 3], [3, 3, 3, 3, 3, 3, 3, 3, 3, 3], [3, 3, 3, 3, 3, 3, 3, 3, 3, 3], [3, 3, 3, 3, 3, 3, 3, 3, 3, 3]]}, {"input": [[0, 0, 0, 0, 0, 0], [0, 0, 0, 0, 2, 0], [0, 0, 0, 2, 2, 0], [0, 0, 2, 2, 2, 0], [0, 2, 2, 2, 2, 0], [0, 0, 0, 0, 0, 0]], "output": [[3, 3, 3, 3, 3, 3], [3, 3, 3, 3, 2, 3], [3, 3, 3, 2, 2, 3], [3, 3, 2, 2, 2, 3], [3, 2, 2, 2, 2, 3], [3, 3, 3, 3, 3, 3]]}, {"input": [[0, 0, 0, 0, 0, 0, 0], [0, 0, 5, 5, 5, 0, 0], [0, 5, 5, 5, 5, 5, 0], [0, 5, 5, 5, 5, 5, 0], [0, 0, 0, 0, 0, 0, 0], [0, 0, 0, 0, 0, 0, 0], [0, 0, 0, 0, 0, 0, 0]], "output": [[3, 3, 3, 3, 3, 3, 3], [3, 3, 5, 5, 5, 3, 3], [3, 5, 5, 5, 5, 5, 3], [3, 5, 5, 5, 5, 5, 3], [3, 3, 3, 3, 3, 3, 3], [3, 3, 3, 3, 3, 3, 3], [3, 3, 3, 3, 3, 3, 3]]}, {"input": [[0, 0, 0, 0, 0, 0], [0, 7, 7, 7, 7, 0], [0, 0, 0, 7, 7, 0], [0, 0, 0, 0, 7, 0], [0, 0, 0, 0, 7, 0], [0, 0, 0, 0, 0, 0]], "output": [[3, 3, 3, 3, 3, 3], [3, 7, 7, 7, 7, 3], [3, 3, 3, 7, 7, 3], [3, 3, 3, 3, 7, 3], [3, 3, 3, 3, 7, 3], [3, 3, 3, 3, 3, 3]]}, {"input": [[0, 0, 0, 0, 0, 0, 0, 0, 0], [0, 6, 0, 6, 0, 0, 0, 0, 0], [0, 6, 6, 6, 6, 0, 0, 0, 0], [0, 6, 6, 6, 6, 0, 0, 0, 0], [0, 6, 0, 0, 0, 0, 0, 0, 0], [0, 6, 6, 6, 6, 0, 0, 0, 0], [0, 6, 6, 6, 6, 0, 0, 0, 0], [0, 6, 0, 6, 0, 0, 0, 0, 0], [0, 0, 0, 0, 0, 0, 0, 0, 0]], "output": [[3, 3, 3, 3, 3, 3, 3, 3, 3], [3, 6, 3, 6, 3, 3, 3, 3, 3], [3, 6, 6, 6, 6, 3, 3, 3, 3], [3, 6, 6, 6, 6, 3, 3, 3, 3], [3, 6, 3, 3, 3, 3, 3, 3, 3], [3, 6, 6, 6, 6, 3, 3, 3, 3], [3, 6, 6, 6, 6, 3, 3, 3, 3], [3, 6, 3, 6, 3, 3, 3, 3, 3], [3, 3, 3, 3, 3, 3, 3, 3, 3]]}, {"input": [[0, 0, 0, 0, 0, 0, 0, 0, 0], [0, 7, 7, 7, 7, 0, 0, 0, 0], [0, 7, 7, 7, 0, 0, 0, 0, 0], [0, 7, 7, 7, 0, 0, 0, 0, 0], [0, 7, 7, 0, 0, 0, 0, 0, 0], [0, 7, 7, 7, 0, 0, 0, 0, 0], [0, 7, 7, 7, 0, 0, 0, 0, 0], [0, 7, 7, 7, 7, 0, 0, 0, 0], [0, 0, 0, 0, 0, 0, 0, 0, 0]], "output": [[3, 3, 3, 3, 3, 3, 3, 3, 3], [3, 7, 7, 7, 7, 3, 3, 3, 3], [3, 7, 7, 7, 3, 3, 3, 3, 3], [3, 7, 7, 7, 3, 3, 3, 3, 3], [3, 7, 7, 3, 3, 3, 3, 3, 3], [3, 7, 7, 7, 3, 3, 3, 3, 3], [3, 7, 7, 7, 3, 3, 3, 3, 3], [3, 7, 7, 7, 7, 3, 3, 3, 3], [3, 3, 3, 3, 3, 3, 3, 3, 3]]}, {"input": [[0, 0, 0, 0, 0, 0, 0], [0, 0, 7, 0, 7, 0, 0], [0, 7, 7, 7, 7, 7, 0], [0, 7, 7, 7, 7, 7, 0], [0, 0, 0, 0, 0, 0, 0], [0, 0, 0, 0, 0, 0, 0], [0, 0, 0, 0, 0, 0, 0]], "output": [[3, 3, 3, 3, 3, 3, 3], [3, 3, 7, 3, 7, 3, 3], [3, 7, 7, 7, 7, 7, 3], [3, 7, 7, 7, 7, 7, 3], [3, 3, 3, 3, 3, 3, 3], [3, 3, 3, 3, 3, 3, 3], [3, 3, 3, 3, 3, 3, 3]]}, {"input": [[0, 0, 0, 0, 0, 0, 0], [0, 9, 9, 9, 9, 9, 0], [0, 9, 9, 9, 9, 9, 0], [0, 9, 9, 0, 0, 0, 0], [0, 9, 9, 0, 0, 0, 0], [0, 9, 9, 0, 0, 0, 0], [0, 0, 0, 0, 0, 0, 0]], "output": [[3, 3, 3, 3, 3, 3, 3], [3, 9, 9, 9, 9, 9, 3], [3, 9, 9, 9, 9, 9, 3], [3, 9, 9, 3, 3, 3, 3], [3, 9, 9, 3, 3, 3, 3], [3, 9, 9, 3, 3, 3, 3], [3, 3, 3, 3, 3, 3, 3]]}, {"input": [[0, 0, 0, 0, 0, 0, 0, 0, 0, 0, 0], [0, 0, 0, 7, 0, 0, 7, 0, 0, 0, 0], [0, 0, 7, 7, 7, 7, 7, 7, 0, 0, 0], [0, 7, 7, 7, 7, 7, 7, 7, 7, 0, 0], [0, 7, 7, 7, 7, 7, 7, 7, 7, 0, 0], [0, 0, 7, 7, 7, 7, 7, 7, 0, 0, 0], [0, 0, 0, 0, 7, 7, 0, 0, 0, 0, 0], [0, 0, 0, 7, 7, 7, 7, 0, 0, 0, 0], [0, 0, 0, 7, 7, 7, 7, 0, 0, 0, 0], [0, 0, 0, 7, 7, 7, 7, 0, 0, 0, 0], [0, 0, 0, 0, 0, 0, 0, 0, 0, 0, 0]], "output": [[3, 3, 3, 3, 3, 3, 3, 3, 3, 3, 3], [3, 3, 3, 7, 3, 3, 7, 3, 3, 3, 3], [3, 3, 7, 7, 7, 7, 7, 7, 3, 3, 3], [3, 7, 7, 7, 7, 7, 7, 7, 7, 3, 3], [3, 7, 7, 7, 7, 7, 7, 7, 7, 3, 3], [3, 3, 7, 7, 7, 7, 7, 7, 3, 3, 3], [3, 3, 3, 3, 7, 7, 3, 3, 3, 3, 3], [3, 3, 3, 7, 7, 7, 7, 3, 3, 3, 3], [3, 3, 3, 7, 7, 7, 7, 3, 3, 3, 3], [3, 3, 3, 7, 7, 7, 7, 3, 3, 3, 3], [3, 3, 3, 3, 3, 3, 3, 3, 3, 3, 3]]}, {"input": [[0, 0, 0, 0, 0, 0, 0, 0, 0, 0, 0], [0, 0, 0, 7, 7, 7, 0, 0, 0, 0, 0], [0, 0, 7, 7, 0, 7, 0, 0, 0, 0, 0], [0, 0, 0, 7, 7, 7, 0, 0, 0, 0, 0], [0, 7, 7, 7, 7, 7, 0, 0, 0, 0, 0], [0, 7, 7, 7, 7, 7, 7, 0, 0, 0, 0], [0, 7, 7, 7, 7, 0, 0, 0, 0, 0, 0], [0, 7, 7, 7, 7, 0, 0, 0, 0, 0, 0], [0, 7, 7, 7, 0, 0, 0, 0, 0, 0, 0], [0, 7, 7, 7, 0, 0, 0, 0, 0, 0, 0], [0, 0, 0, 0, 0, 0, 0, 0, 0, 0, 0]], "output": [[3, 3, 3, 3, 3, 3, 3, 3, 3, 3, 3], [3, 3, 3, 7, 7, 7, 3, 3, 3, 3, 3], [3, 3, 7, 7, 0, 7, 3, 3, 3, 3, 3], [3, 3, 3, 7, 7, 7, 3, 3, 3, 3, 3], [3, 7, 7, 7, 7, 7, 3, 3, 3, 3, 3], [3, 7, 7, 7, 7, 7, 7, 3, 3, 3, 3], [3, 7, 7, 7, 7, 3, 3, 3, 3, 3, 3], [3, 7, 7, 7, 7, 3, 3, 3, 3, 3, 3], [3, 7, 7, 7, 3, 3, 3, 3, 3, 3, 3], [3, 7, 7, 7, 3, 3, 3, 3, 3, 3, 3], [3, 3, 3, 3, 3, 3, 3, 3, 3, 3, 3]]}, {"input": [[0, 0, 0, 0, 0, 0, 0], [0, 0, 2, 2, 2, 0, 0], [0, 2, 2, 0, 2, 2, 0], [0, 2, 2, 0, 2, 2, 0], [0, 2, 2, 0, 2, 2, 0], [0, 2, 0, 0, 0, 2, 0], [0, 0, 0, 0, 0, 0, 0]], "output": [[3, 3, 3, 3, 3, 3, 3], [3, 3, 2, 2, 2, 3, 3], [3, 2, 2, 3, 2, 2, 3], [3, 2, 2, 3, 2, 2, 3], [3, 2, 2, 3, 2, 2, 3], [3, 2, 3, 3, 3, 2, 3], [3, 3, 3, 3, 3, 3, 3]]}, {"input": [[0, 0, 0, 0, 0, 0, 0, 0, 0, 0], [0, 9, 9, 9, 9, 9, 0, 0, 0, 0], [0, 9, 9, 9, 9, 9, 9, 0, 0, 0], [0, 0, 9, 9, 9, 9, 9, 0, 0, 0], [0, 0, 0, 9, 9, 9, 9, 0, 0, 0], [0, 0, 0, 9, 9, 9, 9, 0, 0, 0], [0, 0, 9, 9, 9, 9, 9, 0, 0, 0], [0, 9, 9, 9, 9, 9, 9, 0, 0, 0], [0, 9, 9, 9, 9, 9, 0, 0, 0, 0], [0, 0, 0, 0, 0, 0, 0, 0, 0, 0]], "output": [[3, 3, 3, 3, 3, 3, 3, 3, 3, 3], [3, 9, 9, 9, 9, 9, 3, 3, 3, 3], [3, 9, 9, 9, 9, 9, 9, 3, 3, 3], [3, 3, 9, 9, 9, 9, 9, 3, 3, 3], [3, 3, 3, 9, 9, 9, 9, 3, 3, 3], [3, 3, 3, 9, 9, 9, 9, 3, 3, 3], [3, 3, 9, 9, 9, 9, 9, 3, 3, 3], [3, 9, 9, 9, 9, 9, 9, 3, 3, 3], [3, 9, 9, 9, 9, 9, 3, 3, 3, 3], [3, 3, 3, 3, 3, 3, 3, 3, 3, 3]]}], "test": [{"input": [[0, 0, 0, 0, 0, 0], [0, 5, 0, 5, 0, 0], [0, 5, 0, 5, 0, 0], [0, 5, 5, 5, 0, 0], [0, 5, 5, 5, 0, 0], [0, 0, 0, 0, 0, 0]], "output": [[3, 3, 3, 3, 3, 3], [3, 5, 3, 5, 3, 3], [3, 5, 3, 5, 3, 3], [3, 5, 5, 5, 3, 3], [3, 5, 5, 5, 3, 3], [3, 3, 3, 3, 3, 3]]}, {"input": [[0, 0, 0, 0, 0, 0, 0], [0, 7, 7, 7, 0, 0, 0], [0, 7, 7, 7, 0, 0, 0], [0, 7, 7, 7, 7, 7, 0], [0, 7, 7, 7, 7, 7, 0], [0, 7, 7, 7, 7, 7, 0], [0, 0, 0, 0, 0, 0, 0]], "output": [[3, 3, 3, 3, 3, 3, 3], [3, 7, 7, 7, 3, 3, 3], [3, 7, 7, 7, 3, 3, 3], [3, 7, 7, 7, 7, 7, 3], [3, 7, 7, 7, 7, 7, 3], [3, 7, 7, 7, 7, 7, 3], [3, 3, 3, 3, 3, 3, 3]]}, {"input": [[0, 0, 0, 0, 0, 0, 0, 0, 0, 0], [0, 1, 1, 1, 0, 0, 1, 1, 1, 0], [0, 1, 1, 1, 1, 1, 1, 1, 1, 0], [0, 1, 0, 1, 1, 1, 1, 0, 1, 0], [0, 1, 1, 1, 1, 1, 1, 1, 1, 0], [0, 1, 1, 1, 1, 1, 1, 1, 1, 0], [0, 0, 1, 1, 1, 1, 1, 1, 0, 0], [0, 0, 0, 0, 0, 0, 0, 0, 0, 0], [0, 0, 0, 0, 0, 0, 0, 0, 0, 0], [0, 0, 0, 0, 0, 0, 0, 0, 0, 0]], "output": [[3, 3, 3, 3, 3, 3, 3, 3, 3, 3], [3, 1, 1, 1, 3, 3, 1, 1, 1, 3], [3, 1, 1, 1, 1, 1, 1, 1, 1, 3], [3, 1, 0, 1, 1, 1, 1, 0, 1, 3], [3, 1, 1, 1, 1, 1, 1, 1, 1, 3], [3, 1, 1, 1, 1, 1, 1, 1, 1, 3], [3, 3, 1, 1, 1, 1, 1, 1, 3, 3], [3, 3, 3, 3, 3, 3, 3, 3, 3, 3], [3, 3, 3, 3, 3, 3, 3, 3, 3, 3], [3, 3, 3, 3, 3, 3, 3, 3, 3, 3]]}]}