{"train": [{"input": [[9, 9, 0, 0, 9, 0, 0, 0, 0, 0], [0, 0, 9, 9, 9, 0, 0, 0, 0, 0], [0, 9, 9, 0, 0, 0, 0, 0, 0, 0], [0, 9, 0, 0, 0, 0, 0, 0, 0, 0], [0, 9, 9, 0, 9, 0, 0, 0, 0, 0], [0, 0, 0, 0, 0, 0, 0, 0, 0, 0], [9, 0, 9, 0, 9, 0, 0, 0, 0, 0]], "output": [[9, 9, 9, 9, 9, 9, 9, 9, 9, 9], [9, 9, 9, 9, 9, 9, 9, 9, 9, 9], [9, 9, 9, 9, 9, 9, 9, 9, 9, 9], [9, 9, 9, 9, 9, 9, 9, 9, 9, 9], [9, 9, 9, 9, 9, 9, 9, 9, 9, 9], [9, 9, 9, 9, 9, 9, 9, 9, 9, 9], [9, 9, 9, 9, 9, 9, 9, 9, 9, 9]]}, {"input": [[6, 6, 0, 0, 0, 0, 0, 0, 0, 0], [6, 0, 6, 6, 0, 0, 0, 0, 0, 0], [0, 6, 0, 6, 0, 0, 0, 0, 0, 0], [0, 0, 6, 6, 0, 0, 0, 0, 0, 0], [0, 0, 0, 6, 6, 0, 0, 0, 0, 0], [0, 0, 6, 6, 0, 0, 0, 0, 0, 0], [0, 6, 6, 6, 0, 0, 0, 0, 0, 0], [0, 0, 6, 0, 0, 0, 0, 0, 0, 0], [6, 0, 0, 0, 6, 0, 0, 0, 0, 0]], "output": [[6, 6, 6, 6, 6, 6, 6, 6, 6, 6], [6, 6, 6, 6, 6, 6, 6, 6, 6, 6], [6, 6, 6, 6, 6, 6, 6, 6, 6, 6], [6, 6, 6, 6, 6, 6, 6, 6, 6, 6], [6, 6, 6, 6, 6, 6, 6, 6, 6, 6], [6, 6, 6, 6, 6, 6, 6, 6, 6, 6], [6, 6, 6, 6, 6, 6, 6, 6, 6, 6], [6, 6, 6, 6, 6, 6, 6, 6, 6, 6], [6, 6, 6, 6, 6, 6, 6, 6, 6, 6]]}, {"input": [[4, 0, 4, 4, 0, 0, 0, 0, 0, 0], [0, 0, 0, 0, 0, 0, 0, 0, 0, 0], [0, 0, 0, 0, 0, 0, 0, 0, 0, 0], [0, 4, 4, 0, 4, 0, 0, 0, 0, 0], [4, 4, 4, 0, 0, 0, 0, 0, 0, 0], [4, 4, 0, 4, 0, 0, 0, 0, 0, 0], [0, 4, 4, 4, 4, 0, 0, 0, 0, 0], [4, 0, 0, 0, 0, 0, 0, 0, 0, 0]], "output": [[4, 4, 4, 4, 4, 4, 4, 4, 4, 4], [4, 4, 4, 4, 4, 4, 4, 4, 4, 4], [4, 4, 4, 4, 4, 4, 4, 4, 4, 4], [4, 4, 4, 4, 4, 4, 4, 4, 4, 4], [4, 4, 4, 4, 4, 4, 4, 4, 4, 4], [4, 4, 4, 4, 4, 4, 4, 4, 4, 4], [4, 4, 4, 4, 4, 4, 4, 4, 4, 4], [4, 4, 4, 4, 4, 4, 4, 4, 4, 4]]}, {"input": [[3, 0, 3, 0, 0, 0], [0, 3, 0, 0, 0, 0], [3, 3, 3, 0, 0, 0], [0, 0, 3, 0, 0, 0], [0, 3, 0, 0, 0, 0], [3, 3, 0, 0, 0, 0]], "output": [[3, 3, 3, 3, 3, 3], [3, 3, 3, 3, 3, 3], [3, 3, 3, 3, 3, 3], [3, 3, 3, 3, 3, 3], [3, 3, 3, 3, 3, 3], [3, 3, 3, 3, 3, 3]]}, {"input": [[0, 8, 0, 0, 0, 0], [8, 0, 8, 0, 0, 0], [8, 8, 0, 0, 0, 0], [8, 8, 0, 0, 0, 0], [0, 0, 0, 0, 0, 0]], "output": [[8, 8, 8, 8, 8, 8], [8, 8, 8, 8, 8, 8], [8, 8, 8, 8, 8, 8], [8, 8, 8, 8, 8, 8], [8, 8, 8, 8, 8, 8]]}, {"input": [[0, 6, 6, 0, 0, 0, 0, 0], [6, 6, 6, 0, 0, 0, 0, 0], [0, 0, 6, 0, 0, 0, 0, 0], [0, 0, 6, 0, 0, 0, 0, 0], [6, 6, 6, 0, 0, 0, 0, 0], [6, 0, 0, 6, 0, 0, 0, 0], [0, 6, 0, 6, 0, 0, 0, 0], [0, 6, 6, 0, 0, 0, 0, 0]], "output": [[6, 6, 6, 6, 6, 6, 6, 6], [6, 6, 6, 6, 6, 6, 6, 6], [6, 6, 6, 6, 6, 6, 6, 6], [6, 6, 6, 6, 6, 6, 6, 6], [6, 6, 6, 6, 6, 6, 6, 6], [6, 6, 6, 6, 6, 6, 6, 6], [6, 6, 6, 6, 6, 6, 6, 6], [6, 6, 6, 6, 6, 6, 6, 6]]}, {"input": [[3, 3, 0, 0, 0, 0, 0, 0], [0, 0, 3, 0, 0, 0, 0, 0], [3, 3, 0, 3, 0, 0, 0, 0], [3, 0, 0, 3, 0, 0, 0, 0], [3, 3, 3, 0, 0, 0, 0, 0]], "output": [[3, 3, 3, 3, 3, 3, 3, 3], [3, 3, 3, 3, 3, 3, 3, 3], [3, 3, 3, 3, 3, 3, 3, 3], [3, 3, 3, 3, 3, 3, 3, 3], [3, 3, 3, 3, 3, 3, 3, 3]]}, {"input": [[7, 0, 0, 7, 0, 0, 0, 0], [0, 0, 7, 0, 0, 0, 0, 0], [0, 0, 7, 7, 0, 0, 0, 0], [0, 7, 0, 0, 0, 0, 0, 0], [0, 7, 0, 7, 0, 0, 0, 0]], "output": [[7, 7, 7, 7, 7, 7, 7, 7], [7, 7, 7, 7, 7, 7, 7, 7], [7, 7, 7, 7, 7, 7, 7, 7], [7, 7, 7, 7, 7, 7, 7, 7], [7, 7, 7, 7, 7, 7, 7, 7]]}, {"input": [[0, 7, 7, 0, 0, 0], [7, 0, 7, 0, 0, 0], [7, 7, 7, 0, 0, 0], [7, 7, 7, 0, 0, 0], [0, 0, 0, 0, 0, 0], [7, 7, 0, 0, 0, 0]], "output": [[7, 7, 7, 7, 7, 7], [7, 7, 7, 7, 7, 7], [7, 7, 7, 7, 7, 7], [7, 7, 7, 7, 7, 7], [7, 7, 7, 7, 7, 7], [7, 7, 7, 7, 7, 7]]}, {"input": [[7, 7, 7, 7, 0, 0, 0, 0], [0, 0, 0, 0, 0, 0, 0, 0], [0, 0, 0, 7, 0, 0, 0, 0], [0, 0, 7, 0, 0, 0, 0, 0], [7, 0, 7, 0, 0, 0, 0, 0], [7, 7, 7, 0, 0, 0, 0, 0], [0, 0, 7, 0, 0, 0, 0, 0]], "output": [[7, 7, 7, 7, 7, 7, 7, 7], [7, 7, 7, 7, 7, 7, 7, 7], [7, 7, 7, 7, 7, 7, 7, 7], [7, 7, 7, 7, 7, 7, 7, 7], [7, 7, 7, 7, 7, 7, 7, 7], [7, 7, 7, 7, 7, 7, 7, 7], [7, 7, 7, 7, 7, 7, 7, 7]]}, {"input": [[0, 9, 0, 0, 0, 0], [9, 0, 9, 0, 0, 0], [0, 0, 9, 0, 0, 0], [9, 9, 0, 0, 0, 0], [0, 0, 9, 0, 0, 0], [9, 9, 0, 0, 0, 0]], "output": [[9, 9, 9, 9, 9, 9], [9, 9, 9, 9, 9, 9], [9, 9, 9, 9, 9, 9], [9, 9, 9, 9, 9, 9], [9, 9, 9, 9, 9, 9], [9, 9, 9, 9, 9, 9]]}, {"input": [[5, 0, 5, 0, 0, 0, 0, 0], [0, 0, 0, 5, 0, 0, 0, 0], [0, 0, 0, 5, 0, 0, 0, 0], [0, 0, 5, 5, 0, 0, 0, 0], [0, 5, 5, 0, 0, 0, 0, 0], [5, 5, 0, 0, 0, 0, 0, 0], [5, 0, 5, 0, 0, 0, 0, 0]], "output": [[5, 5, 5, 5, 5, 5, 5, 5], [5, 5, 5, 5, 5, 5, 5, 5], [5, 5, 5, 5, 5, 5, 5, 5], [5, 5, 5, 5, 5, 5, 5, 5], [5, 5, 5, 5, 5, 5, 5, 5], [5, 5, 5, 5, 5, 5, 5, 5], [5, 5, 5, 5, 5, 5, 5, 5]]}, {"input": [[0, 8, 0, 0, 8, 0, 0, 0, 0, 0], [8, 8, 0, 0, 0, 0, 0, 0, 0, 0], [0, 0, 0, 8, 8, 0, 0, 0, 0, 0], [0, 8, 8, 8, 8, 0, 0, 0, 0, 0], [8, 8, 8, 0, 8, 0, 0, 0, 0, 0], [0, 0, 0, 8, 0, 0, 0, 0, 0, 0], [8, 8, 8, 0, 0, 0, 0, 0, 0, 0], [8, 0, 8, 8, 8, 0, 0, 0, 0, 0]], "output": [[8, 8, 8, 8, 8, 8, 8, 8, 8, 8], [8, 8, 8, 8, 8, 8, 8, 8, 8, 8], [8, 8, 8, 8, 8, 8, 8, 8, 8, 8], [8, 8, 8, 8, 8, 8, 8, 8, 8, 8], [8, 8, 8, 8, 8, 8, 8, 8, 8, 8], [8, 8, 8, 8, 8, 8, 8, 8, 8, 8], [8, 8, 8, 8, 8, 8, 8, 8, 8, 8], [8, 8, 8, 8, 8, 8, 8, 8, 8, 8]]}, {"input": [[0, 0, 6, 6, 0, 0, 0, 0, 0, 0], [0, 6, 6, 6, 0, 0, 0, 0, 0, 0], [0, 6, 6, 6, 6, 0, 0, 0, 0, 0], [6, 0, 0, 0, 0, 0, 0, 0, 0, 0], [6, 0, 6, 6, 6, 0, 0, 0, 0, 0], [6, 0, 0, 6, 0, 0, 0, 0, 0, 0], [6, 0, 0, 0, 0, 0, 0, 0, 0, 0], [0, 0, 0, 6, 0, 0, 0, 0, 0, 0], [6, 0, 6, 6, 0, 0, 0, 0, 0, 0]], "output": [[6, 6, 6, 6, 6, 6, 6, 6, 6, 6], [6, 6, 6, 6, 6, 6, 6, 6, 6, 6], [6, 6, 6, 6, 6, 6, 6, 6, 6, 6], [6, 6, 6, 6, 6, 6, 6, 6, 6, 6], [6, 6, 6, 6, 6, 6, 6, 6, 6, 6], [6, 6, 6, 6, 6, 6, 6, 6, 6, 6], [6, 6, 6, 6, 6, 6, 6, 6, 6, 6], [6, 6, 6, 6, 6, 6, 6, 6, 6, 6], [6, 6, 6, 6, 6, 6, 6, 6, 6, 6]]}], "test": [{"input": [[4, 0, 4, 0, 0, 0], [4, 0, 4, 0, 0, 0], [0, 4, 0, 0, 0, 0], [4, 0, 0, 0, 0, 0], [4, 0, 0, 0, 0, 0], [0, 4, 0, 0, 0, 0]], "output": [[4, 4, 4, 4, 4, 4], [4, 4, 4, 4, 4, 4], [4, 4, 4, 4, 4, 4], [4, 4, 4, 4, 4, 4], [4, 4, 4, 4, 4, 4], [4, 4, 4, 4, 4, 4]]}, {"input": [[4, 4, 4, 0, 0, 0, 0, 0], [4, 4, 4, 0, 0, 0, 0, 0], [4, 0, 4, 4, 0, 0, 0, 0], [4, 0, 4, 4, 0, 0, 0, 0], [0, 0, 4, 4, 0, 0, 0, 0], [4, 0, 4, 4, 0, 0, 0, 0], [0, 4, 0, 4, 0, 0, 0, 0]], "output": [[4, 4, 4, 4, 4, 4, 4, 4], [4, 4, 4, 4, 4, 4, 4, 4], [4, 4, 4, 4, 4, 4, 4, 4], [4, 4, 4, 4, 4, 4, 4, 4], [4, 4, 4, 4, 4, 4, 4, 4], [4, 4, 4, 4, 4, 4, 4, 4], [4, 4, 4, 4, 4, 4, 4, 4]]}]}