{"train": [{"input": [[0, 0, 0, 0, 0, 0, 0, 0, 0, 0, 0, 0, 0], [0, 0, 0, 0, 0, 0, 0, 0, 5, 8, 5, 5, 5], [0, 0, 5, 8, 5, 0, 0, 0, 3, 5, 5, 5, 5], [0, 0, 5, 9, 5, 0, 0, 0, 5, 5, 8, 5, 5], [0, 0, 5, 5, 5, 0, 0, 0, 5, 5, 5, 5, 5], [0, 0, 0, 0, 0, 0, 0, 0, 5, 5, 5, 5, 5], [0, 0, 0, 0, 0, 0, 0, 0, 0, 6, 0, 0, 0], [0, 0, 0, 0, 0, 0, 0, 0, 2, 5, 5, 5, 5], [0, 0, 0, 5, 6, 5, 5, 5, 0, 4, 5, 5, 5], [0, 0, 0, 5, 5, 5, 5, 5, 0, 5, 5, 2, 5], [0, 0, 0, 5, 5, 8, 5, 5, 0, 5, 5, 5, 5], [0, 0, 0, 5, 5, 5, 5, 5, 0, 0, 0, 0, 0], [0, 0, 0, 5, 5, 5, 5, 5, 0, 0, 0, 0, 0]], "output": [[8, 8, 8, 8, 8, 8, 8, 8, 8, 8, 8, 8, 8], [8, 8, 8, 8, 8, 8, 8, 8, 8, 8, 8, 8, 8], [8, 8, 0, 8, 0, 8, 8, 8, 8, 8, 8, 8, 8], [8, 8, 0, 8, 0, 8, 8, 8, 8, 8, 8, 8, 8], [8, 8, 0, 0, 0, 8, 8, 8, 8, 8, 8, 8, 8], [8, 8, 8, 8, 8, 8, 8, 8, 8, 8, 8, 8, 8], [8, 8, 8, 8, 8, 8, 8, 8, 8, 8, 8, 8, 8], [8, 8, 8, 8, 8, 8, 8, 8, 8, 8, 8, 8, 8], [8, 8, 8, 8, 8, 8, 8, 8, 8, 8, 8, 8, 8], [8, 8, 8, 8, 8, 8, 8, 8, 8, 8, 8, 8, 8], [8, 8, 8, 8, 8, 8, 8, 8, 8, 8, 8, 8, 8], [8, 8, 8, 8, 8, 8, 8, 8, 8, 8, 8, 8, 8], [8, 8, 8, 8, 8, 8, 8, 8, 8, 8, 8, 8, 8]]}, {"input": [[0, 0, 0, 0, 0, 0, 0, 0, 0, 0, 0, 0], [0, 0, 0, 0, 0, 0, 0, 0, 0, 0, 0, 0], [0, 0, 0, 2, 5, 2, 5, 5, 5, 0, 0, 0], [0, 0, 0, 0, 2, 5, 5, 5, 5, 0, 0, 0], [0, 0, 0, 0, 5, 5, 2, 5, 5, 0, 0, 0], [0, 0, 0, 0, 5, 5, 5, 5, 5, 0, 0, 0], [0, 0, 0, 0, 5, 5, 5, 5, 5, 0, 0, 0], [8, 0, 0, 0, 0, 0, 0, 0, 0, 6, 0, 0], [5, 4, 5, 0, 0, 0, 0, 0, 0, 5, 5, 5], [5, 7, 5, 0, 0, 0, 0, 0, 0, 5, 9, 5], [5, 5, 5, 0, 0, 0, 0, 0, 0, 5, 5, 5], [0, 0, 0, 0, 0, 0, 0, 0, 0, 0, 0, 0]], "output": [[9, 9, 9, 9, 9, 9, 9, 9, 9, 9, 9, 9], [9, 9, 9, 9, 9, 9, 9, 9, 9, 9, 9, 9], [9, 9, 9, 9, 9, 9, 9, 9, 9, 9, 9, 9], [9, 9, 9, 9, 9, 9, 9, 9, 9, 9, 9, 9], [9, 9, 9, 9, 9, 9, 9, 9, 9, 9, 9, 9], [9, 9, 9, 9, 9, 9, 9, 9, 9, 9, 9, 9], [9, 9, 9, 9, 9, 9, 9, 9, 9, 9, 9, 9], [9, 9, 9, 9, 9, 9, 9, 9, 9, 9, 9, 9], [0, 9, 0, 9, 9, 9, 9, 9, 9, 9, 9, 9], [0, 9, 0, 9, 9, 9, 9, 9, 9, 9, 9, 9], [0, 0, 0, 9, 9, 9, 9, 9, 9, 9, 9, 9], [9, 9, 9, 9, 9, 9, 9, 9, 9, 9, 9, 9]]}, {"input": [[0, 0, 0, 0, 0, 0, 0, 0, 0, 0, 0, 0, 0, 0], [5, 4, 5, 0, 0, 0, 0, 0, 0, 0, 0, 0, 0, 0], [5, 3, 5, 0, 0, 0, 0, 0, 0, 0, 0, 0, 0, 0], [5, 5, 5, 0, 0, 0, 0, 5, 7, 5, 5, 5, 0, 0], [0, 0, 0, 0, 0, 0, 0, 5, 5, 5, 5, 5, 0, 0], [4, 5, 3, 5, 5, 5, 0, 5, 5, 7, 5, 5, 0, 0], [0, 5, 5, 5, 5, 5, 0, 5, 5, 5, 5, 5, 0, 0], [0, 5, 5, 6, 5, 5, 0, 5, 5, 5, 5, 5, 0, 0], [0, 5, 5, 5, 5, 5, 0, 0, 0, 0, 0, 0, 0, 0], [0, 5, 5, 5, 5, 5, 0, 0, 0, 0, 0, 0, 0, 0], [0, 0, 0, 0, 0, 0, 0, 0, 0, 0, 0, 0, 0, 0], [0, 0, 0, 0, 0, 0, 0, 0, 0, 0, 0, 0, 0, 0]], "output": [[3, 3, 3, 3, 3, 3, 3, 3, 3, 3, 3, 3, 3, 3], [3, 3, 3, 3, 3, 3, 3, 3, 3, 3, 3, 3, 3, 3], [3, 3, 3, 3, 3, 3, 3, 3, 3, 3, 3, 3, 3, 3], [3, 3, 3, 3, 3, 3, 3, 3, 3, 3, 3, 3, 3, 3], [3, 3, 3, 3, 3, 3, 3, 3, 3, 3, 3, 3, 3, 3], [3, 0, 3, 0, 0, 0, 3, 3, 3, 3, 3, 3, 3, 3], [3, 0, 0, 0, 0, 0, 3, 3, 3, 3, 3, 3, 3, 3], [3, 0, 0, 3, 0, 0, 3, 3, 3, 3, 3, 3, 3, 3], [3, 0, 0, 0, 0, 0, 3, 3, 3, 3, 3, 3, 3, 3], [3, 0, 0, 0, 0, 0, 3, 3, 3, 3, 3, 3, 3, 3], [3, 3, 3, 3, 3, 3, 3, 3, 3, 3, 3, 3, 3, 3], [3, 3, 3, 3, 3, 3, 3, 3, 3, 3, 3, 3, 3, 3]]}, {"input": [[0, 0, 0, 0, 0, 6, 0, 0, 0, 0, 0, 0, 0, 0], [0, 0, 0, 0, 0, 5, 5, 5, 5, 5, 0, 0, 0, 0], [0, 0, 0, 0, 0, 6, 5, 5, 5, 5, 0, 0, 0, 0], [5, 5, 5, 5, 0, 5, 5, 1, 5, 5, 0, 0, 0, 0], [9, 5, 5, 5, 0, 5, 5, 5, 5, 5, 0, 0, 0, 0], [5, 5, 8, 5, 0, 5, 5, 5, 5, 5, 0, 0, 0, 0], [5, 5, 5, 5, 0, 0, 0, 0, 0, 0, 0, 0, 0, 0], [0, 0, 0, 0, 0, 0, 0, 0, 0, 0, 0, 0, 0, 0], [0, 0, 0, 0, 0, 0, 0, 0, 0, 0, 5, 5, 5, 5], [0, 0, 0, 0, 0, 0, 0, 0, 0, 0, 5, 5, 5, 5], [0, 0, 0, 0, 2, 0, 0, 0, 0, 0, 5, 5, 6, 5], [0, 0, 0, 0, 5, 5, 5, 0, 0, 0, 5, 5, 5, 5], [0, 0, 0, 0, 5, 8, 5, 0, 0, 0, 0, 0, 0, 0], [0, 0, 0, 0, 5, 5, 5, 0, 0, 0, 0, 0, 0, 0]], "output": [[1, 1, 1, 1, 1, 1, 1, 1, 1, 1, 1, 1, 1, 1], [1, 1, 1, 1, 1, 1, 1, 1, 1, 1, 1, 1, 1, 1], [1, 1, 1, 1, 1, 1, 1, 1, 1, 1, 1, 1, 1, 1], [1, 1, 1, 1, 1, 1, 1, 1, 1, 1, 1, 1, 1, 1], [1, 1, 1, 1, 1, 1, 1, 1, 1, 1, 1, 1, 1, 1], [1, 1, 1, 1, 1, 1, 1, 1, 1, 1, 1, 1, 1, 1], [1, 1, 1, 1, 1, 1, 1, 1, 1, 1, 1, 1, 1, 1], [1, 1, 1, 1, 1, 1, 1, 1, 1, 1, 1, 1, 1, 1], [1, 1, 1, 1, 1, 1, 1, 1, 1, 1, 1, 1, 1, 1], [1, 1, 1, 1, 1, 1, 1, 1, 1, 1, 1, 1, 1, 1], [1, 1, 1, 1, 1, 1, 1, 1, 1, 1, 1, 1, 1, 1], [1, 1, 1, 1, 0, 0, 0, 1, 1, 1, 1, 1, 1, 1], [1, 1, 1, 1, 0, 1, 0, 1, 1, 1, 1, 1, 1, 1], [1, 1, 1, 1, 0, 0, 0, 1, 1, 1, 1, 1, 1, 1]]}, {"input": [[0, 0, 0, 0, 0, 0, 0, 0, 0, 0, 0, 0, 0, 0], [0, 0, 0, 0, 0, 0, 0, 0, 5, 6, 5, 0, 0, 0], [0, 0, 0, 0, 0, 0, 0, 0, 5, 6, 5, 0, 0, 0], [0, 0, 0, 0, 0, 0, 0, 0, 5, 5, 5, 0, 0, 0], [0, 0, 0, 0, 0, 9, 0, 0, 0, 0, 0, 0, 0, 0], [0, 0, 0, 0, 0, 5, 5, 5, 0, 0, 0, 0, 0, 0], [0, 0, 0, 0, 0, 5, 4, 5, 0, 0, 0, 0, 0, 0], [0, 0, 0, 0, 0, 5, 5, 5, 0, 0, 0, 0, 0, 0], [0, 0, 0, 0, 0, 0, 0, 0, 0, 0, 0, 0, 0, 0], [0, 0, 0, 0, 0, 0, 5, 5, 5, 5, 0, 0, 0, 0], [0, 0, 0, 0, 0, 0, 5, 5, 5, 5, 0, 0, 0, 0], [0, 0, 0, 0, 0, 0, 5, 5, 4, 5, 0, 0, 0, 0], [0, 0, 0, 0, 0, 0, 5, 5, 5, 5, 0, 0, 0, 0]], "output": [[6, 6, 6, 6, 6, 6, 6, 6, 6, 6, 6, 6, 6, 6], [6, 6, 6, 6, 6, 6, 6, 6, 6, 6, 6, 6, 6, 6], [6, 6, 6, 6, 6, 6, 6, 6, 6, 6, 6, 6, 6, 6], [6, 6, 6, 6, 6, 6, 6, 6, 6, 6, 6, 6, 6, 6], [6, 6, 6, 6, 6, 6, 6, 6, 6, 6, 6, 6, 6, 6], [6, 6, 6, 6, 6, 6, 6, 6, 6, 6, 6, 6, 6, 6], [6, 6, 6, 6, 6, 6, 6, 6, 6, 6, 6, 6, 6, 6], [6, 6, 6, 6, 6, 6, 6, 6, 6, 6, 6, 6, 6, 6], [6, 6, 6, 6, 6, 6, 6, 6, 6, 6, 6, 6, 6, 6], [6, 6, 6, 6, 6, 6, 0, 0, 0, 0, 6, 6, 6, 6], [6, 6, 6, 6, 6, 6, 0, 0, 0, 0, 6, 6, 6, 6], [6, 6, 6, 6, 6, 6, 0, 0, 6, 0, 6, 6, 6, 6], [6, 6, 6, 6, 6, 6, 0, 0, 0, 0, 6, 6, 6, 6]]}, {"input": [[0, 0, 0, 0, 0, 0, 0, 0, 0, 0, 0, 0], [0, 0, 0, 0, 0, 0, 0, 0, 0, 0, 0, 0], [1, 0, 0, 0, 0, 0, 3, 0, 0, 0, 0, 0], [5, 4, 5, 5, 0, 2, 5, 5, 5, 0, 0, 0], [5, 5, 5, 5, 0, 0, 5, 3, 5, 0, 0, 0], [5, 5, 6, 5, 0, 0, 5, 5, 5, 0, 0, 0], [5, 5, 5, 5, 0, 0, 0, 0, 0, 0, 0, 0], [0, 0, 0, 0, 0, 7, 0, 0, 0, 0, 0, 0], [0, 0, 0, 0, 0, 5, 2, 5, 5, 5, 0, 0], [5, 8, 5, 5, 0, 5, 5, 5, 5, 5, 0, 0], [5, 5, 5, 5, 0, 5, 5, 7, 5, 5, 0, 0], [5, 5, 3, 5, 0, 5, 5, 5, 5, 5, 0, 0], [5, 5, 5, 5, 0, 5, 5, 5, 5, 5, 0, 0]], "output": [[6, 6, 6, 6, 6, 6, 6, 6, 6, 6, 6, 6], [6, 6, 6, 6, 6, 6, 6, 6, 6, 6, 6, 6], [6, 6, 6, 6, 6, 6, 6, 6, 6, 6, 6, 6], [6, 6, 6, 6, 6, 6, 6, 6, 6, 6, 6, 6], [6, 6, 6, 6, 6, 6, 6, 6, 6, 6, 6, 6], [6, 6, 6, 6, 6, 6, 6, 6, 6, 6, 6, 6], [6, 6, 6, 6, 6, 6, 6, 6, 6, 6, 6, 6], [6, 6, 6, 6, 6, 6, 6, 6, 6, 6, 6, 6], [6, 6, 6, 6, 6, 6, 6, 6, 6, 6, 6, 6], [0, 6, 0, 0, 6, 6, 6, 6, 6, 6, 6, 6], [0, 0, 0, 0, 6, 6, 6, 6, 6, 6, 6, 6], [0, 0, 6, 0, 6, 6, 6, 6, 6, 6, 6, 6], [0, 0, 0, 0, 6, 6, 6, 6, 6, 6, 6, 6]]}, {"input": [[0, 0, 0, 0, 0, 4, 5, 5, 5, 5, 5], [0, 0, 0, 0, 0, 0, 5, 5, 5, 5, 5], [0, 0, 0, 0, 0, 0, 5, 5, 2, 5, 5], [0, 0, 0, 0, 0, 0, 5, 5, 5, 5, 5], [0, 0, 0, 0, 0, 0, 5, 5, 5, 5, 5], [0, 0, 0, 0, 0, 0, 0, 0, 0, 0, 0], [0, 0, 0, 0, 0, 0, 0, 0, 0, 0, 0], [0, 0, 0, 0, 0, 0, 0, 0, 0, 0, 0], [0, 0, 0, 0, 0, 9, 0, 0, 0, 0, 0], [5, 5, 5, 0, 0, 5, 1, 5, 0, 0, 0], [5, 4, 5, 0, 0, 5, 8, 5, 0, 0, 0], [5, 5, 5, 0, 0, 5, 5, 5, 0, 0, 0], [0, 0, 0, 0, 0, 0, 0, 0, 0, 0, 0], [0, 0, 0, 0, 0, 0, 0, 0, 0, 0, 0]], "output": [[2, 2, 2, 2, 2, 2, 2, 2, 2, 2, 2], [2, 2, 2, 2, 2, 2, 2, 2, 2, 2, 2], [2, 2, 2, 2, 2, 2, 2, 2, 2, 2, 2], [2, 2, 2, 2, 2, 2, 2, 2, 2, 2, 2], [2, 2, 2, 2, 2, 2, 2, 2, 2, 2, 2], [2, 2, 2, 2, 2, 2, 2, 2, 2, 2, 2], [2, 2, 2, 2, 2, 2, 2, 2, 2, 2, 2], [2, 2, 2, 2, 2, 2, 2, 2, 2, 2, 2], [2, 2, 2, 2, 2, 2, 2, 2, 2, 2, 2], [0, 0, 0, 2, 2, 2, 2, 2, 2, 2, 2], [0, 2, 0, 2, 2, 2, 2, 2, 2, 2, 2], [0, 0, 0, 2, 2, 2, 2, 2, 2, 2, 2], [2, 2, 2, 2, 2, 2, 2, 2, 2, 2, 2], [2, 2, 2, 2, 2, 2, 2, 2, 2, 2, 2]]}, {"input": [[0, 4, 0, 0, 0, 0, 0, 0, 0, 0, 0], [2, 5, 9, 5, 0, 0, 0, 0, 0, 0, 0], [0, 5, 2, 5, 0, 0, 0, 0, 0, 0, 0], [0, 5, 5, 5, 0, 0, 0, 0, 0, 0, 0], [0, 0, 0, 0, 0, 0, 0, 0, 0, 0, 0], [0, 5, 3, 5, 0, 0, 0, 0, 4, 0, 0], [0, 5, 4, 5, 0, 0, 0, 9, 5, 5, 5], [0, 5, 5, 5, 0, 0, 0, 0, 5, 8, 5], [0, 0, 0, 0, 0, 0, 0, 0, 5, 5, 5], [0, 0, 0, 0, 0, 0, 0, 0, 0, 0, 0], [0, 0, 0, 0, 0, 0, 0, 0, 0, 0, 0], [0, 0, 0, 0, 0, 0, 0, 0, 0, 0, 0], [0, 0, 0, 0, 0, 0, 0, 0, 0, 0, 0], [0, 0, 0, 0, 0, 0, 0, 0, 0, 0, 0]], "output": [[2, 2, 2, 2, 2, 2, 2, 2, 2, 2, 2], [2, 2, 2, 2, 2, 2, 2, 2, 2, 2, 2], [2, 2, 2, 2, 2, 2, 2, 2, 2, 2, 2], [2, 2, 2, 2, 2, 2, 2, 2, 2, 2, 2], [2, 2, 2, 2, 2, 2, 2, 2, 2, 2, 2], [2, 2, 2, 2, 2, 2, 2, 2, 2, 2, 2], [2, 2, 2, 2, 2, 2, 2, 2, 0, 0, 0], [2, 2, 2, 2, 2, 2, 2, 2, 0, 2, 0], [2, 2, 2, 2, 2, 2, 2, 2, 0, 0, 0], [2, 2, 2, 2, 2, 2, 2, 2, 2, 2, 2], [2, 2, 2, 2, 2, 2, 2, 2, 2, 2, 2], [2, 2, 2, 2, 2, 2, 2, 2, 2, 2, 2], [2, 2, 2, 2, 2, 2, 2, 2, 2, 2, 2], [2, 2, 2, 2, 2, 2, 2, 2, 2, 2, 2]]}, {"input": [[0, 0, 0, 0, 0, 0, 0, 0, 0, 0, 0, 0], [0, 0, 0, 0, 0, 0, 0, 0, 0, 0, 0, 0], [0, 0, 0, 0, 5, 6, 5, 5, 0, 0, 0, 0], [0, 0, 0, 0, 9, 5, 5, 5, 0, 0, 0, 0], [0, 0, 0, 0, 5, 5, 7, 5, 1, 5, 8, 5], [0, 0, 0, 0, 5, 5, 5, 5, 0, 5, 3, 5], [0, 0, 0, 0, 9, 0, 0, 0, 0, 5, 5, 5], [0, 0, 0, 8, 5, 4, 5, 5, 0, 0, 0, 0], [0, 0, 0, 0, 5, 5, 5, 5, 0, 0, 0, 0], [0, 0, 0, 0, 5, 5, 7, 5, 0, 0, 0, 0], [0, 0, 0, 0, 5, 5, 5, 5, 0, 0, 0, 0], [0, 0, 0, 0, 0, 0, 0, 0, 0, 0, 0, 0]], "output": [[7, 7, 7, 7, 7, 7, 7, 7, 7, 7, 7, 7], [7, 7, 7, 7, 7, 7, 7, 7, 7, 7, 7, 7], [7, 7, 7, 7, 0, 7, 0, 0, 7, 7, 7, 7], [7, 7, 7, 7, 7, 0, 0, 0, 7, 7, 7, 7], [7, 7, 7, 7, 0, 0, 7, 0, 7, 0, 7, 0], [7, 7, 7, 7, 0, 0, 0, 0, 7, 0, 7, 0], [7, 7, 7, 7, 7, 7, 7, 7, 7, 0, 0, 0], [7, 7, 7, 7, 0, 7, 0, 0, 7, 7, 7, 7], [7, 7, 7, 7, 0, 0, 0, 0, 7, 7, 7, 7], [7, 7, 7, 7, 0, 0, 7, 0, 7, 7, 7, 7], [7, 7, 7, 7, 0, 0, 0, 0, 7, 7, 7, 7], [7, 7, 7, 7, 7, 7, 7, 7, 7, 7, 7, 7]]}, {"input": [[0, 0, 0, 0, 0, 0, 0, 0, 0, 0, 0, 0, 0, 0], [0, 0, 0, 0, 0, 9, 0, 0, 0, 0, 0, 0, 0, 0], [0, 0, 0, 0, 0, 5, 5, 5, 5, 5, 0, 0, 0, 0], [0, 0, 0, 0, 0, 5, 5, 5, 5, 5, 0, 0, 0, 0], [0, 0, 0, 0, 0, 5, 5, 7, 5, 5, 0, 0, 0, 0], [0, 0, 0, 0, 0, 5, 5, 5, 5, 5, 0, 0, 0, 0], [0, 0, 0, 0, 0, 5, 5, 5, 5, 5, 0, 0, 0, 0], [0, 1, 0, 0, 0, 0, 0, 0, 0, 0, 0, 0, 0, 0], [0, 5, 9, 5, 0, 5, 4, 5, 5, 5, 0, 0, 0, 0], [0, 6, 6, 5, 0, 2, 5, 5, 5, 5, 0, 0, 0, 0], [0, 5, 5, 5, 0, 5, 5, 8, 5, 5, 0, 0, 0, 0], [0, 0, 0, 0, 0, 5, 5, 5, 5, 5, 0, 0, 0, 0], [0, 0, 0, 0, 0, 5, 5, 5, 5, 5, 0, 0, 0, 0]], "output": [[7, 7, 7, 7, 7, 7, 7, 7, 7, 7, 7, 7, 7, 7], [7, 7, 7, 7, 7, 7, 7, 7, 7, 7, 7, 7, 7, 7], [7, 7, 7, 7, 7, 7, 7, 7, 7, 7, 7, 7, 7, 7], [7, 7, 7, 7, 7, 7, 7, 7, 7, 7, 7, 7, 7, 7], [7, 7, 7, 7, 7, 7, 7, 7, 7, 7, 7, 7, 7, 7], [7, 7, 7, 7, 7, 7, 7, 7, 7, 7, 7, 7, 7, 7], [7, 7, 7, 7, 7, 7, 7, 7, 7, 7, 7, 7, 7, 7], [7, 7, 7, 7, 7, 7, 7, 7, 7, 7, 7, 7, 7, 7], [7, 7, 7, 7, 7, 0, 7, 0, 0, 0, 7, 7, 7, 7], [7, 7, 7, 7, 7, 7, 0, 0, 0, 0, 7, 7, 7, 7], [7, 7, 7, 7, 7, 0, 0, 7, 0, 0, 7, 7, 7, 7], [7, 7, 7, 7, 7, 0, 0, 0, 0, 0, 7, 7, 7, 7], [7, 7, 7, 7, 7, 0, 0, 0, 0, 0, 7, 7, 7, 7]]}, {"input": [[0, 0, 0, 0, 0, 0, 0, 0, 0, 0, 0, 0, 0, 0], [0, 0, 0, 0, 0, 0, 0, 0, 0, 0, 0, 0, 0, 0], [0, 0, 0, 0, 0, 0, 0, 0, 0, 0, 0, 0, 0, 0], [7, 5, 5, 5, 0, 0, 0, 0, 0, 0, 0, 0, 0, 0], [0, 5, 4, 5, 0, 0, 0, 6, 0, 0, 0, 0, 0, 0], [0, 5, 5, 5, 0, 0, 0, 5, 5, 5, 5, 0, 0, 0], [0, 0, 0, 0, 0, 0, 0, 5, 5, 5, 5, 0, 0, 0], [0, 0, 0, 0, 0, 0, 0, 5, 5, 8, 5, 0, 0, 0], [2, 0, 0, 0, 0, 0, 0, 5, 5, 5, 5, 0, 0, 0], [5, 5, 5, 0, 0, 0, 0, 0, 0, 0, 0, 0, 0, 0], [8, 3, 5, 0, 0, 0, 0, 0, 0, 0, 0, 0, 0, 0], [5, 5, 5, 0, 0, 0, 0, 0, 0, 0, 0, 5, 7, 5], [0, 0, 0, 0, 0, 0, 0, 0, 0, 0, 0, 8, 2, 5], [0, 0, 0, 0, 0, 0, 0, 0, 0, 0, 0, 5, 5, 5]], "output": [[4, 4, 4, 4, 4, 4, 4, 4, 4, 4, 4, 4, 4, 4], [4, 4, 4, 4, 4, 4, 4, 4, 4, 4, 4, 4, 4, 4], [4, 4, 4, 4, 4, 4, 4, 4, 4, 4, 4, 4, 4, 4], [4, 4, 4, 4, 4, 4, 4, 4, 4, 4, 4, 4, 4, 4], [4, 4, 4, 4, 4, 4, 4, 4, 4, 4, 4, 4, 4, 4], [4, 4, 4, 4, 4, 4, 4, 4, 4, 4, 4, 4, 4, 4], [4, 4, 4, 4, 4, 4, 4, 4, 4, 4, 4, 4, 4, 4], [4, 4, 4, 4, 4, 4, 4, 4, 4, 4, 4, 4, 4, 4], [4, 4, 4, 4, 4, 4, 4, 4, 4, 4, 4, 4, 4, 4], [4, 4, 4, 4, 4, 4, 4, 4, 4, 4, 4, 4, 4, 4], [4, 4, 4, 4, 4, 4, 4, 4, 4, 4, 4, 4, 4, 4], [4, 4, 4, 4, 4, 4, 4, 4, 4, 4, 4, 0, 4, 0], [4, 4, 4, 4, 4, 4, 4, 4, 4, 4, 4, 4, 4, 0], [4, 4, 4, 4, 4, 4, 4, 4, 4, 4, 4, 0, 0, 0]]}, {"input": [[0, 0, 0, 0, 0, 0, 0, 0, 0, 0, 0, 0, 0], [0, 0, 0, 0, 0, 0, 0, 0, 0, 0, 0, 0, 0], [0, 0, 0, 0, 0, 0, 0, 0, 0, 0, 0, 0, 0], [0, 0, 3, 5, 8, 5, 0, 0, 0, 0, 0, 0, 0], [0, 0, 0, 9, 1, 5, 0, 0, 0, 0, 0, 0, 0], [0, 0, 0, 5, 5, 5, 0, 0, 0, 0, 0, 0, 0], [0, 0, 0, 0, 0, 0, 0, 0, 5, 4, 5, 0, 0], [0, 0, 0, 0, 5, 8, 5, 0, 5, 4, 5, 0, 0], [0, 0, 0, 0, 5, 7, 5, 0, 5, 5, 5, 0, 0], [0, 0, 0, 0, 5, 5, 5, 0, 0, 0, 0, 0, 0], [0, 0, 0, 0, 0, 0, 0, 0, 0, 0, 0, 0, 0], [0, 0, 0, 0, 0, 0, 0, 0, 0, 0, 0, 0, 0]], "output": [[1, 1, 1, 1, 1, 1, 1, 1, 1, 1, 1, 1, 1], [1, 1, 1, 1, 1, 1, 1, 1, 1, 1, 1, 1, 1], [1, 1, 1, 1, 1, 1, 1, 1, 1, 1, 1, 1, 1], [1, 1, 1, 1, 1, 1, 1, 1, 1, 1, 1, 1, 1], [1, 1, 1, 1, 1, 1, 1, 1, 1, 1, 1, 1, 1], [1, 1, 1, 1, 1, 1, 1, 1, 1, 1, 1, 1, 1], [1, 1, 1, 1, 1, 1, 1, 1, 1, 1, 1, 1, 1], [1, 1, 1, 1, 0, 1, 0, 1, 1, 1, 1, 1, 1], [1, 1, 1, 1, 0, 1, 0, 1, 1, 1, 1, 1, 1], [1, 1, 1, 1, 0, 0, 0, 1, 1, 1, 1, 1, 1], [1, 1, 1, 1, 1, 1, 1, 1, 1, 1, 1, 1, 1], [1, 1, 1, 1, 1, 1, 1, 1, 1, 1, 1, 1, 1]]}, {"input": [[0, 0, 0, 0, 0, 0, 1, 0, 0, 0, 0, 0], [0, 0, 0, 0, 0, 2, 5, 1, 5, 0, 0, 0], [0, 7, 5, 4, 5, 0, 5, 9, 5, 0, 0, 0], [0, 0, 3, 2, 5, 0, 5, 5, 5, 0, 0, 0], [0, 0, 5, 5, 5, 0, 0, 0, 0, 0, 0, 0], [0, 0, 0, 0, 0, 0, 0, 0, 0, 0, 0, 0], [5, 5, 5, 5, 0, 0, 0, 7, 0, 0, 0, 0], [5, 5, 5, 5, 0, 0, 4, 5, 8, 5, 5, 0], [5, 5, 2, 5, 0, 0, 0, 5, 5, 5, 5, 0], [5, 5, 5, 5, 0, 0, 0, 5, 5, 3, 5, 0], [0, 0, 0, 0, 0, 0, 0, 5, 5, 5, 5, 0], [0, 0, 0, 0, 0, 0, 0, 0, 0, 0, 0, 0]], "output": [[2, 2, 2, 2, 2, 2, 2, 2, 2, 2, 2, 2], [2, 2, 2, 2, 2, 2, 2, 2, 2, 2, 2, 2], [2, 2, 2, 2, 2, 2, 2, 2, 2, 2, 2, 2], [2, 2, 2, 2, 2, 2, 2, 2, 2, 2, 2, 2], [2, 2, 2, 2, 2, 2, 2, 2, 2, 2, 2, 2], [2, 2, 2, 2, 2, 2, 2, 2, 2, 2, 2, 2], [2, 2, 2, 2, 2, 2, 2, 2, 2, 2, 2, 2], [2, 2, 2, 2, 2, 2, 2, 0, 2, 0, 0, 2], [2, 2, 2, 2, 2, 2, 2, 0, 0, 0, 0, 2], [2, 2, 2, 2, 2, 2, 2, 0, 0, 2, 0, 2], [2, 2, 2, 2, 2, 2, 2, 0, 0, 0, 0, 2], [2, 2, 2, 2, 2, 2, 2, 2, 2, 2, 2, 2]]}, {"input": [[0, 0, 0, 0, 0, 3, 5, 8, 5, 0, 0, 0], [0, 0, 0, 0, 0, 0, 5, 4, 5, 0, 0, 0], [0, 0, 0, 0, 0, 0, 5, 5, 5, 0, 0, 0], [0, 0, 0, 0, 0, 0, 0, 0, 0, 0, 0, 0], [8, 5, 7, 5, 5, 5, 8, 5, 7, 5, 5, 5], [0, 9, 5, 5, 5, 5, 0, 3, 5, 5, 5, 5], [0, 5, 5, 8, 5, 5, 0, 5, 5, 8, 5, 5], [0, 5, 5, 5, 5, 5, 0, 5, 5, 5, 5, 5], [0, 5, 5, 5, 5, 5, 0, 5, 5, 5, 5, 5], [0, 0, 0, 0, 0, 0, 0, 0, 0, 0, 0, 0]], "output": [[4, 4, 4, 4, 4, 4, 4, 4, 4, 4, 4, 4], [4, 4, 4, 4, 4, 4, 4, 4, 4, 4, 4, 4], [4, 4, 4, 4, 4, 4, 4, 4, 4, 4, 4, 4], [4, 4, 4, 4, 4, 4, 4, 4, 4, 4, 4, 4], [4, 0, 4, 0, 0, 0, 4, 0, 4, 0, 0, 0], [4, 4, 0, 0, 0, 0, 4, 4, 0, 0, 0, 0], [4, 0, 0, 4, 0, 0, 4, 0, 0, 4, 0, 0], [4, 0, 0, 0, 0, 0, 4, 0, 0, 0, 0, 0], [4, 0, 0, 0, 0, 0, 4, 0, 0, 0, 0, 0], [4, 4, 4, 4, 4, 4, 4, 4, 4, 4, 4, 4]]}, {"input": [[0, 0, 0, 0, 0, 0, 0, 0, 0, 0, 0, 0, 0, 0], [0, 0, 0, 0, 0, 0, 0, 0, 0, 0, 0, 0, 0, 0], [0, 0, 0, 0, 2, 5, 5, 5, 5, 0, 0, 0, 0, 0], [0, 0, 0, 0, 0, 3, 5, 5, 5, 0, 0, 0, 0, 0], [0, 0, 0, 0, 0, 5, 5, 2, 5, 0, 0, 0, 0, 0], [0, 0, 0, 0, 0, 5, 5, 5, 5, 0, 0, 0, 0, 0], [0, 0, 3, 0, 0, 0, 0, 0, 0, 0, 0, 0, 0, 0], [0, 8, 5, 6, 5, 5, 5, 0, 0, 0, 0, 0, 0, 0], [0, 0, 8, 5, 5, 5, 5, 0, 0, 0, 0, 0, 0, 0], [0, 0, 5, 5, 4, 5, 5, 0, 0, 0, 9, 0, 0, 0], [0, 0, 5, 5, 5, 5, 5, 0, 0, 4, 5, 5, 5, 5], [0, 0, 5, 5, 5, 5, 5, 0, 0, 0, 5, 5, 5, 5], [0, 0, 0, 0, 0, 0, 0, 0, 0, 0, 5, 5, 7, 5], [0, 0, 0, 0, 0, 0, 0, 0, 0, 0, 5, 5, 5, 5]], "output": [[2, 2, 2, 2, 2, 2, 2, 2, 2, 2, 2, 2, 2, 2], [2, 2, 2, 2, 2, 2, 2, 2, 2, 2, 2, 2, 2, 2], [2, 2, 2, 2, 2, 2, 2, 2, 2, 2, 2, 2, 2, 2], [2, 2, 2, 2, 2, 2, 2, 2, 2, 2, 2, 2, 2, 2], [2, 2, 2, 2, 2, 2, 2, 2, 2, 2, 2, 2, 2, 2], [2, 2, 2, 2, 2, 2, 2, 2, 2, 2, 2, 2, 2, 2], [2, 2, 2, 2, 2, 2, 2, 2, 2, 2, 2, 2, 2, 2], [2, 2, 2, 2, 2, 2, 2, 2, 2, 2, 2, 2, 2, 2], [2, 2, 2, 2, 2, 2, 2, 2, 2, 2, 2, 2, 2, 2], [2, 2, 2, 2, 2, 2, 2, 2, 2, 2, 2, 2, 2, 2], [2, 2, 2, 2, 2, 2, 2, 2, 2, 2, 0, 0, 0, 0], [2, 2, 2, 2, 2, 2, 2, 2, 2, 2, 0, 0, 0, 0], [2, 2, 2, 2, 2, 2, 2, 2, 2, 2, 0, 0, 2, 0], [2, 2, 2, 2, 2, 2, 2, 2, 2, 2, 0, 0, 0, 0]]}, {"input": [[0, 0, 0, 0, 0, 0, 0, 0, 0, 0, 0, 0, 0, 0], [0, 0, 0, 0, 0, 6, 0, 0, 0, 0, 0, 0, 0, 0], [0, 0, 0, 0, 0, 5, 5, 5, 5, 0, 0, 0, 0, 0], [0, 0, 0, 0, 0, 1, 5, 5, 5, 0, 0, 0, 0, 0], [5, 5, 5, 5, 0, 5, 5, 2, 5, 0, 0, 0, 0, 0], [5, 5, 5, 5, 0, 5, 5, 5, 5, 0, 0, 0, 0, 0], [5, 5, 2, 5, 0, 0, 0, 0, 0, 0, 0, 0, 0, 0], [5, 5, 5, 5, 0, 0, 0, 5, 5, 5, 5, 0, 0, 0], [0, 0, 0, 0, 0, 0, 0, 5, 5, 5, 5, 0, 0, 0], [0, 0, 0, 0, 0, 0, 0, 5, 5, 6, 5, 0, 0, 0], [5, 5, 5, 0, 0, 0, 0, 5, 5, 5, 5, 0, 0, 0], [5, 8, 5, 0, 0, 0, 0, 0, 0, 0, 0, 0, 0, 0], [5, 5, 5, 0, 0, 0, 0, 0, 0, 0, 0, 0, 0, 0]], "output": [[2, 2, 2, 2, 2, 2, 2, 2, 2, 2, 2, 2, 2, 2], [2, 2, 2, 2, 2, 2, 2, 2, 2, 2, 2, 2, 2, 2], [2, 2, 2, 2, 2, 2, 2, 2, 2, 2, 2, 2, 2, 2], [2, 2, 2, 2, 2, 2, 2, 2, 2, 2, 2, 2, 2, 2], [2, 2, 2, 2, 2, 2, 2, 2, 2, 2, 2, 2, 2, 2], [2, 2, 2, 2, 2, 2, 2, 2, 2, 2, 2, 2, 2, 2], [2, 2, 2, 2, 2, 2, 2, 2, 2, 2, 2, 2, 2, 2], [2, 2, 2, 2, 2, 2, 2, 2, 2, 2, 2, 2, 2, 2], [2, 2, 2, 2, 2, 2, 2, 2, 2, 2, 2, 2, 2, 2], [2, 2, 2, 2, 2, 2, 2, 2, 2, 2, 2, 2, 2, 2], [0, 0, 0, 2, 2, 2, 2, 2, 2, 2, 2, 2, 2, 2], [0, 2, 0, 2, 2, 2, 2, 2, 2, 2, 2, 2, 2, 2], [0, 0, 0, 2, 2, 2, 2, 2, 2, 2, 2, 2, 2, 2]]}, {"input": [[0, 0, 5, 5, 5, 0, 0, 0, 0, 0], [0, 0, 5, 6, 5, 0, 0, 0, 0, 0], [0, 0, 5, 5, 5, 0, 0, 0, 0, 0], [0, 0, 0, 0, 0, 0, 0, 0, 0, 0], [0, 0, 0, 0, 0, 0, 0, 0, 0, 0], [0, 0, 0, 0, 0, 0, 0, 0, 0, 0], [0, 0, 0, 0, 0, 0, 0, 0, 0, 0], [0, 0, 0, 0, 0, 0, 0, 0, 0, 0], [5, 5, 5, 5, 5, 0, 1, 0, 0, 0], [5, 5, 5, 5, 5, 0, 5, 5, 5, 0], [5, 5, 1, 5, 5, 0, 2, 4, 5, 0], [5, 5, 5, 5, 5, 0, 5, 5, 5, 0], [5, 5, 5, 5, 5, 0, 0, 0, 0, 0]], "output": [[6, 6, 6, 6, 6, 6, 6, 6, 6, 6], [6, 6, 6, 6, 6, 6, 6, 6, 6, 6], [6, 6, 6, 6, 6, 6, 6, 6, 6, 6], [6, 6, 6, 6, 6, 6, 6, 6, 6, 6], [6, 6, 6, 6, 6, 6, 6, 6, 6, 6], [6, 6, 6, 6, 6, 6, 6, 6, 6, 6], [6, 6, 6, 6, 6, 6, 6, 6, 6, 6], [6, 6, 6, 6, 6, 6, 6, 6, 6, 6], [6, 6, 6, 6, 6, 6, 6, 6, 6, 6], [6, 6, 6, 6, 6, 6, 0, 0, 0, 6], [6, 6, 6, 6, 6, 6, 6, 6, 0, 6], [6, 6, 6, 6, 6, 6, 0, 0, 0, 6], [6, 6, 6, 6, 6, 6, 6, 6, 6, 6]]}, {"input": [[0, 0, 0, 0, 0, 0, 0, 0, 0, 0, 0, 0, 0, 0], [0, 0, 0, 0, 0, 0, 0, 0, 0, 0, 0, 0, 0, 0], [0, 0, 0, 0, 0, 0, 0, 0, 0, 0, 0, 0, 0, 0], [0, 0, 0, 0, 5, 4, 5, 0, 2, 5, 5, 5, 5, 5], [0, 0, 0, 0, 4, 4, 5, 0, 0, 5, 5, 5, 5, 5], [0, 0, 0, 0, 5, 5, 5, 0, 0, 5, 5, 2, 5, 5], [0, 0, 0, 0, 0, 0, 0, 0, 0, 5, 5, 5, 5, 5], [0, 0, 0, 0, 9, 0, 0, 0, 0, 5, 5, 5, 5, 5], [0, 0, 0, 6, 5, 5, 5, 0, 0, 0, 0, 0, 0, 0], [0, 0, 0, 0, 5, 2, 5, 0, 0, 0, 0, 0, 0, 0], [0, 0, 0, 0, 5, 5, 5, 0, 0, 0, 0, 0, 0, 0], [0, 0, 0, 0, 0, 0, 0, 0, 0, 0, 0, 0, 0, 0]], "output": [[4, 4, 4, 4, 4, 4, 4, 4, 4, 4, 4, 4, 4, 4], [4, 4, 4, 4, 4, 4, 4, 4, 4, 4, 4, 4, 4, 4], [4, 4, 4, 4, 4, 4, 4, 4, 4, 4, 4, 4, 4, 4], [4, 4, 4, 4, 4, 4, 4, 4, 4, 4, 4, 4, 4, 4], [4, 4, 4, 4, 4, 4, 4, 4, 4, 4, 4, 4, 4, 4], [4, 4, 4, 4, 4, 4, 4, 4, 4, 4, 4, 4, 4, 4], [4, 4, 4, 4, 4, 4, 4, 4, 4, 4, 4, 4, 4, 4], [4, 4, 4, 4, 4, 4, 4, 4, 4, 4, 4, 4, 4, 4], [4, 4, 4, 4, 0, 0, 0, 4, 4, 4, 4, 4, 4, 4], [4, 4, 4, 4, 0, 4, 0, 4, 4, 4, 4, 4, 4, 4], [4, 4, 4, 4, 0, 0, 0, 4, 4, 4, 4, 4, 4, 4], [4, 4, 4, 4, 4, 4, 4, 4, 4, 4, 4, 4, 4, 4]]}, {"input": [[0, 0, 0, 0, 0, 0, 0, 0, 0, 5, 5, 5, 0], [0, 0, 0, 0, 0, 0, 0, 0, 0, 5, 1, 5, 0], [5, 9, 5, 0, 0, 0, 0, 0, 0, 5, 5, 5, 0], [5, 6, 5, 0, 0, 0, 0, 0, 0, 0, 0, 0, 0], [5, 5, 5, 0, 0, 0, 0, 0, 0, 0, 0, 0, 0], [0, 0, 0, 0, 0, 0, 0, 0, 0, 0, 0, 0, 0], [0, 0, 0, 0, 0, 0, 0, 0, 0, 0, 0, 0, 0], [0, 0, 0, 0, 0, 0, 0, 0, 0, 0, 0, 0, 0], [5, 8, 5, 5, 5, 0, 0, 0, 0, 0, 0, 0, 0], [1, 5, 5, 5, 5, 0, 0, 0, 0, 0, 0, 0, 0], [5, 5, 8, 5, 5, 0, 0, 0, 0, 0, 0, 0, 0], [5, 5, 5, 5, 5, 0, 0, 0, 0, 0, 0, 0, 0], [5, 5, 5, 5, 5, 0, 0, 0, 0, 0, 0, 0, 0], [0, 0, 0, 0, 0, 0, 0, 0, 0, 0, 0, 0, 0]], "output": [[1, 1, 1, 1, 1, 1, 1, 1, 1, 1, 1, 1, 1], [1, 1, 1, 1, 1, 1, 1, 1, 1, 1, 1, 1, 1], [1, 1, 1, 1, 1, 1, 1, 1, 1, 1, 1, 1, 1], [1, 1, 1, 1, 1, 1, 1, 1, 1, 1, 1, 1, 1], [1, 1, 1, 1, 1, 1, 1, 1, 1, 1, 1, 1, 1], [1, 1, 1, 1, 1, 1, 1, 1, 1, 1, 1, 1, 1], [1, 1, 1, 1, 1, 1, 1, 1, 1, 1, 1, 1, 1], [1, 1, 1, 1, 1, 1, 1, 1, 1, 1, 1, 1, 1], [0, 1, 0, 0, 0, 1, 1, 1, 1, 1, 1, 1, 1], [1, 0, 0, 0, 0, 1, 1, 1, 1, 1, 1, 1, 1], [0, 0, 1, 0, 0, 1, 1, 1, 1, 1, 1, 1, 1], [0, 0, 0, 0, 0, 1, 1, 1, 1, 1, 1, 1, 1], [0, 0, 0, 0, 0, 1, 1, 1, 1, 1, 1, 1, 1], [1, 1, 1, 1, 1, 1, 1, 1, 1, 1, 1, 1, 1]]}, {"input": [[0, 0, 0, 0, 0, 0, 0, 0, 0, 5, 2, 5, 5], [4, 0, 0, 0, 0, 0, 0, 0, 0, 5, 5, 5, 5], [5, 5, 5, 0, 0, 0, 0, 0, 0, 5, 5, 2, 5], [5, 8, 5, 0, 0, 0, 0, 0, 0, 5, 5, 5, 5], [5, 5, 5, 0, 0, 0, 0, 0, 0, 0, 0, 0, 0], [0, 0, 0, 0, 0, 0, 5, 7, 5, 0, 0, 0, 0], [5, 8, 5, 5, 5, 0, 5, 4, 5, 0, 0, 0, 0], [7, 5, 5, 5, 5, 0, 5, 5, 5, 0, 0, 0, 0], [5, 5, 2, 5, 5, 0, 0, 0, 0, 0, 0, 0, 0], [5, 5, 5, 5, 5, 0, 0, 0, 4, 5, 5, 5, 5], [5, 5, 5, 5, 5, 0, 0, 0, 0, 1, 5, 5, 5], [0, 0, 0, 0, 0, 0, 0, 0, 0, 5, 5, 9, 5], [0, 0, 0, 0, 0, 0, 0, 0, 0, 5, 5, 5, 5]], "output": [[2, 2, 2, 2, 2, 2, 2, 2, 2, 2, 2, 2, 2], [2, 2, 2, 2, 2, 2, 2, 2, 2, 2, 2, 2, 2], [2, 2, 2, 2, 2, 2, 2, 2, 2, 2, 2, 2, 2], [2, 2, 2, 2, 2, 2, 2, 2, 2, 2, 2, 2, 2], [2, 2, 2, 2, 2, 2, 2, 2, 2, 2, 2, 2, 2], [2, 2, 2, 2, 2, 2, 2, 2, 2, 2, 2, 2, 2], [2, 2, 2, 2, 2, 2, 2, 2, 2, 2, 2, 2, 2], [2, 2, 2, 2, 2, 2, 2, 2, 2, 2, 2, 2, 2], [2, 2, 2, 2, 2, 2, 2, 2, 2, 2, 2, 2, 2], [2, 2, 2, 2, 2, 2, 2, 2, 2, 0, 0, 0, 0], [2, 2, 2, 2, 2, 2, 2, 2, 2, 2, 0, 0, 0], [2, 2, 2, 2, 2, 2, 2, 2, 2, 0, 0, 2, 0], [2, 2, 2, 2, 2, 2, 2, 2, 2, 0, 0, 0, 0]]}, {"input": [[5, 8, 5, 5, 5, 0, 0, 0, 0, 0, 0], [5, 5, 5, 5, 5, 0, 2, 5, 5, 5, 0], [5, 5, 6, 5, 5, 0, 0, 5, 7, 5, 0], [5, 5, 5, 5, 5, 0, 0, 5, 5, 5, 0], [5, 5, 5, 5, 5, 0, 0, 0, 0, 0, 0], [0, 0, 0, 0, 0, 0, 1, 5, 3, 5, 0], [0, 0, 0, 0, 0, 0, 0, 3, 8, 5, 0], [0, 0, 0, 0, 0, 0, 0, 5, 5, 5, 0], [0, 0, 0, 0, 0, 0, 6, 0, 0, 0, 0], [0, 7, 5, 6, 5, 3, 5, 5, 5, 0, 0], [0, 0, 5, 8, 5, 0, 2, 3, 5, 0, 0], [0, 0, 5, 5, 5, 0, 5, 5, 5, 0, 0], [0, 0, 0, 0, 0, 0, 0, 0, 0, 0, 0]], "output": [[6, 6, 6, 6, 6, 6, 6, 6, 6, 6, 6], [6, 6, 6, 6, 6, 6, 6, 6, 6, 6, 6], [6, 6, 6, 6, 6, 6, 6, 6, 6, 6, 6], [6, 6, 6, 6, 6, 6, 6, 6, 6, 6, 6], [6, 6, 6, 6, 6, 6, 6, 6, 6, 6, 6], [6, 6, 6, 6, 6, 6, 6, 0, 6, 0, 6], [6, 6, 6, 6, 6, 6, 6, 6, 6, 0, 6], [6, 6, 6, 6, 6, 6, 6, 0, 0, 0, 6], [6, 6, 6, 6, 6, 6, 6, 6, 6, 6, 6], [6, 6, 0, 6, 0, 6, 0, 0, 0, 6, 6], [6, 6, 0, 6, 0, 6, 6, 6, 0, 6, 6], [6, 6, 0, 0, 0, 6, 0, 0, 0, 6, 6], [6, 6, 6, 6, 6, 6, 6, 6, 6, 6, 6]]}, {"input": [[0, 0, 9, 5, 5, 5, 0, 0, 0, 0, 0, 0, 0], [0, 0, 0, 7, 8, 5, 0, 0, 0, 0, 0, 0, 0], [0, 0, 0, 5, 5, 5, 0, 0, 0, 0, 0, 0, 0], [0, 0, 0, 0, 0, 0, 0, 0, 0, 0, 0, 0, 0], [0, 0, 0, 0, 0, 0, 0, 0, 0, 0, 0, 0, 0], [0, 0, 0, 0, 0, 0, 0, 0, 0, 0, 0, 0, 0], [0, 0, 0, 0, 0, 0, 3, 0, 0, 0, 0, 0, 0], [0, 0, 0, 0, 0, 0, 5, 5, 5, 5, 0, 0, 0], [0, 6, 0, 0, 0, 0, 5, 5, 5, 5, 0, 0, 0], [3, 5, 1, 5, 0, 0, 5, 5, 7, 5, 0, 0, 0], [0, 5, 1, 5, 0, 0, 5, 5, 5, 5, 0, 0, 0], [0, 5, 5, 5, 0, 0, 0, 0, 0, 0, 0, 0, 0]], "output": [[8, 8, 8, 8, 8, 8, 8, 8, 8, 8, 8, 8, 8], [8, 8, 8, 8, 8, 8, 8, 8, 8, 8, 8, 8, 8], [8, 8, 8, 8, 8, 8, 8, 8, 8, 8, 8, 8, 8], [8, 8, 8, 8, 8, 8, 8, 8, 8, 8, 8, 8, 8], [8, 8, 8, 8, 8, 8, 8, 8, 8, 8, 8, 8, 8], [8, 8, 8, 8, 8, 8, 8, 8, 8, 8, 8, 8, 8], [8, 8, 8, 8, 8, 8, 8, 8, 8, 8, 8, 8, 8], [8, 8, 8, 8, 8, 8, 8, 8, 8, 8, 8, 8, 8], [8, 8, 8, 8, 8, 8, 8, 8, 8, 8, 8, 8, 8], [8, 0, 8, 0, 8, 8, 8, 8, 8, 8, 8, 8, 8], [8, 0, 8, 0, 8, 8, 8, 8, 8, 8, 8, 8, 8], [8, 0, 0, 0, 8, 8, 8, 8, 8, 8, 8, 8, 8]]}, {"input": [[0, 9, 0, 0, 0, 0, 0, 0, 0, 0, 0], [0, 5, 5, 5, 5, 0, 0, 0, 0, 0, 0], [0, 1, 5, 5, 5, 0, 0, 0, 0, 0, 0], [0, 5, 5, 7, 5, 0, 0, 0, 0, 0, 0], [0, 5, 5, 5, 5, 0, 0, 0, 0, 0, 0], [0, 0, 0, 0, 0, 0, 0, 0, 0, 0, 0], [0, 0, 0, 0, 0, 0, 0, 0, 0, 0, 0], [0, 0, 0, 0, 0, 0, 0, 0, 0, 0, 0], [0, 0, 0, 0, 0, 0, 5, 7, 5, 5, 5], [8, 0, 0, 0, 0, 0, 1, 5, 5, 5, 5], [5, 5, 5, 0, 0, 0, 5, 5, 4, 5, 5], [5, 1, 5, 0, 0, 0, 5, 5, 5, 5, 5], [5, 5, 5, 0, 0, 0, 5, 5, 5, 5, 5]], "output": [[7, 7, 7, 7, 7, 7, 7, 7, 7, 7, 7], [7, 7, 7, 7, 7, 7, 7, 7, 7, 7, 7], [7, 7, 7, 7, 7, 7, 7, 7, 7, 7, 7], [7, 7, 7, 7, 7, 7, 7, 7, 7, 7, 7], [7, 7, 7, 7, 7, 7, 7, 7, 7, 7, 7], [7, 7, 7, 7, 7, 7, 7, 7, 7, 7, 7], [7, 7, 7, 7, 7, 7, 7, 7, 7, 7, 7], [7, 7, 7, 7, 7, 7, 7, 7, 7, 7, 7], [7, 7, 7, 7, 7, 7, 7, 7, 7, 7, 7], [7, 7, 7, 7, 7, 7, 7, 7, 7, 7, 7], [0, 0, 0, 7, 7, 7, 7, 7, 7, 7, 7], [0, 7, 0, 7, 7, 7, 7, 7, 7, 7, 7], [0, 0, 0, 7, 7, 7, 7, 7, 7, 7, 7]]}, {"input": [[7, 5, 5, 5, 5, 5, 0, 0, 5, 6, 5, 5, 5, 0], [0, 5, 5, 5, 5, 5, 0, 0, 7, 5, 5, 5, 5, 0], [0, 5, 5, 7, 5, 5, 0, 0, 5, 5, 6, 5, 5, 0], [0, 5, 5, 5, 5, 5, 0, 0, 5, 5, 5, 5, 5, 0], [0, 5, 5, 5, 5, 5, 0, 0, 5, 5, 5, 5, 5, 0], [0, 0, 0, 0, 0, 0, 0, 0, 0, 0, 0, 0, 0, 0], [5, 5, 5, 5, 0, 5, 5, 5, 0, 6, 5, 3, 5, 5], [3, 5, 5, 5, 0, 5, 7, 5, 0, 0, 5, 5, 5, 5], [5, 5, 2, 5, 0, 5, 5, 5, 0, 0, 5, 5, 2, 5], [5, 5, 5, 5, 0, 0, 0, 0, 0, 0, 5, 5, 5, 5]], "output": [[7, 7, 7, 7, 7, 7, 7, 7, 7, 7, 7, 7, 7, 7], [7, 7, 7, 7, 7, 7, 7, 7, 7, 7, 7, 7, 7, 7], [7, 7, 7, 7, 7, 7, 7, 7, 7, 7, 7, 7, 7, 7], [7, 7, 7, 7, 7, 7, 7, 7, 7, 7, 7, 7, 7, 7], [7, 7, 7, 7, 7, 7, 7, 7, 7, 7, 7, 7, 7, 7], [7, 7, 7, 7, 7, 7, 7, 7, 7, 7, 7, 7, 7, 7], [7, 7, 7, 7, 7, 7, 7, 7, 7, 7, 0, 7, 0, 0], [7, 7, 7, 7, 7, 7, 7, 7, 7, 7, 0, 0, 0, 0], [7, 7, 7, 7, 7, 7, 7, 7, 7, 7, 0, 0, 7, 0], [7, 7, 7, 7, 7, 7, 7, 7, 7, 7, 0, 0, 0, 0]]}], "test": [{"input": [[0, 0, 0, 0, 0, 0, 0, 0, 0, 0, 0, 0, 0], [0, 0, 0, 0, 0, 0, 0, 0, 0, 0, 0, 0, 0], [0, 0, 2, 0, 0, 0, 0, 0, 0, 0, 0, 0, 0], [0, 8, 5, 7, 5, 0, 0, 0, 0, 0, 0, 0, 0], [0, 0, 5, 7, 5, 0, 0, 0, 0, 9, 0, 0, 0], [0, 0, 5, 5, 5, 0, 0, 0, 0, 5, 7, 5, 5], [0, 0, 0, 0, 0, 0, 0, 0, 0, 5, 5, 5, 5], [5, 5, 5, 5, 0, 0, 0, 0, 0, 5, 5, 8, 5], [5, 5, 5, 5, 0, 0, 0, 0, 0, 5, 5, 5, 5], [5, 5, 6, 5, 0, 0, 0, 0, 0, 0, 0, 0, 0], [5, 5, 5, 5, 0, 0, 0, 0, 0, 0, 0, 0, 0]], "output": [[7, 7, 7, 7, 7, 7, 7, 7, 7, 7, 7, 7, 7], [7, 7, 7, 7, 7, 7, 7, 7, 7, 7, 7, 7, 7], [7, 7, 7, 7, 7, 7, 7, 7, 7, 7, 7, 7, 7], [7, 7, 7, 7, 7, 7, 7, 7, 7, 7, 7, 7, 7], [7, 7, 7, 7, 7, 7, 7, 7, 7, 7, 7, 7, 7], [7, 7, 7, 7, 7, 7, 7, 7, 7, 7, 7, 7, 7], [7, 7, 7, 7, 7, 7, 7, 7, 7, 7, 7, 7, 7], [0, 0, 0, 0, 7, 7, 7, 7, 7, 7, 7, 7, 7], [0, 0, 0, 0, 7, 7, 7, 7, 7, 7, 7, 7, 7], [0, 0, 7, 0, 7, 7, 7, 7, 7, 7, 7, 7, 7], [0, 0, 0, 0, 7, 7, 7, 7, 7, 7, 7, 7, 7]]}, {"input": [[0, 0, 0, 7, 0, 0, 0, 0, 0, 0, 0, 0, 0], [0, 0, 0, 5, 6, 5, 5, 0, 6, 5, 9, 5, 5], [0, 0, 0, 4, 5, 5, 5, 0, 0, 9, 5, 5, 5], [0, 0, 0, 5, 5, 6, 5, 0, 0, 5, 5, 1, 5], [0, 0, 0, 5, 5, 5, 5, 0, 0, 5, 5, 5, 5], [0, 0, 0, 0, 0, 2, 0, 0, 0, 0, 0, 0, 0], [0, 0, 0, 0, 6, 5, 5, 5, 5, 0, 0, 0, 0], [0, 0, 0, 0, 0, 5, 5, 5, 5, 0, 0, 0, 0], [0, 0, 0, 0, 0, 5, 5, 1, 5, 0, 0, 0, 0], [0, 0, 0, 0, 0, 5, 5, 5, 5, 0, 0, 0, 0], [0, 0, 0, 0, 0, 0, 0, 0, 0, 0, 0, 0, 0], [0, 0, 0, 0, 0, 0, 0, 0, 0, 0, 0, 0, 0], [0, 0, 0, 0, 0, 0, 0, 0, 0, 0, 0, 0, 0]], "output": [[1, 1, 1, 1, 1, 1, 1, 1, 1, 1, 1, 1, 1], [1, 1, 1, 1, 1, 1, 1, 1, 1, 0, 1, 0, 0], [1, 1, 1, 1, 1, 1, 1, 1, 1, 1, 0, 0, 0], [1, 1, 1, 1, 1, 1, 1, 1, 1, 0, 0, 1, 0], [1, 1, 1, 1, 1, 1, 1, 1, 1, 0, 0, 0, 0], [1, 1, 1, 1, 1, 1, 1, 1, 1, 1, 1, 1, 1], [1, 1, 1, 1, 1, 1, 1, 1, 1, 1, 1, 1, 1], [1, 1, 1, 1, 1, 1, 1, 1, 1, 1, 1, 1, 1], [1, 1, 1, 1, 1, 1, 1, 1, 1, 1, 1, 1, 1], [1, 1, 1, 1, 1, 1, 1, 1, 1, 1, 1, 1, 1], [1, 1, 1, 1, 1, 1, 1, 1, 1, 1, 1, 1, 1], [1, 1, 1, 1, 1, 1, 1, 1, 1, 1, 1, 1, 1], [1, 1, 1, 1, 1, 1, 1, 1, 1, 1, 1, 1, 1]]}, {"input": [[0, 0, 0, 0, 0, 0, 0, 0, 0, 0, 0, 0, 0], [5, 5, 5, 5, 5, 0, 0, 0, 0, 0, 0, 0, 0], [5, 5, 5, 5, 5, 0, 0, 5, 5, 5, 5, 5, 0], [5, 5, 3, 5, 5, 0, 0, 4, 5, 5, 5, 5, 0], [5, 5, 5, 5, 5, 0, 0, 5, 5, 9, 5, 5, 0], [5, 5, 5, 5, 5, 0, 0, 5, 5, 5, 5, 5, 0], [0, 0, 0, 0, 0, 0, 0, 5, 5, 5, 5, 5, 0], [0, 0, 0, 0, 0, 0, 0, 0, 0, 0, 0, 0, 0], [6, 0, 0, 0, 0, 4, 5, 5, 5, 0, 0, 0, 0], [5, 2, 5, 5, 0, 0, 5, 4, 5, 0, 0, 0, 0], [5, 5, 5, 5, 0, 0, 5, 5, 5, 0, 0, 0, 0], [5, 5, 3, 5, 0, 0, 0, 0, 0, 0, 0, 0, 0], [5, 5, 5, 5, 0, 0, 0, 0, 0, 0, 0, 0, 0]], "output": [[3, 3, 3, 3, 3, 3, 3, 3, 3, 3, 3, 3, 3], [3, 3, 3, 3, 3, 3, 3, 3, 3, 3, 3, 3, 3], [3, 3, 3, 3, 3, 3, 3, 3, 3, 3, 3, 3, 3], [3, 3, 3, 3, 3, 3, 3, 3, 3, 3, 3, 3, 3], [3, 3, 3, 3, 3, 3, 3, 3, 3, 3, 3, 3, 3], [3, 3, 3, 3, 3, 3, 3, 3, 3, 3, 3, 3, 3], [3, 3, 3, 3, 3, 3, 3, 3, 3, 3, 3, 3, 3], [3, 3, 3, 3, 3, 3, 3, 3, 3, 3, 3, 3, 3], [3, 3, 3, 3, 3, 3, 0, 0, 0, 3, 3, 3, 3], [3, 3, 3, 3, 3, 3, 0, 3, 0, 3, 3, 3, 3], [3, 3, 3, 3, 3, 3, 0, 0, 0, 3, 3, 3, 3], [3, 3, 3, 3, 3, 3, 3, 3, 3, 3, 3, 3, 3], [3, 3, 3, 3, 3, 3, 3, 3, 3, 3, 3, 3, 3]]}]}