{"train": [{"input": [[4, 4, 4, 0], [4, 4, 4, 0], [4, 4, 4, 0], [0, 0, 0, 0]], "output": [[0, 4, 4, 4], [0, 4, 4, 4], [0, 4, 4, 4], [0, 4, 4, 4]]}, {"input": [[6, 6, 6, 6, 0], [6, 6, 6, 6, 0], [6, 6, 6, 6, 0], [6, 6, 6, 6, 0], [0, 0, 0, 0, 0]], "output": [[0, 6, 6, 6, 6], [0, 6, 6, 6, 6], [0, 6, 6, 6, 6], [0, 6, 6, 6, 6], [0, 6, 6, 6, 6]]}, {"input": [[7, 7, 7, 7, 0], [7, 7, 7, 7, 0], [7, 7, 7, 7, 0], [7, 7, 7, 7, 0], [0, 0, 0, 0, 0]], "output": [[0, 7, 7, 7, 7], [0, 7, 7, 7, 7], [0, 7, 7, 7, 7], [0, 7, 7, 7, 7], [0, 7, 7, 7, 7]]}, {"input": [[5, 5, 0], [5, 5, 0], [0, 0, 0]], "output": [[0, 5, 5], [0, 5, 5], [0, 5, 5]]}, {"input": [[8, 8, 8, 8, 0], [8, 8, 8, 8, 0], [8, 8, 8, 8, 0], [8, 8, 8, 8, 0], [0, 0, 0, 0, 0]], "output": [[0, 8, 8, 8, 8], [0, 8, 8, 8, 8], [0, 8, 8, 8, 8], [0, 8, 8, 8, 8], [0, 8, 8, 8, 8]]}, {"input": [[7, 7, 7, 0], [7, 7, 7, 0], [7, 7, 7, 0], [0, 0, 0, 0]], "output": [[0, 7, 7, 7], [0, 7, 7, 7], [0, 7, 7, 7], [0, 7, 7, 7]]}, {"input": [[9, 9, 0], [9, 9, 0], [0, 0, 0]], "output": [[0, 9, 9], [0, 9, 9], [0, 9, 9]]}, {"input": [[3, 3, 3, 0], [3, 3, 3, 0], [3, 3, 3, 0], [0, 0, 0, 0]], "output": [[0, 3, 3, 3], [0, 3, 3, 3], [0, 3, 3, 3], [0, 3, 3, 3]]}, {"input": [[2, 2, 0], [2, 2, 0], [0, 0, 0]], "output": [[0, 2, 2], [0, 2, 2], [0, 2, 2]]}, {"input": [[2, 2, 2, 0], [2, 2, 2, 0], [2, 2, 2, 0], [0, 0, 0, 0]], "output": [[0, 2, 2, 2], [0, 2, 2, 2], [0, 2, 2, 2], [0, 2, 2, 2]]}, {"input": [[8, 8, 8, 0], [8, 8, 8, 0], [8, 8, 8, 0], [0, 0, 0, 0]], "output": [[0, 8, 8, 8], [0, 8, 8, 8], [0, 8, 8, 8], [0, 8, 8, 8]]}, {"input": [[3, 3, 0], [3, 3, 0], [0, 0, 0]], "output": [[0, 3, 3], [0, 3, 3], [0, 3, 3]]}, {"input": [[1, 1, 1, 0], [1, 1, 1, 0], [1, 1, 1, 0], [0, 0, 0, 0]], "output": [[0, 1, 1, 1], [0, 1, 1, 1], [0, 1, 1, 1], [0, 1, 1, 1]]}, {"input": [[3, 3, 3, 3, 0], [3, 3, 3, 3, 0], [3, 3, 3, 3, 0], [3, 3, 3, 3, 0], [0, 0, 0, 0, 0]], "output": [[0, 3, 3, 3, 3], [0, 3, 3, 3, 3], [0, 3, 3, 3, 3], [0, 3, 3, 3, 3], [0, 3, 3, 3, 3]]}, {"input": [[9, 9, 9, 9, 0], [9, 9, 9, 9, 0], [9, 9, 9, 9, 0], [9, 9, 9, 9, 0], [0, 0, 0, 0, 0]], "output": [[0, 9, 9, 9, 9], [0, 9, 9, 9, 9], [0, 9, 9, 9, 9], [0, 9, 9, 9, 9], [0, 9, 9, 9, 9]]}, {"input": [[9, 9, 9, 0], [9, 9, 9, 0], [9, 9, 9, 0], [0, 0, 0, 0]], "output": [[0, 9, 9, 9], [0, 9, 9, 9], [0, 9, 9, 9], [0, 9, 9, 9]]}, {"input": [[4, 4, 4, 4, 0], [4, 4, 4, 4, 0], [4, 4, 4, 4, 0], [4, 4, 4, 4, 0], [0, 0, 0, 0, 0]], "output": [[0, 4, 4, 4, 4], [0, 4, 4, 4, 4], [0, 4, 4, 4, 4], [0, 4, 4, 4, 4], [0, 4, 4, 4, 4]]}, {"input": [[8, 8, 0], [8, 8, 0], [0, 0, 0]], "output": [[0, 8, 8], [0, 8, 8], [0, 8, 8]]}, {"input": [[1, 1, 0], [1, 1, 0], [0, 0, 0]], "output": [[0, 1, 1], [0, 1, 1], [0, 1, 1]]}, {"input": [[7, 7, 0], [7, 7, 0], [0, 0, 0]], "output": [[0, 7, 7], [0, 7, 7], [0, 7, 7]]}, {"input": [[4, 4, 0], [4, 4, 0], [0, 0, 0]], "output": [[0, 4, 4], [0, 4, 4], [0, 4, 4]]}], "test": [{"input": [[5, 5, 5, 5, 0], [5, 5, 5, 5, 0], [5, 5, 5, 5, 0], [5, 5, 5, 5, 0], [0, 0, 0, 0, 0]], "output": [[0, 5, 5, 5, 5], [0, 5, 5, 5, 5], [0, 5, 5, 5, 5], [0, 5, 5, 5, 5], [0, 5, 5, 5, 5]]}, {"input": [[6, 6, 6, 0], [6, 6, 6, 0], [6, 6, 6, 0], [0, 0, 0, 0]], "output": [[0, 6, 6, 6], [0, 6, 6, 6], [0, 6, 6, 6], [0, 6, 6, 6]]}, {"input": [[1, 1, 1, 1, 0], [1, 1, 1, 1, 0], [1, 1, 1, 1, 0], [1, 1, 1, 1, 0], [0, 0, 0, 0, 0]], "output": [[0, 1, 1, 1, 1], [0, 1, 1, 1, 1], [0, 1, 1, 1, 1], [0, 1, 1, 1, 1], [0, 1, 1, 1, 1]]}]}