{"train": [{"input": [[9, 0, 0, 0, 0, 0, 0, 0, 0, 0], [0, 0, 0, 0, 0, 0, 0, 0, 0, 0], [0, 0, 0, 0, 0, 0, 0, 0, 0, 0], [0, 0, 0, 0, 0, 0, 0, 0, 0, 0], [0, 0, 0, 0, 0, 0, 0, 0, 0, 0], [0, 0, 0, 0, 0, 0, 0, 0, 0, 0], [0, 0, 0, 0, 0, 0, 0, 0, 0, 0], [0, 0, 0, 0, 0, 0, 0, 0, 0, 0], [0, 0, 0, 0, 0, 0, 0, 0, 0, 0], [0, 0, 0, 0, 0, 0, 0, 0, 0, 4]], "output": [[9, 8, 8, 8, 7, 7, 7, 7, 6, 6], [8, 8, 8, 7, 7, 7, 7, 6, 6, 6], [8, 8, 7, 7, 7, 7, 6, 6, 6, 5], [8, 7, 7, 7, 7, 6, 6, 6, 5, 5], [7, 7, 7, 7, 6, 6, 6, 5, 5, 5], [7, 7, 7, 6, 6, 6, 5, 5, 5, 5], [7, 7, 6, 6, 6, 5, 5, 5, 5, 4], [7, 6, 6, 6, 5, 5, 5, 5, 4, 4], [6, 6, 6, 5, 5, 5, 5, 4, 4, 4], [6, 6, 5, 5, 5, 5, 4, 4, 4, 4]]}, {"input": [[3, 0, 0, 0, 0, 0, 0, 0, 0, 0], [0, 0, 0, 0, 0, 0, 0, 0, 0, 0], [0, 0, 0, 0, 0, 0, 0, 0, 0, 0], [0, 0, 0, 0, 0, 0, 0, 0, 0, 0], [0, 0, 0, 0, 0, 0, 0, 0, 0, 0], [0, 0, 0, 0, 0, 0, 0, 0, 0, 0], [0, 0, 0, 0, 0, 0, 0, 0, 0, 0], [0, 0, 0, 0, 0, 0, 0, 0, 0, 0], [0, 0, 0, 0, 0, 0, 0, 0, 0, 0], [0, 0, 0, 0, 0, 0, 0, 0, 0, 8]], "output": [[3, 3, 3, 3, 4, 4, 4, 4, 5, 5], [3, 3, 3, 4, 4, 4, 4, 5, 5, 5], [3, 3, 4, 4, 4, 4, 5, 5, 5, 6], [3, 4, 4, 4, 4, 5, 5, 5, 6, 6], [4, 4, 4, 4, 5, 5, 5, 6, 6, 6], [4, 4, 4, 5, 5, 5, 6, 6, 6, 6], [4, 4, 5, 5, 5, 6, 6, 6, 6, 7], [4, 5, 5, 5, 6, 6, 6, 6, 7, 7], [5, 5, 5, 6, 6, 6, 6, 7, 7, 7], [5, 5, 6, 6, 6, 6, 7, 7, 7, 8]]}, {"input": [[5, 0, 0, 0, 0, 0, 0, 0, 0, 0], [0, 0, 0, 0, 0, 0, 0, 0, 0, 0], [0, 0, 0, 0, 0, 0, 0, 0, 0, 0], [0, 0, 0, 0, 0, 0, 0, 0, 0, 0], [0, 0, 0, 0, 0, 0, 0, 0, 0, 0], [0, 0, 0, 0, 0, 0, 0, 0, 0, 0], [0, 0, 0, 0, 0, 0, 0, 0, 0, 0], [0, 0, 0, 0, 0, 0, 0, 0, 0, 0], [0, 0, 0, 0, 0, 0, 0, 0, 0, 0], [0, 0, 0, 0, 0, 0, 0, 0, 0, 7]], "output": [[5, 5, 5, 5, 5, 5, 5, 5, 5, 6], [5, 5, 5, 5, 5, 5, 5, 5, 6, 6], [5, 5, 5, 5, 5, 5, 5, 6, 6, 6], [5, 5, 5, 5, 5, 5, 6, 6, 6, 6], [5, 5, 5, 5, 5, 6, 6, 6, 6, 6], [5, 5, 5, 5, 6, 6, 6, 6, 6, 6], [5, 5, 5, 6, 6, 6, 6, 6, 6, 6], [5, 5, 6, 6, 6, 6, 6, 6, 6, 6], [5, 6, 6, 6, 6, 6, 6, 6, 6, 6], [6, 6, 6, 6, 6, 6, 6, 6, 6, 7]]}, {"input": [[2, 0, 0, 0, 0, 0, 0, 0, 0, 0], [0, 0, 0, 0, 0, 0, 0, 0, 0, 0], [0, 0, 0, 0, 0, 0, 0, 0, 0, 0], [0, 0, 0, 0, 0, 0, 0, 0, 0, 0], [0, 0, 0, 0, 0, 0, 0, 0, 0, 0], [0, 0, 0, 0, 0, 0, 0, 0, 0, 0], [0, 0, 0, 0, 0, 0, 0, 0, 0, 0], [0, 0, 0, 0, 0, 0, 0, 0, 0, 0], [0, 0, 0, 0, 0, 0, 0, 0, 0, 0], [0, 0, 0, 0, 0, 0, 0, 0, 0, 3]], "output": [[2, 2, 2, 2, 2, 2, 2, 2, 2, 2], [2, 2, 2, 2, 2, 2, 2, 2, 2, 2], [2, 2, 2, 2, 2, 2, 2, 2, 2, 2], [2, 2, 2, 2, 2, 2, 2, 2, 2, 2], [2, 2, 2, 2, 2, 2, 2, 2, 2, 2], [2, 2, 2, 2, 2, 2, 2, 2, 2, 2], [2, 2, 2, 2, 2, 2, 2, 2, 2, 2], [2, 2, 2, 2, 2, 2, 2, 2, 2, 2], [2, 2, 2, 2, 2, 2, 2, 2, 2, 2], [2, 2, 2, 2, 2, 2, 2, 2, 2, 3]]}, {"input": [[5, 0, 0, 0, 0, 0, 0, 0, 0, 0], [0, 0, 0, 0, 0, 0, 0, 0, 0, 0], [0, 0, 0, 0, 0, 0, 0, 0, 0, 0], [0, 0, 0, 0, 0, 0, 0, 0, 0, 0], [0, 0, 0, 0, 0, 0, 0, 0, 0, 0], [0, 0, 0, 0, 0, 0, 0, 0, 0, 0], [0, 0, 0, 0, 0, 0, 0, 0, 0, 0], [0, 0, 0, 0, 0, 0, 0, 0, 0, 0], [0, 0, 0, 0, 0, 0, 0, 0, 0, 0], [0, 0, 0, 0, 0, 0, 0, 0, 0, 4]], "output": [[5, 4, 4, 4, 4, 4, 4, 4, 4, 4], [4, 4, 4, 4, 4, 4, 4, 4, 4, 4], [4, 4, 4, 4, 4, 4, 4, 4, 4, 4], [4, 4, 4, 4, 4, 4, 4, 4, 4, 4], [4, 4, 4, 4, 4, 4, 4, 4, 4, 4], [4, 4, 4, 4, 4, 4, 4, 4, 4, 4], [4, 4, 4, 4, 4, 4, 4, 4, 4, 4], [4, 4, 4, 4, 4, 4, 4, 4, 4, 4], [4, 4, 4, 4, 4, 4, 4, 4, 4, 4], [4, 4, 4, 4, 4, 4, 4, 4, 4, 4]]}, {"input": [[7, 0, 0, 0, 0, 0, 0, 0, 0, 0], [0, 0, 0, 0, 0, 0, 0, 0, 0, 0], [0, 0, 0, 0, 0, 0, 0, 0, 0, 0], [0, 0, 0, 0, 0, 0, 0, 0, 0, 0], [0, 0, 0, 0, 0, 0, 0, 0, 0, 0], [0, 0, 0, 0, 0, 0, 0, 0, 0, 0], [0, 0, 0, 0, 0, 0, 0, 0, 0, 0], [0, 0, 0, 0, 0, 0, 0, 0, 0, 0], [0, 0, 0, 0, 0, 0, 0, 0, 0, 0], [0, 0, 0, 0, 0, 0, 0, 0, 0, 2]], "output": [[7, 6, 6, 6, 5, 5, 5, 5, 4, 4], [6, 6, 6, 5, 5, 5, 5, 4, 4, 4], [6, 6, 5, 5, 5, 5, 4, 4, 4, 3], [6, 5, 5, 5, 5, 4, 4, 4, 3, 3], [5, 5, 5, 5, 4, 4, 4, 3, 3, 3], [5, 5, 5, 4, 4, 4, 3, 3, 3, 3], [5, 5, 4, 4, 4, 3, 3, 3, 3, 2], [5, 4, 4, 4, 3, 3, 3, 3, 2, 2], [4, 4, 4, 3, 3, 3, 3, 2, 2, 2], [4, 4, 3, 3, 3, 3, 2, 2, 2, 2]]}, {"input": [[6, 0, 0, 0, 0, 0, 0, 0, 0, 0], [0, 0, 0, 0, 0, 0, 0, 0, 0, 0], [0, 0, 0, 0, 0, 0, 0, 0, 0, 0], [0, 0, 0, 0, 0, 0, 0, 0, 0, 0], [0, 0, 0, 0, 0, 0, 0, 0, 0, 0], [0, 0, 0, 0, 0, 0, 0, 0, 0, 0], [0, 0, 0, 0, 0, 0, 0, 0, 0, 0], [0, 0, 0, 0, 0, 0, 0, 0, 0, 0], [0, 0, 0, 0, 0, 0, 0, 0, 0, 0], [0, 0, 0, 0, 0, 0, 0, 0, 0, 1]], "output": [[6, 5, 5, 5, 4, 4, 4, 4, 3, 3], [5, 5, 5, 4, 4, 4, 4, 3, 3, 3], [5, 5, 4, 4, 4, 4, 3, 3, 3, 2], [5, 4, 4, 4, 4, 3, 3, 3, 2, 2], [4, 4, 4, 4, 3, 3, 3, 2, 2, 2], [4, 4, 4, 3, 3, 3, 2, 2, 2, 2], [4, 4, 3, 3, 3, 2, 2, 2, 2, 1], [4, 3, 3, 3, 2, 2, 2, 2, 1, 1], [3, 3, 3, 2, 2, 2, 2, 1, 1, 1], [3, 3, 2, 2, 2, 2, 1, 1, 1, 1]]}, {"input": [[8, 0, 0, 0, 0, 0, 0, 0, 0, 0], [0, 0, 0, 0, 0, 0, 0, 0, 0, 0], [0, 0, 0, 0, 0, 0, 0, 0, 0, 0], [0, 0, 0, 0, 0, 0, 0, 0, 0, 0], [0, 0, 0, 0, 0, 0, 0, 0, 0, 0], [0, 0, 0, 0, 0, 0, 0, 0, 0, 0], [0, 0, 0, 0, 0, 0, 0, 0, 0, 0], [0, 0, 0, 0, 0, 0, 0, 0, 0, 0], [0, 0, 0, 0, 0, 0, 0, 0, 0, 0], [0, 0, 0, 0, 0, 0, 0, 0, 0, 6]], "output": [[8, 7, 7, 7, 7, 7, 7, 7, 7, 7], [7, 7, 7, 7, 7, 7, 7, 7, 7, 6], [7, 7, 7, 7, 7, 7, 7, 7, 6, 6], [7, 7, 7, 7, 7, 7, 7, 6, 6, 6], [7, 7, 7, 7, 7, 7, 6, 6, 6, 6], [7, 7, 7, 7, 7, 6, 6, 6, 6, 6], [7, 7, 7, 7, 6, 6, 6, 6, 6, 6], [7, 7, 7, 6, 6, 6, 6, 6, 6, 6], [7, 7, 6, 6, 6, 6, 6, 6, 6, 6], [7, 6, 6, 6, 6, 6, 6, 6, 6, 6]]}, {"input": [[4, 0, 0, 0, 0, 0, 0, 0, 0, 0], [0, 0, 0, 0, 0, 0, 0, 0, 0, 0], [0, 0, 0, 0, 0, 0, 0, 0, 0, 0], [0, 0, 0, 0, 0, 0, 0, 0, 0, 0], [0, 0, 0, 0, 0, 0, 0, 0, 0, 0], [0, 0, 0, 0, 0, 0, 0, 0, 0, 0], [0, 0, 0, 0, 0, 0, 0, 0, 0, 0], [0, 0, 0, 0, 0, 0, 0, 0, 0, 0], [0, 0, 0, 0, 0, 0, 0, 0, 0, 0], [0, 0, 0, 0, 0, 0, 0, 0, 0, 9]], "output": [[4, 4, 4, 4, 5, 5, 5, 5, 6, 6], [4, 4, 4, 5, 5, 5, 5, 6, 6, 6], [4, 4, 5, 5, 5, 5, 6, 6, 6, 7], [4, 5, 5, 5, 5, 6, 6, 6, 7, 7], [5, 5, 5, 5, 6, 6, 6, 7, 7, 7], [5, 5, 5, 6, 6, 6, 7, 7, 7, 7], [5, 5, 6, 6, 6, 7, 7, 7, 7, 8], [5, 6, 6, 6, 7, 7, 7, 7, 8, 8], [6, 6, 6, 7, 7, 7, 7, 8, 8, 8], [6, 6, 7, 7, 7, 7, 8, 8, 8, 9]]}, {"input": [[5, 0, 0, 0, 0, 0, 0, 0, 0, 0], [0, 0, 0, 0, 0, 0, 0, 0, 0, 0], [0, 0, 0, 0, 0, 0, 0, 0, 0, 0], [0, 0, 0, 0, 0, 0, 0, 0, 0, 0], [0, 0, 0, 0, 0, 0, 0, 0, 0, 0], [0, 0, 0, 0, 0, 0, 0, 0, 0, 0], [0, 0, 0, 0, 0, 0, 0, 0, 0, 0], [0, 0, 0, 0, 0, 0, 0, 0, 0, 0], [0, 0, 0, 0, 0, 0, 0, 0, 0, 0], [0, 0, 0, 0, 0, 0, 0, 0, 0, 8]], "output": [[5, 5, 5, 5, 5, 5, 6, 6, 6, 6], [5, 5, 5, 5, 5, 6, 6, 6, 6, 6], [5, 5, 5, 5, 6, 6, 6, 6, 6, 6], [5, 5, 5, 6, 6, 6, 6, 6, 6, 7], [5, 5, 6, 6, 6, 6, 6, 6, 7, 7], [5, 6, 6, 6, 6, 6, 6, 7, 7, 7], [6, 6, 6, 6, 6, 6, 7, 7, 7, 7], [6, 6, 6, 6, 6, 7, 7, 7, 7, 7], [6, 6, 6, 6, 7, 7, 7, 7, 7, 7], [6, 6, 6, 7, 7, 7, 7, 7, 7, 8]]}, {"input": [[7, 0, 0, 0, 0, 0, 0, 0, 0, 0], [0, 0, 0, 0, 0, 0, 0, 0, 0, 0], [0, 0, 0, 0, 0, 0, 0, 0, 0, 0], [0, 0, 0, 0, 0, 0, 0, 0, 0, 0], [0, 0, 0, 0, 0, 0, 0, 0, 0, 0], [0, 0, 0, 0, 0, 0, 0, 0, 0, 0], [0, 0, 0, 0, 0, 0, 0, 0, 0, 0], [0, 0, 0, 0, 0, 0, 0, 0, 0, 0], [0, 0, 0, 0, 0, 0, 0, 0, 0, 0], [0, 0, 0, 0, 0, 0, 0, 0, 0, 6]], "output": [[7, 6, 6, 6, 6, 6, 6, 6, 6, 6], [6, 6, 6, 6, 6, 6, 6, 6, 6, 6], [6, 6, 6, 6, 6, 6, 6, 6, 6, 6], [6, 6, 6, 6, 6, 6, 6, 6, 6, 6], [6, 6, 6, 6, 6, 6, 6, 6, 6, 6], [6, 6, 6, 6, 6, 6, 6, 6, 6, 6], [6, 6, 6, 6, 6, 6, 6, 6, 6, 6], [6, 6, 6, 6, 6, 6, 6, 6, 6, 6], [6, 6, 6, 6, 6, 6, 6, 6, 6, 6], [6, 6, 6, 6, 6, 6, 6, 6, 6, 6]]}, {"input": [[6, 0, 0, 0, 0, 0, 0, 0, 0, 0], [0, 0, 0, 0, 0, 0, 0, 0, 0, 0], [0, 0, 0, 0, 0, 0, 0, 0, 0, 0], [0, 0, 0, 0, 0, 0, 0, 0, 0, 0], [0, 0, 0, 0, 0, 0, 0, 0, 0, 0], [0, 0, 0, 0, 0, 0, 0, 0, 0, 0], [0, 0, 0, 0, 0, 0, 0, 0, 0, 0], [0, 0, 0, 0, 0, 0, 0, 0, 0, 0], [0, 0, 0, 0, 0, 0, 0, 0, 0, 0], [0, 0, 0, 0, 0, 0, 0, 0, 0, 8]], "output": [[6, 6, 6, 6, 6, 6, 6, 6, 6, 7], [6, 6, 6, 6, 6, 6, 6, 6, 7, 7], [6, 6, 6, 6, 6, 6, 6, 7, 7, 7], [6, 6, 6, 6, 6, 6, 7, 7, 7, 7], [6, 6, 6, 6, 6, 7, 7, 7, 7, 7], [6, 6, 6, 6, 7, 7, 7, 7, 7, 7], [6, 6, 6, 7, 7, 7, 7, 7, 7, 7], [6, 6, 7, 7, 7, 7, 7, 7, 7, 7], [6, 7, 7, 7, 7, 7, 7, 7, 7, 7], [7, 7, 7, 7, 7, 7, 7, 7, 7, 8]]}, {"input": [[9, 0, 0, 0, 0, 0, 0, 0, 0, 0], [0, 0, 0, 0, 0, 0, 0, 0, 0, 0], [0, 0, 0, 0, 0, 0, 0, 0, 0, 0], [0, 0, 0, 0, 0, 0, 0, 0, 0, 0], [0, 0, 0, 0, 0, 0, 0, 0, 0, 0], [0, 0, 0, 0, 0, 0, 0, 0, 0, 0], [0, 0, 0, 0, 0, 0, 0, 0, 0, 0], [0, 0, 0, 0, 0, 0, 0, 0, 0, 0], [0, 0, 0, 0, 0, 0, 0, 0, 0, 0], [0, 0, 0, 0, 0, 0, 0, 0, 0, 5]], "output": [[9, 8, 8, 8, 8, 7, 7, 7, 7, 7], [8, 8, 8, 8, 7, 7, 7, 7, 7, 6], [8, 8, 8, 7, 7, 7, 7, 7, 6, 6], [8, 8, 7, 7, 7, 7, 7, 6, 6, 6], [8, 7, 7, 7, 7, 7, 6, 6, 6, 6], [7, 7, 7, 7, 7, 6, 6, 6, 6, 5], [7, 7, 7, 7, 6, 6, 6, 6, 5, 5], [7, 7, 7, 6, 6, 6, 6, 5, 5, 5], [7, 7, 6, 6, 6, 6, 5, 5, 5, 5], [7, 6, 6, 6, 6, 5, 5, 5, 5, 5]]}, {"input": [[2, 0, 0, 0, 0, 0, 0, 0, 0, 0], [0, 0, 0, 0, 0, 0, 0, 0, 0, 0], [0, 0, 0, 0, 0, 0, 0, 0, 0, 0], [0, 0, 0, 0, 0, 0, 0, 0, 0, 0], [0, 0, 0, 0, 0, 0, 0, 0, 0, 0], [0, 0, 0, 0, 0, 0, 0, 0, 0, 0], [0, 0, 0, 0, 0, 0, 0, 0, 0, 0], [0, 0, 0, 0, 0, 0, 0, 0, 0, 0], [0, 0, 0, 0, 0, 0, 0, 0, 0, 0], [0, 0, 0, 0, 0, 0, 0, 0, 0, 6]], "output": [[2, 2, 2, 2, 2, 3, 3, 3, 3, 4], [2, 2, 2, 2, 3, 3, 3, 3, 4, 4], [2, 2, 2, 3, 3, 3, 3, 4, 4, 4], [2, 2, 3, 3, 3, 3, 4, 4, 4, 4], [2, 3, 3, 3, 3, 4, 4, 4, 4, 4], [3, 3, 3, 3, 4, 4, 4, 4, 4, 5], [3, 3, 3, 4, 4, 4, 4, 4, 5, 5], [3, 3, 4, 4, 4, 4, 4, 5, 5, 5], [3, 4, 4, 4, 4, 4, 5, 5, 5, 5], [4, 4, 4, 4, 4, 5, 5, 5, 5, 6]]}, {"input": [[6, 0, 0, 0, 0, 0, 0, 0, 0, 0], [0, 0, 0, 0, 0, 0, 0, 0, 0, 0], [0, 0, 0, 0, 0, 0, 0, 0, 0, 0], [0, 0, 0, 0, 0, 0, 0, 0, 0, 0], [0, 0, 0, 0, 0, 0, 0, 0, 0, 0], [0, 0, 0, 0, 0, 0, 0, 0, 0, 0], [0, 0, 0, 0, 0, 0, 0, 0, 0, 0], [0, 0, 0, 0, 0, 0, 0, 0, 0, 0], [0, 0, 0, 0, 0, 0, 0, 0, 0, 0], [0, 0, 0, 0, 0, 0, 0, 0, 0, 5]], "output": [[6, 5, 5, 5, 5, 5, 5, 5, 5, 5], [5, 5, 5, 5, 5, 5, 5, 5, 5, 5], [5, 5, 5, 5, 5, 5, 5, 5, 5, 5], [5, 5, 5, 5, 5, 5, 5, 5, 5, 5], [5, 5, 5, 5, 5, 5, 5, 5, 5, 5], [5, 5, 5, 5, 5, 5, 5, 5, 5, 5], [5, 5, 5, 5, 5, 5, 5, 5, 5, 5], [5, 5, 5, 5, 5, 5, 5, 5, 5, 5], [5, 5, 5, 5, 5, 5, 5, 5, 5, 5], [5, 5, 5, 5, 5, 5, 5, 5, 5, 5]]}, {"input": [[7, 0, 0, 0, 0, 0, 0, 0, 0, 0], [0, 0, 0, 0, 0, 0, 0, 0, 0, 0], [0, 0, 0, 0, 0, 0, 0, 0, 0, 0], [0, 0, 0, 0, 0, 0, 0, 0, 0, 0], [0, 0, 0, 0, 0, 0, 0, 0, 0, 0], [0, 0, 0, 0, 0, 0, 0, 0, 0, 0], [0, 0, 0, 0, 0, 0, 0, 0, 0, 0], [0, 0, 0, 0, 0, 0, 0, 0, 0, 0], [0, 0, 0, 0, 0, 0, 0, 0, 0, 0], [0, 0, 0, 0, 0, 0, 0, 0, 0, 9]], "output": [[7, 7, 7, 7, 7, 7, 7, 7, 7, 8], [7, 7, 7, 7, 7, 7, 7, 7, 8, 8], [7, 7, 7, 7, 7, 7, 7, 8, 8, 8], [7, 7, 7, 7, 7, 7, 8, 8, 8, 8], [7, 7, 7, 7, 7, 8, 8, 8, 8, 8], [7, 7, 7, 7, 8, 8, 8, 8, 8, 8], [7, 7, 7, 8, 8, 8, 8, 8, 8, 8], [7, 7, 8, 8, 8, 8, 8, 8, 8, 8], [7, 8, 8, 8, 8, 8, 8, 8, 8, 8], [8, 8, 8, 8, 8, 8, 8, 8, 8, 9]]}, {"input": [[1, 0, 0, 0, 0, 0, 0, 0, 0, 0], [0, 0, 0, 0, 0, 0, 0, 0, 0, 0], [0, 0, 0, 0, 0, 0, 0, 0, 0, 0], [0, 0, 0, 0, 0, 0, 0, 0, 0, 0], [0, 0, 0, 0, 0, 0, 0, 0, 0, 0], [0, 0, 0, 0, 0, 0, 0, 0, 0, 0], [0, 0, 0, 0, 0, 0, 0, 0, 0, 0], [0, 0, 0, 0, 0, 0, 0, 0, 0, 0], [0, 0, 0, 0, 0, 0, 0, 0, 0, 0], [0, 0, 0, 0, 0, 0, 0, 0, 0, 4]], "output": [[1, 1, 1, 1, 1, 1, 2, 2, 2, 2], [1, 1, 1, 1, 1, 2, 2, 2, 2, 2], [1, 1, 1, 1, 2, 2, 2, 2, 2, 2], [1, 1, 1, 2, 2, 2, 2, 2, 2, 3], [1, 1, 2, 2, 2, 2, 2, 2, 3, 3], [1, 2, 2, 2, 2, 2, 2, 3, 3, 3], [2, 2, 2, 2, 2, 2, 3, 3, 3, 3], [2, 2, 2, 2, 2, 3, 3, 3, 3, 3], [2, 2, 2, 2, 3, 3, 3, 3, 3, 3], [2, 2, 2, 3, 3, 3, 3, 3, 3, 4]]}, {"input": [[2, 0, 0, 0, 0, 0, 0, 0, 0, 0], [0, 0, 0, 0, 0, 0, 0, 0, 0, 0], [0, 0, 0, 0, 0, 0, 0, 0, 0, 0], [0, 0, 0, 0, 0, 0, 0, 0, 0, 0], [0, 0, 0, 0, 0, 0, 0, 0, 0, 0], [0, 0, 0, 0, 0, 0, 0, 0, 0, 0], [0, 0, 0, 0, 0, 0, 0, 0, 0, 0], [0, 0, 0, 0, 0, 0, 0, 0, 0, 0], [0, 0, 0, 0, 0, 0, 0, 0, 0, 0], [0, 0, 0, 0, 0, 0, 0, 0, 0, 1]], "output": [[2, 1, 1, 1, 1, 1, 1, 1, 1, 1], [1, 1, 1, 1, 1, 1, 1, 1, 1, 1], [1, 1, 1, 1, 1, 1, 1, 1, 1, 1], [1, 1, 1, 1, 1, 1, 1, 1, 1, 1], [1, 1, 1, 1, 1, 1, 1, 1, 1, 1], [1, 1, 1, 1, 1, 1, 1, 1, 1, 1], [1, 1, 1, 1, 1, 1, 1, 1, 1, 1], [1, 1, 1, 1, 1, 1, 1, 1, 1, 1], [1, 1, 1, 1, 1, 1, 1, 1, 1, 1], [1, 1, 1, 1, 1, 1, 1, 1, 1, 1]]}, {"input": [[3, 0, 0, 0, 0, 0, 0, 0, 0, 0], [0, 0, 0, 0, 0, 0, 0, 0, 0, 0], [0, 0, 0, 0, 0, 0, 0, 0, 0, 0], [0, 0, 0, 0, 0, 0, 0, 0, 0, 0], [0, 0, 0, 0, 0, 0, 0, 0, 0, 0], [0, 0, 0, 0, 0, 0, 0, 0, 0, 0], [0, 0, 0, 0, 0, 0, 0, 0, 0, 0], [0, 0, 0, 0, 0, 0, 0, 0, 0, 0], [0, 0, 0, 0, 0, 0, 0, 0, 0, 0], [0, 0, 0, 0, 0, 0, 0, 0, 0, 7]], "output": [[3, 3, 3, 3, 3, 4, 4, 4, 4, 5], [3, 3, 3, 3, 4, 4, 4, 4, 5, 5], [3, 3, 3, 4, 4, 4, 4, 5, 5, 5], [3, 3, 4, 4, 4, 4, 5, 5, 5, 5], [3, 4, 4, 4, 4, 5, 5, 5, 5, 5], [4, 4, 4, 4, 5, 5, 5, 5, 5, 6], [4, 4, 4, 5, 5, 5, 5, 5, 6, 6], [4, 4, 5, 5, 5, 5, 5, 6, 6, 6], [4, 5, 5, 5, 5, 5, 6, 6, 6, 6], [5, 5, 5, 5, 5, 6, 6, 6, 6, 7]]}, {"input": [[3, 0, 0, 0, 0, 0, 0, 0, 0, 0], [0, 0, 0, 0, 0, 0, 0, 0, 0, 0], [0, 0, 0, 0, 0, 0, 0, 0, 0, 0], [0, 0, 0, 0, 0, 0, 0, 0, 0, 0], [0, 0, 0, 0, 0, 0, 0, 0, 0, 0], [0, 0, 0, 0, 0, 0, 0, 0, 0, 0], [0, 0, 0, 0, 0, 0, 0, 0, 0, 0], [0, 0, 0, 0, 0, 0, 0, 0, 0, 0], [0, 0, 0, 0, 0, 0, 0, 0, 0, 0], [0, 0, 0, 0, 0, 0, 0, 0, 0, 4]], "output": [[3, 3, 3, 3, 3, 3, 3, 3, 3, 3], [3, 3, 3, 3, 3, 3, 3, 3, 3, 3], [3, 3, 3, 3, 3, 3, 3, 3, 3, 3], [3, 3, 3, 3, 3, 3, 3, 3, 3, 3], [3, 3, 3, 3, 3, 3, 3, 3, 3, 3], [3, 3, 3, 3, 3, 3, 3, 3, 3, 3], [3, 3, 3, 3, 3, 3, 3, 3, 3, 3], [3, 3, 3, 3, 3, 3, 3, 3, 3, 3], [3, 3, 3, 3, 3, 3, 3, 3, 3, 3], [3, 3, 3, 3, 3, 3, 3, 3, 3, 4]]}, {"input": [[4, 0, 0, 0, 0, 0, 0, 0, 0, 0], [0, 0, 0, 0, 0, 0, 0, 0, 0, 0], [0, 0, 0, 0, 0, 0, 0, 0, 0, 0], [0, 0, 0, 0, 0, 0, 0, 0, 0, 0], [0, 0, 0, 0, 0, 0, 0, 0, 0, 0], [0, 0, 0, 0, 0, 0, 0, 0, 0, 0], [0, 0, 0, 0, 0, 0, 0, 0, 0, 0], [0, 0, 0, 0, 0, 0, 0, 0, 0, 0], [0, 0, 0, 0, 0, 0, 0, 0, 0, 0], [0, 0, 0, 0, 0, 0, 0, 0, 0, 7]], "output": [[4, 4, 4, 4, 4, 4, 5, 5, 5, 5], [4, 4, 4, 4, 4, 5, 5, 5, 5, 5], [4, 4, 4, 4, 5, 5, 5, 5, 5, 5], [4, 4, 4, 5, 5, 5, 5, 5, 5, 6], [4, 4, 5, 5, 5, 5, 5, 5, 6, 6], [4, 5, 5, 5, 5, 5, 5, 6, 6, 6], [5, 5, 5, 5, 5, 5, 6, 6, 6, 6], [5, 5, 5, 5, 5, 6, 6, 6, 6, 6], [5, 5, 5, 5, 6, 6, 6, 6, 6, 6], [5, 5, 5, 6, 6, 6, 6, 6, 6, 7]]}, {"input": [[3, 0, 0, 0, 0, 0, 0, 0, 0, 0], [0, 0, 0, 0, 0, 0, 0, 0, 0, 0], [0, 0, 0, 0, 0, 0, 0, 0, 0, 0], [0, 0, 0, 0, 0, 0, 0, 0, 0, 0], [0, 0, 0, 0, 0, 0, 0, 0, 0, 0], [0, 0, 0, 0, 0, 0, 0, 0, 0, 0], [0, 0, 0, 0, 0, 0, 0, 0, 0, 0], [0, 0, 0, 0, 0, 0, 0, 0, 0, 0], [0, 0, 0, 0, 0, 0, 0, 0, 0, 0], [0, 0, 0, 0, 0, 0, 0, 0, 0, 6]], "output": [[3, 3, 3, 3, 3, 3, 4, 4, 4, 4], [3, 3, 3, 3, 3, 4, 4, 4, 4, 4], [3, 3, 3, 3, 4, 4, 4, 4, 4, 4], [3, 3, 3, 4, 4, 4, 4, 4, 4, 5], [3, 3, 4, 4, 4, 4, 4, 4, 5, 5], [3, 4, 4, 4, 4, 4, 4, 5, 5, 5], [4, 4, 4, 4, 4, 4, 5, 5, 5, 5], [4, 4, 4, 4, 4, 5, 5, 5, 5, 5], [4, 4, 4, 4, 5, 5, 5, 5, 5, 5], [4, 4, 4, 5, 5, 5, 5, 5, 5, 6]]}, {"input": [[5, 0, 0, 0, 0, 0, 0, 0, 0, 0], [0, 0, 0, 0, 0, 0, 0, 0, 0, 0], [0, 0, 0, 0, 0, 0, 0, 0, 0, 0], [0, 0, 0, 0, 0, 0, 0, 0, 0, 0], [0, 0, 0, 0, 0, 0, 0, 0, 0, 0], [0, 0, 0, 0, 0, 0, 0, 0, 0, 0], [0, 0, 0, 0, 0, 0, 0, 0, 0, 0], [0, 0, 0, 0, 0, 0, 0, 0, 0, 0], [0, 0, 0, 0, 0, 0, 0, 0, 0, 0], [0, 0, 0, 0, 0, 0, 0, 0, 0, 9]], "output": [[5, 5, 5, 5, 5, 6, 6, 6, 6, 7], [5, 5, 5, 5, 6, 6, 6, 6, 7, 7], [5, 5, 5, 6, 6, 6, 6, 7, 7, 7], [5, 5, 6, 6, 6, 6, 7, 7, 7, 7], [5, 6, 6, 6, 6, 7, 7, 7, 7, 7], [6, 6, 6, 6, 7, 7, 7, 7, 7, 8], [6, 6, 6, 7, 7, 7, 7, 7, 8, 8], [6, 6, 7, 7, 7, 7, 7, 8, 8, 8], [6, 7, 7, 7, 7, 7, 8, 8, 8, 8], [7, 7, 7, 7, 7, 8, 8, 8, 8, 9]]}, {"input": [[9, 0, 0, 0, 0, 0, 0, 0, 0, 0], [0, 0, 0, 0, 0, 0, 0, 0, 0, 0], [0, 0, 0, 0, 0, 0, 0, 0, 0, 0], [0, 0, 0, 0, 0, 0, 0, 0, 0, 0], [0, 0, 0, 0, 0, 0, 0, 0, 0, 0], [0, 0, 0, 0, 0, 0, 0, 0, 0, 0], [0, 0, 0, 0, 0, 0, 0, 0, 0, 0], [0, 0, 0, 0, 0, 0, 0, 0, 0, 0], [0, 0, 0, 0, 0, 0, 0, 0, 0, 0], [0, 0, 0, 0, 0, 0, 0, 0, 0, 6]], "output": [[9, 8, 8, 8, 8, 8, 8, 7, 7, 7], [8, 8, 8, 8, 8, 8, 7, 7, 7, 7], [8, 8, 8, 8, 8, 7, 7, 7, 7, 7], [8, 8, 8, 8, 7, 7, 7, 7, 7, 7], [8, 8, 8, 7, 7, 7, 7, 7, 7, 6], [8, 8, 7, 7, 7, 7, 7, 6, 6, 6], [8, 7, 7, 7, 7, 7, 7, 6, 6, 6], [7, 7, 7, 7, 7, 6, 6, 6, 6, 6], [7, 7, 7, 7, 7, 6, 6, 6, 6, 6], [7, 7, 7, 7, 6, 6, 6, 6, 6, 6]]}, {"input": [[3, 0, 0, 0, 0, 0, 0, 0, 0, 0], [0, 0, 0, 0, 0, 0, 0, 0, 0, 0], [0, 0, 0, 0, 0, 0, 0, 0, 0, 0], [0, 0, 0, 0, 0, 0, 0, 0, 0, 0], [0, 0, 0, 0, 0, 0, 0, 0, 0, 0], [0, 0, 0, 0, 0, 0, 0, 0, 0, 0], [0, 0, 0, 0, 0, 0, 0, 0, 0, 0], [0, 0, 0, 0, 0, 0, 0, 0, 0, 0], [0, 0, 0, 0, 0, 0, 0, 0, 0, 0], [0, 0, 0, 0, 0, 0, 0, 0, 0, 1]], "output": [[3, 2, 2, 2, 2, 2, 2, 2, 2, 2], [2, 2, 2, 2, 2, 2, 2, 2, 2, 1], [2, 2, 2, 2, 2, 2, 2, 2, 1, 1], [2, 2, 2, 2, 2, 2, 2, 1, 1, 1], [2, 2, 2, 2, 2, 2, 1, 1, 1, 1], [2, 2, 2, 2, 2, 1, 1, 1, 1, 1], [2, 2, 2, 2, 1, 1, 1, 1, 1, 1], [2, 2, 2, 1, 1, 1, 1, 1, 1, 1], [2, 2, 1, 1, 1, 1, 1, 1, 1, 1], [2, 1, 1, 1, 1, 1, 1, 1, 1, 1]]}, {"input": [[9, 0, 0, 0, 0, 0, 0, 0, 0, 0], [0, 0, 0, 0, 0, 0, 0, 0, 0, 0], [0, 0, 0, 0, 0, 0, 0, 0, 0, 0], [0, 0, 0, 0, 0, 0, 0, 0, 0, 0], [0, 0, 0, 0, 0, 0, 0, 0, 0, 0], [0, 0, 0, 0, 0, 0, 0, 0, 0, 0], [0, 0, 0, 0, 0, 0, 0, 0, 0, 0], [0, 0, 0, 0, 0, 0, 0, 0, 0, 0], [0, 0, 0, 0, 0, 0, 0, 0, 0, 0], [0, 0, 0, 0, 0, 0, 0, 0, 0, 7]], "output": [[9, 8, 8, 8, 8, 8, 8, 8, 8, 8], [8, 8, 8, 8, 8, 8, 8, 8, 8, 7], [8, 8, 8, 8, 8, 8, 8, 8, 7, 7], [8, 8, 8, 8, 8, 8, 8, 7, 7, 7], [8, 8, 8, 8, 8, 8, 7, 7, 7, 7], [8, 8, 8, 8, 8, 7, 7, 7, 7, 7], [8, 8, 8, 8, 7, 7, 7, 7, 7, 7], [8, 8, 8, 7, 7, 7, 7, 7, 7, 7], [8, 8, 7, 7, 7, 7, 7, 7, 7, 7], [8, 7, 7, 7, 7, 7, 7, 7, 7, 7]]}, {"input": [[4, 0, 0, 0, 0, 0, 0, 0, 0, 0], [0, 0, 0, 0, 0, 0, 0, 0, 0, 0], [0, 0, 0, 0, 0, 0, 0, 0, 0, 0], [0, 0, 0, 0, 0, 0, 0, 0, 0, 0], [0, 0, 0, 0, 0, 0, 0, 0, 0, 0], [0, 0, 0, 0, 0, 0, 0, 0, 0, 0], [0, 0, 0, 0, 0, 0, 0, 0, 0, 0], [0, 0, 0, 0, 0, 0, 0, 0, 0, 0], [0, 0, 0, 0, 0, 0, 0, 0, 0, 0], [0, 0, 0, 0, 0, 0, 0, 0, 0, 2]], "output": [[4, 3, 3, 3, 3, 3, 3, 3, 3, 3], [3, 3, 3, 3, 3, 3, 3, 3, 3, 2], [3, 3, 3, 3, 3, 3, 3, 3, 2, 2], [3, 3, 3, 3, 3, 3, 3, 2, 2, 2], [3, 3, 3, 3, 3, 3, 2, 2, 2, 2], [3, 3, 3, 3, 3, 2, 2, 2, 2, 2], [3, 3, 3, 3, 2, 2, 2, 2, 2, 2], [3, 3, 3, 2, 2, 2, 2, 2, 2, 2], [3, 3, 2, 2, 2, 2, 2, 2, 2, 2], [3, 2, 2, 2, 2, 2, 2, 2, 2, 2]]}, {"input": [[4, 0, 0, 0, 0, 0, 0, 0, 0, 0], [0, 0, 0, 0, 0, 0, 0, 0, 0, 0], [0, 0, 0, 0, 0, 0, 0, 0, 0, 0], [0, 0, 0, 0, 0, 0, 0, 0, 0, 0], [0, 0, 0, 0, 0, 0, 0, 0, 0, 0], [0, 0, 0, 0, 0, 0, 0, 0, 0, 0], [0, 0, 0, 0, 0, 0, 0, 0, 0, 0], [0, 0, 0, 0, 0, 0, 0, 0, 0, 0], [0, 0, 0, 0, 0, 0, 0, 0, 0, 0], [0, 0, 0, 0, 0, 0, 0, 0, 0, 6]], "output": [[4, 4, 4, 4, 4, 4, 4, 4, 4, 5], [4, 4, 4, 4, 4, 4, 4, 4, 5, 5], [4, 4, 4, 4, 4, 4, 4, 5, 5, 5], [4, 4, 4, 4, 4, 4, 5, 5, 5, 5], [4, 4, 4, 4, 4, 5, 5, 5, 5, 5], [4, 4, 4, 4, 5, 5, 5, 5, 5, 5], [4, 4, 4, 5, 5, 5, 5, 5, 5, 5], [4, 4, 5, 5, 5, 5, 5, 5, 5, 5], [4, 5, 5, 5, 5, 5, 5, 5, 5, 5], [5, 5, 5, 5, 5, 5, 5, 5, 5, 6]]}, {"input": [[1, 0, 0, 0, 0, 0, 0, 0, 0, 0], [0, 0, 0, 0, 0, 0, 0, 0, 0, 0], [0, 0, 0, 0, 0, 0, 0, 0, 0, 0], [0, 0, 0, 0, 0, 0, 0, 0, 0, 0], [0, 0, 0, 0, 0, 0, 0, 0, 0, 0], [0, 0, 0, 0, 0, 0, 0, 0, 0, 0], [0, 0, 0, 0, 0, 0, 0, 0, 0, 0], [0, 0, 0, 0, 0, 0, 0, 0, 0, 0], [0, 0, 0, 0, 0, 0, 0, 0, 0, 0], [0, 0, 0, 0, 0, 0, 0, 0, 0, 8]], "output": [[1, 1, 1, 2, 2, 2, 3, 3, 4, 4], [1, 1, 2, 2, 2, 3, 3, 4, 4, 4], [1, 2, 2, 2, 3, 3, 4, 4, 4, 5], [2, 2, 2, 3, 3, 4, 4, 4, 5, 5], [2, 2, 3, 3, 4, 4, 4, 5, 5, 6], [2, 3, 3, 4, 4, 4, 5, 5, 6, 6], [3, 3, 4, 4, 4, 5, 5, 6, 6, 6], [3, 4, 4, 4, 5, 5, 6, 6, 6, 7], [4, 4, 4, 5, 5, 6, 6, 6, 7, 7], [4, 4, 5, 5, 6, 6, 6, 7, 7, 8]]}, {"input": [[8, 0, 0, 0, 0, 0, 0, 0, 0, 0], [0, 0, 0, 0, 0, 0, 0, 0, 0, 0], [0, 0, 0, 0, 0, 0, 0, 0, 0, 0], [0, 0, 0, 0, 0, 0, 0, 0, 0, 0], [0, 0, 0, 0, 0, 0, 0, 0, 0, 0], [0, 0, 0, 0, 0, 0, 0, 0, 0, 0], [0, 0, 0, 0, 0, 0, 0, 0, 0, 0], [0, 0, 0, 0, 0, 0, 0, 0, 0, 0], [0, 0, 0, 0, 0, 0, 0, 0, 0, 0], [0, 0, 0, 0, 0, 0, 0, 0, 0, 9]], "output": [[8, 8, 8, 8, 8, 8, 8, 8, 8, 8], [8, 8, 8, 8, 8, 8, 8, 8, 8, 8], [8, 8, 8, 8, 8, 8, 8, 8, 8, 8], [8, 8, 8, 8, 8, 8, 8, 8, 8, 8], [8, 8, 8, 8, 8, 8, 8, 8, 8, 8], [8, 8, 8, 8, 8, 8, 8, 8, 8, 8], [8, 8, 8, 8, 8, 8, 8, 8, 8, 8], [8, 8, 8, 8, 8, 8, 8, 8, 8, 8], [8, 8, 8, 8, 8, 8, 8, 8, 8, 8], [8, 8, 8, 8, 8, 8, 8, 8, 8, 9]]}, {"input": [[6, 0, 0, 0, 0, 0, 0, 0, 0, 0], [0, 0, 0, 0, 0, 0, 0, 0, 0, 0], [0, 0, 0, 0, 0, 0, 0, 0, 0, 0], [0, 0, 0, 0, 0, 0, 0, 0, 0, 0], [0, 0, 0, 0, 0, 0, 0, 0, 0, 0], [0, 0, 0, 0, 0, 0, 0, 0, 0, 0], [0, 0, 0, 0, 0, 0, 0, 0, 0, 0], [0, 0, 0, 0, 0, 0, 0, 0, 0, 0], [0, 0, 0, 0, 0, 0, 0, 0, 0, 0], [0, 0, 0, 0, 0, 0, 0, 0, 0, 4]], "output": [[6, 5, 5, 5, 5, 5, 5, 5, 5, 5], [5, 5, 5, 5, 5, 5, 5, 5, 5, 4], [5, 5, 5, 5, 5, 5, 5, 5, 4, 4], [5, 5, 5, 5, 5, 5, 5, 4, 4, 4], [5, 5, 5, 5, 5, 5, 4, 4, 4, 4], [5, 5, 5, 5, 5, 4, 4, 4, 4, 4], [5, 5, 5, 5, 4, 4, 4, 4, 4, 4], [5, 5, 5, 4, 4, 4, 4, 4, 4, 4], [5, 5, 4, 4, 4, 4, 4, 4, 4, 4], [5, 4, 4, 4, 4, 4, 4, 4, 4, 4]]}, {"input": [[8, 0, 0, 0, 0, 0, 0, 0, 0, 0], [0, 0, 0, 0, 0, 0, 0, 0, 0, 0], [0, 0, 0, 0, 0, 0, 0, 0, 0, 0], [0, 0, 0, 0, 0, 0, 0, 0, 0, 0], [0, 0, 0, 0, 0, 0, 0, 0, 0, 0], [0, 0, 0, 0, 0, 0, 0, 0, 0, 0], [0, 0, 0, 0, 0, 0, 0, 0, 0, 0], [0, 0, 0, 0, 0, 0, 0, 0, 0, 0], [0, 0, 0, 0, 0, 0, 0, 0, 0, 0], [0, 0, 0, 0, 0, 0, 0, 0, 0, 2]], "output": [[8, 7, 7, 7, 6, 6, 6, 5, 5, 5], [7, 7, 7, 6, 6, 6, 5, 5, 5, 4], [7, 7, 6, 6, 6, 5, 5, 5, 4, 4], [7, 6, 6, 6, 5, 5, 5, 4, 4, 4], [6, 6, 6, 5, 5, 5, 4, 4, 4, 3], [6, 6, 5, 5, 5, 4, 4, 3, 3, 3], [6, 5, 5, 5, 4, 4, 4, 3, 3, 3], [5, 5, 5, 4, 4, 3, 3, 3, 3, 2], [5, 5, 4, 4, 4, 3, 3, 3, 2, 2], [5, 4, 4, 4, 3, 3, 3, 2, 2, 2]]}, {"input": [[8, 0, 0, 0, 0, 0, 0, 0, 0, 0], [0, 0, 0, 0, 0, 0, 0, 0, 0, 0], [0, 0, 0, 0, 0, 0, 0, 0, 0, 0], [0, 0, 0, 0, 0, 0, 0, 0, 0, 0], [0, 0, 0, 0, 0, 0, 0, 0, 0, 0], [0, 0, 0, 0, 0, 0, 0, 0, 0, 0], [0, 0, 0, 0, 0, 0, 0, 0, 0, 0], [0, 0, 0, 0, 0, 0, 0, 0, 0, 0], [0, 0, 0, 0, 0, 0, 0, 0, 0, 0], [0, 0, 0, 0, 0, 0, 0, 0, 0, 7]], "output": [[8, 7, 7, 7, 7, 7, 7, 7, 7, 7], [7, 7, 7, 7, 7, 7, 7, 7, 7, 7], [7, 7, 7, 7, 7, 7, 7, 7, 7, 7], [7, 7, 7, 7, 7, 7, 7, 7, 7, 7], [7, 7, 7, 7, 7, 7, 7, 7, 7, 7], [7, 7, 7, 7, 7, 7, 7, 7, 7, 7], [7, 7, 7, 7, 7, 7, 7, 7, 7, 7], [7, 7, 7, 7, 7, 7, 7, 7, 7, 7], [7, 7, 7, 7, 7, 7, 7, 7, 7, 7], [7, 7, 7, 7, 7, 7, 7, 7, 7, 7]]}, {"input": [[5, 0, 0, 0, 0, 0, 0, 0, 0, 0], [0, 0, 0, 0, 0, 0, 0, 0, 0, 0], [0, 0, 0, 0, 0, 0, 0, 0, 0, 0], [0, 0, 0, 0, 0, 0, 0, 0, 0, 0], [0, 0, 0, 0, 0, 0, 0, 0, 0, 0], [0, 0, 0, 0, 0, 0, 0, 0, 0, 0], [0, 0, 0, 0, 0, 0, 0, 0, 0, 0], [0, 0, 0, 0, 0, 0, 0, 0, 0, 0], [0, 0, 0, 0, 0, 0, 0, 0, 0, 0], [0, 0, 0, 0, 0, 0, 0, 0, 0, 3]], "output": [[5, 4, 4, 4, 4, 4, 4, 4, 4, 4], [4, 4, 4, 4, 4, 4, 4, 4, 4, 3], [4, 4, 4, 4, 4, 4, 4, 4, 3, 3], [4, 4, 4, 4, 4, 4, 4, 3, 3, 3], [4, 4, 4, 4, 4, 4, 3, 3, 3, 3], [4, 4, 4, 4, 4, 3, 3, 3, 3, 3], [4, 4, 4, 4, 3, 3, 3, 3, 3, 3], [4, 4, 4, 3, 3, 3, 3, 3, 3, 3], [4, 4, 3, 3, 3, 3, 3, 3, 3, 3], [4, 3, 3, 3, 3, 3, 3, 3, 3, 3]]}, {"input": [[1, 0, 0, 0, 0, 0, 0, 0, 0, 0], [0, 0, 0, 0, 0, 0, 0, 0, 0, 0], [0, 0, 0, 0, 0, 0, 0, 0, 0, 0], [0, 0, 0, 0, 0, 0, 0, 0, 0, 0], [0, 0, 0, 0, 0, 0, 0, 0, 0, 0], [0, 0, 0, 0, 0, 0, 0, 0, 0, 0], [0, 0, 0, 0, 0, 0, 0, 0, 0, 0], [0, 0, 0, 0, 0, 0, 0, 0, 0, 0], [0, 0, 0, 0, 0, 0, 0, 0, 0, 0], [0, 0, 0, 0, 0, 0, 0, 0, 0, 6]], "output": [[1, 1, 1, 1, 2, 2, 2, 2, 3, 3], [1, 1, 1, 2, 2, 2, 2, 3, 3, 3], [1, 1, 2, 2, 2, 2, 3, 3, 3, 4], [1, 2, 2, 2, 2, 3, 3, 3, 4, 4], [2, 2, 2, 2, 3, 3, 3, 4, 4, 4], [2, 2, 2, 3, 3, 3, 4, 4, 4, 4], [2, 2, 3, 3, 3, 4, 4, 4, 4, 5], [2, 3, 3, 3, 4, 4, 4, 4, 5, 5], [3, 3, 3, 4, 4, 4, 4, 5, 5, 5], [3, 3, 4, 4, 4, 4, 5, 5, 5, 6]]}], "test": [{"input": [[2, 0, 0, 0, 0, 0, 0, 0, 0, 0], [0, 0, 0, 0, 0, 0, 0, 0, 0, 0], [0, 0, 0, 0, 0, 0, 0, 0, 0, 0], [0, 0, 0, 0, 0, 0, 0, 0, 0, 0], [0, 0, 0, 0, 0, 0, 0, 0, 0, 0], [0, 0, 0, 0, 0, 0, 0, 0, 0, 0], [0, 0, 0, 0, 0, 0, 0, 0, 0, 0], [0, 0, 0, 0, 0, 0, 0, 0, 0, 0], [0, 0, 0, 0, 0, 0, 0, 0, 0, 0], [0, 0, 0, 0, 0, 0, 0, 0, 0, 4]], "output": [[2, 2, 2, 2, 2, 2, 2, 2, 2, 3], [2, 2, 2, 2, 2, 2, 2, 2, 3, 3], [2, 2, 2, 2, 2, 2, 2, 3, 3, 3], [2, 2, 2, 2, 2, 2, 3, 3, 3, 3], [2, 2, 2, 2, 2, 3, 3, 3, 3, 3], [2, 2, 2, 2, 3, 3, 3, 3, 3, 3], [2, 2, 2, 3, 3, 3, 3, 3, 3, 3], [2, 2, 3, 3, 3, 3, 3, 3, 3, 3], [2, 3, 3, 3, 3, 3, 3, 3, 3, 3], [3, 3, 3, 3, 3, 3, 3, 3, 3, 4]]}, {"input": [[1, 0, 0, 0, 0, 0, 0, 0, 0, 0], [0, 0, 0, 0, 0, 0, 0, 0, 0, 0], [0, 0, 0, 0, 0, 0, 0, 0, 0, 0], [0, 0, 0, 0, 0, 0, 0, 0, 0, 0], [0, 0, 0, 0, 0, 0, 0, 0, 0, 0], [0, 0, 0, 0, 0, 0, 0, 0, 0, 0], [0, 0, 0, 0, 0, 0, 0, 0, 0, 0], [0, 0, 0, 0, 0, 0, 0, 0, 0, 0], [0, 0, 0, 0, 0, 0, 0, 0, 0, 0], [0, 0, 0, 0, 0, 0, 0, 0, 0, 9]], "output": [[1, 1, 1, 2, 2, 3, 3, 4, 4, 5], [1, 1, 2, 2, 3, 3, 4, 4, 5, 5], [1, 2, 2, 3, 3, 4, 4, 5, 5, 5], [2, 2, 3, 3, 4, 4, 5, 5, 5, 6], [2, 3, 3, 4, 4, 5, 5, 5, 6, 6], [3, 3, 4, 4, 5, 5, 5, 6, 6, 7], [3, 4, 4, 5, 5, 5, 6, 6, 7, 7], [4, 4, 5, 5, 5, 6, 6, 7, 7, 8], [4, 5, 5, 5, 6, 6, 7, 7, 8, 8], [5, 5, 5, 6, 6, 7, 7, 8, 8, 9]]}, {"input": [[2, 0, 0, 0, 0, 0, 0, 0, 0, 0], [0, 0, 0, 0, 0, 0, 0, 0, 0, 0], [0, 0, 0, 0, 0, 0, 0, 0, 0, 0], [0, 0, 0, 0, 0, 0, 0, 0, 0, 0], [0, 0, 0, 0, 0, 0, 0, 0, 0, 0], [0, 0, 0, 0, 0, 0, 0, 0, 0, 0], [0, 0, 0, 0, 0, 0, 0, 0, 0, 0], [0, 0, 0, 0, 0, 0, 0, 0, 0, 0], [0, 0, 0, 0, 0, 0, 0, 0, 0, 0], [0, 0, 0, 0, 0, 0, 0, 0, 0, 5]], "output": [[2, 2, 2, 2, 2, 2, 3, 3, 3, 3], [2, 2, 2, 2, 2, 3, 3, 3, 3, 3], [2, 2, 2, 2, 3, 3, 3, 3, 3, 3], [2, 2, 2, 3, 3, 3, 3, 3, 3, 4], [2, 2, 3, 3, 3, 3, 3, 3, 4, 4], [2, 3, 3, 3, 3, 3, 3, 4, 4, 4], [3, 3, 3, 3, 3, 3, 4, 4, 4, 4], [3, 3, 3, 3, 3, 4, 4, 4, 4, 4], [3, 3, 3, 3, 4, 4, 4, 4, 4, 4], [3, 3, 3, 4, 4, 4, 4, 4, 4, 5]]}]}