{"train": [{"input": [[0, 0, 0, 0, 2, 0, 0, 0, 0, 0, 2, 0, 0, 1, 0, 0, 0], [0, 0, 0, 0, 2, 0, 0, 0, 0, 0, 2, 1, 0, 0, 0, 0, 0], [1, 0, 0, 0, 2, 0, 0, 0, 0, 1, 2, 0, 0, 0, 0, 0, 0], [0, 0, 0, 0, 2, 0, 1, 0, 0, 0, 2, 0, 1, 0, 0, 0, 0], [0, 0, 0, 1, 2, 0, 0, 0, 0, 1, 2, 0, 0, 0, 0, 0, 0], [1, 0, 0, 0, 2, 1, 1, 0, 0, 0, 2, 1, 0, 1, 0, 0, 0], [0, 0, 0, 0, 2, 0, 1, 0, 0, 1, 2, 0, 1, 1, 1, 0, 1], [1, 0, 1, 0, 2, 1, 0, 0, 1, 0, 2, 0, 0, 0, 1, 0, 0], [0, 0, 0, 0, 2, 0, 0, 1, 0, 0, 2, 1, 0, 0, 0, 1, 0], [0, 0, 1, 0, 2, 0, 1, 0, 0, 0, 2, 0, 0, 0, 1, 0, 0], [1, 1, 0, 1, 2, 0, 1, 1, 0, 0, 2, 0, 1, 1, 1, 0, 0], [0, 0, 0, 1, 2, 0, 0, 0, 0, 0, 2, 1, 0, 0, 0, 0, 0], [0, 0, 0, 0, 2, 0, 0, 0, 0, 0, 2, 0, 0, 0, 0, 0, 0]], "output": [[0, 0, 0, 4, 2, 0, 0, 0, 0, 4, 2, 0, 0, 0, 0, 0, 0], [4, 0, 0, 0, 2, 4, 4, 0, 0, 0, 2, 4, 0, 4, 0, 0, 0], [0, 0, 0, 0, 2, 0, 4, 0, 0, 4, 2, 0, 4, 4, 4, 0, 4], [4, 0, 4, 0, 2, 4, 0, 0, 4, 0, 2, 0, 0, 0, 4, 0, 0], [0, 0, 0, 0, 2, 0, 0, 4, 0, 0, 2, 4, 0, 0, 0, 4, 0], [0, 0, 4, 0, 2, 0, 4, 0, 0, 0, 2, 0, 0, 0, 4, 0, 0], [4, 4, 0, 4, 2, 0, 4, 4, 0, 0, 2, 0, 4, 4, 4, 0, 0]]}, {"input": [[0, 2, 0, 0, 0, 0, 1, 1, 0, 2, 0, 0, 0, 0, 0], [0, 2, 1, 0, 0, 0, 0, 1, 0, 2, 0, 0, 0, 0, 0], [0, 2, 0, 0, 0, 0, 0, 0, 0, 2, 0, 0, 0, 0, 0], [1, 2, 0, 0, 0, 0, 1, 1, 0, 2, 0, 0, 1, 0, 1], [0, 2, 0, 0, 0, 0, 0, 0, 0, 2, 0, 0, 0, 1, 0], [1, 2, 0, 0, 0, 0, 1, 0, 0, 2, 0, 1, 0, 0, 1], [0, 2, 0, 0, 0, 0, 0, 0, 0, 2, 1, 0, 0, 0, 0], [0, 2, 0, 0, 0, 0, 0, 1, 1, 2, 0, 0, 1, 0, 0], [0, 2, 0, 0, 1, 1, 0, 0, 0, 2, 1, 1, 0, 1, 0], [1, 2, 0, 0, 1, 0, 0, 0, 0, 2, 0, 0, 0, 1, 0], [0, 2, 1, 0, 0, 0, 0, 0, 0, 2, 1, 1, 0, 0, 0], [1, 2, 0, 0, 0, 0, 0, 1, 0, 2, 1, 0, 0, 0, 0]], "output": [[0, 2, 4, 0, 0, 0, 0, 4, 0, 2, 0, 0, 0, 0, 0], [0, 2, 0, 0, 0, 0, 0, 0, 0, 2, 0, 0, 0, 0, 0], [4, 2, 0, 0, 0, 0, 4, 4, 0, 2, 0, 0, 4, 0, 4], [0, 2, 0, 0, 0, 0, 0, 0, 0, 2, 0, 0, 0, 4, 0], [4, 2, 0, 0, 0, 0, 4, 0, 0, 2, 0, 4, 0, 0, 4], [0, 2, 0, 0, 0, 0, 0, 0, 0, 2, 4, 0, 0, 0, 0], [0, 2, 0, 0, 0, 0, 0, 4, 4, 2, 0, 0, 4, 0, 0], [0, 2, 0, 0, 4, 4, 0, 0, 0, 2, 4, 4, 0, 4, 0], [4, 2, 0, 0, 4, 0, 0, 0, 0, 2, 0, 0, 0, 4, 0]]}, {"input": [[0, 0, 0, 0, 0, 2, 1, 0, 2, 0, 0, 0, 0, 0], [0, 0, 0, 0, 0, 2, 0, 1, 2, 0, 1, 0, 1, 0], [0, 0, 0, 0, 1, 2, 0, 0, 2, 1, 0, 0, 1, 0], [1, 0, 0, 0, 0, 2, 0, 1, 2, 0, 0, 0, 0, 0], [1, 0, 1, 0, 1, 2, 0, 0, 2, 0, 0, 1, 0, 0], [0, 0, 0, 0, 0, 2, 0, 0, 2, 0, 0, 0, 1, 0], [0, 1, 0, 0, 0, 2, 0, 0, 2, 0, 0, 0, 0, 0], [0, 0, 0, 0, 0, 2, 1, 1, 2, 0, 0, 0, 0, 0], [0, 1, 0, 0, 0, 2, 0, 0, 2, 0, 0, 1, 0, 1], [0, 0, 0, 0, 0, 2, 0, 1, 2, 1, 0, 1, 0, 0], [0, 0, 0, 1, 0, 2, 1, 0, 2, 0, 0, 0, 0, 0], [1, 0, 0, 0, 0, 2, 0, 0, 2, 1, 0, 0, 0, 0], [0, 0, 0, 1, 0, 2, 0, 0, 2, 1, 0, 0, 0, 0], [0, 0, 0, 0, 0, 2, 0, 0, 2, 0, 0, 0, 0, 1]], "output": [[0, 0, 0, 0, 0, 2, 0, 0, 2, 0, 0, 0, 4, 0], [0, 4, 0, 0, 0, 2, 0, 0, 2, 0, 0, 0, 0, 0], [0, 0, 0, 0, 0, 2, 4, 4, 2, 0, 0, 0, 0, 0], [0, 4, 0, 0, 0, 2, 0, 0, 2, 0, 0, 4, 0, 4]]}, {"input": [[0, 1, 0, 0, 0, 0, 0, 0, 1, 0, 0, 2, 1, 2, 1], [0, 0, 0, 0, 0, 0, 0, 0, 0, 0, 0, 2, 0, 2, 0], [0, 0, 0, 0, 0, 0, 0, 0, 1, 1, 0, 2, 0, 2, 0], [0, 0, 0, 0, 1, 0, 0, 0, 0, 0, 0, 2, 0, 2, 1], [0, 0, 0, 0, 0, 0, 0, 0, 0, 0, 1, 2, 1, 2, 0], [0, 0, 1, 0, 0, 1, 0, 0, 0, 1, 0, 2, 0, 2, 0], [0, 0, 0, 0, 0, 1, 1, 1, 0, 0, 0, 2, 0, 2, 0], [0, 0, 1, 0, 0, 0, 0, 0, 0, 0, 0, 2, 0, 2, 0], [0, 0, 1, 1, 0, 0, 0, 0, 1, 1, 0, 2, 0, 2, 0], [0, 0, 0, 0, 0, 0, 0, 1, 0, 0, 0, 2, 1, 2, 0], [0, 0, 0, 0, 0, 0, 0, 0, 0, 1, 0, 2, 1, 2, 0], [0, 0, 0, 0, 0, 0, 0, 1, 0, 0, 1, 2, 0, 2, 0], [0, 1, 0, 0, 0, 0, 0, 1, 0, 0, 0, 2, 0, 2, 0], [0, 0, 0, 0, 0, 0, 0, 0, 1, 0, 0, 2, 0, 2, 0], [0, 0, 0, 0, 0, 0, 0, 0, 0, 0, 1, 2, 0, 2, 0], [0, 0, 0, 1, 0, 0, 0, 0, 1, 0, 1, 1, 1, 0, 0], [0, 0, 1, 1, 0, 0, 0, 0, 0, 0, 1, 1, 0, 0, 1], [0, 0, 1, 1, 0, 0, 0, 0, 0, 1, 1, 0, 0, 0, 1], [0, 0, 0, 1, 0, 0, 0, 0, 0, 0, 0, 0, 0, 0, 0]], "output": [[0, 0, 0, 0, 0, 0, 0, 4, 0, 0, 4, 2, 0, 2, 0], [0, 4, 0, 0, 0, 0, 0, 4, 0, 0, 0, 2, 0, 2, 0], [0, 0, 0, 0, 0, 0, 0, 0, 4, 0, 0, 2, 0, 2, 0]]}, {"input": [[0, 0, 0, 2, 0, 0, 1, 0, 0, 1, 2, 0, 0, 1, 0, 1], [0, 0, 0, 2, 0, 1, 0, 0, 0, 0, 2, 1, 0, 1, 0, 0], [1, 1, 1, 2, 1, 0, 0, 1, 0, 0, 2, 0, 0, 0, 0, 0], [0, 0, 0, 2, 1, 1, 1, 0, 0, 0, 2, 0, 1, 0, 0, 0], [0, 0, 0, 2, 1, 0, 0, 0, 0, 0, 2, 0, 0, 0, 1, 0], [0, 0, 0, 2, 1, 0, 0, 0, 1, 0, 2, 0, 0, 0, 0, 0], [0, 0, 0, 2, 0, 0, 0, 1, 0, 0, 2, 0, 0, 0, 0, 0], [0, 0, 0, 2, 0, 0, 0, 0, 0, 0, 2, 0, 0, 0, 0, 0], [0, 1, 1, 2, 0, 0, 1, 0, 0, 0, 2, 0, 0, 1, 0, 0], [0, 1, 1, 2, 0, 0, 0, 0, 0, 0, 2, 1, 1, 1, 0, 0], [0, 1, 0, 2, 1, 0, 1, 0, 0, 1, 2, 0, 1, 1, 0, 0]], "output": [[0, 0, 0, 2, 4, 4, 4, 0, 0, 0, 2, 0, 4, 0, 0, 0], [0, 0, 0, 2, 4, 0, 0, 0, 0, 0, 2, 0, 0, 0, 4, 0], [0, 0, 0, 2, 4, 0, 0, 0, 4, 0, 2, 0, 0, 0, 0, 0], [0, 0, 0, 2, 0, 0, 0, 4, 0, 0, 2, 0, 0, 0, 0, 0], [0, 0, 0, 2, 0, 0, 0, 0, 0, 0, 2, 0, 0, 0, 0, 0], [0, 4, 4, 2, 0, 0, 4, 0, 0, 0, 2, 0, 0, 4, 0, 0], [0, 4, 4, 2, 0, 0, 0, 0, 0, 0, 2, 4, 4, 4, 0, 0], [0, 4, 0, 2, 4, 0, 4, 0, 0, 4, 2, 0, 4, 4, 0, 0]]}, {"input": [[0, 0, 0, 0, 1, 1, 0, 0, 0, 0, 1, 2, 0, 2, 1, 1, 0, 0], [0, 0, 0, 0, 0, 1, 0, 0, 0, 1, 0, 2, 0, 2, 0, 0, 0, 0], [0, 1, 1, 0, 0, 1, 0, 0, 0, 0, 0, 2, 0, 2, 0, 1, 0, 0], [0, 0, 1, 0, 0, 0, 1, 1, 0, 0, 0, 2, 0, 2, 0, 0, 0, 1], [0, 1, 0, 0, 0, 1, 1, 0, 0, 0, 0, 2, 0, 2, 1, 0, 0, 0], [0, 0, 0, 0, 0, 0, 0, 0, 1, 0, 0, 2, 1, 2, 0, 0, 0, 1], [0, 0, 0, 0, 1, 1, 0, 0, 0, 1, 1, 2, 0, 2, 1, 0, 0, 0], [0, 0, 1, 1, 0, 0, 0, 0, 0, 0, 0, 2, 0, 2, 1, 0, 0, 0], [0, 1, 0, 0, 0, 1, 0, 0, 0, 0, 0, 2, 1, 2, 0, 0, 1, 1], [0, 0, 0, 0, 0, 0, 0, 0, 0, 1, 0, 2, 0, 2, 0, 0, 0, 0], [0, 0, 0, 0, 0, 0, 1, 0, 0, 0, 0, 2, 0, 2, 0, 0, 0, 0], [0, 0, 0, 0, 0, 0, 0, 0, 1, 0, 1, 2, 1, 2, 0, 1, 0, 0], [0, 1, 0, 0, 0, 0, 0, 0, 0, 0, 0, 2, 0, 2, 1, 0, 0, 0], [0, 0, 0, 0, 0, 0, 0, 0, 0, 0, 1, 2, 0, 2, 0, 1, 1, 0], [0, 0, 0, 0, 0, 0, 0, 0, 0, 0, 0, 2, 1, 2, 0, 1, 0, 0], [0, 0, 0, 0, 0, 1, 0, 0, 1, 0, 0, 2, 1, 2, 0, 0, 0, 1], [0, 0, 0, 0, 0, 0, 0, 0, 0, 1, 0, 2, 1, 2, 1, 0, 0, 1], [0, 0, 0, 0, 0, 0, 0, 0, 0, 1, 0, 2, 0, 2, 0, 0, 1, 1]], "output": [[0, 0, 0, 0, 0, 0, 0, 0, 4, 0, 4, 2, 4, 2, 0, 4, 0, 0], [0, 4, 0, 0, 0, 0, 0, 0, 0, 0, 0, 2, 0, 2, 4, 0, 0, 0], [0, 0, 0, 0, 0, 0, 0, 0, 0, 0, 4, 2, 0, 2, 0, 4, 4, 0]]}, {"input": [[0, 0, 0, 2, 0, 0, 0, 0, 2, 0, 0], [0, 0, 0, 2, 1, 0, 0, 0, 2, 0, 1], [1, 0, 0, 2, 0, 1, 0, 0, 2, 0, 0], [0, 0, 0, 2, 0, 0, 0, 0, 2, 0, 0], [0, 0, 0, 2, 0, 0, 0, 1, 2, 0, 0], [0, 1, 1, 2, 0, 0, 0, 1, 2, 0, 0], [1, 0, 1, 2, 0, 0, 0, 0, 2, 0, 0], [0, 0, 0, 2, 0, 0, 0, 0, 2, 0, 1], [1, 1, 0, 2, 1, 0, 1, 0, 2, 0, 1], [0, 0, 0, 2, 0, 0, 0, 1, 2, 1, 0], [0, 0, 1, 2, 0, 0, 0, 0, 2, 0, 0], [1, 0, 0, 0, 0, 0, 0, 0, 0, 0, 0], [0, 0, 0, 0, 0, 0, 0, 1, 1, 0, 0], [1, 1, 1, 1, 0, 0, 1, 0, 0, 1, 0]], "output": [[0, 0, 0, 2, 0, 0, 0, 0, 2, 0, 0], [0, 0, 0, 2, 0, 0, 0, 4, 2, 0, 0], [0, 4, 4, 2, 0, 0, 0, 4, 2, 0, 0], [4, 0, 4, 2, 0, 0, 0, 0, 2, 0, 0], [0, 0, 0, 2, 0, 0, 0, 0, 2, 0, 4], [4, 4, 0, 2, 4, 0, 4, 0, 2, 0, 4]]}, {"input": [[0, 2, 0, 0, 0, 1, 0, 0, 0, 2, 0, 0, 0, 0, 0, 0, 0, 1, 1], [0, 2, 0, 0, 1, 0, 0, 0, 0, 2, 0, 0, 0, 0, 0, 0, 1, 0, 0], [0, 2, 1, 0, 1, 0, 0, 1, 0, 2, 0, 0, 1, 0, 0, 1, 0, 1, 0], [1, 2, 1, 0, 0, 0, 0, 1, 0, 2, 0, 0, 0, 0, 0, 0, 0, 0, 0], [0, 2, 0, 0, 0, 0, 0, 0, 0, 2, 0, 0, 0, 0, 0, 1, 0, 1, 0], [0, 2, 0, 0, 0, 0, 0, 0, 0, 2, 0, 0, 0, 0, 1, 1, 0, 1, 0], [0, 2, 0, 0, 0, 0, 0, 0, 0, 2, 0, 0, 0, 0, 0, 1, 1, 0, 0], [0, 2, 0, 0, 0, 0, 0, 0, 0, 2, 0, 0, 0, 0, 0, 0, 0, 0, 0], [0, 2, 0, 0, 0, 0, 0, 0, 0, 2, 0, 1, 0, 0, 0, 0, 0, 1, 0], [1, 2, 0, 0, 0, 1, 1, 0, 0, 2, 0, 0, 0, 0, 1, 0, 0, 0, 0], [0, 2, 1, 0, 0, 0, 1, 1, 0, 2, 0, 1, 0, 1, 0, 0, 1, 0, 0]], "output": [[0, 2, 0, 0, 4, 0, 0, 0, 0, 2, 0, 0, 0, 0, 0, 0, 4, 0, 0], [0, 2, 4, 0, 4, 0, 0, 4, 0, 2, 0, 0, 4, 0, 0, 4, 0, 4, 0], [4, 2, 4, 0, 0, 0, 0, 4, 0, 2, 0, 0, 0, 0, 0, 0, 0, 0, 0], [0, 2, 0, 0, 0, 0, 0, 0, 0, 2, 0, 0, 0, 0, 0, 4, 0, 4, 0], [0, 2, 0, 0, 0, 0, 0, 0, 0, 2, 0, 0, 0, 0, 4, 4, 0, 4, 0], [0, 2, 0, 0, 0, 0, 0, 0, 0, 2, 0, 0, 0, 0, 0, 4, 4, 0, 0], [0, 2, 0, 0, 0, 0, 0, 0, 0, 2, 0, 0, 0, 0, 0, 0, 0, 0, 0], [0, 2, 0, 0, 0, 0, 0, 0, 0, 2, 0, 4, 0, 0, 0, 0, 0, 4, 0], [4, 2, 0, 0, 0, 4, 4, 0, 0, 2, 0, 0, 0, 0, 4, 0, 0, 0, 0]]}, {"input": [[0, 1, 0, 1, 1, 0, 2, 0, 2, 0, 0, 1], [0, 0, 0, 0, 0, 1, 2, 0, 2, 0, 0, 0], [0, 0, 1, 0, 1, 0, 2, 0, 2, 1, 0, 0], [1, 0, 0, 0, 1, 1, 2, 0, 2, 0, 0, 0], [0, 0, 0, 0, 0, 0, 2, 0, 2, 0, 0, 0], [0, 0, 1, 0, 0, 0, 2, 1, 2, 0, 0, 0], [0, 1, 0, 0, 0, 0, 2, 0, 2, 0, 1, 0], [0, 0, 1, 0, 0, 0, 2, 0, 2, 0, 1, 0], [0, 0, 1, 0, 0, 0, 2, 1, 2, 0, 0, 0], [0, 0, 0, 0, 0, 0, 2, 0, 2, 0, 0, 0]], "output": [[0, 4, 0, 0, 0, 0, 2, 0, 2, 0, 4, 0], [0, 0, 4, 0, 0, 0, 2, 0, 2, 0, 4, 0], [0, 0, 4, 0, 0, 0, 2, 4, 2, 0, 0, 0]]}, {"input": [[1, 0, 0, 0, 2, 0, 0, 0, 1, 0, 2, 0, 0, 0, 0, 1, 0, 0], [0, 0, 0, 1, 2, 0, 0, 1, 1, 0, 2, 0, 0, 1, 0, 0, 0, 0], [0, 0, 0, 0, 2, 1, 1, 0, 0, 0, 2, 0, 0, 0, 0, 0, 0, 0], [0, 0, 0, 0, 2, 0, 1, 0, 0, 0, 2, 0, 0, 0, 0, 0, 0, 1], [0, 0, 0, 0, 2, 0, 0, 0, 1, 0, 2, 1, 0, 1, 0, 0, 0, 0], [1, 0, 0, 0, 2, 1, 0, 0, 0, 0, 2, 1, 0, 0, 0, 0, 1, 0], [0, 0, 0, 0, 2, 0, 0, 0, 0, 1, 2, 0, 0, 0, 0, 1, 0, 0], [1, 1, 0, 0, 2, 1, 0, 1, 0, 0, 2, 1, 1, 0, 0, 0, 0, 0], [0, 0, 0, 0, 2, 0, 0, 1, 0, 0, 2, 0, 1, 1, 0, 0, 0, 1], [0, 0, 0, 0, 2, 0, 1, 1, 0, 0, 2, 0, 0, 0, 0, 0, 0, 0], [0, 0, 0, 1, 2, 1, 0, 0, 1, 0, 2, 0, 0, 0, 0, 0, 0, 1]], "output": [[0, 0, 0, 0, 2, 0, 0, 0, 4, 0, 2, 4, 0, 4, 0, 0, 0, 0], [4, 0, 0, 0, 2, 4, 0, 0, 0, 0, 2, 4, 0, 0, 0, 0, 4, 0], [0, 0, 0, 0, 2, 0, 0, 0, 0, 4, 2, 0, 0, 0, 0, 4, 0, 0], [4, 4, 0, 0, 2, 4, 0, 4, 0, 0, 2, 4, 4, 0, 0, 0, 0, 0], [0, 0, 0, 0, 2, 0, 0, 4, 0, 0, 2, 0, 4, 4, 0, 0, 0, 4], [0, 0, 0, 0, 2, 0, 4, 4, 0, 0, 2, 0, 0, 0, 0, 0, 0, 0], [0, 0, 0, 4, 2, 4, 0, 0, 4, 0, 2, 0, 0, 0, 0, 0, 0, 4]]}, {"input": [[0, 0, 0, 0, 2, 0, 2, 0, 0, 0, 1], [0, 0, 0, 1, 2, 0, 2, 0, 0, 0, 0], [0, 0, 0, 0, 2, 1, 2, 0, 1, 1, 0], [0, 0, 0, 1, 2, 0, 2, 1, 0, 0, 0], [0, 0, 0, 0, 2, 0, 2, 0, 0, 0, 1], [0, 1, 0, 0, 2, 0, 2, 1, 0, 0, 0], [0, 0, 0, 0, 2, 1, 2, 0, 0, 0, 0], [0, 0, 0, 1, 2, 0, 2, 0, 0, 0, 0], [1, 1, 0, 0, 2, 0, 2, 0, 0, 0, 0], [1, 1, 0, 0, 2, 0, 2, 0, 0, 0, 0], [0, 0, 1, 0, 2, 0, 2, 0, 0, 0, 0], [0, 0, 0, 0, 0, 0, 0, 1, 0, 0, 0], [1, 1, 0, 1, 1, 0, 1, 1, 0, 0, 0], [1, 1, 0, 1, 0, 0, 0, 0, 0, 0, 1], [0, 0, 0, 0, 0, 1, 0, 1, 0, 0, 0], [0, 0, 0, 0, 1, 0, 0, 0, 0, 0, 0], [0, 0, 0, 0, 0, 0, 0, 0, 0, 0, 0]], "output": [[0, 0, 0, 0, 2, 0, 2, 0, 0, 0, 4], [0, 4, 0, 0, 2, 0, 2, 4, 0, 0, 0], [0, 0, 0, 0, 2, 4, 2, 0, 0, 0, 0]]}, {"input": [[1, 0, 0, 1, 0, 0, 2, 0, 0, 2, 0, 0], [0, 0, 0, 0, 0, 0, 2, 1, 0, 2, 0, 0], [0, 1, 0, 0, 0, 0, 2, 0, 1, 2, 0, 0], [1, 1, 0, 0, 0, 0, 2, 1, 0, 2, 0, 0], [0, 0, 0, 1, 1, 1, 2, 0, 0, 2, 0, 1], [0, 0, 0, 0, 0, 1, 2, 1, 1, 2, 0, 1], [0, 0, 0, 0, 0, 1, 2, 1, 0, 2, 0, 0], [0, 1, 0, 0, 0, 1, 2, 0, 0, 2, 1, 0], [0, 0, 0, 0, 0, 1, 2, 0, 0, 2, 0, 0], [0, 0, 0, 0, 0, 0, 2, 0, 0, 2, 0, 0]], "output": [[0, 0, 0, 0, 0, 4, 2, 4, 0, 2, 0, 0], [0, 4, 0, 0, 0, 4, 2, 0, 0, 2, 4, 0], [0, 0, 0, 0, 0, 4, 2, 0, 0, 2, 0, 0], [0, 0, 0, 0, 0, 0, 2, 0, 0, 2, 0, 0]]}, {"input": [[0, 0, 2, 1, 1, 1, 1, 0, 0, 0, 0, 0, 1, 0, 2], [0, 0, 2, 0, 0, 1, 1, 0, 0, 0, 1, 0, 0, 0, 2], [0, 0, 2, 0, 0, 0, 0, 0, 1, 1, 0, 0, 1, 0, 2], [0, 0, 2, 0, 0, 1, 0, 0, 0, 0, 0, 0, 1, 0, 2], [0, 0, 2, 0, 0, 0, 0, 0, 0, 0, 0, 0, 0, 0, 2], [0, 1, 2, 0, 0, 1, 1, 0, 0, 0, 0, 0, 0, 1, 2], [1, 0, 2, 0, 0, 0, 1, 0, 0, 0, 0, 1, 1, 0, 2], [0, 0, 2, 0, 0, 0, 1, 0, 0, 0, 1, 0, 1, 1, 2], [0, 0, 2, 0, 0, 0, 0, 1, 1, 0, 0, 0, 0, 0, 2], [0, 0, 2, 0, 0, 0, 1, 1, 0, 0, 0, 0, 0, 1, 2], [0, 0, 2, 0, 0, 0, 0, 1, 0, 0, 1, 0, 0, 0, 2], [0, 0, 2, 0, 0, 0, 1, 0, 1, 1, 0, 0, 0, 1, 2], [0, 0, 2, 0, 0, 0, 0, 0, 0, 0, 0, 0, 0, 0, 2], [0, 0, 2, 0, 0, 0, 0, 0, 0, 0, 0, 0, 0, 0, 2], [0, 0, 2, 0, 0, 1, 0, 1, 0, 0, 0, 0, 0, 0, 2], [0, 0, 1, 0, 0, 0, 1, 0, 0, 0, 0, 1, 1, 0, 1], [0, 0, 1, 0, 1, 1, 0, 1, 0, 0, 0, 0, 1, 0, 0]], "output": [[0, 0, 2, 0, 0, 0, 0, 0, 4, 4, 0, 0, 4, 0, 2], [0, 0, 2, 0, 0, 4, 0, 0, 0, 0, 0, 0, 4, 0, 2], [0, 0, 2, 0, 0, 0, 0, 0, 0, 0, 0, 0, 0, 0, 2], [0, 4, 2, 0, 0, 4, 4, 0, 0, 0, 0, 0, 0, 4, 2], [4, 0, 2, 0, 0, 0, 4, 0, 0, 0, 0, 4, 4, 0, 2], [0, 0, 2, 0, 0, 0, 4, 0, 0, 0, 4, 0, 4, 4, 2], [0, 0, 2, 0, 0, 0, 0, 4, 4, 0, 0, 0, 0, 0, 2], [0, 0, 2, 0, 0, 0, 4, 4, 0, 0, 0, 0, 0, 4, 2], [0, 0, 2, 0, 0, 0, 0, 4, 0, 0, 4, 0, 0, 0, 2], [0, 0, 2, 0, 0, 0, 4, 0, 4, 4, 0, 0, 0, 4, 2], [0, 0, 2, 0, 0, 0, 0, 0, 0, 0, 0, 0, 0, 0, 2], [0, 0, 2, 0, 0, 0, 0, 0, 0, 0, 0, 0, 0, 0, 2], [0, 0, 2, 0, 0, 4, 0, 4, 0, 0, 0, 0, 0, 0, 2]]}, {"input": [[0, 0, 0, 0, 0, 0, 2, 0, 0, 0, 0, 2, 1, 0, 1, 0], [1, 0, 0, 0, 0, 0, 2, 0, 0, 0, 0, 2, 1, 0, 0, 1], [0, 0, 1, 1, 0, 0, 2, 0, 0, 0, 0, 2, 0, 0, 0, 0], [0, 1, 0, 0, 1, 1, 2, 0, 1, 0, 0, 2, 0, 0, 0, 0], [0, 0, 0, 1, 0, 0, 2, 0, 0, 1, 1, 2, 1, 0, 0, 1], [0, 0, 0, 0, 1, 0, 2, 0, 0, 0, 0, 2, 1, 1, 1, 0], [0, 0, 0, 0, 0, 0, 2, 0, 0, 1, 0, 2, 0, 1, 1, 0], [0, 0, 0, 0, 1, 0, 2, 0, 0, 0, 1, 2, 0, 0, 0, 0], [0, 0, 0, 0, 0, 1, 2, 0, 0, 1, 0, 2, 1, 0, 0, 1], [0, 0, 0, 0, 1, 0, 2, 0, 0, 0, 0, 2, 0, 0, 0, 0], [0, 0, 0, 0, 1, 0, 2, 0, 1, 1, 1, 2, 0, 0, 1, 0], [0, 0, 0, 0, 0, 0, 2, 0, 1, 0, 0, 2, 0, 1, 0, 0]], "output": [[0, 0, 0, 0, 0, 0, 2, 0, 0, 4, 0, 2, 0, 4, 4, 0], [0, 0, 0, 0, 4, 0, 2, 0, 0, 0, 4, 2, 0, 0, 0, 0], [0, 0, 0, 0, 0, 4, 2, 0, 0, 4, 0, 2, 4, 0, 0, 4], [0, 0, 0, 0, 4, 0, 2, 0, 0, 0, 0, 2, 0, 0, 0, 0], [0, 0, 0, 0, 4, 0, 2, 0, 4, 4, 4, 2, 0, 0, 4, 0], [0, 0, 0, 0, 0, 0, 2, 0, 4, 0, 0, 2, 0, 4, 0, 0]]}, {"input": [[0, 0, 0, 1, 1, 0, 0, 1, 0, 0, 0, 0, 2, 0, 2, 1], [0, 0, 1, 0, 0, 0, 0, 0, 1, 0, 0, 1, 2, 0, 2, 0], [0, 0, 0, 0, 0, 1, 0, 0, 0, 1, 0, 1, 2, 1, 2, 0], [0, 1, 0, 0, 1, 0, 0, 0, 0, 1, 0, 0, 2, 0, 2, 0], [0, 0, 0, 0, 0, 0, 0, 0, 0, 0, 0, 0, 2, 0, 2, 0], [0, 0, 1, 0, 1, 0, 1, 0, 0, 1, 1, 0, 2, 0, 2, 0], [0, 1, 0, 0, 0, 0, 0, 1, 0, 1, 0, 0, 2, 0, 2, 1], [0, 1, 0, 0, 0, 1, 0, 0, 0, 0, 0, 0, 2, 1, 2, 0], [0, 0, 0, 0, 0, 0, 1, 1, 0, 0, 1, 0, 2, 0, 2, 0], [0, 1, 0, 0, 0, 0, 1, 0, 0, 0, 0, 0, 2, 0, 2, 0], [0, 1, 0, 0, 1, 0, 0, 1, 0, 0, 1, 0, 2, 1, 2, 0], [0, 1, 0, 0, 1, 0, 0, 0, 0, 0, 0, 0, 2, 0, 2, 0], [0, 0, 0, 0, 0, 0, 0, 0, 0, 0, 0, 0, 2, 1, 2, 0], [0, 0, 1, 0, 0, 0, 0, 0, 1, 0, 0, 1, 2, 0, 2, 0], [0, 1, 0, 0, 0, 0, 1, 0, 0, 0, 0, 1, 2, 0, 2, 0], [0, 0, 0, 0, 0, 0, 1, 0, 0, 0, 0, 0, 2, 0, 2, 0]], "output": [[0, 0, 0, 0, 0, 0, 0, 0, 0, 0, 0, 0, 2, 4, 2, 0], [0, 0, 4, 0, 0, 0, 0, 0, 4, 0, 0, 4, 2, 0, 2, 0], [0, 4, 0, 0, 0, 0, 4, 0, 0, 0, 0, 4, 2, 0, 2, 0]]}, {"input": [[0, 0, 2, 0, 0, 0, 0, 1, 2, 0, 0, 0, 0, 0, 0, 0, 0, 1, 0], [1, 0, 2, 1, 0, 0, 0, 0, 2, 0, 0, 1, 0, 1, 1, 0, 0, 1, 0], [0, 1, 2, 1, 0, 1, 0, 0, 2, 0, 0, 0, 1, 0, 0, 0, 0, 1, 0], [0, 0, 2, 0, 0, 0, 0, 0, 2, 0, 0, 0, 0, 0, 0, 0, 0, 0, 0], [0, 0, 2, 0, 0, 0, 1, 0, 2, 0, 1, 0, 0, 0, 0, 0, 0, 0, 0], [0, 0, 2, 1, 0, 0, 0, 0, 2, 0, 0, 0, 0, 1, 0, 0, 0, 0, 0], [0, 0, 2, 1, 0, 0, 0, 0, 2, 0, 0, 0, 0, 0, 0, 0, 0, 0, 0], [0, 0, 2, 0, 0, 0, 1, 0, 2, 0, 1, 0, 0, 0, 0, 0, 0, 0, 0], [1, 0, 2, 1, 1, 0, 0, 0, 2, 0, 0, 0, 0, 0, 1, 0, 0, 0, 1], [0, 1, 2, 0, 1, 0, 0, 0, 2, 0, 0, 0, 1, 0, 0, 0, 0, 1, 0], [0, 0, 2, 0, 1, 0, 0, 0, 2, 0, 0, 0, 0, 0, 1, 0, 0, 0, 1], [1, 0, 2, 0, 0, 1, 0, 0, 2, 1, 0, 0, 1, 1, 0, 0, 0, 0, 0], [1, 0, 2, 0, 0, 0, 1, 1, 2, 1, 0, 1, 1, 0, 0, 0, 0, 1, 0], [1, 0, 2, 0, 0, 0, 0, 1, 2, 0, 0, 0, 0, 1, 0, 0, 0, 1, 0], [0, 0, 2, 0, 0, 0, 1, 0, 2, 1, 0, 0, 1, 0, 0, 0, 0, 0, 0], [0, 0, 2, 0, 0, 0, 0, 0, 2, 0, 1, 0, 0, 0, 0, 0, 0, 0, 0]], "output": [[0, 4, 2, 4, 0, 4, 0, 0, 2, 0, 0, 0, 4, 0, 0, 0, 0, 4, 0], [0, 0, 2, 0, 0, 0, 0, 0, 2, 0, 0, 0, 0, 0, 0, 0, 0, 0, 0], [0, 0, 2, 0, 0, 0, 4, 0, 2, 0, 4, 0, 0, 0, 0, 0, 0, 0, 0], [0, 0, 2, 4, 0, 0, 0, 0, 2, 0, 0, 0, 0, 4, 0, 0, 0, 0, 0], [0, 0, 2, 4, 0, 0, 0, 0, 2, 0, 0, 0, 0, 0, 0, 0, 0, 0, 0], [0, 0, 2, 0, 0, 0, 4, 0, 2, 0, 4, 0, 0, 0, 0, 0, 0, 0, 0], [4, 0, 2, 4, 4, 0, 0, 0, 2, 0, 0, 0, 0, 0, 4, 0, 0, 0, 4]]}, {"input": [[2, 1, 0, 0, 0, 0, 0, 0, 0, 0, 0, 2], [2, 0, 1, 0, 0, 0, 0, 0, 0, 0, 0, 2], [2, 0, 0, 1, 0, 0, 0, 0, 0, 0, 0, 2], [2, 0, 0, 0, 0, 0, 0, 0, 0, 1, 0, 2], [2, 0, 1, 0, 0, 1, 0, 0, 0, 0, 0, 2], [2, 1, 0, 0, 0, 0, 0, 0, 0, 0, 0, 2], [2, 0, 0, 1, 0, 0, 0, 0, 0, 1, 1, 2], [2, 0, 1, 0, 0, 0, 1, 0, 0, 0, 0, 2], [2, 0, 1, 0, 0, 0, 0, 0, 0, 0, 0, 2], [2, 1, 0, 0, 1, 0, 0, 0, 0, 1, 0, 2], [2, 0, 0, 0, 0, 0, 0, 0, 0, 1, 0, 2], [2, 0, 0, 0, 0, 1, 0, 1, 0, 0, 1, 2]], "output": [[2, 4, 0, 0, 0, 0, 0, 0, 0, 0, 0, 2], [2, 0, 4, 0, 0, 0, 0, 0, 0, 0, 0, 2], [2, 0, 0, 4, 0, 0, 0, 0, 0, 0, 0, 2], [2, 0, 0, 0, 0, 0, 0, 0, 0, 4, 0, 2], [2, 0, 4, 0, 0, 4, 0, 0, 0, 0, 0, 2], [2, 4, 0, 0, 0, 0, 0, 0, 0, 0, 0, 2], [2, 0, 0, 4, 0, 0, 0, 0, 0, 4, 4, 2], [2, 0, 4, 0, 0, 0, 4, 0, 0, 0, 0, 2], [2, 0, 4, 0, 0, 0, 0, 0, 0, 0, 0, 2], [2, 4, 0, 0, 4, 0, 0, 0, 0, 4, 0, 2], [2, 0, 0, 0, 0, 0, 0, 0, 0, 4, 0, 2], [2, 0, 0, 0, 0, 4, 0, 4, 0, 0, 4, 2]]}, {"input": [[0, 1, 1, 0, 0, 1, 2, 0, 2, 0, 1, 0, 0, 0, 0], [0, 0, 0, 0, 0, 1, 2, 0, 2, 0, 1, 0, 0, 1, 0], [0, 0, 1, 1, 0, 0, 2, 0, 2, 0, 0, 0, 0, 0, 1], [0, 0, 0, 0, 0, 1, 2, 0, 2, 0, 1, 1, 0, 1, 0], [0, 0, 0, 0, 0, 0, 2, 0, 2, 0, 1, 1, 0, 0, 0], [0, 0, 0, 0, 1, 0, 2, 0, 2, 0, 0, 0, 0, 0, 1], [0, 0, 0, 0, 1, 0, 2, 0, 2, 0, 0, 0, 0, 0, 0], [0, 0, 0, 0, 0, 0, 2, 0, 2, 0, 0, 0, 1, 0, 0], [0, 0, 0, 1, 0, 0, 2, 0, 2, 0, 1, 0, 0, 0, 0], [0, 0, 0, 0, 1, 0, 2, 0, 2, 0, 0, 0, 0, 1, 1], [1, 0, 0, 0, 0, 0, 2, 0, 2, 0, 1, 1, 0, 0, 0], [0, 1, 0, 0, 0, 0, 2, 0, 2, 0, 1, 0, 0, 0, 0], [0, 1, 1, 0, 1, 0, 2, 0, 2, 0, 0, 0, 0, 0, 0], [0, 0, 1, 0, 1, 0, 2, 0, 2, 0, 1, 0, 0, 0, 0]], "output": [[0, 0, 0, 0, 4, 0, 2, 0, 2, 0, 0, 0, 0, 0, 0], [0, 0, 0, 0, 0, 0, 2, 0, 2, 0, 0, 0, 4, 0, 0], [0, 0, 0, 4, 0, 0, 2, 0, 2, 0, 4, 0, 0, 0, 0]]}, {"input": [[0, 2, 0, 0, 1, 1, 1, 0, 0, 2], [0, 2, 1, 0, 0, 0, 1, 0, 0, 2], [0, 2, 0, 0, 0, 0, 1, 0, 0, 2], [0, 2, 0, 0, 0, 0, 0, 1, 1, 2], [0, 2, 0, 0, 0, 0, 1, 0, 0, 2], [0, 2, 0, 0, 0, 1, 0, 1, 0, 2], [0, 2, 0, 0, 1, 0, 0, 0, 0, 2], [0, 2, 0, 0, 1, 0, 0, 0, 0, 2], [0, 2, 0, 0, 0, 0, 0, 0, 0, 2], [0, 2, 0, 0, 1, 0, 1, 1, 1, 2], [0, 0, 0, 1, 0, 0, 0, 0, 0, 0]], "output": [[0, 2, 4, 0, 0, 0, 4, 0, 0, 2], [0, 2, 0, 0, 0, 0, 4, 0, 0, 2], [0, 2, 0, 0, 0, 0, 0, 4, 4, 2], [0, 2, 0, 0, 0, 0, 4, 0, 0, 2], [0, 2, 0, 0, 0, 4, 0, 4, 0, 2], [0, 2, 0, 0, 4, 0, 0, 0, 0, 2], [0, 2, 0, 0, 4, 0, 0, 0, 0, 2], [0, 2, 0, 0, 0, 0, 0, 0, 0, 2], [0, 2, 0, 0, 4, 0, 4, 4, 4, 2]]}, {"input": [[1, 2, 0, 1, 0, 2, 1, 0, 0, 0, 0, 0, 0, 0, 1, 0, 0, 0], [0, 2, 0, 0, 0, 2, 0, 1, 0, 0, 0, 0, 0, 0, 1, 0, 0, 0], [0, 2, 0, 0, 0, 2, 0, 0, 0, 1, 1, 0, 0, 0, 0, 1, 0, 1], [1, 2, 0, 1, 1, 2, 0, 0, 0, 0, 0, 0, 0, 0, 0, 0, 0, 0], [0, 2, 1, 0, 0, 2, 0, 0, 0, 0, 0, 0, 0, 0, 1, 0, 0, 0], [0, 2, 0, 1, 0, 2, 0, 1, 0, 1, 0, 1, 0, 0, 0, 0, 0, 0], [0, 2, 0, 0, 0, 2, 1, 0, 1, 0, 0, 1, 0, 0, 0, 0, 0, 0], [0, 2, 0, 1, 0, 2, 0, 0, 0, 1, 0, 0, 1, 0, 1, 1, 0, 0], [1, 2, 0, 1, 1, 2, 0, 0, 1, 1, 0, 0, 0, 0, 0, 0, 0, 0], [0, 2, 0, 0, 1, 2, 0, 1, 0, 0, 0, 1, 1, 0, 0, 0, 0, 0], [0, 2, 1, 0, 1, 2, 0, 0, 0, 0, 0, 0, 0, 1, 0, 0, 0, 0], [0, 2, 0, 0, 0, 2, 0, 0, 0, 0, 0, 0, 1, 0, 0, 0, 0, 0]], "output": [[0, 2, 0, 0, 0, 2, 0, 4, 0, 0, 0, 0, 0, 0, 4, 0, 0, 0], [0, 2, 0, 0, 0, 2, 0, 0, 0, 4, 4, 0, 0, 0, 0, 4, 0, 4], [4, 2, 0, 4, 4, 2, 0, 0, 0, 0, 0, 0, 0, 0, 0, 0, 0, 0], [0, 2, 4, 0, 0, 2, 0, 0, 0, 0, 0, 0, 0, 0, 4, 0, 0, 0], [0, 2, 0, 4, 0, 2, 0, 4, 0, 4, 0, 4, 0, 0, 0, 0, 0, 0]]}], "test": [{"input": [[0, 2, 1, 1, 0, 0, 2, 0, 0, 1, 1, 0, 0, 0, 0, 0, 1, 0], [0, 2, 1, 1, 1, 0, 2, 1, 0, 0, 1, 0, 0, 0, 1, 0, 0, 0], [0, 2, 0, 0, 0, 0, 2, 0, 0, 0, 0, 0, 0, 0, 0, 0, 0, 0], [0, 2, 0, 0, 0, 0, 2, 0, 0, 1, 0, 0, 1, 0, 0, 0, 0, 1], [0, 2, 0, 0, 0, 0, 2, 0, 0, 0, 0, 0, 1, 1, 1, 0, 0, 0], [0, 2, 1, 0, 0, 0, 2, 0, 0, 0, 0, 1, 0, 0, 0, 0, 1, 1], [0, 2, 0, 0, 1, 0, 2, 0, 0, 0, 0, 0, 0, 0, 0, 0, 1, 0], [0, 2, 1, 0, 0, 0, 2, 0, 0, 0, 0, 0, 0, 1, 0, 0, 0, 0], [0, 2, 0, 0, 0, 1, 2, 1, 1, 1, 0, 0, 1, 0, 0, 0, 0, 0], [0, 2, 0, 0, 0, 0, 2, 0, 0, 0, 0, 0, 0, 0, 1, 1, 0, 0], [0, 2, 0, 0, 0, 0, 2, 0, 0, 0, 1, 0, 0, 1, 1, 0, 0, 0], [0, 2, 0, 0, 0, 0, 2, 0, 1, 0, 0, 0, 0, 0, 0, 0, 1, 0], [0, 2, 0, 0, 0, 0, 2, 0, 0, 0, 0, 0, 0, 0, 0, 1, 0, 0], [1, 2, 0, 0, 0, 1, 2, 1, 0, 1, 0, 0, 0, 1, 0, 0, 0, 0], [1, 2, 0, 1, 0, 0, 2, 0, 1, 0, 0, 0, 0, 0, 1, 0, 0, 0]], "output": [[0, 2, 4, 4, 4, 0, 2, 4, 0, 0, 4, 0, 0, 0, 4, 0, 0, 0], [0, 2, 0, 0, 0, 0, 2, 0, 0, 0, 0, 0, 0, 0, 0, 0, 0, 0], [0, 2, 0, 0, 0, 0, 2, 0, 0, 4, 0, 0, 4, 0, 0, 0, 0, 4], [0, 2, 0, 0, 0, 0, 2, 0, 0, 0, 0, 0, 4, 4, 4, 0, 0, 0], [0, 2, 4, 0, 0, 0, 2, 0, 0, 0, 0, 4, 0, 0, 0, 0, 4, 4], [0, 2, 0, 0, 4, 0, 2, 0, 0, 0, 0, 0, 0, 0, 0, 0, 4, 0]]}, {"input": [[0, 0, 2, 1, 0, 1, 0, 1, 1, 1, 2, 0, 0, 0, 0, 0, 0, 1, 0], [0, 0, 2, 0, 0, 0, 0, 1, 0, 1, 2, 0, 0, 0, 1, 0, 0, 0, 1], [0, 0, 2, 0, 0, 0, 0, 0, 0, 0, 2, 0, 0, 0, 0, 1, 0, 0, 0], [1, 0, 2, 0, 0, 1, 1, 0, 0, 0, 2, 0, 0, 0, 0, 0, 1, 0, 1], [0, 0, 2, 0, 0, 0, 0, 0, 0, 0, 2, 0, 1, 0, 0, 0, 0, 1, 0], [1, 0, 2, 0, 0, 0, 0, 0, 0, 1, 2, 0, 0, 0, 1, 1, 0, 0, 0], [0, 0, 2, 0, 0, 0, 0, 0, 0, 0, 2, 0, 1, 0, 0, 0, 0, 1, 1], [0, 0, 2, 1, 0, 1, 0, 1, 0, 0, 2, 0, 1, 0, 0, 0, 0, 0, 1], [0, 0, 2, 1, 0, 0, 1, 0, 0, 0, 2, 0, 1, 0, 0, 0, 0, 0, 0], [0, 0, 2, 0, 0, 1, 0, 0, 0, 0, 2, 0, 0, 1, 0, 0, 0, 0, 1], [0, 1, 2, 0, 0, 0, 0, 0, 1, 0, 2, 0, 0, 1, 0, 0, 0, 0, 0], [0, 0, 2, 0, 0, 1, 0, 0, 1, 0, 2, 0, 0, 0, 0, 0, 0, 0, 1], [0, 0, 2, 1, 1, 0, 0, 0, 0, 0, 2, 1, 0, 0, 0, 0, 0, 0, 0]], "output": [[0, 0, 2, 0, 0, 0, 0, 0, 0, 0, 2, 0, 0, 0, 0, 4, 0, 0, 0], [4, 0, 2, 0, 0, 4, 4, 0, 0, 0, 2, 0, 0, 0, 0, 0, 4, 0, 4], [0, 0, 2, 0, 0, 0, 0, 0, 0, 0, 2, 0, 4, 0, 0, 0, 0, 4, 0], [4, 0, 2, 0, 0, 0, 0, 0, 0, 4, 2, 0, 0, 0, 4, 4, 0, 0, 0], [0, 0, 2, 0, 0, 0, 0, 0, 0, 0, 2, 0, 4, 0, 0, 0, 0, 4, 4], [0, 0, 2, 4, 0, 4, 0, 4, 0, 0, 2, 0, 4, 0, 0, 0, 0, 0, 4], [0, 0, 2, 4, 0, 0, 4, 0, 0, 0, 2, 0, 4, 0, 0, 0, 0, 0, 0], [0, 0, 2, 0, 0, 4, 0, 0, 0, 0, 2, 0, 0, 4, 0, 0, 0, 0, 4], [0, 4, 2, 0, 0, 0, 0, 0, 4, 0, 2, 0, 0, 4, 0, 0, 0, 0, 0]]}, {"input": [[2, 0, 0, 0, 0, 0, 2, 1, 0, 0, 0, 1, 0, 0, 0, 0], [2, 0, 0, 0, 0, 0, 2, 1, 0, 0, 0, 0, 1, 1, 0, 0], [2, 0, 0, 0, 0, 1, 2, 0, 0, 0, 0, 0, 0, 0, 0, 0], [2, 0, 0, 0, 0, 0, 2, 0, 0, 0, 0, 1, 0, 0, 0, 1], [2, 0, 0, 0, 1, 1, 2, 0, 1, 0, 0, 0, 0, 0, 1, 1], [2, 0, 0, 0, 0, 1, 2, 0, 0, 1, 0, 1, 1, 1, 0, 0], [2, 0, 0, 1, 0, 0, 2, 0, 0, 1, 0, 0, 0, 0, 0, 0], [2, 1, 0, 0, 0, 0, 2, 0, 0, 0, 1, 0, 0, 0, 0, 0], [2, 0, 0, 0, 0, 1, 2, 1, 0, 0, 0, 0, 0, 1, 0, 0], [2, 0, 1, 0, 0, 0, 2, 0, 0, 0, 0, 0, 1, 1, 0, 1], [2, 0, 0, 1, 0, 0, 2, 0, 1, 0, 0, 0, 1, 0, 0, 0], [2, 1, 0, 0, 0, 0, 2, 0, 1, 0, 0, 1, 0, 0, 0, 0], [2, 0, 0, 1, 0, 0, 2, 1, 0, 0, 0, 0, 0, 0, 0, 0], [2, 0, 1, 0, 0, 0, 2, 1, 0, 0, 0, 0, 0, 1, 0, 1], [2, 0, 0, 1, 0, 0, 2, 1, 0, 0, 0, 0, 0, 0, 0, 1]], "output": [[2, 0, 0, 0, 0, 0, 2, 4, 0, 0, 0, 4, 0, 0, 0, 0], [2, 0, 0, 0, 0, 0, 2, 4, 0, 0, 0, 0, 4, 4, 0, 0], [2, 0, 0, 0, 0, 4, 2, 0, 0, 0, 0, 0, 0, 0, 0, 0], [2, 0, 0, 0, 0, 0, 2, 0, 0, 0, 0, 4, 0, 0, 0, 4], [2, 0, 0, 0, 4, 4, 2, 0, 4, 0, 0, 0, 0, 0, 4, 4], [2, 0, 0, 0, 0, 4, 2, 0, 0, 4, 0, 4, 4, 4, 0, 0], [2, 0, 0, 4, 0, 0, 2, 0, 0, 4, 0, 0, 0, 0, 0, 0]]}]}