{"train": [{"input": [[1, 0, 0, 0, 0, 0, 0, 0, 5], [0, 0, 0, 0, 0, 0, 0, 0, 0], [0, 0, 0, 0, 0, 0, 0, 0, 0], [0, 0, 0, 0, 0, 0, 0, 0, 0], [0, 0, 0, 0, 0, 0, 0, 0, 0], [0, 0, 0, 0, 0, 0, 0, 0, 0], [0, 0, 0, 0, 0, 0, 0, 0, 0], [0, 0, 0, 0, 0, 0, 0, 0, 0], [0, 0, 0, 0, 0, 0, 0, 0, 0], [0, 0, 0, 0, 0, 0, 0, 0, 0], [9, 0, 0, 0, 0, 0, 0, 0, 3]], "output": [[0, 0, 0, 0, 0, 0, 0, 0, 0], [0, 1, 0, 0, 0, 0, 0, 5, 0], [0, 0, 1, 0, 0, 0, 5, 0, 0], [0, 0, 0, 1, 0, 5, 0, 0, 0], [0, 0, 0, 0, 5, 0, 0, 0, 0], [0, 0, 0, 0, 0, 0, 0, 0, 0], [0, 0, 0, 0, 3, 0, 0, 0, 0], [0, 0, 0, 9, 0, 3, 0, 0, 0], [0, 0, 9, 0, 0, 0, 3, 0, 0], [0, 9, 0, 0, 0, 0, 0, 3, 0], [0, 0, 0, 0, 0, 0, 0, 0, 0]]}, {"input": [[5, 0, 0, 0, 0, 0, 0, 0, 0, 0, 6], [0, 0, 0, 0, 0, 0, 0, 0, 0, 0, 0], [0, 0, 0, 0, 0, 0, 0, 0, 0, 0, 0], [0, 0, 0, 0, 0, 0, 0, 0, 0, 0, 0], [0, 0, 0, 0, 0, 0, 0, 0, 0, 0, 0], [0, 0, 0, 0, 0, 0, 0, 0, 0, 0, 0], [0, 0, 0, 0, 0, 0, 0, 0, 0, 0, 0], [2, 0, 0, 0, 0, 0, 0, 0, 0, 0, 8]], "output": [[0, 0, 0, 0, 0, 0, 0, 0, 0, 0, 0], [0, 5, 0, 0, 0, 0, 0, 0, 0, 6, 0], [0, 0, 5, 0, 0, 0, 0, 0, 6, 0, 0], [0, 0, 0, 5, 2, 0, 8, 6, 0, 0, 0], [0, 0, 0, 2, 5, 0, 6, 8, 0, 0, 0], [0, 0, 2, 0, 0, 0, 0, 0, 8, 0, 0], [0, 2, 0, 0, 0, 0, 0, 0, 0, 8, 0], [0, 0, 0, 0, 0, 0, 0, 0, 0, 0, 0]]}, {"input": [[6, 0, 0, 0, 0, 0, 0, 0, 0, 1], [0, 0, 0, 0, 0, 0, 0, 0, 0, 0], [0, 0, 0, 0, 0, 0, 0, 0, 0, 0], [0, 0, 0, 0, 0, 0, 0, 0, 0, 0], [0, 0, 0, 0, 0, 0, 0, 0, 0, 0], [0, 0, 0, 0, 0, 0, 0, 0, 0, 0], [0, 0, 0, 0, 0, 0, 0, 0, 0, 0], [7, 0, 0, 0, 0, 0, 0, 0, 0, 5]], "output": [[0, 0, 0, 0, 0, 0, 0, 0, 0, 0], [0, 6, 0, 0, 0, 0, 0, 0, 1, 0], [0, 0, 6, 0, 0, 0, 0, 1, 0, 0], [0, 0, 0, 6, 7, 5, 1, 0, 0, 0], [0, 0, 0, 7, 6, 1, 5, 0, 0, 0], [0, 0, 7, 0, 0, 0, 0, 5, 0, 0], [0, 7, 0, 0, 0, 0, 0, 0, 5, 0], [0, 0, 0, 0, 0, 0, 0, 0, 0, 0]]}, {"input": [[4, 0, 0, 0, 0, 0, 0, 0, 0, 9], [0, 0, 0, 0, 0, 0, 0, 0, 0, 0], [0, 0, 0, 0, 0, 0, 0, 0, 0, 0], [0, 0, 0, 0, 0, 0, 0, 0, 0, 0], [0, 0, 0, 0, 0, 0, 0, 0, 0, 0], [0, 0, 0, 0, 0, 0, 0, 0, 0, 0], [0, 0, 0, 0, 0, 0, 0, 0, 0, 0], [0, 0, 0, 0, 0, 0, 0, 0, 0, 0], [0, 0, 0, 0, 0, 0, 0, 0, 0, 0], [1, 0, 0, 0, 0, 0, 0, 0, 0, 7]], "output": [[0, 0, 0, 0, 0, 0, 0, 0, 0, 0], [0, 4, 0, 0, 0, 0, 0, 0, 9, 0], [0, 0, 4, 0, 0, 0, 0, 9, 0, 0], [0, 0, 0, 4, 0, 0, 9, 0, 0, 0], [0, 0, 0, 0, 7, 1, 0, 0, 0, 0], [0, 0, 0, 0, 1, 7, 0, 0, 0, 0], [0, 0, 0, 1, 0, 0, 7, 0, 0, 0], [0, 0, 1, 0, 0, 0, 0, 7, 0, 0], [0, 1, 0, 0, 0, 0, 0, 0, 7, 0], [0, 0, 0, 0, 0, 0, 0, 0, 0, 0]]}, {"input": [[6, 0, 0, 0, 0, 0, 0, 0, 0, 7], [0, 0, 0, 0, 0, 0, 0, 0, 0, 0], [0, 0, 0, 0, 0, 0, 0, 0, 0, 0], [0, 0, 0, 0, 0, 0, 0, 0, 0, 0], [0, 0, 0, 0, 0, 0, 0, 0, 0, 0], [0, 0, 0, 0, 0, 0, 0, 0, 0, 0], [0, 0, 0, 0, 0, 0, 0, 0, 0, 0], [0, 0, 0, 0, 0, 0, 0, 0, 0, 0], [2, 0, 0, 0, 0, 0, 0, 0, 0, 3]], "output": [[0, 0, 0, 0, 0, 0, 0, 0, 0, 0], [0, 6, 0, 0, 0, 0, 0, 0, 7, 0], [0, 0, 6, 0, 0, 0, 0, 7, 0, 0], [0, 0, 0, 6, 0, 0, 7, 0, 0, 0], [0, 0, 0, 0, 2, 3, 0, 0, 0, 0], [0, 0, 0, 2, 0, 0, 3, 0, 0, 0], [0, 0, 2, 0, 0, 0, 0, 3, 0, 0], [0, 2, 0, 0, 0, 0, 0, 0, 3, 0], [0, 0, 0, 0, 0, 0, 0, 0, 0, 0]]}, {"input": [[5, 0, 0, 0, 0, 0, 0, 0, 0, 0, 8], [0, 0, 0, 0, 0, 0, 0, 0, 0, 0, 0], [0, 0, 0, 0, 0, 0, 0, 0, 0, 0, 0], [0, 0, 0, 0, 0, 0, 0, 0, 0, 0, 0], [0, 0, 0, 0, 0, 0, 0, 0, 0, 0, 0], [0, 0, 0, 0, 0, 0, 0, 0, 0, 0, 0], [9, 0, 0, 0, 0, 0, 0, 0, 0, 0, 7]], "output": [[0, 0, 0, 0, 0, 0, 0, 0, 0, 0, 0], [0, 5, 0, 0, 0, 0, 0, 0, 0, 8, 0], [0, 0, 5, 0, 0, 0, 0, 0, 8, 0, 0], [0, 0, 0, 9, 0, 0, 0, 7, 0, 0, 0], [0, 0, 9, 0, 0, 0, 0, 0, 7, 0, 0], [0, 9, 0, 0, 0, 0, 0, 0, 0, 7, 0], [0, 0, 0, 0, 0, 0, 0, 0, 0, 0, 0]]}, {"input": [[4, 0, 0, 0, 0, 5], [0, 0, 0, 0, 0, 0], [0, 0, 0, 0, 0, 0], [0, 0, 0, 0, 0, 0], [0, 0, 0, 0, 0, 0], [0, 0, 0, 0, 0, 0], [9, 0, 0, 0, 0, 6]], "output": [[0, 0, 0, 0, 0, 0], [0, 4, 0, 0, 5, 0], [0, 0, 4, 5, 0, 0], [0, 0, 6, 9, 0, 0], [0, 0, 9, 6, 0, 0], [0, 9, 0, 0, 6, 0], [0, 0, 0, 0, 0, 0]]}, {"input": [[9, 0, 0, 0, 0, 3], [0, 0, 0, 0, 0, 0], [0, 0, 0, 0, 0, 0], [0, 0, 0, 0, 0, 0], [0, 0, 0, 0, 0, 0], [2, 0, 0, 0, 0, 1]], "output": [[0, 0, 0, 0, 0, 0], [0, 9, 0, 0, 3, 0], [0, 0, 1, 2, 0, 0], [0, 0, 2, 1, 0, 0], [0, 2, 0, 0, 1, 0], [0, 0, 0, 0, 0, 0]]}, {"input": [[4, 0, 0, 0, 0, 0, 0, 0, 7], [0, 0, 0, 0, 0, 0, 0, 0, 0], [0, 0, 0, 0, 0, 0, 0, 0, 0], [0, 0, 0, 0, 0, 0, 0, 0, 0], [0, 0, 0, 0, 0, 0, 0, 0, 0], [0, 0, 0, 0, 0, 0, 0, 0, 0], [0, 0, 0, 0, 0, 0, 0, 0, 0], [0, 0, 0, 0, 0, 0, 0, 0, 0], [0, 0, 0, 0, 0, 0, 0, 0, 0], [0, 0, 0, 0, 0, 0, 0, 0, 0], [1, 0, 0, 0, 0, 0, 0, 0, 2]], "output": [[0, 0, 0, 0, 0, 0, 0, 0, 0], [0, 4, 0, 0, 0, 0, 0, 7, 0], [0, 0, 4, 0, 0, 0, 7, 0, 0], [0, 0, 0, 4, 0, 7, 0, 0, 0], [0, 0, 0, 0, 7, 0, 0, 0, 0], [0, 0, 0, 0, 0, 0, 0, 0, 0], [0, 0, 0, 0, 2, 0, 0, 0, 0], [0, 0, 0, 1, 0, 2, 0, 0, 0], [0, 0, 1, 0, 0, 0, 2, 0, 0], [0, 1, 0, 0, 0, 0, 0, 2, 0], [0, 0, 0, 0, 0, 0, 0, 0, 0]]}, {"input": [[9, 0, 0, 0, 0, 0, 1], [0, 0, 0, 0, 0, 0, 0], [0, 0, 0, 0, 0, 0, 0], [0, 0, 0, 0, 0, 0, 0], [0, 0, 0, 0, 0, 0, 0], [0, 0, 0, 0, 0, 0, 0], [0, 0, 0, 0, 0, 0, 0], [0, 0, 0, 0, 0, 0, 0], [0, 0, 0, 0, 0, 0, 0], [4, 0, 0, 0, 0, 0, 5]], "output": [[0, 0, 0, 0, 0, 0, 0], [0, 9, 0, 0, 0, 1, 0], [0, 0, 9, 0, 1, 0, 0], [0, 0, 0, 1, 0, 0, 0], [0, 0, 0, 0, 0, 0, 0], [0, 0, 0, 0, 0, 0, 0], [0, 0, 0, 5, 0, 0, 0], [0, 0, 4, 0, 5, 0, 0], [0, 4, 0, 0, 0, 5, 0], [0, 0, 0, 0, 0, 0, 0]]}, {"input": [[9, 0, 0, 0, 0, 0, 0, 0, 0, 0, 4], [0, 0, 0, 0, 0, 0, 0, 0, 0, 0, 0], [0, 0, 0, 0, 0, 0, 0, 0, 0, 0, 0], [0, 0, 0, 0, 0, 0, 0, 0, 0, 0, 0], [0, 0, 0, 0, 0, 0, 0, 0, 0, 0, 0], [0, 0, 0, 0, 0, 0, 0, 0, 0, 0, 0], [1, 0, 0, 0, 0, 0, 0, 0, 0, 0, 6]], "output": [[0, 0, 0, 0, 0, 0, 0, 0, 0, 0, 0], [0, 9, 0, 0, 0, 0, 0, 0, 0, 4, 0], [0, 0, 9, 0, 0, 0, 0, 0, 4, 0, 0], [0, 0, 0, 1, 0, 0, 0, 6, 0, 0, 0], [0, 0, 1, 0, 0, 0, 0, 0, 6, 0, 0], [0, 1, 0, 0, 0, 0, 0, 0, 0, 6, 0], [0, 0, 0, 0, 0, 0, 0, 0, 0, 0, 0]]}, {"input": [[6, 0, 0, 0, 0, 0, 7], [0, 0, 0, 0, 0, 0, 0], [0, 0, 0, 0, 0, 0, 0], [0, 0, 0, 0, 0, 0, 0], [0, 0, 0, 0, 0, 0, 0], [0, 0, 0, 0, 0, 0, 0], [5, 0, 0, 0, 0, 0, 9]], "output": [[0, 0, 0, 0, 0, 0, 0], [0, 6, 0, 0, 0, 7, 0], [0, 0, 6, 0, 7, 0, 0], [0, 0, 0, 9, 0, 0, 0], [0, 0, 5, 0, 9, 0, 0], [0, 5, 0, 0, 0, 9, 0], [0, 0, 0, 0, 0, 0, 0]]}, {"input": [[2, 0, 0, 0, 0, 0, 0, 8], [0, 0, 0, 0, 0, 0, 0, 0], [0, 0, 0, 0, 0, 0, 0, 0], [0, 0, 0, 0, 0, 0, 0, 0], [0, 0, 0, 0, 0, 0, 0, 0], [9, 0, 0, 0, 0, 0, 0, 6]], "output": [[0, 0, 0, 0, 0, 0, 0, 0], [0, 2, 0, 0, 0, 0, 8, 0], [0, 0, 2, 9, 6, 8, 0, 0], [0, 0, 9, 2, 8, 6, 0, 0], [0, 9, 0, 0, 0, 0, 6, 0], [0, 0, 0, 0, 0, 0, 0, 0]]}, {"input": [[1, 0, 0, 0, 0, 0, 2], [0, 0, 0, 0, 0, 0, 0], [0, 0, 0, 0, 0, 0, 0], [0, 0, 0, 0, 0, 0, 0], [0, 0, 0, 0, 0, 0, 0], [0, 0, 0, 0, 0, 0, 0], [6, 0, 0, 0, 0, 0, 8]], "output": [[0, 0, 0, 0, 0, 0, 0], [0, 1, 0, 0, 0, 2, 0], [0, 0, 1, 0, 2, 0, 0], [0, 0, 0, 8, 0, 0, 0], [0, 0, 6, 0, 8, 0, 0], [0, 6, 0, 0, 0, 8, 0], [0, 0, 0, 0, 0, 0, 0]]}, {"input": [[1, 0, 0, 0, 0, 0, 6], [0, 0, 0, 0, 0, 0, 0], [0, 0, 0, 0, 0, 0, 0], [0, 0, 0, 0, 0, 0, 0], [0, 0, 0, 0, 0, 0, 0], [0, 0, 0, 0, 0, 0, 0], [0, 0, 0, 0, 0, 0, 0], [0, 0, 0, 0, 0, 0, 0], [0, 0, 0, 0, 0, 0, 0], [3, 0, 0, 0, 0, 0, 7]], "output": [[0, 0, 0, 0, 0, 0, 0], [0, 1, 0, 0, 0, 6, 0], [0, 0, 1, 0, 6, 0, 0], [0, 0, 0, 6, 0, 0, 0], [0, 0, 0, 0, 0, 0, 0], [0, 0, 0, 0, 0, 0, 0], [0, 0, 0, 7, 0, 0, 0], [0, 0, 3, 0, 7, 0, 0], [0, 3, 0, 0, 0, 7, 0], [0, 0, 0, 0, 0, 0, 0]]}, {"input": [[8, 0, 0, 0, 0, 0, 3], [0, 0, 0, 0, 0, 0, 0], [0, 0, 0, 0, 0, 0, 0], [0, 0, 0, 0, 0, 0, 0], [0, 0, 0, 0, 0, 0, 0], [0, 0, 0, 0, 0, 0, 0], [0, 0, 0, 0, 0, 0, 0], [0, 0, 0, 0, 0, 0, 0], [0, 0, 0, 0, 0, 0, 0], [5, 0, 0, 0, 0, 0, 4]], "output": [[0, 0, 0, 0, 0, 0, 0], [0, 8, 0, 0, 0, 3, 0], [0, 0, 8, 0, 3, 0, 0], [0, 0, 0, 3, 0, 0, 0], [0, 0, 0, 0, 0, 0, 0], [0, 0, 0, 0, 0, 0, 0], [0, 0, 0, 4, 0, 0, 0], [0, 0, 5, 0, 4, 0, 0], [0, 5, 0, 0, 0, 4, 0], [0, 0, 0, 0, 0, 0, 0]]}, {"input": [[3, 0, 0, 0, 0, 0, 0, 6], [0, 0, 0, 0, 0, 0, 0, 0], [0, 0, 0, 0, 0, 0, 0, 0], [0, 0, 0, 0, 0, 0, 0, 0], [0, 0, 0, 0, 0, 0, 0, 0], [2, 0, 0, 0, 0, 0, 0, 4]], "output": [[0, 0, 0, 0, 0, 0, 0, 0], [0, 3, 0, 0, 0, 0, 6, 0], [0, 0, 3, 2, 4, 6, 0, 0], [0, 0, 2, 3, 6, 4, 0, 0], [0, 2, 0, 0, 0, 0, 4, 0], [0, 0, 0, 0, 0, 0, 0, 0]]}, {"input": [[5, 0, 0, 0, 0, 2], [0, 0, 0, 0, 0, 0], [0, 0, 0, 0, 0, 0], [0, 0, 0, 0, 0, 0], [0, 0, 0, 0, 0, 0], [0, 0, 0, 0, 0, 0], [4, 0, 0, 0, 0, 9]], "output": [[0, 0, 0, 0, 0, 0], [0, 5, 0, 0, 2, 0], [0, 0, 5, 2, 0, 0], [0, 0, 9, 4, 0, 0], [0, 0, 4, 9, 0, 0], [0, 4, 0, 0, 9, 0], [0, 0, 0, 0, 0, 0]]}, {"input": [[2, 0, 0, 0, 0, 0, 0, 0, 0, 0, 3], [0, 0, 0, 0, 0, 0, 0, 0, 0, 0, 0], [0, 0, 0, 0, 0, 0, 0, 0, 0, 0, 0], [0, 0, 0, 0, 0, 0, 0, 0, 0, 0, 0], [0, 0, 0, 0, 0, 0, 0, 0, 0, 0, 0], [0, 0, 0, 0, 0, 0, 0, 0, 0, 0, 0], [0, 0, 0, 0, 0, 0, 0, 0, 0, 0, 0], [0, 0, 0, 0, 0, 0, 0, 0, 0, 0, 0], [0, 0, 0, 0, 0, 0, 0, 0, 0, 0, 0], [0, 0, 0, 0, 0, 0, 0, 0, 0, 0, 0], [7, 0, 0, 0, 0, 0, 0, 0, 0, 0, 1]], "output": [[0, 0, 0, 0, 0, 0, 0, 0, 0, 0, 0], [0, 2, 0, 0, 0, 0, 0, 0, 0, 3, 0], [0, 0, 2, 0, 0, 0, 0, 0, 3, 0, 0], [0, 0, 0, 2, 0, 0, 0, 3, 0, 0, 0], [0, 0, 0, 0, 2, 0, 3, 0, 0, 0, 0], [0, 0, 0, 0, 0, 1, 0, 0, 0, 0, 0], [0, 0, 0, 0, 7, 0, 1, 0, 0, 0, 0], [0, 0, 0, 7, 0, 0, 0, 1, 0, 0, 0], [0, 0, 7, 0, 0, 0, 0, 0, 1, 0, 0], [0, 7, 0, 0, 0, 0, 0, 0, 0, 1, 0], [0, 0, 0, 0, 0, 0, 0, 0, 0, 0, 0]]}, {"input": [[6, 0, 0, 0, 0, 0, 0, 2], [0, 0, 0, 0, 0, 0, 0, 0], [0, 0, 0, 0, 0, 0, 0, 0], [0, 0, 0, 0, 0, 0, 0, 0], [0, 0, 0, 0, 0, 0, 0, 0], [0, 0, 0, 0, 0, 0, 0, 0], [0, 0, 0, 0, 0, 0, 0, 0], [4, 0, 0, 0, 0, 0, 0, 1]], "output": [[0, 0, 0, 0, 0, 0, 0, 0], [0, 6, 0, 0, 0, 0, 2, 0], [0, 0, 6, 0, 0, 2, 0, 0], [0, 0, 0, 1, 4, 0, 0, 0], [0, 0, 0, 4, 1, 0, 0, 0], [0, 0, 4, 0, 0, 1, 0, 0], [0, 4, 0, 0, 0, 0, 1, 0], [0, 0, 0, 0, 0, 0, 0, 0]]}, {"input": [[3, 0, 0, 0, 0, 0, 8], [0, 0, 0, 0, 0, 0, 0], [0, 0, 0, 0, 0, 0, 0], [0, 0, 0, 0, 0, 0, 0], [0, 0, 0, 0, 0, 0, 0], [0, 0, 0, 0, 0, 0, 0], [0, 0, 0, 0, 0, 0, 0], [0, 0, 0, 0, 0, 0, 0], [0, 0, 0, 0, 0, 0, 0], [0, 0, 0, 0, 0, 0, 0], [2, 0, 0, 0, 0, 0, 5]], "output": [[0, 0, 0, 0, 0, 0, 0], [0, 3, 0, 0, 0, 8, 0], [0, 0, 3, 0, 8, 0, 0], [0, 0, 0, 8, 0, 0, 0], [0, 0, 0, 0, 0, 0, 0], [0, 0, 0, 0, 0, 0, 0], [0, 0, 0, 0, 0, 0, 0], [0, 0, 0, 5, 0, 0, 0], [0, 0, 2, 0, 5, 0, 0], [0, 2, 0, 0, 0, 5, 0], [0, 0, 0, 0, 0, 0, 0]]}, {"input": [[5, 0, 0, 0, 0, 0, 3], [0, 0, 0, 0, 0, 0, 0], [0, 0, 0, 0, 0, 0, 0], [0, 0, 0, 0, 0, 0, 0], [0, 0, 0, 0, 0, 0, 0], [0, 0, 0, 0, 0, 0, 0], [0, 0, 0, 0, 0, 0, 0], [0, 0, 0, 0, 0, 0, 0], [2, 0, 0, 0, 0, 0, 8]], "output": [[0, 0, 0, 0, 0, 0, 0], [0, 5, 0, 0, 0, 3, 0], [0, 0, 5, 0, 3, 0, 0], [0, 0, 0, 3, 0, 0, 0], [0, 0, 0, 0, 0, 0, 0], [0, 0, 0, 8, 0, 0, 0], [0, 0, 2, 0, 8, 0, 0], [0, 2, 0, 0, 0, 8, 0], [0, 0, 0, 0, 0, 0, 0]]}, {"input": [[7, 0, 0, 0, 0, 0, 0, 1], [0, 0, 0, 0, 0, 0, 0, 0], [0, 0, 0, 0, 0, 0, 0, 0], [0, 0, 0, 0, 0, 0, 0, 0], [0, 0, 0, 0, 0, 0, 0, 0], [0, 0, 0, 0, 0, 0, 0, 0], [0, 0, 0, 0, 0, 0, 0, 0], [3, 0, 0, 0, 0, 0, 0, 4]], "output": [[0, 0, 0, 0, 0, 0, 0, 0], [0, 7, 0, 0, 0, 0, 1, 0], [0, 0, 7, 0, 0, 1, 0, 0], [0, 0, 0, 4, 3, 0, 0, 0], [0, 0, 0, 3, 4, 0, 0, 0], [0, 0, 3, 0, 0, 4, 0, 0], [0, 3, 0, 0, 0, 0, 4, 0], [0, 0, 0, 0, 0, 0, 0, 0]]}, {"input": [[5, 0, 0, 0, 0, 0, 0, 0, 7], [0, 0, 0, 0, 0, 0, 0, 0, 0], [0, 0, 0, 0, 0, 0, 0, 0, 0], [0, 0, 0, 0, 0, 0, 0, 0, 0], [0, 0, 0, 0, 0, 0, 0, 0, 0], [0, 0, 0, 0, 0, 0, 0, 0, 0], [0, 0, 0, 0, 0, 0, 0, 0, 0], [0, 0, 0, 0, 0, 0, 0, 0, 0], [0, 0, 0, 0, 0, 0, 0, 0, 0], [0, 0, 0, 0, 0, 0, 0, 0, 0], [2, 0, 0, 0, 0, 0, 0, 0, 3]], "output": [[0, 0, 0, 0, 0, 0, 0, 0, 0], [0, 5, 0, 0, 0, 0, 0, 7, 0], [0, 0, 5, 0, 0, 0, 7, 0, 0], [0, 0, 0, 5, 0, 7, 0, 0, 0], [0, 0, 0, 0, 7, 0, 0, 0, 0], [0, 0, 0, 0, 0, 0, 0, 0, 0], [0, 0, 0, 0, 3, 0, 0, 0, 0], [0, 0, 0, 2, 0, 3, 0, 0, 0], [0, 0, 2, 0, 0, 0, 3, 0, 0], [0, 2, 0, 0, 0, 0, 0, 3, 0], [0, 0, 0, 0, 0, 0, 0, 0, 0]]}, {"input": [[1, 0, 0, 0, 0, 0, 0, 0, 0, 7], [0, 0, 0, 0, 0, 0, 0, 0, 0, 0], [0, 0, 0, 0, 0, 0, 0, 0, 0, 0], [0, 0, 0, 0, 0, 0, 0, 0, 0, 0], [0, 0, 0, 0, 0, 0, 0, 0, 0, 0], [0, 0, 0, 0, 0, 0, 0, 0, 0, 0], [0, 0, 0, 0, 0, 0, 0, 0, 0, 0], [0, 0, 0, 0, 0, 0, 0, 0, 0, 0], [0, 0, 0, 0, 0, 0, 0, 0, 0, 0], [2, 0, 0, 0, 0, 0, 0, 0, 0, 9]], "output": [[0, 0, 0, 0, 0, 0, 0, 0, 0, 0], [0, 1, 0, 0, 0, 0, 0, 0, 7, 0], [0, 0, 1, 0, 0, 0, 0, 7, 0, 0], [0, 0, 0, 1, 0, 0, 7, 0, 0, 0], [0, 0, 0, 0, 9, 2, 0, 0, 0, 0], [0, 0, 0, 0, 2, 9, 0, 0, 0, 0], [0, 0, 0, 2, 0, 0, 9, 0, 0, 0], [0, 0, 2, 0, 0, 0, 0, 9, 0, 0], [0, 2, 0, 0, 0, 0, 0, 0, 9, 0], [0, 0, 0, 0, 0, 0, 0, 0, 0, 0]]}, {"input": [[7, 0, 0, 0, 0, 2], [0, 0, 0, 0, 0, 0], [0, 0, 0, 0, 0, 0], [0, 0, 0, 0, 0, 0], [0, 0, 0, 0, 0, 0], [0, 0, 0, 0, 0, 0], [9, 0, 0, 0, 0, 3]], "output": [[0, 0, 0, 0, 0, 0], [0, 7, 0, 0, 2, 0], [0, 0, 7, 2, 0, 0], [0, 0, 3, 9, 0, 0], [0, 0, 9, 3, 0, 0], [0, 9, 0, 0, 3, 0], [0, 0, 0, 0, 0, 0]]}, {"input": [[8, 0, 0, 0, 0, 0, 0, 0, 4], [0, 0, 0, 0, 0, 0, 0, 0, 0], [0, 0, 0, 0, 0, 0, 0, 0, 0], [0, 0, 0, 0, 0, 0, 0, 0, 0], [0, 0, 0, 0, 0, 0, 0, 0, 0], [0, 0, 0, 0, 0, 0, 0, 0, 0], [0, 0, 0, 0, 0, 0, 0, 0, 0], [5, 0, 0, 0, 0, 0, 0, 0, 3]], "output": [[0, 0, 0, 0, 0, 0, 0, 0, 0], [0, 8, 0, 0, 0, 0, 0, 4, 0], [0, 0, 8, 0, 0, 0, 4, 0, 0], [0, 0, 0, 8, 3, 4, 0, 0, 0], [0, 0, 0, 5, 4, 3, 0, 0, 0], [0, 0, 5, 0, 0, 0, 3, 0, 0], [0, 5, 0, 0, 0, 0, 0, 3, 0], [0, 0, 0, 0, 0, 0, 0, 0, 0]]}], "test": [{"input": [[6, 0, 0, 0, 0, 0, 0, 3], [0, 0, 0, 0, 0, 0, 0, 0], [0, 0, 0, 0, 0, 0, 0, 0], [0, 0, 0, 0, 0, 0, 0, 0], [0, 0, 0, 0, 0, 0, 0, 0], [0, 0, 0, 0, 0, 0, 0, 0], [0, 0, 0, 0, 0, 0, 0, 0], [0, 0, 0, 0, 0, 0, 0, 0], [0, 0, 0, 0, 0, 0, 0, 0], [0, 0, 0, 0, 0, 0, 0, 0], [1, 0, 0, 0, 0, 0, 0, 8]], "output": [[0, 0, 0, 0, 0, 0, 0, 0], [0, 6, 0, 0, 0, 0, 3, 0], [0, 0, 6, 0, 0, 3, 0, 0], [0, 0, 0, 6, 3, 0, 0, 0], [0, 0, 0, 3, 6, 0, 0, 0], [0, 0, 0, 0, 0, 0, 0, 0], [0, 0, 0, 8, 1, 0, 0, 0], [0, 0, 0, 1, 8, 0, 0, 0], [0, 0, 1, 0, 0, 8, 0, 0], [0, 1, 0, 0, 0, 0, 8, 0], [0, 0, 0, 0, 0, 0, 0, 0]]}, {"input": [[1, 0, 0, 0, 0, 0, 0, 5], [0, 0, 0, 0, 0, 0, 0, 0], [0, 0, 0, 0, 0, 0, 0, 0], [0, 0, 0, 0, 0, 0, 0, 0], [0, 0, 0, 0, 0, 0, 0, 0], [0, 0, 0, 0, 0, 0, 0, 0], [0, 0, 0, 0, 0, 0, 0, 0], [7, 0, 0, 0, 0, 0, 0, 8]], "output": [[0, 0, 0, 0, 0, 0, 0, 0], [0, 1, 0, 0, 0, 0, 5, 0], [0, 0, 1, 0, 0, 5, 0, 0], [0, 0, 0, 8, 7, 0, 0, 0], [0, 0, 0, 7, 8, 0, 0, 0], [0, 0, 7, 0, 0, 8, 0, 0], [0, 7, 0, 0, 0, 0, 8, 0], [0, 0, 0, 0, 0, 0, 0, 0]]}, {"input": [[3, 0, 0, 0, 0, 0, 0, 0, 0, 0, 6], [0, 0, 0, 0, 0, 0, 0, 0, 0, 0, 0], [0, 0, 0, 0, 0, 0, 0, 0, 0, 0, 0], [0, 0, 0, 0, 0, 0, 0, 0, 0, 0, 0], [0, 0, 0, 0, 0, 0, 0, 0, 0, 0, 0], [0, 0, 0, 0, 0, 0, 0, 0, 0, 0, 0], [0, 0, 0, 0, 0, 0, 0, 0, 0, 0, 0], [0, 0, 0, 0, 0, 0, 0, 0, 0, 0, 0], [9, 0, 0, 0, 0, 0, 0, 0, 0, 0, 1]], "output": [[0, 0, 0, 0, 0, 0, 0, 0, 0, 0, 0], [0, 3, 0, 0, 0, 0, 0, 0, 0, 6, 0], [0, 0, 3, 0, 0, 0, 0, 0, 6, 0, 0], [0, 0, 0, 3, 0, 0, 0, 6, 0, 0, 0], [0, 0, 0, 0, 9, 0, 1, 0, 0, 0, 0], [0, 0, 0, 9, 0, 0, 0, 1, 0, 0, 0], [0, 0, 9, 0, 0, 0, 0, 0, 1, 0, 0], [0, 9, 0, 0, 0, 0, 0, 0, 0, 1, 0], [0, 0, 0, 0, 0, 0, 0, 0, 0, 0, 0]]}]}