{"train": [{"input": [[0, 0, 0, 0, 0, 0, 0, 0, 0], [0, 0, 0, 0, 0, 0, 0, 0, 0], [0, 0, 0, 0, 0, 0, 0, 0, 0], [0, 0, 0, 4, 8, 7, 0, 0, 0], [0, 0, 0, 6, 4, 6, 0, 0, 0], [0, 0, 0, 9, 8, 5, 0, 0, 0], [0, 0, 0, 0, 0, 0, 0, 0, 0], [0, 0, 0, 0, 0, 0, 0, 0, 0], [0, 0, 0, 0, 0, 0, 0, 0, 0]], "output": [[4, 7, 8, 4, 7, 8, 4, 7, 8], [7, 4, 3, 7, 4, 3, 7, 4, 3], [2, 1, 5, 2, 1, 5, 2, 1, 5], [4, 7, 8, 4, 7, 8, 4, 7, 8], [7, 4, 3, 7, 4, 3, 7, 4, 3], [2, 1, 5, 2, 1, 5, 2, 1, 5], [4, 7, 8, 4, 7, 8, 4, 7, 8], [7, 4, 3, 7, 4, 3, 7, 4, 3], [2, 1, 5, 2, 1, 5, 2, 1, 5]]}, {"input": [[0, 0, 0, 0, 0, 0, 0, 0, 0], [0, 0, 0, 0, 0, 0, 0, 0, 0], [0, 0, 0, 0, 0, 0, 0, 0, 0], [0, 0, 0, 3, 6, 7, 0, 0, 0], [0, 0, 0, 4, 1, 2, 0, 0, 0], [0, 0, 0, 3, 6, 1, 0, 0, 0], [0, 0, 0, 0, 0, 0, 0, 0, 0], [0, 0, 0, 0, 0, 0, 0, 0, 0], [0, 0, 0, 0, 0, 0, 0, 0, 0]], "output": [[4, 7, 8, 4, 7, 8, 4, 7, 8], [7, 1, 3, 7, 1, 3, 7, 1, 3], [2, 1, 5, 2, 1, 5, 2, 1, 5], [4, 7, 8, 4, 7, 8, 4, 7, 8], [7, 1, 3, 7, 1, 3, 7, 1, 3], [2, 1, 5, 2, 1, 5, 2, 1, 5], [4, 7, 8, 4, 7, 8, 4, 7, 8], [7, 1, 3, 7, 1, 3, 7, 1, 3], [2, 1, 5, 2, 1, 5, 2, 1, 5]]}, {"input": [[0, 0, 0, 0, 0, 0, 0, 0, 0], [0, 0, 0, 0, 0, 0, 0, 0, 0], [0, 0, 0, 0, 0, 0, 0, 0, 0], [0, 0, 0, 3, 7, 5, 0, 0, 0], [0, 0, 0, 9, 4, 4, 0, 0, 0], [0, 0, 0, 2, 3, 1, 0, 0, 0], [0, 0, 0, 0, 0, 0, 0, 0, 0], [0, 0, 0, 0, 0, 0, 0, 0, 0], [0, 0, 0, 0, 0, 0, 0, 0, 0]], "output": [[4, 7, 8, 4, 7, 8, 4, 7, 8], [7, 4, 3, 7, 4, 3, 7, 4, 3], [2, 1, 5, 2, 1, 5, 2, 1, 5], [4, 7, 8, 4, 7, 8, 4, 7, 8], [7, 4, 3, 7, 4, 3, 7, 4, 3], [2, 1, 5, 2, 1, 5, 2, 1, 5], [4, 7, 8, 4, 7, 8, 4, 7, 8], [7, 4, 3, 7, 4, 3, 7, 4, 3], [2, 1, 5, 2, 1, 5, 2, 1, 5]]}, {"input": [[0, 0, 0, 0, 0, 0, 0, 0, 0], [0, 0, 0, 0, 0, 0, 0, 0, 0], [0, 0, 0, 0, 0, 0, 0, 0, 0], [0, 0, 0, 5, 5, 6, 0, 0, 0], [0, 0, 0, 5, 3, 6, 0, 0, 0], [0, 0, 0, 9, 5, 9, 0, 0, 0], [0, 0, 0, 0, 0, 0, 0, 0, 0], [0, 0, 0, 0, 0, 0, 0, 0, 0], [0, 0, 0, 0, 0, 0, 0, 0, 0]], "output": [[4, 7, 8, 4, 7, 8, 4, 7, 8], [7, 3, 3, 7, 3, 3, 7, 3, 3], [2, 1, 5, 2, 1, 5, 2, 1, 5], [4, 7, 8, 4, 7, 8, 4, 7, 8], [7, 3, 3, 7, 3, 3, 7, 3, 3], [2, 1, 5, 2, 1, 5, 2, 1, 5], [4, 7, 8, 4, 7, 8, 4, 7, 8], [7, 3, 3, 7, 3, 3, 7, 3, 3], [2, 1, 5, 2, 1, 5, 2, 1, 5]]}, {"input": [[0, 0, 0, 0, 0, 0, 0, 0, 0], [0, 0, 0, 0, 0, 0, 0, 0, 0], [0, 0, 0, 0, 0, 0, 0, 0, 0], [0, 0, 0, 8, 5, 4, 0, 0, 0], [0, 0, 0, 5, 8, 1, 0, 0, 0], [0, 0, 0, 3, 8, 8, 0, 0, 0], [0, 0, 0, 0, 0, 0, 0, 0, 0], [0, 0, 0, 0, 0, 0, 0, 0, 0], [0, 0, 0, 0, 0, 0, 0, 0, 0]], "output": [[4, 7, 8, 4, 7, 8, 4, 7, 8], [7, 8, 3, 7, 8, 3, 7, 8, 3], [2, 1, 5, 2, 1, 5, 2, 1, 5], [4, 7, 8, 4, 7, 8, 4, 7, 8], [7, 8, 3, 7, 8, 3, 7, 8, 3], [2, 1, 5, 2, 1, 5, 2, 1, 5], [4, 7, 8, 4, 7, 8, 4, 7, 8], [7, 8, 3, 7, 8, 3, 7, 8, 3], [2, 1, 5, 2, 1, 5, 2, 1, 5]]}, {"input": [[0, 0, 0, 0, 0, 0, 0, 0, 0], [0, 0, 0, 0, 0, 0, 0, 0, 0], [0, 0, 0, 0, 0, 0, 0, 0, 0], [0, 0, 0, 6, 1, 4, 0, 0, 0], [0, 0, 0, 2, 4, 5, 0, 0, 0], [0, 0, 0, 5, 1, 3, 0, 0, 0], [0, 0, 0, 0, 0, 0, 0, 0, 0], [0, 0, 0, 0, 0, 0, 0, 0, 0], [0, 0, 0, 0, 0, 0, 0, 0, 0]], "output": [[4, 7, 8, 4, 7, 8, 4, 7, 8], [7, 4, 3, 7, 4, 3, 7, 4, 3], [2, 1, 5, 2, 1, 5, 2, 1, 5], [4, 7, 8, 4, 7, 8, 4, 7, 8], [7, 4, 3, 7, 4, 3, 7, 4, 3], [2, 1, 5, 2, 1, 5, 2, 1, 5], [4, 7, 8, 4, 7, 8, 4, 7, 8], [7, 4, 3, 7, 4, 3, 7, 4, 3], [2, 1, 5, 2, 1, 5, 2, 1, 5]]}, {"input": [[0, 0, 0, 0, 0, 0, 0, 0, 0], [0, 0, 0, 0, 0, 0, 0, 0, 0], [0, 0, 0, 0, 0, 0, 0, 0, 0], [0, 0, 0, 2, 7, 9, 0, 0, 0], [0, 0, 0, 3, 1, 1, 0, 0, 0], [0, 0, 0, 3, 8, 4, 0, 0, 0], [0, 0, 0, 0, 0, 0, 0, 0, 0], [0, 0, 0, 0, 0, 0, 0, 0, 0], [0, 0, 0, 0, 0, 0, 0, 0, 0]], "output": [[4, 7, 8, 4, 7, 8, 4, 7, 8], [7, 1, 3, 7, 1, 3, 7, 1, 3], [2, 1, 5, 2, 1, 5, 2, 1, 5], [4, 7, 8, 4, 7, 8, 4, 7, 8], [7, 1, 3, 7, 1, 3, 7, 1, 3], [2, 1, 5, 2, 1, 5, 2, 1, 5], [4, 7, 8, 4, 7, 8, 4, 7, 8], [7, 1, 3, 7, 1, 3, 7, 1, 3], [2, 1, 5, 2, 1, 5, 2, 1, 5]]}, {"input": [[0, 0, 0, 0, 0, 0, 0, 0, 0], [0, 0, 0, 0, 0, 0, 0, 0, 0], [0, 0, 0, 0, 0, 0, 0, 0, 0], [0, 0, 0, 9, 9, 8, 0, 0, 0], [0, 0, 0, 5, 4, 6, 0, 0, 0], [0, 0, 0, 8, 6, 9, 0, 0, 0], [0, 0, 0, 0, 0, 0, 0, 0, 0], [0, 0, 0, 0, 0, 0, 0, 0, 0], [0, 0, 0, 0, 0, 0, 0, 0, 0]], "output": [[4, 7, 8, 4, 7, 8, 4, 7, 8], [7, 4, 3, 7, 4, 3, 7, 4, 3], [2, 1, 5, 2, 1, 5, 2, 1, 5], [4, 7, 8, 4, 7, 8, 4, 7, 8], [7, 4, 3, 7, 4, 3, 7, 4, 3], [2, 1, 5, 2, 1, 5, 2, 1, 5], [4, 7, 8, 4, 7, 8, 4, 7, 8], [7, 4, 3, 7, 4, 3, 7, 4, 3], [2, 1, 5, 2, 1, 5, 2, 1, 5]]}, {"input": [[0, 0, 0, 0, 0, 0, 0, 0, 0], [0, 0, 0, 0, 0, 0, 0, 0, 0], [0, 0, 0, 0, 0, 0, 0, 0, 0], [0, 0, 0, 6, 3, 6, 0, 0, 0], [0, 0, 0, 9, 6, 8, 0, 0, 0], [0, 0, 0, 4, 6, 8, 0, 0, 0], [0, 0, 0, 0, 0, 0, 0, 0, 0], [0, 0, 0, 0, 0, 0, 0, 0, 0], [0, 0, 0, 0, 0, 0, 0, 0, 0]], "output": [[4, 7, 8, 4, 7, 8, 4, 7, 8], [7, 6, 3, 7, 6, 3, 7, 6, 3], [2, 1, 5, 2, 1, 5, 2, 1, 5], [4, 7, 8, 4, 7, 8, 4, 7, 8], [7, 6, 3, 7, 6, 3, 7, 6, 3], [2, 1, 5, 2, 1, 5, 2, 1, 5], [4, 7, 8, 4, 7, 8, 4, 7, 8], [7, 6, 3, 7, 6, 3, 7, 6, 3], [2, 1, 5, 2, 1, 5, 2, 1, 5]]}, {"input": [[0, 0, 0, 0, 0, 0, 0, 0, 0], [0, 0, 0, 0, 0, 0, 0, 0, 0], [0, 0, 0, 0, 0, 0, 0, 0, 0], [0, 0, 0, 5, 2, 8, 0, 0, 0], [0, 0, 0, 6, 3, 8, 0, 0, 0], [0, 0, 0, 6, 2, 2, 0, 0, 0], [0, 0, 0, 0, 0, 0, 0, 0, 0], [0, 0, 0, 0, 0, 0, 0, 0, 0], [0, 0, 0, 0, 0, 0, 0, 0, 0]], "output": [[4, 7, 8, 4, 7, 8, 4, 7, 8], [7, 3, 3, 7, 3, 3, 7, 3, 3], [2, 1, 5, 2, 1, 5, 2, 1, 5], [4, 7, 8, 4, 7, 8, 4, 7, 8], [7, 3, 3, 7, 3, 3, 7, 3, 3], [2, 1, 5, 2, 1, 5, 2, 1, 5], [4, 7, 8, 4, 7, 8, 4, 7, 8], [7, 3, 3, 7, 3, 3, 7, 3, 3], [2, 1, 5, 2, 1, 5, 2, 1, 5]]}, {"input": [[0, 0, 0, 0, 0, 0, 0, 0, 0], [0, 0, 0, 0, 0, 0, 0, 0, 0], [0, 0, 0, 0, 0, 0, 0, 0, 0], [0, 0, 0, 2, 5, 5, 0, 0, 0], [0, 0, 0, 4, 8, 4, 0, 0, 0], [0, 0, 0, 8, 7, 9, 0, 0, 0], [0, 0, 0, 0, 0, 0, 0, 0, 0], [0, 0, 0, 0, 0, 0, 0, 0, 0], [0, 0, 0, 0, 0, 0, 0, 0, 0]], "output": [[4, 7, 8, 4, 7, 8, 4, 7, 8], [7, 8, 3, 7, 8, 3, 7, 8, 3], [2, 1, 5, 2, 1, 5, 2, 1, 5], [4, 7, 8, 4, 7, 8, 4, 7, 8], [7, 8, 3, 7, 8, 3, 7, 8, 3], [2, 1, 5, 2, 1, 5, 2, 1, 5], [4, 7, 8, 4, 7, 8, 4, 7, 8], [7, 8, 3, 7, 8, 3, 7, 8, 3], [2, 1, 5, 2, 1, 5, 2, 1, 5]]}, {"input": [[0, 0, 0, 0, 0, 0, 0, 0, 0], [0, 0, 0, 0, 0, 0, 0, 0, 0], [0, 0, 0, 0, 0, 0, 0, 0, 0], [0, 0, 0, 2, 8, 1, 0, 0, 0], [0, 0, 0, 2, 9, 2, 0, 0, 0], [0, 0, 0, 3, 9, 3, 0, 0, 0], [0, 0, 0, 0, 0, 0, 0, 0, 0], [0, 0, 0, 0, 0, 0, 0, 0, 0], [0, 0, 0, 0, 0, 0, 0, 0, 0]], "output": [[4, 7, 8, 4, 7, 8, 4, 7, 8], [7, 9, 3, 7, 9, 3, 7, 9, 3], [2, 1, 5, 2, 1, 5, 2, 1, 5], [4, 7, 8, 4, 7, 8, 4, 7, 8], [7, 9, 3, 7, 9, 3, 7, 9, 3], [2, 1, 5, 2, 1, 5, 2, 1, 5], [4, 7, 8, 4, 7, 8, 4, 7, 8], [7, 9, 3, 7, 9, 3, 7, 9, 3], [2, 1, 5, 2, 1, 5, 2, 1, 5]]}, {"input": [[0, 0, 0, 0, 0, 0, 0, 0, 0], [0, 0, 0, 0, 0, 0, 0, 0, 0], [0, 0, 0, 0, 0, 0, 0, 0, 0], [0, 0, 0, 1, 3, 4, 0, 0, 0], [0, 0, 0, 5, 1, 5, 0, 0, 0], [0, 0, 0, 3, 3, 9, 0, 0, 0], [0, 0, 0, 0, 0, 0, 0, 0, 0], [0, 0, 0, 0, 0, 0, 0, 0, 0], [0, 0, 0, 0, 0, 0, 0, 0, 0]], "output": [[4, 7, 8, 4, 7, 8, 4, 7, 8], [7, 1, 3, 7, 1, 3, 7, 1, 3], [2, 1, 5, 2, 1, 5, 2, 1, 5], [4, 7, 8, 4, 7, 8, 4, 7, 8], [7, 1, 3, 7, 1, 3, 7, 1, 3], [2, 1, 5, 2, 1, 5, 2, 1, 5], [4, 7, 8, 4, 7, 8, 4, 7, 8], [7, 1, 3, 7, 1, 3, 7, 1, 3], [2, 1, 5, 2, 1, 5, 2, 1, 5]]}, {"input": [[0, 0, 0, 0, 0, 0, 0, 0, 0], [0, 0, 0, 0, 0, 0, 0, 0, 0], [0, 0, 0, 0, 0, 0, 0, 0, 0], [0, 0, 0, 2, 4, 5, 0, 0, 0], [0, 0, 0, 4, 8, 3, 0, 0, 0], [0, 0, 0, 7, 8, 6, 0, 0, 0], [0, 0, 0, 0, 0, 0, 0, 0, 0], [0, 0, 0, 0, 0, 0, 0, 0, 0], [0, 0, 0, 0, 0, 0, 0, 0, 0]], "output": [[4, 7, 8, 4, 7, 8, 4, 7, 8], [7, 8, 3, 7, 8, 3, 7, 8, 3], [2, 1, 5, 2, 1, 5, 2, 1, 5], [4, 7, 8, 4, 7, 8, 4, 7, 8], [7, 8, 3, 7, 8, 3, 7, 8, 3], [2, 1, 5, 2, 1, 5, 2, 1, 5], [4, 7, 8, 4, 7, 8, 4, 7, 8], [7, 8, 3, 7, 8, 3, 7, 8, 3], [2, 1, 5, 2, 1, 5, 2, 1, 5]]}, {"input": [[0, 0, 0, 0, 0, 0, 0, 0, 0], [0, 0, 0, 0, 0, 0, 0, 0, 0], [0, 0, 0, 0, 0, 0, 0, 0, 0], [0, 0, 0, 2, 9, 5, 0, 0, 0], [0, 0, 0, 8, 8, 5, 0, 0, 0], [0, 0, 0, 4, 7, 4, 0, 0, 0], [0, 0, 0, 0, 0, 0, 0, 0, 0], [0, 0, 0, 0, 0, 0, 0, 0, 0], [0, 0, 0, 0, 0, 0, 0, 0, 0]], "output": [[4, 7, 8, 4, 7, 8, 4, 7, 8], [7, 8, 3, 7, 8, 3, 7, 8, 3], [2, 1, 5, 2, 1, 5, 2, 1, 5], [4, 7, 8, 4, 7, 8, 4, 7, 8], [7, 8, 3, 7, 8, 3, 7, 8, 3], [2, 1, 5, 2, 1, 5, 2, 1, 5], [4, 7, 8, 4, 7, 8, 4, 7, 8], [7, 8, 3, 7, 8, 3, 7, 8, 3], [2, 1, 5, 2, 1, 5, 2, 1, 5]]}, {"input": [[0, 0, 0, 0, 0, 0, 0, 0, 0], [0, 0, 0, 0, 0, 0, 0, 0, 0], [0, 0, 0, 0, 0, 0, 0, 0, 0], [0, 0, 0, 8, 2, 9, 0, 0, 0], [0, 0, 0, 1, 2, 4, 0, 0, 0], [0, 0, 0, 6, 2, 2, 0, 0, 0], [0, 0, 0, 0, 0, 0, 0, 0, 0], [0, 0, 0, 0, 0, 0, 0, 0, 0], [0, 0, 0, 0, 0, 0, 0, 0, 0]], "output": [[4, 7, 8, 4, 7, 8, 4, 7, 8], [7, 2, 3, 7, 2, 3, 7, 2, 3], [2, 1, 5, 2, 1, 5, 2, 1, 5], [4, 7, 8, 4, 7, 8, 4, 7, 8], [7, 2, 3, 7, 2, 3, 7, 2, 3], [2, 1, 5, 2, 1, 5, 2, 1, 5], [4, 7, 8, 4, 7, 8, 4, 7, 8], [7, 2, 3, 7, 2, 3, 7, 2, 3], [2, 1, 5, 2, 1, 5, 2, 1, 5]]}, {"input": [[0, 0, 0, 0, 0, 0, 0, 0, 0], [0, 0, 0, 0, 0, 0, 0, 0, 0], [0, 0, 0, 0, 0, 0, 0, 0, 0], [0, 0, 0, 1, 3, 7, 0, 0, 0], [0, 0, 0, 8, 5, 5, 0, 0, 0], [0, 0, 0, 1, 4, 6, 0, 0, 0], [0, 0, 0, 0, 0, 0, 0, 0, 0], [0, 0, 0, 0, 0, 0, 0, 0, 0], [0, 0, 0, 0, 0, 0, 0, 0, 0]], "output": [[4, 7, 8, 4, 7, 8, 4, 7, 8], [7, 5, 3, 7, 5, 3, 7, 5, 3], [2, 1, 5, 2, 1, 5, 2, 1, 5], [4, 7, 8, 4, 7, 8, 4, 7, 8], [7, 5, 3, 7, 5, 3, 7, 5, 3], [2, 1, 5, 2, 1, 5, 2, 1, 5], [4, 7, 8, 4, 7, 8, 4, 7, 8], [7, 5, 3, 7, 5, 3, 7, 5, 3], [2, 1, 5, 2, 1, 5, 2, 1, 5]]}, {"input": [[0, 0, 0, 0, 0, 0, 0, 0, 0], [0, 0, 0, 0, 0, 0, 0, 0, 0], [0, 0, 0, 0, 0, 0, 0, 0, 0], [0, 0, 0, 1, 7, 1, 0, 0, 0], [0, 0, 0, 9, 6, 9, 0, 0, 0], [0, 0, 0, 4, 4, 9, 0, 0, 0], [0, 0, 0, 0, 0, 0, 0, 0, 0], [0, 0, 0, 0, 0, 0, 0, 0, 0], [0, 0, 0, 0, 0, 0, 0, 0, 0]], "output": [[4, 7, 8, 4, 7, 8, 4, 7, 8], [7, 6, 3, 7, 6, 3, 7, 6, 3], [2, 1, 5, 2, 1, 5, 2, 1, 5], [4, 7, 8, 4, 7, 8, 4, 7, 8], [7, 6, 3, 7, 6, 3, 7, 6, 3], [2, 1, 5, 2, 1, 5, 2, 1, 5], [4, 7, 8, 4, 7, 8, 4, 7, 8], [7, 6, 3, 7, 6, 3, 7, 6, 3], [2, 1, 5, 2, 1, 5, 2, 1, 5]]}, {"input": [[0, 0, 0, 0, 0, 0, 0, 0, 0], [0, 0, 0, 0, 0, 0, 0, 0, 0], [0, 0, 0, 0, 0, 0, 0, 0, 0], [0, 0, 0, 8, 6, 4, 0, 0, 0], [0, 0, 0, 4, 6, 7, 0, 0, 0], [0, 0, 0, 7, 1, 2, 0, 0, 0], [0, 0, 0, 0, 0, 0, 0, 0, 0], [0, 0, 0, 0, 0, 0, 0, 0, 0], [0, 0, 0, 0, 0, 0, 0, 0, 0]], "output": [[4, 7, 8, 4, 7, 8, 4, 7, 8], [7, 6, 3, 7, 6, 3, 7, 6, 3], [2, 1, 5, 2, 1, 5, 2, 1, 5], [4, 7, 8, 4, 7, 8, 4, 7, 8], [7, 6, 3, 7, 6, 3, 7, 6, 3], [2, 1, 5, 2, 1, 5, 2, 1, 5], [4, 7, 8, 4, 7, 8, 4, 7, 8], [7, 6, 3, 7, 6, 3, 7, 6, 3], [2, 1, 5, 2, 1, 5, 2, 1, 5]]}, {"input": [[0, 0, 0, 0, 0, 0, 0, 0, 0], [0, 0, 0, 0, 0, 0, 0, 0, 0], [0, 0, 0, 0, 0, 0, 0, 0, 0], [0, 0, 0, 3, 7, 5, 0, 0, 0], [0, 0, 0, 7, 6, 6, 0, 0, 0], [0, 0, 0, 9, 6, 9, 0, 0, 0], [0, 0, 0, 0, 0, 0, 0, 0, 0], [0, 0, 0, 0, 0, 0, 0, 0, 0], [0, 0, 0, 0, 0, 0, 0, 0, 0]], "output": [[4, 7, 8, 4, 7, 8, 4, 7, 8], [7, 6, 3, 7, 6, 3, 7, 6, 3], [2, 1, 5, 2, 1, 5, 2, 1, 5], [4, 7, 8, 4, 7, 8, 4, 7, 8], [7, 6, 3, 7, 6, 3, 7, 6, 3], [2, 1, 5, 2, 1, 5, 2, 1, 5], [4, 7, 8, 4, 7, 8, 4, 7, 8], [7, 6, 3, 7, 6, 3, 7, 6, 3], [2, 1, 5, 2, 1, 5, 2, 1, 5]]}, {"input": [[0, 0, 0, 0, 0, 0, 0, 0, 0], [0, 0, 0, 0, 0, 0, 0, 0, 0], [0, 0, 0, 0, 0, 0, 0, 0, 0], [0, 0, 0, 7, 7, 2, 0, 0, 0], [0, 0, 0, 9, 9, 1, 0, 0, 0], [0, 0, 0, 4, 4, 7, 0, 0, 0], [0, 0, 0, 0, 0, 0, 0, 0, 0], [0, 0, 0, 0, 0, 0, 0, 0, 0], [0, 0, 0, 0, 0, 0, 0, 0, 0]], "output": [[4, 7, 8, 4, 7, 8, 4, 7, 8], [7, 9, 3, 7, 9, 3, 7, 9, 3], [2, 1, 5, 2, 1, 5, 2, 1, 5], [4, 7, 8, 4, 7, 8, 4, 7, 8], [7, 9, 3, 7, 9, 3, 7, 9, 3], [2, 1, 5, 2, 1, 5, 2, 1, 5], [4, 7, 8, 4, 7, 8, 4, 7, 8], [7, 9, 3, 7, 9, 3, 7, 9, 3], [2, 1, 5, 2, 1, 5, 2, 1, 5]]}, {"input": [[0, 0, 0, 0, 0, 0, 0, 0, 0], [0, 0, 0, 0, 0, 0, 0, 0, 0], [0, 0, 0, 0, 0, 0, 0, 0, 0], [0, 0, 0, 7, 6, 1, 0, 0, 0], [0, 0, 0, 4, 9, 2, 0, 0, 0], [0, 0, 0, 1, 9, 6, 0, 0, 0], [0, 0, 0, 0, 0, 0, 0, 0, 0], [0, 0, 0, 0, 0, 0, 0, 0, 0], [0, 0, 0, 0, 0, 0, 0, 0, 0]], "output": [[4, 7, 8, 4, 7, 8, 4, 7, 8], [7, 9, 3, 7, 9, 3, 7, 9, 3], [2, 1, 5, 2, 1, 5, 2, 1, 5], [4, 7, 8, 4, 7, 8, 4, 7, 8], [7, 9, 3, 7, 9, 3, 7, 9, 3], [2, 1, 5, 2, 1, 5, 2, 1, 5], [4, 7, 8, 4, 7, 8, 4, 7, 8], [7, 9, 3, 7, 9, 3, 7, 9, 3], [2, 1, 5, 2, 1, 5, 2, 1, 5]]}, {"input": [[0, 0, 0, 0, 0, 0, 0, 0, 0], [0, 0, 0, 0, 0, 0, 0, 0, 0], [0, 0, 0, 0, 0, 0, 0, 0, 0], [0, 0, 0, 3, 3, 5, 0, 0, 0], [0, 0, 0, 6, 6, 2, 0, 0, 0], [0, 0, 0, 5, 8, 3, 0, 0, 0], [0, 0, 0, 0, 0, 0, 0, 0, 0], [0, 0, 0, 0, 0, 0, 0, 0, 0], [0, 0, 0, 0, 0, 0, 0, 0, 0]], "output": [[4, 7, 8, 4, 7, 8, 4, 7, 8], [7, 6, 3, 7, 6, 3, 7, 6, 3], [2, 1, 5, 2, 1, 5, 2, 1, 5], [4, 7, 8, 4, 7, 8, 4, 7, 8], [7, 6, 3, 7, 6, 3, 7, 6, 3], [2, 1, 5, 2, 1, 5, 2, 1, 5], [4, 7, 8, 4, 7, 8, 4, 7, 8], [7, 6, 3, 7, 6, 3, 7, 6, 3], [2, 1, 5, 2, 1, 5, 2, 1, 5]]}, {"input": [[0, 0, 0, 0, 0, 0, 0, 0, 0], [0, 0, 0, 0, 0, 0, 0, 0, 0], [0, 0, 0, 0, 0, 0, 0, 0, 0], [0, 0, 0, 6, 4, 8, 0, 0, 0], [0, 0, 0, 9, 4, 4, 0, 0, 0], [0, 0, 0, 3, 6, 1, 0, 0, 0], [0, 0, 0, 0, 0, 0, 0, 0, 0], [0, 0, 0, 0, 0, 0, 0, 0, 0], [0, 0, 0, 0, 0, 0, 0, 0, 0]], "output": [[4, 7, 8, 4, 7, 8, 4, 7, 8], [7, 4, 3, 7, 4, 3, 7, 4, 3], [2, 1, 5, 2, 1, 5, 2, 1, 5], [4, 7, 8, 4, 7, 8, 4, 7, 8], [7, 4, 3, 7, 4, 3, 7, 4, 3], [2, 1, 5, 2, 1, 5, 2, 1, 5], [4, 7, 8, 4, 7, 8, 4, 7, 8], [7, 4, 3, 7, 4, 3, 7, 4, 3], [2, 1, 5, 2, 1, 5, 2, 1, 5]]}, {"input": [[0, 0, 0, 0, 0, 0, 0, 0, 0], [0, 0, 0, 0, 0, 0, 0, 0, 0], [0, 0, 0, 0, 0, 0, 0, 0, 0], [0, 0, 0, 5, 6, 8, 0, 0, 0], [0, 0, 0, 4, 4, 4, 0, 0, 0], [0, 0, 0, 6, 7, 9, 0, 0, 0], [0, 0, 0, 0, 0, 0, 0, 0, 0], [0, 0, 0, 0, 0, 0, 0, 0, 0], [0, 0, 0, 0, 0, 0, 0, 0, 0]], "output": [[4, 7, 8, 4, 7, 8, 4, 7, 8], [7, 4, 3, 7, 4, 3, 7, 4, 3], [2, 1, 5, 2, 1, 5, 2, 1, 5], [4, 7, 8, 4, 7, 8, 4, 7, 8], [7, 4, 3, 7, 4, 3, 7, 4, 3], [2, 1, 5, 2, 1, 5, 2, 1, 5], [4, 7, 8, 4, 7, 8, 4, 7, 8], [7, 4, 3, 7, 4, 3, 7, 4, 3], [2, 1, 5, 2, 1, 5, 2, 1, 5]]}, {"input": [[0, 0, 0, 0, 0, 0, 0, 0, 0], [0, 0, 0, 0, 0, 0, 0, 0, 0], [0, 0, 0, 0, 0, 0, 0, 0, 0], [0, 0, 0, 2, 1, 4, 0, 0, 0], [0, 0, 0, 8, 6, 8, 0, 0, 0], [0, 0, 0, 1, 5, 4, 0, 0, 0], [0, 0, 0, 0, 0, 0, 0, 0, 0], [0, 0, 0, 0, 0, 0, 0, 0, 0], [0, 0, 0, 0, 0, 0, 0, 0, 0]], "output": [[4, 7, 8, 4, 7, 8, 4, 7, 8], [7, 6, 3, 7, 6, 3, 7, 6, 3], [2, 1, 5, 2, 1, 5, 2, 1, 5], [4, 7, 8, 4, 7, 8, 4, 7, 8], [7, 6, 3, 7, 6, 3, 7, 6, 3], [2, 1, 5, 2, 1, 5, 2, 1, 5], [4, 7, 8, 4, 7, 8, 4, 7, 8], [7, 6, 3, 7, 6, 3, 7, 6, 3], [2, 1, 5, 2, 1, 5, 2, 1, 5]]}, {"input": [[0, 0, 0, 0, 0, 0, 0, 0, 0], [0, 0, 0, 0, 0, 0, 0, 0, 0], [0, 0, 0, 0, 0, 0, 0, 0, 0], [0, 0, 0, 3, 9, 6, 0, 0, 0], [0, 0, 0, 7, 9, 1, 0, 0, 0], [0, 0, 0, 5, 5, 9, 0, 0, 0], [0, 0, 0, 0, 0, 0, 0, 0, 0], [0, 0, 0, 0, 0, 0, 0, 0, 0], [0, 0, 0, 0, 0, 0, 0, 0, 0]], "output": [[4, 7, 8, 4, 7, 8, 4, 7, 8], [7, 9, 3, 7, 9, 3, 7, 9, 3], [2, 1, 5, 2, 1, 5, 2, 1, 5], [4, 7, 8, 4, 7, 8, 4, 7, 8], [7, 9, 3, 7, 9, 3, 7, 9, 3], [2, 1, 5, 2, 1, 5, 2, 1, 5], [4, 7, 8, 4, 7, 8, 4, 7, 8], [7, 9, 3, 7, 9, 3, 7, 9, 3], [2, 1, 5, 2, 1, 5, 2, 1, 5]]}], "test": [{"input": [[0, 0, 0, 0, 0, 0, 0, 0, 0], [0, 0, 0, 0, 0, 0, 0, 0, 0], [0, 0, 0, 0, 0, 0, 0, 0, 0], [0, 0, 0, 6, 9, 4, 0, 0, 0], [0, 0, 0, 1, 3, 5, 0, 0, 0], [0, 0, 0, 7, 2, 5, 0, 0, 0], [0, 0, 0, 0, 0, 0, 0, 0, 0], [0, 0, 0, 0, 0, 0, 0, 0, 0], [0, 0, 0, 0, 0, 0, 0, 0, 0]], "output": [[4, 7, 8, 4, 7, 8, 4, 7, 8], [7, 3, 3, 7, 3, 3, 7, 3, 3], [2, 1, 5, 2, 1, 5, 2, 1, 5], [4, 7, 8, 4, 7, 8, 4, 7, 8], [7, 3, 3, 7, 3, 3, 7, 3, 3], [2, 1, 5, 2, 1, 5, 2, 1, 5], [4, 7, 8, 4, 7, 8, 4, 7, 8], [7, 3, 3, 7, 3, 3, 7, 3, 3], [2, 1, 5, 2, 1, 5, 2, 1, 5]]}, {"input": [[0, 0, 0, 0, 0, 0, 0, 0, 0], [0, 0, 0, 0, 0, 0, 0, 0, 0], [0, 0, 0, 0, 0, 0, 0, 0, 0], [0, 0, 0, 4, 6, 9, 0, 0, 0], [0, 0, 0, 4, 9, 7, 0, 0, 0], [0, 0, 0, 1, 2, 5, 0, 0, 0], [0, 0, 0, 0, 0, 0, 0, 0, 0], [0, 0, 0, 0, 0, 0, 0, 0, 0], [0, 0, 0, 0, 0, 0, 0, 0, 0]], "output": [[4, 7, 8, 4, 7, 8, 4, 7, 8], [7, 9, 3, 7, 9, 3, 7, 9, 3], [2, 1, 5, 2, 1, 5, 2, 1, 5], [4, 7, 8, 4, 7, 8, 4, 7, 8], [7, 9, 3, 7, 9, 3, 7, 9, 3], [2, 1, 5, 2, 1, 5, 2, 1, 5], [4, 7, 8, 4, 7, 8, 4, 7, 8], [7, 9, 3, 7, 9, 3, 7, 9, 3], [2, 1, 5, 2, 1, 5, 2, 1, 5]]}, {"input": [[0, 0, 0, 0, 0, 0, 0, 0, 0], [0, 0, 0, 0, 0, 0, 0, 0, 0], [0, 0, 0, 0, 0, 0, 0, 0, 0], [0, 0, 0, 6, 7, 8, 0, 0, 0], [0, 0, 0, 2, 4, 5, 0, 0, 0], [0, 0, 0, 5, 6, 4, 0, 0, 0], [0, 0, 0, 0, 0, 0, 0, 0, 0], [0, 0, 0, 0, 0, 0, 0, 0, 0], [0, 0, 0, 0, 0, 0, 0, 0, 0]], "output": [[4, 7, 8, 4, 7, 8, 4, 7, 8], [7, 4, 3, 7, 4, 3, 7, 4, 3], [2, 1, 5, 2, 1, 5, 2, 1, 5], [4, 7, 8, 4, 7, 8, 4, 7, 8], [7, 4, 3, 7, 4, 3, 7, 4, 3], [2, 1, 5, 2, 1, 5, 2, 1, 5], [4, 7, 8, 4, 7, 8, 4, 7, 8], [7, 4, 3, 7, 4, 3, 7, 4, 3], [2, 1, 5, 2, 1, 5, 2, 1, 5]]}]}