{"train": [{"input": [[0, 0, 0, 0, 0, 0, 0, 0, 0, 0, 5, 0, 0, 0, 8, 0, 0], [0, 0, 0, 0, 0, 0, 0, 0, 0, 0, 5, 0, 0, 0, 8, 0, 0], [0, 0, 0, 0, 0, 0, 0, 0, 0, 0, 5, 0, 0, 0, 8, 0, 0], [0, 0, 0, 0, 0, 0, 0, 0, 0, 0, 5, 0, 0, 0, 8, 0, 0], [0, 0, 0, 0, 0, 0, 0, 0, 0, 0, 5, 0, 0, 0, 8, 0, 0], [0, 0, 0, 0, 0, 0, 0, 0, 0, 0, 5, 8, 0, 0, 8, 0, 0], [0, 0, 0, 0, 0, 0, 0, 0, 0, 0, 5, 0, 0, 0, 8, 0, 0], [0, 0, 0, 0, 0, 0, 0, 0, 0, 0, 5, 0, 0, 0, 8, 0, 0], [0, 0, 0, 0, 0, 0, 0, 0, 0, 0, 5, 0, 0, 0, 8, 0, 0], [1, 1, 1, 1, 1, 1, 1, 1, 1, 1, 5, 1, 1, 1, 8, 1, 1], [0, 0, 0, 0, 0, 0, 0, 0, 0, 0, 5, 0, 0, 0, 8, 0, 0], [9, 9, 9, 9, 9, 9, 9, 9, 9, 9, 5, 9, 9, 9, 8, 9, 9], [0, 0, 0, 0, 0, 0, 0, 0, 0, 0, 5, 0, 0, 0, 8, 0, 0]], "output": [[0, 0, 0, 0, 0, 0, 0, 0, 0, 5, 5, 5, 0, 0, 8, 0, 0], [0, 0, 0, 0, 0, 0, 0, 0, 0, 5, 5, 5, 0, 0, 8, 0, 0], [0, 0, 0, 0, 0, 0, 0, 0, 0, 5, 5, 5, 0, 0, 8, 0, 0], [0, 0, 0, 0, 0, 0, 0, 0, 0, 5, 5, 5, 0, 0, 8, 0, 0], [0, 0, 0, 0, 0, 0, 0, 0, 0, 5, 5, 5, 0, 0, 8, 0, 0], [0, 0, 0, 0, 0, 0, 0, 0, 0, 5, 5, 5, 0, 0, 8, 0, 0], [0, 0, 0, 0, 0, 0, 0, 0, 0, 5, 5, 5, 0, 0, 8, 0, 0], [0, 0, 0, 0, 0, 0, 0, 0, 0, 5, 5, 5, 0, 0, 8, 0, 0], [0, 0, 0, 0, 0, 0, 0, 0, 0, 5, 5, 5, 0, 0, 8, 0, 0], [1, 1, 1, 1, 1, 1, 1, 1, 1, 5, 5, 5, 1, 1, 8, 1, 1], [0, 0, 0, 0, 0, 0, 0, 0, 0, 5, 5, 5, 0, 0, 8, 0, 0], [9, 9, 9, 9, 9, 9, 9, 9, 9, 5, 5, 5, 9, 9, 8, 9, 9], [0, 0, 0, 0, 0, 0, 0, 0, 0, 5, 5, 5, 0, 0, 8, 0, 0]]}, {"input": [[0, 0, 8, 0, 0, 2, 0, 0, 0, 0, 0, 0, 0, 0, 0], [6, 6, 8, 6, 6, 2, 6, 6, 6, 6, 6, 6, 6, 6, 6], [0, 0, 8, 0, 0, 2, 0, 0, 0, 0, 0, 0, 0, 0, 0], [0, 0, 8, 0, 0, 2, 0, 0, 0, 0, 0, 0, 0, 0, 0], [0, 0, 8, 0, 0, 2, 0, 0, 0, 0, 0, 0, 0, 0, 0], [0, 0, 8, 0, 0, 2, 0, 0, 0, 0, 0, 0, 0, 0, 0], [5, 5, 8, 5, 5, 2, 5, 5, 5, 5, 5, 5, 5, 5, 5], [0, 0, 8, 0, 0, 2, 0, 0, 0, 0, 0, 0, 0, 0, 0], [0, 0, 8, 0, 0, 2, 0, 0, 0, 0, 0, 0, 0, 0, 0], [0, 0, 8, 0, 0, 2, 0, 0, 0, 0, 0, 0, 0, 0, 0], [0, 0, 8, 0, 0, 2, 0, 0, 0, 7, 0, 0, 0, 0, 0], [0, 0, 8, 0, 0, 2, 0, 0, 0, 0, 0, 0, 0, 0, 0]], "output": [[0, 8, 8, 8, 0, 2, 0, 0, 0, 0, 0, 0, 0, 0, 0], [6, 8, 8, 8, 6, 2, 6, 6, 6, 6, 6, 6, 6, 6, 6], [0, 8, 8, 8, 0, 2, 0, 0, 0, 0, 0, 0, 0, 0, 0], [0, 8, 8, 8, 0, 2, 0, 0, 0, 0, 0, 0, 0, 0, 0], [0, 8, 8, 8, 0, 2, 0, 0, 0, 0, 0, 0, 0, 0, 0], [0, 8, 8, 8, 0, 2, 0, 0, 0, 0, 0, 0, 0, 0, 0], [5, 8, 8, 8, 5, 2, 5, 5, 5, 5, 5, 5, 5, 5, 5], [0, 8, 8, 8, 0, 2, 0, 0, 0, 0, 0, 0, 0, 0, 0], [0, 8, 8, 8, 0, 2, 0, 0, 0, 0, 0, 0, 0, 0, 0], [0, 8, 8, 8, 0, 2, 0, 0, 0, 0, 0, 0, 0, 0, 0], [0, 8, 8, 8, 0, 2, 0, 0, 0, 7, 0, 0, 0, 0, 0], [0, 8, 8, 8, 0, 2, 0, 0, 0, 0, 0, 0, 0, 0, 0]]}, {"input": [[0, 6, 0, 0, 0, 0, 0, 2, 0, 0, 0, 0, 0, 0, 0, 0], [0, 6, 0, 0, 0, 0, 0, 2, 0, 0, 0, 0, 0, 0, 0, 0], [0, 6, 0, 0, 0, 0, 0, 2, 0, 0, 0, 0, 0, 0, 0, 0], [9, 6, 9, 9, 9, 9, 9, 2, 9, 9, 9, 9, 9, 9, 9, 9], [0, 6, 0, 0, 0, 0, 0, 2, 0, 0, 0, 0, 0, 0, 0, 0], [0, 6, 0, 0, 0, 0, 0, 2, 0, 0, 0, 0, 0, 0, 0, 0], [0, 6, 0, 0, 0, 0, 0, 8, 0, 0, 0, 0, 0, 0, 0, 0], [0, 6, 0, 0, 0, 0, 0, 2, 0, 0, 0, 0, 0, 0, 0, 0], [0, 6, 0, 0, 0, 0, 0, 2, 0, 0, 0, 0, 0, 0, 0, 0], [0, 6, 0, 0, 0, 0, 0, 2, 0, 0, 0, 0, 0, 0, 0, 0], [8, 6, 8, 8, 8, 8, 8, 2, 8, 8, 8, 8, 8, 8, 8, 8], [0, 6, 0, 0, 0, 0, 0, 2, 0, 0, 0, 0, 0, 0, 0, 0]], "output": [[6, 6, 6, 0, 0, 0, 0, 2, 0, 0, 0, 0, 0, 0, 0, 0], [6, 6, 6, 0, 0, 0, 0, 2, 0, 0, 0, 0, 0, 0, 0, 0], [6, 6, 6, 0, 0, 0, 0, 2, 0, 0, 0, 0, 0, 0, 0, 0], [6, 6, 6, 9, 9, 9, 9, 2, 9, 9, 9, 9, 9, 9, 9, 9], [6, 6, 6, 0, 0, 0, 0, 2, 0, 0, 0, 0, 0, 0, 0, 0], [6, 6, 6, 0, 0, 0, 0, 2, 0, 0, 0, 0, 0, 0, 0, 0], [6, 6, 6, 0, 0, 0, 0, 8, 0, 0, 0, 0, 0, 0, 0, 0], [6, 6, 6, 0, 0, 0, 0, 2, 0, 0, 0, 0, 0, 0, 0, 0], [6, 6, 6, 0, 0, 0, 0, 2, 0, 0, 0, 0, 0, 0, 0, 0], [6, 6, 6, 0, 0, 0, 0, 2, 0, 0, 0, 0, 0, 0, 0, 0], [6, 6, 6, 8, 8, 8, 8, 2, 8, 8, 8, 8, 8, 8, 8, 8], [6, 6, 6, 0, 0, 0, 0, 2, 0, 0, 0, 0, 0, 0, 0, 0]]}, {"input": [[0, 7, 0, 0, 0, 0, 0, 0, 0, 1, 0, 0, 0, 0], [0, 7, 0, 0, 0, 0, 0, 0, 0, 1, 0, 0, 0, 0], [0, 7, 0, 0, 0, 0, 0, 0, 0, 1, 0, 0, 0, 0], [0, 7, 0, 0, 0, 0, 0, 0, 0, 1, 0, 0, 0, 0], [0, 7, 0, 0, 0, 0, 0, 0, 0, 1, 0, 0, 0, 0], [0, 7, 0, 0, 0, 0, 6, 0, 0, 1, 0, 0, 0, 0], [0, 7, 0, 0, 0, 0, 0, 0, 0, 1, 0, 0, 0, 0], [0, 7, 0, 0, 0, 0, 0, 0, 0, 1, 0, 0, 0, 0], [0, 7, 0, 0, 0, 0, 0, 0, 0, 1, 0, 0, 0, 0], [0, 7, 0, 0, 0, 0, 0, 0, 0, 1, 0, 0, 0, 0], [0, 7, 0, 0, 0, 0, 0, 0, 0, 1, 0, 0, 0, 0], [9, 7, 9, 9, 9, 9, 9, 9, 9, 1, 9, 9, 9, 9], [4, 7, 4, 4, 4, 4, 4, 4, 4, 1, 4, 4, 4, 4], [0, 7, 0, 0, 0, 0, 0, 0, 0, 1, 0, 0, 0, 0]], "output": [[7, 7, 7, 0, 0, 0, 0, 0, 0, 1, 0, 0, 0, 0], [7, 7, 7, 0, 0, 0, 0, 0, 0, 1, 0, 0, 0, 0], [7, 7, 7, 0, 0, 0, 0, 0, 0, 1, 0, 0, 0, 0], [7, 7, 7, 0, 0, 0, 0, 0, 0, 1, 0, 0, 0, 0], [7, 7, 7, 0, 0, 0, 0, 0, 0, 1, 0, 0, 0, 0], [7, 7, 7, 0, 0, 0, 6, 0, 0, 1, 0, 0, 0, 0], [7, 7, 7, 0, 0, 0, 0, 0, 0, 1, 0, 0, 0, 0], [7, 7, 7, 0, 0, 0, 0, 0, 0, 1, 0, 0, 0, 0], [7, 7, 7, 0, 0, 0, 0, 0, 0, 1, 0, 0, 0, 0], [7, 7, 7, 0, 0, 0, 0, 0, 0, 1, 0, 0, 0, 0], [7, 7, 7, 0, 0, 0, 0, 0, 0, 1, 0, 0, 0, 0], [7, 7, 7, 9, 9, 9, 9, 9, 9, 1, 9, 9, 9, 9], [7, 7, 7, 4, 4, 4, 4, 4, 4, 1, 4, 4, 4, 4], [7, 7, 7, 0, 0, 0, 0, 0, 0, 1, 0, 0, 0, 0]]}, {"input": [[0, 0, 3, 0, 0, 0, 2, 0, 0, 0, 0, 0, 0, 0], [0, 0, 3, 0, 0, 0, 2, 0, 0, 0, 0, 0, 0, 0], [0, 0, 3, 0, 0, 0, 2, 0, 0, 0, 0, 0, 0, 0], [0, 0, 3, 0, 0, 0, 2, 0, 0, 0, 0, 0, 0, 0], [0, 0, 3, 0, 0, 0, 2, 0, 0, 0, 0, 0, 0, 0], [0, 0, 3, 0, 0, 0, 2, 0, 0, 0, 0, 0, 0, 0], [0, 0, 3, 0, 0, 0, 2, 0, 0, 0, 0, 0, 0, 0], [0, 0, 3, 0, 0, 0, 2, 0, 0, 0, 0, 0, 0, 0], [0, 0, 3, 0, 0, 0, 2, 0, 0, 0, 0, 0, 0, 0], [0, 0, 3, 0, 0, 0, 2, 0, 0, 0, 0, 0, 0, 0], [0, 0, 3, 0, 0, 0, 2, 0, 0, 0, 0, 0, 0, 0], [0, 0, 3, 0, 0, 0, 2, 0, 0, 0, 0, 0, 0, 0], [0, 0, 3, 0, 0, 0, 2, 5, 0, 0, 0, 0, 0, 0], [0, 0, 3, 0, 0, 0, 2, 0, 0, 0, 0, 0, 0, 0], [7, 7, 3, 7, 7, 7, 2, 7, 7, 7, 7, 7, 7, 7], [0, 0, 3, 0, 0, 0, 2, 0, 0, 0, 0, 0, 0, 0], [0, 0, 3, 0, 0, 0, 2, 0, 0, 0, 0, 0, 0, 0]], "output": [[0, 3, 3, 3, 0, 0, 2, 0, 0, 0, 0, 0, 0, 0], [0, 3, 3, 3, 0, 0, 2, 0, 0, 0, 0, 0, 0, 0], [0, 3, 3, 3, 0, 0, 2, 0, 0, 0, 0, 0, 0, 0], [0, 3, 3, 3, 0, 0, 2, 0, 0, 0, 0, 0, 0, 0], [0, 3, 3, 3, 0, 0, 2, 0, 0, 0, 0, 0, 0, 0], [0, 3, 3, 3, 0, 0, 2, 0, 0, 0, 0, 0, 0, 0], [0, 3, 3, 3, 0, 0, 2, 0, 0, 0, 0, 0, 0, 0], [0, 3, 3, 3, 0, 0, 2, 0, 0, 0, 0, 0, 0, 0], [0, 3, 3, 3, 0, 0, 2, 0, 0, 0, 0, 0, 0, 0], [0, 3, 3, 3, 0, 0, 2, 0, 0, 0, 0, 0, 0, 0], [0, 3, 3, 3, 0, 0, 2, 0, 0, 0, 0, 0, 0, 0], [0, 3, 3, 3, 0, 0, 2, 0, 0, 0, 0, 0, 0, 0], [0, 3, 3, 3, 0, 0, 2, 5, 0, 0, 0, 0, 0, 0], [0, 3, 3, 3, 0, 0, 2, 0, 0, 0, 0, 0, 0, 0], [7, 3, 3, 3, 7, 7, 2, 7, 7, 7, 7, 7, 7, 7], [0, 3, 3, 3, 0, 0, 2, 0, 0, 0, 0, 0, 0, 0], [0, 3, 3, 3, 0, 0, 2, 0, 0, 0, 0, 0, 0, 0]]}, {"input": [[0, 0, 0, 0, 0, 0, 0, 0, 0, 0, 0, 7, 9, 0, 0], [0, 0, 0, 0, 0, 0, 0, 0, 0, 0, 0, 7, 9, 0, 0], [8, 8, 8, 8, 8, 8, 8, 8, 8, 8, 8, 7, 9, 8, 8], [0, 0, 0, 0, 0, 0, 0, 0, 0, 0, 0, 7, 9, 0, 0], [0, 0, 0, 0, 0, 0, 0, 0, 0, 0, 0, 7, 9, 0, 0], [0, 0, 0, 0, 0, 0, 0, 0, 0, 0, 0, 7, 9, 0, 0], [0, 0, 0, 0, 0, 0, 0, 0, 0, 0, 0, 7, 9, 0, 0], [0, 0, 0, 0, 0, 0, 0, 0, 0, 0, 0, 7, 9, 0, 0], [0, 0, 0, 0, 0, 0, 0, 0, 0, 0, 0, 7, 9, 0, 0], [0, 0, 0, 0, 0, 0, 0, 0, 0, 0, 0, 7, 9, 0, 0], [0, 0, 0, 0, 0, 0, 0, 0, 0, 0, 0, 7, 9, 0, 0], [0, 0, 0, 0, 0, 0, 0, 0, 0, 0, 0, 7, 9, 0, 0], [0, 0, 0, 0, 0, 0, 0, 0, 0, 0, 0, 7, 9, 0, 0], [0, 0, 0, 0, 0, 0, 5, 0, 0, 0, 0, 7, 9, 0, 0], [0, 0, 0, 0, 0, 0, 0, 0, 0, 0, 0, 7, 9, 0, 0], [0, 0, 0, 0, 0, 0, 0, 0, 0, 0, 0, 7, 9, 0, 0], [0, 0, 0, 0, 0, 0, 0, 0, 0, 0, 0, 7, 9, 0, 0], [5, 5, 5, 5, 5, 5, 5, 5, 5, 5, 5, 7, 9, 5, 5], [0, 0, 0, 0, 0, 0, 0, 0, 0, 0, 0, 7, 9, 0, 0]], "output": [[0, 0, 0, 0, 0, 0, 0, 0, 0, 0, 7, 7, 7, 0, 0], [0, 0, 0, 0, 0, 0, 0, 0, 0, 0, 7, 7, 7, 0, 0], [8, 8, 8, 8, 8, 8, 8, 8, 8, 8, 7, 7, 7, 8, 8], [0, 0, 0, 0, 0, 0, 0, 0, 0, 0, 7, 7, 7, 0, 0], [0, 0, 0, 0, 0, 0, 0, 0, 0, 0, 7, 7, 7, 0, 0], [0, 0, 0, 0, 0, 0, 0, 0, 0, 0, 7, 7, 7, 0, 0], [0, 0, 0, 0, 0, 0, 0, 0, 0, 0, 7, 7, 7, 0, 0], [0, 0, 0, 0, 0, 0, 0, 0, 0, 0, 7, 7, 7, 0, 0], [0, 0, 0, 0, 0, 0, 0, 0, 0, 0, 7, 7, 7, 0, 0], [0, 0, 0, 0, 0, 0, 0, 0, 0, 0, 7, 7, 7, 0, 0], [0, 0, 0, 0, 0, 0, 0, 0, 0, 0, 7, 7, 7, 0, 0], [0, 0, 0, 0, 0, 0, 0, 0, 0, 0, 7, 7, 7, 0, 0], [0, 0, 0, 0, 0, 0, 0, 0, 0, 0, 7, 7, 7, 0, 0], [0, 0, 0, 0, 0, 0, 5, 0, 0, 0, 7, 7, 7, 0, 0], [0, 0, 0, 0, 0, 0, 0, 0, 0, 0, 7, 7, 7, 0, 0], [0, 0, 0, 0, 0, 0, 0, 0, 0, 0, 7, 7, 7, 0, 0], [0, 0, 0, 0, 0, 0, 0, 0, 0, 0, 7, 7, 7, 0, 0], [5, 5, 5, 5, 5, 5, 5, 5, 5, 5, 7, 7, 7, 5, 5], [0, 0, 0, 0, 0, 0, 0, 0, 0, 0, 7, 7, 7, 0, 0]]}, {"input": [[0, 0, 0, 0, 2, 5, 0, 0, 0, 0, 0, 0, 0, 0, 0, 0], [0, 0, 0, 0, 2, 5, 0, 0, 0, 0, 0, 0, 0, 0, 0, 0], [0, 0, 0, 0, 2, 5, 0, 0, 0, 0, 0, 0, 0, 0, 0, 0], [0, 0, 0, 0, 2, 5, 0, 0, 0, 0, 0, 0, 0, 0, 0, 0], [8, 8, 8, 8, 2, 5, 8, 8, 8, 8, 8, 8, 8, 6, 8, 8], [0, 0, 0, 0, 2, 5, 0, 0, 0, 0, 0, 0, 0, 0, 0, 0], [0, 0, 0, 0, 2, 5, 0, 0, 0, 0, 0, 0, 0, 0, 0, 0], [0, 0, 0, 0, 2, 5, 0, 0, 0, 0, 0, 0, 0, 0, 0, 0], [4, 4, 4, 4, 2, 5, 4, 4, 4, 4, 4, 4, 4, 4, 4, 4], [0, 0, 0, 0, 2, 5, 0, 0, 0, 0, 0, 0, 0, 0, 0, 0], [0, 0, 0, 0, 2, 5, 0, 0, 0, 0, 0, 0, 0, 0, 0, 0]], "output": [[0, 0, 0, 2, 2, 2, 0, 0, 0, 0, 0, 0, 0, 0, 0, 0], [0, 0, 0, 2, 2, 2, 0, 0, 0, 0, 0, 0, 0, 0, 0, 0], [0, 0, 0, 2, 2, 2, 0, 0, 0, 0, 0, 0, 0, 0, 0, 0], [0, 0, 0, 2, 2, 2, 0, 0, 0, 0, 0, 0, 0, 0, 0, 0], [8, 8, 8, 2, 2, 2, 8, 8, 8, 8, 8, 8, 8, 6, 8, 8], [0, 0, 0, 2, 2, 2, 0, 0, 0, 0, 0, 0, 0, 0, 0, 0], [0, 0, 0, 2, 2, 2, 0, 0, 0, 0, 0, 0, 0, 0, 0, 0], [0, 0, 0, 2, 2, 2, 0, 0, 0, 0, 0, 0, 0, 0, 0, 0], [4, 4, 4, 2, 2, 2, 4, 4, 4, 4, 4, 4, 4, 4, 4, 4], [0, 0, 0, 2, 2, 2, 0, 0, 0, 0, 0, 0, 0, 0, 0, 0], [0, 0, 0, 2, 2, 2, 0, 0, 0, 0, 0, 0, 0, 0, 0, 0]]}, {"input": [[0, 2, 0, 0, 1, 0, 0, 0, 0, 0, 0, 0, 0, 0, 0, 0, 0, 0], [0, 2, 0, 0, 1, 0, 0, 0, 0, 0, 0, 0, 0, 0, 0, 0, 0, 0], [0, 2, 0, 0, 1, 0, 0, 0, 0, 0, 0, 0, 0, 0, 0, 0, 0, 0], [0, 2, 0, 0, 1, 0, 0, 0, 0, 0, 0, 0, 0, 0, 0, 0, 0, 0], [0, 2, 0, 0, 1, 0, 0, 0, 0, 0, 0, 0, 0, 0, 0, 0, 0, 0], [0, 2, 0, 0, 1, 0, 0, 0, 0, 0, 0, 0, 0, 0, 0, 0, 0, 0], [0, 2, 0, 0, 1, 0, 0, 0, 0, 0, 0, 0, 0, 0, 0, 0, 0, 0], [0, 2, 0, 0, 1, 0, 0, 0, 0, 0, 0, 0, 0, 0, 0, 0, 0, 0], [0, 2, 0, 0, 1, 0, 0, 0, 0, 0, 0, 0, 0, 0, 0, 0, 0, 0], [3, 2, 3, 3, 1, 3, 3, 3, 3, 3, 3, 3, 3, 3, 3, 3, 3, 3], [0, 2, 0, 0, 1, 0, 0, 0, 0, 0, 0, 0, 0, 0, 0, 0, 0, 0], [0, 2, 0, 0, 1, 0, 0, 0, 0, 0, 0, 0, 0, 0, 0, 0, 0, 0], [0, 2, 0, 0, 1, 0, 0, 0, 0, 0, 0, 0, 0, 0, 0, 0, 0, 0], [9, 2, 9, 9, 1, 9, 9, 9, 9, 9, 9, 9, 9, 9, 9, 9, 9, 9], [0, 2, 0, 0, 1, 0, 0, 0, 0, 0, 0, 0, 0, 0, 0, 0, 0, 0], [0, 2, 0, 0, 1, 0, 0, 0, 0, 0, 0, 0, 0, 0, 0, 0, 0, 0], [0, 3, 0, 0, 1, 0, 0, 0, 0, 0, 0, 0, 0, 0, 0, 0, 0, 0], [0, 2, 0, 0, 1, 0, 0, 0, 0, 0, 0, 0, 0, 0, 0, 0, 0, 0]], "output": [[2, 2, 2, 0, 1, 0, 0, 0, 0, 0, 0, 0, 0, 0, 0, 0, 0, 0], [2, 2, 2, 0, 1, 0, 0, 0, 0, 0, 0, 0, 0, 0, 0, 0, 0, 0], [2, 2, 2, 0, 1, 0, 0, 0, 0, 0, 0, 0, 0, 0, 0, 0, 0, 0], [2, 2, 2, 0, 1, 0, 0, 0, 0, 0, 0, 0, 0, 0, 0, 0, 0, 0], [2, 2, 2, 0, 1, 0, 0, 0, 0, 0, 0, 0, 0, 0, 0, 0, 0, 0], [2, 2, 2, 0, 1, 0, 0, 0, 0, 0, 0, 0, 0, 0, 0, 0, 0, 0], [2, 2, 2, 0, 1, 0, 0, 0, 0, 0, 0, 0, 0, 0, 0, 0, 0, 0], [2, 2, 2, 0, 1, 0, 0, 0, 0, 0, 0, 0, 0, 0, 0, 0, 0, 0], [2, 2, 2, 0, 1, 0, 0, 0, 0, 0, 0, 0, 0, 0, 0, 0, 0, 0], [2, 2, 2, 3, 1, 3, 3, 3, 3, 3, 3, 3, 3, 3, 3, 3, 3, 3], [2, 2, 2, 0, 1, 0, 0, 0, 0, 0, 0, 0, 0, 0, 0, 0, 0, 0], [2, 2, 2, 0, 1, 0, 0, 0, 0, 0, 0, 0, 0, 0, 0, 0, 0, 0], [2, 2, 2, 0, 1, 0, 0, 0, 0, 0, 0, 0, 0, 0, 0, 0, 0, 0], [2, 2, 2, 9, 1, 9, 9, 9, 9, 9, 9, 9, 9, 9, 9, 9, 9, 9], [2, 2, 2, 0, 1, 0, 0, 0, 0, 0, 0, 0, 0, 0, 0, 0, 0, 0], [2, 2, 2, 0, 1, 0, 0, 0, 0, 0, 0, 0, 0, 0, 0, 0, 0, 0], [2, 3, 2, 0, 1, 0, 0, 0, 0, 0, 0, 0, 0, 0, 0, 0, 0, 0], [2, 2, 2, 0, 1, 0, 0, 0, 0, 0, 0, 0, 0, 0, 0, 0, 0, 0]]}, {"input": [[0, 0, 0, 0, 4, 0, 7, 0, 0, 0, 0, 0], [0, 0, 0, 0, 4, 0, 7, 0, 0, 0, 0, 0], [0, 0, 0, 0, 4, 0, 7, 0, 0, 0, 0, 0], [0, 0, 0, 0, 4, 0, 7, 0, 0, 0, 0, 0], [9, 9, 9, 9, 4, 9, 7, 9, 9, 9, 9, 9], [0, 0, 0, 0, 4, 0, 7, 0, 0, 0, 0, 0], [0, 0, 0, 0, 4, 0, 7, 0, 0, 0, 0, 0], [0, 0, 0, 0, 4, 0, 7, 0, 0, 0, 0, 0], [8, 8, 8, 8, 4, 8, 7, 8, 8, 8, 8, 8], [0, 0, 0, 0, 4, 0, 7, 0, 0, 0, 2, 0], [0, 0, 0, 0, 4, 0, 7, 0, 0, 0, 0, 0], [0, 0, 0, 0, 4, 0, 7, 0, 0, 0, 0, 0], [0, 0, 0, 0, 4, 0, 7, 0, 0, 0, 0, 0], [0, 0, 0, 0, 4, 0, 7, 0, 0, 0, 0, 0], [0, 0, 0, 0, 4, 0, 7, 0, 0, 0, 0, 0]], "output": [[0, 0, 0, 4, 4, 4, 7, 0, 0, 0, 0, 0], [0, 0, 0, 4, 4, 4, 7, 0, 0, 0, 0, 0], [0, 0, 0, 4, 4, 4, 7, 0, 0, 0, 0, 0], [0, 0, 0, 4, 4, 4, 7, 0, 0, 0, 0, 0], [9, 9, 9, 4, 4, 4, 7, 9, 9, 9, 9, 9], [0, 0, 0, 4, 4, 4, 7, 0, 0, 0, 0, 0], [0, 0, 0, 4, 4, 4, 7, 0, 0, 0, 0, 0], [0, 0, 0, 4, 4, 4, 7, 0, 0, 0, 0, 0], [8, 8, 8, 4, 4, 4, 7, 8, 8, 8, 8, 8], [0, 0, 0, 4, 4, 4, 7, 0, 0, 0, 2, 0], [0, 0, 0, 4, 4, 4, 7, 0, 0, 0, 0, 0], [0, 0, 0, 4, 4, 4, 7, 0, 0, 0, 0, 0], [0, 0, 0, 4, 4, 4, 7, 0, 0, 0, 0, 0], [0, 0, 0, 4, 4, 4, 7, 0, 0, 0, 0, 0], [0, 0, 0, 4, 4, 4, 7, 0, 0, 0, 0, 0]]}, {"input": [[0, 0, 0, 5, 0, 0, 4, 0, 0, 0, 0], [9, 9, 9, 5, 9, 9, 4, 9, 9, 9, 9], [0, 0, 0, 5, 0, 0, 4, 0, 0, 0, 0], [0, 0, 0, 5, 0, 0, 4, 0, 0, 0, 0], [0, 0, 0, 5, 0, 0, 4, 0, 0, 0, 0], [0, 0, 0, 5, 0, 0, 4, 0, 0, 0, 0], [0, 0, 0, 5, 0, 0, 4, 0, 0, 0, 0], [0, 0, 0, 5, 0, 0, 4, 0, 0, 0, 0], [1, 1, 1, 5, 1, 1, 4, 1, 1, 1, 1], [0, 0, 0, 5, 0, 0, 4, 0, 0, 0, 0], [0, 0, 0, 5, 0, 0, 4, 0, 0, 3, 0], [0, 0, 0, 5, 0, 0, 4, 0, 0, 0, 0], [0, 0, 0, 5, 0, 0, 4, 0, 0, 0, 0], [0, 0, 0, 5, 0, 0, 4, 0, 0, 0, 0]], "output": [[0, 0, 5, 5, 5, 0, 4, 0, 0, 0, 0], [9, 9, 5, 5, 5, 9, 4, 9, 9, 9, 9], [0, 0, 5, 5, 5, 0, 4, 0, 0, 0, 0], [0, 0, 5, 5, 5, 0, 4, 0, 0, 0, 0], [0, 0, 5, 5, 5, 0, 4, 0, 0, 0, 0], [0, 0, 5, 5, 5, 0, 4, 0, 0, 0, 0], [0, 0, 5, 5, 5, 0, 4, 0, 0, 0, 0], [0, 0, 5, 5, 5, 0, 4, 0, 0, 0, 0], [1, 1, 5, 5, 5, 1, 4, 1, 1, 1, 1], [0, 0, 5, 5, 5, 0, 4, 0, 0, 0, 0], [0, 0, 5, 5, 5, 0, 4, 0, 0, 3, 0], [0, 0, 5, 5, 5, 0, 4, 0, 0, 0, 0], [0, 0, 5, 5, 5, 0, 4, 0, 0, 0, 0], [0, 0, 5, 5, 5, 0, 4, 0, 0, 0, 0]]}, {"input": [[0, 0, 0, 2, 0, 0, 8, 0, 0, 0, 0], [0, 0, 0, 2, 0, 0, 8, 0, 0, 0, 0], [0, 0, 0, 2, 0, 0, 8, 0, 0, 0, 0], [0, 0, 0, 2, 0, 0, 8, 0, 0, 0, 0], [0, 0, 0, 2, 0, 0, 8, 0, 0, 0, 0], [0, 0, 0, 2, 0, 0, 8, 0, 0, 0, 0], [0, 0, 0, 2, 0, 0, 8, 0, 0, 0, 0], [0, 0, 0, 2, 0, 0, 8, 4, 0, 0, 0], [0, 0, 0, 2, 0, 0, 8, 0, 0, 0, 0], [0, 0, 0, 2, 0, 0, 8, 0, 0, 0, 0], [0, 0, 0, 2, 0, 0, 8, 0, 0, 0, 0], [6, 6, 6, 2, 6, 6, 8, 6, 6, 6, 6], [0, 0, 0, 2, 0, 0, 8, 0, 0, 0, 0], [0, 0, 0, 2, 0, 0, 8, 0, 0, 0, 0], [0, 0, 0, 2, 0, 0, 8, 0, 0, 0, 0], [0, 0, 0, 2, 0, 0, 8, 0, 0, 0, 0], [3, 3, 3, 2, 3, 3, 8, 3, 3, 3, 3], [0, 0, 0, 2, 0, 0, 8, 0, 0, 0, 0], [0, 0, 0, 2, 0, 0, 8, 0, 0, 0, 0]], "output": [[0, 0, 2, 2, 2, 0, 8, 0, 0, 0, 0], [0, 0, 2, 2, 2, 0, 8, 0, 0, 0, 0], [0, 0, 2, 2, 2, 0, 8, 0, 0, 0, 0], [0, 0, 2, 2, 2, 0, 8, 0, 0, 0, 0], [0, 0, 2, 2, 2, 0, 8, 0, 0, 0, 0], [0, 0, 2, 2, 2, 0, 8, 0, 0, 0, 0], [0, 0, 2, 2, 2, 0, 8, 0, 0, 0, 0], [0, 0, 2, 2, 2, 0, 8, 4, 0, 0, 0], [0, 0, 2, 2, 2, 0, 8, 0, 0, 0, 0], [0, 0, 2, 2, 2, 0, 8, 0, 0, 0, 0], [0, 0, 2, 2, 2, 0, 8, 0, 0, 0, 0], [6, 6, 2, 2, 2, 6, 8, 6, 6, 6, 6], [0, 0, 2, 2, 2, 0, 8, 0, 0, 0, 0], [0, 0, 2, 2, 2, 0, 8, 0, 0, 0, 0], [0, 0, 2, 2, 2, 0, 8, 0, 0, 0, 0], [0, 0, 2, 2, 2, 0, 8, 0, 0, 0, 0], [3, 3, 2, 2, 2, 3, 8, 3, 3, 3, 3], [0, 0, 2, 2, 2, 0, 8, 0, 0, 0, 0], [0, 0, 2, 2, 2, 0, 8, 0, 0, 0, 0]]}, {"input": [[0, 0, 0, 5, 0, 0, 0, 0, 0, 0, 0, 0, 0, 9, 0, 0, 0, 0, 0], [0, 0, 0, 5, 0, 0, 0, 0, 0, 0, 0, 0, 0, 9, 0, 0, 0, 0, 0], [0, 0, 0, 5, 0, 0, 0, 0, 0, 0, 0, 0, 0, 9, 0, 0, 0, 0, 0], [6, 6, 6, 5, 6, 6, 6, 6, 6, 6, 6, 6, 6, 9, 6, 6, 6, 6, 6], [0, 0, 0, 5, 0, 0, 0, 0, 0, 0, 0, 0, 0, 9, 0, 0, 0, 0, 0], [0, 0, 0, 5, 0, 0, 0, 0, 0, 0, 0, 0, 0, 9, 3, 0, 0, 0, 0], [0, 0, 0, 5, 0, 0, 0, 0, 0, 0, 0, 0, 0, 9, 0, 0, 0, 0, 0], [0, 0, 0, 5, 0, 0, 0, 0, 0, 0, 0, 0, 0, 9, 0, 0, 0, 0, 0], [0, 0, 0, 5, 0, 0, 0, 0, 0, 0, 0, 0, 0, 9, 0, 0, 0, 0, 0], [7, 7, 7, 5, 7, 7, 7, 7, 7, 7, 7, 7, 7, 9, 7, 7, 7, 7, 7], [0, 0, 0, 5, 0, 0, 0, 0, 0, 0, 0, 0, 0, 9, 0, 0, 0, 0, 0]], "output": [[0, 0, 5, 5, 5, 0, 0, 0, 0, 0, 0, 0, 0, 9, 0, 0, 0, 0, 0], [0, 0, 5, 5, 5, 0, 0, 0, 0, 0, 0, 0, 0, 9, 0, 0, 0, 0, 0], [0, 0, 5, 5, 5, 0, 0, 0, 0, 0, 0, 0, 0, 9, 0, 0, 0, 0, 0], [6, 6, 5, 5, 5, 6, 6, 6, 6, 6, 6, 6, 6, 9, 6, 6, 6, 6, 6], [0, 0, 5, 5, 5, 0, 0, 0, 0, 0, 0, 0, 0, 9, 0, 0, 0, 0, 0], [0, 0, 5, 5, 5, 0, 0, 0, 0, 0, 0, 0, 0, 9, 3, 0, 0, 0, 0], [0, 0, 5, 5, 5, 0, 0, 0, 0, 0, 0, 0, 0, 9, 0, 0, 0, 0, 0], [0, 0, 5, 5, 5, 0, 0, 0, 0, 0, 0, 0, 0, 9, 0, 0, 0, 0, 0], [0, 0, 5, 5, 5, 0, 0, 0, 0, 0, 0, 0, 0, 9, 0, 0, 0, 0, 0], [7, 7, 5, 5, 5, 7, 7, 7, 7, 7, 7, 7, 7, 9, 7, 7, 7, 7, 7], [0, 0, 5, 5, 5, 0, 0, 0, 0, 0, 0, 0, 0, 9, 0, 0, 0, 0, 0]]}, {"input": [[0, 0, 0, 0, 0, 0, 0, 0, 3, 9, 0, 0], [6, 6, 6, 6, 6, 6, 6, 6, 3, 9, 6, 6], [0, 0, 0, 0, 0, 0, 0, 0, 3, 9, 0, 0], [0, 0, 0, 0, 0, 0, 0, 0, 3, 9, 0, 0], [0, 0, 0, 0, 0, 0, 0, 0, 3, 9, 0, 0], [0, 0, 0, 0, 0, 0, 0, 0, 3, 9, 0, 0], [0, 0, 0, 0, 0, 0, 0, 0, 3, 9, 0, 0], [2, 2, 2, 8, 2, 2, 2, 2, 3, 9, 2, 2], [0, 0, 0, 0, 0, 0, 0, 0, 3, 9, 0, 0], [0, 0, 0, 0, 0, 0, 0, 0, 3, 9, 0, 0]], "output": [[0, 0, 0, 0, 0, 0, 0, 3, 3, 3, 0, 0], [6, 6, 6, 6, 6, 6, 6, 3, 3, 3, 6, 6], [0, 0, 0, 0, 0, 0, 0, 3, 3, 3, 0, 0], [0, 0, 0, 0, 0, 0, 0, 3, 3, 3, 0, 0], [0, 0, 0, 0, 0, 0, 0, 3, 3, 3, 0, 0], [0, 0, 0, 0, 0, 0, 0, 3, 3, 3, 0, 0], [0, 0, 0, 0, 0, 0, 0, 3, 3, 3, 0, 0], [2, 2, 2, 8, 2, 2, 2, 3, 3, 3, 2, 2], [0, 0, 0, 0, 0, 0, 0, 3, 3, 3, 0, 0], [0, 0, 0, 0, 0, 0, 0, 3, 3, 3, 0, 0]]}, {"input": [[0, 0, 0, 0, 6, 0, 8, 0, 0, 0, 0], [0, 0, 0, 0, 6, 0, 8, 0, 0, 0, 0], [0, 0, 0, 0, 6, 0, 8, 0, 0, 0, 0], [0, 0, 0, 0, 6, 0, 8, 0, 0, 0, 0], [2, 2, 2, 2, 6, 2, 8, 2, 2, 2, 2], [0, 0, 0, 0, 6, 0, 8, 0, 0, 0, 0], [1, 1, 1, 1, 6, 1, 8, 1, 1, 1, 1], [0, 0, 0, 0, 6, 0, 8, 0, 0, 0, 0], [0, 0, 0, 0, 6, 0, 8, 0, 0, 0, 0], [0, 0, 0, 0, 6, 0, 8, 0, 0, 0, 0], [0, 0, 0, 0, 6, 0, 8, 0, 0, 5, 0], [0, 0, 0, 0, 6, 0, 8, 0, 0, 0, 0], [0, 0, 0, 0, 6, 0, 8, 0, 0, 0, 0], [0, 0, 0, 0, 6, 0, 8, 0, 0, 0, 0], [0, 0, 0, 0, 6, 0, 8, 0, 0, 0, 0], [0, 0, 0, 0, 6, 0, 8, 0, 0, 0, 0], [0, 0, 0, 0, 6, 0, 8, 0, 0, 0, 0], [0, 0, 0, 0, 6, 0, 8, 0, 0, 0, 0], [0, 0, 0, 0, 6, 0, 8, 0, 0, 0, 0]], "output": [[0, 0, 0, 6, 6, 6, 8, 0, 0, 0, 0], [0, 0, 0, 6, 6, 6, 8, 0, 0, 0, 0], [0, 0, 0, 6, 6, 6, 8, 0, 0, 0, 0], [0, 0, 0, 6, 6, 6, 8, 0, 0, 0, 0], [2, 2, 2, 6, 6, 6, 8, 2, 2, 2, 2], [0, 0, 0, 6, 6, 6, 8, 0, 0, 0, 0], [1, 1, 1, 6, 6, 6, 8, 1, 1, 1, 1], [0, 0, 0, 6, 6, 6, 8, 0, 0, 0, 0], [0, 0, 0, 6, 6, 6, 8, 0, 0, 0, 0], [0, 0, 0, 6, 6, 6, 8, 0, 0, 0, 0], [0, 0, 0, 6, 6, 6, 8, 0, 0, 5, 0], [0, 0, 0, 6, 6, 6, 8, 0, 0, 0, 0], [0, 0, 0, 6, 6, 6, 8, 0, 0, 0, 0], [0, 0, 0, 6, 6, 6, 8, 0, 0, 0, 0], [0, 0, 0, 6, 6, 6, 8, 0, 0, 0, 0], [0, 0, 0, 6, 6, 6, 8, 0, 0, 0, 0], [0, 0, 0, 6, 6, 6, 8, 0, 0, 0, 0], [0, 0, 0, 6, 6, 6, 8, 0, 0, 0, 0], [0, 0, 0, 6, 6, 6, 8, 0, 0, 0, 0]]}, {"input": [[0, 0, 0, 0, 0, 0, 0, 0, 0, 0, 0, 3, 0, 0, 0, 0, 0, 0], [0, 0, 0, 0, 0, 0, 0, 0, 0, 0, 0, 3, 0, 0, 0, 0, 0, 0], [0, 7, 0, 0, 0, 0, 0, 0, 0, 0, 0, 3, 0, 0, 0, 0, 0, 0], [0, 0, 0, 0, 0, 0, 0, 0, 0, 0, 0, 3, 0, 0, 0, 0, 0, 0], [0, 0, 0, 0, 0, 0, 0, 0, 0, 0, 0, 3, 0, 0, 0, 0, 0, 0], [0, 0, 0, 0, 0, 0, 0, 0, 0, 0, 0, 3, 0, 0, 0, 0, 0, 0], [0, 0, 0, 0, 0, 0, 0, 0, 0, 0, 0, 3, 0, 0, 0, 0, 0, 0], [0, 0, 0, 0, 0, 0, 0, 0, 0, 0, 0, 3, 0, 0, 0, 0, 0, 0], [6, 6, 6, 6, 6, 6, 6, 6, 6, 6, 6, 3, 6, 6, 6, 6, 6, 6], [0, 0, 0, 0, 0, 0, 0, 0, 0, 0, 0, 3, 0, 0, 0, 0, 0, 0], [0, 0, 0, 0, 0, 0, 0, 0, 0, 0, 0, 3, 0, 0, 0, 0, 0, 0]], "output": [[0, 0, 0, 0, 0, 0, 0, 0, 0, 0, 3, 3, 3, 0, 0, 0, 0, 0], [0, 0, 0, 0, 0, 0, 0, 0, 0, 0, 3, 3, 3, 0, 0, 0, 0, 0], [0, 7, 0, 0, 0, 0, 0, 0, 0, 0, 3, 3, 3, 0, 0, 0, 0, 0], [0, 0, 0, 0, 0, 0, 0, 0, 0, 0, 3, 3, 3, 0, 0, 0, 0, 0], [0, 0, 0, 0, 0, 0, 0, 0, 0, 0, 3, 3, 3, 0, 0, 0, 0, 0], [0, 0, 0, 0, 0, 0, 0, 0, 0, 0, 3, 3, 3, 0, 0, 0, 0, 0], [0, 0, 0, 0, 0, 0, 0, 0, 0, 0, 3, 3, 3, 0, 0, 0, 0, 0], [0, 0, 0, 0, 0, 0, 0, 0, 0, 0, 3, 3, 3, 0, 0, 0, 0, 0], [6, 6, 6, 6, 6, 6, 6, 6, 6, 6, 3, 3, 3, 6, 6, 6, 6, 6], [0, 0, 0, 0, 0, 0, 0, 0, 0, 0, 3, 3, 3, 0, 0, 0, 0, 0], [0, 0, 0, 0, 0, 0, 0, 0, 0, 0, 3, 3, 3, 0, 0, 0, 0, 0]]}, {"input": [[0, 0, 0, 0, 0, 5, 0, 4, 0, 0, 0], [0, 0, 0, 0, 0, 5, 0, 4, 0, 0, 0], [3, 3, 3, 3, 3, 5, 3, 4, 3, 3, 3], [0, 0, 0, 0, 0, 5, 0, 4, 0, 0, 0], [0, 0, 0, 0, 0, 5, 0, 4, 0, 0, 0], [0, 0, 0, 0, 0, 5, 0, 4, 0, 0, 0], [0, 0, 0, 0, 0, 5, 0, 4, 0, 0, 0], [0, 0, 0, 0, 0, 5, 0, 4, 0, 0, 0], [0, 0, 0, 0, 0, 5, 0, 4, 0, 0, 0], [0, 0, 0, 0, 0, 5, 0, 8, 0, 0, 0], [0, 0, 0, 0, 0, 5, 0, 4, 0, 0, 0], [8, 8, 8, 8, 8, 5, 8, 4, 8, 8, 8], [0, 0, 0, 0, 0, 5, 0, 4, 0, 0, 0], [0, 0, 0, 0, 0, 5, 0, 4, 0, 0, 0], [0, 0, 0, 0, 0, 5, 0, 4, 0, 0, 0], [0, 0, 0, 0, 0, 5, 0, 4, 0, 0, 0], [0, 0, 0, 0, 0, 5, 0, 4, 0, 0, 0]], "output": [[0, 0, 0, 0, 5, 5, 5, 4, 0, 0, 0], [0, 0, 0, 0, 5, 5, 5, 4, 0, 0, 0], [3, 3, 3, 3, 5, 5, 5, 4, 3, 3, 3], [0, 0, 0, 0, 5, 5, 5, 4, 0, 0, 0], [0, 0, 0, 0, 5, 5, 5, 4, 0, 0, 0], [0, 0, 0, 0, 5, 5, 5, 4, 0, 0, 0], [0, 0, 0, 0, 5, 5, 5, 4, 0, 0, 0], [0, 0, 0, 0, 5, 5, 5, 4, 0, 0, 0], [0, 0, 0, 0, 5, 5, 5, 4, 0, 0, 0], [0, 0, 0, 0, 5, 5, 5, 8, 0, 0, 0], [0, 0, 0, 0, 5, 5, 5, 4, 0, 0, 0], [8, 8, 8, 8, 5, 5, 5, 4, 8, 8, 8], [0, 0, 0, 0, 5, 5, 5, 4, 0, 0, 0], [0, 0, 0, 0, 5, 5, 5, 4, 0, 0, 0], [0, 0, 0, 0, 5, 5, 5, 4, 0, 0, 0], [0, 0, 0, 0, 5, 5, 5, 4, 0, 0, 0], [0, 0, 0, 0, 5, 5, 5, 4, 0, 0, 0]]}, {"input": [[0, 0, 0, 0, 0, 0, 2, 0, 4, 0, 0, 0], [6, 6, 6, 6, 6, 6, 2, 6, 4, 6, 6, 6], [0, 0, 0, 8, 0, 0, 2, 0, 4, 0, 0, 0], [0, 0, 0, 0, 0, 0, 2, 0, 4, 0, 0, 0], [3, 3, 3, 3, 3, 3, 2, 3, 4, 3, 3, 3], [0, 0, 0, 0, 0, 0, 2, 0, 4, 0, 0, 0], [0, 0, 0, 0, 0, 0, 2, 0, 4, 0, 0, 0], [0, 0, 0, 0, 0, 0, 2, 0, 4, 0, 0, 0], [0, 0, 0, 0, 0, 0, 2, 0, 4, 0, 0, 0], [0, 0, 0, 0, 0, 0, 2, 0, 4, 0, 0, 0]], "output": [[0, 0, 0, 0, 0, 2, 2, 2, 4, 0, 0, 0], [6, 6, 6, 6, 6, 2, 2, 2, 4, 6, 6, 6], [0, 0, 0, 8, 0, 2, 2, 2, 4, 0, 0, 0], [0, 0, 0, 0, 0, 2, 2, 2, 4, 0, 0, 0], [3, 3, 3, 3, 3, 2, 2, 2, 4, 3, 3, 3], [0, 0, 0, 0, 0, 2, 2, 2, 4, 0, 0, 0], [0, 0, 0, 0, 0, 2, 2, 2, 4, 0, 0, 0], [0, 0, 0, 0, 0, 2, 2, 2, 4, 0, 0, 0], [0, 0, 0, 0, 0, 2, 2, 2, 4, 0, 0, 0], [0, 0, 0, 0, 0, 2, 2, 2, 4, 0, 0, 0]]}, {"input": [[0, 0, 0, 0, 0, 0, 4, 9, 0, 0], [0, 0, 0, 0, 0, 0, 4, 9, 0, 0], [0, 0, 0, 0, 0, 0, 4, 9, 0, 0], [2, 2, 2, 2, 2, 2, 4, 9, 2, 2], [0, 0, 0, 0, 0, 0, 4, 9, 0, 0], [0, 0, 0, 0, 0, 0, 4, 9, 0, 0], [0, 0, 0, 0, 0, 0, 4, 9, 0, 0], [5, 5, 5, 5, 5, 5, 4, 9, 5, 5], [0, 0, 0, 0, 0, 0, 4, 9, 0, 0], [0, 1, 0, 0, 0, 0, 4, 9, 0, 0], [0, 0, 0, 0, 0, 0, 4, 9, 0, 0], [0, 0, 0, 0, 0, 0, 4, 9, 0, 0], [0, 0, 0, 0, 0, 0, 4, 9, 0, 0], [0, 0, 0, 0, 0, 0, 4, 9, 0, 0], [0, 0, 0, 0, 0, 0, 4, 9, 0, 0], [0, 0, 0, 0, 0, 0, 4, 9, 0, 0], [0, 0, 0, 0, 0, 0, 4, 9, 0, 0], [0, 0, 0, 0, 0, 0, 4, 9, 0, 0], [0, 0, 0, 0, 0, 0, 4, 9, 0, 0]], "output": [[0, 0, 0, 0, 0, 4, 4, 4, 0, 0], [0, 0, 0, 0, 0, 4, 4, 4, 0, 0], [0, 0, 0, 0, 0, 4, 4, 4, 0, 0], [2, 2, 2, 2, 2, 4, 4, 4, 2, 2], [0, 0, 0, 0, 0, 4, 4, 4, 0, 0], [0, 0, 0, 0, 0, 4, 4, 4, 0, 0], [0, 0, 0, 0, 0, 4, 4, 4, 0, 0], [5, 5, 5, 5, 5, 4, 4, 4, 5, 5], [0, 0, 0, 0, 0, 4, 4, 4, 0, 0], [0, 1, 0, 0, 0, 4, 4, 4, 0, 0], [0, 0, 0, 0, 0, 4, 4, 4, 0, 0], [0, 0, 0, 0, 0, 4, 4, 4, 0, 0], [0, 0, 0, 0, 0, 4, 4, 4, 0, 0], [0, 0, 0, 0, 0, 4, 4, 4, 0, 0], [0, 0, 0, 0, 0, 4, 4, 4, 0, 0], [0, 0, 0, 0, 0, 4, 4, 4, 0, 0], [0, 0, 0, 0, 0, 4, 4, 4, 0, 0], [0, 0, 0, 0, 0, 4, 4, 4, 0, 0], [0, 0, 0, 0, 0, 4, 4, 4, 0, 0]]}, {"input": [[0, 0, 0, 0, 0, 0, 1, 0, 0, 0, 0, 0, 0, 0, 0], [0, 0, 0, 0, 0, 0, 1, 0, 0, 0, 0, 0, 0, 0, 0], [3, 3, 3, 3, 3, 3, 1, 3, 3, 3, 3, 3, 3, 3, 3], [0, 0, 0, 0, 0, 0, 1, 0, 0, 0, 0, 0, 0, 0, 0], [0, 0, 0, 0, 0, 0, 1, 0, 0, 0, 0, 0, 0, 0, 0], [0, 0, 0, 0, 0, 0, 1, 0, 0, 0, 0, 0, 0, 0, 0], [0, 0, 0, 0, 0, 0, 1, 0, 0, 0, 0, 0, 0, 0, 0], [0, 0, 0, 0, 0, 0, 1, 0, 0, 0, 0, 0, 0, 0, 0], [0, 0, 0, 0, 0, 0, 1, 0, 0, 0, 0, 0, 0, 0, 0], [0, 0, 0, 0, 0, 0, 1, 0, 0, 0, 0, 0, 0, 0, 0], [0, 0, 0, 0, 0, 0, 1, 0, 0, 0, 0, 0, 0, 0, 0], [0, 0, 0, 0, 0, 0, 1, 0, 0, 0, 0, 0, 0, 0, 0], [0, 0, 0, 0, 0, 0, 1, 0, 0, 0, 0, 0, 0, 0, 0], [2, 2, 2, 2, 2, 2, 1, 2, 2, 2, 4, 2, 2, 2, 2], [0, 0, 0, 0, 0, 0, 1, 0, 0, 0, 0, 0, 0, 0, 0], [0, 0, 0, 0, 0, 0, 1, 0, 0, 0, 0, 0, 0, 0, 0], [0, 0, 0, 0, 0, 0, 1, 0, 0, 0, 0, 0, 0, 0, 0]], "output": [[0, 0, 0, 0, 0, 1, 1, 1, 0, 0, 0, 0, 0, 0, 0], [0, 0, 0, 0, 0, 1, 1, 1, 0, 0, 0, 0, 0, 0, 0], [3, 3, 3, 3, 3, 1, 1, 1, 3, 3, 3, 3, 3, 3, 3], [0, 0, 0, 0, 0, 1, 1, 1, 0, 0, 0, 0, 0, 0, 0], [0, 0, 0, 0, 0, 1, 1, 1, 0, 0, 0, 0, 0, 0, 0], [0, 0, 0, 0, 0, 1, 1, 1, 0, 0, 0, 0, 0, 0, 0], [0, 0, 0, 0, 0, 1, 1, 1, 0, 0, 0, 0, 0, 0, 0], [0, 0, 0, 0, 0, 1, 1, 1, 0, 0, 0, 0, 0, 0, 0], [0, 0, 0, 0, 0, 1, 1, 1, 0, 0, 0, 0, 0, 0, 0], [0, 0, 0, 0, 0, 1, 1, 1, 0, 0, 0, 0, 0, 0, 0], [0, 0, 0, 0, 0, 1, 1, 1, 0, 0, 0, 0, 0, 0, 0], [0, 0, 0, 0, 0, 1, 1, 1, 0, 0, 0, 0, 0, 0, 0], [0, 0, 0, 0, 0, 1, 1, 1, 0, 0, 0, 0, 0, 0, 0], [2, 2, 2, 2, 2, 1, 1, 1, 2, 2, 4, 2, 2, 2, 2], [0, 0, 0, 0, 0, 1, 1, 1, 0, 0, 0, 0, 0, 0, 0], [0, 0, 0, 0, 0, 1, 1, 1, 0, 0, 0, 0, 0, 0, 0], [0, 0, 0, 0, 0, 1, 1, 1, 0, 0, 0, 0, 0, 0, 0]]}, {"input": [[0, 0, 0, 0, 0, 0, 0, 0, 0, 3, 0, 6, 0, 0, 0, 0], [0, 0, 0, 0, 0, 0, 0, 0, 0, 3, 0, 6, 0, 0, 0, 0], [0, 0, 0, 0, 0, 0, 0, 0, 0, 3, 0, 6, 0, 0, 0, 0], [0, 0, 0, 0, 0, 0, 0, 0, 0, 3, 0, 6, 0, 0, 0, 0], [0, 0, 0, 0, 0, 0, 0, 0, 0, 3, 0, 6, 0, 0, 0, 0], [0, 0, 0, 0, 0, 0, 0, 0, 0, 3, 0, 5, 0, 0, 0, 0], [4, 4, 4, 4, 4, 4, 4, 4, 4, 3, 4, 6, 4, 4, 4, 4], [0, 0, 0, 0, 0, 0, 0, 0, 0, 3, 0, 6, 0, 0, 0, 0], [0, 0, 0, 0, 0, 0, 0, 0, 0, 3, 0, 6, 0, 0, 0, 0], [1, 1, 1, 1, 1, 1, 1, 1, 1, 3, 1, 6, 1, 1, 1, 1], [0, 0, 0, 0, 0, 0, 0, 0, 0, 3, 0, 6, 0, 0, 0, 0], [0, 0, 0, 0, 0, 0, 0, 0, 0, 3, 0, 6, 0, 0, 0, 0]], "output": [[0, 0, 0, 0, 0, 0, 0, 0, 3, 3, 3, 6, 0, 0, 0, 0], [0, 0, 0, 0, 0, 0, 0, 0, 3, 3, 3, 6, 0, 0, 0, 0], [0, 0, 0, 0, 0, 0, 0, 0, 3, 3, 3, 6, 0, 0, 0, 0], [0, 0, 0, 0, 0, 0, 0, 0, 3, 3, 3, 6, 0, 0, 0, 0], [0, 0, 0, 0, 0, 0, 0, 0, 3, 3, 3, 6, 0, 0, 0, 0], [0, 0, 0, 0, 0, 0, 0, 0, 3, 3, 3, 5, 0, 0, 0, 0], [4, 4, 4, 4, 4, 4, 4, 4, 3, 3, 3, 6, 4, 4, 4, 4], [0, 0, 0, 0, 0, 0, 0, 0, 3, 3, 3, 6, 0, 0, 0, 0], [0, 0, 0, 0, 0, 0, 0, 0, 3, 3, 3, 6, 0, 0, 0, 0], [1, 1, 1, 1, 1, 1, 1, 1, 3, 3, 3, 6, 1, 1, 1, 1], [0, 0, 0, 0, 0, 0, 0, 0, 3, 3, 3, 6, 0, 0, 0, 0], [0, 0, 0, 0, 0, 0, 0, 0, 3, 3, 3, 6, 0, 0, 0, 0]]}, {"input": [[0, 0, 0, 0, 0, 0, 4, 9, 0, 0, 0, 0, 0, 0, 0, 0], [0, 0, 0, 0, 0, 0, 4, 9, 0, 0, 0, 0, 0, 0, 0, 0], [0, 0, 0, 0, 0, 0, 4, 9, 0, 0, 0, 0, 0, 0, 0, 0], [0, 0, 0, 0, 0, 0, 4, 9, 0, 0, 0, 0, 0, 0, 0, 0], [0, 0, 0, 0, 0, 0, 4, 9, 0, 0, 0, 0, 0, 0, 0, 0], [0, 0, 0, 0, 0, 0, 4, 9, 0, 0, 0, 0, 0, 0, 0, 0], [0, 0, 0, 0, 0, 0, 4, 9, 0, 0, 0, 0, 0, 0, 0, 0], [0, 0, 0, 0, 0, 0, 4, 9, 0, 0, 0, 0, 0, 0, 0, 0], [0, 0, 0, 0, 0, 0, 4, 9, 0, 0, 0, 0, 0, 0, 0, 0], [0, 0, 0, 0, 0, 0, 4, 9, 0, 0, 0, 0, 0, 0, 0, 0], [5, 5, 5, 5, 5, 5, 4, 9, 5, 5, 5, 5, 5, 5, 5, 5], [0, 0, 0, 0, 0, 0, 4, 9, 0, 0, 0, 3, 0, 0, 0, 0], [0, 0, 0, 0, 0, 0, 4, 9, 0, 0, 0, 0, 0, 0, 0, 0], [0, 0, 0, 0, 0, 0, 4, 9, 0, 0, 0, 0, 0, 0, 0, 0], [0, 0, 0, 0, 0, 0, 4, 9, 0, 0, 0, 0, 0, 0, 0, 0], [0, 0, 0, 0, 0, 0, 4, 9, 0, 0, 0, 0, 0, 0, 0, 0]], "output": [[0, 0, 0, 0, 0, 4, 4, 4, 0, 0, 0, 0, 0, 0, 0, 0], [0, 0, 0, 0, 0, 4, 4, 4, 0, 0, 0, 0, 0, 0, 0, 0], [0, 0, 0, 0, 0, 4, 4, 4, 0, 0, 0, 0, 0, 0, 0, 0], [0, 0, 0, 0, 0, 4, 4, 4, 0, 0, 0, 0, 0, 0, 0, 0], [0, 0, 0, 0, 0, 4, 4, 4, 0, 0, 0, 0, 0, 0, 0, 0], [0, 0, 0, 0, 0, 4, 4, 4, 0, 0, 0, 0, 0, 0, 0, 0], [0, 0, 0, 0, 0, 4, 4, 4, 0, 0, 0, 0, 0, 0, 0, 0], [0, 0, 0, 0, 0, 4, 4, 4, 0, 0, 0, 0, 0, 0, 0, 0], [0, 0, 0, 0, 0, 4, 4, 4, 0, 0, 0, 0, 0, 0, 0, 0], [0, 0, 0, 0, 0, 4, 4, 4, 0, 0, 0, 0, 0, 0, 0, 0], [5, 5, 5, 5, 5, 4, 4, 4, 5, 5, 5, 5, 5, 5, 5, 5], [0, 0, 0, 0, 0, 4, 4, 4, 0, 0, 0, 3, 0, 0, 0, 0], [0, 0, 0, 0, 0, 4, 4, 4, 0, 0, 0, 0, 0, 0, 0, 0], [0, 0, 0, 0, 0, 4, 4, 4, 0, 0, 0, 0, 0, 0, 0, 0], [0, 0, 0, 0, 0, 4, 4, 4, 0, 0, 0, 0, 0, 0, 0, 0], [0, 0, 0, 0, 0, 4, 4, 4, 0, 0, 0, 0, 0, 0, 0, 0]]}, {"input": [[0, 2, 0, 0, 0, 0, 0, 0, 0, 0, 8, 0, 0, 0, 0, 0, 0, 0, 0], [0, 2, 0, 0, 0, 0, 0, 0, 0, 0, 8, 0, 0, 0, 0, 0, 0, 0, 0], [0, 2, 0, 0, 0, 0, 0, 0, 0, 0, 8, 0, 0, 0, 0, 0, 0, 0, 0], [0, 2, 0, 0, 0, 0, 0, 0, 0, 0, 8, 0, 0, 0, 0, 0, 0, 0, 0], [0, 2, 0, 0, 0, 0, 0, 0, 0, 0, 8, 0, 0, 0, 0, 0, 0, 0, 0], [0, 2, 0, 0, 0, 0, 0, 0, 0, 0, 8, 0, 2, 0, 0, 0, 0, 0, 0], [0, 2, 0, 0, 0, 0, 0, 0, 0, 0, 8, 0, 0, 0, 0, 0, 0, 0, 0], [0, 2, 0, 0, 0, 0, 0, 0, 0, 0, 8, 0, 0, 0, 0, 0, 0, 0, 0], [0, 2, 0, 0, 0, 0, 0, 0, 0, 0, 8, 0, 0, 0, 0, 0, 0, 0, 0], [0, 2, 0, 0, 0, 0, 0, 0, 0, 0, 8, 0, 0, 0, 0, 0, 0, 0, 0], [0, 2, 0, 0, 0, 0, 0, 0, 0, 0, 8, 0, 0, 0, 0, 0, 0, 0, 0], [0, 2, 0, 0, 0, 0, 0, 0, 0, 0, 8, 0, 0, 0, 0, 0, 0, 0, 0], [5, 2, 5, 5, 5, 5, 5, 5, 5, 5, 8, 5, 5, 5, 5, 5, 5, 5, 5], [0, 2, 0, 0, 0, 0, 0, 0, 0, 0, 8, 0, 0, 0, 0, 0, 0, 0, 0], [3, 2, 3, 3, 3, 3, 3, 3, 3, 3, 8, 3, 3, 3, 3, 3, 3, 3, 3], [0, 2, 0, 0, 0, 0, 0, 0, 0, 0, 8, 0, 0, 0, 0, 0, 0, 0, 0]], "output": [[2, 2, 0, 0, 0, 0, 0, 0, 0, 0, 8, 0, 0, 2, 0, 0, 0, 0, 0], [2, 2, 0, 0, 0, 0, 0, 0, 0, 0, 8, 0, 0, 2, 0, 0, 0, 0, 0], [2, 2, 0, 0, 0, 0, 0, 0, 0, 0, 8, 0, 0, 2, 0, 0, 0, 0, 0], [2, 2, 0, 0, 0, 0, 0, 0, 0, 0, 8, 0, 0, 2, 0, 0, 0, 0, 0], [2, 2, 0, 0, 0, 0, 0, 0, 0, 0, 8, 0, 0, 2, 0, 0, 0, 0, 0], [2, 2, 0, 0, 0, 0, 0, 0, 0, 0, 8, 0, 2, 2, 0, 0, 0, 0, 0], [2, 2, 0, 0, 0, 0, 0, 0, 0, 0, 8, 0, 0, 2, 0, 0, 0, 0, 0], [2, 2, 0, 0, 0, 0, 0, 0, 0, 0, 8, 0, 0, 2, 0, 0, 0, 0, 0], [2, 2, 0, 0, 0, 0, 0, 0, 0, 0, 8, 0, 0, 2, 0, 0, 0, 0, 0], [2, 2, 0, 0, 0, 0, 0, 0, 0, 0, 8, 0, 0, 2, 0, 0, 0, 0, 0], [2, 2, 0, 0, 0, 0, 0, 0, 0, 0, 8, 0, 0, 2, 0, 0, 0, 0, 0], [2, 2, 0, 0, 0, 0, 0, 0, 0, 0, 8, 0, 0, 2, 0, 0, 0, 0, 0], [2, 2, 5, 5, 5, 5, 5, 5, 5, 5, 8, 5, 5, 2, 5, 5, 5, 5, 5], [2, 2, 0, 0, 0, 0, 0, 0, 0, 0, 8, 0, 0, 2, 0, 0, 0, 0, 0], [2, 2, 3, 3, 3, 3, 3, 3, 3, 3, 8, 3, 3, 2, 3, 3, 3, 3, 3], [2, 2, 0, 0, 0, 0, 0, 0, 0, 0, 8, 0, 0, 2, 0, 0, 0, 0, 0]]}, {"input": [[0, 4, 0, 0, 0, 0, 3, 0, 0, 0, 0, 0], [0, 4, 0, 0, 0, 0, 3, 0, 0, 0, 0, 0], [0, 4, 0, 0, 0, 7, 3, 0, 0, 0, 0, 0], [1, 4, 1, 1, 1, 1, 3, 1, 1, 1, 1, 1], [0, 4, 0, 0, 0, 0, 3, 0, 0, 0, 0, 0], [0, 4, 0, 0, 0, 0, 3, 0, 0, 0, 0, 0], [0, 4, 0, 0, 0, 0, 3, 0, 0, 0, 0, 0], [0, 4, 0, 0, 0, 0, 3, 0, 0, 0, 0, 0], [0, 4, 0, 0, 0, 0, 3, 0, 0, 0, 0, 0], [7, 4, 7, 7, 7, 7, 3, 7, 7, 7, 7, 7], [0, 4, 0, 0, 0, 0, 3, 0, 0, 0, 0, 0], [0, 4, 0, 0, 0, 0, 3, 0, 0, 0, 0, 0]], "output": [[4, 4, 4, 0, 0, 0, 3, 0, 0, 0, 0, 0], [4, 4, 4, 0, 0, 0, 3, 0, 0, 0, 0, 0], [4, 4, 4, 0, 0, 7, 3, 0, 0, 0, 0, 0], [4, 4, 4, 1, 1, 1, 3, 1, 1, 1, 1, 1], [4, 4, 4, 0, 0, 0, 3, 0, 0, 0, 0, 0], [4, 4, 4, 0, 0, 0, 3, 0, 0, 0, 0, 0], [4, 4, 4, 0, 0, 0, 3, 0, 0, 0, 0, 0], [4, 4, 4, 0, 0, 0, 3, 0, 0, 0, 0, 0], [4, 4, 4, 0, 0, 0, 3, 0, 0, 0, 0, 0], [4, 4, 4, 7, 7, 7, 3, 7, 7, 7, 7, 7], [4, 4, 4, 0, 0, 0, 3, 0, 0, 0, 0, 0], [4, 4, 4, 0, 0, 0, 3, 0, 0, 0, 0, 0]]}, {"input": [[0, 3, 0, 0, 0, 0, 0, 0, 0, 0, 0, 2, 0], [0, 3, 0, 0, 0, 0, 0, 0, 0, 0, 0, 2, 0], [0, 3, 0, 0, 0, 0, 0, 0, 0, 0, 0, 2, 0], [0, 3, 0, 0, 0, 0, 0, 0, 0, 0, 0, 2, 0], [0, 3, 0, 0, 0, 0, 0, 0, 0, 0, 0, 2, 0], [0, 3, 0, 0, 0, 0, 0, 0, 0, 0, 0, 2, 0], [0, 3, 0, 0, 0, 0, 0, 0, 0, 0, 0, 2, 0], [0, 3, 0, 0, 0, 0, 0, 0, 0, 0, 0, 2, 0], [7, 3, 7, 7, 7, 7, 7, 2, 7, 7, 7, 2, 7], [0, 3, 0, 0, 0, 0, 0, 0, 0, 0, 0, 2, 0], [0, 3, 0, 0, 0, 0, 0, 0, 0, 0, 0, 2, 0], [5, 3, 5, 5, 5, 5, 5, 5, 5, 5, 5, 2, 5], [0, 3, 0, 0, 0, 0, 0, 0, 0, 0, 0, 2, 0], [0, 3, 0, 0, 0, 0, 0, 0, 0, 0, 0, 2, 0], [0, 3, 0, 0, 0, 0, 0, 0, 0, 0, 0, 2, 0]], "output": [[3, 3, 3, 0, 0, 0, 0, 0, 0, 0, 0, 2, 0], [3, 3, 3, 0, 0, 0, 0, 0, 0, 0, 0, 2, 0], [3, 3, 3, 0, 0, 0, 0, 0, 0, 0, 0, 2, 0], [3, 3, 3, 0, 0, 0, 0, 0, 0, 0, 0, 2, 0], [3, 3, 3, 0, 0, 0, 0, 0, 0, 0, 0, 2, 0], [3, 3, 3, 0, 0, 0, 0, 0, 0, 0, 0, 2, 0], [3, 3, 3, 0, 0, 0, 0, 0, 0, 0, 0, 2, 0], [3, 3, 3, 0, 0, 0, 0, 0, 0, 0, 0, 2, 0], [3, 3, 3, 7, 7, 7, 7, 2, 7, 7, 7, 2, 7], [3, 3, 3, 0, 0, 0, 0, 0, 0, 0, 0, 2, 0], [3, 3, 3, 0, 0, 0, 0, 0, 0, 0, 0, 2, 0], [3, 3, 3, 5, 5, 5, 5, 5, 5, 5, 5, 2, 5], [3, 3, 3, 0, 0, 0, 0, 0, 0, 0, 0, 2, 0], [3, 3, 3, 0, 0, 0, 0, 0, 0, 0, 0, 2, 0], [3, 3, 3, 0, 0, 0, 0, 0, 0, 0, 0, 2, 0]]}, {"input": [[0, 0, 0, 0, 0, 0, 0, 2, 0, 9, 0, 0, 0, 0, 0], [0, 0, 0, 0, 0, 0, 0, 2, 0, 9, 0, 0, 0, 0, 0], [0, 0, 0, 0, 0, 0, 0, 2, 0, 9, 0, 0, 0, 0, 0], [0, 0, 0, 5, 0, 0, 0, 2, 0, 9, 0, 0, 0, 0, 0], [0, 0, 0, 0, 0, 0, 0, 2, 0, 9, 0, 0, 0, 0, 0], [0, 0, 0, 0, 0, 0, 0, 2, 0, 9, 0, 0, 0, 0, 0], [1, 1, 1, 1, 1, 1, 1, 2, 1, 9, 1, 1, 1, 1, 1], [0, 0, 0, 0, 0, 0, 0, 2, 0, 9, 0, 0, 0, 0, 0], [0, 0, 0, 0, 0, 0, 0, 2, 0, 9, 0, 0, 0, 0, 0], [0, 0, 0, 0, 0, 0, 0, 2, 0, 9, 0, 0, 0, 0, 0], [6, 6, 6, 6, 6, 6, 6, 2, 6, 9, 6, 6, 6, 6, 6], [0, 0, 0, 0, 0, 0, 0, 2, 0, 9, 0, 0, 0, 0, 0], [0, 0, 0, 0, 0, 0, 0, 2, 0, 9, 0, 0, 0, 0, 0], [0, 0, 0, 0, 0, 0, 0, 2, 0, 9, 0, 0, 0, 0, 0]], "output": [[0, 0, 0, 0, 0, 0, 2, 2, 2, 9, 0, 0, 0, 0, 0], [0, 0, 0, 0, 0, 0, 2, 2, 2, 9, 0, 0, 0, 0, 0], [0, 0, 0, 0, 0, 0, 2, 2, 2, 9, 0, 0, 0, 0, 0], [0, 0, 0, 5, 0, 0, 2, 2, 2, 9, 0, 0, 0, 0, 0], [0, 0, 0, 0, 0, 0, 2, 2, 2, 9, 0, 0, 0, 0, 0], [0, 0, 0, 0, 0, 0, 2, 2, 2, 9, 0, 0, 0, 0, 0], [1, 1, 1, 1, 1, 1, 2, 2, 2, 9, 1, 1, 1, 1, 1], [0, 0, 0, 0, 0, 0, 2, 2, 2, 9, 0, 0, 0, 0, 0], [0, 0, 0, 0, 0, 0, 2, 2, 2, 9, 0, 0, 0, 0, 0], [0, 0, 0, 0, 0, 0, 2, 2, 2, 9, 0, 0, 0, 0, 0], [6, 6, 6, 6, 6, 6, 2, 2, 2, 9, 6, 6, 6, 6, 6], [0, 0, 0, 0, 0, 0, 2, 2, 2, 9, 0, 0, 0, 0, 0], [0, 0, 0, 0, 0, 0, 2, 2, 2, 9, 0, 0, 0, 0, 0], [0, 0, 0, 0, 0, 0, 2, 2, 2, 9, 0, 0, 0, 0, 0]]}, {"input": [[0, 0, 3, 0, 0, 9, 0, 0, 0, 0], [0, 0, 3, 0, 0, 9, 0, 0, 0, 0], [0, 0, 3, 0, 0, 9, 0, 0, 0, 0], [0, 0, 3, 0, 0, 9, 0, 7, 0, 0], [0, 0, 3, 0, 0, 9, 0, 0, 0, 0], [0, 0, 3, 0, 0, 9, 0, 0, 0, 0], [0, 0, 3, 0, 0, 9, 0, 0, 0, 0], [7, 7, 3, 7, 7, 9, 7, 7, 7, 7], [2, 2, 3, 2, 2, 9, 2, 2, 2, 2], [0, 0, 3, 0, 0, 9, 0, 0, 0, 0], [0, 0, 3, 0, 0, 9, 0, 0, 0, 0]], "output": [[0, 3, 3, 3, 0, 9, 0, 0, 0, 0], [0, 3, 3, 3, 0, 9, 0, 0, 0, 0], [0, 3, 3, 3, 0, 9, 0, 0, 0, 0], [0, 3, 3, 3, 0, 9, 0, 7, 0, 0], [0, 3, 3, 3, 0, 9, 0, 0, 0, 0], [0, 3, 3, 3, 0, 9, 0, 0, 0, 0], [0, 3, 3, 3, 0, 9, 0, 0, 0, 0], [7, 3, 3, 3, 7, 9, 7, 7, 7, 7], [2, 3, 3, 3, 2, 9, 2, 2, 2, 2], [0, 3, 3, 3, 0, 9, 0, 0, 0, 0], [0, 3, 3, 3, 0, 9, 0, 0, 0, 0]]}, {"input": [[0, 0, 0, 0, 0, 0, 0, 0, 0, 5, 0, 0, 0, 0, 3, 0, 0, 0], [0, 0, 0, 0, 0, 0, 0, 0, 0, 5, 0, 0, 0, 0, 3, 0, 0, 0], [0, 0, 0, 0, 0, 0, 0, 0, 0, 5, 0, 0, 0, 0, 3, 0, 0, 0], [0, 0, 0, 0, 0, 0, 0, 0, 3, 5, 0, 0, 0, 0, 3, 0, 0, 0], [0, 0, 0, 0, 0, 0, 0, 0, 0, 5, 0, 0, 0, 0, 3, 0, 0, 0], [0, 0, 0, 0, 0, 0, 0, 0, 0, 5, 0, 0, 0, 0, 3, 0, 0, 0], [0, 0, 0, 0, 0, 0, 0, 0, 0, 5, 0, 0, 0, 0, 3, 0, 0, 0], [0, 0, 0, 0, 0, 0, 0, 0, 0, 5, 0, 0, 0, 0, 3, 0, 0, 0], [0, 0, 0, 0, 0, 0, 0, 0, 0, 5, 0, 0, 0, 0, 3, 0, 0, 0], [4, 4, 4, 4, 4, 4, 4, 4, 4, 5, 4, 4, 4, 4, 3, 4, 4, 4], [0, 0, 0, 0, 0, 0, 0, 0, 0, 5, 0, 0, 0, 0, 3, 0, 0, 0], [0, 0, 0, 0, 0, 0, 0, 0, 0, 5, 0, 0, 0, 0, 3, 0, 0, 0]], "output": [[0, 0, 0, 0, 0, 0, 0, 0, 5, 5, 5, 0, 0, 0, 3, 0, 0, 0], [0, 0, 0, 0, 0, 0, 0, 0, 5, 5, 5, 0, 0, 0, 3, 0, 0, 0], [0, 0, 0, 0, 0, 0, 0, 0, 5, 5, 5, 0, 0, 0, 3, 0, 0, 0], [0, 0, 0, 0, 0, 0, 0, 0, 5, 5, 5, 0, 0, 0, 3, 0, 0, 0], [0, 0, 0, 0, 0, 0, 0, 0, 5, 5, 5, 0, 0, 0, 3, 0, 0, 0], [0, 0, 0, 0, 0, 0, 0, 0, 5, 5, 5, 0, 0, 0, 3, 0, 0, 0], [0, 0, 0, 0, 0, 0, 0, 0, 5, 5, 5, 0, 0, 0, 3, 0, 0, 0], [0, 0, 0, 0, 0, 0, 0, 0, 5, 5, 5, 0, 0, 0, 3, 0, 0, 0], [0, 0, 0, 0, 0, 0, 0, 0, 5, 5, 5, 0, 0, 0, 3, 0, 0, 0], [4, 4, 4, 4, 4, 4, 4, 4, 5, 5, 5, 4, 4, 4, 3, 4, 4, 4], [0, 0, 0, 0, 0, 0, 0, 0, 5, 5, 5, 0, 0, 0, 3, 0, 0, 0], [0, 0, 0, 0, 0, 0, 0, 0, 5, 5, 5, 0, 0, 0, 3, 0, 0, 0]]}], "test": [{"input": [[0, 0, 0, 0, 0, 0, 0, 0, 0, 0, 0, 0, 0, 0, 6, 8, 0, 0], [0, 0, 0, 0, 0, 0, 0, 0, 0, 0, 0, 0, 0, 0, 6, 8, 0, 0], [9, 9, 9, 9, 9, 9, 9, 9, 9, 9, 9, 9, 9, 9, 6, 8, 9, 9], [0, 0, 0, 0, 0, 0, 0, 0, 0, 0, 0, 0, 0, 0, 6, 8, 0, 0], [0, 0, 0, 0, 0, 0, 0, 0, 0, 0, 0, 0, 0, 0, 6, 8, 0, 0], [0, 0, 0, 0, 0, 0, 0, 0, 0, 0, 0, 0, 0, 0, 6, 8, 0, 0], [0, 0, 0, 0, 0, 0, 0, 0, 0, 0, 0, 0, 0, 0, 6, 8, 0, 0], [0, 0, 0, 0, 0, 0, 0, 0, 0, 0, 0, 0, 0, 0, 6, 8, 0, 0], [0, 0, 0, 0, 0, 0, 0, 0, 0, 0, 0, 0, 0, 0, 6, 8, 0, 0], [0, 0, 0, 0, 0, 0, 0, 0, 0, 0, 0, 0, 0, 0, 6, 8, 0, 0], [0, 0, 0, 0, 0, 0, 0, 0, 0, 0, 0, 0, 0, 0, 6, 8, 0, 0], [0, 0, 0, 0, 0, 0, 0, 0, 0, 0, 0, 0, 0, 0, 6, 8, 0, 0], [0, 0, 0, 0, 0, 0, 0, 0, 0, 0, 0, 0, 0, 0, 6, 8, 0, 0], [7, 7, 7, 7, 7, 7, 7, 7, 7, 5, 7, 7, 7, 7, 6, 8, 7, 7], [0, 0, 0, 0, 0, 0, 0, 0, 0, 0, 0, 0, 0, 0, 6, 8, 0, 0]], "output": [[0, 0, 0, 0, 0, 0, 0, 0, 0, 0, 0, 0, 0, 6, 6, 6, 0, 0], [0, 0, 0, 0, 0, 0, 0, 0, 0, 0, 0, 0, 0, 6, 6, 6, 0, 0], [9, 9, 9, 9, 9, 9, 9, 9, 9, 9, 9, 9, 9, 6, 6, 6, 9, 9], [0, 0, 0, 0, 0, 0, 0, 0, 0, 0, 0, 0, 0, 6, 6, 6, 0, 0], [0, 0, 0, 0, 0, 0, 0, 0, 0, 0, 0, 0, 0, 6, 6, 6, 0, 0], [0, 0, 0, 0, 0, 0, 0, 0, 0, 0, 0, 0, 0, 6, 6, 6, 0, 0], [0, 0, 0, 0, 0, 0, 0, 0, 0, 0, 0, 0, 0, 6, 6, 6, 0, 0], [0, 0, 0, 0, 0, 0, 0, 0, 0, 0, 0, 0, 0, 6, 6, 6, 0, 0], [0, 0, 0, 0, 0, 0, 0, 0, 0, 0, 0, 0, 0, 6, 6, 6, 0, 0], [0, 0, 0, 0, 0, 0, 0, 0, 0, 0, 0, 0, 0, 6, 6, 6, 0, 0], [0, 0, 0, 0, 0, 0, 0, 0, 0, 0, 0, 0, 0, 6, 6, 6, 0, 0], [0, 0, 0, 0, 0, 0, 0, 0, 0, 0, 0, 0, 0, 6, 6, 6, 0, 0], [0, 0, 0, 0, 0, 0, 0, 0, 0, 0, 0, 0, 0, 6, 6, 6, 0, 0], [7, 7, 7, 7, 7, 7, 7, 7, 7, 5, 7, 7, 7, 6, 6, 6, 7, 7], [0, 0, 0, 0, 0, 0, 0, 0, 0, 0, 0, 0, 0, 6, 6, 6, 0, 0]]}, {"input": [[0, 0, 0, 0, 0, 0, 0, 0, 0, 0, 0, 0, 0, 5, 0, 4, 0, 0, 0], [7, 7, 7, 7, 7, 7, 7, 7, 7, 7, 7, 7, 7, 5, 7, 4, 7, 7, 7], [0, 0, 0, 0, 0, 0, 0, 0, 0, 0, 0, 0, 0, 5, 0, 4, 0, 0, 0], [0, 0, 0, 0, 0, 0, 0, 0, 0, 0, 0, 0, 0, 2, 0, 4, 0, 0, 0], [0, 0, 0, 0, 0, 0, 0, 0, 0, 0, 0, 0, 0, 5, 0, 4, 0, 0, 0], [0, 0, 0, 0, 0, 0, 0, 0, 0, 0, 0, 0, 0, 5, 0, 4, 0, 0, 0], [0, 0, 0, 0, 0, 0, 0, 0, 0, 0, 0, 0, 0, 5, 0, 4, 0, 0, 0], [8, 8, 8, 8, 8, 8, 8, 8, 8, 8, 8, 8, 8, 5, 8, 4, 8, 8, 8], [0, 0, 0, 0, 0, 0, 0, 0, 0, 0, 0, 0, 0, 5, 0, 4, 0, 0, 0], [0, 0, 0, 0, 0, 0, 0, 0, 0, 0, 0, 0, 0, 5, 0, 4, 0, 0, 0], [0, 0, 0, 0, 0, 0, 0, 0, 0, 0, 0, 0, 0, 5, 0, 4, 0, 0, 0], [0, 0, 0, 0, 0, 0, 0, 0, 0, 0, 0, 0, 0, 5, 0, 4, 0, 0, 0], [0, 0, 0, 0, 0, 0, 0, 0, 0, 0, 0, 0, 0, 5, 0, 4, 0, 0, 0]], "output": [[0, 0, 0, 0, 0, 0, 0, 0, 0, 0, 0, 0, 5, 5, 5, 4, 0, 0, 0], [7, 7, 7, 7, 7, 7, 7, 7, 7, 7, 7, 7, 5, 5, 5, 4, 7, 7, 7], [0, 0, 0, 0, 0, 0, 0, 0, 0, 0, 0, 0, 5, 5, 5, 4, 0, 0, 0], [0, 0, 0, 0, 0, 0, 0, 0, 0, 0, 0, 0, 5, 2, 5, 4, 0, 0, 0], [0, 0, 0, 0, 0, 0, 0, 0, 0, 0, 0, 0, 5, 5, 5, 4, 0, 0, 0], [0, 0, 0, 0, 0, 0, 0, 0, 0, 0, 0, 0, 5, 5, 5, 4, 0, 0, 0], [0, 0, 0, 0, 0, 0, 0, 0, 0, 0, 0, 0, 5, 5, 5, 4, 0, 0, 0], [8, 8, 8, 8, 8, 8, 8, 8, 8, 8, 8, 8, 5, 5, 5, 4, 8, 8, 8], [0, 0, 0, 0, 0, 0, 0, 0, 0, 0, 0, 0, 5, 5, 5, 4, 0, 0, 0], [0, 0, 0, 0, 0, 0, 0, 0, 0, 0, 0, 0, 5, 5, 5, 4, 0, 0, 0], [0, 0, 0, 0, 0, 0, 0, 0, 0, 0, 0, 0, 5, 5, 5, 4, 0, 0, 0], [0, 0, 0, 0, 0, 0, 0, 0, 0, 0, 0, 0, 5, 5, 5, 4, 0, 0, 0], [0, 0, 0, 0, 0, 0, 0, 0, 0, 0, 0, 0, 5, 5, 5, 4, 0, 0, 0]]}, {"input": [[0, 0, 0, 0, 0, 0, 0, 0, 0, 9, 0, 1, 0, 0, 0, 0], [0, 0, 0, 0, 0, 0, 0, 0, 0, 9, 0, 1, 0, 0, 0, 0], [0, 0, 0, 0, 0, 0, 0, 0, 0, 9, 0, 1, 0, 0, 8, 0], [0, 0, 0, 0, 0, 0, 0, 0, 0, 9, 0, 1, 0, 0, 0, 0], [7, 7, 7, 7, 7, 7, 7, 7, 7, 9, 7, 1, 7, 7, 7, 7], [0, 0, 0, 0, 0, 0, 0, 0, 0, 9, 0, 1, 0, 0, 0, 0], [0, 0, 0, 0, 0, 0, 0, 0, 0, 9, 0, 1, 0, 0, 0, 0], [0, 0, 0, 0, 0, 0, 0, 0, 0, 9, 0, 1, 0, 0, 0, 0], [3, 3, 3, 3, 3, 3, 3, 3, 3, 9, 3, 1, 3, 3, 3, 3], [0, 0, 0, 0, 0, 0, 0, 0, 0, 9, 0, 1, 0, 0, 0, 0], [0, 0, 0, 0, 0, 0, 0, 0, 0, 9, 0, 1, 0, 0, 0, 0], [0, 0, 0, 0, 0, 0, 0, 0, 0, 9, 0, 1, 0, 0, 0, 0], [0, 0, 0, 0, 0, 0, 0, 0, 0, 9, 0, 1, 0, 0, 0, 0], [0, 0, 0, 0, 0, 0, 0, 0, 0, 9, 0, 1, 0, 0, 0, 0], [0, 0, 0, 0, 0, 0, 0, 0, 0, 9, 0, 1, 0, 0, 0, 0]], "output": [[0, 0, 0, 0, 0, 0, 0, 0, 9, 9, 9, 1, 0, 0, 0, 0], [0, 0, 0, 0, 0, 0, 0, 0, 9, 9, 9, 1, 0, 0, 0, 0], [0, 0, 0, 0, 0, 0, 0, 0, 9, 9, 9, 1, 0, 0, 8, 0], [0, 0, 0, 0, 0, 0, 0, 0, 9, 9, 9, 1, 0, 0, 0, 0], [7, 7, 7, 7, 7, 7, 7, 7, 9, 9, 9, 1, 7, 7, 7, 7], [0, 0, 0, 0, 0, 0, 0, 0, 9, 9, 9, 1, 0, 0, 0, 0], [0, 0, 0, 0, 0, 0, 0, 0, 9, 9, 9, 1, 0, 0, 0, 0], [0, 0, 0, 0, 0, 0, 0, 0, 9, 9, 9, 1, 0, 0, 0, 0], [3, 3, 3, 3, 3, 3, 3, 3, 9, 9, 9, 1, 3, 3, 3, 3], [0, 0, 0, 0, 0, 0, 0, 0, 9, 9, 9, 1, 0, 0, 0, 0], [0, 0, 0, 0, 0, 0, 0, 0, 9, 9, 9, 1, 0, 0, 0, 0], [0, 0, 0, 0, 0, 0, 0, 0, 9, 9, 9, 1, 0, 0, 0, 0], [0, 0, 0, 0, 0, 0, 0, 0, 9, 9, 9, 1, 0, 0, 0, 0], [0, 0, 0, 0, 0, 0, 0, 0, 9, 9, 9, 1, 0, 0, 0, 0], [0, 0, 0, 0, 0, 0, 0, 0, 9, 9, 9, 1, 0, 0, 0, 0]]}]}