{"train": [{"input": [[5, 0, 0, 0, 0, 0], [9, 3, 0, 7, 0, 0], [9, 7, 7, 7, 7, 7], [7, 0, 0, 7, 7, 0]], "output": [[5, 0, 0, 0, 0, 0, 0, 0, 0, 0, 0, 0], [9, 3, 0, 7, 0, 0, 0, 0, 0, 0, 0, 0], [9, 7, 7, 7, 7, 7, 0, 0, 0, 0, 0, 0], [7, 0, 0, 7, 7, 0, 0, 0, 0, 0, 0, 0]]}, {"input": [[0, 0, 0, 1], [2, 1, 8, 8], [2, 2, 8, 8], [0, 0, 8, 0], [0, 6, 8, 0]], "output": [[0, 0, 0, 1, 0, 0, 0, 0], [2, 1, 8, 8, 0, 0, 0, 0], [2, 2, 8, 8, 0, 0, 0, 0], [0, 0, 8, 0, 0, 0, 0, 0], [0, 8, 6, 0, 0, 0, 0, 0]]}, {"input": [[0, 5, 6, 0, 0], [0, 5, 6, 0, 1], [0, 5, 6, 2, 2], [2, 7, 7, 0, 0], [2, 0, 5, 0, 0]], "output": [[0, 5, 6, 0, 0, 0, 0, 0, 0, 0], [0, 5, 6, 0, 1, 0, 0, 0, 0, 0], [0, 5, 6, 2, 2, 0, 0, 0, 0, 0], [2, 7, 7, 0, 0, 0, 0, 0, 0, 0], [2, 0, 5, 0, 0, 0, 0, 0, 0, 0]]}, {"input": [[0, 0, 1], [0, 0, 1], [1, 1, 4]], "output": [[0, 0, 1, 0, 0, 0], [0, 0, 1, 0, 0, 0], [1, 1, 4, 0, 0, 0]]}, {"input": [[0, 2, 3, 4, 4], [0, 2, 3, 4, 4], [0, 2, 0, 0, 0], [0, 1, 0, 0, 0], [5, 8, 0, 0, 0], [8, 8, 0, 0, 0]], "output": [[0, 2, 3, 4, 4, 0, 0, 0, 0, 0], [0, 2, 3, 4, 4, 0, 0, 0, 0, 0], [0, 2, 0, 0, 0, 0, 0, 0, 0, 0], [0, 1, 0, 0, 0, 0, 0, 0, 0, 0], [5, 8, 0, 0, 0, 0, 0, 0, 0, 0], [8, 8, 0, 8, 8, 0, 0, 0, 0, 0]]}, {"input": [[2, 1, 0, 0, 0], [2, 9, 0, 0, 0], [2, 0, 0, 0, 0], [2, 0, 0, 7, 5], [7, 0, 4, 7, 8], [3, 5, 4, 1, 1]], "output": [[2, 1, 0, 0, 0, 0, 0, 0, 0, 0], [2, 9, 0, 0, 0, 0, 0, 0, 0, 0], [2, 0, 0, 0, 0, 0, 0, 0, 0, 0], [2, 0, 0, 7, 5, 0, 0, 0, 0, 0], [7, 0, 4, 7, 8, 0, 0, 0, 0, 0], [1, 1, 4, 5, 3, 0, 0, 0, 0, 0]]}, {"input": [[5, 5, 6, 0, 0, 0], [5, 6, 4, 0, 0, 0], [5, 6, 6, 0, 0, 0], [5, 5, 3, 8, 8, 8]], "output": [[5, 5, 6, 0, 0, 0, 0, 0, 0, 0, 0, 0], [5, 6, 4, 0, 0, 0, 0, 0, 0, 0, 0, 0], [5, 6, 6, 0, 0, 0, 0, 0, 0, 0, 0, 0], [5, 5, 3, 8, 8, 8, 0, 0, 0, 0, 0, 0]]}, {"input": [[0, 0, 4], [0, 0, 4], [1, 1, 4]], "output": [[0, 0, 4, 0, 0, 0], [0, 0, 4, 0, 0, 0], [1, 1, 4, 0, 0, 0]]}, {"input": [[3, 3, 9, 0, 0, 0], [0, 3, 3, 3, 5, 5], [0, 1, 1, 1, 4, 7], [0, 0, 1, 1, 4, 8]], "output": [[3, 3, 9, 0, 0, 0, 0, 0, 0, 0, 0, 0], [0, 3, 3, 3, 5, 5, 0, 0, 0, 0, 0, 0], [0, 1, 1, 1, 4, 7, 0, 0, 0, 0, 0, 0], [0, 0, 1, 1, 4, 8, 0, 0, 0, 0, 0, 0]]}, {"input": [[0, 0, 6, 6], [6, 6, 6, 0], [6, 0, 0, 0]], "output": [[0, 0, 6, 6, 0, 0, 0, 0], [6, 6, 6, 0, 0, 0, 0, 0], [6, 0, 0, 0, 0, 0, 0, 0]]}, {"input": [[0, 4, 0, 0], [0, 9, 0, 0], [0, 9, 9, 0], [0, 6, 0, 0], [6, 6, 0, 8], [2, 2, 2, 4]], "output": [[0, 4, 0, 0, 0, 0, 0, 0], [0, 9, 0, 0, 0, 0, 0, 0], [0, 9, 9, 0, 0, 0, 0, 0], [0, 6, 0, 0, 0, 0, 0, 0], [4, 2, 2, 2, 0, 0, 0, 0], [8, 2, 6, 6, 0, 0, 0, 0]]}, {"input": [[0, 5, 1, 1], [0, 5, 0, 0], [9, 8, 1, 0], [3, 4, 4, 0]], "output": [[0, 5, 1, 1, 0, 0, 0, 0], [0, 5, 0, 0, 0, 0, 0, 0], [9, 8, 1, 0, 0, 0, 0, 0], [3, 4, 4, 0, 0, 0, 0, 0]]}, {"input": [[1, 1, 1, 1, 1], [0, 0, 0, 0, 1], [0, 0, 0, 9, 3]], "output": [[1, 1, 1, 1, 1, 0, 0, 0, 0, 0], [0, 0, 0, 0, 1, 0, 0, 0, 0, 0], [0, 0, 0, 9, 3, 0, 0, 0, 0, 0]]}, {"input": [[0, 0, 5, 0], [7, 0, 6, 6], [3, 7, 7, 7], [3, 4, 4, 1]], "output": [[0, 0, 5, 0, 0, 0, 0, 0], [7, 0, 6, 6, 0, 0, 0, 0], [3, 7, 7, 7, 0, 0, 0, 0], [3, 4, 4, 1, 0, 0, 0, 0]]}, {"input": [[2, 1, 0, 0], [0, 1, 1, 1], [0, 0, 1, 0]], "output": [[2, 1, 0, 0, 0, 0, 0, 0], [0, 1, 1, 1, 0, 0, 0, 0], [0, 0, 1, 0, 0, 0, 0, 0]]}, {"input": [[0, 0, 1], [0, 0, 2], [0, 0, 6], [0, 0, 6], [4, 0, 6], [3, 2, 6]], "output": [[0, 0, 1, 0, 0, 0], [0, 0, 2, 0, 0, 0], [0, 0, 6, 0, 0, 0], [6, 2, 3, 0, 0, 0], [6, 0, 4, 0, 0, 0], [6, 2, 6, 0, 0, 0]]}, {"input": [[8, 6, 8, 9, 8], [3, 0, 0, 0, 6], [3, 0, 0, 0, 0]], "output": [[8, 6, 8, 9, 8, 0, 0, 0, 0, 0], [3, 0, 0, 0, 6, 0, 0, 0, 0, 0], [3, 0, 0, 0, 0, 0, 0, 0, 0, 0]]}, {"input": [[0, 0, 0, 0, 0, 6], [0, 0, 0, 0, 0, 6], [1, 0, 0, 0, 6, 2], [2, 2, 2, 6, 6, 2]], "output": [[0, 0, 0, 0, 0, 6, 0, 0, 0, 0, 0, 0], [0, 0, 0, 0, 0, 6, 0, 0, 0, 0, 0, 0], [1, 0, 0, 0, 6, 2, 0, 0, 0, 0, 0, 0], [2, 2, 2, 6, 6, 2, 0, 0, 0, 0, 0, 0]]}, {"input": [[0, 9, 5, 5, 5, 5], [0, 9, 9, 1, 0, 0], [1, 3, 9, 0, 0, 0], [0, 3, 0, 0, 0, 0]], "output": [[0, 9, 5, 5, 5, 5, 0, 0, 0, 0, 0, 0], [0, 9, 9, 1, 0, 0, 0, 0, 0, 0, 0, 0], [1, 3, 9, 0, 0, 0, 0, 0, 0, 0, 0, 0], [0, 3, 0, 0, 0, 0, 0, 0, 0, 0, 0, 0]]}, {"input": [[9, 0, 9, 0, 0], [9, 9, 9, 0, 0], [9, 9, 2, 3, 3], [0, 3, 3, 0, 3], [0, 0, 3, 3, 3]], "output": [[9, 0, 9, 0, 0, 0, 0, 0, 0, 0], [9, 9, 9, 0, 0, 0, 0, 0, 0, 0], [9, 9, 2, 3, 3, 0, 0, 0, 0, 0], [0, 3, 3, 0, 3, 0, 0, 0, 0, 0], [0, 0, 3, 3, 3, 0, 0, 0, 0, 0]]}, {"input": [[2, 2, 2, 2], [2, 0, 0, 0], [2, 1, 0, 0], [2, 2, 1, 0], [6, 1, 1, 0]], "output": [[2, 2, 2, 2, 0, 0, 0, 0], [2, 0, 0, 0, 0, 0, 0, 0], [2, 1, 0, 0, 0, 0, 0, 0], [2, 2, 1, 0, 0, 0, 0, 0], [6, 1, 1, 6, 0, 0, 0, 0]]}, {"input": [[4, 4, 6, 6, 6, 6], [4, 0, 0, 0, 6, 5], [7, 7, 0, 0, 0, 0], [7, 7, 0, 0, 0, 0], [7, 5, 0, 0, 0, 0]], "output": [[4, 4, 6, 6, 6, 6, 0, 0, 0, 0, 0, 0], [4, 0, 0, 0, 6, 5, 0, 0, 0, 0, 0, 0], [7, 7, 0, 0, 0, 0, 0, 0, 0, 0, 0, 0], [7, 7, 0, 0, 0, 0, 0, 0, 0, 0, 0, 0], [7, 5, 0, 0, 0, 0, 0, 0, 0, 0, 0, 0]]}, {"input": [[1, 0, 0, 0, 0], [7, 0, 0, 0, 0], [8, 8, 0, 0, 0], [8, 8, 8, 0, 0], [6, 6, 7, 2, 2]], "output": [[1, 0, 0, 0, 0, 0, 0, 0, 0, 0], [7, 0, 0, 0, 0, 0, 0, 0, 0, 0], [8, 8, 0, 0, 0, 0, 0, 0, 0, 0], [8, 8, 8, 0, 0, 0, 0, 0, 0, 0], [6, 6, 7, 2, 2, 0, 0, 0, 0, 0]]}, {"input": [[0, 0, 3, 0, 2, 2], [0, 0, 3, 3, 9, 9], [0, 0, 3, 2, 9, 2], [1, 1, 9, 1, 9, 4]], "output": [[0, 0, 3, 0, 2, 2, 0, 0, 0, 0, 0, 0], [0, 0, 3, 3, 9, 9, 0, 0, 0, 0, 0, 0], [0, 0, 3, 2, 9, 2, 0, 0, 0, 0, 0, 0], [1, 1, 9, 1, 9, 4, 0, 0, 0, 0, 0, 0]]}, {"input": [[0, 0, 9], [0, 5, 9], [8, 5, 0]], "output": [[0, 0, 9, 0, 0, 0], [0, 5, 9, 0, 0, 0], [8, 5, 0, 0, 0, 0]]}, {"input": [[5, 0, 0], [5, 2, 2], [6, 0, 0], [1, 0, 0]], "output": [[5, 0, 0, 0, 0, 0], [5, 2, 2, 0, 0, 0], [6, 0, 0, 0, 0, 0], [1, 0, 1, 0, 0, 0]]}, {"input": [[7, 7, 7, 4, 4, 1], [7, 7, 7, 7, 1, 1], [0, 3, 2, 1, 1, 1], [0, 0, 0, 1, 1, 7], [0, 0, 0, 0, 6, 7]], "output": [[7, 7, 7, 4, 4, 1, 0, 0, 0, 0, 0, 0], [7, 7, 7, 7, 1, 1, 0, 0, 0, 0, 0, 0], [0, 3, 2, 1, 1, 1, 0, 0, 0, 0, 0, 0], [0, 0, 0, 1, 1, 7, 0, 0, 0, 0, 0, 0], [0, 0, 0, 0, 6, 7, 0, 0, 0, 0, 0, 0]]}], "test": [{"input": [[9, 9, 5, 5, 0], [0, 0, 4, 0, 0], [0, 0, 1, 0, 0], [0, 9, 6, 6, 9]], "output": [[9, 9, 5, 5, 0, 0, 0, 0, 0, 0], [0, 0, 4, 0, 0, 0, 0, 0, 0, 0], [0, 0, 1, 0, 0, 0, 0, 0, 0, 0], [0, 9, 6, 6, 9, 0, 0, 0, 0, 0]]}, {"input": [[3, 1, 0, 0, 0], [1, 2, 0, 0, 0], [5, 9, 0, 4, 7], [3, 3, 4, 4, 7], [1, 9, 6, 0, 0]], "output": [[3, 1, 0, 0, 0, 0, 0, 0, 0, 0], [1, 2, 0, 0, 0, 0, 0, 0, 0, 0], [5, 9, 0, 4, 7, 0, 0, 0, 0, 0], [3, 3, 4, 4, 7, 0, 0, 0, 0, 0], [1, 9, 6, 0, 0, 0, 0, 0, 0, 0]]}, {"input": [[0, 0, 3, 2], [3, 2, 9, 2], [1, 0, 2, 2], [1, 4, 0, 8], [1, 4, 5, 0], [0, 6, 9, 9]], "output": [[0, 0, 3, 2, 0, 0, 0, 0], [3, 2, 9, 2, 0, 0, 0, 0], [1, 0, 2, 2, 0, 0, 0, 0], [1, 4, 0, 8, 0, 0, 0, 0], [9, 9, 6, 0, 0, 0, 0, 0], [0, 5, 4, 1, 0, 0, 0, 0]]}]}