{"train": [{"input": [[0, 0, 0, 0, 0, 0, 0, 0, 0, 0, 0, 0, 0, 0, 0, 0, 0], [0, 0, 0, 0, 0, 0, 4, 0, 0, 0, 0, 0, 0, 0, 0, 0, 0], [1, 0, 4, 0, 0, 4, 4, 4, 0, 2, 0, 0, 0, 0, 0, 0, 0], [1, 4, 4, 4, 4, 0, 4, 0, 4, 2, 2, 0, 0, 0, 0, 0, 0], [4, 1, 4, 4, 4, 0, 4, 0, 0, 4, 4, 0, 0, 0, 0, 0, 0], [0, 0, 4, 0, 0, 4, 0, 0, 0, 4, 4, 4, 0, 1, 0, 0, 0], [0, 0, 0, 0, 0, 0, 3, 3, 4, 0, 4, 0, 4, 1, 1, 0, 0], [0, 0, 0, 0, 0, 0, 3, 3, 0, 0, 4, 1, 1, 4, 1, 1, 2], [0, 0, 0, 0, 0, 0, 3, 3, 0, 0, 0, 0, 0, 0, 0, 2, 2], [0, 0, 0, 0, 0, 0, 0, 0, 0, 0, 0, 2, 0, 0, 2, 2, 2], [0, 0, 0, 0, 0, 0, 0, 0, 0, 0, 2, 2, 2, 0, 0, 1, 2], [0, 0, 0, 0, 0, 0, 0, 0, 0, 0, 0, 2, 0, 0, 1, 1, 1], [0, 0, 0, 0, 0, 0, 0, 0, 0, 0, 0, 0, 0, 1, 1, 1, 1]], "output": [[0, 0, 0, 0, 0, 0, 0, 0, 0, 0, 0, 0, 0, 0, 0, 0, 0], [0, 0, 0, 0, 0, 0, 5, 0, 0, 0, 0, 0, 0, 0, 0, 0, 0], [1, 0, 5, 0, 0, 5, 5, 5, 0, 7, 0, 0, 0, 0, 0, 0, 0], [1, 5, 5, 5, 5, 0, 5, 0, 5, 7, 7, 0, 0, 0, 0, 0, 0], [5, 1, 5, 5, 5, 0, 5, 0, 0, 5, 5, 0, 0, 0, 0, 0, 0], [0, 0, 5, 0, 0, 5, 0, 0, 0, 5, 5, 5, 0, 1, 0, 0, 0], [0, 0, 0, 0, 0, 0, 8, 8, 5, 0, 5, 0, 5, 1, 1, 0, 0], [0, 0, 0, 0, 0, 0, 8, 8, 0, 0, 5, 1, 1, 5, 1, 1, 7], [0, 0, 0, 0, 0, 0, 8, 8, 0, 0, 0, 0, 0, 0, 0, 7, 7], [0, 0, 0, 0, 0, 0, 0, 0, 0, 0, 0, 7, 0, 0, 7, 7, 7], [0, 0, 0, 0, 0, 0, 0, 0, 0, 0, 7, 7, 7, 0, 0, 1, 7], [0, 0, 0, 0, 0, 0, 0, 0, 0, 0, 0, 7, 0, 0, 1, 1, 1], [0, 0, 0, 0, 0, 0, 0, 0, 0, 0, 0, 0, 0, 1, 1, 1, 1]]}, {"input": [[0, 0, 0, 0, 0, 0, 0, 4, 0, 0, 0, 0, 0, 0, 0], [0, 0, 0, 0, 0, 2, 4, 4, 4, 0, 0, 0, 3, 3, 3], [0, 0, 0, 0, 2, 2, 2, 0, 0, 0, 0, 0, 3, 3, 3], [1, 0, 0, 0, 0, 2, 0, 0, 0, 0, 0, 0, 3, 3, 3], [1, 1, 0, 0, 0, 0, 0, 0, 3, 3, 3, 3, 3, 3, 3], [2, 1, 1, 0, 0, 0, 0, 0, 3, 3, 3, 3, 3, 3, 0], [2, 2, 1, 1, 0, 0, 0, 0, 3, 3, 3, 3, 3, 3, 0], [2, 0, 0, 0, 0, 0, 0, 0, 3, 3, 3, 3, 3, 3, 2], [0, 0, 0, 0, 0, 0, 0, 0, 0, 0, 3, 3, 3, 3, 2], [0, 0, 0, 1, 0, 0, 0, 0, 0, 0, 1, 1, 1, 2, 2], [0, 0, 1, 1, 1, 0, 0, 0, 0, 0, 0, 0, 0, 2, 0], [0, 1, 1, 1, 1, 1, 0, 0, 0, 0, 0, 0, 0, 0, 0]], "output": [[0, 0, 0, 0, 0, 0, 0, 5, 0, 0, 0, 0, 0, 0, 0], [0, 0, 0, 0, 0, 7, 5, 5, 5, 0, 0, 0, 8, 8, 8], [0, 0, 0, 0, 7, 7, 7, 0, 0, 0, 0, 0, 8, 8, 8], [1, 0, 0, 0, 0, 7, 0, 0, 0, 0, 0, 0, 8, 8, 8], [1, 1, 0, 0, 0, 0, 0, 0, 8, 8, 8, 8, 8, 8, 8], [7, 1, 1, 0, 0, 0, 0, 0, 8, 8, 8, 8, 8, 8, 0], [7, 7, 1, 1, 0, 0, 0, 0, 8, 8, 8, 8, 8, 8, 0], [7, 0, 0, 0, 0, 0, 0, 0, 8, 8, 8, 8, 8, 8, 7], [0, 0, 0, 0, 0, 0, 0, 0, 0, 0, 8, 8, 8, 8, 7], [0, 0, 0, 1, 0, 0, 0, 0, 0, 0, 1, 1, 1, 7, 7], [0, 0, 1, 1, 1, 0, 0, 0, 0, 0, 0, 0, 0, 7, 0], [0, 1, 1, 1, 1, 1, 0, 0, 0, 0, 0, 0, 0, 0, 0]]}, {"input": [[4, 0, 0, 0, 0, 0, 0, 0, 0, 0, 0, 0, 2, 2, 2, 0], [4, 4, 0, 0, 0, 0, 0, 0, 0, 0, 0, 2, 2, 2, 2, 2], [4, 3, 4, 3, 0, 0, 3, 3, 0, 0, 0, 0, 1, 2, 2, 0], [3, 3, 3, 3, 3, 3, 3, 3, 0, 0, 0, 1, 1, 1, 0, 0], [3, 3, 3, 3, 3, 3, 3, 0, 0, 0, 1, 1, 1, 1, 1, 0], [3, 3, 3, 3, 3, 3, 3, 0, 0, 1, 1, 1, 1, 1, 1, 1], [0, 0, 0, 3, 3, 3, 3, 0, 0, 3, 3, 3, 0, 0, 4, 4], [0, 0, 0, 3, 3, 3, 3, 0, 0, 3, 3, 3, 0, 4, 0, 4], [0, 0, 0, 3, 3, 3, 3, 0, 0, 0, 0, 0, 4, 0, 0, 4], [0, 0, 0, 3, 3, 3, 3, 0, 0, 0, 0, 0, 0, 0, 0, 0], [0, 0, 0, 3, 3, 3, 3, 0, 0, 0, 0, 0, 0, 0, 0, 0], [0, 0, 0, 0, 0, 0, 0, 0, 0, 0, 0, 0, 0, 0, 0, 0]], "output": [[5, 0, 0, 0, 0, 0, 0, 0, 0, 0, 0, 0, 7, 7, 7, 0], [5, 5, 0, 0, 0, 0, 0, 0, 0, 0, 0, 7, 7, 7, 7, 7], [5, 8, 5, 8, 0, 0, 8, 8, 0, 0, 0, 0, 1, 7, 7, 0], [8, 8, 8, 8, 8, 8, 8, 8, 0, 0, 0, 1, 1, 1, 0, 0], [8, 8, 8, 8, 8, 8, 8, 0, 0, 0, 1, 1, 1, 1, 1, 0], [8, 8, 8, 8, 8, 8, 8, 0, 0, 1, 1, 1, 1, 1, 1, 1], [0, 0, 0, 8, 8, 8, 8, 0, 0, 8, 8, 8, 0, 0, 5, 5], [0, 0, 0, 8, 8, 8, 8, 0, 0, 8, 8, 8, 0, 5, 0, 5], [0, 0, 0, 8, 8, 8, 8, 0, 0, 0, 0, 0, 5, 0, 0, 5], [0, 0, 0, 8, 8, 8, 8, 0, 0, 0, 0, 0, 0, 0, 0, 0], [0, 0, 0, 8, 8, 8, 8, 0, 0, 0, 0, 0, 0, 0, 0, 0], [0, 0, 0, 0, 0, 0, 0, 0, 0, 0, 0, 0, 0, 0, 0, 0]]}, {"input": [[0, 3, 3, 0, 0, 0, 4, 0, 0, 0, 0, 0, 0, 0], [0, 3, 3, 0, 0, 4, 4, 4, 0, 0, 0, 0, 0, 0], [0, 0, 0, 0, 4, 0, 4, 0, 4, 0, 0, 0, 0, 0], [0, 0, 0, 4, 0, 0, 4, 0, 0, 4, 0, 0, 0, 0], [0, 0, 0, 0, 0, 0, 0, 0, 0, 0, 0, 0, 0, 0], [0, 0, 0, 0, 3, 1, 3, 0, 0, 0, 0, 0, 0, 0], [0, 0, 0, 0, 1, 1, 1, 0, 0, 0, 0, 0, 0, 0], [0, 0, 0, 1, 1, 1, 1, 1, 4, 0, 0, 2, 0, 0], [1, 0, 2, 2, 2, 2, 2, 4, 4, 4, 2, 2, 2, 0], [1, 1, 0, 2, 2, 2, 4, 3, 4, 2, 2, 2, 2, 2], [1, 1, 1, 0, 2, 4, 3, 3, 4, 0, 2, 2, 2, 0], [0, 0, 0, 0, 3, 3, 3, 3, 3, 3, 3, 2, 0, 0], [0, 0, 0, 0, 3, 3, 3, 3, 3, 3, 3, 0, 0, 0], [0, 0, 0, 0, 0, 0, 0, 0, 3, 3, 3, 0, 0, 0]], "output": [[0, 8, 8, 0, 0, 0, 5, 0, 0, 0, 0, 0, 0, 0], [0, 8, 8, 0, 0, 5, 5, 5, 0, 0, 0, 0, 0, 0], [0, 0, 0, 0, 5, 0, 5, 0, 5, 0, 0, 0, 0, 0], [0, 0, 0, 5, 0, 0, 5, 0, 0, 5, 0, 0, 0, 0], [0, 0, 0, 0, 0, 0, 0, 0, 0, 0, 0, 0, 0, 0], [0, 0, 0, 0, 8, 1, 8, 0, 0, 0, 0, 0, 0, 0], [0, 0, 0, 0, 1, 1, 1, 0, 0, 0, 0, 0, 0, 0], [0, 0, 0, 1, 1, 1, 1, 1, 5, 0, 0, 7, 0, 0], [1, 0, 7, 7, 7, 7, 7, 5, 5, 5, 7, 7, 7, 0], [1, 1, 0, 7, 7, 7, 5, 8, 5, 7, 7, 7, 7, 7], [1, 1, 1, 0, 7, 5, 8, 8, 5, 0, 7, 7, 7, 0], [0, 0, 0, 0, 8, 8, 8, 8, 8, 8, 8, 7, 0, 0], [0, 0, 0, 0, 8, 8, 8, 8, 8, 8, 8, 0, 0, 0], [0, 0, 0, 0, 0, 0, 0, 0, 8, 8, 8, 0, 0, 0]]}, {"input": [[0, 0, 0, 0, 0, 0, 0, 0, 0, 0, 0, 4, 0, 0], [0, 0, 0, 0, 0, 0, 0, 0, 0, 0, 4, 4, 4, 0], [0, 0, 0, 0, 0, 0, 0, 0, 0, 4, 0, 4, 0, 4], [0, 0, 0, 0, 0, 0, 0, 0, 4, 0, 0, 4, 0, 0], [0, 0, 4, 0, 0, 0, 0, 0, 0, 0, 0, 0, 2, 0], [0, 4, 4, 4, 0, 0, 0, 0, 0, 0, 0, 2, 2, 2], [4, 4, 4, 0, 4, 4, 0, 0, 0, 0, 0, 0, 2, 0], [0, 0, 0, 0, 4, 4, 4, 0, 0, 0, 0, 0, 0, 0], [0, 0, 0, 4, 0, 4, 0, 4, 0, 0, 0, 0, 0, 0], [0, 0, 4, 0, 0, 4, 0, 0, 4, 0, 0, 0, 0, 0], [0, 0, 0, 0, 0, 0, 0, 0, 0, 0, 0, 0, 0, 2], [0, 0, 0, 0, 0, 0, 0, 0, 0, 0, 0, 0, 2, 2], [0, 0, 0, 0, 0, 0, 0, 0, 0, 0, 0, 0, 0, 2], [0, 0, 0, 0, 0, 0, 0, 0, 0, 0, 0, 0, 0, 0], [0, 0, 0, 0, 2, 0, 0, 0, 0, 0, 0, 0, 0, 0], [0, 0, 0, 2, 2, 2, 0, 4, 0, 0, 0, 0, 0, 0], [0, 0, 0, 0, 2, 0, 4, 4, 4, 0, 0, 0, 0, 0]], "output": [[0, 0, 0, 0, 0, 0, 0, 0, 0, 0, 0, 5, 0, 0], [0, 0, 0, 0, 0, 0, 0, 0, 0, 0, 5, 5, 5, 0], [0, 0, 0, 0, 0, 0, 0, 0, 0, 5, 0, 5, 0, 5], [0, 0, 0, 0, 0, 0, 0, 0, 5, 0, 0, 5, 0, 0], [0, 0, 5, 0, 0, 0, 0, 0, 0, 0, 0, 0, 7, 0], [0, 5, 5, 5, 0, 0, 0, 0, 0, 0, 0, 7, 7, 7], [5, 5, 5, 0, 5, 5, 0, 0, 0, 0, 0, 0, 7, 0], [0, 0, 0, 0, 5, 5, 5, 0, 0, 0, 0, 0, 0, 0], [0, 0, 0, 5, 0, 5, 0, 5, 0, 0, 0, 0, 0, 0], [0, 0, 5, 0, 0, 5, 0, 0, 5, 0, 0, 0, 0, 0], [0, 0, 0, 0, 0, 0, 0, 0, 0, 0, 0, 0, 0, 7], [0, 0, 0, 0, 0, 0, 0, 0, 0, 0, 0, 0, 7, 7], [0, 0, 0, 0, 0, 0, 0, 0, 0, 0, 0, 0, 0, 7], [0, 0, 0, 0, 0, 0, 0, 0, 0, 0, 0, 0, 0, 0], [0, 0, 0, 0, 7, 0, 0, 0, 0, 0, 0, 0, 0, 0], [0, 0, 0, 7, 7, 7, 0, 5, 0, 0, 0, 0, 0, 0], [0, 0, 0, 0, 7, 0, 5, 5, 5, 0, 0, 0, 0, 0]]}, {"input": [[0, 0, 0, 0, 0, 0, 0, 0, 0, 0, 0, 0, 0, 0, 0], [0, 0, 0, 0, 0, 0, 0, 0, 0, 0, 0, 0, 0, 0, 0], [0, 0, 0, 0, 2, 0, 0, 0, 0, 0, 0, 0, 0, 0, 0], [0, 0, 0, 2, 2, 2, 0, 0, 0, 0, 0, 0, 0, 0, 0], [0, 0, 0, 0, 2, 0, 0, 0, 0, 0, 0, 0, 1, 0, 0], [0, 0, 0, 0, 0, 0, 0, 0, 0, 0, 0, 1, 1, 1, 0], [0, 0, 0, 0, 0, 0, 0, 0, 0, 0, 1, 1, 1, 1, 1], [0, 0, 0, 0, 0, 0, 0, 0, 0, 0, 0, 0, 0, 0, 0], [0, 0, 0, 0, 0, 0, 0, 0, 4, 0, 0, 0, 0, 0, 0], [0, 0, 0, 0, 0, 0, 0, 4, 4, 4, 0, 0, 0, 0, 0], [0, 0, 0, 0, 0, 0, 4, 0, 4, 0, 4, 0, 0, 0, 0], [0, 0, 0, 0, 0, 0, 0, 0, 0, 0, 0, 0, 0, 0, 0], [0, 0, 0, 0, 0, 0, 0, 0, 0, 0, 0, 0, 0, 0, 0], [0, 0, 0, 0, 0, 0, 0, 0, 0, 0, 0, 0, 0, 0, 0], [0, 0, 0, 0, 0, 0, 0, 0, 0, 0, 0, 0, 0, 0, 0], [0, 0, 0, 1, 0, 0, 0, 0, 0, 0, 0, 0, 0, 0, 0], [0, 0, 1, 1, 1, 0, 0, 0, 0, 0, 0, 0, 0, 0, 0], [0, 1, 1, 1, 1, 1, 0, 0, 0, 0, 0, 0, 0, 0, 0], [0, 3, 3, 3, 3, 0, 0, 0, 0, 0, 0, 0, 0, 0, 0]], "output": [[0, 0, 0, 0, 0, 0, 0, 0, 0, 0, 0, 0, 0, 0, 0], [0, 0, 0, 0, 0, 0, 0, 0, 0, 0, 0, 0, 0, 0, 0], [0, 0, 0, 0, 7, 0, 0, 0, 0, 0, 0, 0, 0, 0, 0], [0, 0, 0, 7, 7, 7, 0, 0, 0, 0, 0, 0, 0, 0, 0], [0, 0, 0, 0, 7, 0, 0, 0, 0, 0, 0, 0, 1, 0, 0], [0, 0, 0, 0, 0, 0, 0, 0, 0, 0, 0, 1, 1, 1, 0], [0, 0, 0, 0, 0, 0, 0, 0, 0, 0, 1, 1, 1, 1, 1], [0, 0, 0, 0, 0, 0, 0, 0, 0, 0, 0, 0, 0, 0, 0], [0, 0, 0, 0, 0, 0, 0, 0, 5, 0, 0, 0, 0, 0, 0], [0, 0, 0, 0, 0, 0, 0, 5, 5, 5, 0, 0, 0, 0, 0], [0, 0, 0, 0, 0, 0, 5, 0, 5, 0, 5, 0, 0, 0, 0], [0, 0, 0, 0, 0, 0, 0, 0, 0, 0, 0, 0, 0, 0, 0], [0, 0, 0, 0, 0, 0, 0, 0, 0, 0, 0, 0, 0, 0, 0], [0, 0, 0, 0, 0, 0, 0, 0, 0, 0, 0, 0, 0, 0, 0], [0, 0, 0, 0, 0, 0, 0, 0, 0, 0, 0, 0, 0, 0, 0], [0, 0, 0, 1, 0, 0, 0, 0, 0, 0, 0, 0, 0, 0, 0], [0, 0, 1, 1, 1, 0, 0, 0, 0, 0, 0, 0, 0, 0, 0], [0, 1, 1, 1, 1, 1, 0, 0, 0, 0, 0, 0, 0, 0, 0], [0, 8, 8, 8, 8, 0, 0, 0, 0, 0, 0, 0, 0, 0, 0]]}, {"input": [[0, 0, 0, 0, 0, 0, 3, 3, 0, 0, 2, 2, 2, 0, 0, 1], [0, 0, 0, 0, 0, 3, 3, 3, 3, 2, 2, 2, 2, 2, 1, 1], [0, 0, 4, 0, 0, 3, 3, 3, 3, 2, 2, 2, 2, 0, 0, 0], [0, 4, 4, 4, 0, 3, 3, 3, 3, 0, 0, 2, 0, 0, 0, 0], [4, 0, 4, 0, 4, 3, 3, 3, 3, 0, 0, 0, 0, 0, 0, 0], [0, 0, 0, 0, 3, 3, 3, 3, 0, 0, 0, 0, 0, 0, 0, 0], [0, 0, 1, 0, 3, 3, 3, 3, 0, 0, 0, 0, 0, 0, 0, 0], [0, 1, 1, 1, 3, 3, 3, 3, 0, 0, 0, 0, 0, 0, 0, 0], [0, 1, 1, 1, 0, 0, 0, 0, 0, 0, 0, 0, 0, 0, 0, 0], [1, 1, 1, 1, 1, 0, 0, 0, 0, 0, 0, 0, 0, 3, 3, 0], [0, 3, 3, 3, 3, 3, 3, 3, 0, 0, 0, 0, 0, 3, 3, 0]], "output": [[0, 0, 0, 0, 0, 0, 8, 8, 0, 0, 7, 7, 7, 0, 0, 1], [0, 0, 0, 0, 0, 8, 8, 8, 8, 7, 7, 7, 7, 7, 1, 1], [0, 0, 5, 0, 0, 8, 8, 8, 8, 7, 7, 7, 7, 0, 0, 0], [0, 5, 5, 5, 0, 8, 8, 8, 8, 0, 0, 7, 0, 0, 0, 0], [5, 0, 5, 0, 5, 8, 8, 8, 8, 0, 0, 0, 0, 0, 0, 0], [0, 0, 0, 0, 8, 8, 8, 8, 0, 0, 0, 0, 0, 0, 0, 0], [0, 0, 1, 0, 8, 8, 8, 8, 0, 0, 0, 0, 0, 0, 0, 0], [0, 1, 1, 1, 8, 8, 8, 8, 0, 0, 0, 0, 0, 0, 0, 0], [0, 1, 1, 1, 0, 0, 0, 0, 0, 0, 0, 0, 0, 0, 0, 0], [1, 1, 1, 1, 1, 0, 0, 0, 0, 0, 0, 0, 0, 8, 8, 0], [0, 8, 8, 8, 8, 8, 8, 8, 0, 0, 0, 0, 0, 8, 8, 0]]}, {"input": [[0, 0, 2, 0, 0, 0, 0, 0, 0, 0, 0, 0, 0, 0, 0, 0, 0, 0], [0, 2, 2, 2, 0, 0, 0, 0, 0, 0, 0, 0, 0, 0, 0, 0, 0, 0], [2, 2, 2, 2, 2, 0, 0, 0, 0, 0, 0, 0, 0, 0, 0, 4, 0, 0], [0, 2, 2, 2, 0, 0, 0, 0, 0, 0, 0, 0, 0, 0, 4, 4, 4, 1], [0, 0, 2, 0, 0, 0, 0, 0, 0, 0, 0, 1, 0, 0, 0, 0, 1, 1], [3, 3, 3, 3, 0, 0, 0, 0, 0, 0, 1, 2, 1, 0, 0, 4, 0, 0], [3, 3, 3, 3, 2, 0, 0, 0, 0, 0, 2, 2, 2, 0, 4, 4, 4, 0], [3, 3, 3, 3, 2, 2, 0, 0, 0, 2, 2, 2, 2, 2, 0, 0, 0, 0], [3, 3, 3, 3, 2, 0, 0, 0, 0, 0, 2, 2, 2, 0, 0, 0, 0, 0], [0, 0, 0, 2, 0, 0, 0, 0, 0, 0, 2, 2, 2, 0, 0, 0, 0, 0], [0, 0, 0, 0, 0, 0, 0, 0, 0, 0, 0, 2, 2, 2, 0, 0, 0, 0], [0, 0, 0, 0, 0, 0, 0, 0, 0, 0, 2, 2, 2, 2, 2, 0, 0, 0], [0, 0, 0, 0, 0, 0, 0, 0, 4, 0, 0, 2, 2, 2, 0, 0, 0, 0], [0, 0, 0, 0, 0, 0, 0, 4, 4, 4, 0, 0, 2, 0, 0, 0, 0, 0], [0, 0, 0, 0, 0, 0, 0, 0, 0, 0, 0, 0, 0, 0, 0, 0, 0, 0], [0, 0, 0, 0, 0, 0, 3, 3, 3, 3, 0, 0, 0, 0, 0, 0, 0, 4], [0, 0, 0, 0, 0, 0, 3, 3, 3, 3, 0, 0, 0, 0, 0, 0, 4, 4], [0, 0, 0, 0, 0, 0, 3, 3, 3, 3, 0, 0, 0, 0, 0, 4, 0, 4]], "output": [[0, 0, 7, 0, 0, 0, 0, 0, 0, 0, 0, 0, 0, 0, 0, 0, 0, 0], [0, 7, 7, 7, 0, 0, 0, 0, 0, 0, 0, 0, 0, 0, 0, 0, 0, 0], [7, 7, 7, 7, 7, 0, 0, 0, 0, 0, 0, 0, 0, 0, 0, 5, 0, 0], [0, 7, 7, 7, 0, 0, 0, 0, 0, 0, 0, 0, 0, 0, 5, 5, 5, 1], [0, 0, 7, 0, 0, 0, 0, 0, 0, 0, 0, 1, 0, 0, 0, 0, 1, 1], [8, 8, 8, 8, 0, 0, 0, 0, 0, 0, 1, 7, 1, 0, 0, 5, 0, 0], [8, 8, 8, 8, 7, 0, 0, 0, 0, 0, 7, 7, 7, 0, 5, 5, 5, 0], [8, 8, 8, 8, 7, 7, 0, 0, 0, 7, 7, 7, 7, 7, 0, 0, 0, 0], [8, 8, 8, 8, 7, 0, 0, 0, 0, 0, 7, 7, 7, 0, 0, 0, 0, 0], [0, 0, 0, 7, 0, 0, 0, 0, 0, 0, 7, 7, 7, 0, 0, 0, 0, 0], [0, 0, 0, 0, 0, 0, 0, 0, 0, 0, 0, 7, 7, 7, 0, 0, 0, 0], [0, 0, 0, 0, 0, 0, 0, 0, 0, 0, 7, 7, 7, 7, 7, 0, 0, 0], [0, 0, 0, 0, 0, 0, 0, 0, 5, 0, 0, 7, 7, 7, 0, 0, 0, 0], [0, 0, 0, 0, 0, 0, 0, 5, 5, 5, 0, 0, 7, 0, 0, 0, 0, 0], [0, 0, 0, 0, 0, 0, 0, 0, 0, 0, 0, 0, 0, 0, 0, 0, 0, 0], [0, 0, 0, 0, 0, 0, 8, 8, 8, 8, 0, 0, 0, 0, 0, 0, 0, 5], [0, 0, 0, 0, 0, 0, 8, 8, 8, 8, 0, 0, 0, 0, 0, 0, 5, 5], [0, 0, 0, 0, 0, 0, 8, 8, 8, 8, 0, 0, 0, 0, 0, 5, 0, 5]]}, {"input": [[0, 0, 0, 0, 0, 0, 0, 0, 0, 0, 0, 0], [0, 0, 3, 3, 3, 0, 0, 0, 0, 0, 0, 0], [0, 2, 3, 3, 3, 0, 0, 0, 0, 0, 0, 0], [2, 2, 3, 3, 3, 0, 0, 0, 0, 2, 2, 0], [0, 2, 0, 0, 0, 4, 0, 0, 2, 2, 2, 2], [0, 0, 0, 2, 4, 4, 4, 2, 2, 2, 2, 2], [0, 0, 2, 4, 2, 4, 0, 4, 2, 2, 2, 2], [0, 2, 4, 2, 2, 4, 1, 0, 4, 2, 2, 0], [0, 0, 2, 2, 2, 1, 1, 1, 0, 0, 0, 0], [0, 0, 0, 2, 1, 1, 1, 1, 1, 3, 3, 3], [0, 0, 0, 0, 0, 0, 0, 0, 3, 3, 3, 3], [0, 0, 0, 0, 0, 0, 0, 0, 3, 3, 3, 3], [0, 0, 0, 4, 0, 0, 0, 0, 3, 3, 3, 3], [0, 0, 4, 4, 4, 0, 0, 0, 0, 0, 0, 0], [0, 4, 0, 4, 0, 4, 0, 0, 0, 0, 0, 0]], "output": [[0, 0, 0, 0, 0, 0, 0, 0, 0, 0, 0, 0], [0, 0, 8, 8, 8, 0, 0, 0, 0, 0, 0, 0], [0, 7, 8, 8, 8, 0, 0, 0, 0, 0, 0, 0], [7, 7, 8, 8, 8, 0, 0, 0, 0, 7, 7, 0], [0, 7, 0, 0, 0, 5, 0, 0, 7, 7, 7, 7], [0, 0, 0, 7, 5, 5, 5, 7, 7, 7, 7, 7], [0, 0, 7, 5, 7, 5, 0, 5, 7, 7, 7, 7], [0, 7, 5, 7, 7, 5, 1, 0, 5, 7, 7, 0], [0, 0, 7, 7, 7, 1, 1, 1, 0, 0, 0, 0], [0, 0, 0, 7, 1, 1, 1, 1, 1, 8, 8, 8], [0, 0, 0, 0, 0, 0, 0, 0, 8, 8, 8, 8], [0, 0, 0, 0, 0, 0, 0, 0, 8, 8, 8, 8], [0, 0, 0, 5, 0, 0, 0, 0, 8, 8, 8, 8], [0, 0, 5, 5, 5, 0, 0, 0, 0, 0, 0, 0], [0, 5, 0, 5, 0, 5, 0, 0, 0, 0, 0, 0]]}, {"input": [[0, 0, 2, 0, 0, 0, 4, 0, 0, 0, 0], [0, 2, 2, 2, 0, 4, 4, 4, 0, 0, 0], [4, 2, 2, 2, 4, 0, 4, 0, 4, 0, 0], [4, 4, 2, 4, 0, 0, 4, 0, 4, 4, 0], [4, 0, 4, 0, 0, 0, 0, 4, 1, 4, 0], [4, 0, 0, 4, 0, 0, 4, 1, 1, 1, 4], [0, 0, 0, 0, 0, 4, 2, 4, 0, 4, 0], [0, 0, 0, 0, 0, 2, 2, 2, 0, 0, 0], [0, 0, 0, 0, 2, 2, 2, 2, 2, 0, 0], [0, 0, 2, 1, 1, 2, 2, 2, 0, 0, 0], [0, 2, 2, 2, 1, 4, 1, 1, 1, 0, 0], [0, 0, 2, 0, 4, 1, 1, 1, 0, 0, 0], [0, 0, 0, 4, 0, 4, 0, 4, 0, 0, 0], [4, 0, 0, 0, 0, 0, 0, 3, 3, 3, 3]], "output": [[0, 0, 7, 0, 0, 0, 5, 0, 0, 0, 0], [0, 7, 7, 7, 0, 5, 5, 5, 0, 0, 0], [5, 7, 7, 7, 5, 0, 5, 0, 5, 0, 0], [5, 5, 7, 5, 0, 0, 5, 0, 5, 5, 0], [5, 0, 5, 0, 0, 0, 0, 5, 1, 5, 0], [5, 0, 0, 5, 0, 0, 5, 1, 1, 1, 5], [0, 0, 0, 0, 0, 5, 7, 5, 0, 5, 0], [0, 0, 0, 0, 0, 7, 7, 7, 0, 0, 0], [0, 0, 0, 0, 7, 7, 7, 7, 7, 0, 0], [0, 0, 7, 1, 1, 7, 7, 7, 0, 0, 0], [0, 7, 7, 7, 1, 5, 1, 1, 1, 0, 0], [0, 0, 7, 0, 5, 1, 1, 1, 0, 0, 0], [0, 0, 0, 5, 0, 5, 0, 5, 0, 0, 0], [5, 0, 0, 0, 0, 0, 0, 8, 8, 8, 8]]}, {"input": [[0, 0, 0, 0, 0, 0, 0, 0, 0, 0, 0], [0, 0, 0, 0, 0, 0, 0, 0, 0, 0, 0], [0, 0, 0, 0, 0, 0, 0, 0, 0, 0, 0], [0, 0, 0, 0, 0, 0, 0, 0, 0, 0, 4], [0, 0, 0, 0, 0, 0, 0, 0, 0, 4, 4], [0, 0, 0, 0, 0, 0, 0, 2, 4, 0, 4], [0, 0, 0, 0, 0, 0, 2, 2, 2, 0, 1], [0, 0, 0, 0, 0, 2, 2, 2, 2, 2, 1], [0, 0, 0, 0, 0, 0, 2, 2, 2, 1, 1], [0, 0, 0, 0, 0, 0, 3, 2, 3, 3, 1], [0, 0, 0, 0, 0, 1, 3, 3, 3, 3, 0], [0, 0, 0, 0, 1, 1, 1, 3, 3, 3, 0], [0, 0, 1, 1, 1, 1, 1, 1, 0, 0, 0], [0, 1, 1, 1, 1, 1, 1, 1, 1, 0, 0], [1, 1, 1, 1, 1, 0, 0, 0, 0, 0, 0], [1, 1, 1, 1, 1, 1, 0, 0, 0, 0, 0], [0, 0, 0, 0, 0, 0, 0, 0, 0, 0, 0], [0, 0, 0, 0, 0, 0, 0, 0, 0, 4, 0], [0, 0, 0, 0, 0, 0, 0, 0, 4, 4, 4]], "output": [[0, 0, 0, 0, 0, 0, 0, 0, 0, 0, 0], [0, 0, 0, 0, 0, 0, 0, 0, 0, 0, 0], [0, 0, 0, 0, 0, 0, 0, 0, 0, 0, 0], [0, 0, 0, 0, 0, 0, 0, 0, 0, 0, 5], [0, 0, 0, 0, 0, 0, 0, 0, 0, 5, 5], [0, 0, 0, 0, 0, 0, 0, 7, 5, 0, 5], [0, 0, 0, 0, 0, 0, 7, 7, 7, 0, 1], [0, 0, 0, 0, 0, 7, 7, 7, 7, 7, 1], [0, 0, 0, 0, 0, 0, 7, 7, 7, 1, 1], [0, 0, 0, 0, 0, 0, 8, 7, 8, 8, 1], [0, 0, 0, 0, 0, 1, 8, 8, 8, 8, 0], [0, 0, 0, 0, 1, 1, 1, 8, 8, 8, 0], [0, 0, 1, 1, 1, 1, 1, 1, 0, 0, 0], [0, 1, 1, 1, 1, 1, 1, 1, 1, 0, 0], [1, 1, 1, 1, 1, 0, 0, 0, 0, 0, 0], [1, 1, 1, 1, 1, 1, 0, 0, 0, 0, 0], [0, 0, 0, 0, 0, 0, 0, 0, 0, 0, 0], [0, 0, 0, 0, 0, 0, 0, 0, 0, 5, 0], [0, 0, 0, 0, 0, 0, 0, 0, 5, 5, 5]]}, {"input": [[0, 0, 0, 0, 0, 0, 0, 0, 0, 2, 1, 2, 2, 0, 0, 0, 0, 0, 0], [0, 0, 0, 0, 0, 0, 0, 0, 2, 1, 1, 1, 2, 2, 0, 0, 0, 0, 3], [0, 0, 0, 0, 1, 0, 0, 0, 1, 1, 1, 1, 1, 0, 0, 0, 0, 3, 3], [0, 0, 0, 1, 1, 1, 0, 1, 1, 1, 1, 1, 1, 1, 0, 0, 0, 3, 3], [0, 0, 1, 1, 1, 1, 1, 0, 0, 0, 0, 0, 0, 0, 0, 0, 0, 3, 3], [0, 1, 1, 1, 1, 1, 1, 1, 0, 0, 0, 0, 0, 0, 0, 1, 0, 0, 0], [0, 0, 0, 0, 0, 0, 0, 0, 0, 0, 0, 0, 0, 0, 1, 1, 1, 0, 0], [0, 0, 0, 0, 0, 0, 0, 0, 0, 0, 0, 0, 0, 1, 1, 1, 1, 1, 0], [0, 3, 3, 3, 3, 0, 0, 0, 0, 0, 0, 0, 0, 0, 0, 0, 0, 0, 0], [0, 3, 3, 3, 3, 0, 0, 0, 0, 0, 0, 0, 0, 0, 0, 0, 0, 0, 0], [2, 3, 3, 3, 3, 0, 0, 0, 0, 0, 0, 4, 0, 0, 0, 4, 0, 0, 0]], "output": [[0, 0, 0, 0, 0, 0, 0, 0, 0, 7, 1, 7, 7, 0, 0, 0, 0, 0, 0], [0, 0, 0, 0, 0, 0, 0, 0, 7, 1, 1, 1, 7, 7, 0, 0, 0, 0, 8], [0, 0, 0, 0, 1, 0, 0, 0, 1, 1, 1, 1, 1, 0, 0, 0, 0, 8, 8], [0, 0, 0, 1, 1, 1, 0, 1, 1, 1, 1, 1, 1, 1, 0, 0, 0, 8, 8], [0, 0, 1, 1, 1, 1, 1, 0, 0, 0, 0, 0, 0, 0, 0, 0, 0, 8, 8], [0, 1, 1, 1, 1, 1, 1, 1, 0, 0, 0, 0, 0, 0, 0, 1, 0, 0, 0], [0, 0, 0, 0, 0, 0, 0, 0, 0, 0, 0, 0, 0, 0, 1, 1, 1, 0, 0], [0, 0, 0, 0, 0, 0, 0, 0, 0, 0, 0, 0, 0, 1, 1, 1, 1, 1, 0], [0, 8, 8, 8, 8, 0, 0, 0, 0, 0, 0, 0, 0, 0, 0, 0, 0, 0, 0], [0, 8, 8, 8, 8, 0, 0, 0, 0, 0, 0, 0, 0, 0, 0, 0, 0, 0, 0], [7, 8, 8, 8, 8, 0, 0, 0, 0, 0, 0, 5, 0, 0, 0, 5, 0, 0, 0]]}, {"input": [[0, 0, 0, 0, 3, 3, 3, 3, 0, 0, 0, 0], [0, 0, 0, 0, 3, 3, 1, 3, 0, 0, 0, 0], [0, 0, 0, 0, 3, 1, 1, 1, 0, 0, 0, 0], [0, 0, 0, 0, 1, 1, 1, 1, 1, 0, 0, 0], [0, 0, 0, 1, 1, 1, 1, 1, 1, 1, 0, 0], [0, 0, 0, 0, 0, 0, 0, 0, 0, 0, 0, 0], [0, 1, 0, 0, 0, 0, 0, 0, 0, 0, 0, 0], [1, 1, 1, 0, 0, 0, 2, 0, 0, 0, 0, 0], [1, 1, 1, 1, 0, 2, 2, 2, 0, 0, 0, 0], [1, 1, 1, 0, 4, 1, 2, 1, 4, 0, 0, 0]], "output": [[0, 0, 0, 0, 8, 8, 8, 8, 0, 0, 0, 0], [0, 0, 0, 0, 8, 8, 1, 8, 0, 0, 0, 0], [0, 0, 0, 0, 8, 1, 1, 1, 0, 0, 0, 0], [0, 0, 0, 0, 1, 1, 1, 1, 1, 0, 0, 0], [0, 0, 0, 1, 1, 1, 1, 1, 1, 1, 0, 0], [0, 0, 0, 0, 0, 0, 0, 0, 0, 0, 0, 0], [0, 1, 0, 0, 0, 0, 0, 0, 0, 0, 0, 0], [1, 1, 1, 0, 0, 0, 7, 0, 0, 0, 0, 0], [1, 1, 1, 1, 0, 7, 7, 7, 0, 0, 0, 0], [1, 1, 1, 0, 5, 1, 7, 1, 5, 0, 0, 0]]}, {"input": [[0, 0, 0, 0, 0, 0, 0, 0, 0, 0, 0], [0, 0, 0, 2, 0, 2, 0, 0, 0, 0, 0], [0, 0, 2, 2, 2, 2, 2, 0, 0, 0, 0], [0, 2, 2, 2, 2, 2, 0, 3, 3, 3, 3], [0, 0, 2, 2, 2, 0, 0, 3, 3, 3, 3], [0, 0, 0, 2, 0, 0, 0, 3, 3, 3, 3], [0, 0, 0, 0, 0, 0, 0, 3, 3, 3, 3], [0, 0, 0, 0, 0, 0, 0, 0, 0, 0, 1], [0, 0, 0, 0, 0, 0, 0, 0, 1, 1, 1], [0, 0, 0, 0, 0, 0, 0, 1, 1, 1, 1], [0, 0, 0, 0, 0, 0, 0, 0, 3, 3, 0], [3, 3, 0, 0, 0, 0, 0, 0, 0, 0, 0], [3, 3, 0, 0, 0, 0, 0, 0, 0, 0, 0], [0, 0, 0, 0, 0, 0, 0, 0, 0, 0, 0], [0, 0, 0, 0, 0, 0, 0, 0, 0, 0, 0], [0, 0, 0, 0, 0, 0, 0, 0, 0, 0, 0], [0, 0, 0, 0, 0, 0, 0, 0, 0, 0, 0], [0, 0, 1, 0, 0, 0, 0, 0, 0, 0, 0], [0, 1, 1, 1, 0, 0, 0, 0, 0, 0, 0]], "output": [[0, 0, 0, 0, 0, 0, 0, 0, 0, 0, 0], [0, 0, 0, 7, 0, 7, 0, 0, 0, 0, 0], [0, 0, 7, 7, 7, 7, 7, 0, 0, 0, 0], [0, 7, 7, 7, 7, 7, 0, 8, 8, 8, 8], [0, 0, 7, 7, 7, 0, 0, 8, 8, 8, 8], [0, 0, 0, 7, 0, 0, 0, 8, 8, 8, 8], [0, 0, 0, 0, 0, 0, 0, 8, 8, 8, 8], [0, 0, 0, 0, 0, 0, 0, 0, 0, 0, 1], [0, 0, 0, 0, 0, 0, 0, 0, 1, 1, 1], [0, 0, 0, 0, 0, 0, 0, 1, 1, 1, 1], [0, 0, 0, 0, 0, 0, 0, 0, 8, 8, 0], [8, 8, 0, 0, 0, 0, 0, 0, 0, 0, 0], [8, 8, 0, 0, 0, 0, 0, 0, 0, 0, 0], [0, 0, 0, 0, 0, 0, 0, 0, 0, 0, 0], [0, 0, 0, 0, 0, 0, 0, 0, 0, 0, 0], [0, 0, 0, 0, 0, 0, 0, 0, 0, 0, 0], [0, 0, 0, 0, 0, 0, 0, 0, 0, 0, 0], [0, 0, 1, 0, 0, 0, 0, 0, 0, 0, 0], [0, 1, 1, 1, 0, 0, 0, 0, 0, 0, 0]]}, {"input": [[0, 0, 0, 0, 0, 0, 0, 0, 0, 0, 0, 0, 0, 0, 0, 0, 0, 0], [0, 0, 0, 0, 0, 0, 0, 0, 0, 0, 0, 0, 0, 0, 0, 0, 0, 0], [0, 0, 0, 0, 0, 0, 0, 0, 0, 0, 0, 0, 0, 0, 0, 0, 0, 0], [0, 0, 0, 0, 0, 0, 0, 0, 0, 0, 0, 0, 0, 0, 0, 0, 0, 0], [0, 0, 0, 0, 0, 0, 0, 0, 0, 0, 0, 0, 0, 0, 0, 0, 0, 0], [4, 0, 0, 0, 0, 0, 0, 0, 0, 0, 1, 0, 0, 0, 0, 0, 0, 0], [4, 4, 0, 0, 0, 0, 0, 0, 4, 1, 1, 1, 0, 1, 0, 0, 0, 1], [4, 0, 4, 0, 0, 0, 0, 4, 4, 4, 0, 0, 3, 3, 3, 0, 1, 1], [4, 0, 0, 4, 0, 0, 4, 4, 4, 0, 4, 1, 3, 3, 3, 1, 0, 0], [0, 0, 0, 0, 0, 4, 0, 4, 4, 4, 1, 1, 3, 3, 3, 1, 1, 0], [0, 0, 0, 0, 4, 0, 4, 4, 4, 0, 4, 0, 0, 0, 1, 1, 1, 0]], "output": [[0, 0, 0, 0, 0, 0, 0, 0, 0, 0, 0, 0, 0, 0, 0, 0, 0, 0], [0, 0, 0, 0, 0, 0, 0, 0, 0, 0, 0, 0, 0, 0, 0, 0, 0, 0], [0, 0, 0, 0, 0, 0, 0, 0, 0, 0, 0, 0, 0, 0, 0, 0, 0, 0], [0, 0, 0, 0, 0, 0, 0, 0, 0, 0, 0, 0, 0, 0, 0, 0, 0, 0], [0, 0, 0, 0, 0, 0, 0, 0, 0, 0, 0, 0, 0, 0, 0, 0, 0, 0], [5, 0, 0, 0, 0, 0, 0, 0, 0, 0, 1, 0, 0, 0, 0, 0, 0, 0], [5, 5, 0, 0, 0, 0, 0, 0, 5, 1, 1, 1, 0, 1, 0, 0, 0, 1], [5, 0, 5, 0, 0, 0, 0, 5, 5, 5, 0, 0, 8, 8, 8, 0, 1, 1], [5, 0, 0, 5, 0, 0, 5, 5, 5, 0, 5, 1, 8, 8, 8, 1, 0, 0], [0, 0, 0, 0, 0, 5, 0, 5, 5, 5, 1, 1, 8, 8, 8, 1, 1, 0], [0, 0, 0, 0, 5, 0, 5, 5, 5, 0, 5, 0, 0, 0, 1, 1, 1, 0]]}, {"input": [[0, 0, 0, 0, 2, 2, 2, 2, 0, 0, 0], [0, 2, 0, 2, 2, 2, 2, 0, 0, 0, 0], [2, 2, 2, 0, 2, 0, 0, 0, 0, 0, 0], [2, 2, 2, 4, 0, 0, 0, 0, 0, 0, 0], [2, 2, 4, 4, 4, 0, 0, 0, 0, 0, 0], [0, 2, 0, 0, 0, 0, 0, 0, 0, 0, 0], [0, 2, 0, 0, 0, 1, 0, 0, 0, 0, 0], [2, 2, 2, 0, 1, 1, 1, 4, 0, 0, 0], [2, 2, 2, 2, 0, 0, 4, 4, 4, 0, 0], [2, 2, 2, 3, 0, 4, 4, 4, 0, 0, 0], [1, 2, 3, 3, 0, 0, 0, 0, 0, 0, 0], [1, 1, 1, 3, 0, 0, 0, 0, 0, 0, 0], [1, 1, 1, 1, 0, 2, 0, 0, 0, 0, 0], [1, 1, 0, 0, 2, 2, 2, 0, 0, 0, 0], [1, 1, 1, 2, 2, 2, 2, 2, 0, 0, 0], [1, 1, 2, 2, 2, 2, 2, 0, 0, 0, 0], [0, 0, 0, 2, 2, 2, 0, 0, 0, 0, 0]], "output": [[0, 0, 0, 0, 7, 7, 7, 7, 0, 0, 0], [0, 7, 0, 7, 7, 7, 7, 0, 0, 0, 0], [7, 7, 7, 0, 7, 0, 0, 0, 0, 0, 0], [7, 7, 7, 5, 0, 0, 0, 0, 0, 0, 0], [7, 7, 5, 5, 5, 0, 0, 0, 0, 0, 0], [0, 7, 0, 0, 0, 0, 0, 0, 0, 0, 0], [0, 7, 0, 0, 0, 1, 0, 0, 0, 0, 0], [7, 7, 7, 0, 1, 1, 1, 5, 0, 0, 0], [7, 7, 7, 7, 0, 0, 5, 5, 5, 0, 0], [7, 7, 7, 8, 0, 5, 5, 5, 0, 0, 0], [1, 7, 8, 8, 0, 0, 0, 0, 0, 0, 0], [1, 1, 1, 8, 0, 0, 0, 0, 0, 0, 0], [1, 1, 1, 1, 0, 7, 0, 0, 0, 0, 0], [1, 1, 0, 0, 7, 7, 7, 0, 0, 0, 0], [1, 1, 1, 7, 7, 7, 7, 7, 0, 0, 0], [1, 1, 7, 7, 7, 7, 7, 0, 0, 0, 0], [0, 0, 0, 7, 7, 7, 0, 0, 0, 0, 0]]}, {"input": [[0, 2, 2, 2, 2, 2, 0, 0, 0, 0, 0, 0], [0, 0, 2, 2, 2, 0, 0, 0, 0, 0, 0, 0], [0, 0, 0, 2, 0, 0, 0, 0, 0, 3, 3, 3], [3, 3, 3, 3, 0, 0, 0, 0, 0, 3, 3, 3], [2, 3, 3, 3, 4, 0, 0, 0, 0, 3, 3, 3], [2, 2, 3, 3, 3, 3, 3, 2, 1, 3, 4, 3], [2, 3, 3, 3, 3, 3, 3, 1, 1, 4, 4, 4], [0, 0, 0, 0, 3, 3, 3, 3, 4, 2, 4, 0], [0, 0, 0, 0, 0, 3, 3, 3, 3, 0, 0, 0], [0, 0, 0, 0, 0, 3, 3, 3, 3, 0, 0, 0]], "output": [[0, 7, 7, 7, 7, 7, 0, 0, 0, 0, 0, 0], [0, 0, 7, 7, 7, 0, 0, 0, 0, 0, 0, 0], [0, 0, 0, 7, 0, 0, 0, 0, 0, 8, 8, 8], [8, 8, 8, 8, 0, 0, 0, 0, 0, 8, 8, 8], [7, 8, 8, 8, 5, 0, 0, 0, 0, 8, 8, 8], [7, 7, 8, 8, 8, 8, 8, 7, 1, 8, 5, 8], [7, 8, 8, 8, 8, 8, 8, 1, 1, 5, 5, 5], [0, 0, 0, 0, 8, 8, 8, 8, 5, 7, 5, 0], [0, 0, 0, 0, 0, 8, 8, 8, 8, 0, 0, 0], [0, 0, 0, 0, 0, 8, 8, 8, 8, 0, 0, 0]]}, {"input": [[0, 0, 0, 0, 0, 0, 0, 0, 0, 0], [1, 0, 0, 0, 0, 0, 0, 0, 0, 0], [1, 1, 0, 0, 0, 0, 0, 0, 0, 0], [1, 1, 1, 0, 0, 0, 0, 0, 1, 0], [3, 3, 0, 0, 0, 0, 0, 1, 1, 3], [0, 0, 0, 0, 0, 0, 1, 1, 1, 3], [0, 0, 0, 0, 0, 0, 0, 0, 2, 3], [0, 0, 0, 0, 0, 0, 0, 0, 0, 2], [3, 3, 3, 0, 0, 3, 4, 3, 3, 0], [3, 3, 3, 0, 0, 4, 4, 4, 3, 0], [3, 3, 3, 0, 4, 3, 4, 3, 4, 1], [0, 0, 0, 0, 0, 3, 3, 3, 1, 1], [0, 0, 0, 0, 0, 0, 0, 1, 1, 1], [0, 0, 0, 0, 0, 0, 1, 1, 1, 1], [0, 0, 0, 0, 0, 0, 0, 0, 0, 0], [0, 0, 0, 0, 0, 0, 0, 0, 0, 0], [0, 1, 0, 0, 0, 0, 0, 0, 0, 0], [1, 1, 1, 0, 0, 0, 0, 0, 0, 0], [1, 1, 1, 1, 0, 0, 0, 0, 0, 0]], "output": [[0, 0, 0, 0, 0, 0, 0, 0, 0, 0], [1, 0, 0, 0, 0, 0, 0, 0, 0, 0], [1, 1, 0, 0, 0, 0, 0, 0, 0, 0], [1, 1, 1, 0, 0, 0, 0, 0, 1, 0], [8, 8, 0, 0, 0, 0, 0, 1, 1, 8], [0, 0, 0, 0, 0, 0, 1, 1, 1, 8], [0, 0, 0, 0, 0, 0, 0, 0, 7, 8], [0, 0, 0, 0, 0, 0, 0, 0, 0, 7], [8, 8, 8, 0, 0, 8, 5, 8, 8, 0], [8, 8, 8, 0, 0, 5, 5, 5, 8, 0], [8, 8, 8, 0, 5, 8, 5, 8, 5, 1], [0, 0, 0, 0, 0, 8, 8, 8, 1, 1], [0, 0, 0, 0, 0, 0, 0, 1, 1, 1], [0, 0, 0, 0, 0, 0, 1, 1, 1, 1], [0, 0, 0, 0, 0, 0, 0, 0, 0, 0], [0, 0, 0, 0, 0, 0, 0, 0, 0, 0], [0, 1, 0, 0, 0, 0, 0, 0, 0, 0], [1, 1, 1, 0, 0, 0, 0, 0, 0, 0], [1, 1, 1, 1, 0, 0, 0, 0, 0, 0]]}, {"input": [[0, 0, 0, 0, 0, 0, 0, 0, 0, 0, 0, 0, 0, 0, 0], [0, 0, 0, 0, 0, 0, 4, 0, 0, 0, 0, 0, 0, 0, 0], [0, 0, 0, 0, 0, 4, 4, 4, 0, 4, 0, 0, 0, 0, 0], [0, 0, 0, 0, 4, 0, 4, 0, 4, 4, 4, 0, 0, 0, 0], [0, 0, 0, 4, 0, 0, 4, 4, 0, 4, 0, 4, 0, 0, 0], [0, 0, 0, 0, 0, 3, 3, 0, 0, 0, 0, 0, 0, 0, 0], [0, 0, 0, 0, 0, 3, 3, 0, 2, 0, 0, 4, 0, 0, 0], [0, 0, 0, 0, 0, 0, 0, 2, 2, 2, 4, 4, 4, 0, 0], [0, 0, 0, 0, 0, 0, 2, 2, 2, 2, 2, 4, 0, 4, 0], [0, 0, 0, 0, 0, 0, 0, 2, 2, 2, 0, 4, 0, 0, 4], [0, 0, 0, 0, 0, 0, 0, 3, 3, 0, 0, 0, 0, 0, 0], [0, 0, 0, 0, 0, 0, 0, 3, 3, 0, 0, 0, 0, 0, 0], [0, 0, 0, 0, 0, 0, 0, 0, 0, 0, 0, 0, 0, 0, 0], [0, 0, 0, 0, 0, 0, 0, 0, 0, 0, 0, 0, 0, 0, 0], [0, 0, 0, 0, 0, 0, 0, 0, 0, 0, 0, 0, 0, 0, 0], [0, 0, 0, 0, 0, 0, 0, 0, 0, 0, 0, 0, 0, 0, 0], [0, 0, 0, 0, 0, 0, 0, 0, 0, 0, 0, 0, 3, 3, 0]], "output": [[0, 0, 0, 0, 0, 0, 0, 0, 0, 0, 0, 0, 0, 0, 0], [0, 0, 0, 0, 0, 0, 5, 0, 0, 0, 0, 0, 0, 0, 0], [0, 0, 0, 0, 0, 5, 5, 5, 0, 5, 0, 0, 0, 0, 0], [0, 0, 0, 0, 5, 0, 5, 0, 5, 5, 5, 0, 0, 0, 0], [0, 0, 0, 5, 0, 0, 5, 5, 0, 5, 0, 5, 0, 0, 0], [0, 0, 0, 0, 0, 8, 8, 0, 0, 0, 0, 0, 0, 0, 0], [0, 0, 0, 0, 0, 8, 8, 0, 7, 0, 0, 5, 0, 0, 0], [0, 0, 0, 0, 0, 0, 0, 7, 7, 7, 5, 5, 5, 0, 0], [0, 0, 0, 0, 0, 0, 7, 7, 7, 7, 7, 5, 0, 5, 0], [0, 0, 0, 0, 0, 0, 0, 7, 7, 7, 0, 5, 0, 0, 5], [0, 0, 0, 0, 0, 0, 0, 8, 8, 0, 0, 0, 0, 0, 0], [0, 0, 0, 0, 0, 0, 0, 8, 8, 0, 0, 0, 0, 0, 0], [0, 0, 0, 0, 0, 0, 0, 0, 0, 0, 0, 0, 0, 0, 0], [0, 0, 0, 0, 0, 0, 0, 0, 0, 0, 0, 0, 0, 0, 0], [0, 0, 0, 0, 0, 0, 0, 0, 0, 0, 0, 0, 0, 0, 0], [0, 0, 0, 0, 0, 0, 0, 0, 0, 0, 0, 0, 0, 0, 0], [0, 0, 0, 0, 0, 0, 0, 0, 0, 0, 0, 0, 8, 8, 0]]}, {"input": [[0, 0, 0, 0, 0, 0, 0, 0, 0, 0, 0, 0, 0, 0, 0, 0], [0, 0, 0, 0, 0, 0, 0, 0, 0, 0, 0, 0, 0, 0, 0, 0], [0, 0, 0, 0, 0, 0, 0, 0, 0, 0, 0, 0, 0, 0, 0, 0], [0, 0, 0, 0, 0, 0, 0, 0, 0, 0, 0, 0, 0, 0, 0, 0], [0, 0, 0, 0, 0, 0, 0, 0, 0, 0, 0, 0, 0, 0, 0, 0], [0, 0, 0, 0, 0, 0, 0, 0, 0, 0, 0, 3, 3, 0, 0, 0], [0, 0, 0, 0, 0, 0, 0, 0, 0, 3, 3, 3, 3, 0, 3, 3], [0, 0, 0, 0, 0, 0, 0, 0, 0, 3, 3, 3, 0, 0, 3, 3], [0, 0, 0, 0, 0, 1, 0, 0, 0, 3, 3, 3, 0, 0, 3, 3], [0, 0, 0, 0, 1, 1, 1, 0, 0, 0, 0, 0, 0, 0, 3, 3], [0, 0, 0, 1, 3, 3, 1, 1, 0, 3, 3, 3, 0, 0, 4, 0], [0, 0, 1, 1, 3, 3, 1, 1, 1, 3, 3, 3, 0, 4, 4, 4]], "output": [[0, 0, 0, 0, 0, 0, 0, 0, 0, 0, 0, 0, 0, 0, 0, 0], [0, 0, 0, 0, 0, 0, 0, 0, 0, 0, 0, 0, 0, 0, 0, 0], [0, 0, 0, 0, 0, 0, 0, 0, 0, 0, 0, 0, 0, 0, 0, 0], [0, 0, 0, 0, 0, 0, 0, 0, 0, 0, 0, 0, 0, 0, 0, 0], [0, 0, 0, 0, 0, 0, 0, 0, 0, 0, 0, 0, 0, 0, 0, 0], [0, 0, 0, 0, 0, 0, 0, 0, 0, 0, 0, 8, 8, 0, 0, 0], [0, 0, 0, 0, 0, 0, 0, 0, 0, 8, 8, 8, 8, 0, 8, 8], [0, 0, 0, 0, 0, 0, 0, 0, 0, 8, 8, 8, 0, 0, 8, 8], [0, 0, 0, 0, 0, 1, 0, 0, 0, 8, 8, 8, 0, 0, 8, 8], [0, 0, 0, 0, 1, 1, 1, 0, 0, 0, 0, 0, 0, 0, 8, 8], [0, 0, 0, 1, 8, 8, 1, 1, 0, 8, 8, 8, 0, 0, 5, 0], [0, 0, 1, 1, 8, 8, 1, 1, 1, 8, 8, 8, 0, 5, 5, 5]]}, {"input": [[0, 0, 0, 0, 0, 0, 0, 0, 0, 0, 0, 0, 0, 0, 0, 0], [0, 0, 0, 0, 0, 0, 0, 0, 0, 0, 0, 0, 0, 0, 0, 0], [0, 0, 0, 0, 0, 0, 0, 0, 0, 0, 0, 0, 0, 0, 0, 0], [0, 0, 0, 0, 0, 0, 0, 0, 0, 4, 0, 0, 0, 0, 0, 0], [0, 0, 0, 0, 0, 0, 0, 0, 4, 4, 4, 0, 0, 0, 0, 0], [0, 0, 0, 0, 0, 0, 0, 4, 0, 4, 0, 4, 0, 0, 0, 0], [0, 0, 0, 0, 0, 0, 4, 0, 0, 4, 0, 0, 4, 0, 0, 0], [0, 0, 0, 0, 0, 0, 2, 0, 0, 0, 0, 0, 0, 0, 0, 0], [0, 0, 0, 0, 0, 2, 2, 2, 0, 0, 0, 0, 0, 0, 0, 0], [0, 0, 0, 0, 2, 2, 2, 2, 2, 0, 0, 0, 0, 0, 0, 0], [0, 0, 0, 0, 0, 2, 2, 2, 0, 0, 1, 0, 0, 0, 0, 0], [0, 0, 0, 0, 1, 0, 2, 0, 0, 1, 1, 1, 0, 0, 0, 0], [0, 0, 0, 1, 1, 1, 0, 0, 1, 1, 1, 1, 1, 0, 0, 0], [0, 0, 1, 1, 1, 1, 1, 1, 1, 1, 1, 1, 1, 1, 0, 0], [0, 3, 3, 3, 3, 0, 0, 0, 3, 3, 0, 0, 0, 0, 0, 0], [0, 3, 3, 3, 3, 0, 0, 0, 0, 0, 0, 0, 0, 0, 0, 0]], "output": [[0, 0, 0, 0, 0, 0, 0, 0, 0, 0, 0, 0, 0, 0, 0, 0], [0, 0, 0, 0, 0, 0, 0, 0, 0, 0, 0, 0, 0, 0, 0, 0], [0, 0, 0, 0, 0, 0, 0, 0, 0, 0, 0, 0, 0, 0, 0, 0], [0, 0, 0, 0, 0, 0, 0, 0, 0, 5, 0, 0, 0, 0, 0, 0], [0, 0, 0, 0, 0, 0, 0, 0, 5, 5, 5, 0, 0, 0, 0, 0], [0, 0, 0, 0, 0, 0, 0, 5, 0, 5, 0, 5, 0, 0, 0, 0], [0, 0, 0, 0, 0, 0, 5, 0, 0, 5, 0, 0, 5, 0, 0, 0], [0, 0, 0, 0, 0, 0, 7, 0, 0, 0, 0, 0, 0, 0, 0, 0], [0, 0, 0, 0, 0, 7, 7, 7, 0, 0, 0, 0, 0, 0, 0, 0], [0, 0, 0, 0, 7, 7, 7, 7, 7, 0, 0, 0, 0, 0, 0, 0], [0, 0, 0, 0, 0, 7, 7, 7, 0, 0, 1, 0, 0, 0, 0, 0], [0, 0, 0, 0, 1, 0, 7, 0, 0, 1, 1, 1, 0, 0, 0, 0], [0, 0, 0, 1, 1, 1, 0, 0, 1, 1, 1, 1, 1, 0, 0, 0], [0, 0, 1, 1, 1, 1, 1, 1, 1, 1, 1, 1, 1, 1, 0, 0], [0, 8, 8, 8, 8, 0, 0, 0, 8, 8, 0, 0, 0, 0, 0, 0], [0, 8, 8, 8, 8, 0, 0, 0, 0, 0, 0, 0, 0, 0, 0, 0]]}, {"input": [[0, 0, 0, 0, 0, 0, 0, 0, 0, 0, 0, 2, 0, 0, 0, 0, 0, 0, 0], [0, 0, 0, 0, 0, 0, 0, 0, 3, 3, 3, 2, 2, 3, 3, 0, 0, 0, 0], [0, 0, 0, 0, 0, 0, 0, 0, 3, 3, 3, 2, 0, 3, 3, 0, 0, 0, 0], [0, 1, 0, 0, 0, 0, 0, 0, 3, 3, 3, 0, 0, 0, 1, 0, 0, 0, 0], [1, 1, 1, 0, 0, 0, 0, 0, 0, 0, 4, 0, 0, 1, 1, 1, 0, 0, 0], [0, 0, 0, 0, 0, 0, 0, 0, 0, 4, 4, 4, 1, 1, 1, 1, 1, 3, 3], [0, 0, 0, 0, 0, 0, 0, 0, 0, 0, 0, 1, 1, 1, 1, 1, 1, 1, 3], [0, 0, 0, 0, 0, 0, 0, 2, 0, 0, 0, 0, 0, 0, 0, 0, 0, 0, 0], [0, 0, 0, 0, 1, 0, 2, 2, 2, 0, 0, 0, 0, 0, 0, 0, 0, 0, 0], [2, 0, 0, 1, 1, 1, 0, 2, 0, 0, 0, 0, 0, 0, 0, 0, 0, 0, 0], [2, 2, 1, 1, 1, 1, 1, 0, 0, 0, 0, 0, 0, 0, 0, 0, 0, 0, 0], [2, 2, 2, 0, 0, 0, 0, 0, 0, 0, 0, 0, 0, 0, 0, 0, 0, 0, 0], [2, 2, 0, 0, 0, 0, 0, 0, 0, 0, 0, 0, 0, 0, 0, 0, 0, 0, 0], [2, 0, 0, 0, 0, 0, 0, 0, 0, 0, 0, 0, 0, 0, 0, 0, 0, 0, 0], [0, 0, 0, 0, 0, 0, 0, 0, 0, 0, 0, 0, 0, 0, 0, 0, 0, 0, 0], [0, 0, 0, 0, 0, 0, 0, 0, 0, 0, 0, 0, 0, 0, 0, 0, 0, 0, 0]], "output": [[0, 0, 0, 0, 0, 0, 0, 0, 0, 0, 0, 7, 0, 0, 0, 0, 0, 0, 0], [0, 0, 0, 0, 0, 0, 0, 0, 8, 8, 8, 7, 7, 8, 8, 0, 0, 0, 0], [0, 0, 0, 0, 0, 0, 0, 0, 8, 8, 8, 7, 0, 8, 8, 0, 0, 0, 0], [0, 1, 0, 0, 0, 0, 0, 0, 8, 8, 8, 0, 0, 0, 1, 0, 0, 0, 0], [1, 1, 1, 0, 0, 0, 0, 0, 0, 0, 5, 0, 0, 1, 1, 1, 0, 0, 0], [0, 0, 0, 0, 0, 0, 0, 0, 0, 5, 5, 5, 1, 1, 1, 1, 1, 8, 8], [0, 0, 0, 0, 0, 0, 0, 0, 0, 0, 0, 1, 1, 1, 1, 1, 1, 1, 8], [0, 0, 0, 0, 0, 0, 0, 7, 0, 0, 0, 0, 0, 0, 0, 0, 0, 0, 0], [0, 0, 0, 0, 1, 0, 7, 7, 7, 0, 0, 0, 0, 0, 0, 0, 0, 0, 0], [7, 0, 0, 1, 1, 1, 0, 7, 0, 0, 0, 0, 0, 0, 0, 0, 0, 0, 0], [7, 7, 1, 1, 1, 1, 1, 0, 0, 0, 0, 0, 0, 0, 0, 0, 0, 0, 0], [7, 7, 7, 0, 0, 0, 0, 0, 0, 0, 0, 0, 0, 0, 0, 0, 0, 0, 0], [7, 7, 0, 0, 0, 0, 0, 0, 0, 0, 0, 0, 0, 0, 0, 0, 0, 0, 0], [7, 0, 0, 0, 0, 0, 0, 0, 0, 0, 0, 0, 0, 0, 0, 0, 0, 0, 0], [0, 0, 0, 0, 0, 0, 0, 0, 0, 0, 0, 0, 0, 0, 0, 0, 0, 0, 0], [0, 0, 0, 0, 0, 0, 0, 0, 0, 0, 0, 0, 0, 0, 0, 0, 0, 0, 0]]}, {"input": [[0, 0, 0, 0, 0, 0, 0, 3, 3, 3, 0, 0], [0, 0, 0, 0, 0, 0, 0, 3, 3, 3, 0, 0], [0, 0, 0, 0, 0, 3, 3, 3, 3, 3, 0, 0], [2, 0, 0, 0, 0, 3, 3, 0, 0, 0, 0, 0], [2, 2, 0, 0, 0, 0, 0, 0, 0, 0, 0, 2], [2, 2, 2, 0, 0, 0, 0, 0, 0, 0, 2, 2], [2, 2, 0, 0, 0, 0, 0, 0, 0, 2, 2, 2], [2, 0, 4, 0, 0, 0, 0, 0, 0, 0, 2, 2], [0, 4, 4, 4, 0, 0, 0, 0, 0, 0, 0, 2], [0, 1, 0, 0, 0, 0, 0, 0, 0, 0, 0, 0], [1, 1, 1, 0, 2, 0, 0, 0, 0, 0, 0, 0], [1, 1, 1, 1, 2, 2, 0, 0, 0, 0, 0, 0]], "output": [[0, 0, 0, 0, 0, 0, 0, 8, 8, 8, 0, 0], [0, 0, 0, 0, 0, 0, 0, 8, 8, 8, 0, 0], [0, 0, 0, 0, 0, 8, 8, 8, 8, 8, 0, 0], [7, 0, 0, 0, 0, 8, 8, 0, 0, 0, 0, 0], [7, 7, 0, 0, 0, 0, 0, 0, 0, 0, 0, 7], [7, 7, 7, 0, 0, 0, 0, 0, 0, 0, 7, 7], [7, 7, 0, 0, 0, 0, 0, 0, 0, 7, 7, 7], [7, 0, 5, 0, 0, 0, 0, 0, 0, 0, 7, 7], [0, 5, 5, 5, 0, 0, 0, 0, 0, 0, 0, 7], [0, 1, 0, 0, 0, 0, 0, 0, 0, 0, 0, 0], [1, 1, 1, 0, 7, 0, 0, 0, 0, 0, 0, 0], [1, 1, 1, 1, 7, 7, 0, 0, 0, 0, 0, 0]]}, {"input": [[1, 0, 2, 2, 2, 0, 0, 0, 2, 1, 2, 2, 2], [1, 1, 0, 2, 0, 0, 0, 0, 1, 4, 1, 2, 0], [1, 1, 1, 0, 0, 0, 0, 1, 4, 4, 4, 1, 0], [1, 1, 1, 1, 0, 0, 0, 0, 0, 0, 0, 0, 0], [0, 4, 0, 0, 0, 0, 0, 0, 0, 0, 0, 0, 0], [4, 4, 4, 0, 0, 0, 0, 0, 0, 0, 3, 3, 3], [0, 4, 0, 4, 0, 0, 4, 0, 0, 0, 3, 3, 3], [0, 0, 0, 0, 0, 4, 4, 4, 0, 0, 3, 3, 3], [0, 0, 0, 4, 0, 0, 0, 0, 0, 0, 3, 3, 3], [1, 0, 4, 4, 4, 0, 0, 0, 0, 0, 0, 0, 0], [1, 1, 0, 4, 0, 4, 0, 0, 0, 0, 0, 0, 0], [1, 1, 1, 4, 0, 0, 4, 0, 0, 0, 0, 0, 0], [0, 0, 0, 0, 0, 3, 3, 0, 0, 0, 0, 0, 4], [0, 0, 0, 0, 0, 3, 3, 0, 0, 0, 0, 4, 4], [0, 0, 0, 0, 0, 0, 0, 0, 0, 0, 4, 0, 4]], "output": [[1, 0, 7, 7, 7, 0, 0, 0, 7, 1, 7, 7, 7], [1, 1, 0, 7, 0, 0, 0, 0, 1, 5, 1, 7, 0], [1, 1, 1, 0, 0, 0, 0, 1, 5, 5, 5, 1, 0], [1, 1, 1, 1, 0, 0, 0, 0, 0, 0, 0, 0, 0], [0, 5, 0, 0, 0, 0, 0, 0, 0, 0, 0, 0, 0], [5, 5, 5, 0, 0, 0, 0, 0, 0, 0, 8, 8, 8], [0, 5, 0, 5, 0, 0, 5, 0, 0, 0, 8, 8, 8], [0, 0, 0, 0, 0, 5, 5, 5, 0, 0, 8, 8, 8], [0, 0, 0, 5, 0, 0, 0, 0, 0, 0, 8, 8, 8], [1, 0, 5, 5, 5, 0, 0, 0, 0, 0, 0, 0, 0], [1, 1, 0, 5, 0, 5, 0, 0, 0, 0, 0, 0, 0], [1, 1, 1, 5, 0, 0, 5, 0, 0, 0, 0, 0, 0], [0, 0, 0, 0, 0, 8, 8, 0, 0, 0, 0, 0, 5], [0, 0, 0, 0, 0, 8, 8, 0, 0, 0, 0, 5, 5], [0, 0, 0, 0, 0, 0, 0, 0, 0, 0, 5, 0, 5]]}, {"input": [[0, 0, 0, 0, 0, 0, 0, 0, 0, 0, 0, 0, 0, 0, 1], [0, 3, 3, 3, 0, 0, 0, 0, 0, 0, 1, 0, 0, 1, 1], [0, 3, 3, 3, 0, 0, 0, 0, 0, 1, 1, 1, 0, 0, 1], [0, 3, 3, 3, 0, 0, 0, 0, 1, 1, 1, 1, 1, 1, 1], [0, 0, 0, 0, 0, 0, 0, 1, 1, 1, 1, 1, 1, 1, 0], [0, 0, 0, 0, 0, 0, 0, 0, 0, 4, 0, 0, 0, 0, 0], [0, 0, 0, 0, 0, 0, 0, 0, 4, 4, 4, 0, 0, 0, 0], [0, 0, 0, 0, 0, 0, 4, 4, 0, 4, 0, 4, 0, 0, 0], [0, 0, 0, 0, 0, 4, 4, 4, 0, 0, 0, 0, 1, 0, 0], [0, 2, 0, 0, 3, 3, 3, 3, 0, 0, 0, 1, 1, 1, 0], [2, 2, 2, 0, 3, 3, 3, 3, 0, 0, 0, 0, 0, 0, 0], [2, 2, 2, 2, 3, 3, 3, 3, 1, 0, 3, 3, 3, 0, 0], [2, 2, 2, 0, 3, 3, 3, 3, 1, 1, 3, 3, 3, 0, 0], [0, 2, 0, 0, 0, 0, 1, 1, 1, 1, 1, 3, 3, 0, 0]], "output": [[0, 0, 0, 0, 0, 0, 0, 0, 0, 0, 0, 0, 0, 0, 1], [0, 8, 8, 8, 0, 0, 0, 0, 0, 0, 1, 0, 0, 1, 1], [0, 8, 8, 8, 0, 0, 0, 0, 0, 1, 1, 1, 0, 0, 1], [0, 8, 8, 8, 0, 0, 0, 0, 1, 1, 1, 1, 1, 1, 1], [0, 0, 0, 0, 0, 0, 0, 1, 1, 1, 1, 1, 1, 1, 0], [0, 0, 0, 0, 0, 0, 0, 0, 0, 5, 0, 0, 0, 0, 0], [0, 0, 0, 0, 0, 0, 0, 0, 5, 5, 5, 0, 0, 0, 0], [0, 0, 0, 0, 0, 0, 5, 5, 0, 5, 0, 5, 0, 0, 0], [0, 0, 0, 0, 0, 5, 5, 5, 0, 0, 0, 0, 1, 0, 0], [0, 7, 0, 0, 8, 8, 8, 8, 0, 0, 0, 1, 1, 1, 0], [7, 7, 7, 0, 8, 8, 8, 8, 0, 0, 0, 0, 0, 0, 0], [7, 7, 7, 7, 8, 8, 8, 8, 1, 0, 8, 8, 8, 0, 0], [7, 7, 7, 0, 8, 8, 8, 8, 1, 1, 8, 8, 8, 0, 0], [0, 7, 0, 0, 0, 0, 1, 1, 1, 1, 1, 8, 8, 0, 0]]}, {"input": [[0, 0, 0, 0, 0, 0, 0, 0, 0, 0], [0, 0, 0, 0, 0, 0, 0, 0, 0, 0], [0, 3, 3, 3, 0, 0, 0, 0, 0, 0], [0, 3, 3, 3, 0, 0, 0, 0, 0, 0], [0, 3, 3, 3, 2, 0, 0, 0, 0, 0], [4, 4, 4, 2, 2, 2, 0, 4, 0, 0], [0, 4, 2, 2, 2, 2, 2, 4, 4, 1], [0, 4, 0, 2, 2, 2, 0, 0, 1, 3], [0, 0, 0, 0, 2, 0, 0, 1, 1, 3], [0, 0, 0, 0, 0, 0, 1, 1, 1, 3], [0, 0, 0, 3, 3, 4, 4, 4, 0, 3]], "output": [[0, 0, 0, 0, 0, 0, 0, 0, 0, 0], [0, 0, 0, 0, 0, 0, 0, 0, 0, 0], [0, 8, 8, 8, 0, 0, 0, 0, 0, 0], [0, 8, 8, 8, 0, 0, 0, 0, 0, 0], [0, 8, 8, 8, 7, 0, 0, 0, 0, 0], [5, 5, 5, 7, 7, 7, 0, 5, 0, 0], [0, 5, 7, 7, 7, 7, 7, 5, 5, 1], [0, 5, 0, 7, 7, 7, 0, 0, 1, 8], [0, 0, 0, 0, 7, 0, 0, 1, 1, 8], [0, 0, 0, 0, 0, 0, 1, 1, 1, 8], [0, 0, 0, 8, 8, 5, 5, 5, 0, 8]]}, {"input": [[0, 0, 0, 0, 2, 2, 2, 2, 2, 0, 0, 0, 0, 0, 0, 0, 0, 0], [0, 0, 0, 0, 4, 2, 2, 2, 0, 0, 0, 0, 0, 0, 0, 0, 0, 0], [0, 0, 0, 0, 0, 0, 2, 0, 0, 0, 0, 0, 0, 0, 0, 0, 0, 0], [0, 0, 0, 0, 0, 0, 0, 0, 0, 0, 0, 0, 0, 0, 0, 0, 0, 0], [0, 0, 0, 0, 0, 0, 0, 0, 0, 0, 0, 0, 0, 0, 0, 0, 0, 0], [0, 0, 0, 0, 0, 0, 0, 2, 0, 0, 0, 0, 0, 0, 0, 0, 0, 0], [0, 0, 0, 0, 0, 0, 2, 2, 2, 0, 0, 0, 0, 0, 0, 0, 0, 0], [0, 0, 2, 0, 2, 0, 0, 2, 0, 0, 0, 0, 0, 0, 0, 0, 0, 0], [0, 2, 2, 2, 2, 2, 0, 0, 1, 0, 0, 0, 0, 0, 0, 0, 0, 0], [2, 2, 2, 2, 2, 2, 2, 1, 1, 1, 0, 0, 0, 0, 0, 0, 0, 0], [2, 2, 2, 2, 2, 2, 0, 1, 1, 1, 0, 0, 0, 0, 0, 0, 0, 0], [0, 2, 2, 2, 2, 3, 1, 1, 1, 3, 3, 0, 0, 0, 0, 0, 0, 0]], "output": [[0, 0, 0, 0, 7, 7, 7, 7, 7, 0, 0, 0, 0, 0, 0, 0, 0, 0], [0, 0, 0, 0, 5, 7, 7, 7, 0, 0, 0, 0, 0, 0, 0, 0, 0, 0], [0, 0, 0, 0, 0, 0, 7, 0, 0, 0, 0, 0, 0, 0, 0, 0, 0, 0], [0, 0, 0, 0, 0, 0, 0, 0, 0, 0, 0, 0, 0, 0, 0, 0, 0, 0], [0, 0, 0, 0, 0, 0, 0, 0, 0, 0, 0, 0, 0, 0, 0, 0, 0, 0], [0, 0, 0, 0, 0, 0, 0, 7, 0, 0, 0, 0, 0, 0, 0, 0, 0, 0], [0, 0, 0, 0, 0, 0, 7, 7, 7, 0, 0, 0, 0, 0, 0, 0, 0, 0], [0, 0, 7, 0, 7, 0, 0, 7, 0, 0, 0, 0, 0, 0, 0, 0, 0, 0], [0, 7, 7, 7, 7, 7, 0, 0, 1, 0, 0, 0, 0, 0, 0, 0, 0, 0], [7, 7, 7, 7, 7, 7, 7, 1, 1, 1, 0, 0, 0, 0, 0, 0, 0, 0], [7, 7, 7, 7, 7, 7, 0, 1, 1, 1, 0, 0, 0, 0, 0, 0, 0, 0], [0, 7, 7, 7, 7, 8, 1, 1, 1, 8, 8, 0, 0, 0, 0, 0, 0, 0]]}], "test": [{"input": [[0, 0, 4, 0, 0, 0, 0, 0, 0, 0, 1, 0, 2, 2, 2, 0, 0, 0], [2, 4, 4, 4, 3, 3, 3, 3, 0, 1, 1, 1, 0, 2, 0, 0, 0, 0], [2, 2, 0, 0, 3, 3, 3, 3, 0, 0, 0, 0, 0, 0, 0, 0, 0, 0], [2, 3, 3, 3, 3, 3, 3, 3, 0, 0, 0, 0, 1, 0, 0, 0, 0, 0], [2, 3, 2, 3, 3, 3, 3, 3, 0, 0, 0, 1, 1, 1, 0, 0, 0, 0], [2, 2, 2, 2, 0, 0, 0, 0, 0, 0, 1, 1, 1, 1, 1, 0, 0, 0], [0, 0, 2, 0, 0, 0, 0, 0, 0, 0, 0, 0, 0, 0, 0, 0, 0, 0], [0, 0, 3, 3, 3, 3, 0, 0, 0, 0, 0, 0, 0, 0, 0, 0, 0, 0], [0, 0, 3, 3, 3, 3, 0, 0, 0, 3, 3, 3, 3, 1, 0, 0, 2, 0], [0, 0, 3, 3, 3, 3, 0, 0, 0, 3, 3, 3, 1, 1, 1, 2, 2, 2], [0, 0, 3, 3, 3, 3, 0, 0, 0, 3, 3, 1, 1, 1, 1, 1, 2, 2], [0, 0, 0, 0, 0, 0, 0, 0, 0, 3, 1, 1, 1, 1, 1, 1, 1, 2], [0, 0, 0, 0, 0, 0, 0, 0, 0, 0, 0, 0, 0, 0, 0, 0, 2, 0], [0, 0, 0, 0, 0, 0, 0, 0, 0, 0, 0, 0, 0, 0, 1, 0, 0, 0], [0, 0, 0, 0, 0, 0, 0, 0, 0, 0, 0, 0, 1, 1, 1, 1, 0, 0]], "output": [[0, 0, 5, 0, 0, 0, 0, 0, 0, 0, 1, 0, 7, 7, 7, 0, 0, 0], [7, 5, 5, 5, 8, 8, 8, 8, 0, 1, 1, 1, 0, 7, 0, 0, 0, 0], [7, 7, 0, 0, 8, 8, 8, 8, 0, 0, 0, 0, 0, 0, 0, 0, 0, 0], [7, 8, 8, 8, 8, 8, 8, 8, 0, 0, 0, 0, 1, 0, 0, 0, 0, 0], [7, 8, 7, 8, 8, 8, 8, 8, 0, 0, 0, 1, 1, 1, 0, 0, 0, 0], [7, 7, 7, 7, 0, 0, 0, 0, 0, 0, 1, 1, 1, 1, 1, 0, 0, 0], [0, 0, 7, 0, 0, 0, 0, 0, 0, 0, 0, 0, 0, 0, 0, 0, 0, 0], [0, 0, 8, 8, 8, 8, 0, 0, 0, 0, 0, 0, 0, 0, 0, 0, 0, 0], [0, 0, 8, 8, 8, 8, 0, 0, 0, 8, 8, 8, 8, 1, 0, 0, 7, 0], [0, 0, 8, 8, 8, 8, 0, 0, 0, 8, 8, 8, 1, 1, 1, 7, 7, 7], [0, 0, 8, 8, 8, 8, 0, 0, 0, 8, 8, 1, 1, 1, 1, 1, 7, 7], [0, 0, 0, 0, 0, 0, 0, 0, 0, 8, 1, 1, 1, 1, 1, 1, 1, 7], [0, 0, 0, 0, 0, 0, 0, 0, 0, 0, 0, 0, 0, 0, 0, 0, 7, 0], [0, 0, 0, 0, 0, 0, 0, 0, 0, 0, 0, 0, 0, 0, 1, 0, 0, 0], [0, 0, 0, 0, 0, 0, 0, 0, 0, 0, 0, 0, 1, 1, 1, 1, 0, 0]]}, {"input": [[0, 0, 0, 0, 0, 0, 0, 0, 0, 0, 0, 0, 2, 0, 0, 0, 0, 0, 0], [0, 0, 0, 0, 0, 0, 0, 0, 0, 0, 0, 2, 2, 2, 0, 0, 0, 0, 0], [0, 0, 0, 0, 0, 0, 0, 0, 0, 0, 2, 2, 2, 2, 2, 0, 0, 0, 0], [0, 0, 0, 0, 0, 0, 0, 0, 0, 0, 0, 2, 2, 2, 0, 0, 0, 0, 0], [0, 0, 0, 0, 0, 0, 0, 0, 0, 0, 0, 2, 2, 2, 0, 0, 0, 0, 0], [0, 0, 0, 0, 0, 0, 0, 0, 0, 0, 0, 0, 2, 0, 0, 0, 0, 0, 0], [0, 0, 0, 0, 0, 0, 0, 0, 0, 0, 0, 0, 0, 0, 0, 0, 0, 0, 0], [0, 0, 0, 0, 0, 0, 2, 0, 0, 0, 0, 0, 0, 0, 0, 0, 0, 0, 0], [0, 3, 3, 3, 3, 2, 2, 2, 0, 0, 0, 0, 0, 0, 0, 0, 2, 0, 0], [2, 3, 3, 3, 3, 0, 2, 0, 0, 0, 0, 0, 0, 1, 0, 2, 2, 2, 0], [0, 3, 3, 3, 3, 0, 0, 0, 0, 0, 0, 0, 1, 1, 1, 0, 2, 0, 0], [0, 3, 3, 3, 3, 2, 0, 0, 0, 0, 0, 1, 1, 1, 1, 1, 0, 0, 0], [0, 0, 2, 2, 2, 2, 2, 0, 0, 0, 3, 3, 1, 1, 1, 1, 1, 0, 0]], "output": [[0, 0, 0, 0, 0, 0, 0, 0, 0, 0, 0, 0, 7, 0, 0, 0, 0, 0, 0], [0, 0, 0, 0, 0, 0, 0, 0, 0, 0, 0, 7, 7, 7, 0, 0, 0, 0, 0], [0, 0, 0, 0, 0, 0, 0, 0, 0, 0, 7, 7, 7, 7, 7, 0, 0, 0, 0], [0, 0, 0, 0, 0, 0, 0, 0, 0, 0, 0, 7, 7, 7, 0, 0, 0, 0, 0], [0, 0, 0, 0, 0, 0, 0, 0, 0, 0, 0, 7, 7, 7, 0, 0, 0, 0, 0], [0, 0, 0, 0, 0, 0, 0, 0, 0, 0, 0, 0, 7, 0, 0, 0, 0, 0, 0], [0, 0, 0, 0, 0, 0, 0, 0, 0, 0, 0, 0, 0, 0, 0, 0, 0, 0, 0], [0, 0, 0, 0, 0, 0, 7, 0, 0, 0, 0, 0, 0, 0, 0, 0, 0, 0, 0], [0, 8, 8, 8, 8, 7, 7, 7, 0, 0, 0, 0, 0, 0, 0, 0, 7, 0, 0], [7, 8, 8, 8, 8, 0, 7, 0, 0, 0, 0, 0, 0, 1, 0, 7, 7, 7, 0], [0, 8, 8, 8, 8, 0, 0, 0, 0, 0, 0, 0, 1, 1, 1, 0, 7, 0, 0], [0, 8, 8, 8, 8, 7, 0, 0, 0, 0, 0, 1, 1, 1, 1, 1, 0, 0, 0], [0, 0, 7, 7, 7, 7, 7, 0, 0, 0, 8, 8, 1, 1, 1, 1, 1, 0, 0]]}, {"input": [[0, 0, 0, 0, 0, 0, 0, 0, 0, 0, 0, 0, 0, 0, 0, 0], [0, 0, 0, 0, 0, 0, 0, 4, 0, 0, 0, 0, 0, 0, 0, 0], [0, 0, 0, 0, 0, 0, 4, 4, 4, 0, 0, 0, 0, 0, 0, 2], [0, 0, 0, 0, 0, 4, 0, 4, 0, 4, 0, 0, 0, 2, 2, 2], [0, 0, 0, 0, 4, 0, 0, 4, 4, 0, 4, 0, 2, 2, 2, 2], [0, 0, 0, 4, 4, 4, 0, 4, 4, 4, 0, 2, 2, 2, 2, 2], [0, 0, 4, 0, 4, 0, 4, 0, 4, 0, 4, 0, 2, 2, 2, 0], [0, 0, 0, 0, 0, 4, 0, 0, 4, 0, 0, 4, 0, 2, 0, 0], [0, 0, 0, 0, 0, 0, 0, 0, 0, 0, 0, 0, 0, 0, 0, 0], [0, 0, 0, 0, 0, 0, 0, 0, 0, 0, 0, 0, 4, 0, 0, 1], [0, 0, 0, 0, 0, 0, 0, 2, 4, 0, 0, 4, 4, 4, 1, 1], [2, 0, 0, 0, 0, 0, 2, 2, 2, 4, 4, 0, 4, 0, 4, 0], [2, 2, 0, 0, 0, 2, 2, 2, 2, 2, 4, 0, 0, 0, 0, 0], [2, 0, 0, 0, 0, 0, 2, 2, 2, 0, 0, 0, 0, 0, 0, 0], [0, 0, 0, 3, 3, 3, 0, 2, 0, 0, 0, 0, 0, 0, 0, 0]], "output": [[0, 0, 0, 0, 0, 0, 0, 0, 0, 0, 0, 0, 0, 0, 0, 0], [0, 0, 0, 0, 0, 0, 0, 5, 0, 0, 0, 0, 0, 0, 0, 0], [0, 0, 0, 0, 0, 0, 5, 5, 5, 0, 0, 0, 0, 0, 0, 7], [0, 0, 0, 0, 0, 5, 0, 5, 0, 5, 0, 0, 0, 7, 7, 7], [0, 0, 0, 0, 5, 0, 0, 5, 5, 0, 5, 0, 7, 7, 7, 7], [0, 0, 0, 5, 5, 5, 0, 5, 5, 5, 0, 7, 7, 7, 7, 7], [0, 0, 5, 0, 5, 0, 5, 0, 5, 0, 5, 0, 7, 7, 7, 0], [0, 0, 0, 0, 0, 5, 0, 0, 5, 0, 0, 5, 0, 7, 0, 0], [0, 0, 0, 0, 0, 0, 0, 0, 0, 0, 0, 0, 0, 0, 0, 0], [0, 0, 0, 0, 0, 0, 0, 0, 0, 0, 0, 0, 5, 0, 0, 1], [0, 0, 0, 0, 0, 0, 0, 7, 5, 0, 0, 5, 5, 5, 1, 1], [7, 0, 0, 0, 0, 0, 7, 7, 7, 5, 5, 0, 5, 0, 5, 0], [7, 7, 0, 0, 0, 7, 7, 7, 7, 7, 5, 0, 0, 0, 0, 0], [7, 0, 0, 0, 0, 0, 7, 7, 7, 0, 0, 0, 0, 0, 0, 0], [0, 0, 0, 8, 8, 8, 0, 7, 0, 0, 0, 0, 0, 0, 0, 0]]}]}