{"train": [{"input": [[2, 2, 0, 2, 2, 0, 2, 2, 0, 2], [2, 2, 2, 2, 2, 2, 2, 2, 2, 2], [0, 2, 2, 0, 2, 2, 0, 2, 2, 0]], "output": [[8, 8, 0, 8, 8, 0, 8, 8, 0, 8], [8, 8, 8, 8, 8, 8, 8, 8, 8, 8], [0, 8, 8, 0, 8, 8, 0, 8, 8, 0], [0, 0, 0, 0, 0, 0, 0, 0, 0, 0], [0, 0, 0, 0, 0, 0, 0, 0, 0, 0], [0, 0, 0, 0, 0, 0, 0, 0, 0, 0]]}, {"input": [[2, 2, 2, 2, 2, 2, 2], [2, 2, 2, 2, 2, 2, 2], [2, 0, 2, 2, 0, 2, 2]], "output": [[8, 8, 8, 8, 8, 8, 8], [8, 8, 8, 8, 8, 8, 8], [8, 8, 8, 8, 8, 8, 8], [8, 8, 8, 8, 8, 8, 8], [8, 8, 8, 8, 8, 8, 8], [8, 8, 8, 8, 8, 8, 8]]}, {"input": [[0, 2, 0, 0, 2, 0, 0], [2, 2, 2, 2, 2, 2, 2], [0, 2, 0, 0, 2, 0, 0]], "output": [[0, 8, 0, 0, 8, 0, 0], [8, 8, 8, 8, 8, 8, 8], [0, 8, 0, 0, 8, 0, 0], [8, 8, 8, 8, 8, 8, 8], [0, 8, 0, 0, 8, 0, 0], [8, 8, 8, 8, 8, 8, 8]]}, {"input": [[0, 2, 0, 0, 2, 0, 0, 2, 0], [2, 2, 2, 2, 2, 2, 2, 2, 2], [0, 2, 0, 0, 2, 0, 0, 2, 0]], "output": [[0, 8, 0, 0, 8, 0, 0, 8, 0], [8, 8, 8, 8, 8, 8, 8, 8, 8], [0, 8, 0, 0, 8, 0, 0, 8, 0], [8, 8, 8, 8, 8, 8, 8, 8, 8], [0, 8, 0, 0, 8, 0, 0, 8, 0], [8, 8, 8, 8, 8, 8, 8, 8, 8]]}, {"input": [[2, 2, 0, 2, 2, 0, 2, 2], [2, 2, 2, 2, 2, 2, 2, 2], [2, 2, 2, 2, 2, 2, 2, 2]], "output": [[8, 8, 8, 8, 8, 8, 8, 8], [8, 8, 8, 8, 8, 8, 8, 8], [8, 8, 8, 8, 8, 8, 8, 8], [8, 8, 8, 8, 8, 8, 8, 8], [8, 8, 8, 8, 8, 8, 8, 8], [8, 8, 8, 8, 8, 8, 8, 8]]}, {"input": [[2, 0, 0, 2, 0, 0], [2, 2, 0, 2, 2, 0], [2, 2, 2, 2, 2, 2]], "output": [[8, 8, 8, 8, 8, 8], [8, 8, 8, 8, 8, 8], [8, 8, 8, 8, 8, 8], [8, 8, 8, 8, 8, 8], [8, 8, 8, 8, 8, 8], [8, 8, 8, 8, 8, 8]]}, {"input": [[2, 2, 2, 2, 2, 2], [2, 0, 2, 2, 0, 2], [2, 2, 0, 2, 2, 0]], "output": [[8, 8, 8, 8, 8, 8], [8, 0, 8, 8, 0, 8], [8, 8, 8, 8, 8, 8], [8, 0, 8, 8, 0, 8], [8, 8, 8, 8, 8, 8], [8, 0, 8, 8, 0, 8]]}, {"input": [[0, 2, 0, 0, 2], [2, 2, 2, 2, 2], [0, 2, 0, 0, 2]], "output": [[0, 8, 0, 0, 8], [8, 8, 8, 8, 8], [0, 8, 0, 0, 8], [8, 8, 8, 8, 8], [0, 8, 0, 0, 8], [8, 8, 8, 8, 8]]}, {"input": [[0, 2, 0, 0, 2, 0, 0, 2, 0, 0], [2, 2, 2, 2, 2, 2, 2, 2, 2, 2], [0, 2, 0, 0, 2, 0, 0, 2, 0, 0]], "output": [[0, 8, 0, 0, 8, 0, 0, 8, 0, 0], [8, 8, 8, 8, 8, 8, 8, 8, 8, 8], [0, 8, 0, 0, 8, 0, 0, 8, 0, 0], [8, 8, 8, 8, 8, 8, 8, 8, 8, 8], [0, 8, 0, 0, 8, 0, 0, 8, 0, 0], [8, 8, 8, 8, 8, 8, 8, 8, 8, 8]]}, {"input": [[2, 0, 0, 2, 0, 0, 2, 0, 0], [2, 2, 0, 2, 2, 0, 2, 2, 0], [2, 2, 2, 2, 2, 2, 2, 2, 2]], "output": [[8, 8, 8, 8, 8, 8, 8, 8, 8], [8, 8, 8, 8, 8, 8, 8, 8, 8], [8, 8, 8, 8, 8, 8, 8, 8, 8], [8, 8, 8, 8, 8, 8, 8, 8, 8], [8, 8, 8, 8, 8, 8, 8, 8, 8], [8, 8, 8, 8, 8, 8, 8, 8, 8]]}, {"input": [[0, 2, 0, 0, 2, 0], [2, 2, 2, 2, 2, 2], [0, 2, 0, 0, 2, 0]], "output": [[0, 8, 0, 0, 8, 0], [8, 8, 8, 8, 8, 8], [0, 8, 0, 0, 8, 0], [8, 8, 8, 8, 8, 8], [0, 8, 0, 0, 8, 0], [8, 8, 8, 8, 8, 8]]}, {"input": [[0, 0, 2, 0, 0, 2], [0, 2, 2, 0, 2, 2], [2, 2, 2, 2, 2, 2]], "output": [[8, 8, 8, 8, 8, 8], [8, 8, 8, 8, 8, 8], [8, 8, 8, 8, 8, 8], [8, 8, 8, 8, 8, 8], [8, 8, 8, 8, 8, 8], [8, 8, 8, 8, 8, 8]]}, {"input": [[2, 2, 2, 2, 2, 2, 2, 2, 2], [2, 0, 2, 2, 0, 2, 2, 0, 2], [2, 2, 2, 2, 2, 2, 2, 2, 2]], "output": [[8, 8, 8, 8, 8, 8, 8, 8, 8], [8, 0, 8, 8, 0, 8, 8, 0, 8], [8, 8, 8, 8, 8, 8, 8, 8, 8], [8, 0, 8, 8, 0, 8, 8, 0, 8], [8, 8, 8, 8, 8, 8, 8, 8, 8], [8, 0, 8, 8, 0, 8, 8, 0, 8]]}, {"input": [[2, 2, 2, 2, 2, 2, 2], [2, 2, 0, 2, 2, 0, 2], [2, 2, 2, 2, 2, 2, 2]], "output": [[8, 8, 8, 8, 8, 8, 8], [8, 8, 0, 8, 8, 0, 8], [8, 8, 8, 8, 8, 8, 8], [8, 8, 0, 8, 8, 0, 8], [8, 8, 8, 8, 8, 8, 8], [8, 8, 0, 8, 8, 0, 8]]}, {"input": [[2, 2, 2, 2, 2, 2, 2, 2, 2, 2], [2, 2, 2, 2, 2, 2, 2, 2, 2, 2], [0, 2, 0, 0, 2, 0, 0, 2, 0, 0]], "output": [[8, 8, 8, 8, 8, 8, 8, 8, 8, 8], [8, 8, 8, 8, 8, 8, 8, 8, 8, 8], [8, 8, 8, 8, 8, 8, 8, 8, 8, 8], [8, 8, 8, 8, 8, 8, 8, 8, 8, 8], [8, 8, 8, 8, 8, 8, 8, 8, 8, 8], [8, 8, 8, 8, 8, 8, 8, 8, 8, 8]]}, {"input": [[0, 2, 0, 0, 2, 0, 0, 2], [2, 2, 2, 2, 2, 2, 2, 2], [0, 2, 0, 0, 2, 0, 0, 2]], "output": [[0, 8, 0, 0, 8, 0, 0, 8], [8, 8, 8, 8, 8, 8, 8, 8], [0, 8, 0, 0, 8, 0, 0, 8], [8, 8, 8, 8, 8, 8, 8, 8], [0, 8, 0, 0, 8, 0, 0, 8], [8, 8, 8, 8, 8, 8, 8, 8]]}, {"input": [[0, 2, 2, 0, 2, 2, 0], [2, 2, 2, 2, 2, 2, 2], [2, 2, 2, 2, 2, 2, 2]], "output": [[8, 8, 8, 8, 8, 8, 8], [8, 8, 8, 8, 8, 8, 8], [8, 8, 8, 8, 8, 8, 8], [8, 8, 8, 8, 8, 8, 8], [8, 8, 8, 8, 8, 8, 8], [8, 8, 8, 8, 8, 8, 8]]}, {"input": [[2, 0, 2, 2, 0, 2, 2, 0, 2, 2], [2, 2, 2, 2, 2, 2, 2, 2, 2, 2], [2, 2, 2, 2, 2, 2, 2, 2, 2, 2]], "output": [[8, 8, 8, 8, 8, 8, 8, 8, 8, 8], [8, 8, 8, 8, 8, 8, 8, 8, 8, 8], [8, 8, 8, 8, 8, 8, 8, 8, 8, 8], [8, 8, 8, 8, 8, 8, 8, 8, 8, 8], [8, 8, 8, 8, 8, 8, 8, 8, 8, 8], [8, 8, 8, 8, 8, 8, 8, 8, 8, 8]]}, {"input": [[2, 2, 2, 2, 2, 2, 2, 2, 2], [2, 2, 2, 2, 2, 2, 2, 2, 2], [0, 2, 0, 0, 2, 0, 0, 2, 0]], "output": [[8, 8, 8, 8, 8, 8, 8, 8, 8], [8, 8, 8, 8, 8, 8, 8, 8, 8], [8, 8, 8, 8, 8, 8, 8, 8, 8], [8, 8, 8, 8, 8, 8, 8, 8, 8], [8, 8, 8, 8, 8, 8, 8, 8, 8], [8, 8, 8, 8, 8, 8, 8, 8, 8]]}, {"input": [[2, 0, 2, 2, 0, 2], [2, 2, 2, 2, 2, 2], [2, 2, 2, 2, 2, 2]], "output": [[8, 8, 8, 8, 8, 8], [8, 8, 8, 8, 8, 8], [8, 8, 8, 8, 8, 8], [8, 8, 8, 8, 8, 8], [8, 8, 8, 8, 8, 8], [8, 8, 8, 8, 8, 8]]}, {"input": [[2, 2, 2, 2, 2, 2, 2, 2, 2, 2], [0, 0, 2, 0, 0, 2, 0, 0, 2, 0], [0, 0, 2, 0, 0, 2, 0, 0, 2, 0]], "output": [[8, 8, 8, 8, 8, 8, 8, 8, 8, 8], [8, 8, 8, 8, 8, 8, 8, 8, 8, 8], [8, 8, 8, 8, 8, 8, 8, 8, 8, 8], [8, 8, 8, 8, 8, 8, 8, 8, 8, 8], [8, 8, 8, 8, 8, 8, 8, 8, 8, 8], [8, 8, 8, 8, 8, 8, 8, 8, 8, 8]]}, {"input": [[2, 2, 0, 2, 2, 0, 2], [2, 2, 2, 2, 2, 2, 2], [0, 2, 2, 0, 2, 2, 0]], "output": [[8, 8, 0, 8, 8, 0, 8], [8, 8, 8, 8, 8, 8, 8], [0, 8, 8, 0, 8, 8, 0], [0, 0, 0, 0, 0, 0, 0], [0, 0, 0, 0, 0, 0, 0], [0, 0, 0, 0, 0, 0, 0]]}, {"input": [[2, 2, 2, 2, 2, 2, 2, 2], [2, 2, 0, 2, 2, 0, 2, 2], [2, 2, 2, 2, 2, 2, 2, 2]], "output": [[8, 8, 8, 8, 8, 8, 8, 8], [8, 8, 0, 8, 8, 0, 8, 8], [8, 8, 8, 8, 8, 8, 8, 8], [8, 8, 0, 8, 8, 0, 8, 8], [8, 8, 8, 8, 8, 8, 8, 8], [8, 8, 0, 8, 8, 0, 8, 8]]}, {"input": [[2, 2, 2, 2, 2, 2], [2, 2, 2, 2, 2, 2], [2, 0, 2, 2, 0, 2]], "output": [[8, 8, 8, 8, 8, 8], [8, 8, 8, 8, 8, 8], [8, 8, 8, 8, 8, 8], [8, 8, 8, 8, 8, 8], [8, 8, 8, 8, 8, 8], [8, 8, 8, 8, 8, 8]]}, {"input": [[0, 0, 2, 0, 0], [0, 2, 2, 0, 2], [2, 2, 2, 2, 2]], "output": [[8, 8, 8, 8, 8], [8, 8, 8, 8, 8], [8, 8, 8, 8, 8], [8, 8, 8, 8, 8], [8, 8, 8, 8, 8], [8, 8, 8, 8, 8]]}, {"input": [[2, 2, 2, 2, 2, 2], [2, 2, 2, 2, 2, 2], [2, 2, 0, 2, 2, 0]], "output": [[8, 8, 8, 8, 8, 8], [8, 8, 8, 8, 8, 8], [8, 8, 8, 8, 8, 8], [8, 8, 8, 8, 8, 8], [8, 8, 8, 8, 8, 8], [8, 8, 8, 8, 8, 8]]}, {"input": [[0, 2, 2, 0, 2, 2, 0], [2, 0, 2, 2, 0, 2, 2], [2, 2, 2, 2, 2, 2, 2]], "output": [[8, 8, 8, 8, 8, 8, 8], [8, 0, 8, 8, 0, 8, 8], [8, 8, 8, 8, 8, 8, 8], [8, 0, 8, 8, 0, 8, 8], [8, 8, 8, 8, 8, 8, 8], [8, 0, 8, 8, 0, 8, 8]]}, {"input": [[2, 2, 0, 2, 2, 0, 2, 2], [2, 2, 2, 2, 2, 2, 2, 2], [2, 2, 0, 2, 2, 0, 2, 2]], "output": [[8, 8, 0, 8, 8, 0, 8, 8], [8, 8, 8, 8, 8, 8, 8, 8], [8, 8, 0, 8, 8, 0, 8, 8], [8, 8, 8, 8, 8, 8, 8, 8], [8, 8, 0, 8, 8, 0, 8, 8], [8, 8, 8, 8, 8, 8, 8, 8]]}, {"input": [[2, 2, 2, 2, 2, 2, 2, 2], [0, 2, 0, 0, 2, 0, 0, 2], [2, 2, 2, 2, 2, 2, 2, 2]], "output": [[8, 8, 8, 8, 8, 8, 8, 8], [0, 8, 0, 0, 8, 0, 0, 8], [8, 8, 8, 8, 8, 8, 8, 8], [0, 8, 0, 0, 8, 0, 0, 8], [8, 8, 8, 8, 8, 8, 8, 8], [0, 8, 0, 0, 8, 0, 0, 8]]}, {"input": [[2, 2, 2, 2, 2, 2, 2], [2, 2, 2, 2, 2, 2, 2], [0, 2, 2, 0, 2, 2, 0]], "output": [[8, 8, 8, 8, 8, 8, 8], [8, 8, 8, 8, 8, 8, 8], [8, 8, 8, 8, 8, 8, 8], [8, 8, 8, 8, 8, 8, 8], [8, 8, 8, 8, 8, 8, 8], [8, 8, 8, 8, 8, 8, 8]]}, {"input": [[2, 2, 2, 2, 2, 2, 2, 2, 2, 2], [2, 2, 0, 2, 2, 0, 2, 2, 0, 2], [2, 2, 2, 2, 2, 2, 2, 2, 2, 2]], "output": [[8, 8, 8, 8, 8, 8, 8, 8, 8, 8], [8, 8, 0, 8, 8, 0, 8, 8, 0, 8], [8, 8, 8, 8, 8, 8, 8, 8, 8, 8], [8, 8, 0, 8, 8, 0, 8, 8, 0, 8], [8, 8, 8, 8, 8, 8, 8, 8, 8, 8], [8, 8, 0, 8, 8, 0, 8, 8, 0, 8]]}, {"input": [[0, 2, 2, 0, 2, 2], [2, 2, 2, 2, 2, 2], [2, 2, 2, 2, 2, 2]], "output": [[8, 8, 8, 8, 8, 8], [8, 8, 8, 8, 8, 8], [8, 8, 8, 8, 8, 8], [8, 8, 8, 8, 8, 8], [8, 8, 8, 8, 8, 8], [8, 8, 8, 8, 8, 8]]}, {"input": [[2, 2, 2, 2, 2, 2, 2, 2, 2, 2], [0, 2, 2, 0, 2, 2, 0, 2, 2, 0], [2, 2, 2, 2, 2, 2, 2, 2, 2, 2]], "output": [[8, 8, 8, 8, 8, 8, 8, 8, 8, 8], [0, 8, 8, 0, 8, 8, 0, 8, 8, 0], [8, 8, 8, 8, 8, 8, 8, 8, 8, 8], [0, 8, 8, 0, 8, 8, 0, 8, 8, 0], [8, 8, 8, 8, 8, 8, 8, 8, 8, 8], [0, 8, 8, 0, 8, 8, 0, 8, 8, 0]]}], "test": [{"input": [[2, 2, 2, 2, 2, 2, 2], [2, 2, 2, 2, 2, 2, 2], [0, 2, 0, 0, 2, 0, 0]], "output": [[8, 8, 8, 8, 8, 8, 8], [8, 8, 8, 8, 8, 8, 8], [8, 8, 8, 8, 8, 8, 8], [8, 8, 8, 8, 8, 8, 8], [8, 8, 8, 8, 8, 8, 8], [8, 8, 8, 8, 8, 8, 8]]}, {"input": [[2, 2, 2, 2, 2], [2, 2, 2, 2, 2], [2, 0, 2, 2, 0]], "output": [[8, 8, 8, 8, 8], [8, 8, 8, 8, 8], [8, 8, 8, 8, 8], [8, 8, 8, 8, 8], [8, 8, 8, 8, 8], [8, 8, 8, 8, 8]]}, {"input": [[2, 0, 2, 2, 0, 2, 2, 0], [2, 2, 2, 2, 2, 2, 2, 2], [2, 2, 2, 2, 2, 2, 2, 2]], "output": [[8, 8, 8, 8, 8, 8, 8, 8], [8, 8, 8, 8, 8, 8, 8, 8], [8, 8, 8, 8, 8, 8, 8, 8], [8, 8, 8, 8, 8, 8, 8, 8], [8, 8, 8, 8, 8, 8, 8, 8], [8, 8, 8, 8, 8, 8, 8, 8]]}]}