{"train": [{"input": [[0, 0, 0, 0, 0, 0, 0, 0, 0, 0], [0, 0, 0, 0, 0, 0, 0, 0, 0, 0], [0, 0, 0, 0, 0, 0, 0, 0, 0, 0], [0, 0, 0, 0, 0, 0, 0, 0, 0, 0], [0, 0, 0, 0, 6, 0, 5, 0, 0, 0], [0, 0, 0, 0, 5, 0, 2, 0, 4, 0], [0, 0, 0, 0, 5, 2, 9, 9, 0, 0], [0, 0, 0, 0, 0, 9, 9, 3, 0, 0], [0, 0, 0, 0, 0, 0, 4, 0, 8, 0], [0, 0, 0, 0, 0, 0, 0, 0, 0, 0]], "output": [[8, 0, 4, 0, 0, 4, 0, 0, 8, 0], [0, 3, 9, 9, 0, 0, 9, 3, 0, 0], [0, 9, 9, 2, 5, 2, 9, 9, 4, 0], [4, 0, 2, 0, 5, 0, 2, 9, 0, 0], [0, 0, 5, 5, 6, 5, 5, 0, 0, 0], [0, 9, 2, 0, 5, 0, 2, 0, 4, 0], [4, 9, 9, 2, 5, 2, 9, 9, 0, 0], [0, 3, 9, 0, 0, 9, 9, 3, 0, 0], [8, 0, 0, 4, 0, 0, 4, 0, 8, 0], [0, 0, 0, 0, 0, 0, 0, 0, 0, 0]]}, {"input": [[0, 0, 0, 6, 6, 6, 0, 0, 0, 0], [0, 0, 0, 0, 8, 6, 6, 0, 0, 0], [0, 0, 3, 3, 0, 3, 3, 0, 0, 0], [0, 0, 3, 3, 0, 3, 3, 0, 0, 0], [0, 0, 0, 3, 0, 3, 3, 0, 0, 0], [0, 0, 0, 0, 0, 0, 0, 0, 0, 0], [0, 0, 0, 0, 0, 0, 0, 0, 0, 0], [0, 0, 0, 0, 0, 0, 0, 0, 0, 0], [0, 0, 0, 0, 0, 0, 0, 0, 0, 0], [0, 0, 0, 0, 0, 0, 0, 0, 0, 0]], "output": [[0, 0, 0, 6, 6, 6, 0, 0, 0, 0], [0, 0, 0, 0, 8, 6, 6, 0, 0, 0], [6, 3, 3, 3, 0, 3, 3, 0, 0, 0], [6, 3, 3, 3, 0, 3, 3, 0, 0, 0], [8, 0, 0, 3, 3, 3, 3, 0, 6, 0], [0, 3, 3, 3, 3, 0, 0, 8, 6, 0], [0, 3, 3, 0, 3, 3, 3, 6, 6, 0], [0, 3, 3, 0, 3, 3, 3, 6, 0, 0], [0, 6, 6, 8, 0, 0, 0, 0, 0, 0], [0, 0, 6, 6, 6, 0, 0, 0, 0, 0]]}, {"input": [[0, 0, 0, 0, 0, 0, 0, 0, 0, 0], [0, 0, 0, 0, 0, 0, 0, 0, 0, 0], [0, 0, 0, 0, 0, 0, 0, 0, 0, 0], [0, 0, 0, 0, 0, 0, 0, 0, 0, 0], [0, 0, 0, 0, 0, 2, 0, 0, 0, 0], [0, 0, 0, 0, 2, 0, 3, 0, 0, 0], [0, 0, 0, 0, 2, 2, 0, 0, 0, 0], [0, 0, 0, 0, 6, 9, 0, 0, 1, 0], [0, 0, 0, 0, 6, 6, 6, 7, 0, 0], [0, 0, 0, 0, 0, 0, 0, 0, 0, 0]], "output": [[0, 0, 0, 0, 0, 0, 1, 0, 0, 0], [7, 6, 6, 6, 0, 0, 0, 7, 0, 0], [0, 0, 9, 6, 3, 0, 0, 6, 0, 0], [0, 0, 2, 2, 0, 2, 9, 6, 0, 0], [0, 3, 0, 2, 2, 2, 6, 6, 0, 0], [6, 6, 2, 2, 2, 0, 3, 0, 0, 0], [6, 9, 2, 0, 2, 2, 0, 0, 0, 0], [6, 0, 0, 3, 6, 9, 0, 0, 1, 0], [7, 0, 0, 0, 6, 6, 6, 7, 0, 0], [0, 1, 0, 0, 0, 0, 0, 0, 0, 0]]}, {"input": [[0, 0, 0, 0, 0, 0, 0, 0, 0, 0], [0, 0, 0, 0, 0, 0, 0, 0, 0, 0], [0, 0, 0, 0, 0, 0, 0, 0, 0, 0], [0, 0, 0, 0, 0, 0, 1, 0, 0, 0], [0, 0, 0, 0, 0, 7, 0, 7, 0, 0], [0, 0, 0, 0, 0, 1, 4, 0, 1, 0], [0, 0, 0, 0, 0, 7, 1, 7, 0, 0], [0, 0, 0, 0, 0, 0, 1, 1, 0, 0], [0, 0, 0, 0, 0, 0, 0, 0, 0, 0], [0, 0, 0, 0, 0, 0, 0, 0, 0, 0]], "output": [[0, 0, 0, 0, 0, 0, 0, 0, 0, 0], [0, 0, 0, 0, 0, 0, 0, 0, 0, 0], [0, 0, 0, 0, 0, 0, 0, 0, 0, 0], [0, 0, 0, 0, 0, 1, 1, 0, 0, 0], [0, 0, 0, 0, 0, 7, 1, 7, 1, 0], [0, 0, 0, 0, 1, 1, 4, 1, 1, 0], [0, 0, 0, 0, 1, 7, 1, 7, 0, 0], [0, 0, 0, 0, 0, 0, 1, 1, 0, 0], [0, 0, 0, 0, 0, 0, 0, 0, 0, 0], [0, 0, 0, 0, 0, 0, 0, 0, 0, 0]]}, {"input": [[0, 5, 0, 0, 0, 0, 0, 0, 0, 0], [0, 0, 0, 0, 0, 5, 0, 0, 0, 0], [0, 2, 8, 0, 0, 2, 0, 0, 0, 0], [0, 8, 8, 8, 1, 0, 0, 0, 0, 0], [0, 0, 8, 2, 0, 0, 0, 0, 0, 0], [0, 0, 0, 0, 0, 0, 0, 0, 0, 0], [0, 0, 0, 0, 0, 0, 0, 0, 0, 0], [0, 0, 0, 0, 0, 0, 0, 0, 0, 0], [0, 0, 0, 0, 0, 0, 0, 0, 0, 0], [0, 0, 0, 0, 0, 0, 0, 0, 0, 0]], "output": [[0, 5, 0, 0, 0, 0, 0, 0, 0, 0], [1, 0, 0, 0, 0, 5, 0, 0, 0, 0], [8, 2, 8, 0, 0, 2, 0, 0, 0, 0], [8, 8, 8, 8, 1, 0, 0, 0, 0, 0], [8, 0, 8, 2, 0, 5, 0, 0, 0, 0], [8, 8, 8, 8, 0, 0, 0, 0, 0, 0], [8, 2, 8, 0, 0, 0, 0, 0, 0, 0], [0, 0, 1, 0, 0, 0, 0, 0, 0, 0], [0, 5, 0, 2, 5, 0, 0, 0, 0, 0], [0, 0, 0, 0, 0, 0, 0, 0, 0, 0]]}, {"input": [[0, 0, 0, 0, 0, 0, 0, 0, 0, 0], [0, 0, 0, 0, 0, 0, 0, 0, 0, 0], [0, 0, 0, 0, 0, 0, 0, 0, 0, 0], [0, 0, 0, 0, 0, 0, 0, 0, 0, 0], [0, 0, 0, 0, 0, 0, 0, 0, 0, 0], [0, 0, 0, 9, 0, 4, 4, 0, 0, 0], [0, 0, 9, 0, 8, 0, 4, 0, 0, 0], [0, 0, 8, 0, 8, 8, 0, 0, 0, 0], [0, 0, 4, 8, 8, 8, 0, 0, 0, 0], [0, 0, 4, 4, 9, 0, 0, 0, 0, 0]], "output": [[0, 0, 0, 0, 0, 0, 0, 0, 0, 0], [0, 0, 4, 4, 8, 9, 0, 0, 9, 4], [0, 0, 4, 8, 0, 0, 9, 8, 8, 8], [0, 0, 9, 8, 8, 8, 0, 8, 8, 0], [0, 0, 0, 8, 8, 0, 4, 0, 8, 0], [0, 0, 0, 9, 0, 4, 4, 4, 0, 9], [0, 0, 9, 0, 8, 0, 4, 0, 8, 8], [0, 0, 8, 0, 8, 8, 0, 8, 8, 8], [0, 0, 4, 8, 8, 8, 9, 0, 0, 8], [0, 0, 4, 4, 9, 0, 0, 9, 8, 4]]}, {"input": [[0, 0, 0, 0, 0, 0, 0, 0, 0, 0], [0, 0, 0, 0, 0, 0, 0, 0, 0, 0], [0, 0, 1, 5, 9, 5, 0, 0, 0, 0], [0, 0, 4, 5, 5, 5, 0, 0, 0, 0], [0, 0, 2, 1, 0, 0, 0, 0, 0, 0], [0, 0, 2, 0, 0, 0, 2, 0, 0, 0], [0, 0, 8, 0, 0, 0, 8, 0, 0, 0], [0, 0, 0, 0, 0, 0, 0, 0, 0, 0], [0, 0, 0, 0, 0, 0, 0, 0, 0, 0], [0, 0, 0, 0, 0, 0, 0, 0, 0, 0]], "output": [[8, 2, 2, 4, 1, 1, 2, 2, 8, 0], [0, 0, 1, 5, 5, 5, 4, 0, 0, 0], [0, 0, 1, 5, 9, 5, 1, 0, 0, 0], [0, 0, 4, 5, 5, 5, 1, 0, 0, 0], [8, 2, 2, 1, 1, 4, 2, 2, 8, 0], [0, 0, 2, 0, 0, 0, 2, 0, 0, 0], [0, 0, 8, 0, 0, 0, 8, 0, 0, 0], [0, 0, 0, 0, 0, 0, 0, 0, 0, 0], [0, 0, 0, 0, 0, 0, 0, 0, 0, 0], [0, 0, 0, 0, 0, 0, 0, 0, 0, 0]]}, {"input": [[0, 0, 0, 0, 0, 0, 0, 0, 0, 0], [0, 0, 0, 0, 0, 0, 0, 0, 0, 0], [0, 0, 0, 0, 0, 0, 9, 0, 0, 0], [0, 0, 0, 1, 1, 1, 9, 0, 0, 0], [0, 0, 0, 1, 1, 0, 0, 0, 0, 0], [0, 0, 9, 1, 1, 1, 0, 0, 0, 0], [0, 0, 9, 0, 0, 9, 0, 0, 0, 0], [0, 0, 0, 0, 0, 0, 0, 0, 0, 0], [0, 0, 0, 0, 0, 0, 0, 0, 0, 0], [0, 0, 0, 0, 0, 0, 0, 0, 0, 0]], "output": [[0, 0, 0, 0, 0, 0, 0, 0, 0, 0], [0, 0, 0, 0, 0, 0, 0, 0, 0, 0], [0, 0, 9, 9, 0, 0, 9, 0, 0, 0], [0, 0, 0, 1, 1, 1, 9, 0, 0, 0], [0, 0, 0, 1, 1, 1, 0, 0, 0, 0], [0, 0, 9, 1, 1, 1, 0, 0, 0, 0], [0, 0, 9, 0, 0, 9, 9, 0, 0, 0], [0, 0, 0, 0, 0, 0, 0, 0, 0, 0], [0, 0, 0, 0, 0, 0, 0, 0, 0, 0], [0, 0, 0, 0, 0, 0, 0, 0, 0, 0]]}, {"input": [[0, 0, 0, 0, 0, 0, 0, 0, 0, 0], [0, 0, 0, 0, 5, 9, 6, 9, 0, 0], [0, 0, 0, 0, 1, 1, 0, 1, 0, 0], [0, 0, 0, 0, 0, 0, 0, 9, 8, 0], [0, 0, 0, 0, 0, 9, 6, 9, 0, 0], [0, 0, 0, 0, 0, 0, 6, 0, 0, 0], [0, 0, 0, 0, 0, 0, 0, 0, 0, 0], [0, 0, 0, 0, 0, 0, 0, 0, 0, 0], [0, 0, 0, 0, 0, 0, 0, 0, 0, 0], [0, 0, 0, 0, 0, 0, 0, 0, 0, 0]], "output": [[0, 6, 6, 0, 0, 6, 6, 0, 0, 0], [9, 6, 9, 1, 5, 9, 6, 9, 0, 0], [9, 0, 5, 1, 1, 1, 0, 1, 0, 0], [1, 0, 1, 1, 1, 5, 0, 9, 8, 0], [9, 6, 9, 5, 1, 9, 6, 9, 0, 0], [0, 6, 6, 0, 0, 6, 6, 0, 0, 0], [0, 0, 9, 9, 1, 9, 0, 0, 0, 0], [0, 0, 0, 8, 0, 0, 0, 0, 0, 0], [0, 0, 0, 0, 0, 0, 0, 0, 0, 0], [0, 0, 0, 0, 0, 0, 0, 0, 0, 0]]}, {"input": [[0, 0, 0, 0, 0, 0, 0, 0, 0, 0], [0, 0, 0, 0, 0, 0, 0, 0, 0, 0], [0, 0, 0, 0, 0, 0, 0, 0, 0, 0], [0, 0, 5, 7, 0, 0, 0, 0, 0, 0], [0, 0, 4, 7, 0, 9, 0, 0, 0, 0], [0, 1, 4, 4, 4, 7, 0, 0, 0, 0], [0, 0, 0, 0, 8, 0, 0, 0, 0, 0], [0, 0, 0, 0, 0, 0, 0, 0, 0, 0], [0, 0, 0, 0, 0, 0, 0, 0, 0, 0], [0, 0, 0, 0, 0, 0, 0, 0, 0, 0]], "output": [[0, 0, 0, 0, 0, 0, 0, 0, 0, 0], [9, 7, 0, 0, 0, 0, 0, 0, 0, 0], [0, 4, 8, 0, 0, 0, 0, 0, 0, 0], [7, 4, 5, 7, 0, 0, 0, 0, 0, 0], [4, 4, 4, 7, 0, 9, 0, 0, 0, 0], [4, 1, 4, 4, 4, 7, 0, 0, 0, 0], [4, 4, 4, 5, 8, 0, 0, 0, 0, 0], [5, 4, 7, 7, 0, 0, 0, 0, 0, 0], [8, 4, 0, 0, 0, 0, 0, 0, 0, 0], [0, 7, 9, 0, 0, 0, 0, 0, 0, 0]]}, {"input": [[0, 0, 6, 2, 2, 0, 6, 0, 0, 0], [0, 0, 0, 3, 3, 0, 0, 0, 0, 0], [0, 0, 0, 0, 7, 0, 0, 0, 0, 0], [0, 0, 0, 0, 0, 0, 0, 0, 0, 0], [0, 0, 0, 0, 2, 2, 6, 0, 0, 0], [0, 0, 0, 0, 0, 0, 0, 0, 0, 0], [0, 0, 0, 0, 0, 0, 0, 0, 0, 0], [0, 0, 0, 0, 0, 0, 0, 0, 0, 0], [0, 0, 0, 0, 0, 0, 0, 0, 0, 0], [0, 0, 0, 0, 0, 0, 0, 0, 0, 0]], "output": [[0, 0, 6, 2, 2, 0, 6, 0, 0, 0], [0, 0, 0, 3, 3, 3, 2, 0, 0, 0], [0, 0, 2, 3, 7, 3, 2, 0, 0, 0], [0, 0, 2, 3, 3, 3, 0, 0, 0, 0], [0, 0, 6, 0, 2, 2, 6, 0, 0, 0], [0, 0, 0, 0, 0, 0, 0, 0, 0, 0], [0, 0, 0, 0, 0, 0, 0, 0, 0, 0], [0, 0, 0, 0, 0, 0, 0, 0, 0, 0], [0, 0, 0, 0, 0, 0, 0, 0, 0, 0], [0, 0, 0, 0, 0, 0, 0, 0, 0, 0]]}, {"input": [[0, 0, 2, 6, 4, 4, 0, 0, 0, 0], [0, 0, 0, 4, 0, 0, 4, 0, 0, 0], [0, 0, 0, 4, 9, 0, 0, 0, 0, 0], [0, 0, 0, 0, 4, 4, 6, 0, 0, 0], [0, 0, 0, 0, 0, 0, 2, 0, 0, 0], [0, 0, 0, 0, 0, 0, 0, 0, 0, 0], [0, 0, 0, 0, 0, 0, 0, 0, 0, 0], [0, 0, 0, 0, 0, 0, 0, 0, 0, 0], [0, 0, 0, 0, 0, 0, 0, 0, 0, 0], [0, 0, 0, 0, 0, 0, 0, 0, 0, 0]], "output": [[0, 0, 2, 6, 4, 4, 0, 0, 2, 0], [0, 0, 0, 4, 0, 0, 4, 4, 6, 0], [0, 0, 0, 4, 9, 6, 2, 0, 4, 0], [0, 0, 4, 0, 4, 4, 6, 0, 4, 0], [0, 0, 4, 0, 9, 4, 2, 4, 0, 0], [0, 0, 6, 4, 4, 0, 0, 4, 0, 0], [0, 0, 2, 0, 0, 4, 4, 6, 2, 0], [0, 0, 0, 0, 0, 0, 0, 0, 0, 0], [0, 0, 0, 0, 0, 0, 0, 0, 0, 0], [0, 0, 0, 0, 0, 0, 0, 0, 0, 0]]}, {"input": [[0, 0, 0, 0, 0, 0, 0, 0, 0, 0], [0, 0, 0, 0, 0, 0, 0, 0, 0, 0], [0, 0, 0, 0, 0, 0, 0, 0, 0, 0], [0, 0, 0, 0, 0, 0, 0, 0, 0, 0], [0, 0, 0, 0, 0, 0, 0, 0, 0, 0], [0, 0, 0, 0, 0, 0, 0, 5, 0, 0], [0, 0, 0, 0, 0, 0, 5, 5, 5, 5], [0, 0, 0, 0, 0, 0, 5, 5, 5, 5], [0, 0, 0, 0, 0, 0, 5, 5, 0, 0], [0, 0, 0, 0, 0, 0, 0, 5, 5, 0]], "output": [[0, 0, 0, 0, 0, 0, 0, 0, 0, 0], [0, 0, 0, 0, 0, 0, 0, 0, 0, 0], [0, 0, 0, 0, 0, 0, 0, 0, 0, 0], [0, 0, 0, 0, 0, 0, 0, 0, 0, 0], [0, 0, 0, 0, 0, 0, 0, 0, 0, 0], [0, 0, 0, 0, 0, 0, 5, 5, 0, 0], [0, 0, 0, 0, 0, 0, 5, 5, 5, 5], [0, 0, 0, 0, 0, 5, 5, 5, 5, 5], [0, 0, 0, 0, 0, 5, 5, 5, 5, 0], [0, 0, 0, 0, 0, 0, 0, 5, 5, 0]]}, {"input": [[0, 0, 0, 0, 0, 0, 0, 0, 0, 0], [0, 0, 0, 0, 0, 0, 0, 0, 0, 0], [0, 0, 0, 0, 0, 0, 0, 0, 0, 0], [0, 0, 0, 0, 0, 0, 0, 0, 0, 0], [0, 0, 0, 0, 0, 0, 0, 0, 0, 0], [0, 0, 0, 0, 1, 6, 0, 0, 0, 0], [0, 0, 0, 0, 0, 6, 6, 0, 0, 0], [0, 0, 0, 0, 0, 9, 5, 0, 0, 0], [0, 0, 0, 0, 6, 6, 0, 4, 0, 0], [0, 0, 0, 0, 0, 0, 0, 0, 0, 0]], "output": [[0, 0, 0, 0, 0, 0, 0, 0, 0, 0], [0, 0, 0, 0, 0, 0, 0, 0, 0, 0], [0, 4, 0, 6, 6, 0, 0, 4, 0, 0], [0, 0, 5, 9, 0, 6, 5, 0, 0, 0], [0, 0, 6, 6, 6, 6, 9, 6, 0, 0], [0, 6, 0, 6, 1, 6, 0, 6, 0, 0], [0, 6, 9, 6, 6, 6, 6, 0, 0, 0], [0, 0, 5, 6, 0, 9, 5, 0, 0, 0], [0, 4, 0, 0, 6, 6, 0, 4, 0, 0], [0, 0, 0, 0, 0, 0, 0, 0, 0, 0]]}, {"input": [[0, 0, 0, 0, 0, 0, 0, 0, 0, 0], [0, 0, 0, 0, 0, 0, 0, 0, 0, 0], [0, 0, 0, 0, 0, 0, 0, 0, 0, 0], [0, 0, 0, 0, 2, 0, 0, 0, 0, 0], [0, 2, 6, 0, 0, 0, 0, 0, 0, 0], [0, 0, 6, 6, 6, 0, 0, 0, 0, 0], [0, 0, 0, 6, 6, 2, 0, 0, 0, 0], [0, 0, 2, 0, 0, 0, 0, 0, 0, 0], [0, 0, 0, 0, 0, 0, 0, 0, 0, 0], [0, 0, 0, 0, 0, 0, 0, 0, 0, 0]], "output": [[0, 0, 0, 0, 0, 0, 0, 0, 0, 0], [0, 0, 0, 0, 0, 0, 0, 0, 0, 0], [0, 0, 0, 0, 0, 0, 0, 0, 0, 0], [0, 0, 0, 0, 2, 0, 0, 0, 0, 0], [0, 2, 6, 6, 6, 0, 0, 0, 0, 0], [0, 0, 6, 6, 6, 0, 0, 0, 0, 0], [0, 0, 6, 6, 6, 2, 0, 0, 0, 0], [0, 0, 2, 0, 0, 0, 0, 0, 0, 0], [0, 0, 0, 0, 0, 0, 0, 0, 0, 0], [0, 0, 0, 0, 0, 0, 0, 0, 0, 0]]}, {"input": [[0, 0, 0, 0, 0, 0, 0, 0, 0, 0], [0, 0, 0, 0, 0, 0, 0, 0, 0, 0], [0, 0, 0, 0, 0, 0, 0, 0, 0, 0], [0, 0, 0, 0, 0, 0, 0, 0, 0, 0], [0, 0, 0, 0, 0, 0, 0, 0, 0, 0], [0, 0, 0, 2, 0, 2, 0, 0, 0, 0], [0, 0, 1, 1, 2, 2, 0, 0, 0, 0], [0, 0, 0, 1, 0, 7, 0, 0, 0, 0], [0, 0, 0, 0, 0, 0, 0, 0, 0, 0], [0, 0, 0, 0, 0, 0, 0, 0, 0, 0]], "output": [[0, 0, 0, 0, 0, 0, 0, 0, 0, 0], [0, 0, 0, 0, 0, 0, 0, 0, 0, 0], [0, 0, 0, 0, 0, 0, 0, 0, 0, 0], [0, 0, 0, 0, 0, 0, 0, 0, 0, 0], [0, 2, 2, 7, 0, 0, 0, 0, 0, 0], [0, 0, 2, 2, 0, 2, 0, 0, 0, 0], [7, 2, 1, 1, 2, 2, 0, 0, 0, 0], [2, 2, 1, 1, 2, 7, 0, 0, 0, 0], [2, 0, 2, 2, 0, 0, 0, 0, 0, 0], [0, 0, 7, 2, 2, 0, 0, 0, 0, 0]]}, {"input": [[0, 0, 0, 0, 0, 0, 0, 0, 0, 0], [0, 0, 0, 0, 0, 0, 0, 0, 0, 0], [0, 0, 0, 0, 0, 0, 0, 0, 0, 0], [0, 0, 5, 1, 0, 1, 0, 0, 0, 0], [0, 0, 5, 0, 0, 1, 0, 0, 0, 0], [0, 0, 5, 0, 3, 0, 5, 0, 0, 0], [0, 0, 5, 5, 5, 5, 5, 0, 0, 0], [0, 0, 0, 0, 0, 0, 0, 0, 0, 0], [0, 0, 0, 0, 0, 0, 0, 0, 0, 0], [0, 0, 0, 0, 0, 0, 0, 0, 0, 0]], "output": [[0, 0, 5, 5, 5, 5, 5, 5, 5, 0], [0, 0, 5, 0, 5, 1, 3, 0, 5, 0], [0, 0, 5, 3, 0, 1, 0, 5, 5, 0], [0, 0, 5, 1, 1, 1, 1, 1, 5, 0], [0, 0, 5, 5, 0, 1, 0, 3, 5, 0], [0, 0, 5, 0, 3, 1, 5, 0, 5, 0], [0, 0, 5, 5, 5, 5, 5, 5, 5, 0], [0, 0, 0, 0, 0, 0, 0, 0, 0, 0], [0, 0, 0, 0, 0, 0, 0, 0, 0, 0], [0, 0, 0, 0, 0, 0, 0, 0, 0, 0]]}, {"input": [[0, 0, 0, 0, 0, 0, 0, 0, 0, 0], [0, 0, 7, 0, 7, 4, 0, 0, 0, 0], [0, 0, 0, 1, 7, 7, 0, 0, 0, 0], [0, 0, 0, 0, 1, 4, 0, 0, 0, 0], [0, 0, 0, 0, 0, 0, 0, 0, 0, 0], [0, 0, 0, 0, 7, 0, 0, 0, 0, 0], [0, 0, 0, 0, 0, 0, 0, 0, 0, 0], [0, 0, 0, 0, 0, 0, 0, 0, 0, 0], [0, 0, 0, 0, 0, 0, 0, 0, 0, 0], [0, 0, 0, 0, 0, 0, 0, 0, 0, 0]], "output": [[0, 0, 0, 0, 0, 0, 0, 0, 0, 0], [0, 4, 7, 4, 7, 4, 0, 0, 0, 0], [0, 7, 7, 1, 7, 7, 0, 0, 0, 0], [0, 4, 1, 0, 1, 4, 0, 0, 0, 0], [0, 7, 7, 1, 7, 7, 0, 0, 0, 0], [0, 4, 7, 4, 7, 4, 0, 0, 0, 0], [0, 0, 0, 0, 0, 0, 0, 0, 0, 0], [0, 0, 0, 0, 0, 0, 0, 0, 0, 0], [0, 0, 0, 0, 0, 0, 0, 0, 0, 0], [0, 0, 0, 0, 0, 0, 0, 0, 0, 0]]}, {"input": [[0, 0, 0, 0, 0, 0, 0, 0, 0, 0], [0, 0, 0, 0, 0, 0, 0, 0, 0, 0], [0, 0, 0, 0, 0, 0, 0, 0, 0, 0], [0, 9, 9, 0, 0, 0, 0, 0, 0, 0], [0, 0, 0, 0, 9, 0, 0, 0, 0, 0], [9, 9, 3, 9, 9, 0, 0, 0, 0, 0], [9, 0, 9, 0, 0, 0, 0, 0, 0, 0], [0, 0, 9, 9, 0, 0, 0, 0, 0, 0], [0, 0, 0, 0, 0, 0, 0, 0, 0, 0], [0, 0, 0, 0, 0, 0, 0, 0, 0, 0]], "output": [[0, 0, 0, 0, 0, 0, 0, 0, 0, 0], [0, 0, 0, 0, 0, 0, 0, 0, 0, 0], [0, 0, 0, 0, 0, 0, 0, 0, 0, 0], [0, 9, 9, 0, 0, 0, 0, 0, 0, 0], [0, 0, 9, 0, 9, 0, 0, 0, 0, 0], [9, 9, 3, 9, 9, 0, 0, 0, 0, 0], [9, 0, 9, 0, 0, 0, 0, 0, 0, 0], [0, 0, 9, 9, 0, 0, 0, 0, 0, 0], [0, 0, 0, 0, 0, 0, 0, 0, 0, 0], [0, 0, 0, 0, 0, 0, 0, 0, 0, 0]]}, {"input": [[0, 0, 0, 0, 0, 0, 0, 0, 0, 0], [0, 0, 0, 0, 0, 6, 6, 0, 4, 0], [0, 0, 0, 0, 0, 5, 5, 6, 4, 4], [0, 0, 0, 0, 0, 0, 3, 0, 0, 0], [0, 0, 0, 0, 0, 0, 0, 3, 5, 0], [0, 0, 0, 0, 0, 0, 0, 0, 0, 0], [0, 0, 0, 0, 0, 0, 0, 0, 0, 0], [0, 0, 0, 0, 0, 0, 0, 0, 0, 0], [0, 0, 0, 0, 0, 0, 0, 0, 0, 0], [0, 0, 0, 0, 0, 0, 0, 0, 0, 0]], "output": [[0, 0, 0, 0, 0, 0, 0, 0, 0, 0], [0, 0, 0, 0, 4, 6, 6, 0, 4, 0], [0, 0, 0, 4, 4, 5, 5, 6, 4, 4], [0, 0, 0, 0, 6, 0, 3, 0, 5, 6], [0, 0, 0, 6, 5, 3, 0, 3, 5, 6], [0, 0, 0, 6, 5, 0, 3, 0, 6, 0], [0, 0, 0, 4, 4, 6, 5, 5, 4, 4], [0, 0, 0, 0, 4, 0, 6, 6, 4, 0], [0, 0, 0, 0, 0, 0, 0, 0, 0, 0], [0, 0, 0, 0, 0, 0, 0, 0, 0, 0]]}, {"input": [[0, 0, 0, 0, 0, 0, 0, 0, 0, 0], [0, 0, 0, 0, 0, 0, 0, 0, 0, 0], [0, 0, 0, 0, 0, 0, 0, 0, 0, 0], [0, 0, 0, 0, 0, 0, 0, 0, 0, 0], [0, 0, 0, 0, 0, 0, 0, 0, 0, 0], [0, 0, 0, 0, 0, 0, 0, 0, 0, 0], [0, 0, 0, 5, 3, 0, 0, 0, 0, 0], [0, 0, 3, 3, 0, 3, 3, 0, 0, 0], [0, 0, 0, 5, 3, 5, 0, 0, 0, 0], [0, 0, 0, 0, 0, 0, 0, 0, 0, 0]], "output": [[0, 0, 0, 0, 0, 0, 0, 0, 0, 0], [0, 0, 0, 0, 0, 0, 0, 0, 0, 0], [0, 0, 0, 0, 0, 0, 0, 0, 0, 0], [0, 0, 0, 0, 0, 0, 0, 0, 0, 0], [0, 0, 0, 0, 0, 0, 0, 0, 0, 0], [0, 0, 0, 0, 3, 0, 0, 0, 0, 0], [0, 0, 0, 5, 3, 5, 0, 0, 0, 0], [0, 0, 3, 3, 0, 3, 3, 0, 0, 0], [0, 0, 0, 5, 3, 5, 0, 0, 0, 0], [0, 0, 0, 0, 3, 0, 0, 0, 0, 0]]}, {"input": [[0, 5, 0, 0, 0, 0, 0, 0, 0, 0], [0, 5, 5, 5, 5, 0, 0, 0, 0, 0], [4, 0, 0, 5, 4, 0, 0, 0, 0, 0], [5, 5, 5, 5, 0, 0, 0, 0, 0, 0], [0, 0, 4, 5, 0, 0, 0, 0, 0, 0], [0, 0, 0, 0, 0, 0, 0, 0, 0, 0], [0, 0, 0, 0, 0, 0, 0, 0, 0, 0], [0, 0, 0, 0, 0, 0, 0, 0, 0, 0], [0, 0, 0, 0, 0, 0, 0, 0, 0, 0], [0, 0, 0, 0, 0, 0, 0, 0, 0, 0]], "output": [[0, 5, 4, 0, 0, 0, 0, 0, 0, 0], [0, 5, 5, 5, 5, 0, 0, 0, 0, 0], [4, 5, 0, 5, 4, 0, 0, 0, 0, 0], [5, 5, 5, 5, 0, 0, 0, 0, 0, 0], [0, 0, 4, 5, 0, 0, 0, 0, 0, 0], [0, 0, 0, 0, 0, 0, 0, 0, 0, 0], [0, 0, 0, 0, 0, 0, 0, 0, 0, 0], [0, 0, 0, 0, 0, 0, 0, 0, 0, 0], [0, 0, 0, 0, 0, 0, 0, 0, 0, 0], [0, 0, 0, 0, 0, 0, 0, 0, 0, 0]]}, {"input": [[0, 0, 0, 0, 0, 0, 0, 0, 0, 0], [0, 0, 0, 0, 0, 0, 0, 0, 0, 0], [0, 0, 6, 3, 3, 0, 6, 0, 0, 0], [0, 0, 6, 3, 3, 3, 6, 0, 0, 0], [0, 0, 8, 0, 7, 7, 8, 0, 0, 0], [0, 0, 7, 7, 0, 0, 7, 0, 0, 0], [0, 0, 7, 0, 0, 0, 7, 0, 0, 0], [0, 0, 0, 0, 0, 0, 0, 0, 0, 0], [0, 0, 0, 0, 0, 0, 0, 0, 0, 0], [0, 0, 0, 0, 0, 0, 0, 0, 0, 0]], "output": [[0, 0, 0, 0, 0, 0, 0, 0, 0, 0], [0, 0, 0, 0, 0, 0, 0, 0, 0, 0], [0, 0, 6, 3, 3, 0, 6, 0, 0, 0], [0, 0, 6, 3, 3, 3, 6, 0, 0, 0], [6, 6, 8, 7, 7, 7, 8, 6, 6, 0], [0, 3, 7, 7, 0, 7, 7, 3, 3, 0], [3, 3, 7, 0, 0, 0, 7, 3, 3, 0], [3, 3, 7, 7, 0, 7, 7, 3, 0, 0], [6, 6, 8, 7, 7, 7, 8, 6, 6, 0], [0, 0, 6, 3, 3, 3, 6, 0, 0, 0]]}, {"input": [[0, 0, 0, 0, 0, 0, 0, 0, 0, 0], [0, 0, 0, 0, 0, 0, 0, 0, 0, 0], [0, 0, 0, 0, 0, 0, 0, 0, 0, 0], [0, 0, 0, 0, 0, 0, 0, 0, 0, 0], [0, 0, 0, 0, 0, 0, 0, 0, 0, 0], [0, 7, 0, 0, 0, 0, 0, 0, 0, 0], [3, 0, 0, 0, 3, 0, 0, 0, 0, 0], [3, 7, 2, 7, 3, 0, 0, 0, 0, 0], [3, 7, 2, 7, 0, 0, 0, 0, 0, 0], [0, 7, 0, 7, 0, 0, 0, 0, 0, 0]], "output": [[0, 0, 0, 0, 0, 0, 0, 0, 0, 0], [0, 0, 0, 0, 0, 0, 0, 0, 0, 0], [0, 0, 3, 3, 3, 0, 0, 0, 0, 0], [0, 7, 7, 7, 0, 7, 0, 7, 0, 0], [0, 0, 2, 2, 0, 7, 2, 7, 3, 0], [0, 7, 7, 7, 3, 7, 2, 7, 3, 0], [3, 0, 0, 3, 3, 3, 0, 0, 3, 0], [3, 7, 2, 7, 3, 7, 7, 7, 0, 0], [3, 7, 2, 7, 0, 2, 2, 0, 0, 0], [0, 7, 0, 7, 0, 7, 7, 7, 0, 0]]}, {"input": [[0, 0, 0, 0, 0, 0, 0, 0, 0, 0], [0, 0, 0, 0, 0, 0, 0, 0, 0, 0], [0, 0, 0, 0, 0, 0, 0, 0, 0, 0], [8, 0, 6, 6, 0, 0, 0, 0, 0, 0], [8, 8, 6, 0, 8, 0, 0, 0, 0, 0], [0, 8, 6, 0, 0, 0, 0, 0, 0, 0], [0, 0, 0, 7, 7, 0, 0, 0, 0, 0], [7, 1, 7, 1, 0, 0, 0, 0, 0, 0], [0, 0, 0, 0, 0, 0, 0, 0, 0, 0], [0, 0, 0, 0, 0, 0, 0, 0, 0, 0]], "output": [[0, 0, 0, 0, 0, 0, 0, 0, 0, 0], [0, 0, 0, 0, 0, 0, 0, 0, 0, 0], [0, 0, 0, 0, 0, 0, 0, 0, 0, 0], [8, 0, 6, 6, 0, 0, 0, 0, 0, 0], [8, 8, 6, 7, 8, 0, 8, 8, 0, 0], [0, 8, 6, 1, 0, 8, 8, 0, 0, 0], [8, 0, 7, 7, 7, 6, 6, 6, 0, 0], [7, 1, 7, 1, 7, 1, 7, 6, 0, 0], [6, 6, 7, 7, 7, 0, 8, 0, 0, 0], [8, 8, 0, 1, 6, 8, 0, 0, 0, 0]]}, {"input": [[0, 0, 0, 0, 0, 0, 0, 0, 0, 0], [0, 0, 0, 0, 8, 0, 8, 0, 0, 0], [0, 0, 0, 0, 8, 0, 8, 0, 0, 0], [0, 0, 0, 2, 0, 4, 6, 0, 0, 0], [0, 0, 0, 2, 2, 6, 2, 2, 0, 0], [0, 0, 0, 0, 0, 0, 0, 0, 0, 0], [0, 0, 0, 0, 0, 0, 0, 0, 0, 0], [0, 0, 0, 0, 0, 0, 0, 0, 0, 0], [0, 0, 0, 0, 0, 0, 0, 0, 0, 0], [0, 0, 0, 0, 0, 0, 0, 0, 0, 0]], "output": [[0, 0, 0, 2, 0, 0, 0, 0, 0, 0], [8, 8, 6, 2, 8, 0, 8, 0, 0, 0], [0, 0, 4, 6, 8, 0, 8, 0, 0, 0], [8, 8, 0, 2, 0, 4, 6, 0, 0, 0], [2, 6, 2, 2, 2, 6, 2, 2, 0, 0], [6, 4, 0, 2, 0, 8, 8, 0, 0, 0], [8, 0, 8, 6, 4, 0, 0, 0, 0, 0], [8, 0, 8, 2, 6, 8, 8, 0, 0, 0], [0, 0, 0, 2, 0, 0, 0, 0, 0, 0], [0, 0, 0, 0, 0, 0, 0, 0, 0, 0]]}], "test": [{"input": [[0, 0, 0, 0, 0, 0, 0, 0, 0, 0], [0, 0, 0, 0, 0, 0, 0, 0, 0, 0], [0, 0, 0, 0, 0, 0, 0, 0, 0, 0], [0, 0, 5, 0, 0, 5, 0, 0, 0, 0], [0, 0, 5, 0, 0, 5, 0, 0, 0, 0], [0, 0, 0, 0, 5, 5, 0, 0, 0, 0], [0, 0, 0, 5, 5, 0, 0, 0, 0, 0], [0, 0, 0, 0, 0, 0, 0, 0, 0, 0], [0, 0, 0, 0, 0, 0, 0, 0, 0, 0], [0, 0, 0, 0, 0, 0, 0, 0, 0, 0]], "output": [[0, 0, 0, 0, 0, 0, 0, 0, 0, 0], [0, 0, 0, 0, 0, 0, 0, 0, 0, 0], [0, 0, 0, 0, 0, 0, 0, 0, 0, 0], [0, 0, 5, 5, 5, 5, 0, 0, 0, 0], [0, 0, 5, 5, 5, 5, 0, 0, 0, 0], [0, 0, 5, 5, 5, 5, 0, 0, 0, 0], [0, 0, 5, 5, 5, 5, 0, 0, 0, 0], [0, 0, 0, 0, 0, 0, 0, 0, 0, 0], [0, 0, 0, 0, 0, 0, 0, 0, 0, 0], [0, 0, 0, 0, 0, 0, 0, 0, 0, 0]]}, {"input": [[0, 0, 0, 0, 0, 0, 0, 0, 0, 0], [0, 0, 0, 0, 0, 0, 0, 0, 0, 0], [0, 0, 0, 0, 0, 0, 0, 0, 0, 0], [0, 0, 0, 0, 0, 0, 0, 0, 0, 0], [0, 0, 0, 0, 0, 0, 0, 0, 0, 0], [0, 0, 0, 0, 0, 0, 0, 6, 1, 2], [0, 0, 0, 0, 0, 0, 6, 1, 6, 0], [0, 0, 0, 0, 0, 9, 9, 0, 9, 9], [0, 0, 0, 0, 0, 9, 0, 0, 9, 9], [0, 0, 0, 0, 0, 7, 4, 0, 4, 7]], "output": [[0, 0, 0, 0, 0, 0, 0, 0, 0, 0], [0, 0, 0, 0, 0, 7, 4, 0, 4, 7], [0, 0, 0, 0, 0, 9, 9, 0, 0, 9], [0, 0, 0, 7, 9, 9, 9, 2, 9, 9], [0, 0, 0, 4, 0, 9, 6, 1, 6, 9], [0, 0, 0, 0, 0, 2, 1, 6, 1, 2], [0, 0, 0, 4, 9, 9, 6, 1, 6, 9], [0, 0, 0, 7, 9, 9, 9, 2, 9, 9], [0, 0, 0, 0, 0, 9, 0, 0, 9, 9], [0, 0, 0, 0, 0, 7, 4, 0, 4, 7]]}, {"input": [[0, 0, 0, 0, 0, 0, 0, 0, 0, 0], [0, 0, 0, 0, 0, 0, 0, 0, 0, 0], [0, 0, 0, 0, 0, 0, 0, 0, 0, 0], [0, 0, 0, 0, 0, 2, 0, 0, 0, 0], [0, 0, 0, 0, 2, 0, 0, 0, 2, 0], [0, 0, 0, 0, 0, 0, 6, 0, 0, 0], [0, 0, 0, 0, 1, 3, 6, 3, 1, 0], [0, 0, 0, 0, 7, 8, 7, 0, 0, 0], [0, 0, 0, 0, 0, 0, 0, 0, 0, 0], [0, 0, 0, 0, 0, 0, 0, 0, 0, 0]], "output": [[0, 7, 1, 0, 2, 0, 0, 0, 2, 0], [0, 8, 3, 0, 0, 2, 0, 2, 0, 0], [0, 7, 6, 6, 0, 0, 0, 0, 0, 6], [0, 0, 3, 0, 0, 2, 0, 2, 0, 0], [0, 0, 1, 0, 2, 0, 0, 0, 2, 0], [0, 0, 0, 0, 0, 0, 6, 0, 0, 0], [0, 0, 0, 0, 1, 3, 6, 3, 1, 0], [0, 0, 0, 0, 7, 8, 7, 0, 0, 0], [0, 0, 0, 0, 0, 0, 0, 0, 0, 0], [0, 0, 0, 0, 0, 0, 0, 0, 0, 0]]}]}