{"train": [{"input": [[0, 0, 0, 0, 0, 0, 0, 0, 0, 0], [0, 0, 0, 0, 0, 6, 6, 0, 0, 0], [0, 0, 0, 0, 0, 6, 6, 0, 0, 0], [6, 6, 6, 0, 0, 0, 0, 0, 0, 0], [6, 6, 6, 0, 0, 0, 0, 0, 0, 0], [6, 6, 6, 0, 0, 0, 0, 0, 0, 0], [0, 0, 0, 0, 8, 8, 0, 9, 9, 9], [0, 0, 0, 0, 8, 8, 0, 9, 9, 9], [0, 0, 0, 0, 0, 0, 0, 9, 9, 9], [0, 0, 0, 0, 0, 0, 0, 0, 0, 0]], "output": [[0, 0, 0, 0, 0, 0, 0, 0, 0, 0], [0, 0, 0, 0, 0, 6, 6, 0, 0, 0], [0, 0, 0, 0, 0, 6, 6, 0, 0, 0], [6, 6, 6, 0, 0, 0, 0, 0, 0, 0], [6, 6, 6, 0, 0, 0, 0, 0, 0, 0], [6, 6, 6, 0, 0, 0, 0, 0, 0, 0], [0, 0, 0, 0, 8, 8, 0, 9, 9, 9], [0, 0, 0, 0, 8, 8, 0, 9, 9, 9], [0, 0, 0, 0, 0, 0, 0, 9, 9, 9], [6, 6, 6, 6, 6, 6, 6, 6, 6, 0]]}, {"input": [[0, 0, 0, 0, 0, 0, 0, 0, 0, 0], [0, 0, 0, 0, 0, 0, 0, 0, 0, 5], [0, 0, 7, 7, 0, 0, 0, 0, 0, 0], [0, 0, 7, 7, 0, 0, 0, 0, 0, 0], [0, 0, 0, 0, 0, 0, 6, 6, 6, 0], [0, 0, 4, 4, 4, 0, 6, 6, 6, 0], [0, 0, 4, 4, 4, 0, 6, 6, 6, 0], [0, 0, 4, 4, 4, 0, 0, 0, 0, 0], [0, 0, 0, 0, 0, 0, 0, 0, 0, 0], [0, 0, 0, 0, 0, 2, 0, 0, 0, 0]], "output": [[0, 0, 0, 0, 0, 0, 0, 0, 0, 0], [0, 0, 0, 0, 0, 0, 0, 0, 0, 5], [0, 0, 7, 7, 0, 0, 0, 0, 0, 0], [0, 0, 7, 7, 0, 0, 0, 0, 0, 0], [0, 0, 0, 0, 0, 0, 6, 6, 6, 0], [0, 0, 4, 4, 4, 0, 6, 6, 6, 0], [0, 0, 4, 4, 4, 0, 7, 7, 7, 7], [0, 0, 4, 4, 4, 0, 7, 7, 7, 7], [0, 0, 0, 0, 0, 0, 7, 7, 7, 7], [0, 0, 0, 0, 0, 2, 7, 7, 7, 7]]}, {"input": [[0, 0, 0, 0, 3, 3, 0, 0, 0, 0], [0, 0, 0, 0, 3, 3, 0, 0, 0, 0], [0, 0, 2, 2, 2, 0, 0, 0, 0, 0], [0, 0, 2, 2, 2, 0, 0, 0, 0, 0], [0, 0, 2, 2, 2, 5, 5, 5, 0, 0], [4, 0, 0, 0, 0, 5, 5, 5, 0, 0], [0, 0, 0, 0, 0, 5, 5, 5, 0, 0], [0, 0, 0, 0, 0, 0, 0, 0, 0, 0], [0, 7, 0, 0, 0, 0, 0, 0, 0, 0], [0, 0, 0, 0, 0, 0, 0, 0, 0, 0]], "output": [[0, 0, 0, 0, 3, 3, 0, 0, 0, 0], [0, 0, 0, 0, 3, 3, 0, 0, 0, 0], [0, 0, 2, 2, 2, 0, 0, 0, 0, 0], [0, 0, 2, 2, 2, 0, 0, 0, 0, 0], [0, 0, 2, 2, 2, 5, 5, 5, 0, 0], [4, 0, 0, 0, 0, 5, 5, 5, 0, 0], [0, 0, 0, 0, 0, 5, 2, 2, 2, 2], [0, 0, 0, 0, 0, 0, 2, 2, 2, 2], [0, 7, 0, 0, 0, 0, 2, 2, 2, 2], [0, 0, 0, 0, 0, 0, 2, 2, 2, 2]]}, {"input": [[0, 0, 0, 0, 0, 0, 0, 0, 0, 0], [0, 0, 5, 5, 0, 0, 0, 0, 0, 0], [0, 0, 5, 5, 0, 0, 0, 0, 0, 0], [8, 0, 0, 0, 0, 0, 0, 0, 0, 0], [8, 8, 8, 0, 0, 0, 0, 0, 0, 0], [8, 8, 8, 0, 0, 0, 0, 0, 0, 0], [8, 8, 8, 0, 0, 0, 0, 0, 0, 0], [0, 0, 0, 0, 0, 0, 0, 0, 0, 4], [6, 6, 0, 0, 0, 0, 0, 3, 0, 0], [6, 6, 0, 0, 0, 0, 0, 0, 0, 0]], "output": [[0, 0, 0, 0, 0, 0, 0, 0, 0, 0], [0, 0, 5, 5, 0, 0, 0, 0, 0, 0], [0, 0, 5, 5, 0, 0, 0, 0, 0, 0], [8, 0, 0, 0, 0, 0, 5, 5, 5, 5], [8, 8, 8, 0, 0, 0, 5, 5, 5, 5], [8, 8, 8, 0, 0, 0, 5, 5, 5, 5], [8, 8, 8, 0, 0, 0, 5, 5, 5, 5], [0, 0, 0, 0, 0, 0, 5, 5, 5, 5], [6, 6, 0, 0, 0, 0, 5, 5, 5, 5], [8, 8, 8, 0, 0, 0, 0, 0, 0, 0]]}, {"input": [[0, 0, 0, 0, 0, 0, 0, 0, 0, 0], [4, 0, 0, 0, 0, 0, 0, 0, 0, 0], [0, 0, 0, 0, 0, 0, 0, 0, 0, 0], [0, 0, 0, 4, 4, 0, 0, 0, 0, 0], [3, 0, 0, 4, 4, 0, 0, 0, 0, 0], [5, 0, 0, 0, 0, 0, 0, 0, 0, 0], [0, 0, 6, 6, 6, 0, 0, 0, 0, 0], [0, 0, 6, 6, 6, 0, 5, 5, 0, 0], [0, 0, 6, 6, 6, 0, 5, 5, 0, 0], [0, 0, 0, 0, 0, 0, 0, 0, 0, 0]], "output": [[0, 0, 0, 0, 0, 0, 0, 0, 0, 0], [4, 0, 0, 0, 0, 0, 0, 0, 0, 0], [0, 0, 0, 0, 0, 0, 0, 0, 0, 0], [4, 4, 4, 4, 4, 0, 0, 0, 0, 0], [4, 4, 4, 4, 4, 0, 0, 0, 0, 0], [4, 4, 4, 0, 0, 0, 0, 0, 0, 0], [0, 0, 6, 6, 6, 0, 0, 0, 0, 0], [0, 0, 6, 6, 6, 0, 5, 5, 0, 0], [0, 0, 6, 6, 6, 0, 5, 5, 0, 0], [0, 0, 0, 0, 0, 0, 0, 0, 0, 4]]}, {"input": [[0, 0, 1, 1, 1, 0, 0, 0, 0, 0], [0, 0, 1, 1, 1, 0, 0, 0, 0, 0], [0, 0, 1, 1, 1, 0, 0, 0, 0, 0], [0, 0, 0, 0, 0, 0, 0, 0, 0, 0], [0, 0, 0, 0, 0, 0, 0, 0, 0, 0], [0, 0, 0, 0, 0, 0, 0, 9, 9, 9], [0, 0, 0, 0, 0, 3, 0, 9, 9, 9], [0, 0, 0, 0, 0, 0, 0, 9, 9, 9], [0, 0, 0, 0, 0, 0, 0, 0, 0, 0], [0, 0, 0, 0, 0, 0, 0, 0, 0, 4]], "output": [[0, 0, 1, 1, 1, 0, 1, 1, 1, 1], [0, 0, 1, 1, 1, 0, 1, 1, 1, 1], [0, 0, 1, 1, 1, 0, 1, 1, 1, 1], [0, 0, 0, 0, 0, 0, 1, 1, 1, 1], [0, 0, 0, 0, 0, 0, 1, 1, 1, 1], [0, 0, 0, 0, 0, 0, 1, 1, 1, 1], [0, 0, 0, 0, 0, 3, 1, 1, 1, 1], [0, 0, 0, 0, 0, 0, 1, 1, 1, 1], [0, 0, 0, 0, 0, 0, 1, 1, 1, 1], [0, 0, 0, 0, 0, 0, 0, 0, 0, 4]]}, {"input": [[0, 0, 0, 0, 0, 0, 0, 0, 0, 0], [0, 0, 0, 0, 0, 0, 0, 0, 0, 0], [0, 0, 0, 0, 0, 0, 0, 0, 0, 0], [6, 6, 6, 6, 6, 6, 0, 0, 0, 0], [6, 6, 6, 6, 6, 6, 0, 0, 0, 0], [6, 6, 6, 6, 6, 6, 0, 0, 0, 0], [0, 0, 0, 0, 0, 0, 0, 0, 6, 0], [0, 0, 0, 0, 0, 0, 0, 4, 0, 0], [0, 0, 0, 0, 0, 0, 0, 0, 0, 0], [0, 0, 0, 0, 0, 0, 0, 0, 0, 0]], "output": [[0, 0, 0, 0, 0, 0, 0, 0, 0, 0], [0, 0, 0, 0, 0, 0, 0, 0, 0, 0], [0, 0, 0, 0, 0, 0, 0, 0, 0, 0], [6, 6, 6, 6, 6, 6, 0, 0, 0, 0], [6, 6, 6, 6, 6, 6, 0, 0, 0, 0], [6, 6, 6, 6, 6, 6, 0, 0, 0, 0], [0, 0, 0, 0, 0, 0, 0, 0, 6, 0], [0, 0, 0, 0, 0, 0, 0, 4, 0, 0], [0, 0, 0, 0, 0, 0, 0, 0, 0, 0], [6, 6, 6, 6, 6, 6, 6, 6, 6, 6]]}, {"input": [[0, 0, 6, 6, 6, 0, 0, 0, 0, 0], [0, 0, 6, 6, 6, 0, 0, 0, 0, 0], [0, 0, 6, 6, 6, 0, 0, 0, 0, 0], [0, 0, 0, 0, 0, 0, 8, 8, 0, 0], [0, 0, 0, 0, 0, 0, 8, 8, 0, 0], [0, 0, 0, 0, 0, 0, 0, 0, 0, 0], [0, 0, 0, 0, 0, 0, 0, 3, 3, 0], [0, 0, 0, 0, 0, 0, 0, 3, 3, 0], [0, 0, 0, 0, 0, 0, 0, 0, 0, 0], [0, 0, 0, 0, 0, 0, 0, 0, 0, 0]], "output": [[0, 0, 6, 6, 6, 0, 6, 6, 6, 6], [0, 0, 6, 6, 6, 0, 6, 6, 6, 6], [0, 0, 6, 6, 6, 0, 6, 6, 6, 6], [0, 0, 0, 0, 0, 0, 6, 6, 6, 6], [0, 0, 0, 0, 0, 0, 6, 6, 6, 6], [0, 0, 0, 0, 0, 0, 6, 6, 6, 6], [0, 0, 0, 0, 0, 0, 6, 6, 6, 6], [0, 0, 0, 0, 0, 0, 6, 6, 6, 6], [0, 0, 0, 0, 0, 0, 6, 6, 6, 6], [0, 0, 0, 0, 0, 0, 0, 0, 0, 0]]}, {"input": [[0, 0, 0, 0, 0, 0, 0, 0, 0, 0], [0, 0, 0, 0, 0, 0, 0, 0, 0, 0], [6, 6, 6, 0, 5, 5, 5, 0, 0, 0], [6, 6, 6, 0, 5, 5, 5, 0, 0, 0], [6, 6, 6, 0, 5, 5, 5, 0, 0, 0], [0, 0, 0, 0, 0, 0, 0, 0, 0, 0], [2, 2, 3, 3, 0, 9, 9, 9, 0, 0], [2, 2, 3, 3, 0, 9, 9, 9, 0, 0], [0, 4, 0, 0, 0, 9, 9, 9, 0, 0], [0, 0, 0, 0, 0, 0, 0, 0, 0, 0]], "output": [[0, 0, 0, 0, 0, 0, 0, 0, 0, 0], [0, 0, 0, 0, 0, 0, 0, 0, 0, 0], [6, 6, 6, 0, 5, 5, 5, 0, 0, 0], [6, 6, 6, 0, 5, 5, 5, 0, 0, 0], [6, 6, 6, 0, 5, 5, 5, 0, 0, 0], [0, 0, 0, 0, 0, 0, 0, 0, 0, 0], [6, 6, 6, 6, 6, 6, 6, 6, 6, 0], [6, 6, 6, 6, 6, 6, 6, 6, 6, 0], [6, 6, 6, 6, 6, 6, 6, 6, 6, 0], [6, 6, 6, 6, 6, 6, 6, 6, 6, 0]]}, {"input": [[0, 0, 0, 0, 0, 0, 0, 0, 0, 0], [0, 0, 0, 0, 0, 0, 0, 0, 0, 0], [0, 0, 0, 1, 0, 0, 0, 0, 0, 0], [0, 0, 0, 0, 0, 0, 0, 0, 0, 0], [0, 0, 0, 0, 0, 3, 3, 3, 0, 0], [0, 0, 0, 0, 0, 3, 3, 3, 0, 0], [0, 0, 0, 0, 0, 3, 3, 3, 0, 0], [0, 0, 0, 0, 0, 0, 0, 0, 0, 0], [0, 0, 0, 0, 0, 0, 0, 0, 0, 0], [0, 0, 0, 0, 0, 0, 3, 0, 0, 0]], "output": [[0, 0, 0, 0, 0, 0, 0, 0, 0, 0], [0, 0, 0, 0, 0, 0, 0, 0, 0, 0], [0, 0, 0, 1, 0, 0, 0, 0, 0, 0], [0, 0, 0, 0, 0, 0, 0, 0, 0, 0], [0, 0, 0, 0, 0, 3, 3, 3, 0, 0], [0, 0, 0, 0, 0, 3, 3, 3, 0, 0], [0, 0, 0, 0, 0, 3, 3, 3, 0, 1], [0, 0, 0, 0, 0, 0, 0, 0, 0, 1], [0, 0, 0, 0, 0, 0, 0, 0, 0, 1], [0, 0, 0, 0, 0, 0, 3, 0, 0, 0]]}, {"input": [[0, 0, 0, 0, 0, 0, 0, 0, 0, 0], [0, 0, 0, 6, 6, 6, 0, 0, 0, 0], [0, 0, 0, 6, 6, 6, 0, 0, 0, 0], [0, 0, 0, 6, 6, 6, 0, 0, 0, 0], [0, 0, 0, 0, 0, 0, 0, 0, 0, 4], [0, 0, 4, 4, 0, 0, 0, 0, 0, 0], [0, 0, 4, 4, 0, 0, 7, 7, 7, 0], [0, 0, 0, 0, 0, 0, 7, 7, 7, 0], [0, 0, 0, 0, 0, 0, 7, 7, 7, 0], [0, 0, 0, 0, 0, 0, 0, 0, 0, 0]], "output": [[0, 0, 0, 0, 0, 0, 0, 0, 0, 0], [0, 0, 0, 6, 6, 6, 0, 0, 0, 0], [0, 0, 0, 6, 6, 6, 0, 0, 0, 0], [0, 0, 0, 6, 6, 6, 0, 0, 0, 6], [0, 0, 0, 0, 0, 0, 0, 0, 0, 6], [0, 0, 4, 4, 0, 0, 0, 0, 0, 6], [0, 0, 4, 4, 0, 0, 7, 7, 7, 6], [0, 0, 0, 0, 0, 0, 7, 7, 7, 6], [0, 0, 0, 0, 0, 0, 7, 7, 7, 6], [0, 0, 0, 0, 0, 0, 0, 0, 0, 6]]}, {"input": [[0, 0, 0, 0, 0, 0, 0, 0, 0, 0], [2, 0, 0, 0, 0, 0, 0, 0, 0, 0], [0, 0, 0, 2, 2, 0, 0, 0, 0, 0], [0, 0, 0, 2, 2, 0, 0, 0, 1, 0], [0, 0, 0, 7, 0, 0, 0, 0, 0, 0], [0, 0, 0, 0, 0, 0, 0, 0, 0, 0], [2, 2, 2, 0, 0, 0, 0, 0, 0, 0], [2, 2, 2, 0, 0, 0, 0, 0, 0, 0], [2, 2, 2, 0, 0, 0, 2, 2, 0, 0], [0, 0, 0, 0, 0, 0, 2, 2, 0, 0]], "output": [[0, 0, 0, 0, 0, 0, 0, 0, 0, 0], [2, 0, 0, 0, 0, 0, 0, 0, 0, 0], [0, 0, 0, 2, 2, 0, 0, 0, 0, 0], [2, 2, 2, 2, 2, 0, 0, 0, 1, 0], [2, 2, 2, 7, 0, 0, 0, 0, 0, 0], [2, 2, 2, 0, 0, 0, 0, 0, 0, 0], [2, 2, 2, 0, 0, 0, 0, 0, 0, 2], [2, 2, 2, 0, 0, 0, 0, 0, 0, 2], [2, 2, 2, 0, 0, 0, 2, 2, 0, 2], [0, 0, 0, 0, 0, 0, 2, 2, 0, 2]]}, {"input": [[4, 4, 0, 0, 0, 0, 0, 0, 0, 0], [4, 4, 0, 0, 0, 0, 0, 0, 0, 0], [0, 0, 0, 0, 0, 0, 0, 7, 7, 2], [0, 0, 0, 0, 0, 0, 0, 7, 7, 0], [0, 0, 0, 0, 0, 0, 0, 0, 0, 0], [0, 0, 0, 0, 0, 0, 0, 0, 0, 0], [0, 0, 0, 0, 0, 0, 0, 0, 0, 0], [0, 0, 0, 0, 0, 1, 1, 1, 0, 0], [0, 0, 0, 0, 0, 1, 1, 1, 0, 0], [0, 0, 0, 0, 0, 1, 1, 1, 0, 0]], "output": [[4, 4, 4, 4, 4, 4, 0, 0, 0, 0], [4, 4, 4, 4, 4, 4, 0, 0, 0, 0], [4, 4, 4, 4, 4, 4, 0, 7, 7, 2], [4, 4, 4, 4, 4, 4, 0, 7, 7, 0], [4, 4, 4, 4, 4, 4, 0, 0, 0, 0], [4, 4, 4, 4, 4, 4, 0, 0, 0, 0], [0, 0, 0, 0, 0, 0, 0, 0, 0, 0], [0, 0, 0, 0, 0, 1, 1, 1, 0, 0], [0, 0, 0, 0, 0, 1, 1, 1, 0, 0], [0, 0, 0, 0, 0, 1, 1, 1, 0, 0]]}, {"input": [[0, 0, 0, 0, 7, 0, 0, 0, 0, 0], [0, 0, 7, 7, 7, 0, 0, 0, 0, 0], [0, 0, 7, 7, 7, 0, 0, 6, 6, 0], [0, 0, 7, 7, 7, 0, 0, 6, 6, 0], [0, 0, 0, 0, 0, 0, 0, 0, 0, 0], [0, 0, 0, 0, 0, 0, 0, 0, 0, 0], [0, 0, 0, 0, 0, 0, 0, 0, 0, 0], [0, 0, 0, 0, 0, 0, 0, 0, 0, 0], [0, 0, 0, 0, 0, 5, 0, 0, 0, 0], [6, 0, 0, 0, 0, 0, 0, 0, 0, 0]], "output": [[0, 0, 0, 0, 7, 0, 0, 0, 0, 0], [0, 0, 7, 7, 7, 0, 0, 0, 0, 0], [0, 0, 7, 7, 7, 0, 0, 6, 6, 0], [0, 0, 7, 7, 7, 0, 7, 7, 7, 7], [0, 0, 0, 0, 0, 0, 7, 7, 7, 7], [0, 0, 0, 0, 0, 0, 7, 7, 7, 7], [0, 0, 0, 0, 0, 0, 7, 7, 7, 7], [0, 0, 0, 0, 0, 0, 7, 7, 7, 7], [0, 0, 0, 0, 0, 5, 7, 7, 7, 7], [6, 0, 0, 0, 0, 0, 7, 7, 7, 7]]}, {"input": [[0, 0, 0, 0, 0, 0, 0, 0, 0, 0], [0, 0, 0, 0, 0, 0, 0, 0, 0, 0], [0, 7, 7, 0, 0, 0, 0, 0, 0, 0], [0, 7, 7, 0, 0, 0, 9, 9, 0, 0], [0, 0, 0, 0, 0, 0, 9, 9, 0, 0], [0, 0, 0, 0, 0, 0, 0, 0, 0, 0], [0, 9, 9, 0, 0, 0, 0, 7, 7, 0], [0, 9, 9, 0, 0, 0, 0, 7, 7, 0], [0, 0, 0, 0, 0, 0, 0, 0, 0, 0], [0, 0, 0, 0, 0, 0, 4, 0, 0, 0]], "output": [[0, 0, 0, 0, 0, 0, 0, 0, 0, 0], [0, 0, 0, 0, 0, 0, 0, 0, 0, 0], [0, 7, 7, 0, 0, 0, 0, 0, 0, 0], [0, 7, 7, 0, 0, 0, 9, 9, 0, 0], [0, 0, 0, 0, 0, 0, 9, 9, 0, 0], [0, 0, 0, 0, 0, 0, 0, 0, 0, 0], [0, 9, 9, 7, 7, 7, 7, 7, 7, 0], [0, 9, 9, 7, 7, 7, 7, 7, 7, 0], [0, 0, 0, 7, 7, 7, 7, 7, 7, 0], [0, 0, 0, 7, 7, 7, 7, 7, 7, 0]]}, {"input": [[6, 6, 6, 0, 0, 0, 0, 0, 0, 0], [6, 6, 6, 0, 0, 0, 0, 0, 0, 0], [6, 6, 6, 0, 0, 0, 5, 5, 5, 0], [6, 6, 0, 0, 0, 0, 5, 5, 5, 0], [6, 6, 0, 0, 0, 0, 5, 5, 5, 0], [0, 0, 0, 0, 0, 0, 0, 0, 0, 0], [0, 0, 5, 5, 0, 0, 0, 0, 0, 0], [0, 0, 5, 5, 9, 9, 9, 0, 0, 0], [0, 0, 0, 0, 9, 9, 9, 0, 0, 0], [0, 0, 0, 0, 9, 9, 9, 0, 0, 0]], "output": [[6, 6, 6, 6, 6, 6, 6, 6, 6, 0], [6, 6, 6, 6, 6, 6, 6, 6, 6, 0], [6, 6, 6, 6, 6, 6, 6, 6, 6, 0], [6, 6, 6, 6, 6, 6, 6, 6, 6, 0], [6, 6, 6, 6, 6, 6, 6, 6, 6, 0], [6, 6, 6, 6, 6, 6, 6, 6, 6, 0], [6, 6, 6, 6, 6, 6, 6, 6, 6, 0], [6, 6, 6, 6, 6, 6, 6, 6, 6, 0], [6, 6, 6, 6, 6, 6, 6, 6, 6, 0], [6, 6, 6, 6, 6, 6, 9, 0, 0, 0]]}, {"input": [[0, 0, 0, 0, 0, 0, 0, 0, 0, 0], [0, 0, 0, 0, 0, 0, 0, 0, 6, 0], [0, 0, 0, 0, 0, 0, 0, 0, 0, 0], [0, 0, 0, 4, 0, 0, 0, 0, 0, 0], [0, 0, 0, 0, 0, 0, 0, 0, 4, 4], [0, 0, 0, 0, 0, 0, 0, 0, 4, 4], [0, 0, 0, 0, 0, 0, 0, 0, 0, 0], [0, 0, 0, 0, 0, 0, 0, 0, 0, 0], [0, 0, 0, 0, 0, 0, 0, 0, 0, 0], [0, 0, 0, 0, 0, 0, 0, 0, 0, 0]], "output": [[0, 0, 0, 0, 0, 0, 0, 0, 0, 0], [0, 0, 0, 0, 0, 0, 0, 0, 6, 0], [0, 0, 0, 0, 0, 0, 0, 0, 0, 0], [0, 0, 0, 4, 0, 0, 0, 0, 0, 0], [0, 0, 0, 0, 0, 0, 0, 0, 4, 4], [0, 0, 0, 0, 0, 0, 0, 0, 4, 4], [0, 0, 0, 0, 0, 0, 0, 0, 0, 0], [0, 0, 0, 0, 0, 0, 0, 0, 0, 0], [0, 0, 0, 0, 0, 0, 0, 0, 0, 0], [0, 0, 0, 0, 0, 0, 0, 0, 0, 4]]}, {"input": [[0, 0, 0, 0, 0, 0, 0, 0, 0, 0], [0, 0, 0, 0, 0, 0, 0, 0, 0, 4], [0, 0, 0, 8, 8, 0, 0, 0, 0, 0], [0, 0, 0, 8, 8, 0, 0, 0, 0, 0], [0, 0, 0, 0, 0, 0, 0, 0, 0, 0], [0, 0, 0, 0, 0, 0, 0, 4, 4, 4], [0, 0, 0, 0, 0, 5, 0, 4, 4, 4], [0, 0, 0, 0, 0, 0, 0, 4, 4, 4], [0, 0, 0, 0, 0, 0, 0, 0, 0, 0], [0, 0, 0, 0, 0, 0, 0, 0, 0, 0]], "output": [[0, 0, 0, 0, 0, 0, 0, 0, 0, 0], [0, 0, 0, 0, 0, 0, 0, 0, 0, 4], [0, 0, 0, 8, 8, 0, 0, 0, 0, 0], [0, 0, 0, 8, 8, 0, 0, 0, 0, 0], [0, 0, 0, 0, 0, 0, 0, 0, 0, 0], [0, 0, 0, 0, 0, 0, 0, 4, 4, 4], [0, 0, 0, 0, 0, 5, 0, 4, 4, 8], [0, 0, 0, 0, 0, 0, 0, 4, 4, 8], [0, 0, 0, 0, 0, 0, 0, 0, 0, 8], [0, 0, 0, 0, 0, 0, 0, 0, 0, 8]]}], "test": [{"input": [[0, 0, 0, 0, 0, 0, 0, 0, 0, 0], [0, 0, 0, 0, 0, 0, 0, 0, 0, 0], [0, 5, 5, 5, 0, 0, 0, 0, 0, 0], [0, 5, 5, 5, 0, 0, 0, 0, 0, 0], [0, 5, 5, 5, 0, 0, 9, 9, 9, 0], [0, 0, 0, 0, 0, 0, 9, 9, 9, 0], [0, 0, 0, 0, 0, 0, 9, 9, 9, 0], [0, 0, 0, 0, 0, 0, 0, 0, 0, 0], [0, 0, 0, 0, 0, 1, 0, 4, 4, 0], [0, 0, 0, 0, 0, 0, 0, 4, 4, 0]], "output": [[0, 0, 0, 0, 0, 0, 0, 0, 0, 0], [0, 0, 0, 0, 0, 0, 0, 0, 0, 0], [0, 5, 5, 5, 0, 0, 0, 0, 0, 0], [0, 5, 5, 5, 0, 0, 0, 0, 0, 0], [0, 5, 5, 5, 0, 0, 9, 9, 9, 0], [0, 0, 0, 0, 0, 0, 9, 9, 9, 0], [0, 0, 0, 5, 5, 5, 5, 5, 5, 5], [0, 0, 0, 5, 5, 5, 5, 5, 5, 5], [0, 0, 0, 5, 5, 5, 5, 5, 5, 5], [0, 0, 0, 5, 5, 5, 5, 5, 5, 5]]}, {"input": [[9, 9, 9, 0, 0, 0, 0, 0, 0, 0], [9, 9, 9, 0, 0, 0, 0, 0, 6, 6], [9, 9, 9, 0, 0, 0, 0, 0, 6, 6], [0, 0, 0, 0, 0, 0, 0, 0, 0, 0], [0, 0, 0, 0, 0, 0, 0, 0, 0, 0], [0, 0, 0, 0, 4, 4, 4, 0, 0, 0], [0, 0, 0, 0, 4, 4, 4, 0, 2, 0], [0, 0, 0, 0, 4, 4, 4, 0, 0, 0], [0, 0, 0, 0, 0, 0, 0, 0, 0, 0], [0, 0, 0, 0, 0, 0, 7, 0, 0, 0]], "output": [[9, 9, 9, 9, 9, 9, 9, 9, 9, 0], [9, 9, 9, 9, 9, 9, 9, 9, 9, 6], [9, 9, 9, 9, 9, 9, 9, 9, 9, 6], [9, 9, 9, 9, 9, 9, 9, 9, 9, 0], [9, 9, 9, 9, 9, 9, 9, 9, 9, 0], [9, 9, 9, 9, 9, 9, 9, 9, 9, 0], [9, 9, 9, 9, 9, 9, 9, 9, 9, 0], [9, 9, 9, 9, 9, 9, 9, 9, 9, 0], [9, 9, 9, 9, 9, 9, 9, 9, 9, 0], [0, 0, 0, 0, 0, 0, 7, 0, 0, 0]]}, {"input": [[0, 0, 0, 0, 4, 0, 0, 0, 0, 0], [0, 0, 0, 0, 0, 0, 0, 0, 0, 0], [0, 0, 0, 0, 0, 0, 0, 7, 7, 0], [5, 5, 5, 0, 0, 0, 0, 7, 7, 0], [5, 5, 5, 0, 0, 6, 0, 0, 0, 0], [5, 5, 5, 0, 0, 0, 4, 4, 0, 0], [0, 0, 0, 0, 0, 0, 4, 4, 0, 0], [0, 0, 0, 0, 0, 0, 0, 0, 8, 8], [0, 0, 0, 0, 0, 0, 0, 0, 8, 8], [0, 0, 0, 0, 0, 0, 0, 0, 0, 0]], "output": [[0, 0, 0, 0, 4, 0, 0, 0, 0, 0], [0, 0, 0, 0, 0, 0, 0, 0, 0, 0], [0, 0, 0, 0, 0, 0, 0, 7, 7, 0], [5, 5, 5, 0, 0, 0, 0, 7, 7, 0], [5, 5, 5, 0, 0, 6, 0, 0, 0, 0], [5, 5, 5, 0, 0, 0, 4, 4, 0, 0], [0, 0, 0, 0, 0, 0, 4, 4, 0, 0], [0, 0, 0, 0, 0, 0, 0, 0, 8, 8], [0, 0, 0, 0, 0, 0, 0, 0, 8, 8], [5, 5, 5, 5, 5, 5, 5, 5, 5, 0]]}]}