{"train": [{"input": [[0, 0, 0, 0, 0, 0, 0, 0, 0], [9, 9, 9, 9, 8, 8, 8, 0, 0], [9, 9, 9, 9, 8, 8, 8, 0, 0], [9, 9, 9, 9, 8, 8, 8, 0, 0], [9, 9, 9, 9, 0, 0, 0, 0, 0], [0, 0, 6, 6, 6, 0, 0, 0, 0], [0, 0, 6, 6, 6, 0, 0, 0, 0], [0, 0, 6, 6, 6, 6, 6, 6, 6], [0, 0, 0, 0, 0, 6, 6, 6, 6]], "output": [[0, 0, 0, 0, 0, 0, 0, 0, 0], [0, 0, 8, 8, 8, 9, 9, 9, 9], [0, 0, 8, 8, 8, 9, 9, 9, 9], [0, 0, 8, 8, 8, 9, 9, 9, 9], [0, 0, 0, 0, 0, 9, 9, 9, 9], [0, 0, 0, 0, 6, 6, 6, 0, 0], [0, 0, 0, 0, 6, 6, 6, 0, 0], [6, 6, 6, 6, 6, 6, 6, 0, 0], [6, 6, 6, 6, 0, 0, 0, 0, 0]]}, {"input": [[0, 0, 0, 0, 0, 0, 0, 0, 0, 0], [0, 0, 0, 4, 4, 4, 4, 0, 0, 0], [1, 1, 1, 4, 4, 4, 4, 0, 0, 0], [1, 1, 1, 4, 4, 4, 4, 0, 0, 0], [1, 1, 1, 4, 4, 4, 4, 0, 0, 0], [1, 1, 1, 0, 0, 0, 0, 0, 0, 0], [0, 0, 0, 0, 0, 0, 2, 2, 2, 2], [0, 0, 0, 0, 0, 0, 2, 2, 2, 2], [0, 0, 0, 0, 0, 0, 0, 0, 0, 0], [0, 0, 0, 0, 0, 0, 0, 0, 0, 0]], "output": [[0, 0, 0, 0, 0, 0, 0, 0, 0, 0], [4, 4, 4, 4, 0, 0, 0, 0, 0, 0], [4, 4, 4, 4, 1, 1, 1, 0, 0, 0], [4, 4, 4, 4, 1, 1, 1, 0, 0, 0], [4, 4, 4, 4, 1, 1, 1, 0, 0, 0], [0, 0, 0, 0, 1, 1, 1, 0, 0, 0], [0, 0, 0, 0, 0, 0, 2, 2, 2, 2], [0, 0, 0, 0, 0, 0, 2, 2, 2, 2], [0, 0, 0, 0, 0, 0, 0, 0, 0, 0], [0, 0, 0, 0, 0, 0, 0, 0, 0, 0]]}, {"input": [[0, 0, 0, 0, 0, 0, 8, 8, 8, 8], [0, 3, 3, 3, 0, 0, 8, 8, 8, 8], [0, 3, 3, 3, 0, 0, 0, 0, 0, 0], [0, 3, 3, 3, 0, 0, 0, 0, 0, 0], [0, 4, 4, 2, 2, 2, 0, 0, 0, 0], [0, 4, 4, 2, 2, 2, 0, 0, 0, 0], [0, 0, 0, 2, 2, 2, 0, 0, 0, 0], [0, 0, 0, 2, 2, 2, 0, 0, 0, 0], [0, 0, 0, 0, 0, 0, 0, 0, 0, 0], [0, 0, 0, 0, 0, 0, 0, 0, 0, 0]], "output": [[0, 0, 0, 0, 0, 0, 8, 8, 8, 8], [0, 0, 0, 3, 3, 3, 8, 8, 8, 8], [0, 0, 0, 3, 3, 3, 0, 0, 0, 0], [0, 0, 0, 3, 3, 3, 0, 0, 0, 0], [0, 2, 2, 2, 4, 4, 0, 0, 0, 0], [0, 2, 2, 2, 4, 4, 0, 0, 0, 0], [0, 2, 2, 2, 0, 0, 0, 0, 0, 0], [0, 2, 2, 2, 0, 0, 0, 0, 0, 0], [0, 0, 0, 0, 0, 0, 0, 0, 0, 0], [0, 0, 0, 0, 0, 0, 0, 0, 0, 0]]}, {"input": [[0, 0, 0, 0, 0, 4, 4, 4, 0, 0, 0], [0, 0, 0, 0, 0, 4, 4, 4, 0, 0, 0], [0, 0, 0, 0, 0, 4, 4, 4, 5, 5, 5], [0, 0, 0, 0, 0, 4, 4, 4, 5, 5, 5], [0, 0, 0, 0, 0, 0, 0, 0, 5, 5, 5], [0, 0, 0, 0, 0, 1, 1, 1, 5, 5, 5], [0, 0, 0, 0, 0, 1, 1, 1, 0, 0, 0], [0, 0, 0, 0, 0, 1, 1, 1, 0, 0, 0], [0, 0, 0, 0, 0, 0, 0, 0, 1, 1, 0], [0, 0, 0, 0, 0, 0, 0, 0, 1, 1, 0], [0, 0, 0, 0, 0, 0, 0, 0, 0, 0, 0]], "output": [[0, 0, 0, 0, 0, 0, 0, 0, 4, 4, 4], [0, 0, 0, 0, 0, 0, 0, 0, 4, 4, 4], [0, 0, 0, 0, 0, 5, 5, 5, 4, 4, 4], [0, 0, 0, 0, 0, 5, 5, 5, 4, 4, 4], [0, 0, 0, 0, 0, 5, 5, 5, 0, 0, 0], [0, 0, 0, 0, 0, 5, 5, 5, 1, 1, 1], [0, 0, 0, 0, 0, 0, 0, 0, 1, 1, 1], [0, 0, 0, 0, 0, 0, 0, 0, 1, 1, 1], [0, 0, 0, 0, 0, 0, 0, 0, 1, 1, 0], [0, 0, 0, 0, 0, 0, 0, 0, 1, 1, 0], [0, 0, 0, 0, 0, 0, 0, 0, 0, 0, 0]]}, {"input": [[0, 0, 3, 3, 3, 2, 2, 0, 0], [0, 0, 3, 3, 3, 2, 2, 0, 0], [0, 0, 0, 0, 0, 0, 0, 0, 0], [0, 0, 0, 0, 0, 1, 1, 1, 1], [0, 0, 0, 0, 0, 1, 1, 1, 1], [0, 0, 0, 0, 0, 0, 0, 0, 0], [0, 0, 0, 0, 0, 0, 4, 4, 4], [0, 0, 0, 0, 0, 0, 4, 4, 4], [0, 0, 0, 0, 0, 0, 0, 0, 0]], "output": [[0, 0, 2, 2, 3, 3, 3, 0, 0], [0, 0, 2, 2, 3, 3, 3, 0, 0], [0, 0, 0, 0, 0, 0, 0, 0, 0], [0, 0, 0, 0, 0, 1, 1, 1, 1], [0, 0, 0, 0, 0, 1, 1, 1, 1], [0, 0, 0, 0, 0, 0, 0, 0, 0], [0, 0, 0, 0, 0, 0, 4, 4, 4], [0, 0, 0, 0, 0, 0, 4, 4, 4], [0, 0, 0, 0, 0, 0, 0, 0, 0]]}, {"input": [[0, 0, 0, 0, 0, 0, 0, 0], [0, 0, 0, 0, 0, 0, 0, 0], [0, 0, 8, 8, 8, 0, 0, 0], [0, 0, 8, 8, 8, 0, 0, 0], [0, 0, 8, 8, 8, 0, 0, 0], [0, 0, 8, 8, 8, 0, 0, 0], [8, 8, 8, 0, 0, 0, 0, 0], [8, 8, 8, 0, 0, 0, 0, 0]], "output": [[0, 0, 0, 0, 0, 0, 0, 0], [0, 0, 0, 0, 0, 0, 0, 0], [8, 8, 8, 0, 0, 0, 0, 0], [8, 8, 8, 0, 0, 0, 0, 0], [8, 8, 8, 0, 0, 0, 0, 0], [8, 8, 8, 0, 0, 0, 0, 0], [0, 0, 8, 8, 8, 0, 0, 0], [0, 0, 8, 8, 8, 0, 0, 0]]}, {"input": [[0, 0, 0, 0, 0, 0, 0, 0, 0], [0, 0, 0, 0, 0, 0, 6, 6, 6], [0, 0, 0, 0, 0, 0, 6, 6, 6], [0, 0, 0, 0, 0, 0, 6, 6, 6], [0, 0, 0, 0, 6, 6, 6, 6, 0], [4, 4, 4, 0, 6, 6, 6, 6, 0], [4, 4, 4, 0, 0, 6, 6, 6, 6], [4, 4, 4, 0, 0, 6, 6, 6, 6], [0, 0, 0, 0, 0, 0, 0, 0, 0]], "output": [[0, 0, 0, 0, 0, 0, 0, 0, 0], [0, 0, 0, 0, 6, 6, 6, 0, 0], [0, 0, 0, 0, 6, 6, 6, 0, 0], [0, 0, 0, 0, 6, 6, 6, 0, 0], [0, 0, 0, 0, 0, 6, 6, 6, 6], [4, 4, 4, 0, 0, 6, 6, 6, 6], [4, 4, 4, 0, 6, 6, 6, 6, 0], [4, 4, 4, 0, 6, 6, 6, 6, 0], [0, 0, 0, 0, 0, 0, 0, 0, 0]]}, {"input": [[0, 0, 0, 0, 0, 0, 0, 0], [2, 2, 2, 0, 0, 0, 0, 0], [2, 2, 2, 8, 8, 8, 8, 0], [2, 2, 2, 8, 8, 8, 8, 0], [2, 2, 2, 8, 8, 8, 8, 0], [0, 0, 8, 8, 8, 8, 0, 0], [0, 0, 8, 8, 8, 8, 0, 0], [0, 0, 8, 8, 8, 8, 0, 0]], "output": [[0, 0, 0, 0, 0, 0, 0, 0], [0, 0, 0, 0, 2, 2, 2, 0], [8, 8, 8, 8, 2, 2, 2, 0], [8, 8, 8, 8, 2, 2, 2, 0], [8, 8, 8, 8, 2, 2, 2, 0], [0, 8, 8, 8, 8, 0, 0, 0], [0, 8, 8, 8, 8, 0, 0, 0], [0, 8, 8, 8, 8, 0, 0, 0]]}, {"input": [[0, 0, 0, 0, 0, 0, 0, 0, 0], [0, 0, 0, 0, 0, 0, 0, 0, 0], [0, 0, 9, 9, 0, 2, 2, 0, 0], [0, 0, 9, 9, 0, 2, 2, 0, 0], [0, 0, 9, 9, 0, 2, 2, 0, 0], [0, 0, 9, 9, 0, 2, 2, 0, 0], [0, 0, 0, 9, 9, 9, 9, 0, 0], [0, 0, 0, 9, 9, 9, 9, 0, 0], [0, 0, 0, 9, 9, 9, 9, 0, 0]], "output": [[0, 0, 0, 0, 0, 0, 0, 0, 0], [0, 0, 0, 0, 0, 0, 0, 0, 0], [0, 0, 2, 2, 0, 9, 9, 0, 0], [0, 0, 2, 2, 0, 9, 9, 0, 0], [0, 0, 2, 2, 0, 9, 9, 0, 0], [0, 0, 2, 2, 0, 9, 9, 0, 0], [0, 0, 9, 9, 9, 9, 0, 0, 0], [0, 0, 9, 9, 9, 9, 0, 0, 0], [0, 0, 9, 9, 9, 9, 0, 0, 0]]}, {"input": [[0, 0, 0, 0, 0, 0, 0, 0], [0, 0, 7, 7, 3, 3, 3, 3], [0, 0, 7, 7, 3, 3, 3, 3], [0, 0, 7, 7, 0, 0, 0, 0], [0, 0, 0, 0, 1, 1, 0, 0], [0, 0, 0, 0, 1, 1, 0, 0], [3, 3, 3, 3, 1, 1, 0, 0], [3, 3, 3, 3, 1, 1, 0, 0]], "output": [[0, 0, 0, 0, 0, 0, 0, 0], [0, 0, 3, 3, 3, 3, 7, 7], [0, 0, 3, 3, 3, 3, 7, 7], [0, 0, 0, 0, 0, 0, 7, 7], [1, 1, 0, 0, 0, 0, 0, 0], [1, 1, 0, 0, 0, 0, 0, 0], [1, 1, 3, 3, 3, 3, 0, 0], [1, 1, 3, 3, 3, 3, 0, 0]]}, {"input": [[0, 0, 0, 0, 0, 0, 0, 0, 0], [0, 0, 0, 0, 0, 0, 0, 0, 0], [0, 0, 0, 0, 0, 0, 0, 4, 4], [8, 8, 8, 8, 0, 0, 0, 4, 4], [8, 8, 8, 8, 6, 6, 6, 4, 4], [8, 8, 8, 8, 6, 6, 6, 4, 4], [8, 8, 8, 8, 6, 6, 6, 0, 0], [0, 0, 0, 0, 6, 6, 6, 0, 0], [0, 0, 0, 0, 0, 0, 0, 0, 0]], "output": [[0, 0, 0, 0, 0, 0, 0, 0, 0], [0, 0, 0, 0, 0, 0, 0, 0, 0], [4, 4, 0, 0, 0, 0, 0, 0, 0], [4, 4, 0, 0, 0, 8, 8, 8, 8], [4, 4, 6, 6, 6, 8, 8, 8, 8], [4, 4, 6, 6, 6, 8, 8, 8, 8], [0, 0, 6, 6, 6, 8, 8, 8, 8], [0, 0, 6, 6, 6, 0, 0, 0, 0], [0, 0, 0, 0, 0, 0, 0, 0, 0]]}, {"input": [[0, 0, 0, 8, 8, 8, 8, 0], [0, 0, 0, 8, 8, 8, 8, 0], [0, 0, 0, 0, 0, 0, 0, 0], [0, 0, 4, 4, 4, 4, 0, 0], [0, 0, 4, 4, 4, 4, 0, 0], [0, 0, 0, 0, 0, 8, 8, 0], [0, 0, 0, 0, 0, 8, 8, 0], [0, 0, 0, 0, 0, 0, 0, 0]], "output": [[0, 0, 0, 8, 8, 8, 8, 0], [0, 0, 0, 8, 8, 8, 8, 0], [0, 0, 0, 0, 0, 0, 0, 0], [0, 0, 0, 4, 4, 4, 4, 0], [0, 0, 0, 4, 4, 4, 4, 0], [0, 0, 8, 8, 0, 0, 0, 0], [0, 0, 8, 8, 0, 0, 0, 0], [0, 0, 0, 0, 0, 0, 0, 0]]}, {"input": [[0, 0, 0, 0, 0, 0, 0, 0], [0, 6, 6, 6, 6, 1, 1, 1], [0, 6, 6, 6, 6, 1, 1, 1], [0, 5, 5, 0, 0, 1, 1, 1], [0, 5, 5, 0, 0, 0, 0, 0], [0, 5, 5, 0, 4, 4, 0, 0], [0, 5, 5, 0, 4, 4, 0, 0], [0, 0, 0, 0, 4, 4, 0, 0]], "output": [[0, 0, 0, 0, 0, 0, 0, 0], [0, 1, 1, 1, 6, 6, 6, 6], [0, 1, 1, 1, 6, 6, 6, 6], [0, 1, 1, 1, 0, 0, 5, 5], [0, 0, 0, 0, 0, 0, 5, 5], [0, 0, 0, 0, 4, 4, 5, 5], [0, 0, 0, 0, 4, 4, 5, 5], [0, 0, 0, 0, 4, 4, 0, 0]]}, {"input": [[0, 0, 0, 0, 0, 0, 0, 0, 0], [0, 0, 0, 0, 0, 0, 0, 0, 0], [0, 9, 9, 9, 0, 0, 0, 0, 0], [0, 9, 9, 9, 0, 0, 0, 0, 0], [0, 1, 1, 1, 1, 0, 0, 0, 0], [0, 1, 1, 1, 1, 0, 0, 0, 0], [0, 1, 1, 1, 1, 0, 0, 0, 0], [0, 1, 1, 1, 1, 0, 0, 0, 0], [0, 0, 0, 0, 0, 0, 0, 0, 0]], "output": [[0, 0, 0, 0, 0, 0, 0, 0, 0], [0, 0, 0, 0, 0, 0, 0, 0, 0], [0, 0, 9, 9, 9, 0, 0, 0, 0], [0, 0, 9, 9, 9, 0, 0, 0, 0], [0, 1, 1, 1, 1, 0, 0, 0, 0], [0, 1, 1, 1, 1, 0, 0, 0, 0], [0, 1, 1, 1, 1, 0, 0, 0, 0], [0, 1, 1, 1, 1, 0, 0, 0, 0], [0, 0, 0, 0, 0, 0, 0, 0, 0]]}, {"input": [[0, 0, 0, 0, 0, 5, 5, 7, 7, 0], [0, 0, 0, 0, 0, 5, 5, 7, 7, 0], [0, 0, 0, 0, 0, 5, 5, 0, 0, 0], [0, 0, 0, 0, 0, 5, 5, 6, 6, 6], [0, 0, 0, 0, 0, 0, 0, 6, 6, 6], [0, 0, 0, 0, 0, 0, 0, 6, 6, 6], [0, 0, 9, 9, 9, 9, 0, 0, 0, 0], [0, 0, 9, 9, 9, 9, 0, 0, 0, 0], [0, 0, 9, 9, 9, 9, 0, 0, 0, 0], [0, 0, 9, 9, 9, 9, 0, 0, 0, 0]], "output": [[0, 0, 0, 0, 0, 0, 7, 7, 5, 5], [0, 0, 0, 0, 0, 0, 7, 7, 5, 5], [0, 0, 0, 0, 0, 0, 0, 0, 5, 5], [0, 0, 0, 0, 0, 6, 6, 6, 5, 5], [0, 0, 0, 0, 0, 6, 6, 6, 0, 0], [0, 0, 0, 0, 0, 6, 6, 6, 0, 0], [0, 0, 9, 9, 9, 9, 0, 0, 0, 0], [0, 0, 9, 9, 9, 9, 0, 0, 0, 0], [0, 0, 9, 9, 9, 9, 0, 0, 0, 0], [0, 0, 9, 9, 9, 9, 0, 0, 0, 0]]}, {"input": [[0, 0, 0, 0, 0, 0, 0, 0, 0, 0], [0, 0, 0, 0, 9, 9, 0, 0, 0, 0], [0, 0, 0, 0, 9, 9, 6, 6, 6, 0], [0, 0, 0, 0, 9, 9, 6, 6, 6, 0], [0, 0, 0, 0, 9, 9, 0, 0, 0, 0], [0, 0, 0, 6, 6, 0, 0, 0, 0, 0], [0, 0, 0, 6, 6, 0, 0, 0, 0, 0], [8, 8, 0, 6, 6, 0, 0, 0, 0, 0], [8, 8, 0, 6, 6, 0, 0, 0, 0, 0], [8, 8, 0, 0, 0, 0, 0, 0, 0, 0]], "output": [[0, 0, 0, 0, 0, 0, 0, 0, 0, 0], [0, 0, 0, 0, 0, 0, 9, 9, 0, 0], [0, 0, 0, 6, 6, 6, 9, 9, 0, 0], [0, 0, 0, 6, 6, 6, 9, 9, 0, 0], [0, 0, 0, 0, 0, 0, 9, 9, 0, 0], [0, 0, 0, 0, 0, 0, 0, 6, 6, 0], [0, 0, 0, 0, 0, 0, 0, 6, 6, 0], [8, 8, 0, 0, 0, 0, 0, 6, 6, 0], [8, 8, 0, 0, 0, 0, 0, 6, 6, 0], [8, 8, 0, 0, 0, 0, 0, 0, 0, 0]]}, {"input": [[0, 0, 0, 0, 0, 0, 0, 0], [0, 0, 4, 4, 0, 0, 0, 0], [0, 0, 4, 4, 0, 0, 0, 0], [0, 0, 4, 4, 0, 0, 0, 0], [7, 7, 7, 0, 0, 0, 0, 0], [7, 7, 7, 0, 0, 0, 0, 0], [7, 7, 7, 0, 0, 0, 0, 0], [0, 0, 0, 0, 0, 0, 0, 0]], "output": [[0, 0, 0, 0, 0, 0, 0, 0], [4, 4, 0, 0, 0, 0, 0, 0], [4, 4, 0, 0, 0, 0, 0, 0], [4, 4, 0, 0, 0, 0, 0, 0], [0, 7, 7, 7, 0, 0, 0, 0], [0, 7, 7, 7, 0, 0, 0, 0], [0, 7, 7, 7, 0, 0, 0, 0], [0, 0, 0, 0, 0, 0, 0, 0]]}, {"input": [[0, 0, 0, 0, 0, 0, 0, 0, 0], [0, 0, 8, 8, 8, 0, 0, 0, 0], [0, 0, 8, 8, 8, 4, 4, 0, 0], [0, 0, 8, 8, 8, 4, 4, 0, 0], [0, 0, 0, 0, 0, 0, 0, 0, 0], [0, 0, 0, 0, 0, 0, 0, 0, 0], [0, 0, 0, 0, 0, 0, 0, 0, 0], [0, 0, 0, 0, 0, 0, 0, 0, 0], [0, 0, 0, 0, 0, 0, 0, 0, 0]], "output": [[0, 0, 0, 0, 0, 0, 0, 0, 0], [0, 0, 0, 0, 8, 8, 8, 0, 0], [0, 0, 4, 4, 8, 8, 8, 0, 0], [0, 0, 4, 4, 8, 8, 8, 0, 0], [0, 0, 0, 0, 0, 0, 0, 0, 0], [0, 0, 0, 0, 0, 0, 0, 0, 0], [0, 0, 0, 0, 0, 0, 0, 0, 0], [0, 0, 0, 0, 0, 0, 0, 0, 0], [0, 0, 0, 0, 0, 0, 0, 0, 0]]}], "test": [{"input": [[0, 0, 0, 0, 0, 0, 0, 0, 0], [0, 0, 0, 0, 0, 0, 0, 0, 0], [0, 0, 0, 4, 4, 0, 0, 0, 0], [0, 0, 0, 4, 4, 0, 0, 0, 0], [0, 0, 0, 4, 4, 0, 0, 0, 0], [7, 7, 0, 2, 2, 0, 0, 0, 0], [7, 7, 0, 2, 2, 1, 1, 1, 0], [7, 7, 0, 2, 2, 1, 1, 1, 0], [7, 7, 0, 2, 2, 0, 0, 0, 0]], "output": [[0, 0, 0, 0, 0, 0, 0, 0, 0], [0, 0, 0, 0, 0, 0, 0, 0, 0], [0, 0, 0, 0, 0, 0, 4, 4, 0], [0, 0, 0, 0, 0, 0, 4, 4, 0], [0, 0, 0, 0, 0, 0, 4, 4, 0], [7, 7, 0, 0, 0, 0, 2, 2, 0], [7, 7, 0, 1, 1, 1, 2, 2, 0], [7, 7, 0, 1, 1, 1, 2, 2, 0], [7, 7, 0, 0, 0, 0, 2, 2, 0]]}, {"input": [[0, 0, 0, 0, 0, 2, 2, 0, 0, 0], [0, 1, 1, 1, 1, 2, 2, 0, 0, 0], [0, 1, 1, 1, 1, 2, 2, 0, 0, 0], [0, 0, 0, 0, 0, 0, 0, 0, 0, 0], [0, 0, 0, 0, 0, 0, 0, 0, 0, 0], [0, 0, 6, 6, 9, 9, 9, 0, 0, 0], [0, 0, 6, 6, 9, 9, 9, 0, 0, 0], [0, 0, 6, 6, 9, 9, 9, 0, 0, 0], [0, 0, 6, 6, 0, 0, 0, 0, 0, 0], [0, 0, 0, 0, 0, 0, 0, 0, 0, 0]], "output": [[0, 2, 2, 0, 0, 0, 0, 0, 0, 0], [0, 2, 2, 1, 1, 1, 1, 0, 0, 0], [0, 2, 2, 1, 1, 1, 1, 0, 0, 0], [0, 0, 0, 0, 0, 0, 0, 0, 0, 0], [0, 0, 0, 0, 0, 0, 0, 0, 0, 0], [0, 0, 9, 9, 9, 6, 6, 0, 0, 0], [0, 0, 9, 9, 9, 6, 6, 0, 0, 0], [0, 0, 9, 9, 9, 6, 6, 0, 0, 0], [0, 0, 0, 0, 0, 6, 6, 0, 0, 0], [0, 0, 0, 0, 0, 0, 0, 0, 0, 0]]}, {"input": [[0, 0, 0, 0, 0, 0, 0, 0, 0, 0, 0], [0, 0, 0, 0, 0, 0, 0, 0, 0, 0, 0], [0, 0, 0, 0, 0, 0, 0, 4, 4, 4, 0], [0, 0, 0, 4, 4, 0, 0, 4, 4, 4, 0], [0, 0, 0, 4, 4, 0, 0, 4, 4, 4, 0], [0, 0, 0, 4, 4, 0, 0, 4, 4, 4, 0], [0, 0, 0, 0, 0, 0, 0, 0, 5, 5, 0], [0, 0, 0, 0, 0, 0, 0, 0, 5, 5, 0], [0, 0, 0, 0, 0, 0, 0, 0, 5, 5, 0], [0, 0, 0, 0, 0, 0, 0, 0, 5, 5, 0], [0, 0, 0, 0, 0, 0, 0, 0, 0, 0, 0]], "output": [[0, 0, 0, 0, 0, 0, 0, 0, 0, 0, 0], [0, 0, 0, 0, 0, 0, 0, 0, 0, 0, 0], [0, 0, 0, 0, 0, 0, 0, 4, 4, 4, 0], [0, 0, 0, 4, 4, 0, 0, 4, 4, 4, 0], [0, 0, 0, 4, 4, 0, 0, 4, 4, 4, 0], [0, 0, 0, 4, 4, 0, 0, 4, 4, 4, 0], [0, 0, 0, 0, 0, 0, 0, 5, 5, 0, 0], [0, 0, 0, 0, 0, 0, 0, 5, 5, 0, 0], [0, 0, 0, 0, 0, 0, 0, 5, 5, 0, 0], [0, 0, 0, 0, 0, 0, 0, 5, 5, 0, 0], [0, 0, 0, 0, 0, 0, 0, 0, 0, 0, 0]]}]}