{"train": [{"input": [[0, 0, 0, 0, 0, 0, 0, 0, 0, 0, 0, 0], [0, 0, 0, 0, 0, 0, 0, 0, 0, 0, 0, 0], [4, 4, 4, 4, 4, 4, 4, 4, 0, 0, 0, 0], [4, 4, 4, 4, 4, 4, 4, 4, 0, 0, 0, 0], [4, 4, 4, 4, 0, 0, 4, 4, 0, 0, 0, 0], [4, 0, 4, 0, 0, 0, 4, 4, 0, 0, 0, 0], [4, 4, 0, 0, 0, 4, 4, 4, 0, 0, 0, 0], [4, 4, 0, 0, 4, 4, 4, 4, 0, 0, 0, 0], [4, 4, 4, 4, 4, 4, 4, 4, 0, 0, 0, 0], [4, 4, 4, 4, 4, 4, 4, 0, 0, 0, 0, 0], [0, 0, 0, 0, 0, 0, 0, 0, 0, 0, 0, 0], [0, 0, 0, 0, 0, 0, 0, 0, 0, 0, 0, 0]], "output": [[0, 0, 0, 0, 0, 0, 0, 0, 0, 0, 0, 0], [0, 0, 0, 0, 0, 0, 0, 0, 0, 0, 0, 0], [4, 4, 4, 4, 4, 4, 4, 4, 0, 0, 0, 0], [4, 4, 4, 4, 4, 4, 4, 4, 0, 0, 0, 0], [4, 4, 4, 4, 9, 9, 4, 4, 0, 0, 0, 0], [4, 9, 4, 9, 9, 9, 4, 4, 0, 0, 0, 0], [4, 4, 9, 9, 9, 4, 4, 4, 0, 0, 0, 0], [4, 4, 9, 9, 4, 4, 4, 4, 0, 0, 0, 0], [4, 4, 4, 4, 4, 4, 4, 4, 0, 0, 0, 0], [4, 4, 4, 4, 4, 4, 4, 9, 0, 0, 0, 0], [0, 0, 0, 0, 0, 0, 0, 0, 0, 0, 0, 0], [0, 0, 0, 0, 0, 0, 0, 0, 0, 0, 0, 0]]}, {"input": [[0, 0, 0, 0, 0, 0, 0, 0, 0, 0, 0, 0], [0, 0, 0, 0, 0, 0, 0, 0, 0, 0, 0, 0], [0, 0, 0, 0, 0, 0, 5, 5, 0, 0, 0, 0], [0, 0, 0, 0, 0, 5, 5, 0, 0, 0, 5, 0], [0, 0, 0, 0, 0, 0, 0, 0, 0, 5, 5, 5], [0, 0, 0, 0, 0, 0, 0, 5, 5, 5, 5, 5], [0, 0, 0, 0, 5, 5, 5, 5, 5, 5, 5, 0], [0, 0, 0, 0, 5, 5, 5, 5, 5, 5, 0, 0], [0, 0, 0, 0, 0, 5, 0, 5, 5, 5, 5, 0], [0, 0, 0, 0, 0, 0, 0, 0, 5, 5, 0, 0], [0, 0, 0, 0, 0, 0, 0, 0, 0, 0, 0, 0], [0, 0, 0, 0, 0, 0, 0, 0, 0, 0, 0, 0]], "output": [[0, 0, 0, 0, 0, 0, 0, 0, 0, 0, 0, 0], [0, 0, 0, 0, 0, 0, 0, 0, 0, 0, 0, 0], [0, 0, 0, 0, 0, 5, 5, 5, 0, 0, 0, 0], [0, 0, 0, 0, 5, 5, 5, 5, 5, 5, 5, 5], [0, 0, 0, 0, 5, 5, 5, 5, 5, 5, 5, 5], [0, 0, 0, 0, 5, 5, 5, 5, 5, 5, 5, 5], [0, 0, 0, 0, 5, 5, 5, 5, 5, 5, 5, 5], [0, 0, 0, 0, 5, 5, 5, 5, 5, 5, 5, 5], [0, 0, 0, 0, 5, 5, 5, 5, 5, 5, 5, 5], [0, 0, 0, 0, 5, 5, 5, 5, 5, 5, 5, 5], [0, 0, 0, 0, 0, 0, 0, 0, 0, 0, 0, 0], [0, 0, 0, 0, 0, 0, 0, 0, 0, 0, 0, 0]]}, {"input": [[0, 0, 0, 0, 0, 0, 0, 0, 0, 0, 0, 0], [0, 0, 0, 0, 0, 0, 0, 0, 0, 0, 0, 0], [0, 0, 0, 8, 8, 8, 8, 8, 8, 8, 0, 0], [0, 0, 0, 8, 8, 8, 8, 0, 8, 8, 8, 0], [0, 0, 0, 8, 8, 8, 0, 0, 0, 8, 8, 0], [0, 0, 0, 8, 8, 8, 8, 0, 0, 8, 8, 0], [0, 0, 0, 0, 0, 8, 8, 0, 0, 8, 8, 0], [0, 0, 0, 0, 0, 8, 8, 0, 0, 8, 8, 0], [0, 0, 0, 0, 0, 0, 0, 8, 8, 8, 8, 0], [0, 0, 0, 0, 0, 0, 0, 8, 8, 8, 8, 0], [0, 0, 0, 0, 0, 0, 0, 0, 0, 0, 0, 0], [0, 0, 0, 0, 0, 0, 0, 0, 0, 0, 0, 0]], "output": [[0, 0, 0, 0, 0, 0, 0, 0, 0, 0, 0, 0], [0, 0, 0, 0, 0, 0, 0, 0, 0, 0, 0, 0], [0, 0, 0, 8, 8, 8, 8, 8, 8, 8, 8, 0], [0, 0, 0, 8, 8, 8, 8, 8, 8, 8, 8, 0], [0, 0, 0, 8, 8, 8, 8, 8, 8, 8, 8, 0], [0, 0, 0, 8, 8, 8, 8, 8, 8, 8, 8, 0], [0, 0, 0, 8, 8, 8, 8, 8, 8, 8, 8, 0], [0, 0, 0, 8, 8, 8, 8, 8, 8, 8, 8, 0], [0, 0, 0, 8, 8, 8, 8, 8, 8, 8, 8, 0], [0, 0, 0, 8, 8, 8, 8, 8, 8, 8, 8, 0], [0, 0, 0, 0, 0, 0, 0, 0, 0, 0, 0, 0], [0, 0, 0, 0, 0, 0, 0, 0, 0, 0, 0, 0]]}, {"input": [[0, 0, 0, 0, 0, 0, 0, 0, 0, 0, 0, 0], [0, 6, 6, 6, 6, 6, 6, 0, 0, 0, 0, 0], [0, 6, 6, 6, 6, 6, 6, 6, 0, 0, 0, 0], [0, 6, 6, 6, 6, 6, 6, 6, 0, 0, 0, 0], [0, 6, 6, 6, 6, 0, 6, 6, 0, 0, 0, 0], [0, 6, 0, 0, 0, 0, 0, 6, 0, 0, 0, 0], [0, 6, 0, 0, 6, 0, 6, 6, 6, 0, 0, 0], [0, 0, 6, 6, 6, 6, 6, 6, 6, 0, 0, 0], [0, 0, 0, 0, 0, 0, 6, 6, 6, 0, 0, 0], [0, 0, 0, 0, 0, 0, 0, 0, 0, 0, 0, 0], [0, 0, 0, 0, 0, 0, 0, 0, 0, 0, 0, 0], [0, 0, 0, 0, 0, 0, 0, 0, 0, 0, 0, 0]], "output": [[0, 0, 0, 0, 0, 0, 0, 0, 0, 0, 0, 0], [0, 6, 6, 6, 6, 6, 6, 5, 5, 0, 0, 0], [0, 6, 6, 6, 6, 6, 6, 6, 5, 0, 0, 0], [0, 6, 6, 6, 6, 6, 6, 6, 5, 0, 0, 0], [0, 6, 6, 6, 6, 5, 6, 6, 5, 0, 0, 0], [0, 6, 5, 5, 5, 5, 5, 6, 5, 0, 0, 0], [0, 6, 5, 5, 6, 5, 6, 6, 6, 0, 0, 0], [0, 5, 6, 6, 6, 6, 6, 6, 6, 0, 0, 0], [0, 5, 5, 5, 5, 5, 6, 6, 6, 0, 0, 0], [0, 0, 0, 0, 0, 0, 0, 0, 0, 0, 0, 0], [0, 0, 0, 0, 0, 0, 0, 0, 0, 0, 0, 0], [0, 0, 0, 0, 0, 0, 0, 0, 0, 0, 0, 0]]}, {"input": [[0, 0, 0, 0, 0, 0, 0, 0, 2, 2, 0, 0], [0, 0, 2, 2, 0, 0, 0, 0, 2, 2, 0, 0], [0, 0, 2, 2, 0, 0, 2, 0, 2, 2, 0, 0], [0, 0, 2, 0, 2, 2, 0, 2, 2, 2, 0, 0], [0, 0, 2, 2, 2, 2, 0, 2, 2, 2, 0, 0], [0, 0, 2, 2, 2, 2, 0, 2, 2, 0, 0, 0], [0, 0, 2, 0, 0, 0, 0, 0, 0, 0, 0, 0], [0, 0, 2, 0, 0, 0, 0, 0, 0, 0, 0, 0], [0, 0, 0, 0, 0, 0, 0, 0, 0, 0, 0, 0], [0, 0, 0, 0, 0, 0, 0, 0, 0, 0, 0, 0], [0, 0, 0, 0, 0, 0, 0, 0, 0, 0, 0, 0], [0, 0, 0, 0, 0, 0, 0, 0, 0, 0, 0, 0]], "output": [[0, 0, 0, 0, 0, 0, 0, 9, 2, 2, 0, 0], [0, 0, 2, 2, 9, 9, 0, 9, 2, 2, 0, 0], [0, 0, 2, 2, 9, 9, 2, 9, 2, 2, 0, 0], [0, 0, 2, 9, 2, 2, 0, 2, 2, 2, 0, 0], [0, 0, 2, 2, 2, 2, 0, 2, 2, 2, 0, 0], [0, 0, 2, 2, 2, 2, 0, 2, 2, 9, 0, 0], [0, 0, 2, 9, 9, 9, 0, 0, 0, 0, 0, 0], [0, 0, 2, 9, 9, 9, 0, 0, 0, 0, 0, 0], [0, 0, 0, 0, 0, 0, 0, 0, 0, 0, 0, 0], [0, 0, 0, 0, 0, 0, 0, 0, 0, 0, 0, 0], [0, 0, 0, 0, 0, 0, 0, 0, 0, 0, 0, 0], [0, 0, 0, 0, 0, 0, 0, 0, 0, 0, 0, 0]]}, {"input": [[0, 0, 0, 0, 0, 0, 0, 0, 0, 0, 0, 0], [0, 0, 0, 0, 0, 0, 0, 0, 0, 0, 0, 0], [0, 0, 0, 0, 0, 0, 0, 0, 0, 0, 0, 0], [0, 0, 0, 0, 0, 0, 0, 0, 0, 0, 0, 0], [0, 0, 0, 0, 9, 9, 9, 0, 0, 0, 0, 0], [9, 0, 0, 0, 9, 0, 0, 0, 0, 0, 0, 0], [9, 0, 9, 9, 9, 9, 0, 0, 0, 0, 0, 0], [9, 9, 0, 0, 9, 9, 0, 0, 0, 0, 0, 0], [0, 0, 0, 0, 9, 9, 9, 9, 0, 0, 0, 0], [0, 0, 0, 9, 9, 9, 0, 9, 0, 0, 0, 0], [0, 0, 0, 9, 0, 0, 0, 9, 0, 0, 0, 0], [0, 9, 9, 9, 0, 0, 0, 0, 0, 0, 0, 0]], "output": [[0, 0, 0, 0, 0, 0, 0, 0, 0, 0, 0, 0], [0, 0, 0, 0, 0, 0, 0, 0, 0, 0, 0, 0], [0, 0, 0, 0, 0, 0, 0, 0, 0, 0, 0, 0], [0, 0, 0, 0, 0, 0, 0, 0, 0, 0, 0, 0], [0, 9, 9, 9, 9, 9, 9, 9, 0, 0, 0, 0], [9, 9, 9, 9, 9, 9, 9, 9, 0, 0, 0, 0], [9, 9, 9, 9, 9, 9, 9, 9, 0, 0, 0, 0], [9, 9, 9, 9, 9, 9, 9, 9, 0, 0, 0, 0], [0, 9, 9, 9, 9, 9, 9, 9, 0, 0, 0, 0], [0, 9, 9, 9, 9, 9, 9, 9, 0, 0, 0, 0], [0, 9, 9, 9, 9, 9, 9, 9, 0, 0, 0, 0], [0, 9, 9, 9, 9, 9, 9, 9, 0, 0, 0, 0]]}, {"input": [[0, 0, 0, 0, 0, 0, 0, 0, 0, 0, 0, 0], [0, 0, 0, 0, 0, 0, 0, 0, 0, 0, 0, 0], [0, 0, 0, 0, 0, 0, 0, 0, 0, 0, 0, 0], [0, 0, 0, 0, 0, 0, 0, 0, 0, 0, 0, 0], [0, 0, 0, 0, 0, 6, 6, 6, 6, 6, 6, 0], [0, 0, 0, 0, 6, 6, 6, 0, 0, 6, 6, 6], [0, 0, 0, 0, 6, 6, 6, 0, 0, 6, 6, 6], [0, 0, 0, 0, 6, 6, 6, 6, 6, 6, 6, 6], [0, 0, 0, 0, 0, 6, 0, 0, 0, 0, 6, 0], [0, 0, 0, 0, 0, 6, 0, 0, 0, 0, 6, 0], [0, 0, 0, 0, 0, 6, 6, 6, 6, 6, 6, 0], [0, 0, 0, 0, 0, 6, 6, 6, 6, 6, 6, 0]], "output": [[0, 0, 0, 0, 0, 0, 0, 0, 0, 0, 0, 0], [0, 0, 0, 0, 0, 0, 0, 0, 0, 0, 0, 0], [0, 0, 0, 0, 0, 0, 0, 0, 0, 0, 0, 0], [0, 0, 0, 0, 0, 0, 0, 0, 0, 0, 0, 0], [0, 0, 0, 0, 5, 6, 6, 6, 6, 6, 6, 5], [0, 0, 0, 0, 6, 6, 6, 5, 5, 6, 6, 6], [0, 0, 0, 0, 6, 6, 6, 5, 5, 6, 6, 6], [0, 0, 0, 0, 6, 6, 6, 6, 6, 6, 6, 6], [0, 0, 0, 0, 5, 6, 5, 5, 5, 5, 6, 5], [0, 0, 0, 0, 5, 6, 5, 5, 5, 5, 6, 5], [0, 0, 0, 0, 5, 6, 6, 6, 6, 6, 6, 5], [0, 0, 0, 0, 5, 6, 6, 6, 6, 6, 6, 5]]}, {"input": [[0, 0, 0, 0, 0, 0, 0, 0, 0, 0, 0, 0], [0, 0, 0, 0, 0, 0, 0, 0, 0, 0, 0, 0], [0, 0, 0, 0, 5, 5, 5, 5, 0, 0, 0, 0], [0, 0, 0, 5, 5, 5, 5, 5, 0, 0, 0, 0], [0, 0, 0, 0, 0, 5, 5, 5, 0, 0, 0, 0], [0, 0, 0, 0, 5, 5, 0, 0, 0, 0, 0, 0], [0, 0, 0, 5, 5, 5, 0, 0, 0, 0, 0, 0], [0, 0, 5, 5, 0, 0, 5, 5, 5, 5, 0, 0], [0, 0, 0, 5, 0, 0, 0, 5, 5, 5, 0, 0], [0, 0, 0, 5, 5, 5, 5, 5, 5, 5, 0, 0], [0, 0, 0, 0, 0, 0, 0, 0, 0, 0, 0, 0], [0, 0, 0, 0, 0, 0, 0, 0, 0, 0, 0, 0]], "output": [[0, 0, 0, 0, 0, 0, 0, 0, 0, 0, 0, 0], [0, 0, 0, 0, 0, 0, 0, 0, 0, 0, 0, 0], [0, 0, 5, 5, 5, 5, 5, 5, 5, 5, 0, 0], [0, 0, 5, 5, 5, 5, 5, 5, 5, 5, 0, 0], [0, 0, 5, 5, 5, 5, 5, 5, 5, 5, 0, 0], [0, 0, 5, 5, 5, 5, 5, 5, 5, 5, 0, 0], [0, 0, 5, 5, 5, 5, 5, 5, 5, 5, 0, 0], [0, 0, 5, 5, 5, 5, 5, 5, 5, 5, 0, 0], [0, 0, 5, 5, 5, 5, 5, 5, 5, 5, 0, 0], [0, 0, 5, 5, 5, 5, 5, 5, 5, 5, 0, 0], [0, 0, 0, 0, 0, 0, 0, 0, 0, 0, 0, 0], [0, 0, 0, 0, 0, 0, 0, 0, 0, 0, 0, 0]]}, {"input": [[0, 0, 0, 0, 0, 0, 0, 0, 0, 0, 0, 0], [0, 0, 0, 0, 0, 0, 0, 0, 0, 0, 0, 0], [0, 0, 0, 0, 0, 0, 0, 0, 0, 0, 0, 0], [0, 0, 2, 2, 0, 0, 0, 2, 2, 0, 0, 0], [0, 0, 2, 2, 2, 2, 2, 2, 2, 2, 0, 0], [0, 0, 0, 2, 0, 2, 2, 2, 2, 2, 0, 0], [0, 0, 0, 2, 2, 0, 0, 0, 2, 0, 0, 0], [0, 0, 0, 2, 2, 0, 0, 0, 2, 0, 0, 0], [0, 0, 0, 2, 2, 2, 0, 0, 2, 0, 0, 0], [0, 0, 0, 0, 2, 2, 2, 2, 2, 2, 0, 0], [0, 0, 0, 0, 0, 0, 0, 0, 2, 2, 0, 0], [0, 0, 0, 0, 0, 0, 0, 0, 0, 0, 0, 0]], "output": [[0, 0, 0, 0, 0, 0, 0, 0, 0, 0, 0, 0], [0, 0, 0, 0, 0, 0, 0, 0, 0, 0, 0, 0], [0, 0, 0, 0, 0, 0, 0, 0, 0, 0, 0, 0], [0, 0, 2, 2, 9, 9, 9, 2, 2, 9, 0, 0], [0, 0, 2, 2, 2, 2, 2, 2, 2, 2, 0, 0], [0, 0, 9, 2, 9, 2, 2, 2, 2, 2, 0, 0], [0, 0, 9, 2, 2, 9, 9, 9, 2, 9, 0, 0], [0, 0, 9, 2, 2, 9, 9, 9, 2, 9, 0, 0], [0, 0, 9, 2, 2, 2, 9, 9, 2, 9, 0, 0], [0, 0, 9, 9, 2, 2, 2, 2, 2, 2, 0, 0], [0, 0, 9, 9, 9, 9, 9, 9, 2, 2, 0, 0], [0, 0, 0, 0, 0, 0, 0, 0, 0, 0, 0, 0]]}, {"input": [[0, 0, 0, 0, 0, 0, 0, 0, 0, 0, 0, 0], [0, 0, 0, 0, 0, 0, 0, 0, 0, 0, 0, 0], [0, 0, 0, 0, 0, 0, 0, 0, 0, 0, 0, 0], [0, 0, 0, 0, 0, 2, 0, 0, 0, 0, 0, 0], [0, 0, 0, 0, 0, 0, 0, 0, 0, 0, 0, 0], [0, 0, 0, 0, 2, 0, 0, 0, 0, 0, 0, 0], [0, 0, 0, 0, 2, 0, 2, 2, 0, 0, 0, 0], [0, 0, 0, 0, 2, 2, 2, 2, 0, 0, 2, 0], [0, 0, 0, 0, 2, 2, 2, 0, 2, 2, 2, 2], [0, 0, 0, 0, 0, 0, 0, 0, 0, 2, 2, 2], [0, 0, 0, 0, 0, 0, 0, 0, 2, 2, 2, 2], [0, 0, 0, 0, 0, 0, 0, 0, 0, 0, 0, 0]], "output": [[0, 0, 0, 0, 0, 0, 0, 0, 0, 0, 0, 0], [0, 0, 0, 0, 0, 0, 0, 0, 0, 0, 0, 0], [0, 0, 0, 0, 0, 0, 0, 0, 0, 0, 0, 0], [0, 0, 0, 0, 0, 2, 0, 0, 0, 0, 0, 0], [0, 0, 0, 0, 0, 0, 0, 0, 0, 0, 0, 0], [0, 0, 0, 0, 2, 9, 9, 9, 0, 0, 0, 0], [0, 0, 0, 0, 2, 9, 2, 2, 0, 0, 0, 0], [0, 0, 0, 0, 2, 2, 2, 2, 9, 9, 2, 9], [0, 0, 0, 0, 2, 2, 2, 9, 2, 2, 2, 2], [0, 0, 0, 0, 0, 0, 0, 0, 9, 2, 2, 2], [0, 0, 0, 0, 0, 0, 0, 0, 2, 2, 2, 2], [0, 0, 0, 0, 0, 0, 0, 0, 0, 0, 0, 0]]}, {"input": [[0, 0, 0, 0, 0, 0, 0, 0, 0, 0, 0, 0], [0, 0, 0, 0, 0, 0, 0, 0, 0, 0, 0, 0], [0, 0, 0, 0, 0, 0, 0, 0, 0, 0, 0, 0], [0, 0, 0, 0, 0, 0, 0, 0, 2, 2, 0, 0], [0, 0, 0, 0, 0, 2, 0, 0, 0, 0, 2, 0], [0, 0, 0, 0, 2, 2, 0, 0, 0, 0, 0, 0], [0, 0, 0, 0, 2, 2, 0, 2, 2, 0, 0, 0], [0, 0, 0, 0, 0, 0, 0, 0, 0, 0, 2, 2], [0, 0, 0, 0, 0, 0, 0, 0, 0, 0, 2, 2], [0, 0, 0, 0, 0, 2, 2, 2, 0, 0, 2, 0], [0, 0, 0, 0, 0, 0, 2, 2, 0, 0, 0, 0], [0, 0, 0, 0, 0, 0, 0, 0, 0, 0, 0, 0]], "output": [[0, 0, 0, 0, 0, 0, 0, 0, 0, 0, 0, 0], [0, 0, 0, 0, 0, 0, 0, 0, 0, 0, 0, 0], [0, 0, 0, 0, 0, 0, 0, 0, 0, 0, 0, 0], [0, 0, 0, 0, 0, 0, 0, 0, 2, 2, 0, 0], [0, 0, 0, 0, 9, 2, 0, 0, 0, 0, 2, 0], [0, 0, 0, 0, 2, 2, 0, 0, 0, 0, 0, 0], [0, 0, 0, 0, 2, 2, 0, 2, 2, 0, 0, 0], [0, 0, 0, 0, 0, 0, 0, 0, 0, 0, 2, 2], [0, 0, 0, 0, 0, 0, 0, 0, 0, 0, 2, 2], [0, 0, 0, 0, 0, 2, 2, 2, 0, 0, 2, 9], [0, 0, 0, 0, 0, 9, 2, 2, 0, 0, 0, 0], [0, 0, 0, 0, 0, 0, 0, 0, 0, 0, 0, 0]]}, {"input": [[0, 0, 0, 0, 0, 0, 0, 0, 0, 0, 0, 0], [0, 0, 0, 0, 0, 0, 0, 2, 2, 0, 0, 0], [0, 0, 2, 2, 0, 0, 0, 2, 2, 0, 0, 0], [0, 0, 2, 2, 2, 0, 2, 2, 0, 0, 0, 0], [0, 0, 0, 0, 2, 2, 2, 0, 0, 0, 0, 0], [0, 0, 0, 0, 0, 2, 2, 2, 0, 0, 0, 0], [0, 0, 0, 0, 0, 2, 0, 2, 2, 2, 0, 0], [0, 0, 0, 2, 2, 0, 0, 0, 2, 2, 0, 0], [0, 0, 0, 2, 2, 0, 0, 0, 0, 0, 0, 0], [0, 0, 0, 0, 0, 0, 0, 0, 0, 0, 0, 0], [0, 0, 0, 0, 0, 0, 0, 0, 0, 0, 0, 0], [0, 0, 0, 0, 0, 0, 0, 0, 0, 0, 0, 0]], "output": [[0, 0, 0, 0, 0, 0, 0, 0, 0, 0, 0, 0], [0, 0, 9, 9, 9, 9, 9, 2, 2, 9, 0, 0], [0, 0, 2, 2, 9, 9, 9, 2, 2, 9, 0, 0], [0, 0, 2, 2, 2, 9, 2, 2, 9, 9, 0, 0], [0, 0, 9, 9, 2, 2, 2, 9, 9, 9, 0, 0], [0, 0, 9, 9, 9, 2, 2, 2, 9, 9, 0, 0], [0, 0, 9, 9, 9, 2, 9, 2, 2, 2, 0, 0], [0, 0, 9, 2, 2, 9, 9, 9, 2, 2, 0, 0], [0, 0, 0, 2, 2, 0, 0, 0, 0, 0, 0, 0], [0, 0, 0, 0, 0, 0, 0, 0, 0, 0, 0, 0], [0, 0, 0, 0, 0, 0, 0, 0, 0, 0, 0, 0], [0, 0, 0, 0, 0, 0, 0, 0, 0, 0, 0, 0]]}, {"input": [[0, 0, 0, 0, 0, 0, 0, 0, 0, 0, 0, 0], [0, 0, 0, 0, 8, 0, 0, 0, 0, 0, 0, 0], [0, 0, 8, 0, 0, 8, 8, 8, 8, 8, 0, 0], [0, 0, 8, 0, 0, 0, 0, 0, 0, 8, 0, 0], [0, 0, 8, 8, 0, 0, 8, 8, 8, 8, 0, 0], [0, 0, 8, 8, 0, 8, 8, 8, 8, 8, 0, 0], [0, 0, 8, 8, 8, 8, 0, 0, 0, 8, 0, 0], [0, 0, 8, 8, 8, 8, 8, 8, 8, 8, 0, 0], [0, 0, 0, 0, 8, 0, 0, 0, 0, 0, 0, 0], [0, 0, 0, 0, 0, 0, 0, 0, 0, 0, 0, 0], [0, 0, 0, 0, 0, 0, 0, 0, 0, 0, 0, 0], [0, 0, 0, 0, 0, 0, 0, 0, 0, 0, 0, 0]], "output": [[0, 0, 0, 0, 0, 0, 0, 0, 0, 0, 0, 0], [0, 0, 0, 0, 8, 0, 0, 0, 0, 0, 0, 0], [0, 0, 8, 8, 8, 8, 8, 8, 8, 8, 0, 0], [0, 0, 8, 8, 8, 8, 8, 8, 8, 8, 0, 0], [0, 0, 8, 8, 8, 8, 8, 8, 8, 8, 0, 0], [0, 0, 8, 8, 8, 8, 8, 8, 8, 8, 0, 0], [0, 0, 8, 8, 8, 8, 8, 8, 8, 8, 0, 0], [0, 0, 8, 8, 8, 8, 8, 8, 8, 8, 0, 0], [0, 0, 8, 8, 8, 8, 8, 8, 8, 8, 0, 0], [0, 0, 0, 0, 0, 0, 0, 0, 0, 0, 0, 0], [0, 0, 0, 0, 0, 0, 0, 0, 0, 0, 0, 0], [0, 0, 0, 0, 0, 0, 0, 0, 0, 0, 0, 0]]}, {"input": [[0, 0, 0, 0, 0, 0, 0, 0, 0, 0, 0, 0], [0, 0, 0, 0, 0, 0, 0, 0, 0, 0, 0, 0], [0, 0, 8, 8, 8, 0, 0, 0, 0, 0, 0, 0], [0, 0, 0, 8, 8, 0, 0, 0, 8, 0, 0, 0], [0, 0, 0, 8, 0, 8, 8, 8, 8, 0, 0, 0], [0, 0, 0, 8, 8, 8, 0, 8, 8, 0, 0, 0], [0, 8, 8, 0, 0, 8, 0, 0, 0, 0, 0, 0], [0, 8, 8, 0, 0, 0, 0, 0, 0, 0, 0, 0], [0, 8, 0, 0, 0, 8, 8, 0, 0, 0, 0, 0], [0, 0, 0, 0, 0, 8, 8, 8, 0, 0, 0, 0], [0, 0, 0, 0, 0, 0, 0, 0, 0, 0, 0, 0], [0, 0, 0, 0, 0, 0, 0, 0, 0, 0, 0, 0]], "output": [[0, 0, 0, 0, 0, 0, 0, 0, 0, 0, 0, 0], [0, 0, 0, 0, 0, 0, 0, 0, 0, 0, 0, 0], [0, 0, 8, 8, 8, 8, 8, 8, 8, 0, 0, 0], [0, 0, 8, 8, 8, 8, 8, 8, 8, 0, 0, 0], [0, 0, 8, 8, 8, 8, 8, 8, 8, 0, 0, 0], [0, 0, 8, 8, 8, 8, 8, 8, 8, 0, 0, 0], [0, 8, 8, 8, 8, 8, 8, 8, 8, 0, 0, 0], [0, 8, 8, 0, 0, 0, 0, 0, 0, 0, 0, 0], [0, 8, 8, 0, 0, 8, 8, 8, 0, 0, 0, 0], [0, 0, 0, 0, 0, 8, 8, 8, 0, 0, 0, 0], [0, 0, 0, 0, 0, 0, 0, 0, 0, 0, 0, 0], [0, 0, 0, 0, 0, 0, 0, 0, 0, 0, 0, 0]]}, {"input": [[0, 0, 0, 0, 0, 0, 0, 0, 0, 0, 0, 0], [0, 0, 0, 0, 0, 0, 0, 0, 0, 0, 0, 0], [0, 0, 7, 0, 0, 7, 7, 0, 0, 7, 0, 0], [0, 0, 7, 0, 0, 7, 7, 7, 7, 7, 0, 0], [0, 0, 7, 0, 0, 7, 7, 7, 7, 7, 0, 0], [0, 0, 7, 7, 0, 0, 0, 0, 7, 7, 0, 0], [0, 0, 7, 7, 0, 0, 0, 0, 7, 7, 0, 0], [0, 0, 7, 7, 0, 0, 7, 7, 7, 7, 0, 0], [0, 0, 7, 7, 7, 7, 7, 7, 7, 7, 0, 0], [0, 0, 7, 0, 0, 7, 7, 0, 0, 7, 0, 0], [0, 0, 0, 0, 0, 0, 0, 0, 0, 0, 0, 0], [0, 0, 0, 0, 0, 0, 0, 0, 0, 0, 0, 0]], "output": [[0, 0, 0, 0, 0, 0, 0, 0, 0, 0, 0, 0], [0, 0, 0, 0, 0, 0, 0, 0, 0, 0, 0, 0], [0, 0, 7, 9, 9, 7, 7, 9, 9, 7, 0, 0], [0, 0, 7, 9, 9, 7, 7, 7, 7, 7, 0, 0], [0, 0, 7, 9, 9, 7, 7, 7, 7, 7, 0, 0], [0, 0, 7, 7, 9, 9, 9, 9, 7, 7, 0, 0], [0, 0, 7, 7, 9, 9, 9, 9, 7, 7, 0, 0], [0, 0, 7, 7, 9, 9, 7, 7, 7, 7, 0, 0], [0, 0, 7, 7, 7, 7, 7, 7, 7, 7, 0, 0], [0, 0, 7, 9, 9, 7, 7, 9, 9, 7, 0, 0], [0, 0, 0, 0, 0, 0, 0, 0, 0, 0, 0, 0], [0, 0, 0, 0, 0, 0, 0, 0, 0, 0, 0, 0]]}, {"input": [[0, 0, 0, 0, 0, 0, 0, 0, 0, 0, 0, 0], [0, 0, 0, 7, 7, 0, 0, 0, 0, 0, 0, 0], [0, 0, 0, 7, 7, 7, 7, 0, 0, 0, 0, 0], [0, 0, 7, 7, 7, 0, 0, 7, 7, 0, 0, 0], [0, 0, 7, 7, 7, 0, 0, 7, 7, 0, 0, 0], [0, 7, 0, 7, 7, 0, 0, 7, 0, 0, 0, 0], [0, 7, 7, 7, 7, 0, 0, 7, 0, 0, 0, 0], [0, 0, 0, 7, 7, 7, 7, 0, 0, 0, 0, 0], [0, 0, 0, 0, 0, 7, 7, 0, 0, 0, 0, 0], [0, 0, 0, 0, 0, 0, 0, 0, 0, 0, 0, 0], [0, 0, 0, 0, 0, 0, 0, 0, 0, 0, 0, 0], [0, 0, 0, 0, 0, 0, 0, 0, 0, 0, 0, 0]], "output": [[0, 0, 0, 0, 0, 0, 0, 0, 0, 0, 0, 0], [0, 9, 9, 7, 7, 9, 9, 0, 0, 0, 0, 0], [0, 9, 9, 7, 7, 7, 7, 0, 0, 0, 0, 0], [0, 9, 7, 7, 7, 9, 9, 7, 7, 0, 0, 0], [0, 9, 7, 7, 7, 9, 9, 7, 7, 0, 0, 0], [0, 7, 9, 7, 7, 9, 9, 7, 9, 0, 0, 0], [0, 7, 7, 7, 7, 9, 9, 7, 9, 0, 0, 0], [0, 9, 9, 7, 7, 7, 7, 0, 0, 0, 0, 0], [0, 9, 9, 9, 9, 7, 7, 0, 0, 0, 0, 0], [0, 0, 0, 0, 0, 0, 0, 0, 0, 0, 0, 0], [0, 0, 0, 0, 0, 0, 0, 0, 0, 0, 0, 0], [0, 0, 0, 0, 0, 0, 0, 0, 0, 0, 0, 0]]}, {"input": [[0, 0, 0, 0, 0, 0, 0, 0, 0, 0, 0, 0], [0, 0, 0, 0, 0, 0, 0, 0, 0, 0, 0, 0], [0, 0, 0, 0, 0, 0, 0, 0, 0, 0, 0, 0], [0, 0, 0, 0, 0, 0, 0, 0, 0, 0, 0, 0], [0, 0, 6, 6, 6, 6, 6, 6, 6, 6, 0, 0], [0, 0, 6, 6, 6, 6, 6, 6, 6, 6, 0, 0], [0, 0, 6, 6, 6, 6, 6, 6, 6, 6, 0, 0], [0, 0, 6, 6, 6, 6, 6, 6, 6, 6, 0, 0], [0, 0, 6, 0, 0, 6, 0, 0, 6, 6, 0, 0], [0, 0, 6, 0, 0, 0, 0, 0, 6, 6, 0, 0], [0, 0, 6, 6, 6, 6, 6, 6, 6, 6, 0, 0], [0, 0, 6, 6, 6, 0, 0, 6, 6, 6, 0, 0]], "output": [[0, 0, 0, 0, 0, 0, 0, 0, 0, 0, 0, 0], [0, 0, 0, 0, 0, 0, 0, 0, 0, 0, 0, 0], [0, 0, 0, 0, 0, 0, 0, 0, 0, 0, 0, 0], [0, 0, 0, 0, 0, 0, 0, 0, 0, 0, 0, 0], [0, 0, 6, 6, 6, 6, 6, 6, 6, 6, 0, 0], [0, 0, 6, 6, 6, 6, 6, 6, 6, 6, 0, 0], [0, 0, 6, 6, 6, 6, 6, 6, 6, 6, 0, 0], [0, 0, 6, 6, 6, 6, 6, 6, 6, 6, 0, 0], [0, 0, 6, 5, 5, 6, 5, 5, 6, 6, 0, 0], [0, 0, 6, 5, 5, 5, 5, 5, 6, 6, 0, 0], [0, 0, 6, 6, 6, 6, 6, 6, 6, 6, 0, 0], [0, 0, 6, 6, 6, 5, 5, 6, 6, 6, 0, 0]]}, {"input": [[0, 0, 0, 0, 0, 0, 0, 0, 0, 0, 0, 0], [0, 0, 0, 0, 0, 0, 0, 0, 0, 0, 0, 0], [0, 0, 0, 0, 5, 5, 0, 0, 0, 0, 0, 0], [0, 0, 0, 0, 0, 0, 0, 0, 0, 0, 0, 0], [5, 5, 0, 5, 0, 0, 0, 0, 0, 0, 0, 0], [5, 5, 5, 5, 0, 0, 0, 0, 0, 0, 0, 0], [0, 0, 5, 5, 0, 5, 5, 5, 0, 0, 0, 0], [0, 0, 0, 5, 5, 0, 5, 5, 0, 0, 0, 0], [0, 0, 5, 5, 0, 0, 0, 0, 0, 0, 0, 0], [0, 0, 5, 5, 0, 0, 0, 0, 0, 0, 0, 0], [0, 0, 0, 0, 0, 0, 0, 0, 0, 0, 0, 0], [0, 0, 0, 0, 0, 0, 0, 0, 0, 0, 0, 0]], "output": [[0, 0, 0, 0, 0, 0, 0, 0, 0, 0, 0, 0], [0, 0, 0, 0, 0, 0, 0, 0, 0, 0, 0, 0], [0, 0, 0, 0, 5, 5, 0, 0, 0, 0, 0, 0], [0, 0, 0, 0, 0, 0, 0, 0, 0, 0, 0, 0], [5, 5, 5, 5, 5, 0, 0, 0, 0, 0, 0, 0], [5, 5, 5, 5, 5, 0, 0, 0, 0, 0, 0, 0], [5, 5, 5, 5, 5, 5, 5, 5, 0, 0, 0, 0], [5, 5, 5, 5, 5, 5, 5, 5, 0, 0, 0, 0], [5, 5, 5, 5, 5, 0, 0, 0, 0, 0, 0, 0], [5, 5, 5, 5, 5, 0, 0, 0, 0, 0, 0, 0], [0, 0, 0, 0, 0, 0, 0, 0, 0, 0, 0, 0], [0, 0, 0, 0, 0, 0, 0, 0, 0, 0, 0, 0]]}, {"input": [[0, 0, 0, 0, 0, 0, 0, 0, 0, 0, 0, 0], [0, 0, 0, 0, 0, 0, 0, 0, 0, 0, 0, 0], [0, 0, 0, 0, 0, 0, 0, 0, 0, 0, 0, 0], [0, 0, 0, 0, 0, 0, 0, 0, 0, 0, 0, 0], [2, 2, 2, 2, 2, 2, 2, 2, 0, 0, 0, 0], [2, 2, 2, 2, 2, 2, 2, 2, 0, 0, 0, 0], [2, 2, 2, 2, 2, 2, 2, 2, 0, 0, 0, 0], [2, 2, 2, 2, 2, 2, 2, 2, 0, 0, 0, 0], [2, 0, 0, 2, 0, 0, 2, 2, 0, 0, 0, 0], [2, 0, 0, 2, 0, 0, 2, 2, 0, 0, 0, 0], [2, 2, 2, 2, 2, 2, 2, 2, 0, 0, 0, 0], [0, 2, 2, 2, 2, 2, 2, 0, 0, 0, 0, 0]], "output": [[0, 0, 0, 0, 0, 0, 0, 0, 0, 0, 0, 0], [0, 0, 0, 0, 0, 0, 0, 0, 0, 0, 0, 0], [0, 0, 0, 0, 0, 0, 0, 0, 0, 0, 0, 0], [0, 0, 0, 0, 0, 0, 0, 0, 0, 0, 0, 0], [2, 2, 2, 2, 2, 2, 2, 2, 0, 0, 0, 0], [2, 2, 2, 2, 2, 2, 2, 2, 0, 0, 0, 0], [2, 2, 2, 2, 2, 2, 2, 2, 0, 0, 0, 0], [2, 2, 2, 2, 2, 2, 2, 2, 0, 0, 0, 0], [2, 9, 9, 2, 9, 9, 2, 2, 0, 0, 0, 0], [2, 9, 9, 2, 9, 9, 2, 2, 0, 0, 0, 0], [2, 2, 2, 2, 2, 2, 2, 2, 0, 0, 0, 0], [9, 2, 2, 2, 2, 2, 2, 9, 0, 0, 0, 0]]}], "test": [{"input": [[0, 0, 0, 0, 0, 0, 0, 0, 0, 0, 0, 0], [0, 0, 0, 0, 0, 0, 0, 0, 0, 0, 0, 0], [0, 0, 0, 0, 0, 6, 6, 6, 6, 6, 0, 0], [0, 0, 0, 0, 0, 0, 6, 6, 6, 6, 0, 0], [0, 0, 6, 6, 0, 0, 6, 6, 6, 6, 0, 0], [0, 0, 6, 0, 6, 6, 6, 6, 6, 6, 0, 0], [0, 0, 6, 0, 0, 0, 6, 0, 6, 6, 0, 0], [0, 0, 6, 0, 0, 6, 6, 0, 6, 0, 0, 0], [0, 0, 0, 0, 0, 0, 0, 6, 0, 0, 0, 0], [0, 0, 0, 0, 6, 6, 6, 6, 0, 0, 0, 0], [0, 0, 0, 0, 0, 0, 0, 0, 0, 0, 0, 0], [0, 0, 0, 0, 0, 0, 0, 0, 0, 0, 0, 0]], "output": [[0, 0, 0, 0, 0, 0, 0, 0, 0, 0, 0, 0], [0, 0, 0, 0, 0, 0, 0, 0, 0, 0, 0, 0], [0, 0, 0, 0, 5, 6, 6, 6, 6, 6, 0, 0], [0, 0, 0, 0, 5, 5, 6, 6, 6, 6, 0, 0], [0, 0, 6, 6, 5, 5, 6, 6, 6, 6, 0, 0], [0, 0, 6, 5, 6, 6, 6, 6, 6, 6, 0, 0], [0, 0, 6, 5, 5, 5, 6, 5, 6, 6, 0, 0], [0, 0, 6, 5, 5, 6, 6, 5, 6, 5, 0, 0], [0, 0, 0, 0, 5, 5, 5, 6, 0, 0, 0, 0], [0, 0, 0, 0, 6, 6, 6, 6, 0, 0, 0, 0], [0, 0, 0, 0, 0, 0, 0, 0, 0, 0, 0, 0], [0, 0, 0, 0, 0, 0, 0, 0, 0, 0, 0, 0]]}, {"input": [[0, 0, 0, 0, 0, 0, 0, 0, 0, 0, 0, 0], [0, 0, 0, 0, 0, 0, 0, 0, 0, 0, 0, 0], [0, 0, 0, 0, 0, 0, 0, 0, 0, 0, 0, 0], [0, 0, 0, 0, 0, 0, 0, 0, 0, 0, 0, 0], [0, 0, 0, 0, 0, 0, 4, 4, 4, 4, 4, 4], [0, 0, 0, 0, 0, 4, 4, 4, 0, 4, 4, 4], [0, 0, 0, 0, 4, 4, 0, 0, 0, 4, 4, 4], [0, 0, 0, 0, 4, 4, 0, 0, 0, 4, 4, 4], [0, 0, 0, 0, 4, 4, 0, 4, 0, 4, 4, 4], [0, 0, 0, 0, 4, 4, 4, 4, 4, 4, 4, 4], [0, 0, 0, 0, 4, 4, 4, 4, 4, 4, 4, 4], [0, 0, 0, 0, 4, 4, 4, 4, 4, 4, 4, 4]], "output": [[0, 0, 0, 0, 0, 0, 0, 0, 0, 0, 0, 0], [0, 0, 0, 0, 0, 0, 0, 0, 0, 0, 0, 0], [0, 0, 0, 0, 0, 0, 0, 0, 0, 0, 0, 0], [0, 0, 0, 0, 0, 0, 0, 0, 0, 0, 0, 0], [0, 0, 0, 0, 9, 9, 4, 4, 4, 4, 4, 4], [0, 0, 0, 0, 9, 4, 4, 4, 9, 4, 4, 4], [0, 0, 0, 0, 4, 4, 9, 9, 9, 4, 4, 4], [0, 0, 0, 0, 4, 4, 9, 9, 9, 4, 4, 4], [0, 0, 0, 0, 4, 4, 9, 4, 9, 4, 4, 4], [0, 0, 0, 0, 4, 4, 4, 4, 4, 4, 4, 4], [0, 0, 0, 0, 4, 4, 4, 4, 4, 4, 4, 4], [0, 0, 0, 0, 4, 4, 4, 4, 4, 4, 4, 4]]}, {"input": [[0, 0, 0, 0, 0, 0, 0, 0, 0, 0, 0, 0], [0, 0, 6, 6, 6, 0, 0, 6, 6, 6, 0, 0], [0, 0, 6, 0, 0, 0, 0, 6, 6, 6, 0, 0], [0, 0, 6, 0, 0, 0, 0, 0, 0, 6, 0, 0], [0, 0, 6, 0, 6, 6, 0, 0, 0, 6, 0, 0], [0, 0, 6, 6, 6, 6, 0, 0, 6, 6, 0, 0], [0, 0, 6, 6, 6, 6, 6, 6, 6, 6, 0, 0], [0, 0, 6, 6, 6, 6, 6, 6, 6, 6, 0, 0], [0, 0, 6, 6, 6, 0, 0, 6, 6, 6, 0, 0], [0, 0, 0, 0, 0, 0, 0, 0, 0, 0, 0, 0], [0, 0, 0, 0, 0, 0, 0, 0, 0, 0, 0, 0], [0, 0, 0, 0, 0, 0, 0, 0, 0, 0, 0, 0]], "output": [[0, 0, 0, 0, 0, 0, 0, 0, 0, 0, 0, 0], [0, 0, 6, 6, 6, 5, 5, 6, 6, 6, 0, 0], [0, 0, 6, 5, 5, 5, 5, 6, 6, 6, 0, 0], [0, 0, 6, 5, 5, 5, 5, 5, 5, 6, 0, 0], [0, 0, 6, 5, 6, 6, 5, 5, 5, 6, 0, 0], [0, 0, 6, 6, 6, 6, 5, 5, 6, 6, 0, 0], [0, 0, 6, 6, 6, 6, 6, 6, 6, 6, 0, 0], [0, 0, 6, 6, 6, 6, 6, 6, 6, 6, 0, 0], [0, 0, 6, 6, 6, 5, 5, 6, 6, 6, 0, 0], [0, 0, 0, 0, 0, 0, 0, 0, 0, 0, 0, 0], [0, 0, 0, 0, 0, 0, 0, 0, 0, 0, 0, 0], [0, 0, 0, 0, 0, 0, 0, 0, 0, 0, 0, 0]]}]}