{"train": [{"input": [[6, 6, 6, 5, 5], [5, 6, 6, 5, 5], [5, 6, 6, 5, 5], [6, 6, 6, 5, 5]], "output": [[5, 5, 5, 6, 6], [6, 5, 5, 6, 6], [6, 5, 5, 6, 6], [5, 5, 5, 6, 6]]}, {"input": [[8, 8, 9, 8], [8, 8, 8, 9], [8, 8, 8, 9], [8, 8, 9, 8]], "output": [[9, 9, 8, 9], [9, 9, 9, 8], [9, 9, 9, 8], [9, 9, 8, 9]]}, {"input": [[4, 9, 4, 9], [9, 4, 4, 9], [9, 4, 4, 9], [4, 9, 4, 9]], "output": [[9, 4, 9, 4], [4, 9, 9, 4], [4, 9, 9, 4], [9, 4, 9, 4]]}, {"input": [[9, 9, 9, 3], [9, 3, 9, 9], [9, 3, 9, 9], [9, 9, 9, 3]], "output": [[3, 3, 3, 9], [3, 9, 3, 3], [3, 9, 3, 3], [3, 3, 3, 9]]}, {"input": [[9, 1, 9, 9, 9], [1, 1, 9, 9, 9], [1, 1, 9, 9, 9], [9, 1, 9, 9, 9]], "output": [[1, 9, 1, 1, 1], [9, 9, 1, 1, 1], [9, 9, 1, 1, 1], [1, 9, 1, 1, 1]]}, {"input": [[8, 2, 2, 2], [8, 8, 8, 2], [8, 8, 8, 2], [8, 2, 2, 2]], "output": [[2, 8, 8, 8], [2, 2, 2, 8], [2, 2, 2, 8], [2, 8, 8, 8]]}, {"input": [[1, 6, 6, 1, 1], [6, 6, 1, 1, 1], [6, 6, 1, 1, 1], [1, 6, 6, 1, 1]], "output": [[6, 1, 1, 6, 6], [1, 1, 6, 6, 6], [1, 1, 6, 6, 6], [6, 1, 1, 6, 6]]}, {"input": [[3, 3, 3, 6], [6, 6, 6, 3], [6, 6, 6, 3], [3, 3, 3, 6]], "output": [[6, 6, 6, 3], [3, 3, 3, 6], [3, 3, 3, 6], [6, 6, 6, 3]]}, {"input": [[6, 6, 6, 6], [6, 6, 6, 2], [6, 6, 6, 2], [6, 6, 6, 6]], "output": [[2, 2, 2, 2], [2, 2, 2, 6], [2, 2, 2, 6], [2, 2, 2, 2]]}, {"input": [[3, 3, 4, 4, 3], [3, 4, 4, 4, 4], [3, 4, 4, 4, 4], [3, 3, 4, 4, 3]], "output": [[4, 4, 3, 3, 4], [4, 3, 3, 3, 3], [4, 3, 3, 3, 3], [4, 4, 3, 3, 4]]}, {"input": [[8, 8, 3, 8, 8], [8, 3, 8, 3, 3], [8, 3, 8, 3, 3], [8, 8, 3, 8, 8]], "output": [[3, 3, 8, 3, 3], [3, 8, 3, 8, 8], [3, 8, 3, 8, 8], [3, 3, 8, 3, 3]]}, {"input": [[1, 7, 7, 1], [7, 1, 7, 7], [7, 1, 7, 7], [1, 7, 7, 1]], "output": [[7, 1, 1, 7], [1, 7, 1, 1], [1, 7, 1, 1], [7, 1, 1, 7]]}, {"input": [[7, 7, 7, 1], [1, 1, 1, 1], [1, 1, 1, 1], [7, 7, 7, 1]], "output": [[1, 1, 1, 7], [7, 7, 7, 7], [7, 7, 7, 7], [1, 1, 1, 7]]}], "test": [{"input": [[4, 4, 4, 8, 4], [4, 4, 4, 8, 8], [4, 4, 4, 8, 8], [4, 4, 4, 8, 4]], "output": [[8, 8, 8, 4, 8], [8, 8, 8, 4, 4], [8, 8, 8, 4, 4], [8, 8, 8, 4, 8]]}, {"input": [[1, 5, 5, 1], [1, 1, 5, 5], [1, 1, 5, 5], [1, 5, 5, 1]], "output": [[5, 1, 1, 5], [5, 5, 1, 1], [5, 5, 1, 1], [5, 1, 1, 5]]}]}