{"train": [{"input": [[0, 9, 0, 0, 0, 0, 0, 0], [0, 0, 0, 0, 0, 6, 0, 0], [0, 0, 0, 0, 0, 0, 0, 0], [0, 0, 0, 0, 0, 0, 0, 0], [0, 0, 0, 7, 0, 3, 0, 0], [0, 0, 0, 0, 5, 0, 7, 0], [8, 0, 0, 0, 0, 9, 0, 3], [0, 0, 0, 0, 6, 0, 0, 0]], "output": [[0, 0, 9, 0, 0, 0, 0, 0], [0, 0, 0, 0, 0, 0, 6, 0], [0, 0, 0, 0, 0, 0, 0, 0], [0, 0, 0, 0, 0, 0, 0, 0], [0, 0, 0, 0, 7, 0, 3, 0], [0, 0, 0, 0, 0, 5, 0, 7], [3, 8, 0, 0, 0, 0, 9, 0], [0, 0, 0, 0, 0, 6, 0, 0]]}, {"input": [[0, 0, 0, 9, 0, 0, 0], [1, 0, 6, 9, 0, 0, 0], [0, 0, 3, 0, 0, 9, 0], [0, 0, 0, 0, 2, 5, 0], [7, 5, 0, 0, 0, 0, 9], [2, 9, 0, 8, 8, 0, 0], [1, 0, 0, 1, 6, 7, 8]], "output": [[0, 0, 0, 0, 9, 0, 0], [0, 1, 0, 6, 9, 0, 0], [0, 0, 0, 3, 0, 0, 9], [0, 0, 0, 0, 0, 2, 5], [9, 7, 5, 0, 0, 0, 0], [0, 2, 9, 0, 8, 8, 0], [8, 1, 0, 0, 1, 6, 7]]}, {"input": [[8, 4, 0, 0, 0, 0, 0], [0, 0, 0, 0, 0, 0, 0], [0, 0, 1, 0, 0, 0, 0], [0, 0, 0, 0, 0, 0, 0], [0, 0, 0, 0, 0, 0, 0], [0, 0, 0, 0, 4, 0, 0], [0, 0, 7, 3, 0, 0, 0], [0, 0, 0, 0, 7, 2, 0], [0, 0, 0, 0, 0, 6, 0]], "output": [[0, 8, 4, 0, 0, 0, 0], [0, 0, 0, 0, 0, 0, 0], [0, 0, 0, 1, 0, 0, 0], [0, 0, 0, 0, 0, 0, 0], [0, 0, 0, 0, 0, 0, 0], [0, 0, 0, 0, 0, 4, 0], [0, 0, 0, 7, 3, 0, 0], [0, 0, 0, 0, 0, 7, 2], [0, 0, 0, 0, 0, 0, 6]]}, {"input": [[0, 0, 0, 9, 0, 0, 0, 2, 3], [9, 0, 1, 0, 0, 6, 1, 0, 0], [0, 0, 6, 0, 0, 0, 0, 0, 7], [6, 8, 0, 0, 0, 0, 8, 0, 6], [7, 1, 6, 0, 5, 7, 9, 0, 0], [5, 3, 6, 0, 7, 0, 5, 0, 0], [0, 0, 4, 9, 5, 0, 0, 6, 9], [0, 6, 6, 0, 0, 0, 0, 5, 0], [0, 1, 7, 0, 9, 0, 4, 2, 8]], "output": [[3, 0, 0, 0, 9, 0, 0, 0, 2], [0, 9, 0, 1, 0, 0, 6, 1, 0], [7, 0, 0, 6, 0, 0, 0, 0, 0], [6, 6, 8, 0, 0, 0, 0, 8, 0], [0, 7, 1, 6, 0, 5, 7, 9, 0], [0, 5, 3, 6, 0, 7, 0, 5, 0], [9, 0, 0, 4, 9, 5, 0, 0, 6], [0, 0, 6, 6, 0, 0, 0, 0, 5], [8, 0, 1, 7, 0, 9, 0, 4, 2]]}, {"input": [[0, 0, 0, 0, 5, 0, 6, 0], [0, 0, 0, 0, 0, 0, 0, 0], [0, 3, 0, 0, 0, 0, 0, 0], [0, 0, 0, 6, 2, 0, 0, 0], [0, 0, 0, 6, 0, 8, 0, 0], [0, 5, 5, 0, 3, 0, 0, 7], [0, 0, 0, 0, 8, 0, 0, 0], [0, 0, 1, 2, 0, 0, 0, 8], [0, 6, 0, 0, 0, 0, 0, 0]], "output": [[0, 0, 0, 0, 0, 5, 0, 6], [0, 0, 0, 0, 0, 0, 0, 0], [0, 0, 3, 0, 0, 0, 0, 0], [0, 0, 0, 0, 6, 2, 0, 0], [0, 0, 0, 0, 6, 0, 8, 0], [7, 0, 5, 5, 0, 3, 0, 0], [0, 0, 0, 0, 0, 8, 0, 0], [8, 0, 0, 1, 2, 0, 0, 0], [0, 0, 6, 0, 0, 0, 0, 0]]}, {"input": [[0, 0, 0, 0, 0, 0], [4, 0, 1, 0, 2, 0], [4, 6, 0, 0, 5, 0], [9, 0, 2, 5, 0, 0], [5, 0, 0, 0, 3, 0]], "output": [[0, 0, 0, 0, 0, 0], [0, 4, 0, 1, 0, 2], [0, 4, 6, 0, 0, 5], [0, 9, 0, 2, 5, 0], [0, 5, 0, 0, 0, 3]]}, {"input": [[0, 0, 0, 0, 0, 0], [0, 0, 0, 0, 0, 0], [0, 0, 0, 0, 0, 0], [0, 0, 0, 1, 0, 0], [0, 0, 0, 1, 3, 0]], "output": [[0, 0, 0, 0, 0, 0], [0, 0, 0, 0, 0, 0], [0, 0, 0, 0, 0, 0], [0, 0, 0, 0, 1, 0], [0, 0, 0, 0, 1, 3]]}, {"input": [[1, 4, 5, 0, 0], [0, 6, 0, 0, 4], [0, 0, 3, 0, 0], [8, 9, 1, 0, 6], [0, 0, 8, 0, 0]], "output": [[0, 1, 4, 5, 0], [4, 0, 6, 0, 0], [0, 0, 0, 3, 0], [6, 8, 9, 1, 0], [0, 0, 0, 8, 0]]}, {"input": [[0, 0, 0, 0, 0, 0, 0, 2], [0, 9, 0, 0, 0, 6, 6, 0], [0, 6, 0, 0, 9, 9, 4, 0], [0, 0, 0, 0, 0, 0, 0, 0], [0, 0, 0, 6, 0, 0, 4, 0], [0, 0, 4, 0, 0, 8, 0, 0], [0, 0, 0, 9, 0, 8, 0, 0]], "output": [[2, 0, 0, 0, 0, 0, 0, 0], [0, 0, 9, 0, 0, 0, 6, 6], [0, 0, 6, 0, 0, 9, 9, 4], [0, 0, 0, 0, 0, 0, 0, 0], [0, 0, 0, 0, 6, 0, 0, 4], [0, 0, 0, 4, 0, 0, 8, 0], [0, 0, 0, 0, 9, 0, 8, 0]]}, {"input": [[0, 0, 7, 0, 0, 0, 0, 0, 0], [0, 0, 0, 0, 0, 0, 0, 8, 3], [2, 0, 0, 2, 0, 8, 0, 0, 0], [0, 0, 0, 8, 0, 0, 0, 0, 0], [0, 0, 0, 1, 0, 0, 0, 0, 0], [0, 0, 6, 0, 0, 0, 0, 0, 6]], "output": [[0, 0, 0, 7, 0, 0, 0, 0, 0], [3, 0, 0, 0, 0, 0, 0, 0, 8], [0, 2, 0, 0, 2, 0, 8, 0, 0], [0, 0, 0, 0, 8, 0, 0, 0, 0], [0, 0, 0, 0, 1, 0, 0, 0, 0], [6, 0, 0, 6, 0, 0, 0, 0, 0]]}, {"input": [[0, 0, 0, 0, 0, 0], [7, 9, 5, 0, 0, 0], [3, 0, 0, 2, 0, 0], [0, 0, 0, 0, 0, 0], [0, 0, 0, 6, 0, 8], [0, 0, 0, 4, 0, 0], [0, 5, 4, 0, 0, 3], [0, 0, 8, 0, 2, 4]], "output": [[0, 0, 0, 0, 0, 0], [0, 7, 9, 5, 0, 0], [0, 3, 0, 0, 2, 0], [0, 0, 0, 0, 0, 0], [8, 0, 0, 0, 6, 0], [0, 0, 0, 0, 4, 0], [3, 0, 5, 4, 0, 0], [4, 0, 0, 8, 0, 2]]}, {"input": [[0, 3, 3, 0, 3, 0], [0, 1, 3, 2, 0, 0], [0, 0, 0, 8, 0, 0], [2, 0, 6, 0, 0, 0], [0, 0, 0, 0, 0, 9], [0, 9, 0, 0, 0, 5]], "output": [[0, 0, 3, 3, 0, 3], [0, 0, 1, 3, 2, 0], [0, 0, 0, 0, 8, 0], [0, 2, 0, 6, 0, 0], [9, 0, 0, 0, 0, 0], [5, 0, 9, 0, 0, 0]]}, {"input": [[0, 0, 0, 0, 0], [0, 0, 0, 0, 0], [0, 0, 0, 0, 4], [0, 0, 0, 0, 0], [0, 0, 0, 0, 0], [0, 0, 5, 0, 0], [1, 0, 0, 0, 0]], "output": [[0, 0, 0, 0, 0], [0, 0, 0, 0, 0], [4, 0, 0, 0, 0], [0, 0, 0, 0, 0], [0, 0, 0, 0, 0], [0, 0, 0, 5, 0], [0, 1, 0, 0, 0]]}, {"input": [[4, 6, 8, 5, 5, 0], [0, 0, 7, 0, 0, 0], [9, 6, 3, 0, 0, 0], [0, 0, 0, 0, 0, 0], [3, 4, 0, 4, 4, 8], [0, 6, 0, 0, 0, 0]], "output": [[0, 4, 6, 8, 5, 5], [0, 0, 0, 7, 0, 0], [0, 9, 6, 3, 0, 0], [0, 0, 0, 0, 0, 0], [8, 3, 4, 0, 4, 4], [0, 0, 6, 0, 0, 0]]}, {"input": [[0, 5, 0, 0, 7, 0, 0, 0, 0], [9, 0, 0, 0, 0, 0, 8, 0, 8], [0, 0, 0, 0, 0, 0, 0, 0, 8], [0, 0, 0, 0, 0, 8, 0, 0, 0], [0, 0, 0, 0, 0, 0, 9, 4, 0], [4, 0, 0, 5, 0, 0, 8, 0, 0]], "output": [[0, 0, 5, 0, 0, 7, 0, 0, 0], [8, 9, 0, 0, 0, 0, 0, 8, 0], [8, 0, 0, 0, 0, 0, 0, 0, 0], [0, 0, 0, 0, 0, 0, 8, 0, 0], [0, 0, 0, 0, 0, 0, 0, 9, 4], [0, 4, 0, 0, 5, 0, 0, 8, 0]]}, {"input": [[0, 0, 0, 0, 0, 0, 0, 0, 0], [0, 0, 0, 0, 0, 0, 0, 0, 0], [0, 0, 0, 0, 0, 0, 7, 0, 0], [0, 2, 0, 2, 0, 0, 0, 0, 6], [5, 0, 8, 0, 0, 0, 0, 0, 1], [0, 0, 0, 0, 2, 0, 0, 4, 0]], "output": [[0, 0, 0, 0, 0, 0, 0, 0, 0], [0, 0, 0, 0, 0, 0, 0, 0, 0], [0, 0, 0, 0, 0, 0, 0, 7, 0], [6, 0, 2, 0, 2, 0, 0, 0, 0], [1, 5, 0, 8, 0, 0, 0, 0, 0], [0, 0, 0, 0, 0, 2, 0, 0, 4]]}, {"input": [[0, 0, 0, 8, 6], [0, 0, 5, 0, 0], [0, 0, 0, 0, 0], [0, 0, 0, 0, 0], [0, 5, 1, 4, 0], [0, 0, 0, 0, 9], [0, 0, 0, 0, 0]], "output": [[6, 0, 0, 0, 8], [0, 0, 0, 5, 0], [0, 0, 0, 0, 0], [0, 0, 0, 0, 0], [0, 0, 5, 1, 4], [9, 0, 0, 0, 0], [0, 0, 0, 0, 0]]}, {"input": [[1, 0, 0, 4, 0, 2], [6, 7, 7, 0, 9, 0], [0, 0, 0, 0, 0, 0], [9, 3, 0, 0, 0, 0], [4, 0, 0, 9, 0, 0]], "output": [[2, 1, 0, 0, 4, 0], [0, 6, 7, 7, 0, 9], [0, 0, 0, 0, 0, 0], [0, 9, 3, 0, 0, 0], [0, 4, 0, 0, 9, 0]]}, {"input": [[0, 0, 9, 0, 0, 0, 0, 7], [0, 0, 0, 0, 0, 0, 0, 0], [0, 4, 0, 0, 0, 7, 7, 0], [6, 0, 8, 3, 0, 2, 0, 0], [0, 0, 6, 0, 0, 0, 0, 0], [5, 2, 9, 0, 0, 2, 6, 0], [2, 9, 0, 6, 0, 1, 0, 9], [0, 0, 0, 0, 0, 0, 9, 7]], "output": [[7, 0, 0, 9, 0, 0, 0, 0], [0, 0, 0, 0, 0, 0, 0, 0], [0, 0, 4, 0, 0, 0, 7, 7], [0, 6, 0, 8, 3, 0, 2, 0], [0, 0, 0, 6, 0, 0, 0, 0], [0, 5, 2, 9, 0, 0, 2, 6], [9, 2, 9, 0, 6, 0, 1, 0], [7, 0, 0, 0, 0, 0, 0, 9]]}, {"input": [[0, 0, 0, 0, 0, 9, 0], [0, 0, 0, 0, 0, 0, 0], [0, 0, 0, 0, 0, 0, 5], [0, 0, 0, 0, 0, 9, 0], [6, 0, 0, 0, 7, 0, 0], [0, 0, 0, 6, 0, 0, 0], [0, 0, 6, 0, 0, 0, 0]], "output": [[0, 0, 0, 0, 0, 0, 9], [0, 0, 0, 0, 0, 0, 0], [5, 0, 0, 0, 0, 0, 0], [0, 0, 0, 0, 0, 0, 9], [0, 6, 0, 0, 0, 7, 0], [0, 0, 0, 0, 6, 0, 0], [0, 0, 0, 6, 0, 0, 0]]}, {"input": [[0, 0, 0, 0, 0, 4], [0, 1, 0, 6, 0, 4], [7, 5, 3, 0, 9, 7], [0, 0, 3, 0, 7, 2], [0, 4, 0, 0, 5, 0]], "output": [[4, 0, 0, 0, 0, 0], [4, 0, 1, 0, 6, 0], [7, 7, 5, 3, 0, 9], [2, 0, 0, 3, 0, 7], [0, 0, 4, 0, 0, 5]]}, {"input": [[0, 1, 0, 0, 8, 4, 0, 0], [0, 0, 0, 0, 4, 0, 9, 0], [2, 5, 0, 0, 0, 0, 5, 9], [9, 4, 0, 5, 5, 1, 2, 0], [7, 5, 4, 0, 0, 0, 1, 0], [0, 6, 2, 0, 5, 0, 0, 0]], "output": [[0, 0, 1, 0, 0, 8, 4, 0], [0, 0, 0, 0, 0, 4, 0, 9], [9, 2, 5, 0, 0, 0, 0, 5], [0, 9, 4, 0, 5, 5, 1, 2], [0, 7, 5, 4, 0, 0, 0, 1], [0, 0, 6, 2, 0, 5, 0, 0]]}, {"input": [[0, 0, 0, 0, 0, 5, 0], [0, 0, 0, 0, 0, 0, 0], [6, 0, 0, 0, 0, 0, 0], [0, 0, 0, 0, 0, 0, 0], [0, 0, 6, 0, 0, 0, 0], [0, 0, 0, 0, 2, 0, 0], [0, 0, 0, 0, 0, 8, 0]], "output": [[0, 0, 0, 0, 0, 0, 5], [0, 0, 0, 0, 0, 0, 0], [0, 6, 0, 0, 0, 0, 0], [0, 0, 0, 0, 0, 0, 0], [0, 0, 0, 6, 0, 0, 0], [0, 0, 0, 0, 0, 2, 0], [0, 0, 0, 0, 0, 0, 8]]}, {"input": [[0, 4, 0, 0, 0, 0, 1, 7], [0, 0, 4, 0, 0, 0, 0, 0], [0, 1, 0, 0, 0, 0, 0, 2], [0, 0, 0, 0, 8, 6, 0, 0], [0, 1, 0, 0, 0, 0, 0, 6], [0, 0, 9, 0, 0, 1, 8, 8], [2, 0, 4, 3, 0, 0, 8, 0], [0, 8, 7, 0, 0, 0, 0, 0], [9, 1, 0, 9, 0, 0, 0, 2]], "output": [[7, 0, 4, 0, 0, 0, 0, 1], [0, 0, 0, 4, 0, 0, 0, 0], [2, 0, 1, 0, 0, 0, 0, 0], [0, 0, 0, 0, 0, 8, 6, 0], [6, 0, 1, 0, 0, 0, 0, 0], [8, 0, 0, 9, 0, 0, 1, 8], [0, 2, 0, 4, 3, 0, 0, 8], [0, 0, 8, 7, 0, 0, 0, 0], [2, 9, 1, 0, 9, 0, 0, 0]]}, {"input": [[0, 0, 0, 0, 0, 0, 0, 0, 0], [0, 7, 4, 0, 0, 0, 0, 0, 0], [0, 0, 4, 0, 0, 0, 0, 0, 0], [0, 0, 0, 0, 0, 0, 0, 0, 0], [0, 0, 0, 0, 0, 0, 0, 0, 8], [0, 0, 0, 0, 0, 0, 0, 0, 0], [0, 0, 0, 0, 0, 0, 0, 0, 0], [0, 0, 0, 0, 0, 0, 0, 0, 0], [0, 0, 0, 0, 0, 0, 0, 6, 4]], "output": [[0, 0, 0, 0, 0, 0, 0, 0, 0], [0, 0, 7, 4, 0, 0, 0, 0, 0], [0, 0, 0, 4, 0, 0, 0, 0, 0], [0, 0, 0, 0, 0, 0, 0, 0, 0], [8, 0, 0, 0, 0, 0, 0, 0, 0], [0, 0, 0, 0, 0, 0, 0, 0, 0], [0, 0, 0, 0, 0, 0, 0, 0, 0], [0, 0, 0, 0, 0, 0, 0, 0, 0], [4, 0, 0, 0, 0, 0, 0, 0, 6]]}, {"input": [[0, 0, 0, 8, 0, 7], [0, 5, 8, 0, 5, 1], [0, 4, 0, 0, 0, 7], [4, 0, 0, 0, 0, 3], [2, 6, 7, 0, 8, 0]], "output": [[7, 0, 0, 0, 8, 0], [1, 0, 5, 8, 0, 5], [7, 0, 4, 0, 0, 0], [3, 4, 0, 0, 0, 0], [0, 2, 6, 7, 0, 8]]}, {"input": [[0, 0, 6, 7, 0, 6, 0], [0, 0, 6, 9, 0, 0, 5], [0, 0, 0, 0, 0, 0, 0], [4, 8, 0, 3, 0, 6, 5], [7, 0, 0, 1, 8, 0, 8], [0, 1, 0, 1, 0, 5, 3], [9, 0, 0, 5, 0, 0, 0], [0, 7, 0, 9, 9, 1, 0]], "output": [[0, 0, 0, 6, 7, 0, 6], [5, 0, 0, 6, 9, 0, 0], [0, 0, 0, 0, 0, 0, 0], [5, 4, 8, 0, 3, 0, 6], [8, 7, 0, 0, 1, 8, 0], [3, 0, 1, 0, 1, 0, 5], [0, 9, 0, 0, 5, 0, 0], [0, 0, 7, 0, 9, 9, 1]]}], "test": [{"input": [[4, 0, 5, 0, 0, 0, 4], [0, 3, 0, 0, 0, 0, 0], [0, 0, 0, 7, 0, 6, 0], [1, 0, 0, 0, 0, 0, 0], [0, 9, 0, 0, 2, 5, 0]], "output": [[4, 4, 0, 5, 0, 0, 0], [0, 0, 3, 0, 0, 0, 0], [0, 0, 0, 0, 7, 0, 6], [0, 1, 0, 0, 0, 0, 0], [0, 0, 9, 0, 0, 2, 5]]}, {"input": [[4, 0, 9, 2, 2, 0, 0], [0, 0, 0, 0, 4, 6, 0], [0, 9, 0, 0, 0, 8, 2], [4, 9, 1, 0, 0, 0, 3], [0, 0, 7, 0, 0, 0, 0], [1, 0, 6, 1, 0, 0, 0], [0, 9, 5, 5, 0, 0, 0]], "output": [[0, 4, 0, 9, 2, 2, 0], [0, 0, 0, 0, 0, 4, 6], [2, 0, 9, 0, 0, 0, 8], [3, 4, 9, 1, 0, 0, 0], [0, 0, 0, 7, 0, 0, 0], [0, 1, 0, 6, 1, 0, 0], [0, 0, 9, 5, 5, 0, 0]]}, {"input": [[0, 0, 0, 0, 0, 0, 0, 0], [0, 0, 0, 0, 0, 0, 0, 4], [0, 0, 0, 0, 0, 5, 0, 0], [0, 0, 0, 0, 0, 0, 0, 0], [0, 0, 0, 0, 0, 6, 0, 0], [5, 0, 0, 0, 0, 0, 0, 0]], "output": [[0, 0, 0, 0, 0, 0, 0, 0], [4, 0, 0, 0, 0, 0, 0, 0], [0, 0, 0, 0, 0, 0, 5, 0], [0, 0, 0, 0, 0, 0, 0, 0], [0, 0, 0, 0, 0, 0, 6, 0], [0, 5, 0, 0, 0, 0, 0, 0]]}]}