{"train": [{"input": [[0, 0, 0, 0, 0, 0, 5, 0], [0, 0, 0, 0, 0, 0, 0, 0], [0, 0, 0, 0, 3, 0, 9, 0], [0, 0, 0, 0, 0, 0, 0, 0], [0, 0, 6, 0, 0, 0, 0, 7], [0, 8, 0, 0, 0, 7, 0, 0], [0, 0, 0, 0, 0, 0, 9, 0], [0, 0, 0, 7, 0, 0, 0, 0]], "output": [[2, 0, 2, 2, 2, 2, 2, 2], [2, 2, 2, 2, 2, 2, 2, 2], [2, 7, 2, 1, 2, 2, 2, 2], [2, 2, 2, 2, 2, 2, 2, 2], [5, 2, 2, 2, 2, 8, 2, 2], [2, 2, 5, 2, 2, 2, 9, 2], [2, 7, 2, 2, 2, 2, 2, 2], [2, 2, 2, 2, 5, 2, 2, 2]]}, {"input": [[0, 0, 0, 2, 0, 0, 0], [1, 0, 0, 0, 0, 0, 0], [0, 0, 0, 0, 0, 1, 0], [0, 0, 0, 0, 0, 0, 0], [0, 7, 0, 0, 0, 0, 0], [0, 0, 0, 0, 0, 0, 0], [0, 0, 0, 0, 0, 0, 0]], "output": [[2, 2, 2, 3, 2, 2, 2], [2, 2, 2, 2, 2, 2, 4], [2, 4, 2, 2, 2, 2, 2], [2, 2, 2, 2, 2, 2, 2], [2, 2, 2, 2, 2, 5, 2], [2, 2, 2, 2, 2, 2, 2], [2, 2, 2, 2, 2, 2, 2]]}, {"input": [[0, 0, 0, 0, 0, 0, 0, 0, 3], [8, 0, 0, 0, 0, 0, 0, 0, 0], [0, 0, 0, 0, 0, 0, 0, 0, 0], [0, 0, 0, 2, 0, 0, 3, 0, 0], [0, 0, 0, 0, 0, 0, 0, 1, 0], [0, 0, 1, 0, 0, 0, 0, 0, 0], [0, 0, 0, 0, 2, 0, 0, 6, 0]], "output": [[1, 2, 2, 2, 2, 2, 2, 2, 2], [2, 2, 2, 2, 2, 2, 2, 2, 9], [2, 2, 2, 2, 2, 2, 2, 2, 2], [2, 2, 1, 2, 2, 3, 2, 2, 2], [2, 4, 2, 2, 2, 2, 2, 2, 2], [2, 2, 2, 2, 2, 2, 4, 2, 2], [2, 8, 2, 2, 3, 2, 2, 2, 2]]}, {"input": [[0, 0, 0, 0, 0, 5, 0, 0, 0], [0, 0, 0, 0, 0, 0, 0, 0, 0], [0, 0, 0, 0, 0, 0, 0, 0, 0], [0, 0, 0, 0, 0, 0, 0, 0, 0], [0, 0, 6, 0, 0, 0, 0, 0, 0], [0, 0, 0, 0, 6, 6, 0, 0, 0], [0, 0, 0, 0, 0, 0, 0, 0, 0], [0, 0, 0, 0, 0, 0, 0, 0, 0], [0, 0, 0, 0, 9, 0, 0, 0, 7]], "output": [[2, 2, 2, 0, 2, 2, 2, 2, 2], [2, 2, 2, 2, 2, 2, 2, 2, 2], [2, 2, 2, 2, 2, 2, 2, 2, 2], [2, 2, 2, 2, 2, 2, 2, 2, 2], [2, 2, 2, 2, 2, 2, 8, 2, 2], [2, 2, 2, 8, 8, 2, 2, 2, 2], [2, 2, 2, 2, 2, 2, 2, 2, 2], [2, 2, 2, 2, 2, 2, 2, 2, 2], [5, 2, 2, 2, 7, 2, 2, 2, 2]]}, {"input": [[0, 0, 8, 0, 0, 0, 0, 0, 0], [0, 0, 0, 0, 0, 0, 0, 0, 0], [0, 0, 0, 0, 0, 0, 0, 5, 0], [0, 0, 0, 0, 5, 2, 0, 1, 0], [0, 0, 0, 1, 0, 0, 0, 0, 0], [0, 0, 6, 0, 3, 0, 0, 0, 4], [0, 0, 0, 0, 0, 0, 0, 8, 0], [0, 0, 0, 0, 0, 3, 0, 2, 0]], "output": [[2, 2, 2, 2, 2, 2, 9, 2, 2], [2, 2, 2, 2, 2, 2, 2, 2, 2], [2, 0, 2, 2, 2, 2, 2, 2, 2], [2, 4, 2, 3, 0, 2, 2, 2, 2], [2, 2, 2, 2, 2, 4, 2, 2, 2], [6, 2, 2, 2, 1, 2, 8, 2, 2], [2, 9, 2, 2, 2, 2, 2, 2, 2], [2, 3, 2, 1, 2, 2, 2, 2, 2]]}, {"input": [[0, 0, 0, 0, 0], [0, 0, 0, 0, 0], [0, 5, 0, 0, 0], [0, 4, 0, 0, 0], [0, 0, 0, 0, 1], [0, 0, 0, 0, 0]], "output": [[2, 2, 2, 2, 2], [2, 2, 2, 2, 2], [2, 2, 2, 0, 2], [2, 2, 2, 6, 2], [4, 2, 2, 2, 2], [2, 2, 2, 2, 2]]}, {"input": [[3, 0, 0, 0, 0], [0, 0, 0, 0, 0], [0, 0, 0, 0, 0], [0, 0, 0, 0, 4], [0, 0, 0, 0, 0], [0, 0, 0, 2, 0]], "output": [[2, 2, 2, 2, 1], [2, 2, 2, 2, 2], [2, 2, 2, 2, 2], [6, 2, 2, 2, 2], [2, 2, 2, 2, 2], [2, 3, 2, 2, 2]]}, {"input": [[0, 0, 0, 0, 0], [0, 0, 0, 0, 0], [0, 8, 0, 0, 0], [0, 0, 0, 0, 6], [1, 0, 0, 6, 0]], "output": [[2, 2, 2, 2, 2], [2, 2, 2, 2, 2], [2, 2, 2, 9, 2], [8, 2, 2, 2, 2], [2, 8, 2, 2, 4]]}, {"input": [[0, 0, 0, 0, 0, 0, 0], [0, 6, 0, 0, 0, 0, 0], [2, 6, 0, 0, 0, 8, 0], [0, 0, 0, 0, 0, 4, 0], [0, 9, 0, 0, 0, 0, 7], [0, 0, 5, 0, 0, 0, 8], [0, 0, 0, 0, 0, 0, 0], [0, 9, 0, 0, 4, 0, 0]], "output": [[2, 2, 2, 2, 2, 2, 2], [2, 2, 2, 2, 2, 8, 2], [2, 9, 2, 2, 2, 8, 3], [2, 6, 2, 2, 2, 2, 2], [5, 2, 2, 2, 2, 7, 2], [9, 2, 2, 2, 0, 2, 2], [2, 2, 2, 2, 2, 2, 2], [2, 2, 6, 2, 2, 7, 2]]}, {"input": [[0, 0, 1, 0, 0, 0], [0, 0, 0, 0, 0, 2], [3, 0, 0, 0, 0, 3], [4, 0, 0, 0, 0, 0], [0, 0, 0, 0, 0, 0], [0, 0, 3, 0, 0, 0], [8, 0, 0, 0, 0, 0], [0, 0, 6, 0, 0, 3], [0, 4, 0, 0, 0, 0]], "output": [[2, 2, 2, 4, 2, 2], [3, 2, 2, 2, 2, 2], [1, 2, 2, 2, 2, 1], [2, 2, 2, 2, 2, 6], [2, 2, 2, 2, 2, 2], [2, 2, 2, 1, 2, 2], [2, 2, 2, 2, 2, 9], [1, 2, 2, 8, 2, 2], [2, 2, 2, 2, 6, 2]]}, {"input": [[0, 0, 0, 0, 0, 0, 0, 0], [0, 0, 0, 0, 0, 0, 0, 0], [0, 0, 5, 0, 0, 0, 0, 0], [0, 0, 0, 0, 0, 0, 0, 0], [0, 0, 0, 8, 0, 0, 0, 0], [0, 0, 0, 0, 0, 0, 0, 0]], "output": [[2, 2, 2, 2, 2, 2, 2, 2], [2, 2, 2, 2, 2, 2, 2, 2], [2, 2, 2, 2, 2, 0, 2, 2], [2, 2, 2, 2, 2, 2, 2, 2], [2, 2, 2, 2, 9, 2, 2, 2], [2, 2, 2, 2, 2, 2, 2, 2]]}, {"input": [[0, 0, 0, 0, 0, 0], [0, 0, 9, 0, 0, 0], [2, 0, 0, 9, 3, 0], [0, 0, 0, 0, 0, 0], [0, 0, 0, 0, 0, 0], [0, 0, 0, 0, 0, 0]], "output": [[2, 2, 2, 2, 2, 2], [2, 2, 2, 7, 2, 2], [2, 1, 7, 2, 2, 3], [2, 2, 2, 2, 2, 2], [2, 2, 2, 2, 2, 2], [2, 2, 2, 2, 2, 2]]}, {"input": [[0, 0, 0, 0, 0, 0, 9], [0, 0, 0, 0, 0, 0, 0], [0, 0, 0, 0, 0, 0, 0], [0, 0, 0, 0, 1, 0, 0], [0, 0, 3, 0, 0, 0, 0]], "output": [[7, 2, 2, 2, 2, 2, 2], [2, 2, 2, 2, 2, 2, 2], [2, 2, 2, 2, 2, 2, 2], [2, 2, 4, 2, 2, 2, 2], [2, 2, 2, 2, 1, 2, 2]]}, {"input": [[0, 0, 0, 0, 0, 0], [0, 0, 0, 0, 0, 0], [0, 6, 0, 0, 0, 0], [0, 0, 7, 6, 4, 0], [0, 3, 0, 0, 0, 0], [9, 0, 0, 0, 0, 0]], "output": [[2, 2, 2, 2, 2, 2], [2, 2, 2, 2, 2, 2], [2, 2, 2, 2, 8, 2], [2, 6, 8, 5, 2, 2], [2, 2, 2, 2, 1, 2], [2, 2, 2, 2, 2, 7]]}, {"input": [[0, 0, 0, 0, 0, 0], [7, 0, 0, 0, 0, 0], [0, 0, 0, 0, 0, 0], [0, 0, 0, 0, 0, 0], [8, 0, 0, 0, 0, 0], [6, 0, 0, 4, 0, 0], [0, 0, 0, 8, 0, 1], [0, 0, 7, 0, 4, 0], [0, 0, 0, 8, 8, 0]], "output": [[2, 2, 2, 2, 2, 2], [2, 2, 2, 2, 2, 5], [2, 2, 2, 2, 2, 2], [2, 2, 2, 2, 2, 2], [2, 2, 2, 2, 2, 9], [2, 2, 6, 2, 2, 8], [4, 2, 9, 2, 2, 2], [2, 6, 2, 5, 2, 2], [2, 9, 9, 2, 2, 2]]}, {"input": [[0, 2, 0, 0, 0, 0], [0, 0, 0, 8, 7, 0], [0, 0, 0, 0, 0, 0], [0, 0, 0, 4, 0, 2], [0, 4, 0, 0, 0, 1], [0, 0, 0, 0, 0, 0], [0, 0, 0, 0, 0, 9], [7, 0, 0, 0, 0, 0], [0, 0, 0, 0, 0, 0]], "output": [[2, 2, 2, 2, 3, 2], [2, 5, 9, 2, 2, 2], [2, 2, 2, 2, 2, 2], [3, 2, 6, 2, 2, 2], [4, 2, 2, 2, 6, 2], [2, 2, 2, 2, 2, 2], [7, 2, 2, 2, 2, 2], [2, 2, 2, 2, 2, 5], [2, 2, 2, 2, 2, 2]]}, {"input": [[0, 0, 0, 0, 0, 0, 0], [0, 0, 5, 0, 3, 0, 0], [0, 7, 0, 0, 0, 0, 0], [6, 0, 0, 0, 8, 9, 0], [0, 0, 0, 0, 1, 0, 0]], "output": [[2, 2, 2, 2, 2, 2, 2], [2, 2, 1, 2, 0, 2, 2], [2, 2, 2, 2, 2, 5, 2], [2, 7, 9, 2, 2, 2, 8], [2, 2, 4, 2, 2, 2, 2]]}, {"input": [[6, 0, 0, 0, 0], [0, 0, 0, 0, 0], [4, 0, 0, 0, 0], [7, 0, 0, 0, 0], [0, 0, 0, 0, 0], [0, 0, 0, 0, 0]], "output": [[2, 2, 2, 2, 8], [2, 2, 2, 2, 2], [2, 2, 2, 2, 6], [2, 2, 2, 2, 5], [2, 2, 2, 2, 2], [2, 2, 2, 2, 2]]}, {"input": [[0, 0, 0, 0, 0, 0, 0, 7], [0, 0, 0, 0, 0, 0, 8, 0], [0, 0, 0, 0, 0, 0, 0, 0], [0, 0, 0, 0, 0, 0, 0, 0], [2, 9, 0, 0, 0, 0, 0, 0], [0, 0, 0, 0, 0, 4, 0, 0], [0, 0, 0, 7, 0, 0, 0, 0], [0, 0, 0, 0, 0, 0, 0, 0]], "output": [[5, 2, 2, 2, 2, 2, 2, 2], [2, 9, 2, 2, 2, 2, 2, 2], [2, 2, 2, 2, 2, 2, 2, 2], [2, 2, 2, 2, 2, 2, 2, 2], [2, 2, 2, 2, 2, 2, 7, 3], [2, 2, 6, 2, 2, 2, 2, 2], [2, 2, 2, 2, 5, 2, 2, 2], [2, 2, 2, 2, 2, 2, 2, 2]]}, {"input": [[0, 0, 0, 0, 0, 0, 0], [0, 0, 0, 0, 0, 6, 0], [0, 0, 0, 0, 0, 0, 0], [0, 0, 0, 0, 0, 0, 0], [0, 0, 9, 0, 7, 0, 0], [0, 0, 9, 0, 0, 0, 0], [0, 0, 5, 0, 0, 0, 9]], "output": [[2, 2, 2, 2, 2, 2, 2], [2, 8, 2, 2, 2, 2, 2], [2, 2, 2, 2, 2, 2, 2], [2, 2, 2, 2, 2, 2, 2], [2, 2, 5, 2, 7, 2, 2], [2, 2, 2, 2, 7, 2, 2], [7, 2, 2, 2, 0, 2, 2]]}, {"input": [[4, 0, 0, 0, 0], [0, 7, 0, 5, 0], [0, 0, 0, 0, 0], [0, 7, 0, 0, 0], [0, 0, 0, 0, 0], [0, 0, 4, 0, 0]], "output": [[2, 2, 2, 2, 6], [2, 0, 2, 5, 2], [2, 2, 2, 2, 2], [2, 2, 2, 5, 2], [2, 2, 2, 2, 2], [2, 2, 6, 2, 2]]}, {"input": [[0, 0, 0, 0, 0, 2], [0, 0, 0, 0, 0, 0], [0, 0, 0, 0, 0, 0], [2, 0, 0, 0, 0, 0], [0, 1, 0, 0, 0, 0], [0, 0, 0, 1, 0, 0], [0, 0, 0, 0, 0, 0], [0, 0, 0, 1, 0, 0]], "output": [[3, 2, 2, 2, 2, 2], [2, 2, 2, 2, 2, 2], [2, 2, 2, 2, 2, 2], [2, 2, 2, 2, 2, 3], [2, 2, 2, 2, 4, 2], [2, 2, 4, 2, 2, 2], [2, 2, 2, 2, 2, 2], [2, 2, 4, 2, 2, 2]]}, {"input": [[0, 0, 0, 0, 0, 7, 0], [0, 0, 0, 0, 0, 0, 0], [0, 0, 0, 0, 6, 0, 0], [0, 0, 0, 0, 0, 0, 0], [0, 0, 0, 8, 0, 0, 0], [0, 0, 0, 0, 0, 2, 0], [0, 0, 0, 0, 0, 0, 0]], "output": [[2, 5, 2, 2, 2, 2, 2], [2, 2, 2, 2, 2, 2, 2], [2, 2, 8, 2, 2, 2, 2], [2, 2, 2, 2, 2, 2, 2], [2, 2, 2, 9, 2, 2, 2], [2, 3, 2, 2, 2, 2, 2], [2, 2, 2, 2, 2, 2, 2]]}, {"input": [[0, 0, 0, 7, 0, 0, 0, 0, 0], [0, 8, 0, 2, 0, 0, 0, 0, 8], [0, 0, 0, 0, 0, 1, 2, 1, 0], [0, 0, 0, 0, 0, 0, 0, 0, 0], [1, 0, 0, 0, 0, 0, 0, 0, 0], [0, 0, 0, 0, 0, 0, 0, 0, 0], [0, 0, 0, 0, 0, 0, 1, 0, 6], [0, 0, 0, 0, 0, 0, 0, 6, 0]], "output": [[2, 2, 2, 2, 2, 5, 2, 2, 2], [9, 2, 2, 2, 2, 3, 2, 9, 2], [2, 4, 3, 4, 2, 2, 2, 2, 2], [2, 2, 2, 2, 2, 2, 2, 2, 2], [2, 2, 2, 2, 2, 2, 2, 2, 4], [2, 2, 2, 2, 2, 2, 2, 2, 2], [8, 2, 4, 2, 2, 2, 2, 2, 2], [2, 8, 2, 2, 2, 2, 2, 2, 2]]}, {"input": [[0, 0, 6, 0, 0, 0, 0, 0, 0], [2, 0, 0, 0, 5, 0, 0, 0, 0], [0, 0, 9, 7, 0, 0, 0, 0, 0], [0, 0, 0, 6, 0, 0, 0, 0, 0], [0, 0, 0, 0, 1, 0, 0, 0, 0], [1, 0, 0, 0, 0, 0, 0, 4, 0], [0, 0, 8, 0, 6, 0, 0, 0, 5], [0, 0, 0, 0, 0, 0, 5, 0, 2], [0, 0, 2, 0, 0, 0, 0, 0, 4]], "output": [[2, 2, 2, 2, 2, 2, 8, 2, 2], [2, 2, 2, 2, 0, 2, 2, 2, 3], [2, 2, 2, 2, 2, 5, 7, 2, 2], [2, 2, 2, 2, 2, 8, 2, 2, 2], [2, 2, 2, 2, 4, 2, 2, 2, 2], [2, 6, 2, 2, 2, 2, 2, 2, 4], [0, 2, 2, 2, 8, 2, 9, 2, 2], [3, 2, 0, 2, 2, 2, 2, 2, 2], [6, 2, 2, 2, 2, 2, 3, 2, 2]]}, {"input": [[0, 0, 0, 0, 0], [0, 7, 0, 0, 3], [0, 8, 0, 7, 0], [5, 0, 0, 0, 0], [0, 7, 0, 0, 0], [0, 0, 0, 0, 0]], "output": [[2, 2, 2, 2, 2], [1, 2, 2, 5, 2], [2, 5, 2, 9, 2], [2, 2, 2, 2, 0], [2, 2, 2, 5, 2], [2, 2, 2, 2, 2]]}, {"input": [[0, 0, 0, 0, 0, 3, 0, 0], [1, 5, 0, 0, 0, 7, 0, 0], [0, 4, 0, 0, 5, 0, 0, 0], [0, 0, 0, 0, 0, 1, 1, 0], [0, 0, 0, 0, 5, 0, 0, 0], [7, 0, 3, 0, 0, 0, 0, 0], [9, 0, 0, 0, 0, 0, 0, 0]], "output": [[2, 2, 1, 2, 2, 2, 2, 2], [2, 2, 5, 2, 2, 2, 0, 4], [2, 2, 2, 0, 2, 2, 6, 2], [2, 4, 4, 2, 2, 2, 2, 2], [2, 2, 2, 0, 2, 2, 2, 2], [2, 2, 2, 2, 2, 1, 2, 5], [2, 2, 2, 2, 2, 2, 2, 7]]}], "test": [{"input": [[0, 0, 0, 0, 0], [0, 0, 0, 0, 0], [0, 0, 0, 0, 7], [0, 0, 0, 0, 0], [0, 0, 0, 0, 0], [0, 0, 0, 0, 0], [0, 0, 0, 1, 0]], "output": [[2, 2, 2, 2, 2], [2, 2, 2, 2, 2], [5, 2, 2, 2, 2], [2, 2, 2, 2, 2], [2, 2, 2, 2, 2], [2, 2, 2, 2, 2], [2, 4, 2, 2, 2]]}, {"input": [[0, 5, 0, 0, 0, 0, 0], [0, 0, 0, 6, 0, 0, 0], [0, 0, 0, 0, 0, 9, 0], [7, 0, 0, 0, 0, 0, 0], [0, 0, 0, 0, 0, 0, 0], [0, 0, 0, 0, 0, 0, 0], [0, 0, 0, 0, 0, 0, 0]], "output": [[2, 2, 2, 2, 2, 0, 2], [2, 2, 2, 8, 2, 2, 2], [2, 7, 2, 2, 2, 2, 2], [2, 2, 2, 2, 2, 2, 5], [2, 2, 2, 2, 2, 2, 2], [2, 2, 2, 2, 2, 2, 2], [2, 2, 2, 2, 2, 2, 2]]}, {"input": [[0, 0, 0, 0, 0, 0], [0, 0, 0, 0, 0, 0], [0, 0, 0, 0, 0, 0], [0, 0, 0, 0, 0, 0], [0, 0, 0, 0, 0, 0], [0, 0, 9, 0, 4, 8], [0, 0, 0, 0, 0, 0], [0, 0, 0, 0, 5, 0]], "output": [[2, 2, 2, 2, 2, 2], [2, 2, 2, 2, 2, 2], [2, 2, 2, 2, 2, 2], [2, 2, 2, 2, 2, 2], [2, 2, 2, 2, 2, 2], [9, 6, 2, 7, 2, 2], [2, 2, 2, 2, 2, 2], [2, 0, 2, 2, 2, 2]]}]}