{"train": [{"input": [[8, 8, 8, 8, 8, 8, 8, 8], [8, 6, 6, 6, 6, 6, 6, 8], [8, 6, 6, 6, 6, 6, 6, 8], [8, 6, 6, 6, 6, 6, 6, 8], [8, 6, 6, 6, 6, 6, 6, 8], [8, 6, 6, 6, 6, 6, 6, 8], [8, 6, 6, 6, 6, 6, 6, 8], [8, 8, 8, 8, 8, 8, 8, 8]], "output": [[8, 8, 8, 8, 8, 8, 8, 8], [8, 6, 6, 6, 6, 6, 6, 8], [8, 6, 6, 6, 6, 6, 6, 8], [8, 6, 6, 6, 6, 6, 6, 8], [8, 6, 6, 6, 6, 6, 6, 8], [8, 6, 6, 6, 6, 6, 6, 8], [8, 6, 6, 6, 6, 6, 6, 8], [8, 8, 8, 8, 8, 8, 8, 8], [0, 0, 0, 0, 0, 0, 0, 0], [0, 0, 0, 0, 0, 0, 0, 0], [0, 0, 0, 0, 0, 0, 0, 0], [0, 0, 0, 0, 0, 0, 0, 0], [0, 0, 0, 0, 0, 0, 0, 0], [0, 0, 0, 0, 0, 0, 0, 0], [0, 0, 0, 0, 0, 0, 0, 0], [0, 0, 0, 0, 0, 0, 0, 0]]}, {"input": [[1, 1, 1, 1, 1, 1, 1], [1, 4, 4, 4, 4, 4, 1], [1, 4, 4, 4, 4, 4, 1], [1, 4, 4, 4, 4, 4, 1], [1, 4, 4, 4, 4, 4, 1], [1, 4, 4, 4, 4, 4, 1], [1, 1, 1, 1, 1, 1, 1]], "output": [[1, 1, 1, 1, 1, 1, 1], [1, 4, 4, 4, 4, 4, 1], [1, 4, 4, 4, 4, 4, 1], [1, 4, 4, 4, 4, 4, 1], [1, 4, 4, 4, 4, 4, 1], [1, 4, 4, 4, 4, 4, 1], [1, 1, 1, 1, 1, 1, 1], [0, 0, 0, 0, 0, 0, 0], [0, 0, 0, 0, 0, 0, 0], [0, 0, 0, 0, 0, 0, 0], [0, 0, 0, 0, 0, 0, 0], [0, 0, 0, 0, 0, 0, 0], [0, 0, 0, 0, 0, 0, 0], [0, 0, 0, 0, 0, 0, 0]]}, {"input": [[4, 4, 4, 4, 4, 4, 4, 4, 4], [4, 9, 9, 9, 9, 9, 9, 9, 4], [4, 9, 9, 9, 9, 9, 9, 9, 4], [4, 9, 9, 9, 9, 9, 9, 9, 4], [4, 9, 9, 9, 9, 9, 9, 9, 4], [4, 9, 9, 9, 9, 9, 9, 9, 4], [4, 4, 4, 4, 4, 4, 4, 4, 4]], "output": [[4, 4, 4, 4, 4, 4, 4], [4, 9, 9, 9, 9, 9, 9], [4, 9, 9, 9, 9, 9, 9], [4, 9, 9, 9, 9, 9, 9], [4, 9, 9, 9, 9, 9, 9], [4, 9, 9, 9, 9, 9, 9], [4, 4, 4, 4, 4, 4, 4], [0, 0, 0, 0, 0, 0, 0], [0, 0, 0, 0, 0, 0, 0], [0, 0, 0, 0, 0, 0, 0], [0, 0, 0, 0, 0, 0, 0], [0, 0, 0, 0, 0, 0, 0], [0, 0, 0, 0, 0, 0, 0], [0, 0, 0, 0, 0, 0, 0], [0, 0, 0, 0, 0, 0, 0], [0, 0, 0, 0, 0, 0, 0], [0, 0, 0, 0, 0, 0, 0], [0, 0, 0, 0, 0, 0, 0]]}, {"input": [[5, 5, 5, 5, 5, 5, 5, 5, 5], [5, 6, 6, 6, 6, 6, 6, 6, 5], [5, 6, 6, 6, 6, 6, 6, 6, 5], [5, 6, 6, 6, 6, 6, 6, 6, 5], [5, 6, 6, 6, 6, 6, 6, 6, 5], [5, 6, 6, 6, 6, 6, 6, 6, 5], [5, 6, 6, 6, 6, 6, 6, 6, 5], [5, 6, 6, 6, 6, 6, 6, 6, 5], [5, 5, 5, 5, 5, 5, 5, 5, 5]], "output": [[5, 5, 5, 5, 5, 5, 5, 5, 5], [5, 6, 6, 6, 6, 6, 6, 6, 5], [5, 6, 6, 6, 6, 6, 6, 6, 5], [5, 6, 6, 6, 6, 6, 6, 6, 5], [5, 6, 6, 6, 6, 6, 6, 6, 5], [5, 6, 6, 6, 6, 6, 6, 6, 5], [5, 6, 6, 6, 6, 6, 6, 6, 5], [5, 6, 6, 6, 6, 6, 6, 6, 5], [5, 5, 5, 5, 5, 5, 5, 5, 5], [0, 0, 0, 0, 0, 0, 0, 0, 0], [0, 0, 0, 0, 0, 0, 0, 0, 0], [0, 0, 0, 0, 0, 0, 0, 0, 0], [0, 0, 0, 0, 0, 0, 0, 0, 0], [0, 0, 0, 0, 0, 0, 0, 0, 0], [0, 0, 0, 0, 0, 0, 0, 0, 0], [0, 0, 0, 0, 0, 0, 0, 0, 0], [0, 0, 0, 0, 0, 0, 0, 0, 0], [0, 0, 0, 0, 0, 0, 0, 0, 0]]}, {"input": [[9, 9, 9, 9, 9, 9, 9, 9, 9], [9, 4, 4, 4, 4, 4, 4, 4, 9], [9, 4, 4, 4, 4, 4, 4, 4, 9], [9, 4, 4, 4, 4, 4, 4, 4, 9], [9, 4, 4, 4, 4, 4, 4, 4, 9], [9, 4, 4, 4, 4, 4, 4, 4, 9], [9, 4, 4, 4, 4, 4, 4, 4, 9], [9, 9, 9, 9, 9, 9, 9, 9, 9]], "output": [[9, 9, 9, 9, 9, 9, 9, 9], [9, 4, 4, 4, 4, 4, 4, 4], [9, 4, 4, 4, 4, 4, 4, 4], [9, 4, 4, 4, 4, 4, 4, 4], [9, 4, 4, 4, 4, 4, 4, 4], [9, 4, 4, 4, 4, 4, 4, 4], [9, 4, 4, 4, 4, 4, 4, 4], [9, 9, 9, 9, 9, 9, 9, 9], [0, 0, 0, 0, 0, 0, 0, 0], [0, 0, 0, 0, 0, 0, 0, 0], [0, 0, 0, 0, 0, 0, 0, 0], [0, 0, 0, 0, 0, 0, 0, 0], [0, 0, 0, 0, 0, 0, 0, 0], [0, 0, 0, 0, 0, 0, 0, 0], [0, 0, 0, 0, 0, 0, 0, 0], [0, 0, 0, 0, 0, 0, 0, 0], [0, 0, 0, 0, 0, 0, 0, 0], [0, 0, 0, 0, 0, 0, 0, 0]]}, {"input": [[2, 2, 2, 2, 2], [2, 4, 4, 4, 2], [2, 4, 4, 4, 2], [2, 4, 4, 4, 2], [2, 4, 4, 4, 2], [2, 2, 2, 2, 2]], "output": [[2, 2, 2, 2, 2, 2], [2, 4, 4, 4, 2, 2], [2, 4, 4, 4, 2, 2], [2, 4, 4, 4, 2, 2], [2, 4, 4, 4, 2, 2], [2, 2, 2, 2, 2, 2], [0, 0, 0, 0, 0, 0], [0, 0, 0, 0, 0, 0], [0, 0, 0, 0, 0, 0], [0, 0, 0, 0, 0, 0]]}, {"input": [[8, 8, 8, 8, 8], [8, 3, 3, 3, 8], [8, 3, 3, 3, 8], [8, 3, 3, 3, 8], [8, 3, 3, 3, 8], [8, 8, 8, 8, 8]], "output": [[8, 8, 8, 8, 8, 8], [8, 3, 3, 3, 8, 8], [8, 3, 3, 3, 8, 8], [8, 3, 3, 3, 8, 8], [8, 3, 3, 3, 8, 8], [8, 8, 8, 8, 8, 8], [0, 0, 0, 0, 0, 0], [0, 0, 0, 0, 0, 0], [0, 0, 0, 0, 0, 0], [0, 0, 0, 0, 0, 0]]}, {"input": [[5, 5, 5, 5, 5], [5, 8, 8, 8, 5], [5, 8, 8, 8, 5], [5, 8, 8, 8, 5], [5, 5, 5, 5, 5]], "output": [[5, 5, 5, 5, 5], [5, 8, 8, 8, 5], [5, 8, 8, 8, 5], [5, 8, 8, 8, 5], [5, 5, 5, 5, 5], [0, 0, 0, 0, 0], [0, 0, 0, 0, 0], [0, 0, 0, 0, 0], [0, 0, 0, 0, 0], [0, 0, 0, 0, 0]]}, {"input": [[1, 1, 1, 1, 1, 1, 1], [1, 6, 6, 6, 6, 6, 1], [1, 6, 6, 6, 6, 6, 1], [1, 6, 6, 6, 6, 6, 1], [1, 6, 6, 6, 6, 6, 1], [1, 6, 6, 6, 6, 6, 1], [1, 6, 6, 6, 6, 6, 1], [1, 1, 1, 1, 1, 1, 1]], "output": [[1, 1, 1, 1, 1, 1, 1, 1], [1, 6, 6, 6, 6, 6, 1, 1], [1, 6, 6, 6, 6, 6, 1, 1], [1, 6, 6, 6, 6, 6, 1, 1], [1, 6, 6, 6, 6, 6, 1, 1], [1, 6, 6, 6, 6, 6, 1, 1], [1, 6, 6, 6, 6, 6, 1, 1], [1, 1, 1, 1, 1, 1, 1, 1], [0, 0, 0, 0, 0, 0, 0, 0], [0, 0, 0, 0, 0, 0, 0, 0], [0, 0, 0, 0, 0, 0, 0, 0], [0, 0, 0, 0, 0, 0, 0, 0], [0, 0, 0, 0, 0, 0, 0, 0], [0, 0, 0, 0, 0, 0, 0, 0]]}, {"input": [[6, 6, 6, 6, 6, 6], [6, 8, 8, 8, 8, 6], [6, 8, 8, 8, 8, 6], [6, 8, 8, 8, 8, 6], [6, 8, 8, 8, 8, 6], [6, 8, 8, 8, 8, 6], [6, 8, 8, 8, 8, 6], [6, 8, 8, 8, 8, 6], [6, 6, 6, 6, 6, 6]], "output": [[6, 6, 6, 6, 6, 6, 6, 6, 6], [6, 8, 8, 8, 8, 6, 6, 8, 8], [6, 8, 8, 8, 8, 6, 6, 8, 8], [6, 8, 8, 8, 8, 6, 6, 8, 8], [6, 8, 8, 8, 8, 6, 6, 8, 8], [6, 8, 8, 8, 8, 6, 6, 8, 8], [6, 8, 8, 8, 8, 6, 6, 8, 8], [6, 8, 8, 8, 8, 6, 6, 8, 8], [6, 6, 6, 6, 6, 6, 6, 6, 6], [0, 0, 0, 0, 0, 0, 0, 0, 0], [0, 0, 0, 0, 0, 0, 0, 0, 0], [0, 0, 0, 0, 0, 0, 0, 0, 0]]}, {"input": [[4, 4, 4, 4, 4, 4, 4, 4], [4, 2, 2, 2, 2, 2, 2, 4], [4, 2, 2, 2, 2, 2, 2, 4], [4, 2, 2, 2, 2, 2, 2, 4], [4, 2, 2, 2, 2, 2, 2, 4], [4, 4, 4, 4, 4, 4, 4, 4]], "output": [[4, 4, 4, 4, 4, 4], [4, 2, 2, 2, 2, 2], [4, 2, 2, 2, 2, 2], [4, 2, 2, 2, 2, 2], [4, 2, 2, 2, 2, 2], [4, 4, 4, 4, 4, 4], [0, 0, 0, 0, 0, 0], [0, 0, 0, 0, 0, 0], [0, 0, 0, 0, 0, 0], [0, 0, 0, 0, 0, 0], [0, 0, 0, 0, 0, 0], [0, 0, 0, 0, 0, 0], [0, 0, 0, 0, 0, 0], [0, 0, 0, 0, 0, 0], [0, 0, 0, 0, 0, 0], [0, 0, 0, 0, 0, 0]]}, {"input": [[1, 1, 1, 1, 1, 1], [1, 8, 8, 8, 8, 1], [1, 8, 8, 8, 8, 1], [1, 8, 8, 8, 8, 1], [1, 8, 8, 8, 8, 1], [1, 1, 1, 1, 1, 1]], "output": [[1, 1, 1, 1, 1, 1], [1, 8, 8, 8, 8, 1], [1, 8, 8, 8, 8, 1], [1, 8, 8, 8, 8, 1], [1, 8, 8, 8, 8, 1], [1, 1, 1, 1, 1, 1], [0, 0, 0, 0, 0, 0], [0, 0, 0, 0, 0, 0], [0, 0, 0, 0, 0, 0], [0, 0, 0, 0, 0, 0], [0, 0, 0, 0, 0, 0], [0, 0, 0, 0, 0, 0]]}, {"input": [[5, 5, 5, 5, 5, 5, 5], [5, 3, 3, 3, 3, 3, 5], [5, 3, 3, 3, 3, 3, 5], [5, 3, 3, 3, 3, 3, 5], [5, 5, 5, 5, 5, 5, 5]], "output": [[5, 5, 5, 5, 5], [5, 3, 3, 3, 3], [5, 3, 3, 3, 3], [5, 3, 3, 3, 3], [5, 5, 5, 5, 5], [0, 0, 0, 0, 0], [0, 0, 0, 0, 0], [0, 0, 0, 0, 0], [0, 0, 0, 0, 0], [0, 0, 0, 0, 0], [0, 0, 0, 0, 0], [0, 0, 0, 0, 0], [0, 0, 0, 0, 0], [0, 0, 0, 0, 0]]}, {"input": [[6, 6, 6, 6, 6, 6], [6, 4, 4, 4, 4, 6], [6, 4, 4, 4, 4, 6], [6, 4, 4, 4, 4, 6], [6, 4, 4, 4, 4, 6], [6, 6, 6, 6, 6, 6]], "output": [[6, 6, 6, 6, 6, 6], [6, 4, 4, 4, 4, 6], [6, 4, 4, 4, 4, 6], [6, 4, 4, 4, 4, 6], [6, 4, 4, 4, 4, 6], [6, 6, 6, 6, 6, 6], [0, 0, 0, 0, 0, 0], [0, 0, 0, 0, 0, 0], [0, 0, 0, 0, 0, 0], [0, 0, 0, 0, 0, 0], [0, 0, 0, 0, 0, 0], [0, 0, 0, 0, 0, 0]]}, {"input": [[5, 5, 5, 5, 5, 5], [5, 9, 9, 9, 9, 5], [5, 9, 9, 9, 9, 5], [5, 9, 9, 9, 9, 5], [5, 9, 9, 9, 9, 5], [5, 9, 9, 9, 9, 5], [5, 9, 9, 9, 9, 5], [5, 9, 9, 9, 9, 5], [5, 5, 5, 5, 5, 5]], "output": [[5, 5, 5, 5, 5, 5, 5, 5, 5], [5, 9, 9, 9, 9, 5, 5, 9, 9], [5, 9, 9, 9, 9, 5, 5, 9, 9], [5, 9, 9, 9, 9, 5, 5, 9, 9], [5, 9, 9, 9, 9, 5, 5, 9, 9], [5, 9, 9, 9, 9, 5, 5, 9, 9], [5, 9, 9, 9, 9, 5, 5, 9, 9], [5, 9, 9, 9, 9, 5, 5, 9, 9], [5, 5, 5, 5, 5, 5, 5, 5, 5], [0, 0, 0, 0, 0, 0, 0, 0, 0], [0, 0, 0, 0, 0, 0, 0, 0, 0], [0, 0, 0, 0, 0, 0, 0, 0, 0]]}, {"input": [[1, 1, 1, 1, 1, 1], [1, 9, 9, 9, 9, 1], [1, 9, 9, 9, 9, 1], [1, 9, 9, 9, 9, 1], [1, 9, 9, 9, 9, 1], [1, 9, 9, 9, 9, 1], [1, 9, 9, 9, 9, 1], [1, 9, 9, 9, 9, 1], [1, 1, 1, 1, 1, 1]], "output": [[1, 1, 1, 1, 1, 1, 1, 1, 1], [1, 9, 9, 9, 9, 1, 1, 9, 9], [1, 9, 9, 9, 9, 1, 1, 9, 9], [1, 9, 9, 9, 9, 1, 1, 9, 9], [1, 9, 9, 9, 9, 1, 1, 9, 9], [1, 9, 9, 9, 9, 1, 1, 9, 9], [1, 9, 9, 9, 9, 1, 1, 9, 9], [1, 9, 9, 9, 9, 1, 1, 9, 9], [1, 1, 1, 1, 1, 1, 1, 1, 1], [0, 0, 0, 0, 0, 0, 0, 0, 0], [0, 0, 0, 0, 0, 0, 0, 0, 0], [0, 0, 0, 0, 0, 0, 0, 0, 0]]}, {"input": [[9, 9, 9, 9, 9, 9, 9], [9, 7, 7, 7, 7, 7, 9], [9, 7, 7, 7, 7, 7, 9], [9, 7, 7, 7, 7, 7, 9], [9, 9, 9, 9, 9, 9, 9]], "output": [[9, 9, 9, 9, 9], [9, 7, 7, 7, 7], [9, 7, 7, 7, 7], [9, 7, 7, 7, 7], [9, 9, 9, 9, 9], [0, 0, 0, 0, 0], [0, 0, 0, 0, 0], [0, 0, 0, 0, 0], [0, 0, 0, 0, 0], [0, 0, 0, 0, 0], [0, 0, 0, 0, 0], [0, 0, 0, 0, 0], [0, 0, 0, 0, 0], [0, 0, 0, 0, 0]]}, {"input": [[1, 1, 1, 1, 1], [1, 7, 7, 7, 1], [1, 7, 7, 7, 1], [1, 7, 7, 7, 1], [1, 7, 7, 7, 1], [1, 1, 1, 1, 1]], "output": [[1, 1, 1, 1, 1, 1], [1, 7, 7, 7, 1, 1], [1, 7, 7, 7, 1, 1], [1, 7, 7, 7, 1, 1], [1, 7, 7, 7, 1, 1], [1, 1, 1, 1, 1, 1], [0, 0, 0, 0, 0, 0], [0, 0, 0, 0, 0, 0], [0, 0, 0, 0, 0, 0], [0, 0, 0, 0, 0, 0]]}, {"input": [[5, 5, 5, 5, 5, 5, 5], [5, 7, 7, 7, 7, 7, 5], [5, 7, 7, 7, 7, 7, 5], [5, 7, 7, 7, 7, 7, 5], [5, 7, 7, 7, 7, 7, 5], [5, 7, 7, 7, 7, 7, 5], [5, 5, 5, 5, 5, 5, 5]], "output": [[5, 5, 5, 5, 5, 5, 5], [5, 7, 7, 7, 7, 7, 5], [5, 7, 7, 7, 7, 7, 5], [5, 7, 7, 7, 7, 7, 5], [5, 7, 7, 7, 7, 7, 5], [5, 7, 7, 7, 7, 7, 5], [5, 5, 5, 5, 5, 5, 5], [0, 0, 0, 0, 0, 0, 0], [0, 0, 0, 0, 0, 0, 0], [0, 0, 0, 0, 0, 0, 0], [0, 0, 0, 0, 0, 0, 0], [0, 0, 0, 0, 0, 0, 0], [0, 0, 0, 0, 0, 0, 0], [0, 0, 0, 0, 0, 0, 0]]}, {"input": [[1, 1, 1, 1, 1], [1, 9, 9, 9, 1], [1, 9, 9, 9, 1], [1, 9, 9, 9, 1], [1, 9, 9, 9, 1], [1, 1, 1, 1, 1]], "output": [[1, 1, 1, 1, 1, 1], [1, 9, 9, 9, 1, 1], [1, 9, 9, 9, 1, 1], [1, 9, 9, 9, 1, 1], [1, 9, 9, 9, 1, 1], [1, 1, 1, 1, 1, 1], [0, 0, 0, 0, 0, 0], [0, 0, 0, 0, 0, 0], [0, 0, 0, 0, 0, 0], [0, 0, 0, 0, 0, 0]]}, {"input": [[7, 7, 7, 7, 7, 7], [7, 6, 6, 6, 6, 7], [7, 6, 6, 6, 6, 7], [7, 6, 6, 6, 6, 7], [7, 6, 6, 6, 6, 7], [7, 6, 6, 6, 6, 7], [7, 6, 6, 6, 6, 7], [7, 7, 7, 7, 7, 7]], "output": [[7, 7, 7, 7, 7, 7, 7, 7], [7, 6, 6, 6, 6, 7, 7, 6], [7, 6, 6, 6, 6, 7, 7, 6], [7, 6, 6, 6, 6, 7, 7, 6], [7, 6, 6, 6, 6, 7, 7, 6], [7, 6, 6, 6, 6, 7, 7, 6], [7, 6, 6, 6, 6, 7, 7, 6], [7, 7, 7, 7, 7, 7, 7, 7], [0, 0, 0, 0, 0, 0, 0, 0], [0, 0, 0, 0, 0, 0, 0, 0], [0, 0, 0, 0, 0, 0, 0, 0], [0, 0, 0, 0, 0, 0, 0, 0]]}, {"input": [[7, 7, 7, 7, 7, 7, 7], [7, 5, 5, 5, 5, 5, 7], [7, 5, 5, 5, 5, 5, 7], [7, 5, 5, 5, 5, 5, 7], [7, 5, 5, 5, 5, 5, 7], [7, 5, 5, 5, 5, 5, 7], [7, 7, 7, 7, 7, 7, 7]], "output": [[7, 7, 7, 7, 7, 7, 7], [7, 5, 5, 5, 5, 5, 7], [7, 5, 5, 5, 5, 5, 7], [7, 5, 5, 5, 5, 5, 7], [7, 5, 5, 5, 5, 5, 7], [7, 5, 5, 5, 5, 5, 7], [7, 7, 7, 7, 7, 7, 7], [0, 0, 0, 0, 0, 0, 0], [0, 0, 0, 0, 0, 0, 0], [0, 0, 0, 0, 0, 0, 0], [0, 0, 0, 0, 0, 0, 0], [0, 0, 0, 0, 0, 0, 0], [0, 0, 0, 0, 0, 0, 0], [0, 0, 0, 0, 0, 0, 0]]}, {"input": [[4, 4, 4, 4, 4, 4, 4, 4, 4], [4, 8, 8, 8, 8, 8, 8, 8, 4], [4, 8, 8, 8, 8, 8, 8, 8, 4], [4, 8, 8, 8, 8, 8, 8, 8, 4], [4, 8, 8, 8, 8, 8, 8, 8, 4], [4, 8, 8, 8, 8, 8, 8, 8, 4], [4, 8, 8, 8, 8, 8, 8, 8, 4], [4, 4, 4, 4, 4, 4, 4, 4, 4]], "output": [[4, 4, 4, 4, 4, 4, 4, 4], [4, 8, 8, 8, 8, 8, 8, 8], [4, 8, 8, 8, 8, 8, 8, 8], [4, 8, 8, 8, 8, 8, 8, 8], [4, 8, 8, 8, 8, 8, 8, 8], [4, 8, 8, 8, 8, 8, 8, 8], [4, 8, 8, 8, 8, 8, 8, 8], [4, 4, 4, 4, 4, 4, 4, 4], [0, 0, 0, 0, 0, 0, 0, 0], [0, 0, 0, 0, 0, 0, 0, 0], [0, 0, 0, 0, 0, 0, 0, 0], [0, 0, 0, 0, 0, 0, 0, 0], [0, 0, 0, 0, 0, 0, 0, 0], [0, 0, 0, 0, 0, 0, 0, 0], [0, 0, 0, 0, 0, 0, 0, 0], [0, 0, 0, 0, 0, 0, 0, 0], [0, 0, 0, 0, 0, 0, 0, 0], [0, 0, 0, 0, 0, 0, 0, 0]]}, {"input": [[9, 9, 9, 9, 9, 9, 9, 9, 9], [9, 6, 6, 6, 6, 6, 6, 6, 9], [9, 6, 6, 6, 6, 6, 6, 6, 9], [9, 6, 6, 6, 6, 6, 6, 6, 9], [9, 6, 6, 6, 6, 6, 6, 6, 9], [9, 6, 6, 6, 6, 6, 6, 6, 9], [9, 6, 6, 6, 6, 6, 6, 6, 9], [9, 6, 6, 6, 6, 6, 6, 6, 9], [9, 9, 9, 9, 9, 9, 9, 9, 9]], "output": [[9, 9, 9, 9, 9, 9, 9, 9, 9], [9, 6, 6, 6, 6, 6, 6, 6, 9], [9, 6, 6, 6, 6, 6, 6, 6, 9], [9, 6, 6, 6, 6, 6, 6, 6, 9], [9, 6, 6, 6, 6, 6, 6, 6, 9], [9, 6, 6, 6, 6, 6, 6, 6, 9], [9, 6, 6, 6, 6, 6, 6, 6, 9], [9, 6, 6, 6, 6, 6, 6, 6, 9], [9, 9, 9, 9, 9, 9, 9, 9, 9], [0, 0, 0, 0, 0, 0, 0, 0, 0], [0, 0, 0, 0, 0, 0, 0, 0, 0], [0, 0, 0, 0, 0, 0, 0, 0, 0], [0, 0, 0, 0, 0, 0, 0, 0, 0], [0, 0, 0, 0, 0, 0, 0, 0, 0], [0, 0, 0, 0, 0, 0, 0, 0, 0], [0, 0, 0, 0, 0, 0, 0, 0, 0], [0, 0, 0, 0, 0, 0, 0, 0, 0], [0, 0, 0, 0, 0, 0, 0, 0, 0]]}, {"input": [[9, 9, 9, 9, 9], [9, 4, 4, 4, 9], [9, 4, 4, 4, 9], [9, 4, 4, 4, 9], [9, 4, 4, 4, 9], [9, 9, 9, 9, 9]], "output": [[9, 9, 9, 9, 9, 9], [9, 4, 4, 4, 9, 9], [9, 4, 4, 4, 9, 9], [9, 4, 4, 4, 9, 9], [9, 4, 4, 4, 9, 9], [9, 9, 9, 9, 9, 9], [0, 0, 0, 0, 0, 0], [0, 0, 0, 0, 0, 0], [0, 0, 0, 0, 0, 0], [0, 0, 0, 0, 0, 0]]}, {"input": [[6, 6, 6, 6, 6, 6, 6, 6], [6, 9, 9, 9, 9, 9, 9, 6], [6, 9, 9, 9, 9, 9, 9, 6], [6, 9, 9, 9, 9, 9, 9, 6], [6, 9, 9, 9, 9, 9, 9, 6], [6, 9, 9, 9, 9, 9, 9, 6], [6, 6, 6, 6, 6, 6, 6, 6]], "output": [[6, 6, 6, 6, 6, 6, 6], [6, 9, 9, 9, 9, 9, 9], [6, 9, 9, 9, 9, 9, 9], [6, 9, 9, 9, 9, 9, 9], [6, 9, 9, 9, 9, 9, 9], [6, 9, 9, 9, 9, 9, 9], [6, 6, 6, 6, 6, 6, 6], [0, 0, 0, 0, 0, 0, 0], [0, 0, 0, 0, 0, 0, 0], [0, 0, 0, 0, 0, 0, 0], [0, 0, 0, 0, 0, 0, 0], [0, 0, 0, 0, 0, 0, 0], [0, 0, 0, 0, 0, 0, 0], [0, 0, 0, 0, 0, 0, 0], [0, 0, 0, 0, 0, 0, 0], [0, 0, 0, 0, 0, 0, 0]]}, {"input": [[6, 6, 6, 6, 6], [6, 4, 4, 4, 6], [6, 4, 4, 4, 6], [6, 4, 4, 4, 6], [6, 4, 4, 4, 6], [6, 4, 4, 4, 6], [6, 6, 6, 6, 6]], "output": [[6, 6, 6, 6, 6, 6, 6], [6, 4, 4, 4, 6, 6, 4], [6, 4, 4, 4, 6, 6, 4], [6, 4, 4, 4, 6, 6, 4], [6, 4, 4, 4, 6, 6, 4], [6, 4, 4, 4, 6, 6, 4], [6, 6, 6, 6, 6, 6, 6], [0, 0, 0, 0, 0, 0, 0], [0, 0, 0, 0, 0, 0, 0], [0, 0, 0, 0, 0, 0, 0]]}, {"input": [[2, 2, 2, 2, 2, 2, 2], [2, 4, 4, 4, 4, 4, 2], [2, 4, 4, 4, 4, 4, 2], [2, 4, 4, 4, 4, 4, 2], [2, 4, 4, 4, 4, 4, 2], [2, 4, 4, 4, 4, 4, 2], [2, 2, 2, 2, 2, 2, 2]], "output": [[2, 2, 2, 2, 2, 2, 2], [2, 4, 4, 4, 4, 4, 2], [2, 4, 4, 4, 4, 4, 2], [2, 4, 4, 4, 4, 4, 2], [2, 4, 4, 4, 4, 4, 2], [2, 4, 4, 4, 4, 4, 2], [2, 2, 2, 2, 2, 2, 2], [0, 0, 0, 0, 0, 0, 0], [0, 0, 0, 0, 0, 0, 0], [0, 0, 0, 0, 0, 0, 0], [0, 0, 0, 0, 0, 0, 0], [0, 0, 0, 0, 0, 0, 0], [0, 0, 0, 0, 0, 0, 0], [0, 0, 0, 0, 0, 0, 0]]}, {"input": [[9, 9, 9, 9, 9, 9], [9, 4, 4, 4, 4, 9], [9, 4, 4, 4, 4, 9], [9, 4, 4, 4, 4, 9], [9, 4, 4, 4, 4, 9], [9, 4, 4, 4, 4, 9], [9, 4, 4, 4, 4, 9], [9, 9, 9, 9, 9, 9]], "output": [[9, 9, 9, 9, 9, 9, 9, 9], [9, 4, 4, 4, 4, 9, 9, 4], [9, 4, 4, 4, 4, 9, 9, 4], [9, 4, 4, 4, 4, 9, 9, 4], [9, 4, 4, 4, 4, 9, 9, 4], [9, 4, 4, 4, 4, 9, 9, 4], [9, 4, 4, 4, 4, 9, 9, 4], [9, 9, 9, 9, 9, 9, 9, 9], [0, 0, 0, 0, 0, 0, 0, 0], [0, 0, 0, 0, 0, 0, 0, 0], [0, 0, 0, 0, 0, 0, 0, 0], [0, 0, 0, 0, 0, 0, 0, 0]]}, {"input": [[7, 7, 7, 7, 7, 7, 7], [7, 9, 9, 9, 9, 9, 7], [7, 9, 9, 9, 9, 9, 7], [7, 9, 9, 9, 9, 9, 7], [7, 7, 7, 7, 7, 7, 7]], "output": [[7, 7, 7, 7, 7], [7, 9, 9, 9, 9], [7, 9, 9, 9, 9], [7, 9, 9, 9, 9], [7, 7, 7, 7, 7], [0, 0, 0, 0, 0], [0, 0, 0, 0, 0], [0, 0, 0, 0, 0], [0, 0, 0, 0, 0], [0, 0, 0, 0, 0], [0, 0, 0, 0, 0], [0, 0, 0, 0, 0], [0, 0, 0, 0, 0], [0, 0, 0, 0, 0]]}, {"input": [[5, 5, 5, 5, 5], [5, 8, 8, 8, 5], [5, 8, 8, 8, 5], [5, 8, 8, 8, 5], [5, 8, 8, 8, 5], [5, 8, 8, 8, 5], [5, 8, 8, 8, 5], [5, 5, 5, 5, 5]], "output": [[5, 5, 5, 5, 5, 5, 5, 5], [5, 8, 8, 8, 5, 5, 8, 8], [5, 8, 8, 8, 5, 5, 8, 8], [5, 8, 8, 8, 5, 5, 8, 8], [5, 8, 8, 8, 5, 5, 8, 8], [5, 8, 8, 8, 5, 5, 8, 8], [5, 8, 8, 8, 5, 5, 8, 8], [5, 5, 5, 5, 5, 5, 5, 5], [0, 0, 0, 0, 0, 0, 0, 0], [0, 0, 0, 0, 0, 0, 0, 0]]}, {"input": [[5, 5, 5, 5, 5], [5, 3, 3, 3, 5], [5, 3, 3, 3, 5], [5, 3, 3, 3, 5], [5, 5, 5, 5, 5]], "output": [[5, 5, 5, 5, 5], [5, 3, 3, 3, 5], [5, 3, 3, 3, 5], [5, 3, 3, 3, 5], [5, 5, 5, 5, 5], [0, 0, 0, 0, 0], [0, 0, 0, 0, 0], [0, 0, 0, 0, 0], [0, 0, 0, 0, 0], [0, 0, 0, 0, 0]]}, {"input": [[4, 4, 4, 4, 4, 4, 4, 4, 4], [4, 5, 5, 5, 5, 5, 5, 5, 4], [4, 5, 5, 5, 5, 5, 5, 5, 4], [4, 5, 5, 5, 5, 5, 5, 5, 4], [4, 5, 5, 5, 5, 5, 5, 5, 4], [4, 5, 5, 5, 5, 5, 5, 5, 4], [4, 5, 5, 5, 5, 5, 5, 5, 4], [4, 5, 5, 5, 5, 5, 5, 5, 4], [4, 4, 4, 4, 4, 4, 4, 4, 4]], "output": [[4, 4, 4, 4, 4, 4, 4, 4, 4], [4, 5, 5, 5, 5, 5, 5, 5, 4], [4, 5, 5, 5, 5, 5, 5, 5, 4], [4, 5, 5, 5, 5, 5, 5, 5, 4], [4, 5, 5, 5, 5, 5, 5, 5, 4], [4, 5, 5, 5, 5, 5, 5, 5, 4], [4, 5, 5, 5, 5, 5, 5, 5, 4], [4, 5, 5, 5, 5, 5, 5, 5, 4], [4, 4, 4, 4, 4, 4, 4, 4, 4], [0, 0, 0, 0, 0, 0, 0, 0, 0], [0, 0, 0, 0, 0, 0, 0, 0, 0], [0, 0, 0, 0, 0, 0, 0, 0, 0], [0, 0, 0, 0, 0, 0, 0, 0, 0], [0, 0, 0, 0, 0, 0, 0, 0, 0], [0, 0, 0, 0, 0, 0, 0, 0, 0], [0, 0, 0, 0, 0, 0, 0, 0, 0], [0, 0, 0, 0, 0, 0, 0, 0, 0], [0, 0, 0, 0, 0, 0, 0, 0, 0]]}, {"input": [[6, 6, 6, 6, 6, 6, 6], [6, 3, 3, 3, 3, 3, 6], [6, 3, 3, 3, 3, 3, 6], [6, 3, 3, 3, 3, 3, 6], [6, 3, 3, 3, 3, 3, 6], [6, 3, 3, 3, 3, 3, 6], [6, 6, 6, 6, 6, 6, 6]], "output": [[6, 6, 6, 6, 6, 6, 6], [6, 3, 3, 3, 3, 3, 6], [6, 3, 3, 3, 3, 3, 6], [6, 3, 3, 3, 3, 3, 6], [6, 3, 3, 3, 3, 3, 6], [6, 3, 3, 3, 3, 3, 6], [6, 6, 6, 6, 6, 6, 6], [0, 0, 0, 0, 0, 0, 0], [0, 0, 0, 0, 0, 0, 0], [0, 0, 0, 0, 0, 0, 0], [0, 0, 0, 0, 0, 0, 0], [0, 0, 0, 0, 0, 0, 0], [0, 0, 0, 0, 0, 0, 0], [0, 0, 0, 0, 0, 0, 0]]}, {"input": [[9, 9, 9, 9, 9, 9, 9], [9, 3, 3, 3, 3, 3, 9], [9, 3, 3, 3, 3, 3, 9], [9, 3, 3, 3, 3, 3, 9], [9, 3, 3, 3, 3, 3, 9], [9, 3, 3, 3, 3, 3, 9], [9, 3, 3, 3, 3, 3, 9], [9, 3, 3, 3, 3, 3, 9], [9, 9, 9, 9, 9, 9, 9]], "output": [[9, 9, 9, 9, 9, 9, 9, 9, 9], [9, 3, 3, 3, 3, 3, 9, 9, 3], [9, 3, 3, 3, 3, 3, 9, 9, 3], [9, 3, 3, 3, 3, 3, 9, 9, 3], [9, 3, 3, 3, 3, 3, 9, 9, 3], [9, 3, 3, 3, 3, 3, 9, 9, 3], [9, 3, 3, 3, 3, 3, 9, 9, 3], [9, 3, 3, 3, 3, 3, 9, 9, 3], [9, 9, 9, 9, 9, 9, 9, 9, 9], [0, 0, 0, 0, 0, 0, 0, 0, 0], [0, 0, 0, 0, 0, 0, 0, 0, 0], [0, 0, 0, 0, 0, 0, 0, 0, 0], [0, 0, 0, 0, 0, 0, 0, 0, 0], [0, 0, 0, 0, 0, 0, 0, 0, 0]]}, {"input": [[2, 2, 2, 2, 2, 2, 2, 2, 2], [2, 8, 8, 8, 8, 8, 8, 8, 2], [2, 8, 8, 8, 8, 8, 8, 8, 2], [2, 8, 8, 8, 8, 8, 8, 8, 2], [2, 8, 8, 8, 8, 8, 8, 8, 2], [2, 8, 8, 8, 8, 8, 8, 8, 2], [2, 8, 8, 8, 8, 8, 8, 8, 2], [2, 2, 2, 2, 2, 2, 2, 2, 2]], "output": [[2, 2, 2, 2, 2, 2, 2, 2], [2, 8, 8, 8, 8, 8, 8, 8], [2, 8, 8, 8, 8, 8, 8, 8], [2, 8, 8, 8, 8, 8, 8, 8], [2, 8, 8, 8, 8, 8, 8, 8], [2, 8, 8, 8, 8, 8, 8, 8], [2, 8, 8, 8, 8, 8, 8, 8], [2, 2, 2, 2, 2, 2, 2, 2], [0, 0, 0, 0, 0, 0, 0, 0], [0, 0, 0, 0, 0, 0, 0, 0], [0, 0, 0, 0, 0, 0, 0, 0], [0, 0, 0, 0, 0, 0, 0, 0], [0, 0, 0, 0, 0, 0, 0, 0], [0, 0, 0, 0, 0, 0, 0, 0], [0, 0, 0, 0, 0, 0, 0, 0], [0, 0, 0, 0, 0, 0, 0, 0], [0, 0, 0, 0, 0, 0, 0, 0], [0, 0, 0, 0, 0, 0, 0, 0]]}, {"input": [[1, 1, 1, 1, 1], [1, 9, 9, 9, 1], [1, 9, 9, 9, 1], [1, 9, 9, 9, 1], [1, 9, 9, 9, 1], [1, 9, 9, 9, 1], [1, 9, 9, 9, 1], [1, 1, 1, 1, 1]], "output": [[1, 1, 1, 1, 1, 1, 1, 1], [1, 9, 9, 9, 1, 1, 9, 9], [1, 9, 9, 9, 1, 1, 9, 9], [1, 9, 9, 9, 1, 1, 9, 9], [1, 9, 9, 9, 1, 1, 9, 9], [1, 9, 9, 9, 1, 1, 9, 9], [1, 9, 9, 9, 1, 1, 9, 9], [1, 1, 1, 1, 1, 1, 1, 1], [0, 0, 0, 0, 0, 0, 0, 0], [0, 0, 0, 0, 0, 0, 0, 0]]}, {"input": [[1, 1, 1, 1, 1, 1, 1, 1], [1, 6, 6, 6, 6, 6, 6, 1], [1, 6, 6, 6, 6, 6, 6, 1], [1, 6, 6, 6, 6, 6, 6, 1], [1, 6, 6, 6, 6, 6, 6, 1], [1, 6, 6, 6, 6, 6, 6, 1], [1, 6, 6, 6, 6, 6, 6, 1], [1, 6, 6, 6, 6, 6, 6, 1], [1, 1, 1, 1, 1, 1, 1, 1]], "output": [[1, 1, 1, 1, 1, 1, 1, 1, 1], [1, 6, 6, 6, 6, 6, 6, 1, 1], [1, 6, 6, 6, 6, 6, 6, 1, 1], [1, 6, 6, 6, 6, 6, 6, 1, 1], [1, 6, 6, 6, 6, 6, 6, 1, 1], [1, 6, 6, 6, 6, 6, 6, 1, 1], [1, 6, 6, 6, 6, 6, 6, 1, 1], [1, 6, 6, 6, 6, 6, 6, 1, 1], [1, 1, 1, 1, 1, 1, 1, 1, 1], [0, 0, 0, 0, 0, 0, 0, 0, 0], [0, 0, 0, 0, 0, 0, 0, 0, 0], [0, 0, 0, 0, 0, 0, 0, 0, 0], [0, 0, 0, 0, 0, 0, 0, 0, 0], [0, 0, 0, 0, 0, 0, 0, 0, 0], [0, 0, 0, 0, 0, 0, 0, 0, 0], [0, 0, 0, 0, 0, 0, 0, 0, 0]]}, {"input": [[2, 2, 2, 2, 2, 2, 2, 2, 2], [2, 9, 9, 9, 9, 9, 9, 9, 2], [2, 9, 9, 9, 9, 9, 9, 9, 2], [2, 9, 9, 9, 9, 9, 9, 9, 2], [2, 9, 9, 9, 9, 9, 9, 9, 2], [2, 9, 9, 9, 9, 9, 9, 9, 2], [2, 2, 2, 2, 2, 2, 2, 2, 2]], "output": [[2, 2, 2, 2, 2, 2, 2], [2, 9, 9, 9, 9, 9, 9], [2, 9, 9, 9, 9, 9, 9], [2, 9, 9, 9, 9, 9, 9], [2, 9, 9, 9, 9, 9, 9], [2, 9, 9, 9, 9, 9, 9], [2, 2, 2, 2, 2, 2, 2], [0, 0, 0, 0, 0, 0, 0], [0, 0, 0, 0, 0, 0, 0], [0, 0, 0, 0, 0, 0, 0], [0, 0, 0, 0, 0, 0, 0], [0, 0, 0, 0, 0, 0, 0], [0, 0, 0, 0, 0, 0, 0], [0, 0, 0, 0, 0, 0, 0], [0, 0, 0, 0, 0, 0, 0], [0, 0, 0, 0, 0, 0, 0], [0, 0, 0, 0, 0, 0, 0], [0, 0, 0, 0, 0, 0, 0]]}, {"input": [[8, 8, 8, 8, 8, 8, 8, 8], [8, 7, 7, 7, 7, 7, 7, 8], [8, 7, 7, 7, 7, 7, 7, 8], [8, 7, 7, 7, 7, 7, 7, 8], [8, 7, 7, 7, 7, 7, 7, 8], [8, 7, 7, 7, 7, 7, 7, 8], [8, 7, 7, 7, 7, 7, 7, 8], [8, 7, 7, 7, 7, 7, 7, 8], [8, 8, 8, 8, 8, 8, 8, 8]], "output": [[8, 8, 8, 8, 8, 8, 8, 8, 8], [8, 7, 7, 7, 7, 7, 7, 8, 8], [8, 7, 7, 7, 7, 7, 7, 8, 8], [8, 7, 7, 7, 7, 7, 7, 8, 8], [8, 7, 7, 7, 7, 7, 7, 8, 8], [8, 7, 7, 7, 7, 7, 7, 8, 8], [8, 7, 7, 7, 7, 7, 7, 8, 8], [8, 7, 7, 7, 7, 7, 7, 8, 8], [8, 8, 8, 8, 8, 8, 8, 8, 8], [0, 0, 0, 0, 0, 0, 0, 0, 0], [0, 0, 0, 0, 0, 0, 0, 0, 0], [0, 0, 0, 0, 0, 0, 0, 0, 0], [0, 0, 0, 0, 0, 0, 0, 0, 0], [0, 0, 0, 0, 0, 0, 0, 0, 0], [0, 0, 0, 0, 0, 0, 0, 0, 0], [0, 0, 0, 0, 0, 0, 0, 0, 0]]}, {"input": [[3, 3, 3, 3, 3], [3, 8, 8, 8, 3], [3, 8, 8, 8, 3], [3, 8, 8, 8, 3], [3, 8, 8, 8, 3], [3, 8, 8, 8, 3], [3, 3, 3, 3, 3]], "output": [[3, 3, 3, 3, 3, 3, 3], [3, 8, 8, 8, 3, 3, 8], [3, 8, 8, 8, 3, 3, 8], [3, 8, 8, 8, 3, 3, 8], [3, 8, 8, 8, 3, 3, 8], [3, 8, 8, 8, 3, 3, 8], [3, 3, 3, 3, 3, 3, 3], [0, 0, 0, 0, 0, 0, 0], [0, 0, 0, 0, 0, 0, 0], [0, 0, 0, 0, 0, 0, 0]]}, {"input": [[7, 7, 7, 7, 7, 7, 7, 7], [7, 4, 4, 4, 4, 4, 4, 7], [7, 4, 4, 4, 4, 4, 4, 7], [7, 4, 4, 4, 4, 4, 4, 7], [7, 4, 4, 4, 4, 4, 4, 7], [7, 4, 4, 4, 4, 4, 4, 7], [7, 4, 4, 4, 4, 4, 4, 7], [7, 7, 7, 7, 7, 7, 7, 7]], "output": [[7, 7, 7, 7, 7, 7, 7, 7], [7, 4, 4, 4, 4, 4, 4, 7], [7, 4, 4, 4, 4, 4, 4, 7], [7, 4, 4, 4, 4, 4, 4, 7], [7, 4, 4, 4, 4, 4, 4, 7], [7, 4, 4, 4, 4, 4, 4, 7], [7, 4, 4, 4, 4, 4, 4, 7], [7, 7, 7, 7, 7, 7, 7, 7], [0, 0, 0, 0, 0, 0, 0, 0], [0, 0, 0, 0, 0, 0, 0, 0], [0, 0, 0, 0, 0, 0, 0, 0], [0, 0, 0, 0, 0, 0, 0, 0], [0, 0, 0, 0, 0, 0, 0, 0], [0, 0, 0, 0, 0, 0, 0, 0], [0, 0, 0, 0, 0, 0, 0, 0], [0, 0, 0, 0, 0, 0, 0, 0]]}, {"input": [[8, 8, 8, 8, 8], [8, 6, 6, 6, 8], [8, 6, 6, 6, 8], [8, 6, 6, 6, 8], [8, 6, 6, 6, 8], [8, 8, 8, 8, 8]], "output": [[8, 8, 8, 8, 8, 8], [8, 6, 6, 6, 8, 8], [8, 6, 6, 6, 8, 8], [8, 6, 6, 6, 8, 8], [8, 6, 6, 6, 8, 8], [8, 8, 8, 8, 8, 8], [0, 0, 0, 0, 0, 0], [0, 0, 0, 0, 0, 0], [0, 0, 0, 0, 0, 0], [0, 0, 0, 0, 0, 0]]}, {"input": [[3, 3, 3, 3, 3, 3, 3], [3, 7, 7, 7, 7, 7, 3], [3, 7, 7, 7, 7, 7, 3], [3, 7, 7, 7, 7, 7, 3], [3, 7, 7, 7, 7, 7, 3], [3, 7, 7, 7, 7, 7, 3], [3, 7, 7, 7, 7, 7, 3], [3, 7, 7, 7, 7, 7, 3], [3, 3, 3, 3, 3, 3, 3]], "output": [[3, 3, 3, 3, 3, 3, 3, 3, 3], [3, 7, 7, 7, 7, 7, 3, 3, 7], [3, 7, 7, 7, 7, 7, 3, 3, 7], [3, 7, 7, 7, 7, 7, 3, 3, 7], [3, 7, 7, 7, 7, 7, 3, 3, 7], [3, 7, 7, 7, 7, 7, 3, 3, 7], [3, 7, 7, 7, 7, 7, 3, 3, 7], [3, 7, 7, 7, 7, 7, 3, 3, 7], [3, 3, 3, 3, 3, 3, 3, 3, 3], [0, 0, 0, 0, 0, 0, 0, 0, 0], [0, 0, 0, 0, 0, 0, 0, 0, 0], [0, 0, 0, 0, 0, 0, 0, 0, 0], [0, 0, 0, 0, 0, 0, 0, 0, 0], [0, 0, 0, 0, 0, 0, 0, 0, 0]]}, {"input": [[8, 8, 8, 8, 8, 8], [8, 3, 3, 3, 3, 8], [8, 3, 3, 3, 3, 8], [8, 3, 3, 3, 3, 8], [8, 3, 3, 3, 3, 8], [8, 3, 3, 3, 3, 8], [8, 3, 3, 3, 3, 8], [8, 8, 8, 8, 8, 8]], "output": [[8, 8, 8, 8, 8, 8, 8, 8], [8, 3, 3, 3, 3, 8, 8, 3], [8, 3, 3, 3, 3, 8, 8, 3], [8, 3, 3, 3, 3, 8, 8, 3], [8, 3, 3, 3, 3, 8, 8, 3], [8, 3, 3, 3, 3, 8, 8, 3], [8, 3, 3, 3, 3, 8, 8, 3], [8, 8, 8, 8, 8, 8, 8, 8], [0, 0, 0, 0, 0, 0, 0, 0], [0, 0, 0, 0, 0, 0, 0, 0], [0, 0, 0, 0, 0, 0, 0, 0], [0, 0, 0, 0, 0, 0, 0, 0]]}, {"input": [[6, 6, 6, 6, 6], [6, 4, 4, 4, 6], [6, 4, 4, 4, 6], [6, 4, 4, 4, 6], [6, 4, 4, 4, 6], [6, 4, 4, 4, 6], [6, 4, 4, 4, 6], [6, 6, 6, 6, 6]], "output": [[6, 6, 6, 6, 6, 6, 6, 6], [6, 4, 4, 4, 6, 6, 4, 4], [6, 4, 4, 4, 6, 6, 4, 4], [6, 4, 4, 4, 6, 6, 4, 4], [6, 4, 4, 4, 6, 6, 4, 4], [6, 4, 4, 4, 6, 6, 4, 4], [6, 4, 4, 4, 6, 6, 4, 4], [6, 6, 6, 6, 6, 6, 6, 6], [0, 0, 0, 0, 0, 0, 0, 0], [0, 0, 0, 0, 0, 0, 0, 0]]}, {"input": [[8, 8, 8, 8, 8, 8, 8, 8], [8, 3, 3, 3, 3, 3, 3, 8], [8, 3, 3, 3, 3, 3, 3, 8], [8, 3, 3, 3, 3, 3, 3, 8], [8, 3, 3, 3, 3, 3, 3, 8], [8, 8, 8, 8, 8, 8, 8, 8]], "output": [[8, 8, 8, 8, 8, 8], [8, 3, 3, 3, 3, 3], [8, 3, 3, 3, 3, 3], [8, 3, 3, 3, 3, 3], [8, 3, 3, 3, 3, 3], [8, 8, 8, 8, 8, 8], [0, 0, 0, 0, 0, 0], [0, 0, 0, 0, 0, 0], [0, 0, 0, 0, 0, 0], [0, 0, 0, 0, 0, 0], [0, 0, 0, 0, 0, 0], [0, 0, 0, 0, 0, 0], [0, 0, 0, 0, 0, 0], [0, 0, 0, 0, 0, 0], [0, 0, 0, 0, 0, 0], [0, 0, 0, 0, 0, 0]]}, {"input": [[5, 5, 5, 5, 5, 5, 5, 5], [5, 9, 9, 9, 9, 9, 9, 5], [5, 9, 9, 9, 9, 9, 9, 5], [5, 9, 9, 9, 9, 9, 9, 5], [5, 9, 9, 9, 9, 9, 9, 5], [5, 9, 9, 9, 9, 9, 9, 5], [5, 5, 5, 5, 5, 5, 5, 5]], "output": [[5, 5, 5, 5, 5, 5, 5], [5, 9, 9, 9, 9, 9, 9], [5, 9, 9, 9, 9, 9, 9], [5, 9, 9, 9, 9, 9, 9], [5, 9, 9, 9, 9, 9, 9], [5, 9, 9, 9, 9, 9, 9], [5, 5, 5, 5, 5, 5, 5], [0, 0, 0, 0, 0, 0, 0], [0, 0, 0, 0, 0, 0, 0], [0, 0, 0, 0, 0, 0, 0], [0, 0, 0, 0, 0, 0, 0], [0, 0, 0, 0, 0, 0, 0], [0, 0, 0, 0, 0, 0, 0], [0, 0, 0, 0, 0, 0, 0], [0, 0, 0, 0, 0, 0, 0], [0, 0, 0, 0, 0, 0, 0]]}, {"input": [[4, 4, 4, 4, 4, 4, 4, 4, 4], [4, 9, 9, 9, 9, 9, 9, 9, 4], [4, 9, 9, 9, 9, 9, 9, 9, 4], [4, 9, 9, 9, 9, 9, 9, 9, 4], [4, 9, 9, 9, 9, 9, 9, 9, 4], [4, 4, 4, 4, 4, 4, 4, 4, 4]], "output": [[4, 4, 4, 4, 4, 4], [4, 9, 9, 9, 9, 9], [4, 9, 9, 9, 9, 9], [4, 9, 9, 9, 9, 9], [4, 9, 9, 9, 9, 9], [4, 4, 4, 4, 4, 4], [0, 0, 0, 0, 0, 0], [0, 0, 0, 0, 0, 0], [0, 0, 0, 0, 0, 0], [0, 0, 0, 0, 0, 0], [0, 0, 0, 0, 0, 0], [0, 0, 0, 0, 0, 0], [0, 0, 0, 0, 0, 0], [0, 0, 0, 0, 0, 0], [0, 0, 0, 0, 0, 0], [0, 0, 0, 0, 0, 0], [0, 0, 0, 0, 0, 0], [0, 0, 0, 0, 0, 0]]}, {"input": [[9, 9, 9, 9, 9, 9], [9, 1, 1, 1, 1, 9], [9, 1, 1, 1, 1, 9], [9, 1, 1, 1, 1, 9], [9, 9, 9, 9, 9, 9]], "output": [[9, 9, 9, 9, 9], [9, 1, 1, 1, 1], [9, 1, 1, 1, 1], [9, 1, 1, 1, 1], [9, 9, 9, 9, 9], [0, 0, 0, 0, 0], [0, 0, 0, 0, 0], [0, 0, 0, 0, 0], [0, 0, 0, 0, 0], [0, 0, 0, 0, 0], [0, 0, 0, 0, 0], [0, 0, 0, 0, 0]]}, {"input": [[2, 2, 2, 2, 2, 2, 2, 2, 2], [2, 3, 3, 3, 3, 3, 3, 3, 2], [2, 3, 3, 3, 3, 3, 3, 3, 2], [2, 3, 3, 3, 3, 3, 3, 3, 2], [2, 3, 3, 3, 3, 3, 3, 3, 2], [2, 3, 3, 3, 3, 3, 3, 3, 2], [2, 3, 3, 3, 3, 3, 3, 3, 2], [2, 3, 3, 3, 3, 3, 3, 3, 2], [2, 2, 2, 2, 2, 2, 2, 2, 2]], "output": [[2, 2, 2, 2, 2, 2, 2, 2, 2], [2, 3, 3, 3, 3, 3, 3, 3, 2], [2, 3, 3, 3, 3, 3, 3, 3, 2], [2, 3, 3, 3, 3, 3, 3, 3, 2], [2, 3, 3, 3, 3, 3, 3, 3, 2], [2, 3, 3, 3, 3, 3, 3, 3, 2], [2, 3, 3, 3, 3, 3, 3, 3, 2], [2, 3, 3, 3, 3, 3, 3, 3, 2], [2, 2, 2, 2, 2, 2, 2, 2, 2], [0, 0, 0, 0, 0, 0, 0, 0, 0], [0, 0, 0, 0, 0, 0, 0, 0, 0], [0, 0, 0, 0, 0, 0, 0, 0, 0], [0, 0, 0, 0, 0, 0, 0, 0, 0], [0, 0, 0, 0, 0, 0, 0, 0, 0], [0, 0, 0, 0, 0, 0, 0, 0, 0], [0, 0, 0, 0, 0, 0, 0, 0, 0], [0, 0, 0, 0, 0, 0, 0, 0, 0], [0, 0, 0, 0, 0, 0, 0, 0, 0]]}, {"input": [[6, 6, 6, 6, 6], [6, 7, 7, 7, 6], [6, 7, 7, 7, 6], [6, 7, 7, 7, 6], [6, 7, 7, 7, 6], [6, 7, 7, 7, 6], [6, 6, 6, 6, 6]], "output": [[6, 6, 6, 6, 6, 6, 6], [6, 7, 7, 7, 6, 6, 7], [6, 7, 7, 7, 6, 6, 7], [6, 7, 7, 7, 6, 6, 7], [6, 7, 7, 7, 6, 6, 7], [6, 7, 7, 7, 6, 6, 7], [6, 6, 6, 6, 6, 6, 6], [0, 0, 0, 0, 0, 0, 0], [0, 0, 0, 0, 0, 0, 0], [0, 0, 0, 0, 0, 0, 0]]}, {"input": [[2, 2, 2, 2, 2, 2, 2, 2, 2], [2, 4, 4, 4, 4, 4, 4, 4, 2], [2, 4, 4, 4, 4, 4, 4, 4, 2], [2, 4, 4, 4, 4, 4, 4, 4, 2], [2, 2, 2, 2, 2, 2, 2, 2, 2]], "output": [[2, 2, 2, 2, 2], [2, 4, 4, 4, 4], [2, 4, 4, 4, 4], [2, 4, 4, 4, 4], [2, 2, 2, 2, 2], [0, 0, 0, 0, 0], [0, 0, 0, 0, 0], [0, 0, 0, 0, 0], [0, 0, 0, 0, 0], [0, 0, 0, 0, 0], [0, 0, 0, 0, 0], [0, 0, 0, 0, 0], [0, 0, 0, 0, 0], [0, 0, 0, 0, 0], [0, 0, 0, 0, 0], [0, 0, 0, 0, 0], [0, 0, 0, 0, 0], [0, 0, 0, 0, 0]]}], "test": [{"input": [[7, 7, 7, 7, 7, 7, 7, 7], [7, 1, 1, 1, 1, 1, 1, 7], [7, 1, 1, 1, 1, 1, 1, 7], [7, 1, 1, 1, 1, 1, 1, 7], [7, 1, 1, 1, 1, 1, 1, 7], [7, 7, 7, 7, 7, 7, 7, 7]], "output": [[7, 7, 7, 7, 7, 7], [7, 1, 1, 1, 1, 1], [7, 1, 1, 1, 1, 1], [7, 1, 1, 1, 1, 1], [7, 1, 1, 1, 1, 1], [7, 7, 7, 7, 7, 7], [0, 0, 0, 0, 0, 0], [0, 0, 0, 0, 0, 0], [0, 0, 0, 0, 0, 0], [0, 0, 0, 0, 0, 0], [0, 0, 0, 0, 0, 0], [0, 0, 0, 0, 0, 0], [0, 0, 0, 0, 0, 0], [0, 0, 0, 0, 0, 0], [0, 0, 0, 0, 0, 0], [0, 0, 0, 0, 0, 0]]}, {"input": [[7, 7, 7, 7, 7, 7, 7, 7], [7, 1, 1, 1, 1, 1, 1, 7], [7, 1, 1, 1, 1, 1, 1, 7], [7, 1, 1, 1, 1, 1, 1, 7], [7, 1, 1, 1, 1, 1, 1, 7], [7, 1, 1, 1, 1, 1, 1, 7], [7, 1, 1, 1, 1, 1, 1, 7], [7, 7, 7, 7, 7, 7, 7, 7]], "output": [[7, 7, 7, 7, 7, 7, 7, 7], [7, 1, 1, 1, 1, 1, 1, 7], [7, 1, 1, 1, 1, 1, 1, 7], [7, 1, 1, 1, 1, 1, 1, 7], [7, 1, 1, 1, 1, 1, 1, 7], [7, 1, 1, 1, 1, 1, 1, 7], [7, 1, 1, 1, 1, 1, 1, 7], [7, 7, 7, 7, 7, 7, 7, 7], [0, 0, 0, 0, 0, 0, 0, 0], [0, 0, 0, 0, 0, 0, 0, 0], [0, 0, 0, 0, 0, 0, 0, 0], [0, 0, 0, 0, 0, 0, 0, 0], [0, 0, 0, 0, 0, 0, 0, 0], [0, 0, 0, 0, 0, 0, 0, 0], [0, 0, 0, 0, 0, 0, 0, 0], [0, 0, 0, 0, 0, 0, 0, 0]]}, {"input": [[4, 4, 4, 4, 4, 4, 4, 4], [4, 9, 9, 9, 9, 9, 9, 4], [4, 9, 9, 9, 9, 9, 9, 4], [4, 9, 9, 9, 9, 9, 9, 4], [4, 9, 9, 9, 9, 9, 9, 4], [4, 9, 9, 9, 9, 9, 9, 4], [4, 9, 9, 9, 9, 9, 9, 4], [4, 4, 4, 4, 4, 4, 4, 4]], "output": [[4, 4, 4, 4, 4, 4, 4, 4], [4, 9, 9, 9, 9, 9, 9, 4], [4, 9, 9, 9, 9, 9, 9, 4], [4, 9, 9, 9, 9, 9, 9, 4], [4, 9, 9, 9, 9, 9, 9, 4], [4, 9, 9, 9, 9, 9, 9, 4], [4, 9, 9, 9, 9, 9, 9, 4], [4, 4, 4, 4, 4, 4, 4, 4], [0, 0, 0, 0, 0, 0, 0, 0], [0, 0, 0, 0, 0, 0, 0, 0], [0, 0, 0, 0, 0, 0, 0, 0], [0, 0, 0, 0, 0, 0, 0, 0], [0, 0, 0, 0, 0, 0, 0, 0], [0, 0, 0, 0, 0, 0, 0, 0], [0, 0, 0, 0, 0, 0, 0, 0], [0, 0, 0, 0, 0, 0, 0, 0]]}]}