{"train": [{"input": [[0, 0, 0, 0, 0, 0, 0, 0, 0, 0], [0, 0, 0, 0, 0, 0, 0, 0, 0, 0], [0, 0, 0, 0, 9, 6, 0, 0, 0, 0], [0, 0, 8, 0, 0, 0, 0, 4, 0, 0], [0, 0, 5, 0, 0, 0, 0, 0, 0, 0], [0, 0, 0, 0, 0, 0, 0, 0, 0, 0], [0, 0, 0, 0, 0, 0, 0, 7, 0, 0], [0, 0, 0, 0, 0, 0, 8, 0, 0, 0], [0, 0, 0, 0, 9, 4, 0, 0, 0, 0], [0, 0, 0, 0, 0, 0, 0, 0, 0, 0]], "output": [[0, 0, 0, 0, 0, 0, 0, 0, 0, 0], [0, 0, 4, 9, 0, 7, 0, 0, 0, 0], [0, 8, 0, 0, 9, 6, 8, 0, 0, 0], [7, 6, 8, 0, 5, 8, 0, 4, 0, 0], [0, 9, 5, 0, 0, 0, 0, 9, 0, 0], [9, 0, 0, 0, 0, 5, 9, 0, 0, 0], [4, 0, 8, 5, 0, 8, 6, 7, 0, 0], [0, 8, 6, 9, 0, 0, 8, 0, 0, 0], [0, 0, 7, 0, 9, 4, 0, 0, 0, 0], [0, 0, 0, 0, 0, 0, 0, 0, 0, 0]]}, {"input": [[0, 0, 0, 0, 0, 0, 0, 0, 0, 0], [0, 0, 0, 0, 0, 0, 0, 0, 0, 0], [0, 0, 0, 0, 8, 0, 0, 0, 0, 0], [0, 0, 0, 0, 0, 0, 0, 4, 0, 0], [0, 0, 0, 0, 0, 0, 0, 5, 0, 0], [0, 0, 0, 0, 0, 0, 0, 0, 0, 0], [0, 0, 1, 0, 0, 0, 0, 8, 0, 0], [0, 0, 0, 0, 0, 0, 0, 0, 0, 0], [0, 0, 0, 0, 3, 0, 0, 0, 0, 0], [0, 0, 0, 0, 0, 0, 0, 0, 0, 0]], "output": [[0, 0, 0, 0, 0, 0, 0, 0, 0, 0], [0, 0, 0, 0, 0, 0, 0, 0, 0, 0], [0, 4, 5, 0, 8, 0, 0, 0, 0, 0], [0, 0, 0, 3, 0, 0, 0, 4, 0, 0], [0, 0, 0, 1, 0, 0, 0, 5, 0, 0], [8, 0, 0, 0, 0, 1, 3, 0, 0, 0], [0, 3, 1, 0, 0, 0, 0, 8, 0, 0], [5, 0, 0, 0, 1, 0, 0, 0, 0, 0], [4, 0, 0, 0, 3, 0, 0, 0, 0, 0], [0, 0, 0, 8, 0, 5, 4, 0, 0, 0]]}, {"input": [[0, 0, 0, 0, 0, 0, 0, 0, 0, 0], [0, 0, 0, 0, 0, 0, 0, 0, 0, 0], [0, 0, 0, 0, 4, 8, 0, 0, 0, 0], [0, 0, 0, 0, 0, 0, 0, 6, 0, 0], [0, 0, 8, 0, 0, 0, 0, 0, 0, 0], [0, 0, 0, 0, 0, 0, 0, 0, 0, 0], [0, 0, 0, 0, 0, 0, 0, 6, 0, 0], [0, 0, 0, 6, 0, 0, 0, 0, 0, 0], [0, 0, 0, 0, 4, 6, 0, 0, 0, 0], [0, 0, 0, 0, 0, 0, 0, 0, 0, 0]], "output": [[0, 0, 0, 0, 0, 0, 0, 0, 0, 0], [0, 0, 0, 0, 6, 4, 0, 0, 0, 0], [0, 0, 0, 6, 4, 8, 6, 0, 0, 0], [0, 0, 6, 0, 0, 0, 0, 6, 0, 0], [0, 4, 8, 0, 0, 0, 0, 4, 6, 0], [0, 6, 4, 0, 0, 0, 0, 8, 4, 0], [0, 0, 6, 0, 0, 0, 0, 6, 0, 0], [0, 0, 0, 6, 8, 4, 6, 0, 0, 0], [0, 0, 0, 0, 4, 6, 0, 0, 0, 0], [0, 0, 0, 0, 0, 0, 0, 0, 0, 0]]}, {"input": [[0, 0, 0, 0, 0, 0, 0, 0, 0, 0], [0, 0, 0, 0, 0, 0, 0, 0, 0, 0], [0, 0, 0, 0, 8, 0, 0, 0, 0, 0], [0, 0, 7, 0, 0, 0, 0, 8, 0, 0], [0, 0, 0, 0, 0, 0, 0, 4, 0, 0], [0, 0, 0, 0, 0, 0, 0, 0, 0, 0], [0, 0, 2, 0, 0, 0, 0, 0, 0, 0], [0, 0, 0, 3, 0, 0, 5, 0, 0, 0], [0, 0, 0, 0, 6, 2, 0, 0, 0, 0], [0, 0, 0, 0, 0, 0, 0, 0, 0, 0]], "output": [[0, 0, 0, 0, 0, 2, 6, 0, 0, 0], [0, 0, 0, 2, 5, 0, 7, 3, 0, 0], [0, 0, 3, 0, 8, 4, 0, 0, 2, 0], [0, 6, 7, 0, 0, 0, 0, 8, 5, 0], [0, 2, 0, 4, 0, 0, 0, 4, 0, 2], [0, 0, 5, 8, 0, 0, 0, 0, 7, 6], [0, 0, 2, 0, 0, 4, 8, 0, 3, 0], [0, 0, 0, 3, 7, 0, 5, 2, 0, 0], [0, 0, 0, 0, 6, 2, 0, 0, 0, 0], [0, 0, 0, 0, 0, 0, 0, 0, 0, 0]]}, {"input": [[0, 0, 0, 0, 0, 0, 0, 0, 0, 0], [0, 0, 0, 0, 0, 0, 0, 0, 0, 0], [0, 0, 0, 0, 0, 5, 0, 0, 0, 0], [0, 0, 3, 0, 0, 0, 0, 1, 0, 0], [0, 0, 9, 0, 0, 0, 0, 5, 0, 0], [0, 0, 0, 0, 0, 0, 0, 0, 0, 0], [0, 0, 7, 0, 0, 0, 0, 4, 0, 0], [0, 0, 0, 9, 0, 0, 0, 0, 0, 0], [0, 0, 0, 0, 8, 1, 0, 0, 0, 0], [0, 0, 0, 0, 0, 0, 0, 0, 0, 0]], "output": [[0, 0, 0, 0, 0, 1, 8, 0, 0, 0], [0, 0, 0, 7, 0, 9, 3, 9, 0, 0], [0, 0, 9, 4, 1, 5, 0, 4, 7, 0], [0, 8, 3, 0, 0, 0, 0, 1, 0, 0], [0, 1, 9, 5, 0, 0, 0, 5, 9, 1], [0, 0, 0, 1, 0, 0, 0, 0, 3, 8], [0, 0, 7, 4, 0, 5, 1, 4, 9, 0], [0, 0, 0, 9, 3, 9, 0, 7, 0, 0], [0, 0, 0, 0, 8, 1, 0, 0, 0, 0], [0, 0, 0, 0, 0, 0, 0, 0, 0, 0]]}, {"input": [[0, 0, 0, 0, 0, 0, 0, 0, 0, 0], [0, 0, 0, 0, 0, 0, 0, 0, 0, 0], [0, 0, 0, 0, 9, 6, 0, 0, 0, 0], [0, 0, 6, 0, 0, 0, 0, 6, 0, 0], [0, 0, 9, 0, 0, 0, 0, 7, 0, 0], [0, 0, 0, 0, 0, 0, 0, 0, 0, 0], [0, 0, 5, 0, 0, 0, 0, 5, 0, 0], [0, 0, 0, 5, 0, 0, 7, 0, 0, 0], [0, 0, 0, 0, 9, 0, 0, 0, 0, 0], [0, 0, 0, 0, 0, 0, 0, 0, 0, 0]], "output": [[0, 0, 0, 0, 9, 0, 0, 0, 0, 0], [0, 0, 7, 6, 7, 5, 5, 0, 0, 0], [0, 5, 5, 0, 9, 6, 5, 7, 0, 0], [0, 5, 6, 0, 0, 0, 0, 6, 0, 0], [9, 7, 9, 0, 0, 0, 9, 7, 9, 0], [0, 6, 0, 0, 0, 0, 6, 5, 0, 0], [0, 7, 5, 6, 9, 0, 5, 5, 0, 0], [0, 0, 5, 5, 7, 6, 7, 0, 0, 0], [0, 0, 0, 0, 9, 0, 0, 0, 0, 0], [0, 0, 0, 0, 0, 0, 0, 0, 0, 0]]}], "test": [{"input": [[0, 0, 0, 0, 0, 0, 0, 0, 0, 0], [0, 0, 0, 0, 0, 0, 0, 0, 0, 0], [0, 0, 0, 0, 5, 1, 0, 0, 0, 0], [0, 0, 5, 0, 0, 0, 0, 9, 0, 0], [0, 0, 9, 0, 0, 0, 0, 7, 0, 0], [0, 0, 0, 0, 0, 0, 0, 0, 0, 0], [0, 0, 9, 0, 0, 0, 0, 0, 0, 0], [0, 0, 0, 9, 0, 0, 0, 0, 0, 0], [0, 0, 0, 0, 3, 3, 0, 0, 0, 0], [0, 0, 0, 0, 0, 0, 0, 0, 0, 0]], "output": [[0, 0, 0, 0, 0, 0, 0, 0, 0, 0], [0, 9, 7, 0, 0, 0, 0, 0, 0, 0], [0, 3, 3, 0, 5, 1, 0, 0, 0, 0], [1, 0, 5, 9, 0, 0, 3, 9, 0, 0], [5, 0, 9, 0, 9, 5, 3, 7, 0, 0], [0, 9, 0, 0, 0, 9, 0, 0, 0, 0], [3, 5, 9, 0, 9, 0, 5, 0, 0, 7], [3, 0, 0, 9, 5, 0, 1, 0, 0, 9], [0, 1, 5, 0, 3, 3, 0, 0, 0, 0], [0, 0, 0, 0, 7, 9, 0, 0, 0, 0]]}]}