{"train": [{"input": [[0, 7, 7, 0, 7, 7, 0, 0, 0, 0], [0, 1, 7, 7, 7, 1, 9, 5, 0, 0], [0, 0, 0, 0, 0, 9, 9, 5, 0, 0], [0, 0, 0, 0, 9, 9, 9, 9, 0, 0], [0, 0, 0, 0, 5, 5, 9, 8, 0, 0], [0, 0, 0, 0, 0, 0, 0, 0, 0, 0], [0, 2, 7, 1, 7, 0, 0, 0, 0, 0], [0, 2, 7, 1, 7, 0, 0, 0, 0, 0], [0, 2, 0, 0, 0, 0, 0, 0, 0, 0], [0, 0, 0, 0, 0, 0, 0, 0, 0, 0]], "output": [[0, 3, 3, 0, 3, 3, 0, 0, 0, 0], [0, 4, 3, 3, 3, 4, 3, 4, 0, 0], [0, 0, 0, 0, 0, 3, 3, 4, 0, 0], [0, 0, 0, 0, 3, 3, 3, 3, 0, 0], [0, 0, 0, 0, 4, 4, 3, 4, 0, 0], [0, 0, 0, 0, 0, 0, 0, 0, 0, 0], [0, 4, 4, 4, 4, 0, 0, 0, 0, 0], [0, 4, 4, 4, 4, 0, 0, 0, 0, 0], [0, 4, 0, 0, 0, 0, 0, 0, 0, 0], [0, 0, 0, 0, 0, 0, 0, 0, 0, 0]]}, {"input": [[0, 0, 0, 0, 0, 0, 9, 9, 0, 1], [0, 0, 0, 0, 0, 9, 9, 9, 9, 1], [0, 0, 0, 0, 0, 9, 9, 9, 9, 1], [0, 0, 0, 0, 0, 5, 1, 0, 0, 0], [0, 5, 4, 4, 5, 3, 1, 0, 0, 0], [0, 0, 0, 0, 0, 5, 1, 0, 4, 0], [0, 0, 0, 0, 0, 0, 0, 8, 8, 0], [0, 0, 0, 0, 0, 0, 0, 8, 5, 0], [0, 0, 0, 0, 0, 0, 0, 8, 8, 0], [0, 0, 0, 0, 0, 0, 0, 0, 4, 0]], "output": [[0, 0, 0, 0, 0, 0, 3, 3, 0, 4], [0, 0, 0, 0, 0, 3, 3, 3, 3, 4], [0, 0, 0, 0, 0, 3, 3, 3, 3, 4], [0, 0, 0, 0, 0, 4, 4, 0, 0, 0], [0, 4, 4, 4, 4, 4, 4, 0, 0, 0], [0, 0, 0, 0, 0, 4, 4, 0, 4, 0], [0, 0, 0, 0, 0, 0, 0, 3, 3, 0], [0, 0, 0, 0, 0, 0, 0, 3, 4, 0], [0, 0, 0, 0, 0, 0, 0, 3, 3, 0], [0, 0, 0, 0, 0, 0, 0, 0, 4, 0]]}, {"input": [[0, 8, 8, 2, 8, 0, 0, 0, 0, 0], [0, 2, 8, 8, 8, 0, 7, 3, 7, 0], [0, 8, 8, 8, 2, 1, 7, 3, 7, 1], [0, 8, 2, 8, 8, 0, 2, 0, 0, 0], [0, 0, 0, 0, 0, 0, 2, 0, 0, 0], [0, 0, 0, 0, 0, 0, 2, 0, 0, 0], [4, 0, 0, 0, 0, 0, 8, 0, 0, 0], [4, 0, 0, 0, 0, 0, 8, 0, 5, 5], [4, 0, 0, 0, 0, 0, 0, 0, 1, 1], [0, 0, 0, 0, 0, 0, 0, 0, 5, 5]], "output": [[0, 1, 1, 4, 1, 0, 0, 0, 0, 0], [0, 4, 1, 1, 1, 0, 4, 4, 4, 0], [0, 1, 1, 1, 4, 4, 4, 4, 4, 4], [0, 1, 4, 1, 1, 0, 4, 0, 0, 0], [0, 0, 0, 0, 0, 0, 4, 0, 0, 0], [0, 0, 0, 0, 0, 0, 4, 0, 0, 0], [4, 0, 0, 0, 0, 0, 4, 0, 0, 0], [4, 0, 0, 0, 0, 0, 4, 0, 4, 4], [4, 0, 0, 0, 0, 0, 0, 0, 4, 4], [0, 0, 0, 0, 0, 0, 0, 0, 4, 4]]}, {"input": [[0, 0, 0, 0, 0, 0, 0, 0, 0, 0], [0, 0, 0, 0, 0, 0, 0, 0, 0, 0], [0, 0, 1, 0, 0, 0, 0, 0, 0, 0], [0, 0, 1, 0, 0, 1, 1, 0, 0, 0], [0, 0, 4, 0, 0, 7, 1, 7, 1, 0], [0, 0, 0, 0, 1, 1, 4, 1, 1, 0], [0, 0, 0, 0, 1, 7, 1, 7, 0, 0], [0, 0, 0, 0, 0, 0, 1, 1, 0, 0], [0, 1, 8, 0, 8, 1, 0, 0, 0, 0], [0, 1, 8, 8, 8, 1, 0, 0, 0, 0]], "output": [[0, 0, 0, 0, 0, 0, 0, 0, 0, 0], [0, 0, 0, 0, 0, 0, 0, 0, 0, 0], [0, 0, 4, 0, 0, 0, 0, 0, 0, 0], [0, 0, 4, 0, 0, 4, 4, 0, 0, 0], [0, 0, 4, 0, 0, 4, 4, 4, 4, 0], [0, 0, 0, 0, 4, 4, 4, 4, 4, 0], [0, 0, 0, 0, 4, 4, 4, 4, 0, 0], [0, 0, 0, 0, 0, 0, 4, 4, 0, 0], [0, 4, 3, 0, 3, 4, 0, 0, 0, 0], [0, 4, 3, 3, 3, 4, 0, 0, 0, 0]]}, {"input": [[0, 0, 0, 0, 0, 0, 0, 0, 0, 0], [7, 8, 7, 0, 0, 4, 4, 0, 0, 0], [4, 0, 4, 0, 4, 4, 4, 4, 0, 0], [4, 1, 4, 0, 0, 0, 0, 0, 0, 0], [4, 0, 4, 0, 0, 0, 3, 3, 4, 4], [0, 0, 0, 2, 0, 0, 3, 3, 4, 0], [0, 0, 0, 7, 0, 0, 0, 0, 4, 0], [0, 0, 0, 3, 0, 0, 3, 3, 4, 0], [0, 0, 0, 7, 0, 0, 3, 3, 4, 4], [0, 0, 0, 2, 0, 0, 0, 0, 0, 0]], "output": [[0, 0, 0, 0, 0, 0, 0, 0, 0, 0], [4, 4, 4, 0, 0, 3, 3, 0, 0, 0], [4, 0, 4, 0, 3, 3, 3, 3, 0, 0], [4, 4, 4, 0, 0, 0, 0, 0, 0, 0], [4, 0, 4, 0, 0, 0, 4, 4, 3, 3], [0, 0, 0, 4, 0, 0, 4, 4, 3, 0], [0, 0, 0, 4, 0, 0, 0, 0, 3, 0], [0, 0, 0, 4, 0, 0, 4, 4, 3, 0], [0, 0, 0, 4, 0, 0, 4, 4, 3, 3], [0, 0, 0, 4, 0, 0, 0, 0, 0, 0]]}, {"input": [[0, 0, 0, 0, 0, 0, 0, 0, 0, 0], [3, 0, 0, 0, 3, 2, 5, 0, 0, 5], [9, 4, 8, 4, 9, 2, 9, 1, 1, 9], [3, 4, 4, 4, 3, 2, 0, 6, 6, 0], [0, 0, 8, 0, 0, 2, 0, 0, 0, 0], [0, 0, 1, 0, 0, 7, 0, 0, 0, 0], [0, 0, 1, 0, 0, 0, 0, 0, 0, 0], [0, 0, 0, 0, 0, 0, 0, 0, 7, 0], [0, 0, 0, 0, 0, 7, 7, 0, 1, 1], [0, 0, 0, 0, 0, 7, 7, 0, 0, 1]], "output": [[0, 0, 0, 0, 0, 0, 0, 0, 0, 0], [4, 0, 0, 0, 4, 4, 4, 0, 0, 4], [4, 3, 4, 3, 4, 4, 4, 4, 4, 4], [4, 3, 3, 3, 4, 4, 0, 4, 4, 0], [0, 0, 4, 0, 0, 4, 0, 0, 0, 0], [0, 0, 4, 0, 0, 4, 0, 0, 0, 0], [0, 0, 4, 0, 0, 0, 0, 0, 0, 0], [0, 0, 0, 0, 0, 0, 0, 0, 4, 0], [0, 0, 0, 0, 0, 4, 4, 0, 4, 4], [0, 0, 0, 0, 0, 4, 4, 0, 0, 4]]}, {"input": [[0, 0, 0, 0, 0, 0, 0, 0, 0, 0], [0, 1, 1, 0, 0, 0, 0, 0, 0, 0], [4, 1, 1, 4, 0, 0, 0, 0, 0, 0], [0, 1, 1, 0, 0, 0, 0, 0, 0, 0], [0, 0, 0, 0, 0, 7, 0, 9, 0, 7], [0, 0, 0, 0, 0, 9, 5, 5, 5, 9], [0, 0, 0, 0, 0, 0, 0, 0, 0, 0], [0, 0, 0, 0, 0, 0, 0, 0, 0, 0], [0, 4, 4, 4, 0, 0, 1, 0, 0, 0], [0, 0, 0, 0, 0, 0, 0, 0, 0, 0]], "output": [[0, 0, 0, 0, 0, 0, 0, 0, 0, 0], [0, 3, 3, 0, 0, 0, 0, 0, 0, 0], [4, 3, 3, 4, 0, 0, 0, 0, 0, 0], [0, 3, 3, 0, 0, 0, 0, 0, 0, 0], [0, 0, 0, 0, 0, 4, 0, 4, 0, 4], [0, 0, 0, 0, 0, 4, 4, 4, 4, 4], [0, 0, 0, 0, 0, 0, 0, 0, 0, 0], [0, 0, 0, 0, 0, 0, 0, 0, 0, 0], [0, 4, 4, 4, 0, 0, 4, 0, 0, 0], [0, 0, 0, 0, 0, 0, 0, 0, 0, 0]]}, {"input": [[0, 0, 0, 0, 0, 0, 0, 0, 0, 0], [0, 3, 1, 0, 0, 0, 0, 0, 0, 0], [0, 3, 6, 0, 0, 0, 0, 0, 0, 0], [0, 3, 1, 0, 0, 2, 2, 2, 0, 0], [0, 0, 0, 0, 1, 4, 8, 4, 1, 0], [2, 3, 3, 2, 0, 0, 0, 0, 0, 0], [0, 0, 0, 0, 0, 0, 0, 0, 0, 0], [0, 0, 0, 0, 0, 0, 0, 0, 0, 0], [0, 0, 0, 0, 0, 0, 0, 0, 0, 0], [0, 0, 0, 0, 0, 0, 0, 0, 0, 0]], "output": [[0, 0, 0, 0, 0, 0, 0, 0, 0, 0], [0, 4, 4, 0, 0, 0, 0, 0, 0, 0], [0, 4, 4, 0, 0, 0, 0, 0, 0, 0], [0, 4, 4, 0, 0, 4, 4, 4, 0, 0], [0, 0, 0, 0, 4, 4, 4, 4, 4, 0], [4, 4, 4, 4, 0, 0, 0, 0, 0, 0], [0, 0, 0, 0, 0, 0, 0, 0, 0, 0], [0, 0, 0, 0, 0, 0, 0, 0, 0, 0], [0, 0, 0, 0, 0, 0, 0, 0, 0, 0], [0, 0, 0, 0, 0, 0, 0, 0, 0, 0]]}, {"input": [[0, 0, 0, 0, 0, 0, 0, 0, 0, 0], [0, 0, 0, 0, 0, 0, 0, 0, 1, 0], [0, 0, 0, 6, 6, 0, 0, 0, 1, 0], [0, 0, 1, 1, 6, 0, 0, 8, 1, 8], [0, 0, 8, 9, 7, 0, 0, 8, 3, 8], [0, 0, 1, 1, 6, 0, 0, 0, 0, 0], [0, 0, 0, 6, 6, 0, 0, 0, 0, 0], [0, 0, 0, 0, 0, 3, 1, 3, 0, 0], [0, 0, 0, 3, 1, 1, 1, 3, 0, 0], [0, 0, 0, 3, 1, 1, 1, 3, 0, 0]], "output": [[0, 0, 0, 0, 0, 0, 0, 0, 0, 0], [0, 0, 0, 0, 0, 0, 0, 0, 4, 0], [0, 0, 0, 4, 4, 0, 0, 0, 4, 0], [0, 0, 4, 4, 4, 0, 0, 4, 4, 4], [0, 0, 4, 4, 4, 0, 0, 4, 4, 4], [0, 0, 4, 4, 4, 0, 0, 0, 0, 0], [0, 0, 0, 4, 4, 0, 0, 0, 0, 0], [0, 0, 0, 0, 0, 4, 3, 4, 0, 0], [0, 0, 0, 4, 3, 3, 3, 4, 0, 0], [0, 0, 0, 4, 3, 3, 3, 4, 0, 0]]}, {"input": [[0, 0, 0, 0, 0, 0, 0, 0, 0, 0], [0, 0, 0, 0, 0, 0, 0, 0, 0, 0], [0, 0, 0, 0, 0, 0, 0, 0, 0, 0], [0, 0, 0, 0, 0, 0, 0, 0, 0, 0], [0, 0, 0, 0, 0, 0, 0, 0, 4, 1], [0, 0, 0, 0, 0, 0, 0, 0, 1, 0], [0, 0, 0, 0, 0, 0, 0, 1, 0, 0], [0, 0, 0, 0, 0, 0, 1, 1, 1, 0], [0, 0, 0, 0, 6, 6, 0, 1, 0, 0], [0, 0, 0, 0, 6, 0, 0, 0, 0, 0]], "output": [[0, 0, 0, 0, 0, 0, 0, 0, 0, 0], [0, 0, 0, 0, 0, 0, 0, 0, 0, 0], [0, 0, 0, 0, 0, 0, 0, 0, 0, 0], [0, 0, 0, 0, 0, 0, 0, 0, 0, 0], [0, 0, 0, 0, 0, 0, 0, 0, 4, 4], [0, 0, 0, 0, 0, 0, 0, 0, 4, 0], [0, 0, 0, 0, 0, 0, 0, 3, 0, 0], [0, 0, 0, 0, 0, 0, 3, 3, 3, 0], [0, 0, 0, 0, 4, 4, 0, 3, 0, 0], [0, 0, 0, 0, 4, 0, 0, 0, 0, 0]]}, {"input": [[0, 0, 0, 0, 2, 0, 0, 0, 0, 0], [0, 0, 0, 2, 2, 2, 0, 2, 2, 4], [0, 0, 0, 0, 2, 0, 0, 6, 6, 8], [0, 0, 0, 0, 0, 0, 0, 0, 6, 7], [0, 7, 3, 7, 0, 0, 0, 6, 6, 8], [0, 7, 3, 7, 0, 0, 0, 2, 2, 4], [6, 2, 8, 8, 0, 0, 0, 0, 0, 0], [6, 2, 2, 5, 1, 1, 1, 1, 0, 0], [6, 2, 2, 5, 1, 1, 1, 1, 0, 0], [6, 2, 8, 8, 0, 0, 0, 0, 0, 0]], "output": [[0, 0, 0, 0, 3, 0, 0, 0, 0, 0], [0, 0, 0, 3, 3, 3, 0, 4, 4, 4], [0, 0, 0, 0, 3, 0, 0, 3, 3, 4], [0, 0, 0, 0, 0, 0, 0, 0, 3, 4], [0, 4, 4, 4, 0, 0, 0, 3, 3, 4], [0, 4, 4, 4, 0, 0, 0, 4, 4, 4], [4, 3, 4, 4, 0, 0, 0, 0, 0, 0], [4, 3, 3, 4, 3, 3, 3, 3, 0, 0], [4, 3, 3, 4, 3, 3, 3, 3, 0, 0], [4, 3, 4, 4, 0, 0, 0, 0, 0, 0]]}, {"input": [[0, 0, 0, 0, 0, 0, 0, 9, 0, 9], [2, 2, 3, 9, 8, 0, 0, 1, 4, 1], [0, 3, 6, 1, 1, 0, 0, 0, 0, 0], [0, 3, 6, 1, 1, 0, 0, 0, 0, 0], [2, 2, 3, 9, 8, 0, 0, 0, 0, 0], [0, 0, 0, 0, 0, 0, 0, 0, 0, 0], [0, 0, 0, 0, 0, 0, 1, 1, 1, 1], [0, 0, 0, 0, 0, 4, 1, 1, 1, 1], [0, 0, 0, 0, 0, 4, 0, 0, 0, 0], [0, 0, 0, 0, 0, 7, 0, 0, 0, 0]], "output": [[0, 0, 0, 0, 0, 0, 0, 4, 0, 4], [4, 4, 4, 4, 4, 0, 0, 4, 4, 4], [0, 4, 4, 4, 4, 0, 0, 0, 0, 0], [0, 4, 4, 4, 4, 0, 0, 0, 0, 0], [4, 4, 4, 4, 4, 0, 0, 0, 0, 0], [0, 0, 0, 0, 0, 0, 0, 0, 0, 0], [0, 0, 0, 0, 0, 0, 3, 3, 3, 3], [0, 0, 0, 0, 0, 4, 3, 3, 3, 3], [0, 0, 0, 0, 0, 4, 0, 0, 0, 0], [0, 0, 0, 0, 0, 4, 0, 0, 0, 0]]}, {"input": [[0, 0, 8, 0, 0, 0, 0, 0, 0, 0], [0, 0, 4, 0, 3, 3, 0, 3, 3, 0], [0, 0, 4, 0, 0, 3, 3, 3, 0, 0], [0, 0, 4, 0, 0, 3, 3, 3, 0, 0], [0, 1, 8, 0, 3, 3, 0, 3, 3, 0], [1, 1, 1, 0, 0, 0, 0, 0, 0, 0], [0, 1, 0, 0, 0, 0, 0, 0, 0, 0], [0, 0, 0, 0, 0, 0, 0, 0, 0, 0], [0, 0, 0, 0, 0, 0, 0, 0, 0, 0], [0, 0, 0, 0, 0, 0, 0, 0, 0, 0]], "output": [[0, 0, 4, 0, 0, 0, 0, 0, 0, 0], [0, 0, 4, 0, 1, 1, 0, 1, 1, 0], [0, 0, 4, 0, 0, 1, 1, 1, 0, 0], [0, 0, 4, 0, 0, 1, 1, 1, 0, 0], [0, 3, 4, 0, 1, 1, 0, 1, 1, 0], [3, 3, 3, 0, 0, 0, 0, 0, 0, 0], [0, 3, 0, 0, 0, 0, 0, 0, 0, 0], [0, 0, 0, 0, 0, 0, 0, 0, 0, 0], [0, 0, 0, 0, 0, 0, 0, 0, 0, 0], [0, 0, 0, 0, 0, 0, 0, 0, 0, 0]]}, {"input": [[0, 0, 0, 1, 0, 0, 1, 0, 0, 0], [0, 0, 0, 1, 5, 5, 1, 0, 0, 0], [0, 0, 0, 5, 5, 5, 5, 0, 0, 0], [1, 1, 1, 8, 6, 6, 8, 0, 0, 0], [9, 9, 0, 6, 6, 6, 6, 2, 8, 0], [9, 9, 0, 2, 1, 1, 2, 2, 5, 0], [1, 1, 1, 2, 1, 1, 2, 2, 8, 0], [0, 0, 0, 0, 0, 0, 0, 0, 0, 0], [0, 0, 0, 0, 0, 0, 0, 0, 0, 0], [0, 0, 0, 0, 0, 0, 0, 0, 0, 0]], "output": [[0, 0, 0, 4, 0, 0, 4, 0, 0, 0], [0, 0, 0, 4, 3, 3, 4, 0, 0, 0], [0, 0, 0, 3, 3, 3, 3, 0, 0, 0], [4, 4, 4, 4, 3, 3, 4, 0, 0, 0], [4, 4, 0, 3, 3, 3, 3, 3, 4, 0], [4, 4, 0, 4, 4, 4, 3, 3, 4, 0], [4, 4, 4, 4, 4, 4, 3, 3, 4, 0], [0, 0, 0, 0, 0, 0, 0, 0, 0, 0], [0, 0, 0, 0, 0, 0, 0, 0, 0, 0], [0, 0, 0, 0, 0, 0, 0, 0, 0, 0]]}, {"input": [[0, 0, 0, 0, 0, 0, 0, 0, 0, 0], [0, 0, 0, 0, 0, 0, 0, 0, 0, 0], [0, 2, 2, 2, 2, 0, 0, 0, 0, 0], [0, 2, 2, 2, 2, 9, 9, 0, 0, 0], [0, 0, 0, 0, 0, 9, 9, 0, 0, 0], [0, 0, 0, 0, 0, 9, 9, 0, 0, 0], [0, 0, 0, 0, 0, 9, 9, 0, 0, 0], [0, 0, 1, 1, 4, 1, 1, 0, 0, 0], [0, 0, 0, 0, 0, 0, 0, 0, 0, 0], [0, 0, 0, 0, 0, 0, 0, 0, 0, 0]], "output": [[0, 0, 0, 0, 0, 0, 0, 0, 0, 0], [0, 0, 0, 0, 0, 0, 0, 0, 0, 0], [0, 3, 3, 3, 3, 0, 0, 0, 0, 0], [0, 3, 3, 3, 3, 3, 3, 0, 0, 0], [0, 0, 0, 0, 0, 3, 3, 0, 0, 0], [0, 0, 0, 0, 0, 3, 3, 0, 0, 0], [0, 0, 0, 0, 0, 3, 3, 0, 0, 0], [0, 0, 4, 4, 4, 4, 4, 0, 0, 0], [0, 0, 0, 0, 0, 0, 0, 0, 0, 0], [0, 0, 0, 0, 0, 0, 0, 0, 0, 0]]}, {"input": [[0, 0, 0, 0, 0, 1, 1, 0, 0, 0], [0, 0, 1, 0, 0, 1, 1, 0, 0, 0], [0, 6, 6, 6, 6, 6, 0, 0, 0, 0], [0, 6, 6, 6, 6, 6, 0, 0, 9, 0], [0, 0, 0, 1, 1, 1, 0, 1, 1, 0], [0, 0, 0, 1, 1, 1, 0, 1, 0, 0], [0, 0, 0, 1, 3, 0, 0, 1, 1, 0], [0, 0, 2, 2, 6, 0, 0, 0, 9, 0], [0, 1, 2, 3, 6, 0, 0, 0, 0, 0], [0, 3, 6, 6, 8, 0, 0, 0, 0, 0]], "output": [[0, 0, 0, 0, 0, 4, 4, 0, 0, 0], [0, 0, 4, 0, 0, 4, 4, 0, 0, 0], [0, 3, 3, 3, 3, 3, 0, 0, 0, 0], [0, 3, 3, 3, 3, 3, 0, 0, 4, 0], [0, 0, 0, 3, 3, 3, 0, 3, 3, 0], [0, 0, 0, 3, 3, 3, 0, 3, 0, 0], [0, 0, 0, 3, 4, 0, 0, 3, 3, 0], [0, 0, 4, 4, 4, 0, 0, 0, 4, 0], [0, 4, 4, 4, 4, 0, 0, 0, 0, 0], [0, 4, 4, 4, 4, 0, 0, 0, 0, 0]]}, {"input": [[0, 0, 0, 0, 0, 0, 0, 0, 0, 0], [0, 0, 0, 5, 0, 0, 0, 0, 0, 0], [0, 0, 0, 5, 0, 0, 0, 0, 0, 0], [0, 0, 0, 5, 0, 0, 0, 0, 0, 0], [0, 0, 0, 9, 0, 0, 0, 0, 0, 2], [0, 0, 0, 3, 0, 0, 0, 0, 0, 2], [0, 0, 1, 9, 2, 2, 9, 0, 0, 9], [0, 0, 0, 1, 7, 7, 0, 0, 0, 2], [0, 0, 1, 9, 2, 2, 9, 0, 0, 0], [0, 0, 0, 0, 0, 0, 0, 0, 0, 0]], "output": [[0, 0, 0, 0, 0, 0, 0, 0, 0, 0], [0, 0, 0, 4, 0, 0, 0, 0, 0, 0], [0, 0, 0, 4, 0, 0, 0, 0, 0, 0], [0, 0, 0, 4, 0, 0, 0, 0, 0, 0], [0, 0, 0, 4, 0, 0, 0, 0, 0, 4], [0, 0, 0, 4, 0, 0, 0, 0, 0, 4], [0, 0, 4, 4, 4, 4, 4, 0, 0, 4], [0, 0, 0, 4, 4, 4, 0, 0, 0, 4], [0, 0, 4, 4, 4, 4, 4, 0, 0, 0], [0, 0, 0, 0, 0, 0, 0, 0, 0, 0]]}, {"input": [[0, 0, 0, 0, 0, 0, 0, 0, 0, 6], [1, 0, 0, 1, 0, 0, 0, 0, 0, 6], [5, 5, 5, 5, 0, 0, 0, 0, 0, 6], [5, 5, 5, 5, 0, 0, 0, 0, 0, 0], [1, 0, 0, 1, 0, 1, 1, 1, 0, 0], [0, 0, 0, 0, 0, 0, 0, 0, 0, 0], [0, 0, 0, 0, 0, 0, 0, 0, 0, 0], [0, 1, 0, 0, 0, 0, 0, 0, 0, 0], [0, 0, 0, 0, 0, 0, 0, 0, 0, 0], [0, 0, 0, 0, 0, 0, 0, 0, 0, 0]], "output": [[0, 0, 0, 0, 0, 0, 0, 0, 0, 4], [4, 0, 0, 4, 0, 0, 0, 0, 0, 4], [3, 3, 3, 3, 0, 0, 0, 0, 0, 4], [3, 3, 3, 3, 0, 0, 0, 0, 0, 0], [4, 0, 0, 4, 0, 4, 4, 4, 0, 0], [0, 0, 0, 0, 0, 0, 0, 0, 0, 0], [0, 0, 0, 0, 0, 0, 0, 0, 0, 0], [0, 4, 0, 0, 0, 0, 0, 0, 0, 0], [0, 0, 0, 0, 0, 0, 0, 0, 0, 0], [0, 0, 0, 0, 0, 0, 0, 0, 0, 0]]}, {"input": [[0, 0, 0, 0, 0, 1, 3, 3, 3, 1], [0, 0, 0, 0, 0, 0, 0, 0, 0, 0], [0, 0, 0, 0, 0, 0, 0, 0, 0, 0], [5, 5, 5, 5, 5, 0, 0, 0, 0, 0], [5, 0, 0, 0, 5, 0, 9, 0, 0, 0], [5, 0, 0, 0, 5, 0, 9, 9, 9, 0], [5, 5, 5, 5, 5, 9, 9, 9, 0, 0], [0, 0, 0, 0, 0, 0, 0, 9, 0, 0], [0, 0, 0, 0, 0, 0, 0, 0, 0, 0], [0, 0, 0, 0, 0, 0, 0, 0, 0, 0]], "output": [[0, 0, 0, 0, 0, 4, 4, 4, 4, 4], [0, 0, 0, 0, 0, 0, 0, 0, 0, 0], [0, 0, 0, 0, 0, 0, 0, 0, 0, 0], [1, 1, 1, 1, 1, 0, 0, 0, 0, 0], [1, 0, 0, 0, 1, 0, 3, 0, 0, 0], [1, 0, 0, 0, 1, 0, 3, 3, 3, 0], [1, 1, 1, 1, 1, 3, 3, 3, 0, 0], [0, 0, 0, 0, 0, 0, 0, 3, 0, 0], [0, 0, 0, 0, 0, 0, 0, 0, 0, 0], [0, 0, 0, 0, 0, 0, 0, 0, 0, 0]]}, {"input": [[0, 0, 0, 7, 7, 7, 0, 0, 0, 0], [0, 0, 0, 7, 7, 7, 0, 0, 0, 0], [0, 0, 0, 7, 0, 1, 0, 0, 4, 0], [0, 0, 4, 2, 0, 2, 0, 8, 1, 0], [0, 8, 4, 2, 2, 6, 0, 1, 1, 0], [0, 0, 0, 2, 9, 2, 2, 8, 1, 0], [0, 0, 9, 9, 9, 0, 0, 0, 4, 0], [0, 0, 8, 2, 9, 2, 2, 0, 0, 0], [0, 8, 8, 8, 0, 0, 0, 0, 0, 0], [0, 0, 8, 8, 0, 0, 0, 0, 0, 0]], "output": [[0, 0, 0, 3, 3, 3, 0, 0, 0, 0], [0, 0, 0, 3, 3, 3, 0, 0, 0, 0], [0, 0, 0, 3, 0, 4, 0, 0, 4, 0], [0, 0, 4, 4, 0, 4, 0, 4, 4, 0], [0, 4, 4, 4, 4, 4, 0, 4, 4, 0], [0, 0, 0, 4, 3, 4, 4, 4, 4, 0], [0, 0, 3, 3, 3, 0, 0, 0, 4, 0], [0, 0, 3, 4, 3, 4, 4, 0, 0, 0], [0, 3, 3, 3, 0, 0, 0, 0, 0, 0], [0, 0, 3, 3, 0, 0, 0, 0, 0, 0]]}, {"input": [[0, 3, 7, 7, 3, 0, 0, 0, 0, 0], [0, 2, 7, 0, 3, 0, 0, 0, 0, 0], [0, 2, 7, 0, 3, 0, 0, 0, 0, 0], [0, 3, 7, 7, 3, 0, 0, 0, 0, 0], [0, 0, 0, 0, 0, 0, 0, 0, 0, 0], [0, 0, 0, 0, 0, 0, 0, 1, 1, 1], [0, 0, 0, 0, 0, 0, 0, 1, 1, 1], [0, 1, 0, 1, 0, 0, 0, 0, 0, 0], [0, 0, 0, 1, 0, 7, 7, 0, 0, 0], [0, 0, 0, 0, 0, 7, 7, 0, 0, 0]], "output": [[0, 4, 3, 3, 4, 0, 0, 0, 0, 0], [0, 4, 3, 0, 4, 0, 0, 0, 0, 0], [0, 4, 3, 0, 4, 0, 0, 0, 0, 0], [0, 4, 3, 3, 4, 0, 0, 0, 0, 0], [0, 0, 0, 0, 0, 0, 0, 0, 0, 0], [0, 0, 0, 0, 0, 0, 0, 3, 3, 3], [0, 0, 0, 0, 0, 0, 0, 3, 3, 3], [0, 4, 0, 4, 0, 0, 0, 0, 0, 0], [0, 0, 0, 4, 0, 4, 4, 0, 0, 0], [0, 0, 0, 0, 0, 4, 4, 0, 0, 0]]}, {"input": [[0, 0, 0, 0, 0, 0, 0, 0, 0, 0], [0, 0, 0, 0, 0, 0, 0, 0, 0, 0], [0, 0, 0, 0, 0, 0, 0, 0, 0, 2], [0, 0, 0, 0, 0, 0, 5, 5, 5, 6], [0, 0, 1, 1, 0, 0, 0, 5, 3, 0], [0, 0, 1, 1, 0, 0, 0, 5, 3, 0], [0, 0, 1, 1, 0, 0, 0, 5, 6, 0], [0, 0, 1, 1, 0, 0, 0, 5, 1, 0], [0, 0, 0, 0, 0, 1, 0, 0, 0, 0], [0, 0, 0, 0, 0, 0, 0, 0, 0, 0]], "output": [[0, 0, 0, 0, 0, 0, 0, 0, 0, 0], [0, 0, 0, 0, 0, 0, 0, 0, 0, 0], [0, 0, 0, 0, 0, 0, 0, 0, 0, 4], [0, 0, 0, 0, 0, 0, 3, 3, 3, 4], [0, 0, 3, 3, 0, 0, 0, 3, 4, 0], [0, 0, 3, 3, 0, 0, 0, 3, 4, 0], [0, 0, 3, 3, 0, 0, 0, 3, 4, 0], [0, 0, 3, 3, 0, 0, 0, 3, 4, 0], [0, 0, 0, 0, 0, 4, 0, 0, 0, 0], [0, 0, 0, 0, 0, 0, 0, 0, 0, 0]]}, {"input": [[0, 0, 0, 0, 0, 0, 0, 0, 0, 0], [3, 3, 3, 3, 3, 0, 0, 0, 0, 0], [0, 7, 7, 7, 0, 0, 0, 0, 0, 0], [0, 6, 0, 6, 8, 0, 0, 0, 0, 0], [4, 0, 0, 0, 1, 0, 0, 0, 0, 0], [5, 0, 0, 0, 1, 2, 1, 1, 1, 2], [7, 7, 9, 0, 5, 2, 2, 2, 2, 2], [0, 7, 0, 0, 3, 0, 4, 0, 4, 0], [0, 0, 0, 0, 0, 4, 8, 8, 8, 4], [0, 0, 0, 0, 0, 0, 5, 2, 5, 0]], "output": [[0, 0, 0, 0, 0, 0, 0, 0, 0, 0], [3, 3, 3, 3, 3, 0, 0, 0, 0, 0], [0, 4, 4, 4, 0, 0, 0, 0, 0, 0], [0, 4, 0, 4, 4, 0, 0, 0, 0, 0], [4, 0, 0, 0, 4, 0, 0, 0, 0, 0], [4, 0, 0, 0, 4, 3, 4, 4, 4, 3], [4, 4, 4, 0, 4, 3, 3, 3, 3, 3], [0, 4, 0, 0, 4, 0, 4, 0, 4, 0], [0, 0, 0, 0, 0, 4, 4, 4, 4, 4], [0, 0, 0, 0, 0, 0, 4, 4, 4, 0]]}, {"input": [[0, 0, 0, 0, 0, 0, 0, 0, 0, 0], [0, 0, 0, 0, 0, 0, 1, 9, 0, 0], [0, 0, 0, 0, 0, 9, 1, 1, 1, 0], [0, 0, 2, 0, 0, 1, 1, 1, 9, 0], [0, 0, 2, 0, 0, 0, 9, 1, 0, 0], [0, 0, 7, 0, 5, 5, 0, 5, 5, 0], [0, 0, 7, 0, 1, 5, 5, 5, 1, 0], [0, 0, 0, 0, 2, 1, 1, 1, 2, 4], [0, 0, 0, 0, 2, 2, 0, 2, 2, 4], [0, 0, 0, 0, 0, 0, 0, 0, 0, 4]], "output": [[0, 0, 0, 0, 0, 0, 0, 0, 0, 0], [0, 0, 0, 0, 0, 0, 3, 4, 0, 0], [0, 0, 0, 0, 0, 4, 3, 3, 3, 0], [0, 0, 4, 0, 0, 3, 3, 3, 4, 0], [0, 0, 4, 0, 0, 0, 4, 3, 0, 0], [0, 0, 4, 0, 3, 3, 0, 3, 3, 0], [0, 0, 4, 0, 4, 3, 3, 3, 4, 0], [0, 0, 0, 0, 4, 4, 4, 4, 4, 4], [0, 0, 0, 0, 4, 4, 0, 4, 4, 4], [0, 0, 0, 0, 0, 0, 0, 0, 0, 4]]}, {"input": [[0, 0, 0, 0, 0, 3, 0, 0, 3, 0], [0, 0, 0, 0, 0, 3, 3, 3, 3, 0], [0, 0, 0, 0, 0, 3, 3, 3, 3, 0], [8, 6, 6, 6, 8, 3, 0, 0, 3, 0], [8, 8, 6, 8, 8, 9, 6, 6, 0, 0], [8, 8, 6, 8, 8, 0, 1, 6, 0, 0], [7, 7, 7, 7, 7, 0, 1, 6, 0, 0], [7, 1, 7, 1, 7, 9, 6, 6, 0, 0], [0, 0, 0, 0, 0, 0, 0, 0, 0, 0], [0, 0, 0, 0, 0, 0, 0, 0, 0, 0]], "output": [[0, 0, 0, 0, 0, 1, 0, 0, 1, 0], [0, 0, 0, 0, 0, 1, 1, 1, 1, 0], [0, 0, 0, 0, 0, 1, 1, 1, 1, 0], [3, 3, 3, 3, 3, 1, 0, 0, 1, 0], [3, 3, 3, 3, 3, 4, 3, 3, 0, 0], [3, 3, 3, 3, 3, 0, 4, 3, 0, 0], [3, 3, 3, 3, 3, 0, 4, 3, 0, 0], [3, 4, 3, 4, 3, 4, 3, 3, 0, 0], [0, 0, 0, 0, 0, 0, 0, 0, 0, 0], [0, 0, 0, 0, 0, 0, 0, 0, 0, 0]]}, {"input": [[0, 0, 0, 0, 0, 0, 0, 0, 0, 0], [0, 0, 0, 0, 0, 0, 0, 0, 0, 0], [0, 0, 2, 2, 2, 8, 0, 0, 0, 0], [0, 0, 4, 0, 0, 0, 0, 0, 0, 0], [0, 0, 4, 0, 0, 3, 2, 0, 0, 0], [0, 0, 0, 0, 0, 1, 2, 0, 0, 0], [0, 0, 0, 0, 0, 1, 2, 0, 0, 0], [0, 0, 0, 0, 0, 3, 2, 0, 0, 0], [0, 0, 9, 9, 4, 9, 8, 0, 0, 0], [0, 1, 1, 1, 1, 0, 0, 0, 0, 0]], "output": [[0, 0, 0, 0, 0, 0, 0, 0, 0, 0], [0, 0, 0, 0, 0, 0, 0, 0, 0, 0], [0, 0, 4, 4, 4, 4, 0, 0, 0, 0], [0, 0, 4, 0, 0, 0, 0, 0, 0, 0], [0, 0, 4, 0, 0, 4, 4, 0, 0, 0], [0, 0, 0, 0, 0, 4, 4, 0, 0, 0], [0, 0, 0, 0, 0, 4, 4, 0, 0, 0], [0, 0, 0, 0, 0, 4, 4, 0, 0, 0], [0, 0, 4, 4, 4, 4, 4, 0, 0, 0], [0, 4, 4, 4, 4, 0, 0, 0, 0, 0]]}, {"input": [[3, 3, 1, 3, 3, 0, 1, 0, 0, 0], [3, 3, 8, 3, 3, 0, 6, 0, 0, 0], [0, 8, 8, 8, 0, 0, 6, 0, 0, 0], [0, 0, 0, 0, 0, 1, 6, 0, 0, 0], [0, 0, 0, 0, 0, 0, 7, 4, 4, 0], [0, 0, 0, 0, 0, 0, 0, 0, 0, 0], [0, 0, 1, 1, 1, 1, 1, 0, 0, 0], [0, 0, 7, 7, 7, 7, 7, 0, 0, 0], [0, 0, 1, 7, 3, 7, 1, 0, 0, 0], [0, 0, 6, 0, 1, 0, 6, 0, 0, 0]], "output": [[4, 4, 4, 4, 4, 0, 4, 0, 0, 0], [4, 4, 4, 4, 4, 0, 4, 0, 0, 0], [0, 4, 4, 4, 0, 0, 4, 0, 0, 0], [0, 0, 0, 0, 0, 4, 4, 0, 0, 0], [0, 0, 0, 0, 0, 0, 4, 4, 4, 0], [0, 0, 0, 0, 0, 0, 0, 0, 0, 0], [0, 0, 3, 3, 3, 3, 3, 0, 0, 0], [0, 0, 3, 3, 3, 3, 3, 0, 0, 0], [0, 0, 4, 3, 4, 3, 4, 0, 0, 0], [0, 0, 4, 0, 4, 0, 4, 0, 0, 0]]}], "test": [{"input": [[0, 0, 0, 0, 0, 0, 0, 0, 0, 0], [0, 0, 0, 0, 0, 0, 0, 0, 0, 0], [0, 0, 0, 0, 0, 0, 0, 0, 0, 0], [6, 0, 0, 6, 0, 0, 0, 0, 0, 0], [8, 8, 8, 8, 0, 0, 0, 0, 0, 0], [0, 0, 0, 0, 1, 1, 1, 2, 2, 0], [0, 2, 0, 0, 0, 0, 0, 2, 2, 0], [0, 4, 0, 0, 0, 0, 0, 2, 2, 0], [0, 4, 0, 0, 0, 0, 0, 2, 2, 0], [0, 0, 0, 0, 0, 0, 0, 2, 2, 0]], "output": [[0, 0, 0, 0, 0, 0, 0, 0, 0, 0], [0, 0, 0, 0, 0, 0, 0, 0, 0, 0], [0, 0, 0, 0, 0, 0, 0, 0, 0, 0], [4, 0, 0, 4, 0, 0, 0, 0, 0, 0], [4, 4, 4, 4, 0, 0, 0, 0, 0, 0], [0, 0, 0, 0, 4, 4, 4, 3, 3, 0], [0, 4, 0, 0, 0, 0, 0, 3, 3, 0], [0, 4, 0, 0, 0, 0, 0, 3, 3, 0], [0, 4, 0, 0, 0, 0, 0, 3, 3, 0], [0, 0, 0, 0, 0, 0, 0, 3, 3, 0]]}, {"input": [[0, 0, 0, 0, 0, 6, 5, 7, 9, 0], [1, 1, 1, 1, 0, 0, 0, 0, 0, 0], [0, 7, 7, 0, 0, 0, 0, 0, 0, 0], [0, 4, 4, 0, 0, 0, 0, 0, 0, 0], [1, 9, 9, 1, 1, 1, 0, 0, 0, 0], [0, 0, 0, 0, 1, 1, 0, 0, 0, 0], [0, 0, 0, 0, 1, 1, 0, 0, 0, 0], [0, 0, 0, 1, 5, 5, 1, 0, 0, 0], [0, 0, 0, 1, 1, 1, 1, 0, 0, 0], [0, 0, 0, 0, 0, 0, 0, 0, 0, 0]], "output": [[0, 0, 0, 0, 0, 4, 4, 4, 4, 0], [4, 4, 4, 4, 0, 0, 0, 0, 0, 0], [0, 4, 4, 0, 0, 0, 0, 0, 0, 0], [0, 4, 4, 0, 0, 0, 0, 0, 0, 0], [4, 4, 4, 3, 3, 3, 0, 0, 0, 0], [0, 0, 0, 0, 3, 3, 0, 0, 0, 0], [0, 0, 0, 0, 3, 3, 0, 0, 0, 0], [0, 0, 0, 3, 4, 4, 3, 0, 0, 0], [0, 0, 0, 3, 3, 3, 3, 0, 0, 0], [0, 0, 0, 0, 0, 0, 0, 0, 0, 0]]}, {"input": [[0, 0, 0, 0, 0, 0, 0, 0, 3, 4], [3, 2, 0, 0, 0, 0, 0, 0, 3, 4], [9, 2, 0, 0, 0, 0, 0, 0, 4, 6], [2, 2, 0, 0, 0, 0, 0, 0, 1, 0], [9, 2, 3, 3, 3, 3, 0, 0, 1, 0], [3, 2, 7, 7, 7, 7, 5, 5, 5, 5], [0, 0, 0, 0, 0, 0, 5, 5, 5, 5], [0, 0, 0, 0, 0, 0, 5, 1, 1, 5], [0, 0, 0, 0, 0, 0, 4, 4, 4, 4], [0, 0, 0, 0, 0, 0, 1, 5, 5, 1]], "output": [[0, 0, 0, 0, 0, 0, 0, 0, 4, 4], [4, 3, 0, 0, 0, 0, 0, 0, 4, 4], [4, 3, 0, 0, 0, 0, 0, 0, 4, 4], [3, 3, 0, 0, 0, 0, 0, 0, 4, 0], [4, 3, 4, 4, 4, 4, 0, 0, 4, 0], [4, 3, 4, 4, 4, 4, 3, 3, 3, 3], [0, 0, 0, 0, 0, 0, 3, 3, 3, 3], [0, 0, 0, 0, 0, 0, 3, 4, 4, 3], [0, 0, 0, 0, 0, 0, 4, 4, 4, 4], [0, 0, 0, 0, 0, 0, 4, 4, 4, 4]]}]}