{"train": [{"input": [[0, 0, 0, 0, 0, 0, 0, 0, 0, 0, 0, 0, 0], [0, 0, 0, 2, 3, 1, 0, 0, 0, 0, 0, 0, 0], [0, 0, 0, 1, 3, 3, 0, 0, 0, 0, 0, 0, 0], [0, 0, 0, 1, 3, 3, 3, 1, 2, 2, 0, 1, 0], [0, 0, 2, 1, 3, 3, 0, 1, 1, 1, 1, 1, 0], [0, 0, 2, 2, 3, 1, 0, 2, 2, 2, 2, 2, 0], [0, 2, 1, 2, 3, 0, 0, 0, 0, 2, 2, 1, 0], [0, 0, 2, 2, 1, 2, 0, 0, 0, 2, 2, 2, 0], [0, 0, 2, 2, 2, 2, 0, 1, 1, 1, 1, 2, 0], [0, 1, 2, 0, 0, 0, 2, 1, 1, 2, 2, 2, 0], [0, 2, 2, 0, 0, 0, 2, 1, 1, 2, 2, 1, 0], [0, 0, 2, 0, 2, 2, 2, 2, 2, 0, 0, 0, 0], [0, 2, 2, 2, 2, 2, 2, 0, 2, 0, 0, 0, 0], [0, 1, 2, 0, 2, 2, 0, 0, 2, 0, 0, 0, 0], [0, 0, 0, 0, 0, 0, 0, 0, 0, 0, 0, 0, 0]], "output": [[0, 0, 0, 0, 0, 0, 0, 0, 0, 0, 0, 0, 0], [0, 0, 0, 4, 3, 4, 0, 0, 0, 0, 0, 0, 0], [0, 0, 0, 4, 3, 3, 0, 0, 0, 0, 0, 0, 0], [0, 0, 0, 4, 3, 3, 3, 7, 4, 4, 0, 7, 0], [0, 0, 3, 4, 3, 3, 0, 7, 7, 7, 7, 7, 0], [0, 0, 3, 3, 3, 4, 0, 3, 3, 3, 3, 3, 0], [0, 4, 4, 3, 3, 0, 0, 0, 0, 3, 3, 4, 0], [0, 0, 3, 3, 4, 3, 0, 0, 0, 3, 3, 3, 0], [0, 0, 3, 3, 3, 3, 0, 7, 7, 7, 7, 3, 0], [0, 4, 3, 0, 0, 0, 3, 7, 7, 3, 3, 3, 0], [0, 3, 3, 0, 0, 0, 3, 7, 7, 3, 3, 4, 0], [0, 0, 3, 0, 3, 3, 3, 3, 3, 0, 0, 0, 0], [0, 3, 3, 3, 3, 3, 3, 0, 3, 0, 0, 0, 0], [0, 4, 3, 0, 3, 3, 0, 0, 3, 0, 0, 0, 0], [0, 0, 0, 0, 0, 0, 0, 0, 0, 0, 0, 0, 0]]}, {"input": [[0, 0, 0, 0, 0, 0, 0, 0, 0, 0, 0, 0, 0, 0, 0], [0, 2, 2, 2, 2, 2, 0, 0, 2, 3, 3, 0, 0, 0, 0], [0, 0, 0, 0, 0, 2, 0, 1, 0, 0, 0, 0, 0, 0, 0], [0, 0, 0, 0, 0, 2, 0, 3, 0, 3, 3, 0, 0, 0, 0], [0, 0, 0, 0, 0, 2, 0, 3, 0, 1, 2, 2, 3, 0, 0], [0, 0, 0, 0, 0, 2, 0, 0, 0, 3, 1, 2, 3, 0, 0], [0, 0, 0, 0, 0, 1, 1, 0, 0, 3, 3, 2, 3, 0, 0], [0, 0, 0, 0, 0, 1, 1, 0, 0, 3, 1, 2, 3, 0, 0], [0, 0, 0, 1, 1, 1, 1, 0, 0, 1, 2, 2, 3, 0, 0], [0, 0, 1, 1, 1, 1, 2, 1, 2, 2, 2, 0, 0, 0, 0], [0, 0, 1, 1, 1, 1, 0, 0, 0, 1, 3, 3, 3, 1, 0], [0, 0, 0, 0, 0, 0, 0, 0, 0, 0, 0, 0, 0, 0, 0]], "output": [[0, 0, 0, 0, 0, 0, 0, 0, 0, 0, 0, 0, 0, 0, 0], [0, 3, 3, 3, 3, 3, 0, 0, 4, 4, 4, 0, 0, 0, 0], [0, 0, 0, 0, 0, 3, 0, 4, 0, 0, 0, 0, 0, 0, 0], [0, 0, 0, 0, 0, 3, 0, 4, 0, 4, 4, 0, 0, 0, 0], [0, 0, 0, 0, 0, 3, 0, 4, 0, 4, 3, 3, 7, 0, 0], [0, 0, 0, 0, 0, 3, 0, 0, 0, 7, 4, 3, 7, 0, 0], [0, 0, 0, 0, 0, 3, 3, 0, 0, 7, 7, 3, 7, 0, 0], [0, 0, 0, 0, 0, 3, 3, 0, 0, 7, 4, 3, 7, 0, 0], [0, 0, 0, 3, 3, 3, 3, 0, 0, 4, 3, 3, 7, 0, 0], [0, 0, 3, 3, 3, 3, 4, 4, 3, 3, 3, 0, 0, 0, 0], [0, 0, 3, 3, 3, 3, 0, 0, 0, 4, 4, 4, 4, 4, 0], [0, 0, 0, 0, 0, 0, 0, 0, 0, 0, 0, 0, 0, 0, 0]]}, {"input": [[0, 0, 0, 0, 0, 0, 0, 0, 0, 0, 0, 0, 0, 0], [0, 0, 0, 0, 0, 0, 0, 0, 0, 0, 2, 0, 3, 0], [0, 0, 1, 3, 3, 3, 1, 0, 0, 1, 1, 0, 3, 0], [0, 0, 0, 2, 2, 2, 0, 0, 0, 3, 1, 0, 3, 0], [0, 0, 0, 0, 0, 1, 1, 3, 0, 3, 3, 3, 3, 0], [0, 0, 1, 3, 0, 1, 1, 3, 0, 1, 0, 3, 2, 0], [0, 0, 2, 1, 2, 1, 1, 3, 0, 2, 0, 2, 2, 0], [0, 0, 1, 1, 2, 1, 1, 3, 0, 2, 0, 2, 2, 0], [0, 0, 2, 1, 2, 0, 1, 2, 0, 1, 0, 2, 2, 0], [0, 0, 1, 3, 0, 0, 1, 2, 0, 1, 0, 3, 2, 0], [0, 0, 0, 2, 0, 0, 1, 2, 0, 0, 0, 0, 0, 0], [0, 0, 0, 0, 0, 0, 0, 0, 0, 0, 0, 0, 0, 0]], "output": [[0, 0, 0, 0, 0, 0, 0, 0, 0, 0, 0, 0, 0, 0], [0, 0, 0, 0, 0, 0, 0, 0, 0, 0, 4, 0, 3, 0], [0, 0, 4, 4, 4, 4, 4, 0, 0, 4, 4, 0, 3, 0], [0, 0, 0, 4, 4, 4, 0, 0, 0, 3, 4, 0, 3, 0], [0, 0, 0, 0, 0, 3, 3, 7, 0, 3, 3, 3, 3, 0], [0, 0, 4, 4, 0, 3, 3, 7, 0, 4, 0, 3, 7, 0], [0, 0, 4, 7, 4, 3, 3, 7, 0, 4, 0, 7, 7, 0], [0, 0, 7, 7, 4, 3, 3, 7, 0, 4, 0, 7, 7, 0], [0, 0, 4, 7, 4, 0, 3, 4, 0, 4, 0, 7, 7, 0], [0, 0, 4, 4, 0, 0, 3, 4, 0, 4, 0, 4, 7, 0], [0, 0, 0, 4, 0, 0, 3, 4, 0, 0, 0, 0, 0, 0], [0, 0, 0, 0, 0, 0, 0, 0, 0, 0, 0, 0, 0, 0]]}, {"input": [[0, 0, 0, 0, 0, 0, 0, 0, 0, 0, 0, 0, 0, 0], [0, 1, 1, 1, 1, 0, 3, 0, 3, 0, 0, 0, 0, 0], [0, 0, 0, 0, 0, 0, 3, 0, 3, 3, 3, 3, 3, 0], [0, 1, 2, 2, 0, 0, 1, 1, 1, 2, 3, 3, 2, 0], [0, 1, 2, 1, 0, 0, 1, 2, 1, 3, 3, 3, 3, 0], [0, 0, 2, 1, 2, 2, 2, 2, 2, 0, 0, 0, 0, 0], [0, 1, 2, 1, 0, 0, 0, 1, 2, 2, 2, 2, 0, 0], [0, 1, 2, 2, 0, 0, 0, 3, 1, 1, 3, 2, 0, 0], [0, 0, 0, 0, 0, 0, 1, 2, 0, 3, 1, 1, 0, 0], [0, 0, 0, 0, 0, 0, 3, 3, 0, 3, 3, 2, 0, 0], [0, 0, 0, 0, 0, 0, 2, 3, 0, 3, 3, 1, 0, 0], [0, 0, 0, 0, 0, 0, 3, 3, 0, 0, 2, 0, 0, 0], [0, 0, 0, 0, 0, 0, 1, 2, 0, 2, 0, 0, 0, 0], [0, 0, 0, 0, 0, 0, 0, 0, 0, 0, 0, 0, 0, 0]], "output": [[0, 0, 0, 0, 0, 0, 0, 0, 0, 0, 0, 0, 0, 0], [0, 7, 7, 7, 7, 0, 4, 0, 3, 0, 0, 0, 0, 0], [0, 0, 0, 0, 0, 0, 4, 0, 3, 3, 3, 3, 3, 0], [0, 4, 7, 7, 0, 0, 7, 7, 7, 4, 3, 3, 4, 0], [0, 4, 7, 4, 0, 0, 7, 3, 7, 3, 3, 3, 3, 0], [0, 0, 7, 4, 3, 3, 3, 3, 3, 0, 0, 0, 0, 0], [0, 4, 7, 4, 0, 0, 0, 4, 3, 3, 3, 3, 0, 0], [0, 4, 7, 7, 0, 0, 0, 4, 4, 4, 4, 3, 0, 0], [0, 0, 0, 0, 0, 0, 4, 4, 0, 7, 4, 4, 0, 0], [0, 0, 0, 0, 0, 0, 7, 7, 0, 7, 7, 4, 0, 0], [0, 0, 0, 0, 0, 0, 4, 7, 0, 7, 7, 4, 0, 0], [0, 0, 0, 0, 0, 0, 7, 7, 0, 0, 4, 0, 0, 0], [0, 0, 0, 0, 0, 0, 4, 4, 0, 4, 0, 0, 0, 0], [0, 0, 0, 0, 0, 0, 0, 0, 0, 0, 0, 0, 0, 0]]}, {"input": [[0, 0, 0, 0, 0, 0, 0, 0, 0, 0, 0, 0, 0, 0], [0, 0, 0, 2, 2, 2, 0, 0, 0, 0, 0, 0, 0, 0], [0, 0, 0, 0, 2, 0, 0, 0, 0, 0, 0, 0, 0, 0], [0, 0, 0, 0, 2, 0, 0, 2, 2, 2, 2, 0, 2, 0], [0, 0, 0, 2, 2, 2, 0, 2, 2, 2, 2, 0, 1, 0], [0, 0, 0, 0, 0, 0, 0, 0, 1, 0, 0, 0, 1, 0], [0, 0, 1, 1, 0, 0, 0, 2, 2, 3, 3, 3, 1, 0], [0, 2, 1, 1, 2, 0, 0, 0, 1, 0, 3, 0, 1, 0], [0, 2, 1, 1, 2, 1, 3, 3, 1, 2, 3, 2, 0, 0], [0, 2, 1, 1, 2, 1, 1, 1, 1, 3, 3, 3, 0, 0], [0, 0, 1, 1, 0, 0, 0, 0, 0, 0, 3, 0, 0, 0], [0, 0, 0, 0, 0, 0, 0, 0, 0, 0, 0, 0, 0, 0], [0, 0, 0, 0, 0, 0, 0, 0, 0, 0, 0, 0, 0, 0]], "output": [[0, 0, 0, 0, 0, 0, 0, 0, 0, 0, 0, 0, 0, 0], [0, 0, 0, 7, 7, 7, 0, 0, 0, 0, 0, 0, 0, 0], [0, 0, 0, 0, 7, 0, 0, 0, 0, 0, 0, 0, 0, 0], [0, 0, 0, 0, 7, 0, 0, 7, 7, 7, 7, 0, 4, 0], [0, 0, 0, 7, 7, 7, 0, 7, 7, 7, 7, 0, 7, 0], [0, 0, 0, 0, 0, 0, 0, 0, 4, 0, 0, 0, 7, 0], [0, 0, 3, 3, 0, 0, 0, 4, 4, 3, 3, 3, 7, 0], [0, 4, 3, 3, 4, 0, 0, 0, 7, 0, 3, 0, 7, 0], [0, 4, 3, 3, 4, 7, 4, 4, 7, 4, 3, 4, 0, 0], [0, 4, 3, 3, 4, 7, 7, 7, 7, 3, 3, 3, 0, 0], [0, 0, 3, 3, 0, 0, 0, 0, 0, 0, 3, 0, 0, 0], [0, 0, 0, 0, 0, 0, 0, 0, 0, 0, 0, 0, 0, 0], [0, 0, 0, 0, 0, 0, 0, 0, 0, 0, 0, 0, 0, 0]]}, {"input": [[0, 0, 0, 0, 0, 0, 0, 0, 0, 0, 0, 0, 0, 0, 0], [0, 0, 0, 2, 0, 0, 2, 0, 1, 0, 2, 0, 0, 0, 0], [0, 0, 0, 2, 2, 0, 1, 1, 1, 1, 1, 0, 1, 1, 0], [0, 0, 0, 0, 0, 1, 2, 2, 3, 2, 2, 0, 0, 1, 0], [0, 0, 0, 0, 0, 3, 3, 3, 1, 3, 3, 0, 1, 1, 0], [0, 0, 0, 0, 0, 3, 2, 2, 2, 2, 0, 0, 0, 0, 0], [0, 0, 0, 0, 0, 3, 0, 2, 2, 0, 0, 0, 0, 0, 0], [0, 0, 0, 0, 0, 2, 2, 2, 2, 2, 0, 0, 0, 0, 0], [0, 0, 0, 0, 0, 0, 0, 0, 0, 0, 0, 0, 0, 0, 0], [0, 0, 0, 0, 0, 0, 0, 0, 0, 0, 0, 0, 0, 0, 0], [0, 0, 0, 0, 0, 0, 0, 0, 0, 0, 0, 0, 0, 0, 0]], "output": [[0, 0, 0, 0, 0, 0, 0, 0, 0, 0, 0, 0, 0, 0, 0], [0, 0, 0, 4, 0, 0, 4, 0, 7, 0, 4, 0, 0, 0, 0], [0, 0, 0, 4, 4, 0, 7, 7, 7, 7, 7, 0, 7, 7, 0], [0, 0, 0, 0, 0, 4, 4, 4, 4, 4, 4, 0, 0, 7, 0], [0, 0, 0, 0, 0, 7, 7, 7, 4, 4, 4, 0, 7, 7, 0], [0, 0, 0, 0, 0, 7, 3, 3, 3, 3, 0, 0, 0, 0, 0], [0, 0, 0, 0, 0, 7, 0, 3, 3, 0, 0, 0, 0, 0, 0], [0, 0, 0, 0, 0, 3, 3, 3, 3, 3, 0, 0, 0, 0, 0], [0, 0, 0, 0, 0, 0, 0, 0, 0, 0, 0, 0, 0, 0, 0], [0, 0, 0, 0, 0, 0, 0, 0, 0, 0, 0, 0, 0, 0, 0], [0, 0, 0, 0, 0, 0, 0, 0, 0, 0, 0, 0, 0, 0, 0]]}, {"input": [[0, 0, 0, 0, 0, 0, 0, 0, 0, 0], [0, 0, 0, 0, 0, 0, 0, 0, 0, 0], [0, 0, 0, 0, 3, 3, 0, 0, 0, 0], [0, 0, 0, 3, 3, 3, 3, 0, 0, 0], [0, 0, 0, 0, 3, 3, 0, 0, 0, 0], [0, 3, 1, 1, 3, 0, 0, 0, 0, 0], [0, 1, 1, 1, 1, 0, 0, 2, 0, 0], [0, 3, 3, 3, 3, 3, 0, 0, 0, 0], [0, 2, 2, 3, 2, 2, 0, 0, 0, 0], [0, 0, 0, 0, 0, 0, 0, 0, 0, 0], [0, 0, 0, 0, 0, 0, 0, 0, 0, 0]], "output": [[0, 0, 0, 0, 0, 0, 0, 0, 0, 0], [0, 0, 0, 0, 0, 0, 0, 0, 0, 0], [0, 0, 0, 0, 3, 3, 0, 0, 0, 0], [0, 0, 0, 3, 3, 3, 3, 0, 0, 0], [0, 0, 0, 0, 3, 3, 0, 0, 0, 0], [0, 4, 7, 7, 3, 0, 0, 0, 0, 0], [0, 7, 7, 7, 7, 0, 0, 4, 0, 0], [0, 7, 7, 7, 7, 7, 0, 0, 0, 0], [0, 4, 4, 7, 4, 4, 0, 0, 0, 0], [0, 0, 0, 0, 0, 0, 0, 0, 0, 0], [0, 0, 0, 0, 0, 0, 0, 0, 0, 0]]}, {"input": [[0, 0, 0, 0, 0, 0, 0, 0, 0, 0], [0, 0, 1, 1, 1, 1, 1, 0, 0, 0], [0, 0, 3, 1, 1, 1, 3, 2, 2, 0], [0, 2, 2, 2, 2, 0, 0, 2, 2, 0], [0, 1, 1, 2, 2, 2, 0, 2, 2, 0], [0, 2, 1, 1, 2, 0, 0, 2, 2, 0], [0, 2, 2, 1, 2, 0, 3, 2, 2, 0], [0, 0, 0, 2, 2, 2, 2, 0, 0, 0], [0, 0, 2, 3, 3, 2, 1, 3, 3, 0], [0, 0, 0, 0, 0, 0, 0, 0, 0, 0]], "output": [[0, 0, 0, 0, 0, 0, 0, 0, 0, 0], [0, 0, 7, 7, 7, 7, 7, 0, 0, 0], [0, 0, 4, 7, 7, 7, 4, 3, 3, 0], [0, 3, 3, 3, 3, 0, 0, 3, 3, 0], [0, 7, 7, 3, 3, 3, 0, 3, 3, 0], [0, 4, 7, 7, 3, 0, 0, 3, 3, 0], [0, 4, 4, 7, 3, 0, 4, 3, 3, 0], [0, 0, 0, 3, 3, 3, 3, 0, 0, 0], [0, 0, 4, 4, 4, 3, 4, 4, 4, 0], [0, 0, 0, 0, 0, 0, 0, 0, 0, 0]]}, {"input": [[0, 0, 0, 0, 0, 0, 0, 0, 0, 0, 0, 0, 0], [0, 0, 1, 1, 3, 3, 0, 2, 2, 1, 2, 2, 0], [0, 0, 0, 1, 2, 1, 0, 2, 2, 2, 2, 2, 0], [0, 0, 0, 1, 2, 1, 0, 0, 0, 0, 0, 0, 0], [0, 0, 1, 1, 3, 3, 0, 0, 0, 0, 0, 0, 0], [0, 0, 0, 0, 0, 0, 0, 0, 0, 0, 0, 0, 0], [0, 0, 0, 0, 0, 0, 0, 0, 0, 0, 0, 0, 0], [0, 0, 0, 0, 0, 2, 0, 0, 0, 2, 0, 0, 0], [0, 0, 0, 0, 0, 3, 0, 0, 0, 2, 0, 0, 0], [0, 0, 0, 0, 2, 3, 2, 1, 1, 0, 0, 0, 0], [0, 0, 0, 2, 2, 3, 0, 1, 1, 0, 0, 0, 0], [0, 0, 0, 0, 2, 2, 0, 1, 1, 2, 2, 2, 0], [0, 0, 2, 0, 2, 0, 0, 1, 1, 0, 0, 0, 0], [0, 0, 2, 2, 2, 0, 0, 1, 1, 0, 0, 0, 0], [0, 0, 0, 0, 0, 0, 0, 0, 0, 0, 0, 0, 0]], "output": [[0, 0, 0, 0, 0, 0, 0, 0, 0, 0, 0, 0, 0], [0, 0, 7, 7, 4, 4, 0, 3, 3, 4, 3, 3, 0], [0, 0, 0, 7, 4, 4, 0, 3, 3, 3, 3, 3, 0], [0, 0, 0, 7, 4, 4, 0, 0, 0, 0, 0, 0, 0], [0, 0, 7, 7, 4, 4, 0, 0, 0, 0, 0, 0, 0], [0, 0, 0, 0, 0, 0, 0, 0, 0, 0, 0, 0, 0], [0, 0, 0, 0, 0, 0, 0, 0, 0, 0, 0, 0, 0], [0, 0, 0, 0, 0, 4, 0, 0, 0, 4, 0, 0, 0], [0, 0, 0, 0, 0, 4, 0, 0, 0, 4, 0, 0, 0], [0, 0, 0, 0, 3, 4, 4, 3, 3, 0, 0, 0, 0], [0, 0, 0, 3, 3, 4, 0, 3, 3, 0, 0, 0, 0], [0, 0, 0, 0, 3, 3, 0, 3, 3, 4, 4, 4, 0], [0, 0, 3, 0, 3, 0, 0, 3, 3, 0, 0, 0, 0], [0, 0, 3, 3, 3, 0, 0, 3, 3, 0, 0, 0, 0], [0, 0, 0, 0, 0, 0, 0, 0, 0, 0, 0, 0, 0]]}, {"input": [[0, 0, 0, 0, 0, 0, 0, 0, 0, 0, 0], [0, 3, 0, 1, 2, 2, 2, 1, 1, 1, 0], [0, 2, 0, 0, 3, 2, 2, 2, 1, 3, 0], [0, 2, 1, 2, 1, 2, 1, 1, 1, 3, 0], [0, 1, 1, 1, 3, 3, 1, 3, 3, 2, 0], [0, 0, 3, 3, 1, 2, 2, 2, 2, 0, 0], [0, 2, 3, 1, 1, 3, 0, 0, 0, 0, 0], [0, 2, 0, 1, 2, 2, 2, 0, 0, 2, 0], [0, 2, 0, 1, 0, 0, 2, 1, 1, 2, 0], [0, 1, 2, 1, 0, 0, 2, 0, 0, 2, 0], [0, 2, 2, 2, 0, 3, 3, 0, 0, 0, 0], [0, 0, 0, 0, 0, 3, 3, 0, 0, 0, 0], [0, 0, 0, 0, 3, 3, 3, 0, 0, 0, 0], [0, 0, 0, 0, 0, 0, 0, 0, 0, 0, 0]], "output": [[0, 0, 0, 0, 0, 0, 0, 0, 0, 0, 0], [0, 4, 0, 4, 7, 7, 7, 7, 7, 7, 0], [0, 4, 0, 0, 4, 7, 7, 7, 7, 4, 0], [0, 4, 7, 4, 4, 7, 7, 7, 7, 4, 0], [0, 7, 7, 7, 4, 4, 7, 4, 4, 4, 0], [0, 0, 4, 4, 7, 7, 7, 7, 7, 0, 0], [0, 4, 4, 7, 7, 4, 0, 0, 0, 0, 0], [0, 4, 0, 7, 7, 7, 7, 0, 0, 4, 0], [0, 4, 0, 7, 0, 0, 7, 4, 4, 4, 0], [0, 4, 7, 7, 0, 0, 7, 0, 0, 4, 0], [0, 7, 7, 7, 0, 7, 7, 0, 0, 0, 0], [0, 0, 0, 0, 0, 7, 7, 0, 0, 0, 0], [0, 0, 0, 0, 7, 7, 7, 0, 0, 0, 0], [0, 0, 0, 0, 0, 0, 0, 0, 0, 0, 0]]}, {"input": [[0, 0, 0, 0, 0, 0, 0, 0, 0, 0, 0, 0, 0, 0, 0], [0, 0, 0, 0, 0, 0, 0, 0, 0, 0, 0, 0, 0, 0, 0], [0, 1, 3, 0, 3, 1, 0, 0, 0, 0, 0, 0, 0, 0, 0], [0, 1, 1, 1, 1, 1, 0, 0, 1, 2, 2, 2, 1, 0, 0], [0, 0, 0, 3, 0, 0, 0, 0, 3, 0, 0, 0, 3, 0, 0], [0, 3, 3, 3, 3, 3, 0, 0, 1, 2, 2, 2, 1, 0, 0], [0, 0, 0, 3, 0, 0, 0, 0, 0, 0, 3, 0, 0, 0, 0], [0, 0, 0, 0, 0, 2, 2, 2, 0, 0, 3, 0, 0, 0, 0], [0, 0, 0, 0, 0, 0, 2, 0, 0, 0, 3, 0, 0, 0, 0], [0, 0, 0, 0, 0, 2, 2, 2, 0, 0, 3, 0, 0, 0, 0], [0, 0, 0, 0, 0, 0, 0, 0, 0, 0, 0, 0, 0, 0, 0]], "output": [[0, 0, 0, 0, 0, 0, 0, 0, 0, 0, 0, 0, 0, 0, 0], [0, 0, 0, 0, 0, 0, 0, 0, 0, 0, 0, 0, 0, 0, 0], [0, 7, 4, 0, 4, 7, 0, 0, 0, 0, 0, 0, 0, 0, 0], [0, 7, 7, 7, 7, 7, 0, 0, 4, 4, 4, 4, 4, 0, 0], [0, 0, 0, 7, 0, 0, 0, 0, 4, 0, 0, 0, 4, 0, 0], [0, 7, 7, 7, 7, 7, 0, 0, 4, 4, 4, 4, 4, 0, 0], [0, 0, 0, 7, 0, 0, 0, 0, 0, 0, 7, 0, 0, 0, 0], [0, 0, 0, 0, 0, 7, 7, 7, 0, 0, 7, 0, 0, 0, 0], [0, 0, 0, 0, 0, 0, 7, 0, 0, 0, 7, 0, 0, 0, 0], [0, 0, 0, 0, 0, 7, 7, 7, 0, 0, 7, 0, 0, 0, 0], [0, 0, 0, 0, 0, 0, 0, 0, 0, 0, 0, 0, 0, 0, 0]]}, {"input": [[0, 0, 0, 0, 0, 0, 0, 0, 0, 0, 0], [0, 0, 0, 0, 2, 2, 2, 2, 0, 0, 0], [0, 0, 0, 0, 1, 2, 2, 1, 0, 0, 0], [0, 0, 0, 0, 1, 2, 2, 1, 0, 0, 0], [0, 0, 0, 1, 0, 0, 0, 0, 0, 0, 0], [0, 0, 0, 1, 0, 2, 1, 1, 0, 0, 0], [0, 0, 0, 2, 0, 3, 3, 0, 0, 0, 0], [0, 0, 0, 3, 0, 3, 0, 0, 2, 0, 0], [0, 0, 0, 1, 2, 2, 2, 0, 2, 0, 0], [0, 1, 2, 2, 2, 2, 2, 0, 0, 0, 0], [0, 0, 0, 0, 0, 0, 0, 0, 0, 0, 0]], "output": [[0, 0, 0, 0, 0, 0, 0, 0, 0, 0, 0], [0, 0, 0, 0, 7, 7, 7, 7, 0, 0, 0], [0, 0, 0, 0, 4, 7, 7, 4, 0, 0, 0], [0, 0, 0, 0, 4, 7, 7, 4, 0, 0, 0], [0, 0, 0, 4, 0, 0, 0, 0, 0, 0, 0], [0, 0, 0, 4, 0, 4, 4, 4, 0, 0, 0], [0, 0, 0, 4, 0, 4, 4, 0, 0, 0, 0], [0, 0, 0, 4, 0, 4, 0, 0, 4, 0, 0], [0, 0, 0, 4, 7, 7, 7, 0, 4, 0, 0], [0, 4, 7, 7, 7, 7, 7, 0, 0, 0, 0], [0, 0, 0, 0, 0, 0, 0, 0, 0, 0, 0]]}, {"input": [[0, 0, 0, 0, 0, 0, 0, 0, 0, 0, 0, 0], [0, 0, 0, 0, 0, 0, 0, 0, 0, 0, 0, 0], [0, 0, 0, 0, 0, 0, 0, 0, 2, 2, 2, 0], [0, 3, 3, 1, 1, 1, 3, 2, 0, 3, 0, 0], [0, 2, 3, 1, 1, 1, 1, 1, 0, 2, 0, 0], [0, 2, 1, 1, 1, 1, 1, 1, 0, 3, 0, 0], [0, 0, 2, 1, 1, 1, 3, 2, 2, 2, 2, 0], [0, 0, 2, 0, 0, 0, 0, 0, 0, 0, 0, 0], [0, 0, 0, 0, 0, 0, 0, 2, 0, 0, 0, 0], [0, 0, 0, 0, 0, 0, 0, 0, 0, 0, 0, 0]], "output": [[0, 0, 0, 0, 0, 0, 0, 0, 0, 0, 0, 0], [0, 0, 0, 0, 0, 0, 0, 0, 0, 0, 0, 0], [0, 0, 0, 0, 0, 0, 0, 0, 4, 4, 4, 0], [0, 4, 4, 3, 3, 3, 4, 4, 0, 4, 0, 0], [0, 4, 4, 3, 3, 3, 3, 3, 0, 4, 0, 0], [0, 4, 3, 3, 3, 3, 3, 3, 0, 4, 0, 0], [0, 0, 4, 3, 3, 3, 4, 7, 7, 7, 7, 0], [0, 0, 4, 0, 0, 0, 0, 0, 0, 0, 0, 0], [0, 0, 0, 0, 0, 0, 0, 4, 0, 0, 0, 0], [0, 0, 0, 0, 0, 0, 0, 0, 0, 0, 0, 0]]}, {"input": [[0, 0, 0, 0, 0, 0, 0, 0, 0, 0, 0], [0, 1, 1, 1, 2, 1, 0, 0, 2, 0, 0], [0, 2, 2, 2, 3, 0, 2, 3, 2, 3, 0], [0, 2, 3, 3, 2, 2, 1, 3, 2, 3, 0], [0, 0, 0, 3, 2, 2, 3, 2, 2, 2, 0], [0, 0, 0, 0, 2, 2, 1, 1, 1, 1, 0], [0, 3, 3, 0, 2, 0, 2, 2, 2, 0, 0], [0, 3, 3, 0, 0, 0, 2, 2, 2, 2, 0], [0, 3, 3, 0, 0, 0, 2, 2, 2, 2, 0], [0, 0, 0, 0, 0, 0, 0, 2, 2, 0, 0], [0, 0, 0, 0, 0, 0, 0, 0, 0, 0, 0]], "output": [[0, 0, 0, 0, 0, 0, 0, 0, 0, 0, 0], [0, 4, 4, 4, 4, 4, 0, 0, 7, 0, 0], [0, 7, 7, 7, 4, 0, 4, 4, 7, 4, 0], [0, 7, 4, 4, 7, 7, 4, 4, 7, 4, 0], [0, 0, 0, 4, 7, 7, 4, 7, 7, 7, 0], [0, 0, 0, 0, 7, 7, 7, 7, 7, 7, 0], [0, 7, 7, 0, 7, 0, 3, 3, 3, 0, 0], [0, 7, 7, 0, 0, 0, 3, 3, 3, 3, 0], [0, 7, 7, 0, 0, 0, 3, 3, 3, 3, 0], [0, 0, 0, 0, 0, 0, 0, 3, 3, 0, 0], [0, 0, 0, 0, 0, 0, 0, 0, 0, 0, 0]]}, {"input": [[0, 0, 0, 0, 0, 0, 0, 0, 0, 0, 0], [0, 2, 0, 0, 0, 0, 2, 2, 2, 2, 0], [0, 2, 0, 0, 1, 3, 2, 0, 0, 2, 0], [0, 2, 2, 2, 2, 2, 2, 0, 0, 2, 0], [0, 2, 0, 0, 0, 0, 2, 0, 0, 2, 0], [0, 2, 3, 0, 0, 0, 2, 2, 2, 2, 0], [0, 0, 3, 1, 0, 0, 1, 0, 0, 0, 0], [0, 0, 3, 1, 2, 2, 1, 0, 0, 0, 0], [0, 0, 3, 1, 2, 2, 1, 2, 1, 1, 0], [0, 2, 3, 1, 0, 0, 1, 2, 2, 0, 0], [0, 2, 2, 2, 2, 2, 2, 2, 1, 1, 0], [0, 0, 0, 0, 0, 2, 2, 2, 3, 3, 0], [0, 0, 0, 0, 0, 2, 2, 2, 3, 3, 0], [0, 0, 0, 0, 0, 0, 0, 0, 0, 0, 0]], "output": [[0, 0, 0, 0, 0, 0, 0, 0, 0, 0, 0], [0, 3, 0, 0, 0, 0, 3, 3, 3, 3, 0], [0, 3, 0, 0, 4, 4, 3, 0, 0, 3, 0], [0, 3, 3, 3, 3, 3, 3, 0, 0, 3, 0], [0, 3, 0, 0, 0, 0, 3, 0, 0, 3, 0], [0, 3, 7, 0, 0, 0, 3, 3, 3, 3, 0], [0, 0, 7, 7, 0, 0, 7, 0, 0, 0, 0], [0, 0, 7, 7, 7, 7, 7, 0, 0, 0, 0], [0, 0, 7, 7, 7, 7, 7, 3, 4, 4, 0], [0, 3, 7, 7, 0, 0, 7, 3, 3, 0, 0], [0, 3, 3, 3, 3, 3, 3, 3, 4, 4, 0], [0, 0, 0, 0, 0, 3, 3, 3, 7, 7, 0], [0, 0, 0, 0, 0, 3, 3, 3, 7, 7, 0], [0, 0, 0, 0, 0, 0, 0, 0, 0, 0, 0]]}, {"input": [[0, 0, 0, 0, 0, 0, 0, 0, 0, 0, 0], [0, 1, 1, 1, 1, 0, 1, 1, 0, 0, 0], [0, 1, 1, 1, 1, 0, 0, 0, 0, 0, 0], [0, 0, 0, 0, 0, 0, 2, 2, 2, 2, 0], [0, 0, 0, 2, 2, 0, 2, 2, 2, 2, 0], [0, 0, 0, 2, 2, 0, 2, 2, 2, 2, 0], [0, 0, 0, 2, 2, 0, 0, 2, 2, 0, 0], [0, 1, 0, 2, 2, 2, 0, 2, 2, 0, 0], [0, 2, 2, 2, 0, 3, 0, 2, 2, 0, 0], [0, 3, 2, 2, 0, 3, 3, 2, 2, 3, 0], [0, 3, 2, 2, 0, 3, 2, 0, 0, 2, 0], [0, 1, 2, 2, 0, 1, 2, 0, 0, 2, 0], [0, 0, 2, 2, 0, 0, 3, 2, 2, 3, 0], [0, 0, 0, 0, 0, 0, 0, 0, 0, 0, 0]], "output": [[0, 0, 0, 0, 0, 0, 0, 0, 0, 0, 0], [0, 7, 7, 7, 7, 0, 4, 4, 0, 0, 0], [0, 7, 7, 7, 7, 0, 0, 0, 0, 0, 0], [0, 0, 0, 0, 0, 0, 3, 3, 3, 3, 0], [0, 0, 0, 3, 3, 0, 3, 3, 3, 3, 0], [0, 0, 0, 3, 3, 0, 3, 3, 3, 3, 0], [0, 0, 0, 3, 3, 0, 0, 3, 3, 0, 0], [0, 4, 0, 3, 3, 3, 0, 3, 3, 0, 0], [0, 3, 3, 3, 0, 7, 0, 3, 3, 0, 0], [0, 4, 3, 3, 0, 7, 7, 3, 3, 4, 0], [0, 4, 3, 3, 0, 7, 4, 0, 0, 4, 0], [0, 4, 3, 3, 0, 4, 4, 0, 0, 4, 0], [0, 0, 3, 3, 0, 0, 4, 4, 4, 4, 0], [0, 0, 0, 0, 0, 0, 0, 0, 0, 0, 0]]}, {"input": [[0, 0, 0, 0, 0, 0, 0, 0, 0, 0, 0, 0], [0, 0, 0, 1, 2, 1, 1, 2, 1, 1, 3, 0], [0, 0, 0, 2, 2, 1, 2, 2, 2, 1, 3, 0], [0, 0, 0, 1, 2, 1, 2, 1, 0, 1, 0, 0], [0, 2, 2, 2, 1, 1, 1, 0, 2, 1, 3, 0], [0, 2, 2, 2, 2, 1, 0, 0, 1, 1, 3, 0], [0, 0, 0, 2, 2, 1, 2, 2, 0, 2, 2, 0], [0, 0, 0, 2, 3, 3, 3, 2, 0, 0, 0, 0], [0, 3, 1, 1, 3, 3, 3, 3, 3, 0, 0, 0], [0, 0, 0, 0, 0, 0, 0, 0, 0, 0, 0, 0]], "output": [[0, 0, 0, 0, 0, 0, 0, 0, 0, 0, 0, 0], [0, 0, 0, 4, 7, 3, 3, 7, 7, 7, 4, 0], [0, 0, 0, 7, 7, 3, 7, 7, 7, 7, 4, 0], [0, 0, 0, 4, 7, 3, 7, 4, 0, 7, 0, 0], [0, 3, 3, 3, 3, 3, 3, 0, 4, 7, 4, 0], [0, 3, 3, 3, 3, 3, 0, 0, 7, 7, 4, 0], [0, 0, 0, 3, 3, 3, 4, 4, 0, 4, 4, 0], [0, 0, 0, 3, 7, 7, 7, 4, 0, 0, 0, 0], [0, 4, 4, 4, 7, 7, 7, 7, 7, 0, 0, 0], [0, 0, 0, 0, 0, 0, 0, 0, 0, 0, 0, 0]]}, {"input": [[0, 0, 0, 0, 0, 0, 0, 0, 0, 0], [0, 0, 0, 0, 0, 0, 1, 1, 0, 0], [0, 0, 3, 1, 1, 1, 2, 2, 1, 0], [0, 0, 3, 3, 2, 3, 1, 1, 3, 0], [0, 2, 0, 2, 2, 3, 0, 0, 3, 0], [0, 0, 3, 2, 2, 0, 2, 2, 1, 0], [0, 0, 3, 0, 3, 3, 0, 2, 0, 0], [0, 1, 1, 0, 0, 0, 0, 2, 0, 0], [0, 1, 1, 3, 1, 3, 0, 1, 0, 0], [0, 1, 1, 2, 1, 2, 0, 0, 0, 0], [0, 0, 0, 0, 0, 0, 0, 0, 0, 0]], "output": [[0, 0, 0, 0, 0, 0, 0, 0, 0, 0], [0, 0, 0, 0, 0, 0, 4, 4, 0, 0], [0, 0, 4, 4, 4, 4, 4, 4, 4, 0], [0, 0, 4, 4, 7, 4, 4, 4, 4, 0], [0, 4, 0, 7, 7, 4, 0, 0, 4, 0], [0, 0, 4, 7, 7, 0, 7, 7, 4, 0], [0, 0, 4, 0, 4, 4, 0, 7, 0, 0], [0, 7, 7, 0, 0, 0, 0, 7, 0, 0], [0, 7, 7, 4, 4, 4, 0, 4, 0, 0], [0, 7, 7, 4, 4, 4, 0, 0, 0, 0], [0, 0, 0, 0, 0, 0, 0, 0, 0, 0]]}, {"input": [[0, 0, 0, 0, 0, 0, 0, 0, 0, 0, 0, 0, 0, 0, 0], [0, 0, 0, 0, 0, 0, 0, 0, 0, 0, 0, 0, 0, 0, 0], [0, 3, 2, 0, 0, 0, 0, 1, 1, 0, 0, 0, 0, 0, 0], [0, 1, 2, 0, 0, 1, 2, 2, 2, 2, 0, 0, 0, 0, 0], [0, 3, 3, 0, 0, 0, 0, 3, 3, 3, 0, 0, 0, 0, 0], [0, 1, 2, 0, 0, 3, 3, 3, 3, 3, 0, 0, 0, 0, 0], [0, 3, 2, 0, 0, 0, 0, 0, 0, 0, 0, 2, 0, 0, 0], [0, 0, 0, 0, 0, 0, 0, 2, 0, 2, 2, 2, 0, 0, 0], [0, 0, 0, 3, 0, 3, 0, 2, 2, 2, 2, 2, 0, 0, 0], [0, 0, 2, 2, 2, 2, 2, 2, 2, 2, 2, 2, 0, 0, 0], [0, 0, 2, 0, 0, 0, 2, 2, 0, 2, 2, 0, 0, 0, 0], [0, 0, 2, 2, 2, 2, 2, 2, 0, 2, 2, 2, 0, 0, 0], [0, 0, 0, 3, 0, 3, 0, 0, 0, 2, 2, 2, 0, 0, 0], [0, 0, 0, 0, 0, 0, 0, 0, 0, 0, 0, 0, 0, 0, 0], [0, 0, 0, 0, 0, 0, 0, 0, 0, 0, 0, 0, 0, 0, 0]], "output": [[0, 0, 0, 0, 0, 0, 0, 0, 0, 0, 0, 0, 0, 0, 0], [0, 0, 0, 0, 0, 0, 0, 0, 0, 0, 0, 0, 0, 0, 0], [0, 4, 4, 0, 0, 0, 0, 4, 4, 0, 0, 0, 0, 0, 0], [0, 4, 4, 0, 0, 4, 7, 7, 7, 7, 0, 0, 0, 0, 0], [0, 4, 4, 0, 0, 0, 0, 7, 7, 7, 0, 0, 0, 0, 0], [0, 4, 4, 0, 0, 7, 7, 7, 7, 7, 0, 0, 0, 0, 0], [0, 4, 4, 0, 0, 0, 0, 0, 0, 0, 0, 3, 0, 0, 0], [0, 0, 0, 0, 0, 0, 0, 3, 0, 3, 3, 3, 0, 0, 0], [0, 0, 0, 4, 0, 4, 0, 3, 3, 3, 3, 3, 0, 0, 0], [0, 0, 3, 3, 3, 3, 3, 3, 3, 3, 3, 3, 0, 0, 0], [0, 0, 3, 0, 0, 0, 3, 3, 0, 3, 3, 0, 0, 0, 0], [0, 0, 3, 3, 3, 3, 3, 3, 0, 3, 3, 3, 0, 0, 0], [0, 0, 0, 4, 0, 4, 0, 0, 0, 3, 3, 3, 0, 0, 0], [0, 0, 0, 0, 0, 0, 0, 0, 0, 0, 0, 0, 0, 0, 0], [0, 0, 0, 0, 0, 0, 0, 0, 0, 0, 0, 0, 0, 0, 0]]}, {"input": [[0, 0, 0, 0, 0, 0, 0, 0, 0, 0, 0, 0], [0, 0, 3, 3, 3, 3, 3, 1, 1, 3, 3, 0], [0, 0, 3, 3, 3, 3, 3, 0, 0, 3, 3, 0], [0, 0, 0, 0, 2, 2, 2, 1, 1, 3, 3, 0], [0, 2, 2, 2, 2, 1, 1, 0, 0, 2, 0, 0], [0, 0, 0, 0, 1, 0, 1, 0, 0, 0, 0, 0], [0, 0, 0, 0, 2, 1, 1, 0, 0, 2, 0, 0], [0, 3, 1, 1, 2, 2, 2, 0, 0, 2, 2, 0], [0, 0, 0, 0, 2, 2, 3, 2, 2, 2, 0, 0], [0, 0, 0, 0, 1, 2, 3, 2, 1, 0, 0, 0], [0, 0, 0, 0, 0, 3, 3, 3, 0, 0, 0, 0], [0, 0, 0, 0, 0, 0, 0, 0, 0, 0, 0, 0]], "output": [[0, 0, 0, 0, 0, 0, 0, 0, 0, 0, 0, 0], [0, 0, 3, 3, 3, 3, 3, 4, 4, 7, 7, 0], [0, 0, 3, 3, 3, 3, 3, 0, 0, 7, 7, 0], [0, 0, 0, 0, 7, 7, 7, 4, 4, 7, 7, 0], [0, 7, 7, 7, 7, 7, 7, 0, 0, 4, 0, 0], [0, 0, 0, 0, 4, 0, 7, 0, 0, 0, 0, 0], [0, 0, 0, 0, 7, 7, 7, 0, 0, 7, 0, 0], [0, 4, 4, 4, 7, 7, 7, 0, 0, 7, 7, 0], [0, 0, 0, 0, 7, 7, 7, 7, 7, 7, 0, 0], [0, 0, 0, 0, 4, 7, 7, 7, 4, 0, 0, 0], [0, 0, 0, 0, 0, 7, 7, 7, 0, 0, 0, 0], [0, 0, 0, 0, 0, 0, 0, 0, 0, 0, 0, 0]]}, {"input": [[0, 0, 0, 0, 0, 0, 0, 0, 0, 0, 0], [0, 0, 0, 0, 2, 2, 1, 1, 1, 1, 0], [0, 0, 0, 0, 2, 2, 0, 1, 1, 0, 0], [0, 0, 0, 0, 1, 0, 1, 3, 0, 2, 0], [0, 0, 0, 2, 1, 2, 2, 2, 2, 2, 0], [0, 0, 0, 3, 0, 3, 2, 2, 2, 2, 0], [0, 0, 0, 2, 1, 2, 1, 3, 0, 2, 0], [0, 3, 2, 2, 1, 0, 0, 1, 1, 1, 0], [0, 3, 3, 3, 3, 2, 3, 1, 1, 1, 0], [0, 3, 3, 2, 0, 0, 0, 0, 0, 0, 0], [0, 0, 3, 0, 2, 3, 1, 3, 2, 0, 0], [0, 2, 2, 0, 1, 3, 3, 3, 1, 0, 0], [0, 0, 2, 2, 3, 3, 0, 3, 3, 0, 0], [0, 0, 0, 0, 2, 3, 3, 0, 0, 0, 0], [0, 0, 0, 0, 0, 0, 0, 0, 0, 0, 0]], "output": [[0, 0, 0, 0, 0, 0, 0, 0, 0, 0, 0], [0, 0, 0, 0, 7, 7, 7, 7, 7, 7, 0], [0, 0, 0, 0, 7, 7, 0, 7, 7, 0, 0], [0, 0, 0, 0, 4, 0, 4, 4, 0, 3, 0], [0, 0, 0, 4, 4, 3, 3, 3, 3, 3, 0], [0, 0, 0, 4, 0, 4, 3, 3, 3, 3, 0], [0, 0, 0, 4, 4, 4, 4, 4, 0, 3, 0], [0, 7, 4, 4, 4, 0, 0, 7, 7, 7, 0], [0, 7, 7, 7, 7, 4, 4, 7, 7, 7, 0], [0, 7, 7, 4, 0, 0, 0, 0, 0, 0, 0], [0, 0, 7, 0, 4, 3, 4, 3, 4, 0, 0], [0, 7, 7, 0, 4, 3, 3, 3, 4, 0, 0], [0, 0, 7, 7, 3, 3, 0, 3, 3, 0, 0], [0, 0, 0, 0, 4, 3, 3, 0, 0, 0, 0], [0, 0, 0, 0, 0, 0, 0, 0, 0, 0, 0]]}, {"input": [[0, 0, 0, 0, 0, 0, 0, 0, 0, 0, 0], [0, 0, 3, 1, 1, 1, 1, 1, 0, 2, 0], [0, 2, 3, 2, 3, 3, 3, 2, 0, 1, 0], [0, 2, 2, 0, 0, 0, 0, 1, 0, 1, 0], [0, 2, 3, 2, 0, 0, 0, 1, 0, 1, 0], [0, 0, 3, 2, 0, 0, 0, 1, 1, 1, 0], [0, 0, 0, 2, 0, 0, 0, 1, 1, 1, 0], [0, 0, 0, 2, 2, 2, 2, 2, 0, 0, 0], [0, 0, 0, 0, 2, 2, 2, 2, 0, 0, 0], [0, 0, 0, 0, 0, 0, 0, 0, 0, 0, 0], [0, 0, 0, 0, 0, 2, 0, 0, 0, 0, 0], [0, 0, 0, 0, 0, 0, 0, 0, 0, 0, 0], [0, 0, 0, 0, 0, 0, 0, 0, 0, 0, 0]], "output": [[0, 0, 0, 0, 0, 0, 0, 0, 0, 0, 0], [0, 0, 4, 7, 7, 7, 7, 7, 0, 4, 0], [0, 7, 4, 4, 4, 4, 4, 4, 0, 3, 0], [0, 7, 7, 0, 0, 0, 0, 3, 0, 3, 0], [0, 7, 4, 3, 0, 0, 0, 3, 0, 3, 0], [0, 0, 4, 3, 0, 0, 0, 3, 3, 3, 0], [0, 0, 0, 3, 0, 0, 0, 3, 3, 3, 0], [0, 0, 0, 3, 3, 3, 3, 3, 0, 0, 0], [0, 0, 0, 0, 3, 3, 3, 3, 0, 0, 0], [0, 0, 0, 0, 0, 0, 0, 0, 0, 0, 0], [0, 0, 0, 0, 0, 4, 0, 0, 0, 0, 0], [0, 0, 0, 0, 0, 0, 0, 0, 0, 0, 0], [0, 0, 0, 0, 0, 0, 0, 0, 0, 0, 0]]}, {"input": [[0, 0, 0, 0, 0, 0, 0, 0, 0, 0, 0, 0], [0, 1, 3, 1, 3, 1, 0, 0, 0, 0, 0, 0], [0, 1, 2, 1, 2, 1, 0, 3, 3, 3, 0, 0], [0, 1, 1, 1, 1, 1, 0, 0, 3, 0, 0, 0], [0, 0, 0, 0, 0, 0, 0, 0, 3, 0, 0, 0], [0, 0, 3, 3, 3, 3, 0, 3, 3, 3, 0, 0], [0, 0, 3, 3, 0, 3, 0, 1, 1, 1, 0, 0], [0, 0, 3, 1, 2, 3, 3, 3, 1, 3, 3, 0], [0, 0, 1, 3, 0, 3, 0, 3, 1, 3, 0, 0], [0, 0, 1, 3, 3, 3, 0, 2, 2, 2, 2, 0], [0, 2, 2, 2, 2, 0, 0, 0, 0, 0, 0, 0], [0, 0, 0, 0, 0, 0, 0, 0, 0, 0, 0, 0]], "output": [[0, 0, 0, 0, 0, 0, 0, 0, 0, 0, 0, 0], [0, 3, 4, 3, 4, 3, 0, 0, 0, 0, 0, 0], [0, 3, 4, 3, 4, 3, 0, 7, 7, 7, 0, 0], [0, 3, 3, 3, 3, 3, 0, 0, 7, 0, 0, 0], [0, 0, 0, 0, 0, 0, 0, 0, 7, 0, 0, 0], [0, 0, 3, 3, 3, 3, 0, 7, 7, 7, 0, 0], [0, 0, 3, 3, 0, 3, 0, 7, 7, 7, 0, 0], [0, 0, 3, 4, 4, 3, 3, 3, 7, 4, 4, 0], [0, 0, 4, 3, 0, 3, 0, 3, 7, 4, 0, 0], [0, 0, 4, 3, 3, 3, 0, 7, 7, 7, 7, 0], [0, 7, 7, 7, 7, 0, 0, 0, 0, 0, 0, 0], [0, 0, 0, 0, 0, 0, 0, 0, 0, 0, 0, 0]]}, {"input": [[0, 0, 0, 0, 0, 0, 0, 0, 0, 0, 0, 0, 0], [0, 0, 0, 0, 0, 0, 0, 0, 0, 0, 0, 0, 0], [0, 0, 0, 0, 1, 1, 0, 1, 0, 0, 2, 0, 0], [0, 2, 3, 3, 0, 2, 2, 1, 0, 0, 2, 0, 0], [0, 2, 0, 0, 1, 2, 2, 0, 2, 3, 2, 0, 0], [0, 0, 0, 0, 1, 0, 1, 1, 0, 0, 0, 3, 0], [0, 0, 0, 0, 0, 0, 0, 0, 0, 0, 0, 3, 0], [0, 0, 0, 0, 0, 0, 0, 0, 0, 0, 0, 3, 0], [0, 0, 0, 0, 0, 0, 2, 3, 2, 0, 0, 2, 0], [0, 0, 0, 0, 0, 3, 3, 1, 3, 3, 0, 2, 0], [0, 0, 0, 0, 0, 3, 0, 2, 2, 0, 2, 0, 0], [0, 0, 1, 1, 2, 2, 2, 2, 2, 0, 2, 0, 0], [0, 0, 1, 1, 0, 3, 0, 2, 2, 0, 2, 0, 0], [0, 0, 1, 1, 0, 0, 0, 2, 2, 0, 2, 0, 0], [0, 0, 0, 0, 0, 0, 0, 0, 0, 0, 0, 0, 0]], "output": [[0, 0, 0, 0, 0, 0, 0, 0, 0, 0, 0, 0, 0], [0, 0, 0, 0, 0, 0, 0, 0, 0, 0, 0, 0, 0], [0, 0, 0, 0, 4, 4, 0, 4, 0, 0, 4, 0, 0], [0, 4, 4, 4, 0, 7, 7, 4, 0, 0, 4, 0, 0], [0, 4, 0, 0, 4, 7, 7, 0, 4, 4, 4, 0, 0], [0, 0, 0, 0, 4, 0, 4, 4, 0, 0, 0, 4, 0], [0, 0, 0, 0, 0, 0, 0, 0, 0, 0, 0, 4, 0], [0, 0, 0, 0, 0, 0, 0, 0, 0, 0, 0, 4, 0], [0, 0, 0, 0, 0, 0, 4, 4, 4, 0, 0, 4, 0], [0, 0, 0, 0, 0, 4, 4, 4, 4, 4, 0, 4, 0], [0, 0, 0, 0, 0, 4, 0, 3, 3, 0, 7, 0, 0], [0, 0, 7, 7, 3, 3, 3, 3, 3, 0, 7, 0, 0], [0, 0, 7, 7, 0, 4, 0, 3, 3, 0, 7, 0, 0], [0, 0, 7, 7, 0, 0, 0, 3, 3, 0, 7, 0, 0], [0, 0, 0, 0, 0, 0, 0, 0, 0, 0, 0, 0, 0]]}, {"input": [[0, 0, 0, 0, 0, 0, 0, 0, 0, 0, 0, 0, 0, 0], [0, 0, 0, 0, 0, 0, 0, 0, 0, 0, 0, 0, 0, 0], [0, 0, 2, 0, 2, 2, 1, 2, 2, 0, 0, 0, 0, 0], [0, 0, 3, 0, 0, 0, 0, 0, 0, 0, 2, 0, 0, 0], [0, 0, 2, 2, 3, 3, 2, 2, 2, 0, 2, 0, 0, 0], [0, 0, 0, 3, 3, 3, 0, 2, 2, 2, 1, 0, 0, 0], [0, 0, 0, 3, 3, 3, 0, 0, 0, 3, 2, 3, 0, 0], [0, 2, 2, 2, 3, 3, 2, 0, 0, 3, 2, 3, 0, 0], [0, 2, 2, 0, 1, 1, 1, 3, 3, 3, 3, 0, 0, 0], [0, 2, 2, 0, 1, 0, 1, 3, 3, 3, 3, 0, 0, 0], [0, 2, 2, 0, 1, 0, 1, 1, 1, 1, 1, 0, 0, 0], [0, 2, 2, 2, 1, 0, 1, 3, 3, 3, 3, 0, 0, 0], [0, 0, 0, 0, 1, 1, 1, 3, 3, 3, 3, 0, 0, 0], [0, 0, 0, 0, 0, 0, 0, 0, 0, 0, 0, 0, 0, 0]], "output": [[0, 0, 0, 0, 0, 0, 0, 0, 0, 0, 0, 0, 0, 0], [0, 0, 0, 0, 0, 0, 0, 0, 0, 0, 0, 0, 0, 0], [0, 0, 4, 0, 4, 4, 4, 4, 4, 0, 0, 0, 0, 0], [0, 0, 4, 0, 0, 0, 0, 0, 0, 0, 4, 0, 0, 0], [0, 0, 4, 4, 3, 3, 7, 7, 7, 0, 4, 0, 0, 0], [0, 0, 0, 3, 3, 3, 0, 7, 7, 7, 4, 0, 0, 0], [0, 0, 0, 3, 3, 3, 0, 0, 0, 3, 4, 4, 0, 0], [0, 3, 3, 3, 3, 3, 4, 0, 0, 3, 4, 4, 0, 0], [0, 3, 3, 0, 3, 3, 3, 3, 3, 3, 3, 0, 0, 0], [0, 3, 3, 0, 3, 0, 3, 3, 3, 3, 3, 0, 0, 0], [0, 3, 3, 0, 3, 0, 3, 3, 3, 3, 3, 0, 0, 0], [0, 3, 3, 3, 3, 0, 3, 7, 7, 7, 7, 0, 0, 0], [0, 0, 0, 0, 3, 3, 3, 7, 7, 7, 7, 0, 0, 0], [0, 0, 0, 0, 0, 0, 0, 0, 0, 0, 0, 0, 0, 0]]}, {"input": [[0, 0, 0, 0, 0, 0, 0, 0, 0, 0], [0, 0, 0, 0, 0, 0, 1, 3, 0, 0], [0, 3, 1, 1, 3, 0, 0, 3, 0, 0], [0, 1, 1, 0, 0, 0, 0, 2, 0, 0], [0, 3, 1, 0, 1, 1, 0, 2, 0, 0], [0, 0, 0, 0, 0, 1, 1, 1, 3, 0], [0, 0, 1, 1, 2, 1, 1, 3, 3, 0], [0, 0, 0, 0, 0, 0, 0, 0, 2, 0], [0, 0, 0, 0, 0, 0, 0, 3, 3, 0], [0, 0, 0, 0, 0, 0, 0, 1, 3, 0], [0, 0, 0, 0, 0, 0, 0, 0, 0, 0]], "output": [[0, 0, 0, 0, 0, 0, 0, 0, 0, 0], [0, 0, 0, 0, 0, 0, 4, 4, 0, 0], [0, 4, 7, 7, 4, 0, 0, 4, 0, 0], [0, 7, 7, 0, 0, 0, 0, 4, 0, 0], [0, 4, 7, 0, 7, 7, 0, 4, 0, 0], [0, 0, 0, 0, 0, 7, 7, 7, 4, 0], [0, 0, 4, 4, 4, 7, 7, 4, 4, 0], [0, 0, 0, 0, 0, 0, 0, 0, 4, 0], [0, 0, 0, 0, 0, 0, 0, 4, 4, 0], [0, 0, 0, 0, 0, 0, 0, 4, 4, 0], [0, 0, 0, 0, 0, 0, 0, 0, 0, 0]]}, {"input": [[0, 0, 0, 0, 0, 0, 0, 0, 0, 0, 0, 0, 0], [0, 0, 0, 0, 0, 0, 0, 0, 0, 0, 0, 0, 0], [0, 0, 2, 0, 0, 2, 0, 0, 0, 0, 2, 2, 0], [0, 0, 0, 0, 0, 3, 3, 1, 2, 2, 2, 2, 0], [0, 0, 2, 2, 0, 3, 3, 0, 2, 2, 2, 2, 0], [0, 3, 3, 3, 2, 3, 3, 3, 0, 1, 2, 2, 0], [0, 0, 2, 2, 2, 0, 0, 2, 3, 3, 0, 0, 0], [0, 1, 2, 2, 1, 0, 2, 2, 2, 2, 0, 0, 0], [0, 1, 0, 0, 1, 0, 2, 0, 2, 2, 0, 0, 0], [0, 1, 2, 2, 1, 2, 2, 2, 2, 2, 0, 2, 0], [0, 0, 0, 0, 0, 0, 2, 0, 3, 3, 0, 2, 0], [0, 0, 0, 0, 0, 0, 0, 0, 0, 0, 0, 0, 0]], "output": [[0, 0, 0, 0, 0, 0, 0, 0, 0, 0, 0, 0, 0], [0, 0, 0, 0, 0, 0, 0, 0, 0, 0, 0, 0, 0], [0, 0, 4, 0, 0, 4, 0, 0, 0, 0, 3, 3, 0], [0, 0, 0, 0, 0, 7, 7, 4, 3, 3, 3, 3, 0], [0, 0, 4, 4, 0, 7, 7, 0, 3, 3, 3, 3, 0], [0, 4, 4, 4, 7, 7, 7, 7, 0, 4, 3, 3, 0], [0, 0, 7, 7, 7, 0, 0, 3, 4, 4, 0, 0, 0], [0, 4, 7, 7, 4, 0, 3, 3, 3, 3, 0, 0, 0], [0, 4, 0, 0, 4, 0, 3, 0, 3, 3, 0, 0, 0], [0, 4, 4, 4, 4, 3, 3, 3, 3, 3, 0, 4, 0], [0, 0, 0, 0, 0, 0, 3, 0, 4, 4, 0, 4, 0], [0, 0, 0, 0, 0, 0, 0, 0, 0, 0, 0, 0, 0]]}], "test": [{"input": [[0, 0, 0, 0, 0, 0, 0, 0, 0, 0, 0, 0], [0, 0, 0, 0, 1, 1, 1, 1, 3, 2, 0, 0], [0, 0, 0, 0, 1, 1, 1, 1, 3, 0, 0, 0], [0, 0, 0, 1, 1, 2, 0, 0, 3, 0, 0, 0], [0, 0, 1, 1, 1, 1, 0, 0, 3, 2, 0, 0], [0, 1, 1, 1, 1, 1, 0, 0, 0, 0, 0, 0], [0, 1, 1, 1, 2, 1, 3, 1, 2, 1, 3, 0], [0, 2, 1, 1, 1, 0, 1, 2, 1, 2, 1, 0], [0, 0, 1, 0, 2, 0, 0, 2, 2, 2, 0, 0], [0, 2, 3, 3, 2, 0, 2, 2, 2, 2, 2, 0], [0, 3, 3, 2, 2, 0, 2, 0, 0, 3, 0, 0], [0, 1, 0, 3, 2, 0, 2, 2, 3, 3, 0, 0], [0, 3, 0, 0, 2, 0, 0, 0, 0, 0, 0, 0], [0, 3, 2, 2, 1, 0, 0, 0, 0, 0, 0, 0], [0, 0, 0, 0, 0, 0, 0, 0, 0, 0, 0, 0]], "output": [[0, 0, 0, 0, 0, 0, 0, 0, 0, 0, 0, 0], [0, 0, 0, 0, 3, 3, 3, 3, 7, 4, 0, 0], [0, 0, 0, 0, 3, 3, 3, 3, 7, 0, 0, 0], [0, 0, 0, 3, 3, 4, 0, 0, 7, 0, 0, 0], [0, 0, 3, 3, 3, 3, 0, 0, 7, 4, 0, 0], [0, 3, 3, 3, 3, 3, 0, 0, 0, 0, 0, 0], [0, 3, 3, 3, 4, 3, 4, 4, 4, 4, 4, 0], [0, 4, 3, 3, 3, 0, 4, 3, 4, 3, 4, 0], [0, 0, 3, 0, 7, 0, 0, 3, 3, 3, 0, 0], [0, 4, 7, 7, 7, 0, 3, 3, 3, 3, 3, 0], [0, 7, 7, 7, 7, 0, 3, 0, 0, 4, 0, 0], [0, 4, 0, 4, 7, 0, 3, 3, 4, 4, 0, 0], [0, 4, 0, 0, 7, 0, 0, 0, 0, 0, 0, 0], [0, 4, 4, 4, 4, 0, 0, 0, 0, 0, 0, 0], [0, 0, 0, 0, 0, 0, 0, 0, 0, 0, 0, 0]]}, {"input": [[0, 0, 0, 0, 0, 0, 0, 0, 0, 0, 0, 0], [0, 2, 2, 2, 0, 0, 0, 0, 0, 0, 0, 0], [0, 2, 2, 2, 0, 0, 0, 0, 0, 0, 0, 0], [0, 0, 0, 0, 0, 2, 2, 2, 2, 0, 0, 0], [0, 0, 0, 0, 0, 1, 2, 2, 1, 0, 0, 0], [0, 3, 1, 2, 0, 1, 2, 2, 1, 0, 0, 0], [0, 1, 1, 2, 2, 1, 0, 0, 0, 0, 0, 0], [0, 1, 3, 2, 3, 3, 0, 0, 0, 1, 2, 0], [0, 1, 1, 2, 2, 1, 2, 0, 0, 0, 0, 0], [0, 3, 1, 2, 0, 0, 2, 3, 0, 0, 0, 0], [0, 2, 2, 3, 3, 0, 1, 0, 0, 0, 0, 0], [0, 0, 0, 0, 0, 0, 0, 0, 0, 0, 0, 0]], "output": [[0, 0, 0, 0, 0, 0, 0, 0, 0, 0, 0, 0], [0, 7, 7, 7, 0, 0, 0, 0, 0, 0, 0, 0], [0, 7, 7, 7, 0, 0, 0, 0, 0, 0, 0, 0], [0, 0, 0, 0, 0, 7, 7, 7, 7, 0, 0, 0], [0, 0, 0, 0, 0, 4, 7, 7, 4, 0, 0, 0], [0, 4, 7, 7, 0, 4, 7, 7, 4, 0, 0, 0], [0, 7, 7, 7, 7, 4, 0, 0, 0, 0, 0, 0], [0, 7, 4, 7, 4, 4, 0, 0, 0, 4, 4, 0], [0, 7, 7, 7, 7, 4, 4, 0, 0, 0, 0, 0], [0, 4, 7, 7, 0, 0, 4, 4, 0, 0, 0, 0], [0, 4, 4, 4, 4, 0, 4, 0, 0, 0, 0, 0], [0, 0, 0, 0, 0, 0, 0, 0, 0, 0, 0, 0]]}, {"input": [[0, 0, 0, 0, 0, 0, 0, 0, 0, 0, 0, 0, 0, 0, 0], [0, 0, 2, 2, 0, 2, 2, 2, 0, 0, 2, 0, 0, 0, 0], [0, 0, 2, 1, 3, 1, 2, 2, 3, 3, 2, 0, 2, 3, 0], [0, 1, 0, 0, 0, 0, 2, 0, 1, 1, 0, 0, 1, 1, 0], [0, 1, 0, 2, 2, 0, 1, 2, 3, 3, 2, 0, 0, 1, 0], [0, 1, 3, 3, 3, 3, 0, 2, 0, 0, 2, 0, 1, 1, 0], [0, 0, 0, 0, 0, 0, 0, 0, 0, 0, 0, 0, 2, 3, 0], [0, 3, 3, 2, 3, 3, 0, 3, 0, 0, 1, 1, 1, 2, 0], [0, 2, 2, 3, 2, 2, 0, 3, 0, 0, 0, 0, 1, 2, 0], [0, 1, 1, 1, 1, 1, 0, 3, 0, 0, 1, 1, 1, 2, 0], [0, 1, 0, 2, 0, 1, 0, 3, 0, 2, 1, 0, 1, 2, 0], [0, 1, 1, 1, 1, 1, 0, 3, 0, 2, 2, 2, 2, 2, 0], [0, 0, 0, 0, 0, 0, 0, 0, 0, 0, 0, 0, 0, 0, 0]], "output": [[0, 0, 0, 0, 0, 0, 0, 0, 0, 0, 0, 0, 0, 0, 0], [0, 0, 4, 4, 0, 7, 7, 7, 0, 0, 4, 0, 0, 0, 0], [0, 0, 4, 4, 4, 4, 7, 7, 4, 4, 4, 0, 4, 4, 0], [0, 4, 0, 0, 0, 0, 7, 0, 4, 4, 0, 0, 7, 7, 0], [0, 4, 0, 4, 4, 0, 4, 4, 4, 4, 4, 0, 0, 7, 0], [0, 4, 7, 7, 7, 7, 0, 4, 0, 0, 4, 0, 7, 7, 0], [0, 0, 0, 0, 0, 0, 0, 0, 0, 0, 0, 0, 4, 4, 0], [0, 4, 4, 4, 4, 4, 0, 7, 0, 0, 3, 3, 3, 3, 0], [0, 4, 4, 4, 4, 4, 0, 7, 0, 0, 0, 0, 3, 3, 0], [0, 3, 3, 3, 3, 3, 0, 7, 0, 0, 3, 3, 3, 3, 0], [0, 3, 0, 4, 0, 3, 0, 7, 0, 3, 3, 0, 3, 3, 0], [0, 3, 3, 3, 3, 3, 0, 7, 0, 3, 3, 3, 3, 3, 0], [0, 0, 0, 0, 0, 0, 0, 0, 0, 0, 0, 0, 0, 0, 0]]}]}