{"train": [{"input": [[0, 0, 0, 0, 0, 0, 8, 0, 0, 0, 0, 0], [0, 0, 0, 0, 0, 0, 5, 0, 0, 0, 0, 0], [0, 0, 0, 0, 0, 0, 7, 0, 0, 0, 0, 0], [0, 0, 0, 0, 0, 0, 0, 0, 0, 0, 0, 0], [0, 0, 0, 0, 0, 0, 0, 0, 0, 0, 0, 0], [0, 0, 0, 0, 0, 0, 0, 0, 0, 0, 0, 0], [0, 0, 0, 0, 0, 0, 0, 0, 0, 0, 0, 0], [0, 0, 0, 0, 0, 0, 0, 0, 0, 0, 0, 0]], "output": [[0, 0, 0, 7, 5, 8, 0, 8, 5, 7, 0, 0], [0, 0, 0, 7, 5, 8, 0, 8, 5, 7, 0, 0], [0, 0, 0, 7, 5, 8, 0, 8, 5, 7, 0, 0], [0, 0, 0, 7, 5, 8, 0, 8, 5, 7, 0, 0], [0, 0, 0, 7, 5, 8, 0, 8, 5, 7, 0, 0], [0, 0, 0, 7, 5, 8, 0, 8, 5, 7, 0, 0], [0, 0, 0, 7, 5, 8, 0, 8, 5, 7, 0, 0], [0, 0, 0, 7, 5, 8, 0, 8, 5, 7, 0, 0]]}, {"input": [[0, 0, 0, 0, 0, 7, 0, 0, 0, 0], [0, 0, 0, 0, 0, 8, 0, 0, 0, 0], [0, 0, 0, 0, 0, 5, 0, 0, 0, 0], [0, 0, 0, 0, 0, 0, 0, 0, 0, 0], [0, 0, 0, 0, 0, 0, 0, 0, 0, 0], [0, 0, 0, 0, 0, 0, 0, 0, 0, 0], [0, 0, 0, 0, 0, 0, 0, 0, 0, 0]], "output": [[0, 0, 5, 8, 7, 0, 7, 8, 5, 0], [0, 0, 5, 8, 7, 0, 7, 8, 5, 0], [0, 0, 5, 8, 7, 0, 7, 8, 5, 0], [0, 0, 5, 8, 7, 0, 7, 8, 5, 0], [0, 0, 5, 8, 7, 0, 7, 8, 5, 0], [0, 0, 5, 8, 7, 0, 7, 8, 5, 0], [0, 0, 5, 8, 7, 0, 7, 8, 5, 0]]}, {"input": [[0, 0, 0, 0, 0, 6, 0, 0, 0, 0, 0], [0, 0, 0, 0, 0, 0, 0, 0, 0, 0, 0], [0, 0, 0, 0, 0, 0, 0, 0, 0, 0, 0], [0, 0, 0, 0, 0, 0, 0, 0, 0, 0, 0], [0, 0, 0, 0, 0, 0, 0, 0, 0, 0, 0], [0, 0, 0, 0, 0, 0, 0, 0, 0, 0, 0], [0, 0, 0, 0, 0, 0, 0, 0, 0, 0, 0]], "output": [[0, 0, 0, 0, 6, 0, 6, 0, 0, 0, 0], [0, 0, 0, 0, 6, 0, 6, 0, 0, 0, 0], [0, 0, 0, 0, 6, 0, 6, 0, 0, 0, 0], [0, 0, 0, 0, 6, 0, 6, 0, 0, 0, 0], [0, 0, 0, 0, 6, 0, 6, 0, 0, 0, 0], [0, 0, 0, 0, 6, 0, 6, 0, 0, 0, 0], [0, 0, 0, 0, 6, 0, 6, 0, 0, 0, 0]]}, {"input": [[0, 0, 0, 0, 4, 0, 0, 0, 0], [0, 0, 0, 0, 9, 0, 0, 0, 0], [0, 0, 0, 0, 0, 0, 0, 0, 0], [0, 0, 0, 0, 0, 0, 0, 0, 0], [0, 0, 0, 0, 0, 0, 0, 0, 0], [0, 0, 0, 0, 0, 0, 0, 0, 0], [0, 0, 0, 0, 0, 0, 0, 0, 0], [0, 0, 0, 0, 0, 0, 0, 0, 0], [0, 0, 0, 0, 0, 0, 0, 0, 0]], "output": [[0, 0, 9, 4, 0, 4, 9, 0, 0], [0, 0, 9, 4, 0, 4, 9, 0, 0], [0, 0, 9, 4, 0, 4, 9, 0, 0], [0, 0, 9, 4, 0, 4, 9, 0, 0], [0, 0, 9, 4, 0, 4, 9, 0, 0], [0, 0, 9, 4, 0, 4, 9, 0, 0], [0, 0, 9, 4, 0, 4, 9, 0, 0], [0, 0, 9, 4, 0, 4, 9, 0, 0], [0, 0, 9, 4, 0, 4, 9, 0, 0]]}, {"input": [[0, 0, 0, 0, 6, 0, 0, 0, 0], [0, 0, 0, 0, 7, 0, 0, 0, 0], [0, 0, 0, 0, 2, 0, 0, 0, 0], [0, 0, 0, 0, 3, 0, 0, 0, 0], [0, 0, 0, 0, 0, 0, 0, 0, 0], [0, 0, 0, 0, 0, 0, 0, 0, 0], [0, 0, 0, 0, 0, 0, 0, 0, 0], [0, 0, 0, 0, 0, 0, 0, 0, 0], [0, 0, 0, 0, 0, 0, 0, 0, 0], [0, 0, 0, 0, 0, 0, 0, 0, 0], [0, 0, 0, 0, 0, 0, 0, 0, 0], [0, 0, 0, 0, 0, 0, 0, 0, 0]], "output": [[3, 2, 7, 6, 0, 6, 7, 2, 3], [3, 2, 7, 6, 0, 6, 7, 2, 3], [3, 2, 7, 6, 0, 6, 7, 2, 3], [3, 2, 7, 6, 0, 6, 7, 2, 3], [3, 2, 7, 6, 0, 6, 7, 2, 3], [3, 2, 7, 6, 0, 6, 7, 2, 3], [3, 2, 7, 6, 0, 6, 7, 2, 3], [3, 2, 7, 6, 0, 6, 7, 2, 3], [3, 2, 7, 6, 0, 6, 7, 2, 3], [3, 2, 7, 6, 0, 6, 7, 2, 3], [3, 2, 7, 6, 0, 6, 7, 2, 3], [3, 2, 7, 6, 0, 6, 7, 2, 3]]}, {"input": [[0, 0, 0, 0, 0, 7, 0, 0, 0, 0], [0, 0, 0, 0, 0, 0, 0, 0, 0, 0], [0, 0, 0, 0, 0, 0, 0, 0, 0, 0], [0, 0, 0, 0, 0, 0, 0, 0, 0, 0], [0, 0, 0, 0, 0, 0, 0, 0, 0, 0], [0, 0, 0, 0, 0, 0, 0, 0, 0, 0], [0, 0, 0, 0, 0, 0, 0, 0, 0, 0], [0, 0, 0, 0, 0, 0, 0, 0, 0, 0], [0, 0, 0, 0, 0, 0, 0, 0, 0, 0], [0, 0, 0, 0, 0, 0, 0, 0, 0, 0], [0, 0, 0, 0, 0, 0, 0, 0, 0, 0], [0, 0, 0, 0, 0, 0, 0, 0, 0, 0], [0, 0, 0, 0, 0, 0, 0, 0, 0, 0], [0, 0, 0, 0, 0, 0, 0, 0, 0, 0]], "output": [[0, 0, 0, 0, 7, 0, 7, 0, 0, 0], [0, 0, 0, 0, 7, 0, 7, 0, 0, 0], [0, 0, 0, 0, 7, 0, 7, 0, 0, 0], [0, 0, 0, 0, 7, 0, 7, 0, 0, 0], [0, 0, 0, 0, 7, 0, 7, 0, 0, 0], [0, 0, 0, 0, 7, 0, 7, 0, 0, 0], [0, 0, 0, 0, 7, 0, 7, 0, 0, 0], [0, 0, 0, 0, 7, 0, 7, 0, 0, 0], [0, 0, 0, 0, 7, 0, 7, 0, 0, 0], [0, 0, 0, 0, 7, 0, 7, 0, 0, 0], [0, 0, 0, 0, 7, 0, 7, 0, 0, 0], [0, 0, 0, 0, 7, 0, 7, 0, 0, 0], [0, 0, 0, 0, 7, 0, 7, 0, 0, 0], [0, 0, 0, 0, 7, 0, 7, 0, 0, 0]]}, {"input": [[0, 0, 0, 0, 0, 4, 0, 0, 0, 0, 0], [0, 0, 0, 0, 0, 0, 0, 0, 0, 0, 0], [0, 0, 0, 0, 0, 0, 0, 0, 0, 0, 0], [0, 0, 0, 0, 0, 0, 0, 0, 0, 0, 0], [0, 0, 0, 0, 0, 0, 0, 0, 0, 0, 0], [0, 0, 0, 0, 0, 0, 0, 0, 0, 0, 0]], "output": [[0, 0, 0, 0, 4, 0, 4, 0, 0, 0, 0], [0, 0, 0, 0, 4, 0, 4, 0, 0, 0, 0], [0, 0, 0, 0, 4, 0, 4, 0, 0, 0, 0], [0, 0, 0, 0, 4, 0, 4, 0, 0, 0, 0], [0, 0, 0, 0, 4, 0, 4, 0, 0, 0, 0], [0, 0, 0, 0, 4, 0, 4, 0, 0, 0, 0]]}, {"input": [[0, 0, 0, 0, 0, 0, 9, 0, 0, 0, 0, 0, 0], [0, 0, 0, 0, 0, 0, 3, 0, 0, 0, 0, 0, 0], [0, 0, 0, 0, 0, 0, 2, 0, 0, 0, 0, 0, 0], [0, 0, 0, 0, 0, 0, 1, 0, 0, 0, 0, 0, 0], [0, 0, 0, 0, 0, 0, 0, 0, 0, 0, 0, 0, 0], [0, 0, 0, 0, 0, 0, 0, 0, 0, 0, 0, 0, 0], [0, 0, 0, 0, 0, 0, 0, 0, 0, 0, 0, 0, 0], [0, 0, 0, 0, 0, 0, 0, 0, 0, 0, 0, 0, 0], [0, 0, 0, 0, 0, 0, 0, 0, 0, 0, 0, 0, 0], [0, 0, 0, 0, 0, 0, 0, 0, 0, 0, 0, 0, 0], [0, 0, 0, 0, 0, 0, 0, 0, 0, 0, 0, 0, 0], [0, 0, 0, 0, 0, 0, 0, 0, 0, 0, 0, 0, 0], [0, 0, 0, 0, 0, 0, 0, 0, 0, 0, 0, 0, 0]], "output": [[0, 0, 1, 2, 3, 9, 0, 9, 3, 2, 1, 0, 0], [0, 0, 1, 2, 3, 9, 0, 9, 3, 2, 1, 0, 0], [0, 0, 1, 2, 3, 9, 0, 9, 3, 2, 1, 0, 0], [0, 0, 1, 2, 3, 9, 0, 9, 3, 2, 1, 0, 0], [0, 0, 1, 2, 3, 9, 0, 9, 3, 2, 1, 0, 0], [0, 0, 1, 2, 3, 9, 0, 9, 3, 2, 1, 0, 0], [0, 0, 1, 2, 3, 9, 0, 9, 3, 2, 1, 0, 0], [0, 0, 1, 2, 3, 9, 0, 9, 3, 2, 1, 0, 0], [0, 0, 1, 2, 3, 9, 0, 9, 3, 2, 1, 0, 0], [0, 0, 1, 2, 3, 9, 0, 9, 3, 2, 1, 0, 0], [0, 0, 1, 2, 3, 9, 0, 9, 3, 2, 1, 0, 0], [0, 0, 1, 2, 3, 9, 0, 9, 3, 2, 1, 0, 0], [0, 0, 1, 2, 3, 9, 0, 9, 3, 2, 1, 0, 0]]}, {"input": [[0, 0, 0, 8, 0, 0, 0], [0, 0, 0, 9, 0, 0, 0], [0, 0, 0, 0, 0, 0, 0], [0, 0, 0, 0, 0, 0, 0], [0, 0, 0, 0, 0, 0, 0], [0, 0, 0, 0, 0, 0, 0], [0, 0, 0, 0, 0, 0, 0], [0, 0, 0, 0, 0, 0, 0], [0, 0, 0, 0, 0, 0, 0], [0, 0, 0, 0, 0, 0, 0]], "output": [[0, 9, 8, 0, 8, 9, 0], [0, 9, 8, 0, 8, 9, 0], [0, 9, 8, 0, 8, 9, 0], [0, 9, 8, 0, 8, 9, 0], [0, 9, 8, 0, 8, 9, 0], [0, 9, 8, 0, 8, 9, 0], [0, 9, 8, 0, 8, 9, 0], [0, 9, 8, 0, 8, 9, 0], [0, 9, 8, 0, 8, 9, 0], [0, 9, 8, 0, 8, 9, 0]]}, {"input": [[0, 0, 0, 9, 0, 0], [0, 0, 0, 1, 0, 0], [0, 0, 0, 0, 0, 0], [0, 0, 0, 0, 0, 0], [0, 0, 0, 0, 0, 0], [0, 0, 0, 0, 0, 0], [0, 0, 0, 0, 0, 0], [0, 0, 0, 0, 0, 0], [0, 0, 0, 0, 0, 0]], "output": [[0, 1, 9, 0, 9, 1], [0, 1, 9, 0, 9, 1], [0, 1, 9, 0, 9, 1], [0, 1, 9, 0, 9, 1], [0, 1, 9, 0, 9, 1], [0, 1, 9, 0, 9, 1], [0, 1, 9, 0, 9, 1], [0, 1, 9, 0, 9, 1], [0, 1, 9, 0, 9, 1]]}, {"input": [[0, 0, 0, 0, 0, 0, 0, 6, 0, 0, 0, 0, 0, 0], [0, 0, 0, 0, 0, 0, 0, 7, 0, 0, 0, 0, 0, 0], [0, 0, 0, 0, 0, 0, 0, 5, 0, 0, 0, 0, 0, 0], [0, 0, 0, 0, 0, 0, 0, 9, 0, 0, 0, 0, 0, 0], [0, 0, 0, 0, 0, 0, 0, 0, 0, 0, 0, 0, 0, 0], [0, 0, 0, 0, 0, 0, 0, 0, 0, 0, 0, 0, 0, 0]], "output": [[0, 0, 0, 9, 5, 7, 6, 0, 6, 7, 5, 9, 0, 0], [0, 0, 0, 9, 5, 7, 6, 0, 6, 7, 5, 9, 0, 0], [0, 0, 0, 9, 5, 7, 6, 0, 6, 7, 5, 9, 0, 0], [0, 0, 0, 9, 5, 7, 6, 0, 6, 7, 5, 9, 0, 0], [0, 0, 0, 9, 5, 7, 6, 0, 6, 7, 5, 9, 0, 0], [0, 0, 0, 9, 5, 7, 6, 0, 6, 7, 5, 9, 0, 0]]}, {"input": [[0, 0, 0, 0, 0, 0, 2, 0, 0, 0, 0, 0, 0], [0, 0, 0, 0, 0, 0, 0, 0, 0, 0, 0, 0, 0], [0, 0, 0, 0, 0, 0, 0, 0, 0, 0, 0, 0, 0], [0, 0, 0, 0, 0, 0, 0, 0, 0, 0, 0, 0, 0], [0, 0, 0, 0, 0, 0, 0, 0, 0, 0, 0, 0, 0], [0, 0, 0, 0, 0, 0, 0, 0, 0, 0, 0, 0, 0]], "output": [[0, 0, 0, 0, 0, 2, 0, 2, 0, 0, 0, 0, 0], [0, 0, 0, 0, 0, 2, 0, 2, 0, 0, 0, 0, 0], [0, 0, 0, 0, 0, 2, 0, 2, 0, 0, 0, 0, 0], [0, 0, 0, 0, 0, 2, 0, 2, 0, 0, 0, 0, 0], [0, 0, 0, 0, 0, 2, 0, 2, 0, 0, 0, 0, 0], [0, 0, 0, 0, 0, 2, 0, 2, 0, 0, 0, 0, 0]]}, {"input": [[0, 0, 0, 9, 0, 0], [0, 0, 0, 0, 0, 0], [0, 0, 0, 0, 0, 0], [0, 0, 0, 0, 0, 0], [0, 0, 0, 0, 0, 0], [0, 0, 0, 0, 0, 0], [0, 0, 0, 0, 0, 0], [0, 0, 0, 0, 0, 0], [0, 0, 0, 0, 0, 0], [0, 0, 0, 0, 0, 0], [0, 0, 0, 0, 0, 0], [0, 0, 0, 0, 0, 0]], "output": [[0, 0, 9, 0, 9, 0], [0, 0, 9, 0, 9, 0], [0, 0, 9, 0, 9, 0], [0, 0, 9, 0, 9, 0], [0, 0, 9, 0, 9, 0], [0, 0, 9, 0, 9, 0], [0, 0, 9, 0, 9, 0], [0, 0, 9, 0, 9, 0], [0, 0, 9, 0, 9, 0], [0, 0, 9, 0, 9, 0], [0, 0, 9, 0, 9, 0], [0, 0, 9, 0, 9, 0]]}, {"input": [[0, 0, 0, 3, 0, 0, 0], [0, 0, 0, 7, 0, 0, 0], [0, 0, 0, 2, 0, 0, 0], [0, 0, 0, 0, 0, 0, 0], [0, 0, 0, 0, 0, 0, 0]], "output": [[2, 7, 3, 0, 3, 7, 2], [2, 7, 3, 0, 3, 7, 2], [2, 7, 3, 0, 3, 7, 2], [2, 7, 3, 0, 3, 7, 2], [2, 7, 3, 0, 3, 7, 2]]}, {"input": [[0, 0, 0, 0, 0, 2, 0, 0, 0, 0], [0, 0, 0, 0, 0, 3, 0, 0, 0, 0], [0, 0, 0, 0, 0, 8, 0, 0, 0, 0], [0, 0, 0, 0, 0, 1, 0, 0, 0, 0], [0, 0, 0, 0, 0, 0, 0, 0, 0, 0], [0, 0, 0, 0, 0, 0, 0, 0, 0, 0], [0, 0, 0, 0, 0, 0, 0, 0, 0, 0], [0, 0, 0, 0, 0, 0, 0, 0, 0, 0], [0, 0, 0, 0, 0, 0, 0, 0, 0, 0], [0, 0, 0, 0, 0, 0, 0, 0, 0, 0], [0, 0, 0, 0, 0, 0, 0, 0, 0, 0], [0, 0, 0, 0, 0, 0, 0, 0, 0, 0]], "output": [[0, 1, 8, 3, 2, 0, 2, 3, 8, 1], [0, 1, 8, 3, 2, 0, 2, 3, 8, 1], [0, 1, 8, 3, 2, 0, 2, 3, 8, 1], [0, 1, 8, 3, 2, 0, 2, 3, 8, 1], [0, 1, 8, 3, 2, 0, 2, 3, 8, 1], [0, 1, 8, 3, 2, 0, 2, 3, 8, 1], [0, 1, 8, 3, 2, 0, 2, 3, 8, 1], [0, 1, 8, 3, 2, 0, 2, 3, 8, 1], [0, 1, 8, 3, 2, 0, 2, 3, 8, 1], [0, 1, 8, 3, 2, 0, 2, 3, 8, 1], [0, 1, 8, 3, 2, 0, 2, 3, 8, 1], [0, 1, 8, 3, 2, 0, 2, 3, 8, 1]]}, {"input": [[0, 0, 0, 0, 0, 1, 0, 0, 0, 0, 0], [0, 0, 0, 0, 0, 0, 0, 0, 0, 0, 0], [0, 0, 0, 0, 0, 0, 0, 0, 0, 0, 0], [0, 0, 0, 0, 0, 0, 0, 0, 0, 0, 0], [0, 0, 0, 0, 0, 0, 0, 0, 0, 0, 0], [0, 0, 0, 0, 0, 0, 0, 0, 0, 0, 0], [0, 0, 0, 0, 0, 0, 0, 0, 0, 0, 0]], "output": [[0, 0, 0, 0, 1, 0, 1, 0, 0, 0, 0], [0, 0, 0, 0, 1, 0, 1, 0, 0, 0, 0], [0, 0, 0, 0, 1, 0, 1, 0, 0, 0, 0], [0, 0, 0, 0, 1, 0, 1, 0, 0, 0, 0], [0, 0, 0, 0, 1, 0, 1, 0, 0, 0, 0], [0, 0, 0, 0, 1, 0, 1, 0, 0, 0, 0], [0, 0, 0, 0, 1, 0, 1, 0, 0, 0, 0]]}, {"input": [[0, 0, 0, 0, 0, 3, 0, 0, 0, 0, 0], [0, 0, 0, 0, 0, 8, 0, 0, 0, 0, 0], [0, 0, 0, 0, 0, 0, 0, 0, 0, 0, 0], [0, 0, 0, 0, 0, 0, 0, 0, 0, 0, 0], [0, 0, 0, 0, 0, 0, 0, 0, 0, 0, 0], [0, 0, 0, 0, 0, 0, 0, 0, 0, 0, 0], [0, 0, 0, 0, 0, 0, 0, 0, 0, 0, 0], [0, 0, 0, 0, 0, 0, 0, 0, 0, 0, 0], [0, 0, 0, 0, 0, 0, 0, 0, 0, 0, 0], [0, 0, 0, 0, 0, 0, 0, 0, 0, 0, 0], [0, 0, 0, 0, 0, 0, 0, 0, 0, 0, 0]], "output": [[0, 0, 0, 8, 3, 0, 3, 8, 0, 0, 0], [0, 0, 0, 8, 3, 0, 3, 8, 0, 0, 0], [0, 0, 0, 8, 3, 0, 3, 8, 0, 0, 0], [0, 0, 0, 8, 3, 0, 3, 8, 0, 0, 0], [0, 0, 0, 8, 3, 0, 3, 8, 0, 0, 0], [0, 0, 0, 8, 3, 0, 3, 8, 0, 0, 0], [0, 0, 0, 8, 3, 0, 3, 8, 0, 0, 0], [0, 0, 0, 8, 3, 0, 3, 8, 0, 0, 0], [0, 0, 0, 8, 3, 0, 3, 8, 0, 0, 0], [0, 0, 0, 8, 3, 0, 3, 8, 0, 0, 0], [0, 0, 0, 8, 3, 0, 3, 8, 0, 0, 0]]}, {"input": [[0, 0, 0, 0, 0, 0, 0, 5, 0, 0, 0, 0, 0, 0], [0, 0, 0, 0, 0, 0, 0, 3, 0, 0, 0, 0, 0, 0], [0, 0, 0, 0, 0, 0, 0, 0, 0, 0, 0, 0, 0, 0], [0, 0, 0, 0, 0, 0, 0, 0, 0, 0, 0, 0, 0, 0], [0, 0, 0, 0, 0, 0, 0, 0, 0, 0, 0, 0, 0, 0], [0, 0, 0, 0, 0, 0, 0, 0, 0, 0, 0, 0, 0, 0], [0, 0, 0, 0, 0, 0, 0, 0, 0, 0, 0, 0, 0, 0], [0, 0, 0, 0, 0, 0, 0, 0, 0, 0, 0, 0, 0, 0], [0, 0, 0, 0, 0, 0, 0, 0, 0, 0, 0, 0, 0, 0], [0, 0, 0, 0, 0, 0, 0, 0, 0, 0, 0, 0, 0, 0], [0, 0, 0, 0, 0, 0, 0, 0, 0, 0, 0, 0, 0, 0]], "output": [[0, 0, 0, 0, 0, 3, 5, 0, 5, 3, 0, 0, 0, 0], [0, 0, 0, 0, 0, 3, 5, 0, 5, 3, 0, 0, 0, 0], [0, 0, 0, 0, 0, 3, 5, 0, 5, 3, 0, 0, 0, 0], [0, 0, 0, 0, 0, 3, 5, 0, 5, 3, 0, 0, 0, 0], [0, 0, 0, 0, 0, 3, 5, 0, 5, 3, 0, 0, 0, 0], [0, 0, 0, 0, 0, 3, 5, 0, 5, 3, 0, 0, 0, 0], [0, 0, 0, 0, 0, 3, 5, 0, 5, 3, 0, 0, 0, 0], [0, 0, 0, 0, 0, 3, 5, 0, 5, 3, 0, 0, 0, 0], [0, 0, 0, 0, 0, 3, 5, 0, 5, 3, 0, 0, 0, 0], [0, 0, 0, 0, 0, 3, 5, 0, 5, 3, 0, 0, 0, 0], [0, 0, 0, 0, 0, 3, 5, 0, 5, 3, 0, 0, 0, 0]]}, {"input": [[0, 0, 0, 7, 0, 0, 0], [0, 0, 0, 0, 0, 0, 0], [0, 0, 0, 0, 0, 0, 0], [0, 0, 0, 0, 0, 0, 0], [0, 0, 0, 0, 0, 0, 0], [0, 0, 0, 0, 0, 0, 0], [0, 0, 0, 0, 0, 0, 0]], "output": [[0, 0, 7, 0, 7, 0, 0], [0, 0, 7, 0, 7, 0, 0], [0, 0, 7, 0, 7, 0, 0], [0, 0, 7, 0, 7, 0, 0], [0, 0, 7, 0, 7, 0, 0], [0, 0, 7, 0, 7, 0, 0], [0, 0, 7, 0, 7, 0, 0]]}, {"input": [[0, 0, 0, 0, 5, 0, 0, 0], [0, 0, 0, 0, 0, 0, 0, 0], [0, 0, 0, 0, 0, 0, 0, 0], [0, 0, 0, 0, 0, 0, 0, 0], [0, 0, 0, 0, 0, 0, 0, 0], [0, 0, 0, 0, 0, 0, 0, 0], [0, 0, 0, 0, 0, 0, 0, 0], [0, 0, 0, 0, 0, 0, 0, 0], [0, 0, 0, 0, 0, 0, 0, 0], [0, 0, 0, 0, 0, 0, 0, 0]], "output": [[0, 0, 0, 5, 0, 5, 0, 0], [0, 0, 0, 5, 0, 5, 0, 0], [0, 0, 0, 5, 0, 5, 0, 0], [0, 0, 0, 5, 0, 5, 0, 0], [0, 0, 0, 5, 0, 5, 0, 0], [0, 0, 0, 5, 0, 5, 0, 0], [0, 0, 0, 5, 0, 5, 0, 0], [0, 0, 0, 5, 0, 5, 0, 0], [0, 0, 0, 5, 0, 5, 0, 0], [0, 0, 0, 5, 0, 5, 0, 0]]}, {"input": [[0, 0, 0, 0, 0, 1, 0, 0, 0, 0], [0, 0, 0, 0, 0, 3, 0, 0, 0, 0], [0, 0, 0, 0, 0, 5, 0, 0, 0, 0], [0, 0, 0, 0, 0, 2, 0, 0, 0, 0], [0, 0, 0, 0, 0, 0, 0, 0, 0, 0], [0, 0, 0, 0, 0, 0, 0, 0, 0, 0], [0, 0, 0, 0, 0, 0, 0, 0, 0, 0], [0, 0, 0, 0, 0, 0, 0, 0, 0, 0], [0, 0, 0, 0, 0, 0, 0, 0, 0, 0]], "output": [[0, 2, 5, 3, 1, 0, 1, 3, 5, 2], [0, 2, 5, 3, 1, 0, 1, 3, 5, 2], [0, 2, 5, 3, 1, 0, 1, 3, 5, 2], [0, 2, 5, 3, 1, 0, 1, 3, 5, 2], [0, 2, 5, 3, 1, 0, 1, 3, 5, 2], [0, 2, 5, 3, 1, 0, 1, 3, 5, 2], [0, 2, 5, 3, 1, 0, 1, 3, 5, 2], [0, 2, 5, 3, 1, 0, 1, 3, 5, 2], [0, 2, 5, 3, 1, 0, 1, 3, 5, 2]]}, {"input": [[0, 0, 7, 0, 0], [0, 0, 2, 0, 0], [0, 0, 0, 0, 0], [0, 0, 0, 0, 0], [0, 0, 0, 0, 0], [0, 0, 0, 0, 0]], "output": [[2, 7, 0, 7, 2], [2, 7, 0, 7, 2], [2, 7, 0, 7, 2], [2, 7, 0, 7, 2], [2, 7, 0, 7, 2], [2, 7, 0, 7, 2]]}, {"input": [[0, 0, 0, 0, 0, 0, 8, 0, 0, 0, 0, 0, 0], [0, 0, 0, 0, 0, 0, 5, 0, 0, 0, 0, 0, 0], [0, 0, 0, 0, 0, 0, 0, 0, 0, 0, 0, 0, 0], [0, 0, 0, 0, 0, 0, 0, 0, 0, 0, 0, 0, 0], [0, 0, 0, 0, 0, 0, 0, 0, 0, 0, 0, 0, 0], [0, 0, 0, 0, 0, 0, 0, 0, 0, 0, 0, 0, 0], [0, 0, 0, 0, 0, 0, 0, 0, 0, 0, 0, 0, 0]], "output": [[0, 0, 0, 0, 5, 8, 0, 8, 5, 0, 0, 0, 0], [0, 0, 0, 0, 5, 8, 0, 8, 5, 0, 0, 0, 0], [0, 0, 0, 0, 5, 8, 0, 8, 5, 0, 0, 0, 0], [0, 0, 0, 0, 5, 8, 0, 8, 5, 0, 0, 0, 0], [0, 0, 0, 0, 5, 8, 0, 8, 5, 0, 0, 0, 0], [0, 0, 0, 0, 5, 8, 0, 8, 5, 0, 0, 0, 0], [0, 0, 0, 0, 5, 8, 0, 8, 5, 0, 0, 0, 0]]}], "test": [{"input": [[0, 0, 0, 0, 0, 0, 7, 0, 0, 0, 0, 0, 0], [0, 0, 0, 0, 0, 0, 9, 0, 0, 0, 0, 0, 0], [0, 0, 0, 0, 0, 0, 0, 0, 0, 0, 0, 0, 0], [0, 0, 0, 0, 0, 0, 0, 0, 0, 0, 0, 0, 0], [0, 0, 0, 0, 0, 0, 0, 0, 0, 0, 0, 0, 0], [0, 0, 0, 0, 0, 0, 0, 0, 0, 0, 0, 0, 0], [0, 0, 0, 0, 0, 0, 0, 0, 0, 0, 0, 0, 0], [0, 0, 0, 0, 0, 0, 0, 0, 0, 0, 0, 0, 0], [0, 0, 0, 0, 0, 0, 0, 0, 0, 0, 0, 0, 0], [0, 0, 0, 0, 0, 0, 0, 0, 0, 0, 0, 0, 0]], "output": [[0, 0, 0, 0, 9, 7, 0, 7, 9, 0, 0, 0, 0], [0, 0, 0, 0, 9, 7, 0, 7, 9, 0, 0, 0, 0], [0, 0, 0, 0, 9, 7, 0, 7, 9, 0, 0, 0, 0], [0, 0, 0, 0, 9, 7, 0, 7, 9, 0, 0, 0, 0], [0, 0, 0, 0, 9, 7, 0, 7, 9, 0, 0, 0, 0], [0, 0, 0, 0, 9, 7, 0, 7, 9, 0, 0, 0, 0], [0, 0, 0, 0, 9, 7, 0, 7, 9, 0, 0, 0, 0], [0, 0, 0, 0, 9, 7, 0, 7, 9, 0, 0, 0, 0], [0, 0, 0, 0, 9, 7, 0, 7, 9, 0, 0, 0, 0], [0, 0, 0, 0, 9, 7, 0, 7, 9, 0, 0, 0, 0]]}, {"input": [[0, 0, 0, 0, 0, 0, 0, 8, 0, 0, 0, 0, 0, 0], [0, 0, 0, 0, 0, 0, 0, 7, 0, 0, 0, 0, 0, 0], [0, 0, 0, 0, 0, 0, 0, 5, 0, 0, 0, 0, 0, 0], [0, 0, 0, 0, 0, 0, 0, 4, 0, 0, 0, 0, 0, 0], [0, 0, 0, 0, 0, 0, 0, 0, 0, 0, 0, 0, 0, 0], [0, 0, 0, 0, 0, 0, 0, 0, 0, 0, 0, 0, 0, 0], [0, 0, 0, 0, 0, 0, 0, 0, 0, 0, 0, 0, 0, 0], [0, 0, 0, 0, 0, 0, 0, 0, 0, 0, 0, 0, 0, 0]], "output": [[0, 0, 0, 4, 5, 7, 8, 0, 8, 7, 5, 4, 0, 0], [0, 0, 0, 4, 5, 7, 8, 0, 8, 7, 5, 4, 0, 0], [0, 0, 0, 4, 5, 7, 8, 0, 8, 7, 5, 4, 0, 0], [0, 0, 0, 4, 5, 7, 8, 0, 8, 7, 5, 4, 0, 0], [0, 0, 0, 4, 5, 7, 8, 0, 8, 7, 5, 4, 0, 0], [0, 0, 0, 4, 5, 7, 8, 0, 8, 7, 5, 4, 0, 0], [0, 0, 0, 4, 5, 7, 8, 0, 8, 7, 5, 4, 0, 0], [0, 0, 0, 4, 5, 7, 8, 0, 8, 7, 5, 4, 0, 0]]}, {"input": [[0, 0, 0, 0, 0, 8, 0, 0, 0, 0, 0], [0, 0, 0, 0, 0, 3, 0, 0, 0, 0, 0], [0, 0, 0, 0, 0, 1, 0, 0, 0, 0, 0], [0, 0, 0, 0, 0, 9, 0, 0, 0, 0, 0], [0, 0, 0, 0, 0, 0, 0, 0, 0, 0, 0], [0, 0, 0, 0, 0, 0, 0, 0, 0, 0, 0], [0, 0, 0, 0, 0, 0, 0, 0, 0, 0, 0], [0, 0, 0, 0, 0, 0, 0, 0, 0, 0, 0], [0, 0, 0, 0, 0, 0, 0, 0, 0, 0, 0], [0, 0, 0, 0, 0, 0, 0, 0, 0, 0, 0]], "output": [[0, 9, 1, 3, 8, 0, 8, 3, 1, 9, 0], [0, 9, 1, 3, 8, 0, 8, 3, 1, 9, 0], [0, 9, 1, 3, 8, 0, 8, 3, 1, 9, 0], [0, 9, 1, 3, 8, 0, 8, 3, 1, 9, 0], [0, 9, 1, 3, 8, 0, 8, 3, 1, 9, 0], [0, 9, 1, 3, 8, 0, 8, 3, 1, 9, 0], [0, 9, 1, 3, 8, 0, 8, 3, 1, 9, 0], [0, 9, 1, 3, 8, 0, 8, 3, 1, 9, 0], [0, 9, 1, 3, 8, 0, 8, 3, 1, 9, 0], [0, 9, 1, 3, 8, 0, 8, 3, 1, 9, 0]]}]}