{"train": [{"input": [[0, 0, 0, 0, 8, 0, 0, 0], [0, 0, 8, 6, 8, 8, 8, 0], [0, 8, 6, 8, 8, 8, 8, 8], [0, 8, 8, 8, 7, 8, 8, 8], [8, 8, 8, 8, 8, 8, 8, 8], [0, 8, 8, 8, 8, 8, 7, 8], [0, 8, 8, 8, 8, 8, 8, 8], [0, 0, 8, 1, 8, 8, 4, 0]], "output": [[8, 8, 8, 8, 8, 8, 8, 8, 8, 8, 8, 8, 0, 0, 0, 0], [8, 8, 8, 8, 0, 8, 8, 8, 8, 8, 8, 1, 0, 0, 0, 0], [8, 8, 6, 8, 0, 8, 6, 8, 8, 8, 8, 8, 0, 0, 0, 0], [8, 8, 8, 0, 0, 0, 8, 8, 8, 8, 8, 0, 0, 0, 0, 0], [8, 0, 0, 0, 0, 0, 0, 0, 8, 0, 0, 0, 0, 0, 0, 0], [8, 8, 8, 0, 0, 0, 8, 8, 8, 8, 8, 0, 0, 0, 0, 0], [8, 8, 6, 8, 0, 8, 6, 8, 8, 8, 8, 8, 0, 0, 0, 0], [8, 8, 8, 8, 0, 8, 8, 8, 8, 8, 8, 1, 0, 0, 0, 0], [8, 8, 8, 8, 8, 8, 8, 8, 8, 8, 8, 8, 0, 0, 0, 0], [8, 8, 8, 8, 0, 8, 8, 8, 8, 8, 8, 8, 0, 0, 0, 0], [8, 8, 8, 8, 0, 8, 8, 8, 8, 8, 8, 4, 0, 0, 0, 0], [8, 1, 8, 0, 0, 0, 8, 1, 8, 8, 4, 0, 0, 0, 0, 0], [0, 0, 0, 0, 0, 0, 0, 0, 0, 0, 0, 0, 0, 0, 0, 0], [0, 0, 0, 0, 0, 0, 0, 0, 0, 0, 0, 0, 0, 0, 0, 0], [0, 0, 0, 0, 0, 0, 0, 0, 0, 0, 0, 0, 0, 0, 0, 0], [0, 0, 0, 0, 0, 0, 0, 0, 0, 0, 0, 0, 0, 0, 0, 0]]}, {"input": [[0, 0, 0, 4, 0, 0, 0], [0, 6, 6, 1, 6, 6, 0], [0, 6, 6, 8, 6, 6, 0], [6, 6, 6, 6, 6, 6, 6], [0, 3, 6, 4, 6, 1, 0], [0, 6, 7, 6, 6, 6, 0], [0, 0, 0, 6, 0, 0, 0]], "output": [[6, 6, 6, 6, 6, 6, 6, 4, 6, 6, 0, 0, 0, 0], [6, 6, 6, 0, 6, 6, 6, 6, 7, 0, 0, 0, 0, 0], [6, 6, 6, 0, 6, 6, 6, 3, 6, 0, 0, 0, 0, 0], [6, 0, 0, 0, 0, 0, 6, 0, 0, 0, 0, 0, 0, 0], [6, 6, 6, 0, 6, 6, 6, 3, 6, 0, 0, 0, 0, 0], [6, 6, 6, 0, 6, 6, 6, 6, 7, 0, 0, 0, 0, 0], [6, 6, 6, 6, 6, 6, 6, 4, 6, 6, 0, 0, 0, 0], [4, 6, 3, 0, 3, 6, 4, 6, 6, 0, 0, 0, 0, 0], [6, 7, 6, 0, 6, 7, 6, 6, 6, 0, 0, 0, 0, 0], [6, 0, 0, 0, 0, 0, 6, 0, 0, 0, 0, 0, 0, 0], [0, 0, 0, 0, 0, 0, 0, 0, 0, 0, 0, 0, 0, 0], [0, 0, 0, 0, 0, 0, 0, 0, 0, 0, 0, 0, 0, 0], [0, 0, 0, 0, 0, 0, 0, 0, 0, 0, 0, 0, 0, 0], [0, 0, 0, 0, 0, 0, 0, 0, 0, 0, 0, 0, 0, 0]]}, {"input": [[0, 0, 0, 7, 0, 0, 0], [0, 7, 7, 7, 3, 8, 0], [0, 7, 7, 7, 7, 7, 0], [3, 7, 1, 7, 7, 2, 8], [0, 7, 7, 7, 7, 6, 0], [0, 7, 9, 7, 1, 7, 0], [0, 0, 0, 7, 0, 0, 0]], "output": [[7, 1, 7, 3, 7, 1, 7, 7, 7, 7, 0, 0, 0, 0], [1, 7, 7, 0, 7, 7, 1, 7, 9, 0, 0, 0, 0, 0], [7, 7, 7, 0, 7, 7, 7, 7, 7, 0, 0, 0, 0, 0], [3, 0, 0, 0, 0, 0, 3, 0, 0, 0, 0, 0, 0, 0], [7, 7, 7, 0, 7, 7, 7, 7, 7, 0, 0, 0, 0, 0], [1, 7, 7, 0, 7, 7, 1, 7, 9, 0, 0, 0, 0, 0], [7, 1, 7, 3, 7, 1, 7, 7, 7, 7, 0, 0, 0, 0], [7, 7, 7, 0, 7, 7, 7, 7, 1, 0, 0, 0, 0, 0], [7, 9, 7, 0, 7, 9, 7, 1, 7, 0, 0, 0, 0, 0], [7, 0, 0, 0, 0, 0, 7, 0, 0, 0, 0, 0, 0, 0], [0, 0, 0, 0, 0, 0, 0, 0, 0, 0, 0, 0, 0, 0], [0, 0, 0, 0, 0, 0, 0, 0, 0, 0, 0, 0, 0, 0], [0, 0, 0, 0, 0, 0, 0, 0, 0, 0, 0, 0, 0, 0], [0, 0, 0, 0, 0, 0, 0, 0, 0, 0, 0, 0, 0, 0]]}, {"input": [[0, 0, 0, 0, 5, 0, 0, 0, 0], [0, 0, 5, 5, 5, 5, 9, 0, 0], [0, 5, 5, 5, 9, 5, 6, 5, 0], [0, 5, 5, 5, 5, 5, 5, 2, 0], [5, 5, 5, 5, 5, 4, 5, 5, 5], [0, 5, 5, 5, 7, 5, 5, 5, 0], [0, 5, 5, 5, 9, 5, 5, 5, 0], [0, 0, 5, 5, 5, 5, 5, 0, 0], [0, 0, 0, 0, 5, 0, 0, 0, 0]], "output": [[5, 5, 5, 5, 5, 5, 5, 5, 5, 7, 9, 5, 5, 0, 0, 0, 0, 0], [5, 5, 5, 5, 0, 5, 5, 5, 5, 5, 5, 5, 0, 0, 0, 0, 0, 0], [5, 5, 5, 5, 0, 5, 5, 5, 5, 5, 5, 5, 0, 0, 0, 0, 0, 0], [5, 5, 5, 0, 0, 0, 5, 5, 5, 5, 5, 0, 0, 0, 0, 0, 0, 0], [5, 0, 0, 0, 0, 0, 0, 0, 5, 0, 0, 0, 0, 0, 0, 0, 0, 0], [5, 5, 5, 0, 0, 0, 5, 5, 5, 5, 5, 0, 0, 0, 0, 0, 0, 0], [5, 5, 5, 5, 0, 5, 5, 5, 5, 5, 5, 5, 0, 0, 0, 0, 0, 0], [5, 5, 5, 5, 0, 5, 5, 5, 5, 5, 5, 5, 0, 0, 0, 0, 0, 0], [5, 5, 5, 5, 5, 5, 5, 5, 5, 7, 9, 5, 5, 0, 0, 0, 0, 0], [7, 5, 5, 5, 0, 5, 5, 5, 7, 5, 5, 5, 0, 0, 0, 0, 0, 0], [9, 5, 5, 5, 0, 5, 5, 5, 9, 5, 5, 5, 0, 0, 0, 0, 0, 0], [5, 5, 5, 0, 0, 0, 5, 5, 5, 5, 5, 0, 0, 0, 0, 0, 0, 0], [5, 0, 0, 0, 0, 0, 0, 0, 5, 0, 0, 0, 0, 0, 0, 0, 0, 0], [0, 0, 0, 0, 0, 0, 0, 0, 0, 0, 0, 0, 0, 0, 0, 0, 0, 0], [0, 0, 0, 0, 0, 0, 0, 0, 0, 0, 0, 0, 0, 0, 0, 0, 0, 0], [0, 0, 0, 0, 0, 0, 0, 0, 0, 0, 0, 0, 0, 0, 0, 0, 0, 0], [0, 0, 0, 0, 0, 0, 0, 0, 0, 0, 0, 0, 0, 0, 0, 0, 0, 0], [0, 0, 0, 0, 0, 0, 0, 0, 0, 0, 0, 0, 0, 0, 0, 0, 0, 0]]}, {"input": [[0, 0, 0, 0, 8, 0, 0, 0], [0, 0, 8, 8, 8, 8, 8, 0], [0, 8, 8, 8, 8, 8, 6, 8], [0, 8, 8, 8, 8, 8, 8, 8], [8, 8, 8, 8, 8, 8, 8, 8], [0, 8, 8, 8, 8, 8, 8, 5], [0, 8, 8, 4, 5, 8, 8, 8], [0, 0, 8, 8, 8, 1, 8, 0]], "output": [[8, 8, 8, 8, 8, 8, 8, 8, 8, 8, 5, 8, 0, 0, 0, 0], [8, 8, 8, 8, 0, 8, 8, 8, 8, 8, 4, 8, 0, 0, 0, 0], [8, 8, 8, 8, 0, 8, 8, 8, 8, 8, 8, 8, 0, 0, 0, 0], [8, 8, 8, 0, 0, 0, 8, 8, 8, 8, 8, 0, 0, 0, 0, 0], [8, 0, 0, 0, 0, 0, 0, 0, 8, 0, 0, 0, 0, 0, 0, 0], [8, 8, 8, 0, 0, 0, 8, 8, 8, 8, 8, 0, 0, 0, 0, 0], [8, 8, 8, 8, 0, 8, 8, 8, 8, 8, 8, 8, 0, 0, 0, 0], [8, 8, 8, 8, 0, 8, 8, 8, 8, 8, 4, 8, 0, 0, 0, 0], [8, 8, 8, 8, 8, 8, 8, 8, 8, 8, 5, 8, 0, 0, 0, 0], [8, 8, 8, 8, 0, 8, 8, 8, 8, 8, 8, 1, 0, 0, 0, 0], [5, 4, 8, 8, 0, 8, 8, 4, 5, 8, 8, 8, 0, 0, 0, 0], [8, 8, 8, 0, 0, 0, 8, 8, 8, 1, 8, 0, 0, 0, 0, 0], [0, 0, 0, 0, 0, 0, 0, 0, 0, 0, 0, 0, 0, 0, 0, 0], [0, 0, 0, 0, 0, 0, 0, 0, 0, 0, 0, 0, 0, 0, 0, 0], [0, 0, 0, 0, 0, 0, 0, 0, 0, 0, 0, 0, 0, 0, 0, 0], [0, 0, 0, 0, 0, 0, 0, 0, 0, 0, 0, 0, 0, 0, 0, 0]]}, {"input": [[0, 0, 0, 6, 0, 0], [0, 6, 4, 6, 6, 6], [0, 6, 6, 6, 6, 6], [6, 6, 6, 6, 6, 6], [0, 4, 7, 6, 2, 6], [0, 9, 6, 6, 1, 6]], "output": [[6, 6, 6, 6, 6, 6, 6, 6, 6, 0, 0, 0], [6, 6, 6, 0, 6, 6, 6, 7, 6, 0, 0, 0], [6, 6, 6, 0, 6, 6, 6, 4, 9, 0, 0, 0], [6, 0, 0, 0, 0, 0, 6, 0, 0, 0, 0, 0], [6, 6, 6, 0, 6, 6, 6, 4, 9, 0, 0, 0], [6, 6, 6, 0, 6, 6, 6, 7, 6, 0, 0, 0], [6, 6, 6, 6, 6, 6, 6, 6, 6, 0, 0, 0], [6, 7, 4, 0, 4, 7, 6, 2, 1, 0, 0, 0], [6, 6, 9, 0, 9, 6, 6, 1, 6, 0, 0, 0], [0, 0, 0, 0, 0, 0, 0, 0, 0, 0, 0, 0], [0, 0, 0, 0, 0, 0, 0, 0, 0, 0, 0, 0], [0, 0, 0, 0, 0, 0, 0, 0, 0, 0, 0, 0]]}, {"input": [[0, 0, 0, 1, 0, 0], [0, 7, 7, 7, 7, 6], [0, 7, 2, 7, 3, 7], [7, 1, 7, 7, 7, 7], [0, 7, 7, 7, 7, 7], [0, 7, 7, 7, 7, 7]], "output": [[7, 7, 1, 7, 1, 7, 7, 7, 7, 0, 0, 0], [7, 2, 7, 0, 7, 2, 7, 7, 7, 0, 0, 0], [1, 7, 7, 0, 7, 7, 1, 7, 7, 0, 0, 0], [7, 0, 0, 0, 0, 0, 7, 0, 0, 0, 0, 0], [1, 7, 7, 0, 7, 7, 1, 7, 7, 0, 0, 0], [7, 2, 7, 0, 7, 2, 7, 7, 7, 0, 0, 0], [7, 7, 1, 7, 1, 7, 7, 7, 7, 0, 0, 0], [7, 7, 7, 0, 7, 7, 7, 7, 7, 0, 0, 0], [7, 7, 7, 0, 7, 7, 7, 7, 7, 0, 0, 0], [0, 0, 0, 0, 0, 0, 0, 0, 0, 0, 0, 0], [0, 0, 0, 0, 0, 0, 0, 0, 0, 0, 0, 0], [0, 0, 0, 0, 0, 0, 0, 0, 0, 0, 0, 0]]}, {"input": [[0, 0, 9, 0, 0], [0, 8, 9, 9, 0], [9, 9, 9, 9, 9], [0, 9, 9, 9, 0], [0, 0, 9, 0, 0]], "output": [[9, 9, 9, 9, 9, 9, 9, 0, 0, 0], [9, 8, 0, 8, 9, 9, 0, 0, 0, 0], [9, 0, 0, 0, 9, 0, 0, 0, 0, 0], [9, 8, 0, 8, 9, 9, 0, 0, 0, 0], [9, 9, 9, 9, 9, 9, 9, 0, 0, 0], [9, 9, 0, 9, 9, 9, 0, 0, 0, 0], [9, 0, 0, 0, 9, 0, 0, 0, 0, 0], [0, 0, 0, 0, 0, 0, 0, 0, 0, 0], [0, 0, 0, 0, 0, 0, 0, 0, 0, 0], [0, 0, 0, 0, 0, 0, 0, 0, 0, 0]]}, {"input": [[0, 0, 0, 0, 6, 0, 0, 0], [0, 0, 3, 3, 3, 3, 3, 0], [0, 3, 3, 3, 3, 9, 2, 3], [0, 2, 3, 3, 3, 3, 3, 3], [3, 7, 3, 3, 3, 3, 3, 3], [0, 3, 3, 3, 3, 3, 3, 3], [0, 3, 3, 3, 3, 3, 5, 6], [0, 0, 3, 7, 3, 6, 3, 0]], "output": [[3, 3, 3, 7, 3, 7, 3, 3, 3, 3, 3, 3, 0, 0, 0, 0], [3, 3, 3, 2, 0, 2, 3, 3, 3, 3, 3, 7, 0, 0, 0, 0], [3, 3, 3, 3, 0, 3, 3, 3, 3, 3, 3, 3, 0, 0, 0, 0], [7, 2, 3, 0, 0, 0, 3, 2, 7, 3, 3, 0, 0, 0, 0, 0], [3, 0, 0, 0, 0, 0, 0, 0, 3, 0, 0, 0, 0, 0, 0, 0], [7, 2, 3, 0, 0, 0, 3, 2, 7, 3, 3, 0, 0, 0, 0, 0], [3, 3, 3, 3, 0, 3, 3, 3, 3, 3, 3, 3, 0, 0, 0, 0], [3, 3, 3, 2, 0, 2, 3, 3, 3, 3, 3, 7, 0, 0, 0, 0], [3, 3, 3, 7, 3, 7, 3, 3, 3, 3, 3, 3, 0, 0, 0, 0], [3, 3, 3, 3, 0, 3, 3, 3, 3, 3, 3, 6, 0, 0, 0, 0], [3, 3, 3, 3, 0, 3, 3, 3, 3, 3, 5, 3, 0, 0, 0, 0], [3, 7, 3, 0, 0, 0, 3, 7, 3, 6, 3, 0, 0, 0, 0, 0], [0, 0, 0, 0, 0, 0, 0, 0, 0, 0, 0, 0, 0, 0, 0, 0], [0, 0, 0, 0, 0, 0, 0, 0, 0, 0, 0, 0, 0, 0, 0, 0], [0, 0, 0, 0, 0, 0, 0, 0, 0, 0, 0, 0, 0, 0, 0, 0], [0, 0, 0, 0, 0, 0, 0, 0, 0, 0, 0, 0, 0, 0, 0, 0]]}, {"input": [[0, 0, 0, 0, 8, 0, 0, 0, 0], [0, 0, 2, 6, 2, 2, 2, 0, 0], [0, 2, 2, 2, 2, 2, 2, 2, 0], [0, 4, 2, 1, 2, 2, 2, 2, 0], [2, 2, 2, 5, 2, 2, 2, 2, 2], [0, 2, 2, 2, 1, 2, 9, 2, 0], [0, 2, 2, 2, 2, 2, 2, 2, 0], [0, 0, 2, 2, 2, 2, 2, 0, 0], [0, 0, 0, 0, 2, 0, 0, 0, 0]], "output": [[2, 5, 2, 2, 2, 2, 2, 5, 2, 1, 2, 2, 2, 0, 0, 0, 0, 0], [5, 1, 2, 4, 0, 4, 2, 1, 5, 2, 2, 2, 0, 0, 0, 0, 0, 0], [2, 2, 2, 2, 0, 2, 2, 2, 2, 2, 2, 2, 0, 0, 0, 0, 0, 0], [2, 4, 2, 0, 0, 0, 2, 4, 2, 2, 2, 0, 0, 0, 0, 0, 0, 0], [2, 0, 0, 0, 0, 0, 0, 0, 2, 0, 0, 0, 0, 0, 0, 0, 0, 0], [2, 4, 2, 0, 0, 0, 2, 4, 2, 2, 2, 0, 0, 0, 0, 0, 0, 0], [2, 2, 2, 2, 0, 2, 2, 2, 2, 2, 2, 2, 0, 0, 0, 0, 0, 0], [5, 1, 2, 4, 0, 4, 2, 1, 5, 2, 2, 2, 0, 0, 0, 0, 0, 0], [2, 5, 2, 2, 2, 2, 2, 5, 2, 1, 2, 2, 2, 0, 0, 0, 0, 0], [1, 2, 2, 2, 0, 2, 2, 2, 1, 2, 2, 2, 0, 0, 0, 0, 0, 0], [2, 2, 2, 2, 0, 2, 2, 2, 2, 2, 2, 2, 0, 0, 0, 0, 0, 0], [2, 2, 2, 0, 0, 0, 2, 2, 2, 2, 2, 0, 0, 0, 0, 0, 0, 0], [2, 0, 0, 0, 0, 0, 0, 0, 2, 0, 0, 0, 0, 0, 0, 0, 0, 0], [0, 0, 0, 0, 0, 0, 0, 0, 0, 0, 0, 0, 0, 0, 0, 0, 0, 0], [0, 0, 0, 0, 0, 0, 0, 0, 0, 0, 0, 0, 0, 0, 0, 0, 0, 0], [0, 0, 0, 0, 0, 0, 0, 0, 0, 0, 0, 0, 0, 0, 0, 0, 0, 0], [0, 0, 0, 0, 0, 0, 0, 0, 0, 0, 0, 0, 0, 0, 0, 0, 0, 0], [0, 0, 0, 0, 0, 0, 0, 0, 0, 0, 0, 0, 0, 0, 0, 0, 0, 0]]}, {"input": [[0, 0, 0, 2, 0, 0], [0, 2, 2, 2, 2, 2], [0, 2, 2, 2, 3, 2], [4, 2, 7, 2, 2, 2], [0, 3, 2, 2, 2, 2], [0, 2, 2, 4, 2, 2]], "output": [[2, 7, 2, 4, 2, 7, 2, 2, 4, 0, 0, 0], [7, 2, 2, 0, 2, 2, 7, 2, 2, 0, 0, 0], [2, 2, 2, 0, 2, 2, 2, 3, 2, 0, 0, 0], [4, 0, 0, 0, 0, 0, 4, 0, 0, 0, 0, 0], [2, 2, 2, 0, 2, 2, 2, 3, 2, 0, 0, 0], [7, 2, 2, 0, 2, 2, 7, 2, 2, 0, 0, 0], [2, 7, 2, 4, 2, 7, 2, 2, 4, 0, 0, 0], [2, 2, 3, 0, 3, 2, 2, 2, 2, 0, 0, 0], [4, 2, 2, 0, 2, 2, 4, 2, 2, 0, 0, 0], [0, 0, 0, 0, 0, 0, 0, 0, 0, 0, 0, 0], [0, 0, 0, 0, 0, 0, 0, 0, 0, 0, 0, 0], [0, 0, 0, 0, 0, 0, 0, 0, 0, 0, 0, 0]]}, {"input": [[0, 0, 0, 8, 0, 0], [0, 8, 9, 8, 8, 8], [0, 5, 8, 8, 8, 8], [2, 8, 2, 8, 8, 2], [0, 2, 8, 1, 8, 3], [0, 8, 8, 8, 8, 1]], "output": [[8, 2, 8, 2, 8, 2, 8, 1, 8, 0, 0, 0], [2, 8, 5, 0, 5, 8, 2, 8, 8, 0, 0, 0], [8, 5, 8, 0, 8, 5, 8, 2, 8, 0, 0, 0], [2, 0, 0, 0, 0, 0, 2, 0, 0, 0, 0, 0], [8, 5, 8, 0, 8, 5, 8, 2, 8, 0, 0, 0], [2, 8, 5, 0, 5, 8, 2, 8, 8, 0, 0, 0], [8, 2, 8, 2, 8, 2, 8, 1, 8, 0, 0, 0], [1, 8, 2, 0, 2, 8, 1, 8, 8, 0, 0, 0], [8, 8, 8, 0, 8, 8, 8, 8, 1, 0, 0, 0], [0, 0, 0, 0, 0, 0, 0, 0, 0, 0, 0, 0], [0, 0, 0, 0, 0, 0, 0, 0, 0, 0, 0, 0], [0, 0, 0, 0, 0, 0, 0, 0, 0, 0, 0, 0]]}, {"input": [[0, 0, 3, 0, 0], [0, 3, 3, 3, 0], [9, 3, 3, 3, 2], [0, 3, 3, 3, 0], [0, 0, 3, 0, 0]], "output": [[3, 3, 9, 3, 3, 3, 3, 0, 0, 0], [3, 3, 0, 3, 3, 3, 0, 0, 0, 0], [9, 0, 0, 0, 9, 0, 0, 0, 0, 0], [3, 3, 0, 3, 3, 3, 0, 0, 0, 0], [3, 3, 9, 3, 3, 3, 3, 0, 0, 0], [3, 3, 0, 3, 3, 3, 0, 0, 0, 0], [3, 0, 0, 0, 3, 0, 0, 0, 0, 0], [0, 0, 0, 0, 0, 0, 0, 0, 0, 0], [0, 0, 0, 0, 0, 0, 0, 0, 0, 0], [0, 0, 0, 0, 0, 0, 0, 0, 0, 0]]}, {"input": [[0, 0, 0, 2, 0, 0], [0, 2, 2, 2, 2, 2], [0, 2, 6, 2, 2, 2], [7, 9, 2, 2, 2, 2], [0, 2, 2, 2, 2, 5], [0, 2, 2, 2, 2, 2]], "output": [[2, 2, 9, 7, 9, 2, 2, 2, 2, 0, 0, 0], [2, 6, 2, 0, 2, 6, 2, 2, 2, 0, 0, 0], [9, 2, 2, 0, 2, 2, 9, 2, 2, 0, 0, 0], [7, 0, 0, 0, 0, 0, 7, 0, 0, 0, 0, 0], [9, 2, 2, 0, 2, 2, 9, 2, 2, 0, 0, 0], [2, 6, 2, 0, 2, 6, 2, 2, 2, 0, 0, 0], [2, 2, 9, 7, 9, 2, 2, 2, 2, 0, 0, 0], [2, 2, 2, 0, 2, 2, 2, 2, 2, 0, 0, 0], [2, 2, 2, 0, 2, 2, 2, 2, 2, 0, 0, 0], [0, 0, 0, 0, 0, 0, 0, 0, 0, 0, 0, 0], [0, 0, 0, 0, 0, 0, 0, 0, 0, 0, 0, 0], [0, 0, 0, 0, 0, 0, 0, 0, 0, 0, 0, 0]]}, {"input": [[0, 0, 0, 0, 2, 0, 0, 0, 0], [0, 0, 2, 2, 4, 2, 2, 0, 0], [0, 2, 2, 2, 2, 2, 2, 2, 0], [0, 4, 2, 2, 2, 2, 2, 2, 0], [2, 2, 1, 7, 7, 2, 2, 2, 2], [0, 2, 2, 1, 7, 2, 2, 2, 0], [0, 2, 2, 2, 2, 2, 2, 2, 0], [0, 0, 9, 2, 2, 2, 2, 0, 0], [0, 0, 0, 0, 6, 0, 0, 0, 0]], "output": [[7, 7, 1, 2, 2, 2, 1, 7, 7, 7, 2, 2, 6, 0, 0, 0, 0, 0], [7, 2, 2, 4, 0, 4, 2, 2, 7, 1, 2, 2, 0, 0, 0, 0, 0, 0], [1, 2, 2, 2, 0, 2, 2, 2, 1, 2, 2, 9, 0, 0, 0, 0, 0, 0], [2, 4, 2, 0, 0, 0, 2, 4, 2, 2, 2, 0, 0, 0, 0, 0, 0, 0], [2, 0, 0, 0, 0, 0, 0, 0, 2, 0, 0, 0, 0, 0, 0, 0, 0, 0], [2, 4, 2, 0, 0, 0, 2, 4, 2, 2, 2, 0, 0, 0, 0, 0, 0, 0], [1, 2, 2, 2, 0, 2, 2, 2, 1, 2, 2, 9, 0, 0, 0, 0, 0, 0], [7, 2, 2, 4, 0, 4, 2, 2, 7, 1, 2, 2, 0, 0, 0, 0, 0, 0], [7, 7, 1, 2, 2, 2, 1, 7, 7, 7, 2, 2, 6, 0, 0, 0, 0, 0], [7, 1, 2, 2, 0, 2, 2, 1, 7, 2, 2, 2, 0, 0, 0, 0, 0, 0], [2, 2, 2, 2, 0, 2, 2, 2, 2, 2, 2, 2, 0, 0, 0, 0, 0, 0], [2, 2, 9, 0, 0, 0, 9, 2, 2, 2, 2, 0, 0, 0, 0, 0, 0, 0], [6, 0, 0, 0, 0, 0, 0, 0, 6, 0, 0, 0, 0, 0, 0, 0, 0, 0], [0, 0, 0, 0, 0, 0, 0, 0, 0, 0, 0, 0, 0, 0, 0, 0, 0, 0], [0, 0, 0, 0, 0, 0, 0, 0, 0, 0, 0, 0, 0, 0, 0, 0, 0, 0], [0, 0, 0, 0, 0, 0, 0, 0, 0, 0, 0, 0, 0, 0, 0, 0, 0, 0], [0, 0, 0, 0, 0, 0, 0, 0, 0, 0, 0, 0, 0, 0, 0, 0, 0, 0], [0, 0, 0, 0, 0, 0, 0, 0, 0, 0, 0, 0, 0, 0, 0, 0, 0, 0]]}, {"input": [[0, 0, 0, 0, 2, 0, 0, 0, 0], [0, 0, 2, 2, 2, 2, 2, 0, 0], [0, 2, 2, 2, 2, 2, 2, 2, 0], [0, 2, 2, 2, 3, 2, 2, 2, 0], [2, 2, 2, 9, 2, 2, 2, 6, 2], [0, 2, 8, 2, 2, 2, 6, 2, 0], [0, 2, 9, 2, 2, 6, 2, 2, 0], [0, 0, 2, 4, 3, 2, 2, 0, 0], [0, 0, 0, 0, 2, 0, 0, 0, 0]], "output": [[2, 9, 2, 2, 2, 2, 2, 9, 2, 2, 2, 3, 2, 0, 0, 0, 0, 0], [9, 2, 2, 2, 0, 2, 2, 2, 9, 2, 2, 4, 0, 0, 0, 0, 0, 0], [2, 2, 2, 2, 0, 2, 2, 2, 2, 8, 9, 2, 0, 0, 0, 0, 0, 0], [2, 2, 2, 0, 0, 0, 2, 2, 2, 2, 2, 0, 0, 0, 0, 0, 0, 0], [2, 0, 0, 0, 0, 0, 0, 0, 2, 0, 0, 0, 0, 0, 0, 0, 0, 0], [2, 2, 2, 0, 0, 0, 2, 2, 2, 2, 2, 0, 0, 0, 0, 0, 0, 0], [2, 2, 2, 2, 0, 2, 2, 2, 2, 8, 9, 2, 0, 0, 0, 0, 0, 0], [9, 2, 2, 2, 0, 2, 2, 2, 9, 2, 2, 4, 0, 0, 0, 0, 0, 0], [2, 9, 2, 2, 2, 2, 2, 9, 2, 2, 2, 3, 2, 0, 0, 0, 0, 0], [2, 2, 8, 2, 0, 2, 8, 2, 2, 2, 6, 2, 0, 0, 0, 0, 0, 0], [2, 2, 9, 2, 0, 2, 9, 2, 2, 6, 2, 2, 0, 0, 0, 0, 0, 0], [3, 4, 2, 0, 0, 0, 2, 4, 3, 2, 2, 0, 0, 0, 0, 0, 0, 0], [2, 0, 0, 0, 0, 0, 0, 0, 2, 0, 0, 0, 0, 0, 0, 0, 0, 0], [0, 0, 0, 0, 0, 0, 0, 0, 0, 0, 0, 0, 0, 0, 0, 0, 0, 0], [0, 0, 0, 0, 0, 0, 0, 0, 0, 0, 0, 0, 0, 0, 0, 0, 0, 0], [0, 0, 0, 0, 0, 0, 0, 0, 0, 0, 0, 0, 0, 0, 0, 0, 0, 0], [0, 0, 0, 0, 0, 0, 0, 0, 0, 0, 0, 0, 0, 0, 0, 0, 0, 0], [0, 0, 0, 0, 0, 0, 0, 0, 0, 0, 0, 0, 0, 0, 0, 0, 0, 0]]}, {"input": [[0, 0, 3, 0, 0], [0, 1, 3, 1, 0], [8, 3, 3, 3, 3], [0, 3, 3, 3, 0], [0, 0, 6, 0, 0]], "output": [[3, 3, 8, 3, 3, 3, 6, 0, 0, 0], [3, 1, 0, 1, 3, 3, 0, 0, 0, 0], [8, 0, 0, 0, 8, 0, 0, 0, 0, 0], [3, 1, 0, 1, 3, 3, 0, 0, 0, 0], [3, 3, 8, 3, 3, 3, 6, 0, 0, 0], [3, 3, 0, 3, 3, 3, 0, 0, 0, 0], [6, 0, 0, 0, 6, 0, 0, 0, 0, 0], [0, 0, 0, 0, 0, 0, 0, 0, 0, 0], [0, 0, 0, 0, 0, 0, 0, 0, 0, 0], [0, 0, 0, 0, 0, 0, 0, 0, 0, 0]]}, {"input": [[0, 0, 0, 1, 0, 0], [0, 6, 1, 1, 1, 1], [0, 1, 1, 1, 1, 1], [1, 1, 7, 1, 1, 1], [0, 1, 4, 1, 9, 2], [0, 1, 1, 1, 1, 1]], "output": [[1, 7, 1, 1, 1, 7, 1, 1, 1, 0, 0, 0], [7, 1, 1, 0, 1, 1, 7, 4, 1, 0, 0, 0], [1, 1, 6, 0, 6, 1, 1, 1, 1, 0, 0, 0], [1, 0, 0, 0, 0, 0, 1, 0, 0, 0, 0, 0], [1, 1, 6, 0, 6, 1, 1, 1, 1, 0, 0, 0], [7, 1, 1, 0, 1, 1, 7, 4, 1, 0, 0, 0], [1, 7, 1, 1, 1, 7, 1, 1, 1, 0, 0, 0], [1, 4, 1, 0, 1, 4, 1, 9, 1, 0, 0, 0], [1, 1, 1, 0, 1, 1, 1, 1, 1, 0, 0, 0], [0, 0, 0, 0, 0, 0, 0, 0, 0, 0, 0, 0], [0, 0, 0, 0, 0, 0, 0, 0, 0, 0, 0, 0], [0, 0, 0, 0, 0, 0, 0, 0, 0, 0, 0, 0]]}, {"input": [[0, 0, 0, 0, 4, 0, 0, 0], [0, 0, 1, 2, 4, 4, 4, 0], [0, 4, 4, 7, 2, 4, 4, 5], [0, 4, 4, 4, 4, 4, 4, 4], [4, 4, 4, 4, 4, 4, 4, 4], [0, 3, 4, 4, 4, 8, 4, 4], [0, 7, 1, 2, 7, 4, 2, 4], [0, 0, 4, 4, 4, 4, 4, 0]], "output": [[4, 4, 4, 4, 4, 4, 4, 4, 4, 4, 7, 4, 0, 0, 0, 0], [4, 4, 4, 4, 0, 4, 4, 4, 4, 4, 2, 4, 0, 0, 0, 0], [4, 4, 4, 4, 0, 4, 4, 4, 4, 4, 1, 4, 0, 0, 0, 0], [4, 4, 4, 0, 0, 0, 4, 4, 4, 3, 7, 0, 0, 0, 0, 0], [4, 0, 0, 0, 0, 0, 0, 0, 4, 0, 0, 0, 0, 0, 0, 0], [4, 4, 4, 0, 0, 0, 4, 4, 4, 3, 7, 0, 0, 0, 0, 0], [4, 4, 4, 4, 0, 4, 4, 4, 4, 4, 1, 4, 0, 0, 0, 0], [4, 4, 4, 4, 0, 4, 4, 4, 4, 4, 2, 4, 0, 0, 0, 0], [4, 4, 4, 4, 4, 4, 4, 4, 4, 4, 7, 4, 0, 0, 0, 0], [4, 4, 4, 3, 0, 3, 4, 4, 4, 8, 4, 4, 0, 0, 0, 0], [7, 2, 1, 7, 0, 7, 1, 2, 7, 4, 2, 4, 0, 0, 0, 0], [4, 4, 4, 0, 0, 0, 4, 4, 4, 4, 4, 0, 0, 0, 0, 0], [0, 0, 0, 0, 0, 0, 0, 0, 0, 0, 0, 0, 0, 0, 0, 0], [0, 0, 0, 0, 0, 0, 0, 0, 0, 0, 0, 0, 0, 0, 0, 0], [0, 0, 0, 0, 0, 0, 0, 0, 0, 0, 0, 0, 0, 0, 0, 0], [0, 0, 0, 0, 0, 0, 0, 0, 0, 0, 0, 0, 0, 0, 0, 0]]}, {"input": [[0, 0, 0, 5, 0, 0, 0], [0, 3, 6, 3, 3, 3, 0], [0, 3, 3, 3, 3, 3, 0], [3, 9, 3, 4, 3, 3, 3], [0, 3, 3, 3, 3, 3, 0], [0, 4, 3, 3, 3, 3, 0], [0, 0, 0, 3, 0, 0, 0]], "output": [[4, 3, 9, 3, 9, 3, 4, 3, 3, 3, 0, 0, 0, 0], [3, 3, 3, 0, 3, 3, 3, 3, 3, 0, 0, 0, 0, 0], [9, 3, 3, 0, 3, 3, 9, 3, 4, 0, 0, 0, 0, 0], [3, 0, 0, 0, 0, 0, 3, 0, 0, 0, 0, 0, 0, 0], [9, 3, 3, 0, 3, 3, 9, 3, 4, 0, 0, 0, 0, 0], [3, 3, 3, 0, 3, 3, 3, 3, 3, 0, 0, 0, 0, 0], [4, 3, 9, 3, 9, 3, 4, 3, 3, 3, 0, 0, 0, 0], [3, 3, 3, 0, 3, 3, 3, 3, 3, 0, 0, 0, 0, 0], [3, 3, 4, 0, 4, 3, 3, 3, 3, 0, 0, 0, 0, 0], [3, 0, 0, 0, 0, 0, 3, 0, 0, 0, 0, 0, 0, 0], [0, 0, 0, 0, 0, 0, 0, 0, 0, 0, 0, 0, 0, 0], [0, 0, 0, 0, 0, 0, 0, 0, 0, 0, 0, 0, 0, 0], [0, 0, 0, 0, 0, 0, 0, 0, 0, 0, 0, 0, 0, 0], [0, 0, 0, 0, 0, 0, 0, 0, 0, 0, 0, 0, 0, 0]]}, {"input": [[0, 0, 0, 1, 0, 0], [0, 9, 9, 7, 9, 9], [0, 2, 9, 9, 9, 2], [9, 9, 9, 9, 9, 9], [0, 9, 9, 9, 9, 9], [0, 9, 9, 6, 9, 5]], "output": [[9, 9, 9, 9, 9, 9, 9, 9, 6, 0, 0, 0], [9, 9, 2, 0, 2, 9, 9, 9, 9, 0, 0, 0], [9, 2, 9, 0, 9, 2, 9, 9, 9, 0, 0, 0], [9, 0, 0, 0, 0, 0, 9, 0, 0, 0, 0, 0], [9, 2, 9, 0, 9, 2, 9, 9, 9, 0, 0, 0], [9, 9, 2, 0, 2, 9, 9, 9, 9, 0, 0, 0], [9, 9, 9, 9, 9, 9, 9, 9, 6, 0, 0, 0], [9, 9, 9, 0, 9, 9, 9, 9, 9, 0, 0, 0], [6, 9, 9, 0, 9, 9, 6, 9, 5, 0, 0, 0], [0, 0, 0, 0, 0, 0, 0, 0, 0, 0, 0, 0], [0, 0, 0, 0, 0, 0, 0, 0, 0, 0, 0, 0], [0, 0, 0, 0, 0, 0, 0, 0, 0, 0, 0, 0]]}, {"input": [[0, 0, 0, 0, 7, 0, 0, 0], [0, 0, 7, 7, 7, 7, 7, 0], [0, 2, 7, 1, 7, 5, 7, 9], [0, 5, 4, 7, 7, 7, 7, 7], [7, 7, 3, 7, 7, 7, 7, 7], [0, 8, 7, 2, 7, 7, 7, 7], [0, 7, 2, 7, 7, 7, 7, 7], [0, 0, 7, 7, 9, 7, 7, 0]], "output": [[7, 7, 3, 7, 7, 7, 3, 7, 7, 7, 7, 9, 0, 0, 0, 0], [7, 7, 4, 5, 0, 5, 4, 7, 7, 2, 7, 7, 0, 0, 0, 0], [3, 4, 7, 2, 0, 2, 7, 4, 3, 7, 2, 7, 0, 0, 0, 0], [7, 5, 2, 0, 0, 0, 2, 5, 7, 8, 7, 0, 0, 0, 0, 0], [7, 0, 0, 0, 0, 0, 0, 0, 7, 0, 0, 0, 0, 0, 0, 0], [7, 5, 2, 0, 0, 0, 2, 5, 7, 8, 7, 0, 0, 0, 0, 0], [3, 4, 7, 2, 0, 2, 7, 4, 3, 7, 2, 7, 0, 0, 0, 0], [7, 7, 4, 5, 0, 5, 4, 7, 7, 2, 7, 7, 0, 0, 0, 0], [7, 7, 3, 7, 7, 7, 3, 7, 7, 7, 7, 9, 0, 0, 0, 0], [7, 2, 7, 8, 0, 8, 7, 2, 7, 7, 7, 7, 0, 0, 0, 0], [7, 7, 2, 7, 0, 7, 2, 7, 7, 7, 7, 7, 0, 0, 0, 0], [9, 7, 7, 0, 0, 0, 7, 7, 9, 7, 7, 0, 0, 0, 0, 0], [0, 0, 0, 0, 0, 0, 0, 0, 0, 0, 0, 0, 0, 0, 0, 0], [0, 0, 0, 0, 0, 0, 0, 0, 0, 0, 0, 0, 0, 0, 0, 0], [0, 0, 0, 0, 0, 0, 0, 0, 0, 0, 0, 0, 0, 0, 0, 0], [0, 0, 0, 0, 0, 0, 0, 0, 0, 0, 0, 0, 0, 0, 0, 0]]}, {"input": [[0, 0, 0, 6, 0, 0, 0], [0, 3, 3, 3, 3, 3, 0], [0, 3, 3, 3, 3, 3, 0], [3, 3, 3, 2, 8, 3, 3], [0, 6, 3, 8, 3, 3, 0], [0, 3, 3, 3, 3, 7, 0], [0, 0, 0, 3, 0, 0, 0]], "output": [[2, 3, 3, 3, 3, 3, 2, 8, 3, 3, 0, 0, 0, 0], [3, 3, 3, 0, 3, 3, 3, 3, 3, 0, 0, 0, 0, 0], [3, 3, 3, 0, 3, 3, 3, 6, 3, 0, 0, 0, 0, 0], [3, 0, 0, 0, 0, 0, 3, 0, 0, 0, 0, 0, 0, 0], [3, 3, 3, 0, 3, 3, 3, 6, 3, 0, 0, 0, 0, 0], [3, 3, 3, 0, 3, 3, 3, 3, 3, 0, 0, 0, 0, 0], [2, 3, 3, 3, 3, 3, 2, 8, 3, 3, 0, 0, 0, 0], [8, 3, 6, 0, 6, 3, 8, 3, 3, 0, 0, 0, 0, 0], [3, 3, 3, 0, 3, 3, 3, 3, 7, 0, 0, 0, 0, 0], [3, 0, 0, 0, 0, 0, 3, 0, 0, 0, 0, 0, 0, 0], [0, 0, 0, 0, 0, 0, 0, 0, 0, 0, 0, 0, 0, 0], [0, 0, 0, 0, 0, 0, 0, 0, 0, 0, 0, 0, 0, 0], [0, 0, 0, 0, 0, 0, 0, 0, 0, 0, 0, 0, 0, 0], [0, 0, 0, 0, 0, 0, 0, 0, 0, 0, 0, 0, 0, 0]]}, {"input": [[0, 0, 0, 0, 4, 0, 0, 0], [0, 0, 8, 8, 8, 8, 8, 0], [0, 8, 1, 8, 9, 8, 9, 8], [0, 8, 8, 8, 8, 8, 8, 8], [8, 8, 8, 8, 8, 8, 8, 8], [0, 8, 8, 8, 8, 8, 8, 8], [0, 8, 8, 1, 8, 8, 8, 8], [0, 0, 8, 8, 8, 8, 8, 0]], "output": [[8, 8, 8, 8, 8, 8, 8, 8, 8, 8, 8, 8, 0, 0, 0, 0], [8, 8, 8, 8, 0, 8, 8, 8, 8, 8, 1, 8, 0, 0, 0, 0], [8, 8, 1, 8, 0, 8, 1, 8, 8, 8, 8, 8, 0, 0, 0, 0], [8, 8, 8, 0, 0, 0, 8, 8, 8, 8, 8, 0, 0, 0, 0, 0], [8, 0, 0, 0, 0, 0, 0, 0, 8, 0, 0, 0, 0, 0, 0, 0], [8, 8, 8, 0, 0, 0, 8, 8, 8, 8, 8, 0, 0, 0, 0, 0], [8, 8, 1, 8, 0, 8, 1, 8, 8, 8, 8, 8, 0, 0, 0, 0], [8, 8, 8, 8, 0, 8, 8, 8, 8, 8, 1, 8, 0, 0, 0, 0], [8, 8, 8, 8, 8, 8, 8, 8, 8, 8, 8, 8, 0, 0, 0, 0], [8, 8, 8, 8, 0, 8, 8, 8, 8, 8, 8, 8, 0, 0, 0, 0], [8, 1, 8, 8, 0, 8, 8, 1, 8, 8, 8, 8, 0, 0, 0, 0], [8, 8, 8, 0, 0, 0, 8, 8, 8, 8, 8, 0, 0, 0, 0, 0], [0, 0, 0, 0, 0, 0, 0, 0, 0, 0, 0, 0, 0, 0, 0, 0], [0, 0, 0, 0, 0, 0, 0, 0, 0, 0, 0, 0, 0, 0, 0, 0], [0, 0, 0, 0, 0, 0, 0, 0, 0, 0, 0, 0, 0, 0, 0, 0], [0, 0, 0, 0, 0, 0, 0, 0, 0, 0, 0, 0, 0, 0, 0, 0]]}, {"input": [[0, 0, 0, 0, 5, 0, 0, 0, 0], [0, 0, 4, 4, 5, 5, 5, 0, 0], [0, 5, 5, 5, 5, 5, 5, 5, 0], [0, 5, 5, 5, 5, 5, 5, 5, 0], [5, 5, 5, 8, 5, 5, 5, 5, 5], [0, 5, 5, 4, 5, 5, 3, 5, 0], [0, 5, 5, 5, 5, 5, 5, 6, 0], [0, 0, 3, 4, 5, 5, 5, 0, 0], [0, 0, 0, 0, 5, 0, 0, 0, 0]], "output": [[5, 8, 5, 5, 5, 5, 5, 8, 5, 5, 5, 5, 5, 0, 0, 0, 0, 0], [8, 5, 5, 5, 0, 5, 5, 5, 8, 4, 5, 4, 0, 0, 0, 0, 0, 0], [5, 5, 5, 5, 0, 5, 5, 5, 5, 5, 5, 3, 0, 0, 0, 0, 0, 0], [5, 5, 5, 0, 0, 0, 5, 5, 5, 5, 5, 0, 0, 0, 0, 0, 0, 0], [5, 0, 0, 0, 0, 0, 0, 0, 5, 0, 0, 0, 0, 0, 0, 0, 0, 0], [5, 5, 5, 0, 0, 0, 5, 5, 5, 5, 5, 0, 0, 0, 0, 0, 0, 0], [5, 5, 5, 5, 0, 5, 5, 5, 5, 5, 5, 3, 0, 0, 0, 0, 0, 0], [8, 5, 5, 5, 0, 5, 5, 5, 8, 4, 5, 4, 0, 0, 0, 0, 0, 0], [5, 8, 5, 5, 5, 5, 5, 8, 5, 5, 5, 5, 5, 0, 0, 0, 0, 0], [5, 4, 5, 5, 0, 5, 5, 4, 5, 5, 5, 5, 0, 0, 0, 0, 0, 0], [5, 5, 5, 5, 0, 5, 5, 5, 5, 5, 5, 5, 0, 0, 0, 0, 0, 0], [5, 4, 3, 0, 0, 0, 3, 4, 5, 5, 5, 0, 0, 0, 0, 0, 0, 0], [5, 0, 0, 0, 0, 0, 0, 0, 5, 0, 0, 0, 0, 0, 0, 0, 0, 0], [0, 0, 0, 0, 0, 0, 0, 0, 0, 0, 0, 0, 0, 0, 0, 0, 0, 0], [0, 0, 0, 0, 0, 0, 0, 0, 0, 0, 0, 0, 0, 0, 0, 0, 0, 0], [0, 0, 0, 0, 0, 0, 0, 0, 0, 0, 0, 0, 0, 0, 0, 0, 0, 0], [0, 0, 0, 0, 0, 0, 0, 0, 0, 0, 0, 0, 0, 0, 0, 0, 0, 0], [0, 0, 0, 0, 0, 0, 0, 0, 0, 0, 0, 0, 0, 0, 0, 0, 0, 0]]}, {"input": [[0, 0, 0, 1, 0, 0], [0, 1, 5, 7, 5, 1], [0, 1, 8, 5, 1, 1], [6, 7, 1, 1, 1, 1], [0, 1, 1, 1, 1, 1], [0, 6, 1, 8, 1, 8]], "output": [[1, 1, 7, 6, 7, 1, 1, 1, 8, 0, 0, 0], [1, 8, 1, 0, 1, 8, 1, 1, 1, 0, 0, 0], [7, 1, 1, 0, 1, 1, 7, 1, 6, 0, 0, 0], [6, 0, 0, 0, 0, 0, 6, 0, 0, 0, 0, 0], [7, 1, 1, 0, 1, 1, 7, 1, 6, 0, 0, 0], [1, 8, 1, 0, 1, 8, 1, 1, 1, 0, 0, 0], [1, 1, 7, 6, 7, 1, 1, 1, 8, 0, 0, 0], [1, 1, 1, 0, 1, 1, 1, 1, 1, 0, 0, 0], [8, 1, 6, 0, 6, 1, 8, 1, 8, 0, 0, 0], [0, 0, 0, 0, 0, 0, 0, 0, 0, 0, 0, 0], [0, 0, 0, 0, 0, 0, 0, 0, 0, 0, 0, 0], [0, 0, 0, 0, 0, 0, 0, 0, 0, 0, 0, 0]]}, {"input": [[0, 0, 0, 9, 0, 0, 0], [0, 9, 5, 9, 9, 9, 0], [0, 9, 9, 9, 9, 4, 0], [9, 9, 9, 9, 9, 9, 6], [0, 3, 9, 9, 9, 6, 0], [0, 9, 7, 9, 9, 9, 0], [0, 0, 0, 9, 0, 0, 0]], "output": [[9, 9, 9, 9, 9, 9, 9, 9, 9, 9, 0, 0, 0, 0], [9, 9, 9, 0, 9, 9, 9, 9, 7, 0, 0, 0, 0, 0], [9, 9, 9, 0, 9, 9, 9, 3, 9, 0, 0, 0, 0, 0], [9, 0, 0, 0, 0, 0, 9, 0, 0, 0, 0, 0, 0, 0], [9, 9, 9, 0, 9, 9, 9, 3, 9, 0, 0, 0, 0, 0], [9, 9, 9, 0, 9, 9, 9, 9, 7, 0, 0, 0, 0, 0], [9, 9, 9, 9, 9, 9, 9, 9, 9, 9, 0, 0, 0, 0], [9, 9, 3, 0, 3, 9, 9, 9, 9, 0, 0, 0, 0, 0], [9, 7, 9, 0, 9, 7, 9, 9, 9, 0, 0, 0, 0, 0], [9, 0, 0, 0, 0, 0, 9, 0, 0, 0, 0, 0, 0, 0], [0, 0, 0, 0, 0, 0, 0, 0, 0, 0, 0, 0, 0, 0], [0, 0, 0, 0, 0, 0, 0, 0, 0, 0, 0, 0, 0, 0], [0, 0, 0, 0, 0, 0, 0, 0, 0, 0, 0, 0, 0, 0], [0, 0, 0, 0, 0, 0, 0, 0, 0, 0, 0, 0, 0, 0]]}], "test": [{"input": [[0, 0, 0, 9, 0, 0, 0], [0, 9, 1, 9, 9, 9, 0], [0, 9, 9, 9, 9, 9, 0], [9, 9, 9, 9, 9, 9, 9], [0, 9, 9, 9, 1, 9, 0], [0, 9, 9, 9, 9, 9, 0], [0, 0, 0, 9, 0, 0, 0]], "output": [[9, 9, 9, 9, 9, 9, 9, 9, 9, 9, 0, 0, 0, 0], [9, 9, 9, 0, 9, 9, 9, 9, 9, 0, 0, 0, 0, 0], [9, 9, 9, 0, 9, 9, 9, 9, 9, 0, 0, 0, 0, 0], [9, 0, 0, 0, 0, 0, 9, 0, 0, 0, 0, 0, 0, 0], [9, 9, 9, 0, 9, 9, 9, 9, 9, 0, 0, 0, 0, 0], [9, 9, 9, 0, 9, 9, 9, 9, 9, 0, 0, 0, 0, 0], [9, 9, 9, 9, 9, 9, 9, 9, 9, 9, 0, 0, 0, 0], [9, 9, 9, 0, 9, 9, 9, 1, 9, 0, 0, 0, 0, 0], [9, 9, 9, 0, 9, 9, 9, 9, 9, 0, 0, 0, 0, 0], [9, 0, 0, 0, 0, 0, 9, 0, 0, 0, 0, 0, 0, 0], [0, 0, 0, 0, 0, 0, 0, 0, 0, 0, 0, 0, 0, 0], [0, 0, 0, 0, 0, 0, 0, 0, 0, 0, 0, 0, 0, 0], [0, 0, 0, 0, 0, 0, 0, 0, 0, 0, 0, 0, 0, 0], [0, 0, 0, 0, 0, 0, 0, 0, 0, 0, 0, 0, 0, 0]]}, {"input": [[0, 0, 0, 4, 0, 0, 0], [0, 4, 4, 9, 4, 4, 0], [0, 4, 2, 4, 4, 4, 0], [4, 4, 4, 4, 4, 4, 4], [0, 4, 1, 4, 5, 4, 0], [0, 9, 2, 4, 4, 4, 0], [0, 0, 0, 4, 0, 0, 0]], "output": [[4, 4, 4, 4, 4, 4, 4, 4, 4, 4, 0, 0, 0, 0], [4, 2, 4, 0, 4, 2, 4, 1, 2, 0, 0, 0, 0, 0], [4, 4, 4, 0, 4, 4, 4, 4, 9, 0, 0, 0, 0, 0], [4, 0, 0, 0, 0, 0, 4, 0, 0, 0, 0, 0, 0, 0], [4, 4, 4, 0, 4, 4, 4, 4, 9, 0, 0, 0, 0, 0], [4, 2, 4, 0, 4, 2, 4, 1, 2, 0, 0, 0, 0, 0], [4, 4, 4, 4, 4, 4, 4, 4, 4, 4, 0, 0, 0, 0], [4, 1, 4, 0, 4, 1, 4, 5, 4, 0, 0, 0, 0, 0], [4, 2, 9, 0, 9, 2, 4, 4, 4, 0, 0, 0, 0, 0], [4, 0, 0, 0, 0, 0, 4, 0, 0, 0, 0, 0, 0, 0], [0, 0, 0, 0, 0, 0, 0, 0, 0, 0, 0, 0, 0, 0], [0, 0, 0, 0, 0, 0, 0, 0, 0, 0, 0, 0, 0, 0], [0, 0, 0, 0, 0, 0, 0, 0, 0, 0, 0, 0, 0, 0], [0, 0, 0, 0, 0, 0, 0, 0, 0, 0, 0, 0, 0, 0]]}, {"input": [[0, 0, 0, 0, 6, 0, 0, 0], [0, 0, 5, 6, 6, 6, 9, 0], [0, 6, 6, 6, 6, 6, 6, 6], [0, 6, 6, 3, 6, 6, 4, 6], [6, 6, 6, 6, 6, 6, 1, 6], [0, 6, 4, 6, 4, 6, 6, 6], [0, 6, 6, 9, 2, 9, 6, 8], [0, 0, 6, 4, 6, 6, 6, 0]], "output": [[6, 6, 6, 6, 6, 6, 6, 6, 6, 4, 2, 6, 0, 0, 0, 0], [6, 3, 6, 6, 0, 6, 6, 3, 6, 6, 9, 4, 0, 0, 0, 0], [6, 6, 6, 6, 0, 6, 6, 6, 6, 4, 6, 6, 0, 0, 0, 0], [6, 6, 6, 0, 0, 0, 6, 6, 6, 6, 6, 0, 0, 0, 0, 0], [6, 0, 0, 0, 0, 0, 0, 0, 6, 0, 0, 0, 0, 0, 0, 0], [6, 6, 6, 0, 0, 0, 6, 6, 6, 6, 6, 0, 0, 0, 0, 0], [6, 6, 6, 6, 0, 6, 6, 6, 6, 4, 6, 6, 0, 0, 0, 0], [6, 3, 6, 6, 0, 6, 6, 3, 6, 6, 9, 4, 0, 0, 0, 0], [6, 6, 6, 6, 6, 6, 6, 6, 6, 4, 2, 6, 0, 0, 0, 0], [4, 6, 4, 6, 0, 6, 4, 6, 4, 6, 9, 6, 0, 0, 0, 0], [2, 9, 6, 6, 0, 6, 6, 9, 2, 9, 6, 6, 0, 0, 0, 0], [6, 4, 6, 0, 0, 0, 6, 4, 6, 6, 6, 0, 0, 0, 0, 0], [0, 0, 0, 0, 0, 0, 0, 0, 0, 0, 0, 0, 0, 0, 0, 0], [0, 0, 0, 0, 0, 0, 0, 0, 0, 0, 0, 0, 0, 0, 0, 0], [0, 0, 0, 0, 0, 0, 0, 0, 0, 0, 0, 0, 0, 0, 0, 0], [0, 0, 0, 0, 0, 0, 0, 0, 0, 0, 0, 0, 0, 0, 0, 0]]}]}