{"train": [{"input": [[4, 0, 0, 0, 0, 0, 0, 0, 0, 0, 8], [0, 7, 0, 0, 0, 0, 0, 0, 0, 6, 0], [0, 0, 4, 0, 0, 0, 0, 0, 6, 0, 0], [0, 0, 0, 9, 0, 0, 0, 8, 0, 0, 0], [0, 0, 0, 0, 5, 0, 6, 0, 0, 0, 0], [0, 0, 0, 0, 0, 7, 0, 0, 0, 0, 0], [0, 0, 0, 0, 9, 0, 3, 0, 0, 0, 0], [0, 0, 0, 3, 0, 0, 0, 7, 0, 0, 0], [0, 0, 7, 0, 0, 0, 0, 0, 9, 0, 0], [0, 7, 0, 0, 0, 0, 0, 0, 0, 5, 0], [7, 0, 0, 0, 0, 0, 0, 0, 0, 0, 1]], "output": [[9, 0, 0, 6, 0], [0, 3, 6, 0, 0], [0, 9, 5, 9, 0], [0, 0, 6, 3, 0], [0, 6, 0, 0, 9]]}, {"input": [[6, 0, 0, 0, 0, 0, 0, 7], [0, 4, 0, 0, 0, 0, 1, 0], [0, 0, 2, 0, 0, 3, 0, 0], [0, 0, 0, 6, 1, 0, 0, 0], [0, 0, 0, 5, 2, 0, 0, 0], [0, 0, 7, 0, 0, 9, 0, 0], [0, 1, 0, 0, 0, 0, 8, 0], [9, 0, 0, 0, 0, 0, 0, 5]], "output": [[8, 0, 0, 0], [0, 2, 0, 0], [0, 0, 2, 0], [0, 0, 0, 8]]}, {"input": [[7, 0, 0, 0, 0, 0, 0, 5], [0, 9, 0, 0, 0, 0, 4, 0], [0, 0, 4, 0, 0, 2, 0, 0], [0, 0, 0, 3, 1, 0, 0, 0], [0, 0, 0, 7, 8, 0, 0, 0], [0, 0, 6, 0, 0, 7, 0, 0], [0, 5, 0, 0, 0, 0, 6, 0], [1, 0, 0, 0, 0, 0, 0, 8]], "output": [[6, 0, 0, 0], [0, 8, 0, 0], [0, 0, 8, 0], [0, 0, 0, 6]]}, {"input": [[5, 0, 0, 0, 0, 0, 0, 0, 0, 6], [0, 5, 0, 0, 0, 0, 0, 0, 3, 0], [0, 0, 6, 0, 0, 0, 0, 9, 0, 0], [0, 0, 0, 5, 0, 0, 9, 0, 0, 0], [0, 0, 0, 0, 1, 6, 0, 0, 0, 0], [0, 0, 0, 0, 5, 6, 0, 0, 0, 0], [0, 0, 0, 5, 0, 0, 6, 0, 0, 0], [0, 0, 9, 0, 0, 0, 0, 9, 0, 0], [0, 7, 0, 0, 0, 0, 0, 0, 6, 0], [6, 0, 0, 0, 0, 0, 0, 0, 0, 6]], "output": [[6, 0, 0, 0, 0], [0, 6, 0, 0, 0], [0, 0, 1, 0, 0], [0, 0, 0, 6, 0], [0, 0, 0, 0, 6]]}, {"input": [[8, 0, 0, 0, 0, 0, 0, 0, 5], [0, 4, 0, 0, 0, 0, 0, 5, 0], [0, 0, 8, 0, 0, 0, 1, 0, 0], [0, 0, 0, 3, 0, 8, 0, 0, 0], [0, 0, 0, 0, 8, 0, 0, 0, 0], [0, 0, 0, 2, 0, 6, 0, 0, 0], [0, 0, 2, 0, 0, 0, 5, 0, 0], [0, 7, 0, 0, 0, 0, 0, 6, 0], [3, 0, 0, 0, 0, 0, 0, 0, 6]], "output": [[5, 0, 1, 0], [0, 8, 0, 0], [0, 0, 8, 0], [0, 1, 0, 5]]}, {"input": [[6, 0, 0, 0, 0, 0, 1], [0, 4, 0, 0, 0, 2, 0], [0, 0, 4, 0, 5, 0, 0], [0, 0, 0, 5, 0, 0, 0], [0, 0, 1, 0, 3, 0, 0], [0, 2, 0, 0, 0, 5, 0], [6, 0, 0, 0, 0, 0, 9]], "output": [[3, 5, 0], [1, 4, 1], [0, 5, 3]]}, {"input": [[7, 0, 0, 0, 0, 0, 9], [0, 3, 0, 0, 0, 1, 0], [0, 0, 1, 0, 3, 0, 0], [0, 0, 0, 8, 0, 0, 0], [0, 0, 4, 0, 5, 0, 0], [0, 4, 0, 0, 0, 6, 0], [4, 0, 0, 0, 0, 0, 2]], "output": [[5, 3, 0], [4, 1, 4], [0, 3, 5]]}, {"input": [[9, 0, 0, 0, 0, 8], [0, 5, 0, 0, 4, 0], [0, 0, 6, 8, 0, 0], [0, 0, 6, 9, 0, 0], [0, 1, 0, 0, 4, 0], [3, 0, 0, 0, 0, 1]], "output": [[4, 0, 0], [0, 6, 0], [0, 0, 4]]}, {"input": [[3, 0, 0, 0, 0, 0, 0, 0, 0, 0, 6], [0, 9, 0, 0, 0, 0, 0, 0, 0, 6, 0], [0, 0, 8, 0, 0, 0, 0, 0, 4, 0, 0], [0, 0, 0, 6, 0, 0, 0, 8, 0, 0, 0], [0, 0, 0, 0, 4, 0, 6, 0, 0, 0, 0], [0, 0, 0, 0, 0, 4, 0, 0, 0, 0, 0], [0, 0, 0, 0, 2, 0, 9, 0, 0, 0, 0], [0, 0, 0, 9, 0, 0, 0, 9, 0, 0, 0], [0, 0, 2, 0, 0, 0, 0, 0, 3, 0, 0], [0, 6, 0, 0, 0, 0, 0, 0, 0, 2, 0], [6, 0, 0, 0, 0, 0, 0, 0, 0, 0, 5]], "output": [[3, 0, 0, 4, 0], [0, 9, 6, 0, 0], [0, 2, 4, 2, 0], [0, 0, 6, 9, 0], [0, 4, 0, 0, 3]]}, {"input": [[2, 0, 0, 0, 0, 0, 0, 0, 0, 8], [0, 6, 0, 0, 0, 0, 0, 0, 3, 0], [0, 0, 8, 0, 0, 0, 0, 6, 0, 0], [0, 0, 0, 2, 0, 0, 2, 0, 0, 0], [0, 0, 0, 0, 7, 1, 0, 0, 0, 0], [0, 0, 0, 0, 8, 6, 0, 0, 0, 0], [0, 0, 0, 3, 0, 0, 3, 0, 0, 0], [0, 0, 9, 0, 0, 0, 0, 7, 0, 0], [0, 4, 0, 0, 0, 0, 0, 0, 4, 0], [9, 0, 0, 0, 0, 0, 0, 0, 0, 4]], "output": [[4, 0, 0, 0, 0], [0, 3, 0, 0, 0], [0, 0, 7, 0, 0], [0, 0, 0, 3, 0], [0, 0, 0, 0, 4]]}, {"input": [[2, 0, 0, 0, 0, 0, 5], [0, 5, 0, 0, 0, 4, 0], [0, 0, 8, 0, 4, 0, 0], [0, 0, 0, 8, 0, 0, 0], [0, 0, 7, 0, 9, 0, 0], [0, 2, 0, 0, 0, 3, 0], [6, 0, 0, 0, 0, 0, 3]], "output": [[9, 4, 0], [7, 8, 7], [0, 4, 9]]}, {"input": [[8, 0, 0, 0, 0, 0, 1], [0, 2, 0, 0, 0, 9, 0], [0, 0, 2, 0, 3, 0, 0], [0, 0, 0, 9, 0, 0, 0], [0, 0, 3, 0, 3, 0, 0], [0, 5, 0, 0, 0, 3, 0], [6, 0, 0, 0, 0, 0, 2]], "output": [[3, 3, 0], [3, 2, 3], [0, 3, 3]]}, {"input": [[3, 0, 0, 0, 0, 4], [0, 5, 0, 0, 1, 0], [0, 0, 5, 3, 0, 0], [0, 0, 3, 9, 0, 0], [0, 7, 0, 0, 9, 0], [8, 0, 0, 0, 0, 8]], "output": [[9, 0, 0], [0, 5, 0], [0, 0, 9]]}, {"input": [[2, 0, 0, 0, 0, 0, 4], [0, 5, 0, 0, 0, 4, 0], [0, 0, 8, 0, 3, 0, 0], [0, 0, 0, 7, 0, 0, 0], [0, 0, 8, 0, 6, 0, 0], [0, 4, 0, 0, 0, 4, 0], [6, 0, 0, 0, 0, 0, 5]], "output": [[6, 3, 0], [8, 8, 8], [0, 3, 6]]}, {"input": [[2, 0, 0, 0, 0, 0, 0, 0, 0, 9], [0, 5, 0, 0, 0, 0, 0, 0, 8, 0], [0, 0, 8, 0, 0, 0, 0, 5, 0, 0], [0, 0, 0, 4, 0, 0, 7, 0, 0, 0], [0, 0, 0, 0, 4, 8, 0, 0, 0, 0], [0, 0, 0, 0, 9, 8, 0, 0, 0, 0], [0, 0, 0, 8, 0, 0, 7, 0, 0, 0], [0, 0, 2, 0, 0, 0, 0, 1, 0, 0], [0, 9, 0, 0, 0, 0, 0, 0, 7, 0], [4, 0, 0, 0, 0, 0, 0, 0, 0, 6]], "output": [[7, 0, 0, 0, 0], [0, 7, 0, 0, 0], [0, 0, 4, 0, 0], [0, 0, 0, 7, 0], [0, 0, 0, 0, 7]]}, {"input": [[2, 0, 0, 0, 0, 0, 0, 0, 0, 9], [0, 1, 0, 0, 0, 0, 0, 0, 2, 0], [0, 0, 4, 0, 0, 0, 0, 6, 0, 0], [0, 0, 0, 2, 0, 0, 2, 0, 0, 0], [0, 0, 0, 0, 5, 7, 0, 0, 0, 0], [0, 0, 0, 0, 8, 9, 0, 0, 0, 0], [0, 0, 0, 7, 0, 0, 5, 0, 0, 0], [0, 0, 2, 0, 0, 0, 0, 4, 0, 0], [0, 2, 0, 0, 0, 0, 0, 0, 4, 0], [8, 0, 0, 0, 0, 0, 0, 0, 0, 7]], "output": [[4, 0, 0, 0, 0], [0, 5, 0, 0, 0], [0, 0, 5, 0, 0], [0, 0, 0, 5, 0], [0, 0, 0, 0, 4]]}, {"input": [[3, 0, 0, 0, 0, 7], [0, 8, 0, 0, 5, 0], [0, 0, 5, 1, 0, 0], [0, 0, 4, 6, 0, 0], [0, 9, 0, 0, 4, 0], [1, 0, 0, 0, 0, 6]], "output": [[4, 0, 0], [0, 5, 0], [0, 0, 4]]}, {"input": [[1, 0, 0, 0, 0, 0, 7], [0, 1, 0, 0, 0, 9, 0], [0, 0, 6, 0, 9, 0, 0], [0, 0, 0, 4, 0, 0, 0], [0, 0, 4, 0, 9, 0, 0], [0, 7, 0, 0, 0, 2, 0], [3, 0, 0, 0, 0, 0, 3]], "output": [[9, 9, 0], [4, 6, 4], [0, 9, 9]]}, {"input": [[8, 0, 0, 0, 0, 0, 0, 0, 0, 0, 6], [0, 4, 0, 0, 0, 0, 0, 0, 0, 4, 0], [0, 0, 6, 0, 0, 0, 0, 0, 7, 0, 0], [0, 0, 0, 7, 0, 0, 0, 1, 0, 0, 0], [0, 0, 0, 0, 2, 0, 6, 0, 0, 0, 0], [0, 0, 0, 0, 0, 6, 0, 0, 0, 0, 0], [0, 0, 0, 0, 4, 0, 9, 0, 0, 0, 0], [0, 0, 0, 9, 0, 0, 0, 7, 0, 0, 0], [0, 0, 2, 0, 0, 0, 0, 0, 7, 0, 0], [0, 8, 0, 0, 0, 0, 0, 0, 0, 2, 0], [3, 0, 0, 0, 0, 0, 0, 0, 0, 0, 6]], "output": [[7, 0, 0, 7, 0], [0, 9, 6, 0, 0], [0, 4, 2, 4, 0], [0, 0, 6, 9, 0], [0, 7, 0, 0, 7]]}, {"input": [[3, 0, 0, 0, 0, 0, 0, 7], [0, 5, 0, 0, 0, 0, 7, 0], [0, 0, 6, 0, 0, 6, 0, 0], [0, 0, 0, 9, 6, 0, 0, 0], [0, 0, 0, 9, 5, 0, 0, 0], [0, 0, 5, 0, 0, 9, 0, 0], [0, 9, 0, 0, 0, 0, 6, 0], [4, 0, 0, 0, 0, 0, 0, 5]], "output": [[6, 0, 0, 0], [0, 5, 0, 0], [0, 0, 5, 0], [0, 0, 0, 6]]}, {"input": [[7, 0, 0, 0, 0, 0, 0, 0, 0, 0, 2], [0, 9, 0, 0, 0, 0, 0, 0, 0, 9, 0], [0, 0, 1, 0, 0, 0, 0, 0, 4, 0, 0], [0, 0, 0, 4, 0, 0, 0, 7, 0, 0, 0], [0, 0, 0, 0, 7, 0, 6, 0, 0, 0, 0], [0, 0, 0, 0, 0, 3, 0, 0, 0, 0, 0], [0, 0, 0, 0, 5, 0, 2, 0, 0, 0, 0], [0, 0, 0, 7, 0, 0, 0, 5, 0, 0, 0], [0, 0, 3, 0, 0, 0, 0, 0, 4, 0, 0], [0, 5, 0, 0, 0, 0, 0, 0, 0, 2, 0], [8, 0, 0, 0, 0, 0, 0, 0, 0, 0, 6]], "output": [[4, 0, 0, 4, 0], [0, 2, 6, 0, 0], [0, 5, 7, 5, 0], [0, 0, 6, 2, 0], [0, 4, 0, 0, 4]]}, {"input": [[7, 0, 0, 0, 0, 0, 0, 0, 6], [0, 1, 0, 0, 0, 0, 0, 4, 0], [0, 0, 9, 0, 0, 0, 2, 0, 0], [0, 0, 0, 1, 0, 9, 0, 0, 0], [0, 0, 0, 0, 6, 0, 0, 0, 0], [0, 0, 0, 2, 0, 2, 0, 0, 0], [0, 0, 5, 0, 0, 0, 1, 0, 0], [0, 8, 0, 0, 0, 0, 0, 5, 0], [7, 0, 0, 0, 0, 0, 0, 0, 5]], "output": [[1, 0, 2, 0], [0, 6, 0, 0], [0, 0, 6, 0], [0, 2, 0, 1]]}, {"input": [[3, 0, 0, 0, 0, 0, 0, 5], [0, 6, 0, 0, 0, 0, 6, 0], [0, 0, 2, 0, 0, 5, 0, 0], [0, 0, 0, 8, 3, 0, 0, 0], [0, 0, 0, 9, 3, 0, 0, 0], [0, 0, 6, 0, 0, 1, 0, 0], [0, 7, 0, 0, 0, 0, 2, 0], [5, 0, 0, 0, 0, 0, 0, 3]], "output": [[2, 0, 0, 0], [0, 3, 0, 0], [0, 0, 3, 0], [0, 0, 0, 2]]}, {"input": [[4, 0, 0, 0, 0, 0, 0, 0, 0, 0, 8], [0, 9, 0, 0, 0, 0, 0, 0, 0, 4, 0], [0, 0, 4, 0, 0, 0, 0, 0, 3, 0, 0], [0, 0, 0, 6, 0, 0, 0, 1, 0, 0, 0], [0, 0, 0, 0, 8, 0, 1, 0, 0, 0, 0], [0, 0, 0, 0, 0, 2, 0, 0, 0, 0, 0], [0, 0, 0, 0, 8, 0, 7, 0, 0, 0, 0], [0, 0, 0, 7, 0, 0, 0, 1, 0, 0, 0], [0, 0, 2, 0, 0, 0, 0, 0, 4, 0, 0], [0, 2, 0, 0, 0, 0, 0, 0, 0, 9, 0], [8, 0, 0, 0, 0, 0, 0, 0, 0, 0, 9]], "output": [[4, 0, 0, 3, 0], [0, 7, 1, 0, 0], [0, 8, 8, 8, 0], [0, 0, 1, 7, 0], [0, 3, 0, 0, 4]]}, {"input": [[5, 0, 0, 0, 0, 0, 0, 0, 0, 6], [0, 8, 0, 0, 0, 0, 0, 0, 4, 0], [0, 0, 4, 0, 0, 0, 0, 4, 0, 0], [0, 0, 0, 6, 0, 0, 7, 0, 0, 0], [0, 0, 0, 0, 9, 5, 0, 0, 0, 0], [0, 0, 0, 0, 3, 3, 0, 0, 0, 0], [0, 0, 0, 9, 0, 0, 9, 0, 0, 0], [0, 0, 3, 0, 0, 0, 0, 2, 0, 0], [0, 8, 0, 0, 0, 0, 0, 0, 9, 0], [2, 0, 0, 0, 0, 0, 0, 0, 0, 2]], "output": [[9, 0, 0, 0, 0], [0, 9, 0, 0, 0], [0, 0, 9, 0, 0], [0, 0, 0, 9, 0], [0, 0, 0, 0, 9]]}, {"input": [[1, 0, 0, 0, 0, 0, 4], [0, 8, 0, 0, 0, 6, 0], [0, 0, 8, 0, 1, 0, 0], [0, 0, 0, 5, 0, 0, 0], [0, 0, 4, 0, 7, 0, 0], [0, 8, 0, 0, 0, 5, 0], [2, 0, 0, 0, 0, 0, 7]], "output": [[7, 1, 0], [4, 8, 4], [0, 1, 7]]}, {"input": [[9, 0, 0, 0, 0, 0, 0, 6], [0, 7, 0, 0, 0, 0, 9, 0], [0, 0, 1, 0, 0, 5, 0, 0], [0, 0, 0, 5, 9, 0, 0, 0], [0, 0, 0, 9, 9, 0, 0, 0], [0, 0, 3, 0, 0, 3, 0, 0], [0, 8, 0, 0, 0, 0, 1, 0], [4, 0, 0, 0, 0, 0, 0, 6]], "output": [[1, 0, 0, 0], [0, 9, 0, 0], [0, 0, 9, 0], [0, 0, 0, 1]]}], "test": [{"input": [[9, 0, 0, 0, 0, 0, 0, 0, 0, 0, 4], [0, 1, 0, 0, 0, 0, 0, 0, 0, 3, 0], [0, 0, 5, 0, 0, 0, 0, 0, 7, 0, 0], [0, 0, 0, 2, 0, 0, 0, 5, 0, 0, 0], [0, 0, 0, 0, 9, 0, 6, 0, 0, 0, 0], [0, 0, 0, 0, 0, 4, 0, 0, 0, 0, 0], [0, 0, 0, 0, 1, 0, 8, 0, 0, 0, 0], [0, 0, 0, 9, 0, 0, 0, 4, 0, 0, 0], [0, 0, 2, 0, 0, 0, 0, 0, 6, 0, 0], [0, 2, 0, 0, 0, 0, 0, 0, 0, 6, 0], [5, 0, 0, 0, 0, 0, 0, 0, 0, 0, 3]], "output": [[6, 0, 0, 7, 0], [0, 8, 6, 0, 0], [0, 1, 9, 1, 0], [0, 0, 6, 8, 0], [0, 7, 0, 0, 6]]}, {"input": [[4, 0, 0, 0, 0, 0, 0, 6], [0, 9, 0, 0, 0, 0, 4, 0], [0, 0, 9, 0, 0, 7, 0, 0], [0, 0, 0, 1, 2, 0, 0, 0], [0, 0, 0, 5, 2, 0, 0, 0], [0, 0, 3, 0, 0, 6, 0, 0], [0, 4, 0, 0, 0, 0, 5, 0], [8, 0, 0, 0, 0, 0, 0, 9]], "output": [[5, 0, 0, 0], [0, 2, 0, 0], [0, 0, 2, 0], [0, 0, 0, 5]]}, {"input": [[6, 0, 0, 0, 0, 0, 0, 0, 7], [0, 8, 0, 0, 0, 0, 0, 2, 0], [0, 0, 4, 0, 0, 0, 5, 0, 0], [0, 0, 0, 5, 0, 6, 0, 0, 0], [0, 0, 0, 0, 4, 0, 0, 0, 0], [0, 0, 0, 8, 0, 9, 0, 0, 0], [0, 0, 8, 0, 0, 0, 2, 0, 0], [0, 1, 0, 0, 0, 0, 0, 4, 0], [5, 0, 0, 0, 0, 0, 0, 0, 7]], "output": [[2, 0, 5, 0], [0, 4, 0, 0], [0, 0, 4, 0], [0, 5, 0, 2]]}]}