{"train": [{"input": [[0, 0, 9, 5], [0, 9, 9, 5], [9, 9, 9, 9], [5, 5, 9, 8]], "output": [[0, 0, 9, 5, 0, 0, 9, 5], [0, 9, 9, 5, 0, 9, 9, 5], [9, 9, 9, 9, 9, 9, 9, 9], [5, 5, 9, 8, 5, 5, 9, 8], [0, 0, 9, 5, 0, 0, 9, 5], [0, 9, 9, 5, 0, 9, 9, 5], [9, 9, 9, 9, 9, 9, 9, 9], [5, 5, 9, 8, 5, 5, 9, 8]]}, {"input": [[0, 9, 9, 0], [9, 9, 9, 9], [9, 9, 9, 9]], "output": [[0, 9, 9, 0, 9, 9, 0, 0], [9, 9, 9, 9, 9, 9, 9, 0], [9, 9, 9, 9, 9, 9, 9, 0], [0, 0, 0, 0, 0, 0, 0, 0], [0, 9, 9, 0, 9, 9, 0, 0], [9, 9, 9, 9, 9, 9, 9, 0]]}, {"input": [[0, 8, 0], [8, 8, 8], [0, 8, 0]], "output": [[0, 8, 0, 0, 8, 0], [8, 8, 8, 8, 8, 8], [0, 8, 0, 0, 8, 0], [0, 8, 0, 0, 8, 0], [8, 8, 8, 8, 8, 8], [0, 8, 0, 0, 8, 0]]}, {"input": [[0, 9, 0], [9, 1, 9], [0, 9, 0]], "output": [[0, 9, 0, 0, 9, 0], [9, 1, 9, 9, 1, 9], [0, 9, 0, 0, 9, 0], [0, 9, 0, 0, 9, 0], [9, 1, 9, 9, 1, 9], [0, 9, 0, 0, 9, 0]]}, {"input": [[0, 2, 4], [8, 8, 4], [8, 8, 4], [0, 2, 4]], "output": [[0, 2, 4, 0, 0, 2], [8, 8, 4, 0, 8, 8], [8, 8, 4, 0, 8, 8], [0, 2, 4, 0, 0, 2], [8, 8, 4, 0, 8, 8], [8, 8, 4, 0, 8, 8], [0, 2, 4, 0, 0, 2], [0, 0, 0, 0, 0, 0]]}, {"input": [[4, 4, 1], [0, 3, 5], [0, 3, 5], [4, 4, 1]], "output": [[4, 4, 1, 0, 4, 4], [0, 3, 5, 0, 0, 3], [0, 3, 5, 0, 0, 3], [4, 4, 1, 0, 4, 4], [0, 3, 5, 0, 0, 3], [0, 3, 5, 0, 0, 3], [4, 4, 1, 0, 4, 4], [0, 0, 0, 0, 0, 0]]}, {"input": [[9, 1, 1, 0], [5, 1, 0, 1], [5, 9, 1, 1], [5, 5, 5, 9]], "output": [[9, 1, 1, 0, 9, 1, 1, 0], [5, 1, 0, 1, 5, 1, 0, 1], [5, 9, 1, 1, 5, 9, 1, 1], [5, 5, 5, 9, 5, 5, 5, 9], [9, 1, 1, 0, 9, 1, 1, 0], [5, 1, 0, 1, 5, 1, 0, 1], [5, 9, 1, 1, 5, 9, 1, 1], [5, 5, 5, 9, 5, 5, 5, 9]]}, {"input": [[3, 1, 0], [3, 2, 6], [3, 1, 0]], "output": [[3, 1, 0, 3, 1, 0], [3, 2, 6, 3, 2, 6], [3, 1, 0, 3, 1, 0], [3, 1, 0, 3, 1, 0], [3, 2, 6, 3, 2, 6], [3, 1, 0, 3, 1, 0]]}, {"input": [[0, 1, 1, 0], [3, 6, 6, 3], [3, 6, 6, 3], [0, 1, 1, 0]], "output": [[0, 1, 1, 0, 0, 1, 1, 0], [3, 6, 6, 3, 3, 6, 6, 3], [3, 6, 6, 3, 3, 6, 6, 3], [0, 1, 1, 0, 0, 1, 1, 0], [0, 1, 1, 0, 0, 1, 1, 0], [3, 6, 6, 3, 3, 6, 6, 3], [3, 6, 6, 3, 3, 6, 6, 3], [0, 1, 1, 0, 0, 1, 1, 0]]}, {"input": [[0, 5, 5, 0], [0, 5, 5, 0], [5, 5, 5, 5]], "output": [[0, 5, 5, 0, 5, 5, 0, 0], [0, 5, 5, 0, 5, 5, 0, 0], [5, 5, 5, 5, 5, 5, 5, 0], [0, 0, 0, 0, 0, 0, 0, 0], [0, 5, 5, 0, 5, 5, 0, 0], [0, 5, 5, 0, 5, 5, 0, 0]]}, {"input": [[1, 1, 1, 1], [0, 1, 1, 0], [0, 1, 1, 0], [1, 1, 1, 1]], "output": [[1, 1, 1, 1, 1, 1, 1, 1], [0, 1, 1, 0, 0, 1, 1, 0], [0, 1, 1, 0, 0, 1, 1, 0], [1, 1, 1, 1, 1, 1, 1, 1], [1, 1, 1, 1, 1, 1, 1, 1], [0, 1, 1, 0, 0, 1, 1, 0], [0, 1, 1, 0, 0, 1, 1, 0], [1, 1, 1, 1, 1, 1, 1, 1]]}, {"input": [[3, 0, 2, 2], [3, 7, 7, 2], [0, 0, 7, 0], [0, 0, 3, 3]], "output": [[3, 0, 2, 2, 3, 0, 2, 2], [3, 7, 7, 2, 3, 7, 7, 2], [0, 0, 7, 0, 0, 0, 7, 0], [0, 0, 3, 3, 0, 0, 3, 3], [3, 0, 2, 2, 3, 0, 2, 2], [3, 7, 7, 2, 3, 7, 7, 2], [0, 0, 7, 0, 0, 0, 7, 0], [0, 0, 3, 3, 0, 0, 3, 3]]}, {"input": [[0, 1, 0], [1, 1, 1], [0, 1, 0]], "output": [[0, 1, 0, 0, 1, 0], [1, 1, 1, 1, 1, 1], [0, 1, 0, 0, 1, 0], [0, 1, 0, 0, 1, 0], [1, 1, 1, 1, 1, 1], [0, 1, 0, 0, 1, 0]]}, {"input": [[3, 0, 3, 3], [3, 3, 3, 0], [0, 3, 3, 3], [3, 3, 0, 3]], "output": [[3, 0, 3, 3, 3, 0, 3, 3], [3, 3, 3, 0, 3, 3, 3, 0], [0, 3, 3, 3, 0, 3, 3, 3], [3, 3, 0, 3, 3, 3, 0, 3], [3, 0, 3, 3, 3, 0, 3, 3], [3, 3, 3, 0, 3, 3, 3, 0], [0, 3, 3, 3, 0, 3, 3, 3], [3, 3, 0, 3, 3, 3, 0, 3]]}, {"input": [[2, 0, 0, 2], [2, 6, 6, 2], [0, 6, 6, 0]], "output": [[2, 0, 0, 2, 0, 0, 2, 0], [2, 6, 6, 2, 6, 6, 2, 0], [0, 6, 6, 0, 6, 6, 0, 0], [0, 0, 0, 0, 0, 0, 0, 0], [2, 0, 0, 2, 0, 0, 2, 0], [2, 6, 6, 2, 6, 6, 2, 0]]}, {"input": [[0, 1, 9], [1, 1, 9], [1, 1, 9], [0, 1, 9]], "output": [[0, 1, 9, 0, 0, 1], [1, 1, 9, 0, 1, 1], [1, 1, 9, 0, 1, 1], [0, 1, 9, 0, 0, 1], [1, 1, 9, 0, 1, 1], [1, 1, 9, 0, 1, 1], [0, 1, 9, 0, 0, 1], [0, 0, 0, 0, 0, 0]]}, {"input": [[6, 6, 6, 6], [6, 6, 6, 6], [1, 1, 1, 1], [2, 0, 0, 2]], "output": [[6, 6, 6, 6, 6, 6, 6, 6], [6, 6, 6, 6, 6, 6, 6, 6], [1, 1, 1, 1, 1, 1, 1, 1], [2, 0, 0, 2, 2, 0, 0, 2], [6, 6, 6, 6, 6, 6, 6, 6], [6, 6, 6, 6, 6, 6, 6, 6], [1, 1, 1, 1, 1, 1, 1, 1], [2, 0, 0, 2, 2, 0, 0, 2]]}, {"input": [[0, 9, 0, 0], [0, 9, 9, 9], [9, 9, 9, 0], [0, 0, 9, 0]], "output": [[0, 9, 0, 0, 0, 9, 0, 0], [0, 9, 9, 9, 0, 9, 9, 9], [9, 9, 9, 0, 9, 9, 9, 0], [0, 0, 9, 0, 0, 0, 9, 0], [0, 9, 0, 0, 0, 9, 0, 0], [0, 9, 9, 9, 0, 9, 9, 9], [9, 9, 9, 0, 9, 9, 9, 0], [0, 0, 9, 0, 0, 0, 9, 0]]}, {"input": [[9, 2, 2], [2, 0, 0], [9, 2, 2]], "output": [[9, 2, 2, 9, 2, 2], [2, 0, 0, 2, 0, 0], [9, 2, 2, 9, 2, 2], [9, 2, 2, 9, 2, 2], [2, 0, 0, 2, 0, 0], [9, 2, 2, 9, 2, 2]]}, {"input": [[0, 0, 0, 3], [4, 4, 4, 4], [0, 4, 0, 0]], "output": [[0, 0, 0, 3, 0, 0, 3, 0], [4, 4, 4, 4, 4, 4, 4, 0], [0, 4, 0, 0, 4, 0, 0, 0], [0, 0, 0, 0, 0, 0, 0, 0], [0, 0, 0, 3, 0, 0, 3, 0], [4, 4, 4, 4, 4, 4, 4, 0]]}, {"input": [[0, 0, 0, 2], [5, 5, 5, 6], [5, 0, 0, 0]], "output": [[0, 0, 0, 2, 0, 0, 2, 0], [5, 5, 5, 5, 5, 5, 6, 0], [5, 0, 0, 5, 0, 0, 0, 0], [0, 0, 0, 0, 0, 0, 0, 0], [0, 0, 0, 2, 0, 0, 2, 0], [5, 5, 5, 5, 5, 5, 6, 0]]}, {"input": [[0, 1, 1], [1, 2, 2], [1, 2, 7]], "output": [[0, 1, 1, 0, 1, 1], [1, 2, 2, 1, 2, 2], [1, 2, 7, 1, 2, 7], [0, 1, 1, 0, 1, 1], [1, 2, 2, 1, 2, 2], [1, 2, 7, 1, 2, 7]]}, {"input": [[1, 6, 4, 0], [0, 6, 6, 1], [0, 6, 6, 1], [1, 6, 4, 0]], "output": [[1, 6, 4, 0, 1, 6, 4, 0], [0, 6, 6, 1, 0, 6, 6, 1], [0, 6, 6, 1, 0, 6, 6, 1], [1, 6, 4, 0, 1, 6, 4, 0], [1, 6, 4, 0, 1, 6, 4, 0], [0, 6, 6, 1, 0, 6, 6, 1], [0, 6, 6, 1, 0, 6, 6, 1], [1, 6, 4, 0, 1, 6, 4, 0]]}, {"input": [[1, 1, 1], [1, 1, 1], [0, 1, 0]], "output": [[1, 1, 1, 1, 1, 1], [1, 1, 1, 1, 1, 1], [0, 1, 0, 0, 1, 0], [1, 1, 1, 1, 1, 1], [1, 1, 1, 1, 1, 1], [0, 1, 0, 0, 1, 0]]}, {"input": [[3, 3, 7], [4, 1, 7], [4, 1, 7], [3, 3, 7]], "output": [[3, 3, 7, 0, 3, 3], [4, 1, 7, 0, 4, 1], [4, 1, 7, 0, 4, 1], [3, 3, 7, 0, 3, 3], [4, 1, 7, 0, 4, 1], [4, 1, 7, 0, 4, 1], [3, 3, 7, 0, 3, 3], [0, 0, 0, 0, 0, 0]]}, {"input": [[3, 3, 3, 3], [3, 3, 3, 3], [3, 1, 1, 3]], "output": [[3, 3, 3, 3, 3, 3, 3, 0], [3, 3, 3, 3, 3, 3, 3, 0], [3, 1, 1, 3, 1, 1, 3, 0], [0, 0, 0, 0, 0, 0, 0, 0], [3, 3, 3, 3, 3, 3, 3, 0], [3, 3, 3, 3, 3, 3, 3, 0]]}, {"input": [[9, 2, 2], [0, 1, 0], [0, 1, 0], [9, 2, 2]], "output": [[9, 2, 2, 0, 9, 2], [0, 1, 0, 0, 0, 1], [0, 1, 0, 0, 0, 1], [9, 2, 2, 0, 9, 2], [0, 1, 0, 0, 0, 1], [0, 1, 0, 0, 0, 1], [9, 2, 2, 0, 9, 2], [0, 0, 0, 0, 0, 0]]}, {"input": [[7, 1, 0], [7, 5, 1], [0, 7, 7]], "output": [[7, 1, 0, 7, 1, 0], [7, 5, 1, 7, 5, 1], [0, 7, 7, 0, 7, 7], [7, 1, 0, 7, 1, 0], [7, 5, 1, 7, 5, 1], [0, 7, 7, 0, 7, 7]]}, {"input": [[3, 0, 1, 3], [1, 6, 6, 0], [0, 6, 6, 1], [3, 1, 0, 3]], "output": [[3, 0, 1, 3, 3, 0, 1, 3], [1, 6, 6, 0, 1, 6, 6, 0], [0, 6, 6, 1, 0, 6, 6, 1], [3, 1, 0, 3, 3, 1, 0, 3], [3, 0, 1, 3, 3, 0, 1, 3], [1, 6, 6, 0, 1, 6, 6, 0], [0, 6, 6, 1, 0, 6, 6, 1], [3, 1, 0, 3, 3, 1, 0, 3]]}, {"input": [[0, 4, 4, 0], [6, 4, 4, 6], [3, 4, 4, 3], [9, 0, 0, 9]], "output": [[0, 4, 4, 0, 0, 4, 4, 0], [6, 4, 4, 6, 6, 4, 4, 6], [3, 4, 4, 3, 3, 4, 4, 3], [9, 0, 0, 9, 9, 0, 0, 9], [0, 4, 4, 0, 0, 4, 4, 0], [6, 4, 4, 6, 6, 4, 4, 6], [3, 4, 4, 3, 3, 4, 4, 3], [9, 0, 0, 9, 9, 0, 0, 9]]}, {"input": [[0, 0, 1], [0, 5, 5], [1, 5, 1]], "output": [[0, 0, 1, 0, 0, 1], [0, 5, 5, 0, 5, 5], [1, 5, 1, 1, 5, 1], [0, 0, 1, 0, 0, 1], [0, 5, 5, 0, 5, 5], [1, 5, 1, 1, 5, 1]]}, {"input": [[4, 4, 1], [4, 4, 8], [4, 4, 8], [4, 4, 1]], "output": [[4, 4, 1, 0, 4, 4], [4, 4, 8, 0, 4, 4], [4, 4, 8, 0, 4, 4], [4, 4, 1, 0, 4, 4], [4, 4, 8, 0, 4, 4], [4, 4, 8, 0, 4, 4], [4, 4, 1, 0, 4, 4], [0, 0, 0, 0, 0, 0]]}, {"input": [[6, 8, 8], [0, 1, 8], [0, 1, 8], [6, 8, 8]], "output": [[6, 8, 8, 0, 6, 8], [0, 1, 8, 0, 0, 1], [0, 1, 8, 0, 0, 1], [6, 8, 8, 0, 6, 8], [0, 1, 8, 0, 0, 1], [0, 1, 8, 0, 0, 1], [6, 8, 8, 0, 6, 8], [0, 0, 0, 0, 0, 0]]}, {"input": [[0, 2, 0], [2, 1, 2], [0, 2, 0]], "output": [[0, 2, 0, 0, 2, 0], [2, 1, 2, 2, 1, 2], [0, 2, 0, 0, 2, 0], [0, 2, 0, 0, 2, 0], [2, 1, 2, 2, 1, 2], [0, 2, 0, 0, 2, 0]]}, {"input": [[0, 7, 6], [7, 0, 6], [6, 6, 2]], "output": [[0, 7, 6, 0, 7, 6], [7, 0, 6, 7, 0, 6], [6, 6, 2, 6, 6, 2], [0, 7, 6, 0, 7, 6], [7, 0, 6, 7, 0, 6], [6, 6, 2, 6, 6, 2]]}, {"input": [[3, 1, 3], [5, 5, 5], [0, 5, 0]], "output": [[3, 1, 3, 3, 1, 3], [5, 5, 5, 5, 5, 5], [0, 5, 0, 0, 5, 0], [3, 1, 3, 3, 1, 3], [5, 5, 5, 5, 5, 5], [0, 5, 0, 0, 5, 0]]}, {"input": [[0, 8, 8, 0], [0, 8, 8, 0], [3, 8, 8, 3], [1, 6, 6, 1]], "output": [[0, 8, 8, 0, 0, 8, 8, 0], [0, 8, 8, 0, 0, 8, 8, 0], [3, 8, 8, 3, 3, 8, 8, 3], [1, 6, 6, 1, 1, 6, 6, 1], [0, 8, 8, 0, 0, 8, 8, 0], [0, 8, 8, 0, 0, 8, 8, 0], [3, 8, 8, 3, 3, 8, 8, 3], [1, 6, 6, 1, 1, 6, 6, 1]]}, {"input": [[7, 4, 7], [1, 4, 8], [1, 4, 8], [7, 4, 7]], "output": [[7, 4, 7, 0, 7, 4], [1, 4, 8, 0, 1, 4], [1, 4, 8, 0, 1, 4], [7, 4, 7, 0, 7, 4], [1, 4, 8, 0, 1, 4], [1, 4, 8, 0, 1, 4], [7, 4, 7, 0, 7, 4], [0, 0, 0, 0, 0, 0]]}, {"input": [[1, 8, 8, 1], [3, 8, 0, 0], [1, 8, 8, 1]], "output": [[1, 8, 8, 1, 8, 8, 1, 0], [3, 8, 0, 3, 8, 0, 0, 0], [1, 8, 8, 1, 8, 8, 1, 0], [0, 0, 0, 0, 0, 0, 0, 0], [1, 8, 8, 1, 8, 8, 1, 0], [3, 8, 0, 3, 8, 0, 0, 0]]}, {"input": [[3, 3, 1], [6, 6, 3], [0, 6, 3]], "output": [[3, 3, 1, 3, 3, 1], [6, 6, 3, 6, 6, 3], [0, 6, 3, 0, 6, 3], [3, 3, 1, 3, 3, 1], [6, 6, 3, 6, 6, 3], [0, 6, 3, 0, 6, 3]]}, {"input": [[5, 5, 4], [4, 4, 4], [4, 4, 4], [5, 5, 4]], "output": [[5, 5, 4, 0, 5, 5], [4, 4, 4, 0, 4, 4], [4, 4, 4, 0, 4, 4], [5, 5, 4, 0, 5, 5], [4, 4, 4, 0, 4, 4], [4, 4, 4, 0, 4, 4], [5, 5, 4, 0, 5, 5], [0, 0, 0, 0, 0, 0]]}, {"input": [[1, 1, 1], [5, 5, 0], [1, 1, 1]], "output": [[1, 1, 1, 1, 1, 1], [5, 5, 0, 5, 5, 0], [1, 1, 1, 1, 1, 1], [1, 1, 1, 1, 1, 1], [5, 5, 0, 5, 5, 0], [1, 1, 1, 1, 1, 1]]}, {"input": [[8, 8, 8, 8], [0, 1, 1, 0], [0, 1, 1, 0], [8, 8, 8, 8]], "output": [[8, 8, 8, 8, 8, 8, 8, 8], [0, 1, 1, 0, 0, 1, 1, 0], [0, 1, 1, 0, 0, 1, 1, 0], [8, 8, 8, 8, 8, 8, 8, 8], [8, 8, 8, 8, 8, 8, 8, 8], [0, 1, 1, 0, 0, 1, 1, 0], [0, 1, 1, 0, 0, 1, 1, 0], [8, 8, 8, 8, 8, 8, 8, 8]]}, {"input": [[8, 0, 0], [8, 0, 0], [1, 0, 0], [1, 1, 1]], "output": [[8, 0, 0, 0, 8, 0], [8, 0, 0, 0, 8, 0], [1, 0, 0, 0, 1, 0], [8, 1, 1, 0, 8, 1], [8, 0, 0, 0, 8, 0], [1, 0, 0, 0, 1, 0], [1, 1, 1, 0, 1, 1], [0, 0, 0, 0, 0, 0]]}, {"input": [[2, 9, 8, 0], [9, 2, 1, 0], [8, 1, 3, 3], [0, 0, 3, 0]], "output": [[2, 9, 8, 0, 2, 9, 8, 0], [9, 2, 1, 0, 9, 2, 1, 0], [8, 1, 3, 3, 8, 1, 3, 3], [0, 0, 3, 0, 0, 0, 3, 0], [2, 9, 8, 0, 2, 9, 8, 0], [9, 2, 1, 0, 9, 2, 1, 0], [8, 1, 3, 3, 8, 1, 3, 3], [0, 0, 3, 0, 0, 0, 3, 0]]}, {"input": [[8, 8, 0, 8], [0, 1, 1, 8], [8, 1, 1, 0], [8, 0, 8, 8]], "output": [[8, 8, 0, 8, 8, 8, 0, 8], [0, 1, 1, 8, 0, 1, 1, 8], [8, 1, 1, 0, 8, 1, 1, 0], [8, 0, 8, 8, 8, 0, 8, 8], [8, 8, 0, 8, 8, 8, 0, 8], [0, 1, 1, 8, 0, 1, 1, 8], [8, 1, 1, 0, 8, 1, 1, 0], [8, 0, 8, 8, 8, 0, 8, 8]]}, {"input": [[0, 7, 4, 0], [7, 1, 3, 6], [4, 3, 3, 6], [0, 6, 6, 4]], "output": [[0, 7, 4, 0, 0, 7, 4, 0], [7, 1, 3, 6, 7, 1, 3, 6], [4, 3, 3, 6, 4, 3, 3, 6], [0, 6, 6, 4, 0, 6, 6, 4], [0, 7, 4, 0, 0, 7, 4, 0], [7, 1, 3, 6, 7, 1, 3, 6], [4, 3, 3, 6, 4, 3, 3, 6], [0, 6, 6, 4, 0, 6, 6, 4]]}, {"input": [[6, 6, 6, 6], [6, 0, 0, 6], [6, 0, 0, 6], [6, 6, 6, 6]], "output": [[6, 6, 6, 6, 6, 6, 6, 6], [6, 0, 0, 6, 6, 0, 0, 6], [6, 0, 0, 6, 6, 0, 0, 6], [6, 6, 6, 6, 6, 6, 6, 6], [6, 6, 6, 6, 6, 6, 6, 6], [6, 0, 0, 6, 6, 0, 0, 6], [6, 0, 0, 6, 6, 0, 0, 6], [6, 6, 6, 6, 6, 6, 6, 6]]}, {"input": [[0, 6, 6, 0], [3, 6, 6, 3], [3, 6, 6, 3], [0, 6, 6, 0]], "output": [[0, 6, 6, 0, 0, 6, 6, 0], [3, 6, 6, 3, 3, 6, 6, 3], [3, 6, 6, 3, 3, 6, 6, 3], [0, 6, 6, 0, 0, 6, 6, 0], [0, 6, 6, 0, 0, 6, 6, 0], [3, 6, 6, 3, 3, 6, 6, 3], [3, 6, 6, 3, 3, 6, 6, 3], [0, 6, 6, 0, 0, 6, 6, 0]]}, {"input": [[4, 4, 9, 9], [5, 4, 4, 1], [5, 4, 4, 1], [4, 4, 9, 9]], "output": [[4, 4, 9, 9, 4, 4, 9, 9], [5, 4, 4, 1, 5, 4, 4, 1], [5, 4, 4, 1, 5, 4, 4, 1], [4, 4, 9, 9, 4, 4, 9, 9], [4, 4, 9, 9, 4, 4, 9, 9], [5, 4, 4, 1, 5, 4, 4, 1], [5, 4, 4, 1, 5, 4, 4, 1], [4, 4, 9, 9, 4, 4, 9, 9]]}, {"input": [[0, 6, 6, 0], [3, 6, 6, 3], [3, 9, 9, 3]], "output": [[0, 6, 6, 0, 6, 6, 0, 0], [3, 6, 6, 3, 6, 6, 3, 0], [3, 9, 9, 3, 9, 9, 3, 0], [0, 0, 0, 0, 0, 0, 0, 0], [0, 6, 6, 0, 6, 6, 0, 0], [3, 6, 6, 3, 6, 6, 3, 0]]}, {"input": [[0, 3, 0], [0, 2, 0], [1, 1, 1], [1, 1, 1]], "output": [[0, 3, 0, 0, 0, 3], [0, 2, 0, 0, 0, 2], [1, 1, 1, 0, 1, 1], [1, 3, 1, 0, 1, 3], [0, 2, 0, 0, 0, 2], [1, 1, 1, 0, 1, 1], [1, 1, 1, 0, 1, 1], [0, 0, 0, 0, 0, 0]]}, {"input": [[8, 2, 8], [2, 2, 2], [0, 2, 0]], "output": [[8, 2, 8, 8, 2, 8], [2, 2, 2, 2, 2, 2], [0, 2, 0, 0, 2, 0], [8, 2, 8, 8, 2, 8], [2, 2, 2, 2, 2, 2], [0, 2, 0, 0, 2, 0]]}, {"input": [[9, 7, 9], [1, 0, 1], [1, 0, 1]], "output": [[9, 7, 9, 9, 7, 9], [1, 0, 1, 1, 0, 1], [1, 0, 1, 1, 0, 1], [9, 7, 9, 9, 7, 9], [1, 0, 1, 1, 0, 1], [1, 0, 1, 1, 0, 1]]}], "test": [{"input": [[5, 0, 0, 5], [5, 5, 5, 5], [5, 5, 5, 5], [5, 0, 0, 5]], "output": [[5, 0, 0, 5, 5, 0, 0, 5], [5, 5, 5, 5, 5, 5, 5, 5], [5, 5, 5, 5, 5, 5, 5, 5], [5, 0, 0, 5, 5, 0, 0, 5], [5, 0, 0, 5, 5, 0, 0, 5], [5, 5, 5, 5, 5, 5, 5, 5], [5, 5, 5, 5, 5, 5, 5, 5], [5, 0, 0, 5, 5, 0, 0, 5]]}, {"input": [[8, 6, 6, 2], [9, 3, 3, 6], [0, 0, 3, 6], [0, 0, 9, 8]], "output": [[8, 6, 6, 2, 8, 6, 6, 2], [9, 3, 3, 6, 9, 3, 3, 6], [0, 0, 3, 6, 0, 0, 3, 6], [0, 0, 9, 8, 0, 0, 9, 8], [8, 6, 6, 2, 8, 6, 6, 2], [9, 3, 3, 6, 9, 3, 3, 6], [0, 0, 3, 6, 0, 0, 3, 6], [0, 0, 9, 8, 0, 0, 9, 8]]}, {"input": [[0, 1, 0, 0], [0, 1, 1, 1], [1, 1, 1, 0], [0, 0, 1, 0]], "output": [[0, 1, 0, 0, 0, 1, 0, 0], [0, 1, 1, 1, 0, 1, 1, 1], [1, 1, 1, 0, 1, 1, 1, 0], [0, 0, 1, 0, 0, 0, 1, 0], [0, 1, 0, 0, 0, 1, 0, 0], [0, 1, 1, 1, 0, 1, 1, 1], [1, 1, 1, 0, 1, 1, 1, 0], [0, 0, 1, 0, 0, 0, 1, 0]]}]}