{"train": [{"input": [[0, 0, 0, 0, 0, 1, 0, 0], [0, 0, 0, 0, 0, 0, 0, 0], [0, 0, 9, 0, 0, 0, 0, 0], [0, 0, 0, 0, 0, 0, 0, 0], [7, 0, 0, 0, 0, 0, 0, 0], [0, 0, 3, 0, 0, 0, 0, 0], [0, 0, 0, 1, 3, 0, 1, 0], [7, 0, 0, 0, 0, 0, 0, 0], [0, 0, 0, 0, 0, 0, 0, 0], [0, 0, 3, 0, 0, 0, 1, 0], [0, 0, 0, 0, 0, 0, 3, 9], [0, 0, 0, 0, 0, 0, 3, 9], [0, 5, 8, 6, 0, 0, 0, 0], [0, 3, 0, 0, 0, 0, 3, 0], [0, 0, 1, 0, 0, 3, 0, 0], [0, 0, 0, 0, 0, 0, 0, 0], [0, 0, 0, 0, 0, 1, 0, 0], [0, 1, 0, 0, 0, 0, 0, 0]], "output": [[0, 0, 0, 0, 0, 1, 0, 0], [0, 0, 0, 0, 0, 0, 0, 0], [0, 0, 9, 0, 0, 0, 0, 0], [0, 0, 0, 0, 0, 0, 0, 0], [7, 0, 0, 0, 0, 0, 0, 0], [0, 0, 8, 0, 0, 0, 0, 0], [0, 0, 0, 8, 3, 0, 1, 0], [7, 0, 0, 0, 0, 0, 0, 0], [0, 0, 0, 0, 0, 0, 0, 0], [0, 0, 3, 0, 0, 0, 8, 0], [0, 0, 0, 0, 0, 0, 8, 9], [0, 0, 0, 0, 0, 0, 3, 9], [0, 5, 8, 6, 0, 0, 0, 0], [0, 8, 0, 0, 0, 0, 3, 0], [0, 0, 8, 0, 0, 3, 0, 0], [0, 0, 0, 0, 0, 0, 0, 0], [0, 0, 0, 0, 0, 1, 0, 0], [0, 1, 0, 0, 0, 0, 0, 0]]}, {"input": [[0, 3, 0, 0, 3, 9, 2, 3, 0, 0], [0, 0, 0, 9, 0, 0, 3, 0, 3, 0], [0, 0, 0, 9, 0, 3, 0, 0, 1, 0], [9, 0, 0, 0, 0, 0, 0, 1, 0, 0], [0, 0, 0, 0, 0, 0, 0, 0, 1, 0], [0, 0, 5, 7, 0, 0, 6, 0, 0, 3], [0, 0, 0, 0, 0, 0, 0, 0, 0, 0]], "output": [[0, 3, 0, 0, 3, 9, 2, 3, 0, 0], [0, 0, 0, 9, 0, 0, 3, 0, 8, 0], [0, 0, 0, 9, 0, 3, 0, 0, 8, 0], [9, 0, 0, 0, 0, 0, 0, 1, 0, 0], [0, 0, 0, 0, 0, 0, 0, 0, 8, 0], [0, 0, 5, 7, 0, 0, 6, 0, 0, 8], [0, 0, 0, 0, 0, 0, 0, 0, 0, 0]]}, {"input": [[1, 0, 0, 0, 0, 0, 3, 1, 0, 0, 0], [0, 0, 0, 0, 0, 0, 0, 0, 0, 1, 0], [0, 3, 1, 0, 0, 0, 0, 0, 0, 0, 0], [0, 0, 0, 3, 0, 8, 1, 0, 0, 4, 0], [0, 0, 3, 0, 0, 1, 0, 0, 0, 0, 1], [0, 0, 0, 0, 0, 0, 1, 0, 1, 3, 0], [0, 0, 0, 0, 4, 0, 0, 0, 0, 0, 0]], "output": [[1, 0, 0, 0, 0, 0, 8, 8, 0, 0, 0], [0, 0, 0, 0, 0, 0, 0, 0, 0, 1, 0], [0, 8, 8, 0, 0, 0, 0, 0, 0, 0, 0], [0, 0, 0, 3, 0, 8, 1, 0, 0, 4, 0], [0, 0, 3, 0, 0, 1, 0, 0, 0, 0, 8], [0, 0, 0, 0, 0, 0, 1, 0, 8, 8, 0], [0, 0, 0, 0, 4, 0, 0, 0, 0, 0, 0]]}, {"input": [[0, 0, 0, 0, 0, 0, 6, 0, 0], [0, 0, 0, 0, 0, 4, 0, 0, 0], [0, 0, 2, 0, 0, 3, 0, 0, 0], [0, 0, 0, 0, 0, 0, 0, 0, 0], [0, 0, 0, 0, 0, 0, 0, 0, 0], [0, 0, 0, 0, 2, 1, 0, 1, 3], [0, 8, 0, 0, 0, 0, 0, 0, 0], [0, 0, 7, 0, 0, 0, 0, 0, 0], [3, 9, 0, 1, 3, 0, 1, 0, 0]], "output": [[0, 0, 0, 0, 0, 0, 6, 0, 0], [0, 0, 0, 0, 0, 4, 0, 0, 0], [0, 0, 2, 0, 0, 3, 0, 0, 0], [0, 0, 0, 0, 0, 0, 0, 0, 0], [0, 0, 0, 0, 0, 0, 0, 0, 0], [0, 0, 0, 0, 2, 1, 0, 8, 8], [0, 8, 0, 0, 0, 0, 0, 0, 0], [0, 0, 7, 0, 0, 0, 0, 0, 0], [3, 9, 0, 8, 8, 0, 1, 0, 0]]}, {"input": [[0, 0, 0, 0, 0, 0, 0, 0, 0, 0, 0, 0, 0, 0, 0, 0, 0, 0, 0], [0, 0, 0, 0, 0, 0, 0, 0, 0, 0, 0, 3, 0, 0, 0, 0, 0, 0, 0], [0, 0, 0, 0, 0, 0, 0, 0, 0, 0, 0, 0, 0, 0, 0, 1, 0, 0, 0], [0, 0, 0, 0, 0, 0, 0, 0, 0, 0, 0, 0, 0, 0, 0, 0, 0, 0, 0], [0, 0, 0, 0, 0, 0, 0, 0, 0, 0, 0, 3, 0, 0, 0, 0, 0, 0, 0], [0, 0, 0, 0, 0, 0, 0, 0, 0, 0, 0, 0, 0, 1, 0, 0, 0, 0, 0], [0, 0, 1, 0, 0, 0, 0, 0, 0, 0, 0, 0, 0, 0, 0, 0, 0, 0, 0], [0, 0, 0, 0, 9, 0, 0, 0, 0, 0, 0, 8, 0, 0, 2, 3, 0, 3, 0], [0, 0, 0, 0, 0, 0, 0, 0, 0, 0, 0, 0, 0, 0, 0, 0, 0, 0, 0], [0, 0, 5, 0, 0, 1, 0, 0, 0, 0, 0, 0, 0, 0, 0, 0, 0, 0, 0], [0, 0, 0, 0, 0, 0, 0, 0, 0, 0, 4, 0, 0, 0, 0, 0, 0, 0, 0], [0, 0, 3, 0, 0, 3, 0, 0, 0, 0, 0, 0, 0, 0, 0, 0, 0, 0, 0], [0, 0, 0, 0, 1, 0, 0, 0, 0, 0, 0, 0, 0, 0, 0, 0, 0, 0, 0], [0, 0, 0, 0, 0, 0, 0, 0, 0, 0, 0, 0, 0, 0, 0, 0, 0, 0, 0], [0, 0, 0, 0, 0, 0, 0, 0, 0, 0, 0, 0, 0, 0, 0, 0, 0, 0, 0], [3, 0, 0, 3, 0, 0, 0, 0, 0, 0, 0, 0, 0, 0, 0, 0, 0, 0, 0]], "output": [[0, 0, 0, 0, 0, 0, 0, 0, 0, 0, 0, 0, 0, 0, 0, 0, 0, 0, 0], [0, 0, 0, 0, 0, 0, 0, 0, 0, 0, 0, 3, 0, 0, 0, 0, 0, 0, 0], [0, 0, 0, 0, 0, 0, 0, 0, 0, 0, 0, 0, 0, 0, 0, 1, 0, 0, 0], [0, 0, 0, 0, 0, 0, 0, 0, 0, 0, 0, 0, 0, 0, 0, 0, 0, 0, 0], [0, 0, 0, 0, 0, 0, 0, 0, 0, 0, 0, 3, 0, 0, 0, 0, 0, 0, 0], [0, 0, 0, 0, 0, 0, 0, 0, 0, 0, 0, 0, 0, 1, 0, 0, 0, 0, 0], [0, 0, 1, 0, 0, 0, 0, 0, 0, 0, 0, 0, 0, 0, 0, 0, 0, 0, 0], [0, 0, 0, 0, 9, 0, 0, 0, 0, 0, 0, 8, 0, 0, 2, 3, 0, 3, 0], [0, 0, 0, 0, 0, 0, 0, 0, 0, 0, 0, 0, 0, 0, 0, 0, 0, 0, 0], [0, 0, 5, 0, 0, 1, 0, 0, 0, 0, 0, 0, 0, 0, 0, 0, 0, 0, 0], [0, 0, 0, 0, 0, 0, 0, 0, 0, 0, 4, 0, 0, 0, 0, 0, 0, 0, 0], [0, 0, 3, 0, 0, 8, 0, 0, 0, 0, 0, 0, 0, 0, 0, 0, 0, 0, 0], [0, 0, 0, 0, 8, 0, 0, 0, 0, 0, 0, 0, 0, 0, 0, 0, 0, 0, 0], [0, 0, 0, 0, 0, 0, 0, 0, 0, 0, 0, 0, 0, 0, 0, 0, 0, 0, 0], [0, 0, 0, 0, 0, 0, 0, 0, 0, 0, 0, 0, 0, 0, 0, 0, 0, 0, 0], [3, 0, 0, 3, 0, 0, 0, 0, 0, 0, 0, 0, 0, 0, 0, 0, 0, 0, 0]]}, {"input": [[3, 4, 0, 0, 0, 0, 4, 0, 0, 0, 1], [0, 0, 3, 0, 0, 0, 0, 0, 0, 0, 3], [0, 6, 8, 0, 3, 0, 0, 0, 0, 0, 0], [0, 0, 0, 0, 3, 3, 0, 0, 0, 7, 3], [1, 0, 0, 0, 9, 0, 0, 0, 0, 8, 1], [0, 0, 3, 0, 0, 0, 0, 0, 0, 0, 0]], "output": [[3, 4, 0, 0, 0, 0, 4, 0, 0, 0, 8], [0, 0, 3, 0, 0, 0, 0, 0, 0, 0, 8], [0, 6, 8, 0, 3, 0, 0, 0, 0, 0, 0], [0, 0, 0, 0, 3, 3, 0, 0, 0, 7, 8], [1, 0, 0, 0, 9, 0, 0, 0, 0, 8, 8], [0, 0, 3, 0, 0, 0, 0, 0, 0, 0, 0]]}, {"input": [[0, 0, 0, 3, 0, 0, 0, 0, 0, 0, 0, 0, 0], [2, 1, 0, 0, 0, 0, 0, 0, 0, 0, 0, 0, 0], [3, 0, 0, 0, 3, 0, 0, 0, 3, 0, 0, 7, 0], [0, 0, 0, 0, 0, 3, 0, 0, 0, 1, 0, 0, 0], [0, 0, 0, 0, 0, 0, 0, 0, 0, 0, 0, 0, 0], [0, 0, 0, 0, 0, 0, 0, 0, 0, 0, 6, 0, 0], [0, 0, 0, 0, 1, 0, 0, 0, 0, 0, 0, 0, 0], [0, 0, 0, 0, 0, 0, 0, 0, 0, 0, 0, 3, 0], [0, 0, 0, 0, 0, 0, 0, 0, 0, 0, 0, 0, 0], [0, 0, 5, 0, 0, 0, 0, 0, 0, 0, 0, 0, 0], [0, 0, 0, 0, 0, 0, 0, 0, 0, 0, 0, 0, 0], [0, 0, 0, 0, 0, 0, 0, 0, 1, 0, 0, 0, 0], [0, 0, 0, 0, 0, 3, 0, 0, 3, 0, 0, 0, 0]], "output": [[0, 0, 0, 3, 0, 0, 0, 0, 0, 0, 0, 0, 0], [2, 8, 0, 0, 0, 0, 0, 0, 0, 0, 0, 0, 0], [8, 0, 0, 0, 3, 0, 0, 0, 8, 0, 0, 7, 0], [0, 0, 0, 0, 0, 3, 0, 0, 0, 8, 0, 0, 0], [0, 0, 0, 0, 0, 0, 0, 0, 0, 0, 0, 0, 0], [0, 0, 0, 0, 0, 0, 0, 0, 0, 0, 6, 0, 0], [0, 0, 0, 0, 1, 0, 0, 0, 0, 0, 0, 0, 0], [0, 0, 0, 0, 0, 0, 0, 0, 0, 0, 0, 3, 0], [0, 0, 0, 0, 0, 0, 0, 0, 0, 0, 0, 0, 0], [0, 0, 5, 0, 0, 0, 0, 0, 0, 0, 0, 0, 0], [0, 0, 0, 0, 0, 0, 0, 0, 0, 0, 0, 0, 0], [0, 0, 0, 0, 0, 0, 0, 0, 8, 0, 0, 0, 0], [0, 0, 0, 0, 0, 3, 0, 0, 8, 0, 0, 0, 0]]}, {"input": [[0, 0, 1, 7, 0, 0], [3, 0, 0, 0, 0, 0], [0, 0, 3, 0, 0, 3], [0, 0, 1, 3, 0, 0], [7, 0, 0, 0, 0, 0], [0, 3, 1, 0, 0, 0], [0, 0, 0, 0, 0, 0], [0, 9, 0, 0, 0, 3], [0, 3, 0, 0, 0, 1]], "output": [[0, 0, 1, 7, 0, 0], [3, 0, 0, 0, 0, 0], [0, 0, 8, 0, 0, 3], [0, 0, 8, 3, 0, 0], [7, 0, 0, 0, 0, 0], [0, 8, 8, 0, 0, 0], [0, 0, 0, 0, 0, 0], [0, 9, 0, 0, 0, 8], [0, 3, 0, 0, 0, 8]]}, {"input": [[9, 3, 0, 0, 0, 3], [0, 0, 0, 0, 0, 0], [0, 0, 0, 0, 0, 6], [0, 0, 0, 0, 5, 1], [0, 0, 0, 0, 0, 0], [0, 0, 0, 1, 0, 0], [0, 0, 0, 4, 0, 0], [0, 0, 8, 0, 3, 4], [0, 0, 0, 3, 4, 0], [0, 8, 0, 0, 0, 0], [0, 0, 0, 0, 1, 0], [0, 3, 0, 0, 0, 0], [0, 0, 0, 0, 0, 0], [4, 0, 3, 0, 0, 0], [0, 0, 0, 0, 0, 0], [3, 0, 0, 0, 0, 0], [0, 1, 0, 0, 0, 0]], "output": [[9, 3, 0, 0, 0, 3], [0, 0, 0, 0, 0, 0], [0, 0, 0, 0, 0, 6], [0, 0, 0, 0, 5, 1], [0, 0, 0, 0, 0, 0], [0, 0, 0, 1, 0, 0], [0, 0, 0, 4, 0, 0], [0, 0, 8, 0, 3, 4], [0, 0, 0, 3, 4, 0], [0, 8, 0, 0, 0, 0], [0, 0, 0, 0, 1, 0], [0, 3, 0, 0, 0, 0], [0, 0, 0, 0, 0, 0], [4, 0, 3, 0, 0, 0], [0, 0, 0, 0, 0, 0], [8, 0, 0, 0, 0, 0], [0, 8, 0, 0, 0, 0]]}, {"input": [[9, 0, 0, 3, 1, 0, 3], [0, 0, 7, 0, 3, 1, 0], [0, 1, 0, 1, 3, 2, 0], [0, 0, 6, 0, 1, 0, 0], [1, 0, 0, 6, 3, 1, 0]], "output": [[9, 0, 0, 8, 8, 0, 8], [0, 0, 7, 0, 8, 8, 0], [0, 1, 0, 8, 8, 2, 0], [0, 0, 6, 0, 8, 0, 0], [1, 0, 0, 6, 8, 8, 0]]}, {"input": [[3, 0, 0, 0, 0], [0, 0, 0, 0, 0], [0, 0, 3, 0, 0], [0, 0, 0, 3, 0], [0, 0, 0, 0, 0], [0, 3, 0, 0, 0], [0, 0, 0, 0, 0], [0, 0, 0, 0, 0], [0, 3, 3, 1, 0], [0, 0, 4, 0, 0], [0, 0, 0, 0, 0], [0, 0, 0, 0, 0], [0, 0, 0, 0, 0], [0, 0, 0, 0, 0]], "output": [[3, 0, 0, 0, 0], [0, 0, 0, 0, 0], [0, 0, 3, 0, 0], [0, 0, 0, 3, 0], [0, 0, 0, 0, 0], [0, 3, 0, 0, 0], [0, 0, 0, 0, 0], [0, 0, 0, 0, 0], [0, 3, 8, 8, 0], [0, 0, 4, 0, 0], [0, 0, 0, 0, 0], [0, 0, 0, 0, 0], [0, 0, 0, 0, 0], [0, 0, 0, 0, 0]]}, {"input": [[0, 0, 0, 0, 0, 0, 0], [0, 0, 0, 0, 0, 0, 0], [0, 0, 0, 0, 0, 0, 0], [0, 7, 0, 0, 0, 0, 0], [0, 0, 4, 0, 9, 0, 0], [0, 0, 3, 0, 3, 0, 3], [0, 3, 0, 0, 0, 0, 0], [0, 0, 0, 0, 0, 0, 0], [0, 2, 0, 0, 8, 0, 1], [0, 0, 0, 0, 0, 0, 0], [0, 3, 0, 0, 1, 0, 0], [9, 0, 0, 7, 0, 0, 0], [0, 0, 0, 0, 3, 0, 0], [0, 0, 0, 0, 6, 1, 0], [3, 0, 0, 1, 0, 0, 5]], "output": [[0, 0, 0, 0, 0, 0, 0], [0, 0, 0, 0, 0, 0, 0], [0, 0, 0, 0, 0, 0, 0], [0, 7, 0, 0, 0, 0, 0], [0, 0, 4, 0, 9, 0, 0], [0, 0, 3, 0, 3, 0, 3], [0, 3, 0, 0, 0, 0, 0], [0, 0, 0, 0, 0, 0, 0], [0, 2, 0, 0, 8, 0, 1], [0, 0, 0, 0, 0, 0, 0], [0, 3, 0, 0, 1, 0, 0], [9, 0, 0, 7, 0, 0, 0], [0, 0, 0, 0, 8, 0, 0], [0, 0, 0, 0, 6, 8, 0], [3, 0, 0, 1, 0, 0, 5]]}, {"input": [[0, 0, 0, 0, 0, 0, 0, 0, 0, 0, 0, 0, 0, 0, 0, 0, 0, 0], [0, 0, 0, 0, 0, 0, 0, 0, 0, 0, 0, 0, 0, 0, 0, 0, 0, 0], [0, 0, 0, 0, 0, 0, 0, 0, 0, 0, 3, 0, 0, 0, 0, 0, 0, 0], [0, 0, 0, 3, 0, 0, 0, 0, 0, 0, 4, 0, 0, 0, 0, 0, 0, 0], [0, 0, 0, 0, 0, 0, 0, 0, 0, 0, 0, 0, 0, 0, 1, 0, 0, 0], [0, 0, 0, 0, 0, 0, 0, 0, 0, 0, 0, 0, 0, 0, 0, 0, 0, 0], [0, 0, 0, 0, 0, 3, 0, 0, 0, 0, 0, 0, 0, 5, 0, 0, 0, 0], [0, 0, 0, 0, 0, 0, 0, 0, 0, 0, 0, 0, 0, 0, 0, 0, 0, 0], [0, 0, 0, 0, 0, 0, 0, 0, 0, 0, 0, 0, 0, 3, 0, 0, 3, 0], [0, 0, 0, 0, 0, 0, 3, 0, 0, 3, 0, 0, 0, 0, 0, 0, 0, 0], [0, 0, 0, 0, 0, 0, 0, 0, 0, 0, 1, 0, 0, 0, 0, 0, 0, 0]], "output": [[0, 0, 0, 0, 0, 0, 0, 0, 0, 0, 0, 0, 0, 0, 0, 0, 0, 0], [0, 0, 0, 0, 0, 0, 0, 0, 0, 0, 0, 0, 0, 0, 0, 0, 0, 0], [0, 0, 0, 0, 0, 0, 0, 0, 0, 0, 3, 0, 0, 0, 0, 0, 0, 0], [0, 0, 0, 3, 0, 0, 0, 0, 0, 0, 4, 0, 0, 0, 0, 0, 0, 0], [0, 0, 0, 0, 0, 0, 0, 0, 0, 0, 0, 0, 0, 0, 1, 0, 0, 0], [0, 0, 0, 0, 0, 0, 0, 0, 0, 0, 0, 0, 0, 0, 0, 0, 0, 0], [0, 0, 0, 0, 0, 3, 0, 0, 0, 0, 0, 0, 0, 5, 0, 0, 0, 0], [0, 0, 0, 0, 0, 0, 0, 0, 0, 0, 0, 0, 0, 0, 0, 0, 0, 0], [0, 0, 0, 0, 0, 0, 0, 0, 0, 0, 0, 0, 0, 3, 0, 0, 3, 0], [0, 0, 0, 0, 0, 0, 3, 0, 0, 8, 0, 0, 0, 0, 0, 0, 0, 0], [0, 0, 0, 0, 0, 0, 0, 0, 0, 0, 8, 0, 0, 0, 0, 0, 0, 0]]}, {"input": [[0, 2, 3, 0, 0, 9, 0], [0, 0, 0, 0, 0, 0, 1], [0, 0, 0, 0, 3, 0, 0], [0, 0, 0, 0, 1, 1, 0], [0, 0, 0, 9, 0, 3, 0], [1, 3, 0, 0, 0, 0, 1], [0, 0, 0, 0, 0, 0, 1]], "output": [[0, 2, 3, 0, 0, 9, 0], [0, 0, 0, 0, 0, 0, 1], [0, 0, 0, 0, 8, 0, 0], [0, 0, 0, 0, 8, 8, 0], [0, 0, 0, 9, 0, 8, 0], [8, 8, 0, 0, 0, 0, 8], [0, 0, 0, 0, 0, 0, 1]]}, {"input": [[1, 3, 3, 0, 0, 0, 0, 0], [0, 8, 0, 1, 0, 0, 0, 3], [0, 0, 0, 0, 0, 3, 0, 0], [0, 0, 0, 3, 0, 0, 7, 0], [0, 0, 0, 0, 0, 0, 0, 0], [0, 2, 0, 0, 1, 0, 0, 0], [0, 2, 0, 0, 3, 0, 3, 0], [0, 0, 3, 0, 9, 0, 1, 1], [0, 0, 0, 1, 1, 0, 0, 0], [1, 0, 5, 0, 0, 0, 0, 0]], "output": [[8, 8, 8, 0, 0, 0, 0, 0], [0, 8, 0, 8, 0, 0, 0, 3], [0, 0, 0, 0, 0, 3, 0, 0], [0, 0, 0, 3, 0, 0, 7, 0], [0, 0, 0, 0, 0, 0, 0, 0], [0, 2, 0, 0, 8, 0, 0, 0], [0, 2, 0, 0, 8, 0, 8, 0], [0, 0, 8, 0, 9, 0, 8, 8], [0, 0, 0, 8, 1, 0, 0, 0], [1, 0, 5, 0, 0, 0, 0, 0]]}, {"input": [[0, 4, 0, 0, 0], [7, 0, 6, 1, 1], [0, 1, 0, 6, 1], [8, 0, 0, 3, 1], [0, 2, 3, 0, 0], [3, 1, 0, 0, 1]], "output": [[0, 4, 0, 0, 0], [7, 0, 6, 1, 1], [0, 1, 0, 6, 8], [8, 0, 0, 8, 8], [0, 2, 8, 0, 0], [3, 8, 0, 0, 1]]}, {"input": [[0, 0, 0, 1, 0, 0, 0, 2, 3, 0, 3, 0, 0, 0, 3, 0], [0, 0, 0, 0, 0, 9, 0, 0, 0, 7, 0, 0, 0, 0, 0, 0], [0, 6, 0, 0, 0, 0, 0, 1, 0, 0, 0, 0, 0, 0, 0, 3], [0, 0, 0, 0, 0, 0, 0, 0, 0, 0, 0, 0, 0, 0, 1, 0], [0, 0, 0, 0, 3, 0, 0, 0, 0, 0, 0, 0, 0, 0, 0, 0], [1, 0, 0, 0, 0, 0, 0, 0, 0, 3, 3, 0, 0, 0, 0, 0], [0, 0, 0, 8, 0, 0, 0, 1, 3, 3, 0, 0, 0, 0, 0, 0]], "output": [[0, 0, 0, 1, 0, 0, 0, 2, 3, 0, 3, 0, 0, 0, 3, 0], [0, 0, 0, 0, 0, 9, 0, 0, 0, 7, 0, 0, 0, 0, 0, 0], [0, 6, 0, 0, 0, 0, 0, 1, 0, 0, 0, 0, 0, 0, 0, 8], [0, 0, 0, 0, 0, 0, 0, 0, 0, 0, 0, 0, 0, 0, 8, 0], [0, 0, 0, 0, 3, 0, 0, 0, 0, 0, 0, 0, 0, 0, 0, 0], [1, 0, 0, 0, 0, 0, 0, 0, 0, 3, 3, 0, 0, 0, 0, 0], [0, 0, 0, 8, 0, 0, 0, 8, 8, 3, 0, 0, 0, 0, 0, 0]]}], "test": [{"input": [[0, 0, 0, 0, 0, 0, 0, 3, 0, 0, 2, 0, 0, 0, 0], [4, 0, 0, 0, 0, 7, 0, 0, 0, 0, 0, 0, 0, 0, 3], [0, 0, 0, 0, 1, 0, 2, 0, 8, 0, 0, 0, 0, 0, 0], [0, 0, 0, 0, 0, 0, 0, 0, 0, 0, 0, 0, 0, 0, 0], [0, 0, 0, 0, 0, 0, 0, 0, 0, 0, 0, 1, 3, 0, 0], [7, 0, 0, 3, 0, 0, 0, 0, 0, 0, 2, 0, 0, 0, 0], [0, 0, 0, 0, 0, 0, 0, 0, 2, 0, 0, 0, 0, 0, 3], [0, 0, 0, 0, 0, 0, 0, 0, 0, 0, 0, 0, 0, 0, 0], [0, 0, 0, 3, 0, 0, 0, 0, 0, 3, 0, 0, 0, 0, 0], [3, 0, 0, 0, 0, 0, 0, 0, 0, 0, 0, 0, 0, 0, 0]], "output": [[0, 0, 0, 0, 0, 0, 0, 3, 0, 0, 2, 0, 0, 0, 0], [4, 0, 0, 0, 0, 7, 0, 0, 0, 0, 0, 0, 0, 0, 3], [0, 0, 0, 0, 1, 0, 2, 0, 8, 0, 0, 0, 0, 0, 0], [0, 0, 0, 0, 0, 0, 0, 0, 0, 0, 0, 0, 0, 0, 0], [0, 0, 0, 0, 0, 0, 0, 0, 0, 0, 0, 8, 8, 0, 0], [7, 0, 0, 3, 0, 0, 0, 0, 0, 0, 2, 0, 0, 0, 0], [0, 0, 0, 0, 0, 0, 0, 0, 2, 0, 0, 0, 0, 0, 3], [0, 0, 0, 0, 0, 0, 0, 0, 0, 0, 0, 0, 0, 0, 0], [0, 0, 0, 3, 0, 0, 0, 0, 0, 3, 0, 0, 0, 0, 0], [3, 0, 0, 0, 0, 0, 0, 0, 0, 0, 0, 0, 0, 0, 0]]}, {"input": [[2, 0, 0, 0, 0, 4, 0, 0, 0, 0], [1, 0, 0, 3, 0, 0, 0, 0, 0, 0], [0, 0, 0, 0, 0, 0, 0, 0, 0, 0], [0, 6, 0, 0, 0, 0, 0, 0, 0, 0], [0, 0, 0, 0, 0, 3, 0, 0, 5, 0], [0, 0, 0, 0, 0, 0, 0, 0, 0, 0], [0, 0, 0, 0, 0, 0, 0, 0, 0, 0], [0, 0, 0, 0, 0, 0, 0, 0, 0, 0], [0, 0, 0, 0, 0, 0, 0, 0, 0, 0], [0, 0, 0, 0, 0, 1, 0, 0, 1, 1], [0, 0, 0, 4, 0, 0, 0, 0, 3, 0], [0, 0, 0, 0, 8, 0, 0, 0, 0, 0], [0, 0, 0, 3, 0, 0, 0, 0, 0, 0], [0, 0, 1, 0, 1, 0, 8, 3, 0, 0], [0, 0, 0, 0, 0, 0, 1, 0, 0, 0], [0, 0, 0, 0, 3, 0, 0, 0, 0, 0]], "output": [[2, 0, 0, 0, 0, 4, 0, 0, 0, 0], [1, 0, 0, 3, 0, 0, 0, 0, 0, 0], [0, 0, 0, 0, 0, 0, 0, 0, 0, 0], [0, 6, 0, 0, 0, 0, 0, 0, 0, 0], [0, 0, 0, 0, 0, 3, 0, 0, 5, 0], [0, 0, 0, 0, 0, 0, 0, 0, 0, 0], [0, 0, 0, 0, 0, 0, 0, 0, 0, 0], [0, 0, 0, 0, 0, 0, 0, 0, 0, 0], [0, 0, 0, 0, 0, 0, 0, 0, 0, 0], [0, 0, 0, 0, 0, 1, 0, 0, 8, 8], [0, 0, 0, 4, 0, 0, 0, 0, 8, 0], [0, 0, 0, 0, 8, 0, 0, 0, 0, 0], [0, 0, 0, 8, 0, 0, 0, 0, 0, 0], [0, 0, 8, 0, 8, 0, 8, 8, 0, 0], [0, 0, 0, 0, 0, 0, 8, 0, 0, 0], [0, 0, 0, 0, 3, 0, 0, 0, 0, 0]]}]}