{"train": [{"input": [[4, 0, 0, 4, 0, 0, 0, 0, 0, 4, 0, 0, 4, 4, 0, 4, 0, 0, 0, 4], [0, 4, 0, 0, 3, 3, 4, 0, 4, 4, 4, 4, 0, 0, 4, 4, 4, 4, 4, 4], [0, 4, 4, 4, 3, 3, 0, 4, 4, 4, 4, 0, 4, 0, 0, 0, 0, 4, 0, 4], [0, 0, 4, 0, 4, 0, 0, 4, 4, 0, 4, 0, 0, 4, 4, 4, 0, 0, 4, 0], [0, 4, 0, 0, 0, 4, 4, 0, 4, 4, 0, 0, 0, 4, 4, 0, 0, 0, 0, 4], [4, 4, 4, 4, 3, 3, 0, 0, 0, 0, 0, 0, 4, 4, 4, 4, 0, 4, 4, 0], [4, 0, 4, 0, 3, 3, 4, 4, 0, 4, 0, 0, 4, 4, 4, 4, 0, 4, 4, 0], [0, 0, 4, 0, 0, 4, 0, 0, 4, 4, 0, 4, 4, 0, 0, 0, 0, 4, 4, 0], [4, 4, 4, 0, 0, 4, 4, 4, 0, 4, 0, 4, 0, 0, 4, 0, 4, 4, 0, 0], [0, 0, 4, 4, 0, 0, 4, 4, 0, 0, 4, 4, 4, 4, 4, 0, 0, 4, 0, 0], [0, 4, 0, 4, 4, 0, 4, 0, 4, 4, 4, 4, 0, 0, 4, 4, 4, 4, 0, 4], [4, 0, 4, 0, 0, 0, 0, 4, 0, 0, 0, 4, 0, 0, 0, 0, 0, 4, 0, 0], [4, 0, 0, 4, 0, 0, 0, 4, 4, 4, 0, 0, 4, 4, 0, 4, 4, 0, 4, 4], [4, 4, 0, 0, 0, 0, 4, 4, 4, 4, 4, 4, 4, 0, 0, 4, 0, 0, 0, 0], [0, 0, 4, 0, 4, 0, 0, 4, 4, 4, 4, 0, 0, 0, 4, 4, 4, 4, 4, 0], [4, 0, 0, 4, 4, 4, 0, 0, 0, 4, 4, 4, 4, 0, 4, 4, 0, 0, 0, 0], [4, 0, 4, 4, 0, 4, 4, 4, 0, 0, 4, 4, 0, 0, 0, 0, 4, 0, 0, 4], [4, 0, 0, 4, 4, 0, 4, 0, 4, 0, 4, 4, 0, 4, 4, 4, 3, 3, 0, 0], [4, 0, 0, 0, 0, 4, 4, 4, 4, 4, 4, 4, 0, 0, 4, 4, 3, 3, 0, 4], [4, 4, 4, 4, 4, 4, 0, 0, 4, 4, 0, 0, 4, 4, 4, 0, 0, 4, 0, 4]], "output": [[4, 0, 0, 4, 0, 0, 0, 0, 0, 4, 0, 0, 4, 4, 0, 4, 0, 0, 0, 4], [0, 4, 0, 0, 4, 4, 4, 0, 4, 4, 4, 4, 0, 0, 4, 4, 4, 4, 4, 4], [0, 4, 4, 4, 4, 4, 0, 4, 4, 4, 4, 0, 4, 0, 0, 0, 0, 4, 0, 4], [0, 0, 4, 0, 4, 0, 0, 4, 4, 0, 4, 0, 0, 4, 4, 4, 0, 0, 4, 0], [0, 4, 0, 0, 0, 4, 4, 0, 4, 4, 0, 0, 0, 4, 4, 0, 0, 0, 0, 4], [4, 4, 4, 4, 4, 4, 0, 0, 0, 0, 0, 0, 4, 4, 4, 4, 0, 4, 4, 0], [4, 0, 4, 0, 4, 4, 4, 4, 0, 4, 0, 0, 4, 4, 4, 4, 0, 4, 4, 0], [0, 0, 4, 0, 0, 4, 0, 0, 4, 4, 0, 4, 4, 0, 0, 0, 0, 4, 4, 0], [4, 4, 4, 0, 0, 4, 4, 4, 0, 4, 0, 4, 0, 0, 4, 0, 4, 4, 0, 0], [0, 0, 4, 4, 0, 0, 4, 4, 0, 0, 4, 4, 4, 4, 4, 0, 0, 4, 0, 0], [0, 4, 0, 4, 4, 0, 4, 0, 4, 4, 4, 4, 0, 0, 4, 4, 4, 4, 0, 4], [4, 0, 4, 0, 0, 0, 0, 4, 0, 0, 0, 4, 0, 0, 0, 0, 0, 4, 0, 0], [4, 0, 0, 4, 0, 0, 0, 4, 4, 4, 0, 0, 4, 4, 0, 4, 4, 0, 4, 4], [4, 4, 0, 0, 0, 0, 4, 4, 4, 4, 4, 4, 4, 0, 0, 4, 0, 0, 0, 0], [0, 0, 4, 0, 4, 0, 0, 4, 4, 4, 4, 0, 0, 0, 4, 4, 4, 4, 4, 0], [4, 0, 0, 4, 4, 4, 0, 0, 0, 4, 4, 4, 4, 0, 4, 4, 0, 0, 0, 0], [4, 0, 4, 4, 0, 4, 4, 4, 0, 0, 4, 4, 0, 0, 0, 0, 4, 0, 0, 4], [4, 0, 0, 4, 4, 0, 4, 0, 4, 0, 4, 4, 0, 4, 4, 4, 4, 4, 0, 0], [4, 0, 0, 0, 0, 4, 4, 4, 4, 4, 4, 4, 0, 0, 4, 4, 4, 4, 0, 4], [4, 4, 4, 4, 4, 4, 0, 0, 4, 4, 0, 0, 4, 4, 4, 0, 0, 4, 0, 4]]}, {"input": [[1, 0, 0, 0, 0, 1, 1, 0, 1, 1, 0, 0, 1, 1, 1, 0, 0, 0, 1, 0], [0, 0, 1, 1, 0, 1, 1, 1, 0, 1, 0, 0, 0, 1, 1, 0, 0, 0, 0, 1], [1, 0, 0, 1, 1, 1, 0, 0, 0, 1, 1, 1, 3, 3, 1, 0, 1, 1, 0, 0], [1, 1, 1, 0, 0, 1, 0, 0, 0, 0, 1, 1, 3, 3, 1, 1, 0, 0, 0, 1], [0, 0, 0, 1, 0, 1, 0, 0, 0, 0, 1, 1, 0, 0, 1, 1, 0, 1, 0, 0], [1, 0, 0, 0, 1, 0, 1, 1, 1, 0, 1, 1, 1, 0, 1, 0, 0, 0, 1, 1], [1, 1, 0, 1, 1, 1, 0, 0, 1, 1, 1, 0, 0, 1, 0, 0, 0, 1, 1, 1], [0, 1, 0, 0, 1, 1, 0, 1, 1, 1, 1, 0, 1, 0, 1, 0, 0, 0, 1, 1], [1, 1, 1, 0, 0, 1, 0, 0, 0, 1, 0, 1, 0, 1, 1, 1, 0, 0, 0, 1], [0, 1, 1, 0, 1, 0, 1, 1, 1, 0, 0, 1, 0, 1, 0, 1, 0, 1, 0, 0], [1, 1, 0, 1, 0, 1, 0, 0, 1, 1, 0, 0, 0, 0, 1, 0, 0, 1, 1, 0], [1, 0, 0, 0, 0, 0, 1, 0, 1, 1, 1, 1, 1, 0, 1, 0, 0, 1, 1, 0], [1, 1, 1, 0, 1, 0, 0, 0, 1, 1, 0, 0, 1, 0, 1, 1, 0, 1, 1, 1], [0, 1, 0, 1, 0, 0, 1, 0, 1, 0, 0, 1, 0, 1, 0, 1, 0, 0, 1, 0], [1, 1, 1, 1, 1, 0, 0, 1, 1, 0, 1, 1, 0, 0, 1, 0, 0, 1, 0, 0], [0, 0, 1, 0, 0, 0, 1, 1, 1, 0, 1, 1, 0, 1, 0, 0, 1, 1, 1, 1], [1, 0, 0, 0, 1, 1, 0, 1, 0, 0, 1, 1, 0, 0, 0, 0, 1, 1, 1, 0], [1, 1, 1, 0, 0, 1, 1, 0, 0, 1, 1, 0, 1, 0, 0, 0, 0, 0, 1, 1], [1, 0, 0, 1, 0, 0, 0, 0, 1, 1, 1, 0, 1, 0, 1, 1, 1, 1, 0, 1], [1, 1, 0, 1, 1, 0, 1, 0, 0, 1, 0, 0, 1, 0, 1, 1, 0, 0, 1, 1]], "output": [[1, 0, 0, 0, 0, 1, 1, 0, 1, 1, 0, 0, 1, 1, 1, 0, 0, 0, 1, 0], [0, 0, 1, 1, 0, 1, 1, 1, 0, 1, 0, 0, 0, 1, 1, 0, 0, 0, 0, 1], [1, 0, 0, 1, 1, 1, 0, 0, 0, 1, 1, 1, 4, 4, 1, 0, 1, 1, 0, 0], [1, 1, 1, 0, 0, 1, 0, 0, 0, 0, 1, 1, 4, 4, 1, 1, 0, 0, 0, 1], [0, 0, 0, 1, 0, 1, 0, 0, 0, 0, 1, 1, 0, 0, 1, 1, 0, 1, 0, 0], [1, 0, 0, 0, 1, 0, 1, 1, 1, 0, 1, 1, 1, 0, 1, 0, 0, 0, 1, 1], [1, 1, 0, 1, 1, 1, 0, 0, 1, 1, 1, 0, 0, 1, 0, 0, 0, 1, 1, 1], [0, 1, 0, 0, 1, 1, 0, 1, 1, 1, 1, 0, 1, 0, 1, 0, 0, 0, 1, 1], [1, 1, 1, 0, 0, 1, 0, 0, 0, 1, 0, 1, 0, 1, 1, 1, 0, 0, 0, 1], [0, 1, 1, 0, 1, 0, 1, 1, 1, 0, 0, 1, 0, 1, 0, 1, 0, 1, 0, 0], [1, 1, 0, 1, 0, 1, 0, 0, 1, 1, 0, 0, 0, 0, 1, 0, 0, 1, 1, 0], [1, 0, 0, 0, 0, 0, 1, 0, 1, 1, 1, 1, 1, 0, 1, 0, 0, 1, 1, 0], [1, 1, 1, 0, 1, 0, 0, 0, 1, 1, 0, 0, 1, 0, 1, 1, 0, 1, 1, 1], [0, 1, 0, 1, 0, 0, 1, 0, 1, 0, 0, 1, 0, 1, 0, 1, 0, 0, 1, 0], [1, 1, 1, 1, 1, 0, 0, 1, 1, 0, 1, 1, 0, 0, 1, 0, 0, 1, 0, 0], [0, 0, 1, 0, 0, 0, 1, 1, 1, 0, 1, 1, 0, 1, 0, 0, 1, 1, 1, 1], [1, 0, 0, 0, 1, 1, 0, 1, 0, 0, 1, 1, 0, 0, 0, 0, 1, 1, 1, 0], [1, 1, 1, 0, 0, 1, 1, 0, 0, 1, 1, 0, 1, 0, 0, 0, 0, 0, 1, 1], [1, 0, 0, 1, 0, 0, 0, 0, 1, 1, 1, 0, 1, 0, 1, 1, 1, 1, 0, 1], [1, 1, 0, 1, 1, 0, 1, 0, 0, 1, 0, 0, 1, 0, 1, 1, 0, 0, 1, 1]]}, {"input": [[1, 1, 1, 1, 1, 1, 1, 1, 0, 0, 0, 1, 1, 1, 1, 1, 1, 0, 1, 1], [1, 1, 0, 1, 1, 1, 0, 1, 0, 0, 1, 1, 1, 0, 0, 0, 0, 0, 1, 0], [1, 0, 0, 1, 1, 0, 1, 0, 0, 1, 0, 1, 0, 1, 1, 1, 1, 1, 1, 0], [1, 0, 1, 1, 1, 0, 1, 0, 0, 1, 0, 1, 1, 0, 1, 0, 0, 0, 1, 0], [0, 0, 0, 1, 1, 0, 1, 1, 1, 1, 1, 1, 0, 1, 1, 1, 0, 0, 1, 0], [1, 0, 1, 0, 1, 1, 0, 1, 0, 1, 0, 1, 0, 0, 1, 0, 0, 0, 1, 0], [1, 0, 1, 0, 1, 0, 0, 0, 1, 1, 1, 0, 1, 0, 0, 0, 0, 0, 1, 0], [1, 0, 0, 1, 0, 1, 0, 1, 1, 0, 0, 1, 0, 1, 0, 1, 1, 1, 0, 1], [1, 1, 0, 0, 1, 0, 0, 1, 0, 0, 0, 0, 1, 0, 0, 3, 3, 1, 1, 0], [0, 0, 1, 1, 0, 1, 1, 0, 1, 0, 1, 0, 0, 0, 0, 3, 3, 1, 0, 0], [1, 0, 1, 0, 0, 1, 3, 3, 1, 0, 3, 3, 0, 1, 0, 0, 0, 1, 1, 0], [1, 1, 0, 0, 0, 0, 3, 3, 0, 1, 3, 3, 1, 0, 1, 1, 1, 0, 0, 1], [1, 1, 0, 1, 0, 1, 0, 1, 0, 1, 1, 1, 1, 0, 1, 1, 1, 0, 1, 1], [1, 1, 1, 0, 0, 0, 1, 0, 0, 0, 1, 1, 1, 1, 1, 0, 0, 1, 1, 0], [1, 0, 0, 0, 0, 1, 1, 0, 0, 0, 0, 1, 1, 0, 1, 0, 0, 0, 1, 1], [1, 1, 0, 0, 1, 0, 1, 1, 0, 1, 1, 1, 1, 1, 1, 0, 1, 1, 0, 0], [0, 1, 1, 0, 0, 0, 1, 1, 0, 1, 0, 1, 0, 1, 0, 0, 1, 1, 1, 0], [1, 0, 0, 1, 0, 0, 0, 0, 1, 0, 0, 1, 0, 1, 0, 1, 0, 0, 1, 0], [1, 1, 0, 1, 1, 1, 0, 1, 0, 1, 1, 1, 1, 1, 0, 0, 0, 0, 1, 0], [0, 0, 1, 1, 1, 0, 0, 1, 0, 1, 0, 1, 0, 0, 0, 1, 1, 0, 0, 0]], "output": [[1, 1, 1, 1, 1, 1, 1, 1, 0, 0, 0, 1, 1, 1, 1, 1, 1, 0, 1, 1], [1, 1, 0, 1, 1, 1, 0, 1, 0, 0, 1, 1, 1, 0, 0, 0, 0, 0, 1, 0], [1, 0, 0, 1, 1, 0, 1, 0, 0, 1, 0, 1, 0, 1, 1, 1, 1, 1, 1, 0], [1, 0, 1, 1, 1, 0, 1, 0, 0, 1, 0, 1, 1, 0, 1, 0, 0, 0, 1, 0], [0, 0, 0, 1, 1, 0, 1, 1, 1, 1, 1, 1, 0, 1, 1, 1, 0, 0, 1, 0], [1, 0, 1, 0, 1, 1, 0, 1, 0, 1, 0, 1, 0, 0, 1, 0, 0, 0, 1, 0], [1, 0, 1, 0, 1, 0, 0, 0, 1, 1, 1, 0, 1, 0, 0, 0, 0, 0, 1, 0], [1, 0, 0, 1, 0, 1, 0, 1, 1, 0, 0, 1, 0, 1, 0, 1, 1, 1, 0, 1], [1, 1, 0, 0, 1, 0, 0, 1, 0, 0, 0, 0, 1, 0, 0, 4, 4, 1, 1, 0], [0, 0, 1, 1, 0, 1, 1, 0, 1, 0, 1, 0, 0, 0, 0, 4, 4, 1, 0, 0], [1, 0, 1, 0, 0, 1, 4, 4, 1, 0, 4, 4, 0, 1, 0, 0, 0, 1, 1, 0], [1, 1, 0, 0, 0, 0, 4, 4, 0, 1, 4, 4, 1, 0, 1, 1, 1, 0, 0, 1], [1, 1, 0, 1, 0, 1, 0, 1, 0, 1, 1, 1, 1, 0, 1, 1, 1, 0, 1, 1], [1, 1, 1, 0, 0, 0, 1, 0, 0, 0, 1, 1, 1, 1, 1, 0, 0, 1, 1, 0], [1, 0, 0, 0, 0, 1, 1, 0, 0, 0, 0, 1, 1, 0, 1, 0, 0, 0, 1, 1], [1, 1, 0, 0, 1, 0, 1, 1, 0, 1, 1, 1, 1, 1, 1, 0, 1, 1, 0, 0], [0, 1, 1, 0, 0, 0, 1, 1, 0, 1, 0, 1, 0, 1, 0, 0, 1, 1, 1, 0], [1, 0, 0, 1, 0, 0, 0, 0, 1, 0, 0, 1, 0, 1, 0, 1, 0, 0, 1, 0], [1, 1, 0, 1, 1, 1, 0, 1, 0, 1, 1, 1, 1, 1, 0, 0, 0, 0, 1, 0], [0, 0, 1, 1, 1, 0, 0, 1, 0, 1, 0, 1, 0, 0, 0, 1, 1, 0, 0, 0]]}, {"input": [[0, 0, 5, 0, 0, 5, 5, 0, 5, 0, 0, 0, 5, 0, 5, 0, 0, 5, 5, 0], [0, 0, 0, 5, 0, 5, 5, 0, 5, 0, 5, 0, 5, 5, 0, 5, 5, 5, 0, 5], [0, 5, 5, 5, 0, 0, 0, 0, 0, 0, 5, 5, 5, 5, 5, 5, 0, 0, 0, 0], [5, 5, 5, 0, 5, 0, 0, 0, 5, 5, 5, 5, 0, 0, 0, 5, 5, 0, 0, 0], [0, 5, 0, 0, 5, 5, 5, 5, 0, 0, 0, 0, 0, 5, 0, 0, 0, 5, 5, 0], [5, 0, 0, 5, 5, 0, 0, 0, 0, 0, 0, 0, 5, 5, 5, 5, 5, 0, 5, 0], [0, 0, 0, 5, 5, 5, 0, 5, 0, 5, 0, 0, 5, 5, 5, 0, 5, 5, 5, 0], [0, 0, 0, 0, 5, 0, 5, 5, 5, 5, 5, 0, 5, 0, 5, 5, 5, 5, 5, 5], [0, 0, 5, 5, 0, 0, 5, 0, 5, 0, 5, 5, 5, 0, 0, 5, 5, 5, 0, 5], [5, 0, 5, 5, 5, 5, 0, 0, 5, 5, 5, 0, 0, 0, 5, 0, 5, 5, 5, 0], [0, 5, 5, 5, 0, 0, 5, 0, 5, 5, 0, 0, 5, 0, 5, 5, 5, 0, 0, 0], [5, 0, 5, 0, 5, 0, 5, 0, 0, 5, 0, 5, 0, 5, 5, 0, 5, 0, 0, 0], [0, 0, 5, 0, 5, 5, 0, 0, 0, 0, 0, 0, 0, 0, 5, 0, 5, 0, 5, 5], [0, 5, 0, 0, 5, 5, 0, 0, 5, 0, 5, 0, 5, 5, 0, 0, 0, 0, 0, 0], [5, 5, 5, 0, 5, 0, 5, 5, 0, 5, 0, 5, 5, 0, 5, 0, 0, 5, 5, 0], [5, 0, 5, 5, 5, 5, 0, 0, 0, 0, 0, 5, 0, 0, 5, 0, 5, 0, 0, 5], [0, 5, 5, 0, 5, 5, 5, 5, 0, 0, 5, 0, 5, 0, 5, 0, 0, 0, 0, 5], [0, 0, 0, 0, 5, 3, 3, 5, 0, 5, 5, 5, 5, 5, 0, 5, 5, 0, 5, 5], [5, 5, 5, 0, 0, 3, 3, 5, 0, 5, 5, 5, 0, 0, 5, 5, 5, 5, 0, 0], [0, 0, 0, 0, 5, 0, 5, 5, 5, 0, 5, 0, 5, 5, 0, 5, 5, 5, 5, 5]], "output": [[0, 0, 5, 0, 0, 5, 5, 0, 5, 0, 0, 0, 5, 0, 5, 0, 0, 5, 5, 0], [0, 0, 0, 5, 0, 5, 5, 0, 5, 0, 5, 0, 5, 5, 0, 5, 5, 5, 0, 5], [0, 5, 5, 5, 0, 0, 0, 0, 0, 0, 5, 5, 5, 5, 5, 5, 0, 0, 0, 0], [5, 5, 5, 0, 5, 0, 0, 0, 5, 5, 5, 5, 0, 0, 0, 5, 5, 0, 0, 0], [0, 5, 0, 0, 5, 5, 5, 5, 0, 0, 0, 0, 0, 5, 0, 0, 0, 5, 5, 0], [5, 0, 0, 5, 5, 0, 0, 0, 0, 0, 0, 0, 5, 5, 5, 5, 5, 0, 5, 0], [0, 0, 0, 5, 5, 5, 0, 5, 0, 5, 0, 0, 5, 5, 5, 0, 5, 5, 5, 0], [0, 0, 0, 0, 5, 0, 5, 5, 5, 5, 5, 0, 5, 0, 5, 5, 5, 5, 5, 5], [0, 0, 5, 5, 0, 0, 5, 0, 5, 0, 5, 5, 5, 0, 0, 5, 5, 5, 0, 5], [5, 0, 5, 5, 5, 5, 0, 0, 5, 5, 5, 0, 0, 0, 5, 0, 5, 5, 5, 0], [0, 5, 5, 5, 0, 0, 5, 0, 5, 5, 0, 0, 5, 0, 5, 5, 5, 0, 0, 0], [5, 0, 5, 0, 5, 0, 5, 0, 0, 5, 0, 5, 0, 5, 5, 0, 5, 0, 0, 0], [0, 0, 5, 0, 5, 5, 0, 0, 0, 0, 0, 0, 0, 0, 5, 0, 5, 0, 5, 5], [0, 5, 0, 0, 5, 5, 0, 0, 5, 0, 5, 0, 5, 5, 0, 0, 0, 0, 0, 0], [5, 5, 5, 0, 5, 0, 5, 5, 0, 5, 0, 5, 5, 0, 5, 0, 0, 5, 5, 0], [5, 0, 5, 5, 5, 5, 0, 0, 0, 0, 0, 5, 0, 0, 5, 0, 5, 0, 0, 5], [0, 5, 5, 0, 5, 5, 5, 5, 0, 0, 5, 0, 5, 0, 5, 0, 0, 0, 0, 5], [0, 0, 0, 0, 5, 4, 4, 5, 0, 5, 5, 5, 5, 5, 0, 5, 5, 0, 5, 5], [5, 5, 5, 0, 0, 4, 4, 5, 0, 5, 5, 5, 0, 0, 5, 5, 5, 5, 0, 0], [0, 0, 0, 0, 5, 0, 5, 5, 5, 0, 5, 0, 5, 5, 0, 5, 5, 5, 5, 5]]}, {"input": [[0, 0, 8, 8, 8, 0, 8, 0, 8, 8, 8, 8, 8, 0, 0, 0, 8, 8, 0, 0], [0, 8, 8, 0, 8, 0, 0, 0, 0, 8, 8, 0, 0, 0, 8, 8, 0, 8, 0, 0], [0, 8, 0, 0, 8, 0, 8, 8, 8, 8, 8, 0, 8, 8, 0, 0, 0, 8, 0, 8], [0, 0, 8, 8, 0, 8, 0, 8, 0, 8, 8, 0, 8, 8, 8, 8, 8, 8, 8, 0], [0, 8, 8, 8, 0, 8, 8, 0, 0, 8, 0, 8, 8, 8, 0, 8, 8, 0, 8, 0], [0, 8, 8, 8, 0, 0, 0, 0, 0, 8, 8, 8, 8, 0, 8, 0, 0, 0, 8, 0], [0, 0, 8, 0, 8, 0, 0, 8, 0, 8, 8, 0, 8, 8, 0, 8, 8, 0, 0, 0], [0, 0, 0, 8, 0, 8, 8, 0, 8, 8, 0, 8, 0, 0, 0, 0, 0, 8, 0, 0], [0, 0, 0, 0, 8, 0, 0, 8, 8, 0, 0, 8, 8, 8, 0, 0, 0, 8, 0, 0], [0, 8, 8, 8, 8, 8, 0, 0, 8, 8, 8, 0, 8, 8, 8, 8, 8, 0, 0, 8], [8, 0, 8, 8, 8, 8, 8, 0, 8, 0, 8, 0, 8, 0, 0, 0, 0, 0, 8, 0], [0, 8, 8, 8, 0, 8, 0, 8, 0, 0, 8, 8, 8, 0, 0, 8, 0, 8, 8, 8], [0, 8, 0, 8, 8, 0, 0, 0, 0, 8, 8, 8, 0, 0, 8, 8, 0, 0, 0, 8], [0, 8, 0, 8, 0, 8, 0, 0, 0, 0, 0, 0, 0, 8, 0, 8, 8, 0, 0, 0], [8, 8, 0, 8, 8, 8, 8, 0, 0, 8, 0, 8, 8, 0, 0, 8, 0, 8, 0, 0], [8, 0, 0, 8, 0, 8, 8, 8, 0, 0, 8, 8, 8, 8, 8, 8, 0, 8, 0, 0], [0, 0, 3, 3, 8, 8, 0, 0, 8, 8, 8, 0, 0, 0, 8, 0, 8, 0, 8, 8], [8, 8, 3, 3, 8, 8, 8, 8, 8, 0, 8, 8, 0, 0, 0, 0, 8, 8, 8, 0], [8, 0, 8, 0, 0, 8, 0, 0, 8, 0, 0, 8, 8, 0, 0, 0, 0, 8, 8, 8], [8, 0, 0, 8, 0, 8, 0, 8, 8, 0, 0, 8, 0, 8, 0, 8, 0, 0, 8, 0]], "output": [[0, 0, 8, 8, 8, 0, 8, 0, 8, 8, 8, 8, 8, 0, 0, 0, 8, 8, 0, 0], [0, 8, 8, 0, 8, 0, 0, 0, 0, 8, 8, 0, 0, 0, 8, 8, 0, 8, 0, 0], [0, 8, 0, 0, 8, 0, 8, 8, 8, 8, 8, 0, 8, 8, 0, 0, 0, 8, 0, 8], [0, 0, 8, 8, 0, 8, 0, 8, 0, 8, 8, 0, 8, 8, 8, 8, 8, 8, 8, 0], [0, 8, 8, 8, 0, 8, 8, 0, 0, 8, 0, 8, 8, 8, 0, 8, 8, 0, 8, 0], [0, 8, 8, 8, 0, 0, 0, 0, 0, 8, 8, 8, 8, 0, 8, 0, 0, 0, 8, 0], [0, 0, 8, 0, 8, 0, 0, 8, 0, 8, 8, 0, 8, 8, 0, 8, 8, 0, 0, 0], [0, 0, 0, 8, 0, 8, 8, 0, 8, 8, 0, 8, 0, 0, 0, 0, 0, 8, 0, 0], [0, 0, 0, 0, 8, 0, 0, 8, 8, 0, 0, 8, 8, 8, 0, 0, 0, 8, 0, 0], [0, 8, 8, 8, 8, 8, 0, 0, 8, 8, 8, 0, 8, 8, 8, 8, 8, 0, 0, 8], [8, 0, 8, 8, 8, 8, 8, 0, 8, 0, 8, 0, 8, 0, 0, 0, 0, 0, 8, 0], [0, 8, 8, 8, 0, 8, 0, 8, 0, 0, 8, 8, 8, 0, 0, 8, 0, 8, 8, 8], [0, 8, 0, 8, 8, 0, 0, 0, 0, 8, 8, 8, 0, 0, 8, 8, 0, 0, 0, 8], [0, 8, 0, 8, 0, 8, 0, 0, 0, 0, 0, 0, 0, 8, 0, 8, 8, 0, 0, 0], [8, 8, 0, 8, 8, 8, 8, 0, 0, 8, 0, 8, 8, 0, 0, 8, 0, 8, 0, 0], [8, 0, 0, 8, 0, 8, 8, 8, 0, 0, 8, 8, 8, 8, 8, 8, 0, 8, 0, 0], [0, 0, 4, 4, 8, 8, 0, 0, 8, 8, 8, 0, 0, 0, 8, 0, 8, 0, 8, 8], [8, 8, 4, 4, 8, 8, 8, 8, 8, 0, 8, 8, 0, 0, 0, 0, 8, 8, 8, 0], [8, 0, 8, 0, 0, 8, 0, 0, 8, 0, 0, 8, 8, 0, 0, 0, 0, 8, 8, 8], [8, 0, 0, 8, 0, 8, 0, 8, 8, 0, 0, 8, 0, 8, 0, 8, 0, 0, 8, 0]]}, {"input": [[6, 6, 0, 0, 6, 0, 0, 0, 6, 6, 6, 6, 0, 0, 0, 6, 6, 6, 3, 3], [0, 0, 0, 6, 0, 0, 0, 0, 0, 6, 6, 0, 0, 6, 6, 0, 0, 6, 3, 3], [6, 6, 0, 6, 0, 6, 0, 0, 0, 0, 0, 0, 6, 0, 0, 6, 6, 0, 0, 6], [0, 6, 0, 0, 0, 0, 6, 6, 6, 0, 0, 6, 6, 6, 6, 6, 6, 6, 6, 6], [0, 6, 6, 6, 0, 0, 0, 6, 0, 0, 6, 0, 0, 0, 0, 6, 6, 6, 0, 0], [0, 6, 6, 0, 6, 6, 6, 6, 6, 6, 0, 0, 0, 6, 0, 0, 6, 6, 0, 6], [6, 6, 6, 6, 0, 6, 0, 6, 6, 6, 0, 6, 6, 6, 6, 6, 6, 0, 6, 6], [6, 6, 0, 6, 6, 6, 0, 0, 0, 6, 6, 0, 0, 6, 6, 6, 6, 6, 6, 0], [0, 0, 0, 0, 6, 6, 0, 6, 6, 6, 0, 3, 3, 6, 6, 0, 0, 0, 6, 6], [0, 0, 0, 0, 0, 0, 0, 6, 0, 0, 6, 3, 3, 0, 0, 0, 0, 6, 0, 6], [6, 0, 6, 6, 6, 0, 6, 6, 0, 6, 6, 0, 6, 0, 0, 0, 0, 0, 0, 6], [6, 6, 6, 0, 6, 6, 6, 6, 6, 6, 6, 6, 0, 0, 6, 6, 0, 6, 0, 6], [6, 0, 0, 0, 0, 6, 6, 0, 0, 6, 6, 6, 0, 0, 6, 6, 6, 0, 0, 0], [0, 6, 6, 0, 0, 0, 0, 0, 6, 0, 0, 0, 0, 6, 0, 0, 6, 6, 0, 0], [0, 0, 6, 6, 6, 0, 6, 0, 6, 0, 6, 0, 0, 0, 0, 0, 6, 0, 6, 0], [6, 6, 6, 6, 0, 6, 0, 6, 0, 6, 0, 0, 6, 6, 0, 0, 6, 0, 0, 6], [0, 0, 6, 6, 6, 0, 6, 6, 6, 6, 6, 0, 6, 0, 6, 0, 6, 0, 0, 6], [0, 0, 6, 0, 0, 6, 0, 0, 6, 6, 6, 0, 0, 0, 6, 6, 0, 0, 3, 3], [6, 6, 6, 6, 6, 6, 6, 6, 6, 6, 6, 6, 0, 0, 0, 6, 6, 0, 3, 3], [6, 0, 6, 6, 0, 0, 0, 0, 0, 6, 0, 0, 6, 6, 6, 0, 0, 6, 6, 0]], "output": [[6, 6, 0, 0, 6, 0, 0, 0, 6, 6, 6, 6, 0, 0, 0, 6, 6, 6, 4, 4], [0, 0, 0, 6, 0, 0, 0, 0, 0, 6, 6, 0, 0, 6, 6, 0, 0, 6, 4, 4], [6, 6, 0, 6, 0, 6, 0, 0, 0, 0, 0, 0, 6, 0, 0, 6, 6, 0, 0, 6], [0, 6, 0, 0, 0, 0, 6, 6, 6, 0, 0, 6, 6, 6, 6, 6, 6, 6, 6, 6], [0, 6, 6, 6, 0, 0, 0, 6, 0, 0, 6, 0, 0, 0, 0, 6, 6, 6, 0, 0], [0, 6, 6, 0, 6, 6, 6, 6, 6, 6, 0, 0, 0, 6, 0, 0, 6, 6, 0, 6], [6, 6, 6, 6, 0, 6, 0, 6, 6, 6, 0, 6, 6, 6, 6, 6, 6, 0, 6, 6], [6, 6, 0, 6, 6, 6, 0, 0, 0, 6, 6, 0, 0, 6, 6, 6, 6, 6, 6, 0], [0, 0, 0, 0, 6, 6, 0, 6, 6, 6, 0, 4, 4, 6, 6, 0, 0, 0, 6, 6], [0, 0, 0, 0, 0, 0, 0, 6, 0, 0, 6, 4, 4, 0, 0, 0, 0, 6, 0, 6], [6, 0, 6, 6, 6, 0, 6, 6, 0, 6, 6, 0, 6, 0, 0, 0, 0, 0, 0, 6], [6, 6, 6, 0, 6, 6, 6, 6, 6, 6, 6, 6, 0, 0, 6, 6, 0, 6, 0, 6], [6, 0, 0, 0, 0, 6, 6, 0, 0, 6, 6, 6, 0, 0, 6, 6, 6, 0, 0, 0], [0, 6, 6, 0, 0, 0, 0, 0, 6, 0, 0, 0, 0, 6, 0, 0, 6, 6, 0, 0], [0, 0, 6, 6, 6, 0, 6, 0, 6, 0, 6, 0, 0, 0, 0, 0, 6, 0, 6, 0], [6, 6, 6, 6, 0, 6, 0, 6, 0, 6, 0, 0, 6, 6, 0, 0, 6, 0, 0, 6], [0, 0, 6, 6, 6, 0, 6, 6, 6, 6, 6, 0, 6, 0, 6, 0, 6, 0, 0, 6], [0, 0, 6, 0, 0, 6, 0, 0, 6, 6, 6, 0, 0, 0, 6, 6, 0, 0, 4, 4], [6, 6, 6, 6, 6, 6, 6, 6, 6, 6, 6, 6, 0, 0, 0, 6, 6, 0, 4, 4], [6, 0, 6, 6, 0, 0, 0, 0, 0, 6, 0, 0, 6, 6, 6, 0, 0, 6, 6, 0]]}, {"input": [[0, 0, 3, 0, 3, 3, 3, 0, 3, 3, 3, 0, 0, 3, 0, 3, 0, 3, 0, 0], [0, 3, 3, 3, 0, 3, 3, 0, 3, 0, 3, 3, 0, 0, 3, 0, 3, 3, 3, 0], [3, 3, 3, 3, 0, 3, 3, 0, 0, 3, 3, 3, 0, 3, 0, 0, 3, 3, 3, 3], [3, 3, 0, 3, 0, 3, 3, 3, 3, 0, 0, 0, 3, 0, 0, 3, 3, 3, 0, 3], [0, 3, 0, 0, 3, 3, 3, 0, 0, 0, 3, 0, 0, 3, 3, 0, 3, 0, 3, 3], [0, 3, 3, 3, 3, 0, 3, 3, 3, 0, 3, 3, 0, 3, 3, 3, 3, 0, 3, 0], [0, 3, 0, 0, 0, 3, 0, 3, 3, 0, 0, 0, 0, 3, 3, 3, 0, 0, 3, 3], [3, 0, 0, 3, 3, 0, 3, 3, 3, 0, 0, 3, 3, 0, 0, 3, 0, 0, 0, 3], [3, 0, 0, 0, 0, 0, 0, 0, 0, 0, 3, 0, 3, 0, 3, 0, 0, 0, 0, 3], [3, 3, 3, 3, 0, 3, 0, 0, 3, 3, 0, 3, 3, 0, 3, 0, 3, 0, 3, 0], [0, 0, 3, 0, 3, 0, 0, 0, 0, 3, 0, 0, 0, 3, 3, 3, 0, 3, 3, 0], [0, 0, 3, 0, 0, 3, 3, 0, 3, 3, 3, 3, 0, 3, 3, 3, 3, 0, 0, 3], [0, 0, 3, 3, 3, 0, 3, 3, 3, 3, 3, 3, 0, 3, 3, 0, 3, 0, 3, 3], [0, 0, 0, 0, 3, 0, 0, 0, 3, 3, 0, 0, 0, 0, 0, 3, 3, 3, 3, 0], [0, 0, 3, 3, 0, 3, 0, 3, 0, 0, 3, 3, 3, 0, 3, 0, 0, 3, 3, 0], [3, 0, 3, 3, 0, 0, 3, 0, 3, 3, 3, 3, 3, 0, 3, 0, 0, 3, 3, 3], [0, 0, 3, 0, 3, 3, 0, 3, 3, 3, 3, 0, 0, 0, 3, 0, 0, 3, 3, 0], [0, 3, 3, 0, 0, 3, 0, 3, 0, 0, 3, 0, 3, 3, 3, 3, 0, 3, 3, 3], [3, 3, 3, 3, 3, 0, 0, 0, 0, 0, 0, 3, 3, 0, 3, 0, 3, 3, 3, 0], [3, 0, 3, 3, 3, 3, 0, 0, 3, 0, 0, 0, 0, 3, 0, 0, 0, 0, 0, 0]], "output": [[0, 0, 3, 0, 3, 4, 4, 0, 3, 3, 3, 0, 0, 3, 0, 3, 0, 3, 0, 0], [0, 4, 4, 4, 0, 4, 4, 0, 3, 0, 4, 4, 0, 0, 3, 0, 4, 4, 4, 0], [4, 4, 4, 4, 0, 4, 4, 0, 0, 3, 4, 4, 0, 3, 0, 0, 4, 4, 4, 3], [4, 4, 0, 3, 0, 4, 4, 3, 3, 0, 0, 0, 3, 0, 0, 3, 4, 4, 0, 3], [0, 3, 0, 0, 3, 4, 4, 0, 0, 0, 3, 0, 0, 4, 4, 0, 3, 0, 3, 3], [0, 3, 3, 3, 3, 0, 3, 4, 4, 0, 3, 3, 0, 4, 4, 4, 3, 0, 3, 0], [0, 3, 0, 0, 0, 3, 0, 4, 4, 0, 0, 0, 0, 4, 4, 4, 0, 0, 3, 3], [3, 0, 0, 3, 3, 0, 3, 4, 4, 0, 0, 3, 3, 0, 0, 3, 0, 0, 0, 3], [3, 0, 0, 0, 0, 0, 0, 0, 0, 0, 3, 0, 3, 0, 3, 0, 0, 0, 0, 3], [3, 3, 3, 3, 0, 3, 0, 0, 3, 3, 0, 3, 3, 0, 3, 0, 3, 0, 3, 0], [0, 0, 3, 0, 3, 0, 0, 0, 0, 3, 0, 0, 0, 4, 4, 4, 0, 3, 3, 0], [0, 0, 3, 0, 0, 3, 3, 0, 4, 4, 4, 4, 0, 4, 4, 4, 3, 0, 0, 3], [0, 0, 3, 3, 3, 0, 3, 3, 4, 4, 4, 4, 0, 4, 4, 0, 3, 0, 3, 3], [0, 0, 0, 0, 3, 0, 0, 0, 4, 4, 0, 0, 0, 0, 0, 3, 3, 4, 4, 0], [0, 0, 4, 4, 0, 3, 0, 3, 0, 0, 4, 4, 4, 0, 3, 0, 0, 4, 4, 0], [3, 0, 4, 4, 0, 0, 3, 0, 4, 4, 4, 4, 4, 0, 3, 0, 0, 4, 4, 3], [0, 0, 3, 0, 3, 3, 0, 3, 4, 4, 4, 0, 0, 0, 3, 0, 0, 4, 4, 0], [0, 4, 4, 0, 0, 3, 0, 3, 0, 0, 3, 0, 3, 3, 3, 3, 0, 4, 4, 3], [3, 4, 4, 4, 4, 0, 0, 0, 0, 0, 0, 3, 3, 0, 3, 0, 3, 4, 4, 0], [3, 0, 4, 4, 4, 3, 0, 0, 3, 0, 0, 0, 0, 3, 0, 0, 0, 0, 0, 0]]}, {"input": [[3, 3, 0, 0, 9, 9, 0, 9, 0, 9, 0, 9, 0, 0, 9, 9, 0, 0, 9, 0], [3, 3, 0, 0, 9, 9, 0, 0, 9, 9, 9, 0, 9, 9, 9, 0, 0, 9, 0, 0], [9, 9, 0, 9, 0, 9, 0, 9, 9, 0, 0, 9, 0, 0, 9, 9, 0, 0, 0, 0], [0, 0, 0, 0, 9, 0, 9, 0, 0, 9, 0, 0, 0, 0, 9, 9, 9, 0, 9, 0], [0, 9, 9, 0, 9, 0, 9, 0, 0, 0, 0, 0, 9, 9, 0, 9, 0, 0, 0, 0], [0, 9, 9, 9, 0, 0, 0, 9, 9, 9, 9, 9, 0, 0, 9, 0, 9, 9, 0, 9], [0, 0, 0, 0, 9, 9, 0, 0, 0, 0, 9, 9, 0, 9, 0, 0, 0, 9, 0, 0], [9, 9, 9, 0, 9, 0, 9, 9, 9, 0, 0, 9, 9, 9, 0, 0, 9, 9, 9, 9], [9, 9, 0, 0, 0, 0, 0, 9, 9, 9, 0, 9, 9, 0, 9, 9, 0, 9, 0, 0], [0, 9, 9, 0, 9, 0, 0, 9, 0, 9, 0, 0, 9, 0, 0, 0, 9, 0, 9, 0], [9, 9, 0, 9, 9, 0, 9, 0, 9, 9, 0, 0, 9, 9, 9, 0, 9, 0, 9, 0], [9, 0, 9, 0, 9, 0, 9, 0, 9, 0, 0, 9, 9, 0, 0, 9, 0, 3, 3, 0], [0, 9, 9, 0, 9, 9, 0, 9, 9, 9, 0, 0, 9, 9, 9, 9, 0, 3, 3, 0], [0, 9, 9, 9, 0, 0, 0, 0, 0, 0, 9, 9, 0, 9, 0, 9, 9, 9, 3, 3], [9, 0, 9, 9, 9, 0, 9, 0, 9, 0, 9, 9, 9, 0, 0, 9, 9, 0, 3, 3], [0, 0, 0, 0, 0, 0, 9, 0, 9, 9, 9, 0, 9, 0, 9, 9, 0, 0, 9, 9], [9, 9, 9, 9, 0, 0, 0, 9, 9, 0, 9, 0, 9, 9, 9, 0, 0, 9, 9, 9], [9, 9, 0, 9, 0, 0, 9, 9, 0, 9, 0, 0, 0, 0, 0, 0, 9, 9, 9, 9], [0, 9, 9, 9, 0, 0, 0, 0, 0, 9, 9, 9, 9, 9, 9, 9, 9, 9, 9, 9], [0, 9, 9, 9, 9, 9, 9, 0, 9, 9, 9, 0, 0, 9, 0, 9, 9, 0, 9, 0]], "output": [[4, 4, 0, 0, 9, 9, 0, 9, 0, 9, 0, 9, 0, 0, 9, 9, 0, 0, 9, 0], [4, 4, 0, 0, 9, 9, 0, 0, 9, 9, 9, 0, 9, 9, 9, 0, 0, 9, 0, 0], [9, 9, 0, 9, 0, 9, 0, 9, 9, 0, 0, 9, 0, 0, 9, 9, 0, 0, 0, 0], [0, 0, 0, 0, 9, 0, 9, 0, 0, 9, 0, 0, 0, 0, 9, 9, 9, 0, 9, 0], [0, 9, 9, 0, 9, 0, 9, 0, 0, 0, 0, 0, 9, 9, 0, 9, 0, 0, 0, 0], [0, 9, 9, 9, 0, 0, 0, 9, 9, 9, 9, 9, 0, 0, 9, 0, 9, 9, 0, 9], [0, 0, 0, 0, 9, 9, 0, 0, 0, 0, 9, 9, 0, 9, 0, 0, 0, 9, 0, 0], [9, 9, 9, 0, 9, 0, 9, 9, 9, 0, 0, 9, 9, 9, 0, 0, 9, 9, 9, 9], [9, 9, 0, 0, 0, 0, 0, 9, 9, 9, 0, 9, 9, 0, 9, 9, 0, 9, 0, 0], [0, 9, 9, 0, 9, 0, 0, 9, 0, 9, 0, 0, 9, 0, 0, 0, 9, 0, 9, 0], [9, 9, 0, 9, 9, 0, 9, 0, 9, 9, 0, 0, 9, 9, 9, 0, 9, 0, 9, 0], [9, 0, 9, 0, 9, 0, 9, 0, 9, 0, 0, 9, 9, 0, 0, 9, 0, 4, 4, 0], [0, 9, 9, 0, 9, 9, 0, 9, 9, 9, 0, 0, 9, 9, 9, 9, 0, 4, 4, 0], [0, 9, 9, 9, 0, 0, 0, 0, 0, 0, 9, 9, 0, 9, 0, 9, 9, 9, 4, 4], [9, 0, 9, 9, 9, 0, 9, 0, 9, 0, 9, 9, 9, 0, 0, 9, 9, 0, 4, 4], [0, 0, 0, 0, 0, 0, 9, 0, 9, 9, 9, 0, 9, 0, 9, 9, 0, 0, 9, 9], [9, 9, 9, 9, 0, 0, 0, 9, 9, 0, 9, 0, 9, 9, 9, 0, 0, 9, 9, 9], [9, 9, 0, 9, 0, 0, 9, 9, 0, 9, 0, 0, 0, 0, 0, 0, 9, 9, 9, 9], [0, 9, 9, 9, 0, 0, 0, 0, 0, 9, 9, 9, 9, 9, 9, 9, 9, 9, 9, 9], [0, 9, 9, 9, 9, 9, 9, 0, 9, 9, 9, 0, 0, 9, 0, 9, 9, 0, 9, 0]]}, {"input": [[6, 6, 6, 0, 6, 6, 0, 0, 6, 0, 6, 6, 0, 6, 0, 0, 6, 6, 0, 6], [0, 0, 0, 0, 6, 6, 0, 0, 6, 6, 0, 0, 6, 6, 0, 0, 6, 0, 6, 0], [6, 6, 6, 6, 0, 0, 0, 6, 0, 6, 0, 0, 0, 6, 0, 0, 0, 0, 6, 0], [6, 0, 6, 6, 0, 0, 0, 6, 0, 6, 0, 6, 0, 6, 0, 6, 6, 6, 0, 6], [6, 6, 0, 0, 0, 6, 0, 0, 0, 6, 0, 6, 6, 0, 3, 3, 0, 6, 6, 6], [0, 6, 0, 6, 0, 6, 6, 6, 0, 0, 0, 6, 0, 6, 3, 3, 0, 0, 0, 6], [6, 6, 6, 0, 6, 6, 0, 0, 6, 6, 6, 6, 0, 6, 6, 0, 6, 0, 6, 6], [6, 6, 6, 0, 0, 0, 6, 0, 0, 0, 6, 6, 0, 6, 6, 0, 6, 0, 0, 6], [0, 0, 0, 6, 0, 6, 0, 6, 6, 0, 0, 0, 6, 6, 6, 0, 6, 0, 0, 0], [0, 0, 6, 0, 0, 0, 0, 0, 6, 6, 6, 6, 6, 6, 0, 6, 0, 0, 6, 0], [6, 0, 6, 0, 6, 6, 6, 6, 0, 6, 0, 0, 6, 0, 0, 6, 6, 0, 0, 0], [0, 6, 6, 6, 6, 6, 6, 6, 6, 6, 0, 6, 0, 0, 6, 0, 6, 6, 6, 6], [0, 6, 6, 6, 6, 6, 0, 0, 6, 0, 6, 6, 0, 0, 6, 0, 0, 0, 6, 6], [0, 0, 6, 6, 0, 6, 6, 0, 0, 6, 0, 6, 6, 0, 6, 6, 0, 0, 6, 0], [0, 0, 0, 0, 6, 6, 0, 6, 0, 6, 0, 6, 0, 0, 6, 6, 0, 0, 6, 6], [0, 0, 0, 6, 6, 6, 6, 0, 0, 0, 3, 3, 6, 6, 6, 0, 6, 6, 0, 0], [6, 0, 6, 0, 0, 0, 6, 6, 6, 6, 3, 3, 0, 0, 0, 0, 0, 6, 0, 0], [6, 0, 0, 6, 0, 6, 6, 6, 6, 6, 6, 0, 0, 0, 6, 0, 0, 6, 6, 6], [0, 0, 0, 0, 6, 6, 0, 6, 0, 6, 6, 6, 6, 6, 6, 0, 6, 6, 0, 0], [6, 0, 0, 0, 0, 0, 6, 6, 0, 0, 6, 0, 6, 0, 6, 6, 6, 6, 0, 0]], "output": [[6, 6, 6, 0, 6, 6, 0, 0, 6, 0, 6, 6, 0, 6, 0, 0, 6, 6, 0, 6], [0, 0, 0, 0, 6, 6, 0, 0, 6, 6, 0, 0, 6, 6, 0, 0, 6, 0, 6, 0], [6, 6, 6, 6, 0, 0, 0, 6, 0, 6, 0, 0, 0, 6, 0, 0, 0, 0, 6, 0], [6, 0, 6, 6, 0, 0, 0, 6, 0, 6, 0, 6, 0, 6, 0, 6, 6, 6, 0, 6], [6, 6, 0, 0, 0, 6, 0, 0, 0, 6, 0, 6, 6, 0, 4, 4, 0, 6, 6, 6], [0, 6, 0, 6, 0, 6, 6, 6, 0, 0, 0, 6, 0, 6, 4, 4, 0, 0, 0, 6], [6, 6, 6, 0, 6, 6, 0, 0, 6, 6, 6, 6, 0, 6, 6, 0, 6, 0, 6, 6], [6, 6, 6, 0, 0, 0, 6, 0, 0, 0, 6, 6, 0, 6, 6, 0, 6, 0, 0, 6], [0, 0, 0, 6, 0, 6, 0, 6, 6, 0, 0, 0, 6, 6, 6, 0, 6, 0, 0, 0], [0, 0, 6, 0, 0, 0, 0, 0, 6, 6, 6, 6, 6, 6, 0, 6, 0, 0, 6, 0], [6, 0, 6, 0, 6, 6, 6, 6, 0, 6, 0, 0, 6, 0, 0, 6, 6, 0, 0, 0], [0, 6, 6, 6, 6, 6, 6, 6, 6, 6, 0, 6, 0, 0, 6, 0, 6, 6, 6, 6], [0, 6, 6, 6, 6, 6, 0, 0, 6, 0, 6, 6, 0, 0, 6, 0, 0, 0, 6, 6], [0, 0, 6, 6, 0, 6, 6, 0, 0, 6, 0, 6, 6, 0, 6, 6, 0, 0, 6, 0], [0, 0, 0, 0, 6, 6, 0, 6, 0, 6, 0, 6, 0, 0, 6, 6, 0, 0, 6, 6], [0, 0, 0, 6, 6, 6, 6, 0, 0, 0, 4, 4, 6, 6, 6, 0, 6, 6, 0, 0], [6, 0, 6, 0, 0, 0, 6, 6, 6, 6, 4, 4, 0, 0, 0, 0, 0, 6, 0, 0], [6, 0, 0, 6, 0, 6, 6, 6, 6, 6, 6, 0, 0, 0, 6, 0, 0, 6, 6, 6], [0, 0, 0, 0, 6, 6, 0, 6, 0, 6, 6, 6, 6, 6, 6, 0, 6, 6, 0, 0], [6, 0, 0, 0, 0, 0, 6, 6, 0, 0, 6, 0, 6, 0, 6, 6, 6, 6, 0, 0]]}, {"input": [[0, 5, 5, 5, 5, 0, 5, 5, 0, 5, 0, 0, 5, 0, 5, 0, 5, 0, 0, 0], [5, 0, 0, 0, 0, 0, 5, 5, 5, 5, 0, 5, 0, 5, 0, 5, 5, 5, 0, 0], [5, 5, 5, 5, 0, 0, 0, 5, 5, 5, 5, 5, 5, 5, 5, 0, 0, 5, 5, 0], [5, 5, 0, 0, 5, 0, 0, 5, 0, 5, 5, 5, 0, 5, 5, 0, 5, 5, 0, 5], [5, 5, 5, 5, 5, 5, 0, 5, 0, 0, 0, 5, 0, 5, 0, 0, 5, 0, 5, 5], [0, 0, 5, 5, 5, 0, 5, 5, 0, 5, 0, 5, 5, 5, 5, 0, 0, 5, 5, 0], [5, 0, 0, 0, 0, 0, 0, 0, 5, 5, 5, 0, 5, 5, 0, 0, 0, 0, 0, 5], [0, 0, 0, 0, 0, 5, 0, 5, 5, 0, 5, 0, 0, 0, 0, 5, 5, 0, 5, 5], [5, 5, 5, 0, 5, 0, 0, 5, 0, 0, 5, 5, 0, 5, 0, 0, 5, 5, 5, 0], [0, 0, 5, 5, 5, 5, 5, 0, 5, 5, 0, 0, 5, 3, 3, 0, 5, 0, 0, 0], [5, 5, 5, 5, 5, 0, 0, 0, 0, 0, 0, 5, 0, 3, 3, 0, 5, 5, 5, 0], [0, 5, 5, 0, 5, 0, 5, 5, 5, 0, 0, 0, 5, 5, 0, 0, 5, 5, 0, 5], [5, 5, 5, 5, 0, 0, 0, 0, 5, 0, 5, 5, 0, 5, 5, 0, 0, 5, 0, 5], [5, 0, 5, 0, 5, 5, 5, 0, 5, 0, 0, 0, 0, 0, 5, 0, 0, 0, 5, 5], [5, 0, 0, 0, 5, 3, 3, 5, 5, 0, 0, 0, 0, 5, 0, 0, 5, 0, 0, 5], [0, 5, 0, 0, 5, 3, 3, 0, 5, 0, 5, 5, 5, 5, 5, 5, 5, 0, 0, 0], [0, 0, 0, 5, 0, 0, 5, 5, 0, 5, 0, 0, 5, 5, 0, 0, 0, 5, 5, 5], [5, 5, 5, 0, 0, 0, 0, 0, 0, 5, 0, 5, 5, 5, 0, 5, 0, 5, 5, 5], [5, 5, 0, 5, 5, 0, 0, 0, 5, 0, 5, 5, 0, 0, 0, 5, 5, 0, 0, 5], [5, 0, 5, 0, 0, 0, 0, 5, 0, 0, 0, 0, 5, 0, 5, 0, 5, 0, 5, 5]], "output": [[0, 5, 5, 5, 5, 0, 5, 5, 0, 5, 0, 0, 5, 0, 5, 0, 5, 0, 0, 0], [5, 0, 0, 0, 0, 0, 5, 5, 5, 5, 0, 5, 0, 5, 0, 5, 5, 5, 0, 0], [5, 5, 5, 5, 0, 0, 0, 5, 5, 5, 5, 5, 5, 5, 5, 0, 0, 5, 5, 0], [5, 5, 0, 0, 5, 0, 0, 5, 0, 5, 5, 5, 0, 5, 5, 0, 5, 5, 0, 5], [5, 5, 5, 5, 5, 5, 0, 5, 0, 0, 0, 5, 0, 5, 0, 0, 5, 0, 5, 5], [0, 0, 5, 5, 5, 0, 5, 5, 0, 5, 0, 5, 5, 5, 5, 0, 0, 5, 5, 0], [5, 0, 0, 0, 0, 0, 0, 0, 5, 5, 5, 0, 5, 5, 0, 0, 0, 0, 0, 5], [0, 0, 0, 0, 0, 5, 0, 5, 5, 0, 5, 0, 0, 0, 0, 5, 5, 0, 5, 5], [5, 5, 5, 0, 5, 0, 0, 5, 0, 0, 5, 5, 0, 5, 0, 0, 5, 5, 5, 0], [0, 0, 5, 5, 5, 5, 5, 0, 5, 5, 0, 0, 5, 4, 4, 0, 5, 0, 0, 0], [5, 5, 5, 5, 5, 0, 0, 0, 0, 0, 0, 5, 0, 4, 4, 0, 5, 5, 5, 0], [0, 5, 5, 0, 5, 0, 5, 5, 5, 0, 0, 0, 5, 5, 0, 0, 5, 5, 0, 5], [5, 5, 5, 5, 0, 0, 0, 0, 5, 0, 5, 5, 0, 5, 5, 0, 0, 5, 0, 5], [5, 0, 5, 0, 5, 5, 5, 0, 5, 0, 0, 0, 0, 0, 5, 0, 0, 0, 5, 5], [5, 0, 0, 0, 5, 4, 4, 5, 5, 0, 0, 0, 0, 5, 0, 0, 5, 0, 0, 5], [0, 5, 0, 0, 5, 4, 4, 0, 5, 0, 5, 5, 5, 5, 5, 5, 5, 0, 0, 0], [0, 0, 0, 5, 0, 0, 5, 5, 0, 5, 0, 0, 5, 5, 0, 0, 0, 5, 5, 5], [5, 5, 5, 0, 0, 0, 0, 0, 0, 5, 0, 5, 5, 5, 0, 5, 0, 5, 5, 5], [5, 5, 0, 5, 5, 0, 0, 0, 5, 0, 5, 5, 0, 0, 0, 5, 5, 0, 0, 5], [5, 0, 5, 0, 0, 0, 0, 5, 0, 0, 0, 0, 5, 0, 5, 0, 5, 0, 5, 5]]}, {"input": [[3, 0, 3, 0, 3, 0, 0, 0, 3, 0, 3, 3, 3, 3, 3, 0, 0, 3, 3, 0], [3, 0, 0, 3, 0, 3, 0, 0, 0, 0, 3, 0, 3, 0, 0, 3, 0, 0, 3, 0], [0, 0, 0, 3, 3, 3, 0, 3, 0, 3, 3, 0, 3, 0, 3, 3, 0, 0, 0, 0], [0, 0, 3, 0, 3, 3, 0, 0, 3, 0, 0, 0, 3, 0, 3, 0, 3, 3, 0, 0], [3, 0, 3, 0, 3, 0, 0, 3, 0, 0, 0, 0, 3, 3, 0, 3, 0, 3, 3, 3], [3, 3, 3, 3, 0, 3, 0, 3, 3, 0, 3, 0, 0, 0, 0, 0, 0, 0, 0, 3], [0, 3, 0, 3, 0, 0, 3, 0, 3, 0, 0, 3, 3, 3, 3, 3, 0, 3, 0, 3], [3, 3, 3, 3, 3, 0, 0, 3, 0, 0, 3, 0, 3, 3, 3, 3, 0, 0, 3, 0], [3, 3, 3, 3, 3, 3, 0, 0, 0, 3, 0, 3, 0, 3, 3, 0, 0, 0, 0, 0], [0, 3, 3, 0, 3, 0, 0, 3, 3, 3, 3, 0, 3, 0, 3, 0, 3, 0, 0, 0], [3, 3, 3, 3, 3, 3, 0, 3, 0, 0, 0, 0, 3, 3, 3, 0, 0, 3, 3, 3], [0, 3, 3, 0, 0, 0, 3, 0, 3, 0, 3, 3, 3, 3, 3, 3, 3, 3, 0, 0], [3, 3, 3, 0, 0, 0, 3, 3, 3, 0, 3, 3, 0, 0, 0, 0, 3, 3, 3, 3], [0, 0, 3, 0, 3, 0, 3, 3, 3, 3, 3, 3, 3, 0, 3, 0, 3, 0, 0, 3], [0, 0, 0, 0, 3, 3, 0, 3, 3, 3, 3, 3, 3, 0, 3, 3, 3, 0, 3, 0], [3, 3, 3, 0, 3, 3, 0, 3, 3, 0, 3, 3, 3, 0, 3, 3, 3, 3, 0, 0], [3, 0, 3, 3, 0, 3, 3, 0, 3, 0, 0, 0, 0, 0, 3, 3, 3, 0, 3, 0], [3, 3, 3, 3, 3, 0, 3, 3, 0, 0, 0, 3, 3, 0, 0, 0, 0, 0, 3, 0], [3, 0, 0, 3, 3, 0, 3, 0, 0, 3, 3, 0, 3, 0, 3, 0, 3, 3, 3, 0], [0, 0, 0, 0, 0, 3, 3, 3, 0, 3, 3, 0, 0, 0, 0, 3, 3, 3, 3, 0]], "output": [[3, 0, 3, 0, 3, 0, 0, 0, 3, 0, 3, 3, 3, 3, 3, 0, 0, 3, 3, 0], [3, 0, 0, 3, 0, 3, 0, 0, 0, 0, 3, 0, 3, 0, 0, 3, 0, 0, 3, 0], [0, 0, 0, 3, 4, 4, 0, 3, 0, 3, 3, 0, 3, 0, 3, 3, 0, 0, 0, 0], [0, 0, 3, 0, 4, 4, 0, 0, 3, 0, 0, 0, 3, 0, 3, 0, 3, 3, 0, 0], [3, 0, 3, 0, 3, 0, 0, 3, 0, 0, 0, 0, 3, 3, 0, 3, 0, 3, 3, 3], [3, 3, 3, 3, 0, 3, 0, 3, 3, 0, 3, 0, 0, 0, 0, 0, 0, 0, 0, 3], [0, 3, 0, 3, 0, 0, 3, 0, 3, 0, 0, 3, 4, 4, 4, 4, 0, 3, 0, 3], [4, 4, 4, 4, 4, 0, 0, 3, 0, 0, 3, 0, 4, 4, 4, 4, 0, 0, 3, 0], [4, 4, 4, 4, 4, 3, 0, 0, 0, 3, 0, 3, 0, 4, 4, 0, 0, 0, 0, 0], [0, 4, 4, 0, 3, 0, 0, 3, 3, 3, 3, 0, 3, 0, 3, 0, 3, 0, 0, 0], [3, 4, 4, 3, 3, 3, 0, 3, 0, 0, 0, 0, 4, 4, 4, 0, 0, 3, 3, 3], [0, 4, 4, 0, 0, 0, 3, 0, 3, 0, 4, 4, 4, 4, 4, 3, 4, 4, 0, 0], [3, 4, 4, 0, 0, 0, 4, 4, 4, 0, 4, 4, 0, 0, 0, 0, 4, 4, 3, 3], [0, 0, 3, 0, 3, 0, 4, 4, 4, 4, 4, 4, 4, 0, 3, 0, 3, 0, 0, 3], [0, 0, 0, 0, 4, 4, 0, 4, 4, 4, 4, 4, 4, 0, 4, 4, 4, 0, 3, 0], [3, 3, 3, 0, 4, 4, 0, 4, 4, 0, 4, 4, 4, 0, 4, 4, 4, 3, 0, 0], [3, 0, 4, 4, 0, 3, 3, 0, 3, 0, 0, 0, 0, 0, 4, 4, 4, 0, 3, 0], [3, 3, 4, 4, 4, 0, 3, 3, 0, 0, 0, 3, 3, 0, 0, 0, 0, 0, 3, 0], [3, 0, 0, 4, 4, 0, 3, 0, 0, 4, 4, 0, 3, 0, 3, 0, 4, 4, 4, 0], [0, 0, 0, 0, 0, 3, 3, 3, 0, 4, 4, 0, 0, 0, 0, 3, 4, 4, 4, 0]]}, {"input": [[0, 0, 0, 3, 0, 0, 0, 0, 3, 3, 0, 3, 0, 3, 3, 3, 0, 0, 0, 3], [3, 3, 0, 0, 3, 3, 3, 0, 3, 3, 3, 3, 0, 0, 3, 0, 3, 0, 3, 3], [3, 0, 3, 0, 3, 3, 0, 3, 3, 3, 3, 3, 3, 0, 0, 3, 0, 3, 0, 0], [3, 0, 3, 0, 3, 0, 3, 0, 0, 0, 0, 0, 0, 0, 0, 3, 3, 0, 0, 3], [0, 3, 0, 3, 3, 3, 3, 3, 3, 3, 0, 0, 0, 3, 0, 3, 0, 3, 3, 3], [3, 0, 0, 0, 0, 0, 3, 3, 3, 3, 0, 0, 0, 3, 3, 0, 3, 3, 0, 3], [3, 0, 3, 0, 0, 3, 3, 3, 3, 0, 0, 3, 0, 0, 3, 3, 3, 3, 0, 3], [0, 0, 0, 3, 0, 3, 0, 0, 0, 3, 0, 0, 0, 3, 3, 3, 3, 0, 3, 3], [3, 3, 0, 0, 0, 0, 3, 3, 0, 0, 0, 0, 3, 0, 0, 3, 0, 3, 3, 0], [3, 0, 3, 0, 3, 0, 3, 3, 0, 0, 3, 3, 3, 3, 0, 3, 0, 3, 3, 0], [3, 0, 3, 0, 0, 0, 3, 0, 0, 3, 0, 3, 3, 0, 3, 0, 0, 3, 3, 3], [0, 0, 3, 0, 3, 0, 3, 0, 3, 0, 3, 3, 3, 3, 3, 0, 0, 0, 3, 0], [0, 3, 0, 0, 3, 3, 3, 3, 0, 0, 0, 0, 0, 3, 0, 0, 3, 0, 3, 3], [3, 0, 0, 0, 0, 3, 3, 3, 0, 3, 3, 3, 3, 3, 3, 0, 3, 0, 0, 0], [0, 0, 0, 3, 3, 3, 3, 0, 3, 3, 3, 3, 3, 3, 3, 3, 3, 3, 3, 0], [3, 0, 3, 3, 0, 0, 3, 0, 3, 0, 3, 0, 3, 3, 3, 3, 0, 3, 3, 3], [0, 3, 3, 3, 3, 3, 3, 0, 3, 0, 3, 0, 0, 0, 0, 3, 0, 3, 3, 0], [3, 0, 3, 3, 3, 3, 3, 0, 3, 0, 3, 0, 3, 0, 3, 0, 3, 0, 3, 0], [3, 3, 3, 3, 3, 3, 0, 3, 3, 0, 0, 0, 0, 3, 0, 0, 3, 3, 0, 3], [3, 0, 0, 0, 0, 3, 0, 3, 0, 3, 0, 3, 3, 0, 3, 0, 3, 0, 3, 0]], "output": [[0, 0, 0, 3, 0, 0, 0, 0, 4, 4, 0, 3, 0, 3, 3, 3, 0, 0, 0, 3], [3, 3, 0, 0, 4, 4, 3, 0, 4, 4, 4, 4, 0, 0, 3, 0, 3, 0, 3, 3], [3, 0, 3, 0, 4, 4, 0, 3, 4, 4, 4, 4, 3, 0, 0, 3, 0, 3, 0, 0], [3, 0, 3, 0, 3, 0, 3, 0, 0, 0, 0, 0, 0, 0, 0, 3, 3, 0, 0, 3], [0, 3, 0, 3, 3, 3, 4, 4, 4, 4, 0, 0, 0, 3, 0, 3, 0, 3, 3, 3], [3, 0, 0, 0, 0, 0, 4, 4, 4, 4, 0, 0, 0, 3, 3, 0, 4, 4, 0, 3], [3, 0, 3, 0, 0, 3, 4, 4, 4, 0, 0, 3, 0, 0, 4, 4, 4, 4, 0, 3], [0, 0, 0, 3, 0, 3, 0, 0, 0, 3, 0, 0, 0, 3, 4, 4, 4, 0, 3, 3], [3, 3, 0, 0, 0, 0, 4, 4, 0, 0, 0, 0, 3, 0, 0, 3, 0, 4, 4, 0], [3, 0, 3, 0, 3, 0, 4, 4, 0, 0, 3, 4, 4, 3, 0, 3, 0, 4, 4, 0], [3, 0, 3, 0, 0, 0, 3, 0, 0, 3, 0, 4, 4, 0, 3, 0, 0, 4, 4, 3], [0, 0, 3, 0, 3, 0, 3, 0, 3, 0, 3, 4, 4, 3, 3, 0, 0, 0, 3, 0], [0, 3, 0, 0, 3, 4, 4, 4, 0, 0, 0, 0, 0, 3, 0, 0, 3, 0, 3, 3], [3, 0, 0, 0, 0, 4, 4, 4, 0, 4, 4, 4, 4, 4, 4, 0, 3, 0, 0, 0], [0, 0, 0, 3, 3, 4, 4, 0, 3, 4, 4, 4, 4, 4, 4, 4, 3, 4, 4, 0], [3, 0, 4, 4, 0, 0, 3, 0, 3, 0, 3, 0, 4, 4, 4, 4, 0, 4, 4, 3], [0, 3, 4, 4, 4, 4, 4, 0, 3, 0, 3, 0, 0, 0, 0, 3, 0, 4, 4, 0], [3, 0, 4, 4, 4, 4, 4, 0, 3, 0, 3, 0, 3, 0, 3, 0, 3, 0, 3, 0], [3, 3, 4, 4, 4, 4, 0, 3, 3, 0, 0, 0, 0, 3, 0, 0, 3, 3, 0, 3], [3, 0, 0, 0, 0, 3, 0, 3, 0, 3, 0, 3, 3, 0, 3, 0, 3, 0, 3, 0]]}, {"input": [[2, 2, 0, 0, 0, 2, 0, 2, 2, 0, 0, 2, 2, 2, 0, 0, 2, 2, 2, 0], [2, 2, 0, 0, 0, 2, 0, 2, 0, 2, 0, 2, 2, 2, 0, 0, 0, 2, 0, 0], [2, 0, 2, 0, 2, 2, 2, 0, 0, 2, 0, 0, 2, 2, 2, 0, 0, 0, 2, 0], [0, 2, 2, 0, 2, 0, 2, 0, 0, 0, 2, 0, 2, 2, 2, 0, 0, 2, 2, 0], [0, 0, 2, 2, 2, 2, 0, 0, 0, 2, 2, 0, 0, 0, 2, 0, 0, 2, 2, 2], [2, 0, 2, 2, 3, 3, 0, 2, 2, 2, 0, 2, 0, 0, 2, 2, 0, 0, 0, 0], [0, 2, 0, 2, 3, 3, 0, 2, 2, 2, 0, 0, 2, 2, 0, 2, 0, 2, 2, 0], [0, 2, 2, 2, 2, 0, 2, 2, 0, 2, 2, 0, 2, 0, 0, 0, 0, 0, 2, 0], [2, 2, 0, 2, 0, 0, 2, 2, 2, 2, 0, 2, 2, 0, 0, 2, 0, 0, 2, 0], [0, 2, 2, 2, 2, 2, 0, 2, 2, 2, 0, 0, 0, 2, 0, 2, 0, 2, 0, 0], [0, 2, 2, 0, 2, 2, 2, 2, 2, 0, 2, 2, 2, 0, 0, 2, 0, 2, 0, 2], [0, 2, 0, 0, 0, 2, 2, 0, 2, 2, 0, 2, 2, 0, 2, 2, 0, 2, 2, 2], [2, 0, 0, 0, 2, 2, 2, 0, 0, 0, 0, 2, 0, 2, 2, 0, 2, 0, 2, 2], [0, 0, 2, 2, 2, 2, 0, 2, 0, 0, 0, 0, 2, 0, 2, 0, 2, 2, 0, 2], [0, 2, 0, 2, 2, 0, 0, 0, 2, 2, 2, 0, 0, 0, 2, 0, 2, 0, 2, 2], [0, 2, 2, 2, 0, 0, 2, 3, 3, 0, 2, 2, 2, 0, 0, 2, 0, 2, 0, 2], [0, 0, 0, 2, 2, 2, 2, 3, 3, 0, 2, 2, 2, 0, 0, 2, 0, 0, 2, 0], [2, 0, 0, 0, 2, 0, 2, 0, 2, 2, 2, 0, 2, 0, 3, 3, 2, 0, 2, 0], [0, 0, 2, 0, 2, 0, 2, 0, 2, 2, 0, 2, 0, 0, 3, 3, 0, 0, 0, 0], [0, 0, 2, 0, 2, 2, 0, 0, 0, 0, 2, 0, 2, 2, 2, 2, 2, 0, 2, 0]], "output": [[2, 2, 0, 0, 0, 2, 0, 2, 2, 0, 0, 2, 2, 2, 0, 0, 2, 2, 2, 0], [2, 2, 0, 0, 0, 2, 0, 2, 0, 2, 0, 2, 2, 2, 0, 0, 0, 2, 0, 0], [2, 0, 2, 0, 2, 2, 2, 0, 0, 2, 0, 0, 2, 2, 2, 0, 0, 0, 2, 0], [0, 2, 2, 0, 2, 0, 2, 0, 0, 0, 2, 0, 2, 2, 2, 0, 0, 2, 2, 0], [0, 0, 2, 2, 2, 2, 0, 0, 0, 2, 2, 0, 0, 0, 2, 0, 0, 2, 2, 2], [2, 0, 2, 2, 4, 4, 0, 2, 2, 2, 0, 2, 0, 0, 2, 2, 0, 0, 0, 0], [0, 2, 0, 2, 4, 4, 0, 2, 2, 2, 0, 0, 2, 2, 0, 2, 0, 2, 2, 0], [0, 2, 2, 2, 2, 0, 2, 2, 0, 2, 2, 0, 2, 0, 0, 0, 0, 0, 2, 0], [2, 2, 0, 2, 0, 0, 2, 2, 2, 2, 0, 2, 2, 0, 0, 2, 0, 0, 2, 0], [0, 2, 2, 2, 2, 2, 0, 2, 2, 2, 0, 0, 0, 2, 0, 2, 0, 2, 0, 0], [0, 2, 2, 0, 2, 2, 2, 2, 2, 0, 2, 2, 2, 0, 0, 2, 0, 2, 0, 2], [0, 2, 0, 0, 0, 2, 2, 0, 2, 2, 0, 2, 2, 0, 2, 2, 0, 2, 2, 2], [2, 0, 0, 0, 2, 2, 2, 0, 0, 0, 0, 2, 0, 2, 2, 0, 2, 0, 2, 2], [0, 0, 2, 2, 2, 2, 0, 2, 0, 0, 0, 0, 2, 0, 2, 0, 2, 2, 0, 2], [0, 2, 0, 2, 2, 0, 0, 0, 2, 2, 2, 0, 0, 0, 2, 0, 2, 0, 2, 2], [0, 2, 2, 2, 0, 0, 2, 4, 4, 0, 2, 2, 2, 0, 0, 2, 0, 2, 0, 2], [0, 0, 0, 2, 2, 2, 2, 4, 4, 0, 2, 2, 2, 0, 0, 2, 0, 0, 2, 0], [2, 0, 0, 0, 2, 0, 2, 0, 2, 2, 2, 0, 2, 0, 4, 4, 2, 0, 2, 0], [0, 0, 2, 0, 2, 0, 2, 0, 2, 2, 0, 2, 0, 0, 4, 4, 0, 0, 0, 0], [0, 0, 2, 0, 2, 2, 0, 0, 0, 0, 2, 0, 2, 2, 2, 2, 2, 0, 2, 0]]}, {"input": [[3, 0, 3, 0, 3, 0, 0, 0, 3, 0, 0, 0, 3, 0, 0, 3, 0, 0, 3, 0], [3, 0, 3, 3, 0, 3, 3, 3, 0, 3, 0, 0, 3, 0, 0, 3, 0, 3, 0, 0], [3, 3, 3, 3, 0, 3, 0, 3, 0, 0, 0, 3, 0, 0, 0, 3, 3, 3, 0, 3], [3, 0, 0, 3, 3, 0, 3, 0, 0, 3, 3, 3, 0, 0, 3, 0, 0, 0, 3, 0], [0, 3, 0, 3, 0, 0, 3, 0, 3, 0, 0, 3, 0, 3, 0, 3, 0, 0, 0, 0], [0, 0, 3, 3, 0, 0, 0, 3, 3, 0, 3, 3, 0, 3, 0, 3, 0, 0, 3, 3], [3, 3, 0, 3, 3, 0, 3, 0, 3, 3, 0, 3, 0, 3, 0, 0, 3, 0, 0, 0], [3, 3, 3, 0, 3, 3, 0, 3, 3, 0, 3, 3, 3, 0, 0, 0, 0, 0, 0, 3], [3, 3, 3, 3, 0, 0, 0, 3, 3, 3, 0, 0, 3, 3, 0, 3, 3, 0, 3, 3], [0, 3, 3, 3, 3, 3, 3, 3, 3, 3, 3, 3, 3, 0, 0, 0, 3, 3, 0, 0], [3, 3, 3, 0, 0, 0, 3, 0, 0, 3, 3, 3, 0, 0, 0, 0, 0, 3, 3, 0], [3, 3, 0, 3, 3, 3, 3, 3, 0, 0, 0, 3, 3, 3, 0, 3, 3, 3, 3, 0], [3, 0, 3, 3, 3, 3, 3, 3, 3, 3, 0, 3, 3, 3, 0, 0, 3, 3, 3, 0], [3, 0, 0, 0, 3, 0, 3, 0, 0, 3, 0, 3, 0, 0, 0, 3, 3, 0, 0, 3], [3, 3, 3, 3, 3, 0, 3, 0, 0, 0, 3, 0, 0, 3, 0, 3, 3, 0, 3, 3], [0, 3, 0, 3, 3, 3, 3, 0, 0, 3, 0, 3, 0, 3, 0, 3, 3, 3, 3, 3], [0, 0, 0, 0, 0, 3, 3, 3, 0, 3, 0, 0, 0, 3, 3, 0, 0, 0, 3, 0], [3, 0, 3, 3, 3, 3, 0, 3, 3, 0, 3, 0, 0, 3, 3, 3, 0, 0, 0, 0], [3, 3, 3, 3, 0, 0, 0, 3, 3, 0, 0, 3, 3, 0, 3, 3, 0, 3, 0, 0], [3, 0, 3, 0, 0, 0, 3, 3, 0, 3, 3, 3, 3, 3, 3, 3, 3, 0, 3, 3]], "output": [[3, 0, 3, 0, 3, 0, 0, 0, 3, 0, 0, 0, 3, 0, 0, 3, 0, 0, 3, 0], [3, 0, 4, 4, 0, 3, 3, 3, 0, 3, 0, 0, 3, 0, 0, 3, 0, 3, 0, 0], [3, 3, 4, 4, 0, 3, 0, 3, 0, 0, 0, 3, 0, 0, 0, 3, 3, 3, 0, 3], [3, 0, 0, 3, 3, 0, 3, 0, 0, 3, 3, 3, 0, 0, 3, 0, 0, 0, 3, 0], [0, 3, 0, 3, 0, 0, 3, 0, 3, 0, 0, 3, 0, 3, 0, 3, 0, 0, 0, 0], [0, 0, 3, 3, 0, 0, 0, 3, 3, 0, 3, 3, 0, 3, 0, 3, 0, 0, 3, 3], [4, 4, 0, 3, 3, 0, 3, 0, 3, 3, 0, 3, 0, 3, 0, 0, 3, 0, 0, 0], [4, 4, 4, 0, 3, 3, 0, 4, 4, 0, 3, 3, 3, 0, 0, 0, 0, 0, 0, 3], [4, 4, 4, 4, 0, 0, 0, 4, 4, 4, 0, 0, 3, 3, 0, 3, 3, 0, 3, 3], [0, 4, 4, 4, 3, 3, 3, 4, 4, 4, 4, 4, 3, 0, 0, 0, 3, 3, 0, 0], [4, 4, 4, 0, 0, 0, 3, 0, 0, 4, 4, 4, 0, 0, 0, 0, 0, 4, 4, 0], [4, 4, 0, 4, 4, 4, 4, 4, 0, 0, 0, 4, 4, 4, 0, 3, 4, 4, 4, 0], [3, 0, 3, 4, 4, 4, 4, 4, 3, 3, 0, 4, 4, 4, 0, 0, 4, 4, 4, 0], [3, 0, 0, 0, 3, 0, 3, 0, 0, 3, 0, 3, 0, 0, 0, 4, 4, 0, 0, 3], [3, 3, 3, 4, 4, 0, 3, 0, 0, 0, 3, 0, 0, 3, 0, 4, 4, 0, 4, 4], [0, 3, 0, 4, 4, 4, 4, 0, 0, 3, 0, 3, 0, 3, 0, 4, 4, 3, 4, 4], [0, 0, 0, 0, 0, 4, 4, 3, 0, 3, 0, 0, 0, 4, 4, 0, 0, 0, 3, 0], [3, 0, 4, 4, 3, 3, 0, 4, 4, 0, 3, 0, 0, 4, 4, 4, 0, 0, 0, 0], [3, 3, 4, 4, 0, 0, 0, 4, 4, 0, 0, 4, 4, 0, 4, 4, 0, 3, 0, 0], [3, 0, 3, 0, 0, 0, 3, 3, 0, 3, 3, 4, 4, 3, 4, 4, 3, 0, 3, 3]]}, {"input": [[0, 3, 0, 3, 0, 3, 0, 3, 0, 0, 3, 0, 3, 3, 3, 3, 0, 3, 3, 3], [0, 0, 3, 0, 3, 3, 3, 3, 0, 3, 0, 0, 3, 3, 0, 0, 0, 3, 3, 0], [0, 0, 0, 0, 0, 0, 3, 0, 3, 3, 0, 0, 0, 3, 0, 0, 3, 3, 0, 0], [3, 0, 3, 3, 3, 3, 3, 0, 0, 0, 3, 3, 0, 0, 3, 0, 3, 3, 0, 3], [3, 3, 0, 3, 0, 3, 3, 0, 0, 0, 0, 0, 0, 0, 3, 3, 0, 0, 3, 3], [3, 3, 3, 0, 0, 3, 0, 3, 0, 3, 3, 3, 3, 3, 0, 0, 0, 0, 0, 0], [0, 3, 3, 3, 0, 3, 3, 3, 3, 3, 0, 3, 3, 3, 3, 3, 0, 0, 0, 0], [3, 3, 0, 0, 0, 0, 0, 3, 0, 0, 3, 0, 0, 3, 0, 3, 0, 3, 0, 3], [3, 0, 0, 0, 3, 0, 0, 0, 3, 3, 3, 3, 3, 3, 3, 3, 0, 3, 3, 0], [0, 0, 3, 3, 3, 3, 0, 0, 0, 0, 3, 0, 0, 0, 0, 0, 0, 3, 3, 0], [3, 0, 0, 0, 3, 3, 0, 3, 0, 3, 0, 0, 0, 0, 3, 0, 0, 3, 0, 3], [3, 0, 3, 3, 3, 0, 0, 3, 0, 0, 3, 0, 0, 3, 3, 0, 0, 3, 3, 3], [3, 3, 3, 0, 0, 0, 0, 3, 0, 0, 3, 0, 3, 0, 3, 3, 3, 3, 3, 3], [0, 0, 3, 0, 3, 0, 3, 3, 0, 0, 3, 3, 3, 0, 0, 0, 3, 3, 0, 3], [3, 0, 3, 0, 3, 3, 3, 3, 3, 0, 3, 0, 3, 3, 3, 3, 3, 3, 0, 0], [3, 3, 3, 3, 3, 3, 0, 0, 3, 3, 3, 0, 0, 0, 0, 3, 3, 0, 0, 3], [3, 3, 0, 0, 3, 3, 0, 3, 0, 3, 0, 0, 3, 0, 0, 0, 3, 3, 0, 0], [3, 3, 3, 0, 3, 0, 3, 3, 3, 3, 3, 0, 3, 3, 0, 3, 0, 0, 0, 0], [3, 0, 0, 3, 0, 0, 3, 0, 0, 3, 3, 0, 3, 0, 0, 0, 0, 3, 0, 3], [3, 0, 0, 0, 3, 0, 0, 3, 3, 0, 3, 0, 0, 0, 0, 3, 3, 3, 0, 3]], "output": [[0, 3, 0, 3, 0, 3, 0, 3, 0, 0, 3, 0, 4, 4, 3, 3, 0, 4, 4, 3], [0, 0, 3, 0, 3, 3, 3, 3, 0, 3, 0, 0, 4, 4, 0, 0, 0, 4, 4, 0], [0, 0, 0, 0, 0, 0, 3, 0, 3, 3, 0, 0, 0, 3, 0, 0, 4, 4, 0, 0], [3, 0, 3, 3, 3, 4, 4, 0, 0, 0, 3, 3, 0, 0, 3, 0, 4, 4, 0, 3], [4, 4, 0, 3, 0, 4, 4, 0, 0, 0, 0, 0, 0, 0, 3, 3, 0, 0, 3, 3], [4, 4, 4, 0, 0, 3, 0, 3, 0, 3, 3, 4, 4, 4, 0, 0, 0, 0, 0, 0], [0, 4, 4, 3, 0, 3, 3, 3, 3, 3, 0, 4, 4, 4, 3, 3, 0, 0, 0, 0], [3, 3, 0, 0, 0, 0, 0, 3, 0, 0, 3, 0, 0, 3, 0, 3, 0, 3, 0, 3], [3, 0, 0, 0, 3, 0, 0, 0, 3, 3, 3, 3, 3, 3, 3, 3, 0, 4, 4, 0], [0, 0, 3, 3, 4, 4, 0, 0, 0, 0, 3, 0, 0, 0, 0, 0, 0, 4, 4, 0], [3, 0, 0, 0, 4, 4, 0, 3, 0, 3, 0, 0, 0, 0, 3, 0, 0, 3, 0, 3], [3, 0, 3, 3, 3, 0, 0, 3, 0, 0, 3, 0, 0, 3, 3, 0, 0, 4, 4, 4], [3, 3, 3, 0, 0, 0, 0, 3, 0, 0, 3, 0, 3, 0, 3, 3, 4, 4, 4, 4], [0, 0, 3, 0, 3, 0, 4, 4, 0, 0, 3, 3, 3, 0, 0, 0, 4, 4, 0, 3], [3, 0, 3, 0, 4, 4, 4, 4, 3, 0, 3, 0, 3, 3, 3, 4, 4, 4, 0, 0], [4, 4, 3, 3, 4, 4, 0, 0, 3, 3, 3, 0, 0, 0, 0, 4, 4, 0, 0, 3], [4, 4, 0, 0, 4, 4, 0, 3, 0, 3, 0, 0, 3, 0, 0, 0, 3, 3, 0, 0], [4, 4, 3, 0, 3, 0, 3, 3, 3, 4, 4, 0, 3, 3, 0, 3, 0, 0, 0, 0], [3, 0, 0, 3, 0, 0, 3, 0, 0, 4, 4, 0, 3, 0, 0, 0, 0, 3, 0, 3], [3, 0, 0, 0, 3, 0, 0, 3, 3, 0, 3, 0, 0, 0, 0, 3, 3, 3, 0, 3]]}, {"input": [[8, 8, 8, 8, 8, 8, 8, 0, 0, 0, 0, 0, 8, 0, 3, 3, 0, 0, 8, 8], [8, 0, 8, 8, 8, 8, 8, 8, 8, 8, 0, 0, 8, 0, 3, 3, 8, 0, 0, 8], [0, 8, 0, 8, 8, 8, 0, 8, 8, 0, 0, 8, 8, 8, 8, 0, 8, 0, 8, 0], [8, 8, 8, 0, 8, 8, 8, 0, 0, 0, 8, 0, 8, 0, 0, 0, 0, 8, 8, 0], [0, 0, 0, 8, 8, 8, 8, 8, 8, 8, 8, 0, 8, 0, 8, 0, 0, 8, 0, 0], [0, 8, 8, 0, 0, 0, 0, 0, 8, 0, 0, 8, 0, 0, 0, 8, 8, 0, 8, 0], [8, 0, 0, 0, 8, 0, 8, 8, 8, 8, 8, 8, 0, 8, 8, 0, 8, 0, 8, 0], [8, 8, 8, 8, 0, 0, 0, 8, 0, 0, 0, 0, 0, 8, 0, 0, 8, 0, 8, 8], [8, 0, 0, 0, 0, 0, 8, 8, 8, 8, 8, 8, 0, 8, 0, 8, 0, 0, 0, 0], [0, 8, 0, 0, 8, 0, 8, 0, 8, 8, 8, 8, 0, 0, 0, 0, 8, 8, 0, 0], [0, 8, 0, 0, 8, 0, 0, 0, 8, 8, 0, 0, 8, 8, 0, 8, 0, 0, 8, 0], [0, 0, 0, 0, 8, 0, 0, 8, 0, 8, 0, 8, 8, 8, 8, 8, 0, 8, 0, 8], [8, 0, 8, 8, 8, 8, 0, 0, 0, 8, 0, 8, 8, 8, 0, 8, 0, 8, 0, 0], [8, 0, 0, 8, 8, 0, 0, 0, 0, 8, 0, 8, 0, 0, 0, 0, 8, 8, 8, 8], [8, 0, 8, 8, 0, 0, 8, 8, 0, 0, 8, 8, 0, 8, 8, 8, 8, 0, 8, 0], [0, 8, 0, 8, 8, 0, 0, 0, 0, 0, 8, 8, 0, 0, 0, 8, 8, 8, 0, 0], [0, 0, 0, 0, 0, 0, 8, 0, 8, 8, 8, 8, 0, 0, 8, 8, 0, 8, 0, 0], [8, 0, 8, 0, 0, 0, 8, 8, 8, 8, 8, 0, 0, 8, 0, 0, 0, 8, 8, 0], [0, 0, 8, 8, 8, 0, 8, 0, 8, 8, 8, 8, 8, 8, 0, 0, 8, 8, 0, 0], [0, 0, 0, 8, 8, 0, 8, 8, 0, 0, 8, 0, 0, 8, 8, 8, 8, 8, 8, 0]], "output": [[8, 8, 8, 8, 8, 8, 8, 0, 0, 0, 0, 0, 8, 0, 4, 4, 0, 0, 8, 8], [8, 0, 8, 8, 8, 8, 8, 8, 8, 8, 0, 0, 8, 0, 4, 4, 8, 0, 0, 8], [0, 8, 0, 8, 8, 8, 0, 8, 8, 0, 0, 8, 8, 8, 8, 0, 8, 0, 8, 0], [8, 8, 8, 0, 8, 8, 8, 0, 0, 0, 8, 0, 8, 0, 0, 0, 0, 8, 8, 0], [0, 0, 0, 8, 8, 8, 8, 8, 8, 8, 8, 0, 8, 0, 8, 0, 0, 8, 0, 0], [0, 8, 8, 0, 0, 0, 0, 0, 8, 0, 0, 8, 0, 0, 0, 8, 8, 0, 8, 0], [8, 0, 0, 0, 8, 0, 8, 8, 8, 8, 8, 8, 0, 8, 8, 0, 8, 0, 8, 0], [8, 8, 8, 8, 0, 0, 0, 8, 0, 0, 0, 0, 0, 8, 0, 0, 8, 0, 8, 8], [8, 0, 0, 0, 0, 0, 8, 8, 8, 8, 8, 8, 0, 8, 0, 8, 0, 0, 0, 0], [0, 8, 0, 0, 8, 0, 8, 0, 8, 8, 8, 8, 0, 0, 0, 0, 8, 8, 0, 0], [0, 8, 0, 0, 8, 0, 0, 0, 8, 8, 0, 0, 8, 8, 0, 8, 0, 0, 8, 0], [0, 0, 0, 0, 8, 0, 0, 8, 0, 8, 0, 8, 8, 8, 8, 8, 0, 8, 0, 8], [8, 0, 8, 8, 8, 8, 0, 0, 0, 8, 0, 8, 8, 8, 0, 8, 0, 8, 0, 0], [8, 0, 0, 8, 8, 0, 0, 0, 0, 8, 0, 8, 0, 0, 0, 0, 8, 8, 8, 8], [8, 0, 8, 8, 0, 0, 8, 8, 0, 0, 8, 8, 0, 8, 8, 8, 8, 0, 8, 0], [0, 8, 0, 8, 8, 0, 0, 0, 0, 0, 8, 8, 0, 0, 0, 8, 8, 8, 0, 0], [0, 0, 0, 0, 0, 0, 8, 0, 8, 8, 8, 8, 0, 0, 8, 8, 0, 8, 0, 0], [8, 0, 8, 0, 0, 0, 8, 8, 8, 8, 8, 0, 0, 8, 0, 0, 0, 8, 8, 0], [0, 0, 8, 8, 8, 0, 8, 0, 8, 8, 8, 8, 8, 8, 0, 0, 8, 8, 0, 0], [0, 0, 0, 8, 8, 0, 8, 8, 0, 0, 8, 0, 0, 8, 8, 8, 8, 8, 8, 0]]}, {"input": [[0, 0, 2, 0, 0, 0, 0, 0, 0, 2, 2, 2, 2, 2, 0, 2, 2, 0, 0, 0], [2, 2, 2, 2, 2, 0, 2, 2, 0, 2, 0, 0, 2, 2, 0, 2, 0, 0, 2, 2], [0, 0, 0, 0, 0, 0, 0, 2, 0, 0, 2, 2, 2, 2, 0, 0, 0, 2, 0, 0], [0, 2, 0, 0, 2, 2, 0, 0, 0, 2, 2, 0, 2, 2, 2, 0, 2, 2, 0, 2], [2, 2, 0, 2, 0, 0, 2, 0, 2, 0, 2, 0, 2, 0, 2, 2, 0, 2, 2, 2], [2, 0, 2, 2, 2, 0, 2, 2, 2, 2, 2, 2, 0, 2, 0, 0, 2, 0, 0, 2], [0, 0, 2, 2, 2, 2, 0, 2, 2, 0, 2, 0, 0, 0, 2, 0, 0, 0, 2, 0], [2, 2, 2, 2, 0, 2, 2, 2, 2, 0, 2, 2, 0, 2, 2, 2, 2, 0, 2, 0], [2, 0, 2, 2, 2, 2, 2, 0, 2, 0, 2, 2, 2, 2, 2, 0, 2, 0, 2, 0], [2, 3, 3, 0, 0, 0, 2, 2, 0, 0, 2, 0, 2, 2, 0, 0, 0, 0, 2, 0], [0, 3, 3, 2, 0, 2, 0, 2, 2, 0, 0, 0, 0, 2, 3, 3, 0, 2, 2, 0], [0, 0, 2, 2, 2, 0, 2, 0, 0, 2, 2, 2, 0, 0, 3, 3, 3, 3, 2, 0], [0, 2, 2, 0, 0, 0, 0, 2, 0, 2, 2, 0, 0, 0, 2, 2, 3, 3, 2, 2], [2, 2, 0, 2, 0, 0, 2, 0, 0, 0, 2, 2, 2, 0, 0, 2, 0, 0, 2, 0], [0, 0, 0, 0, 0, 2, 0, 2, 0, 2, 0, 3, 3, 0, 0, 0, 0, 2, 2, 2], [2, 2, 0, 2, 0, 0, 0, 2, 0, 2, 0, 3, 3, 2, 0, 2, 2, 2, 2, 0], [0, 2, 0, 2, 2, 2, 2, 0, 0, 2, 0, 2, 0, 2, 2, 2, 2, 2, 2, 0], [0, 0, 0, 2, 0, 2, 0, 0, 2, 0, 2, 2, 2, 2, 0, 2, 2, 0, 0, 2], [0, 2, 0, 2, 2, 2, 2, 2, 0, 0, 0, 0, 2, 0, 2, 2, 0, 0, 2, 0], [2, 0, 0, 2, 0, 0, 2, 2, 0, 2, 2, 0, 0, 0, 2, 0, 2, 2, 0, 2]], "output": [[0, 0, 2, 0, 0, 0, 0, 0, 0, 2, 2, 2, 2, 2, 0, 2, 2, 0, 0, 0], [2, 2, 2, 2, 2, 0, 2, 2, 0, 2, 0, 0, 2, 2, 0, 2, 0, 0, 2, 2], [0, 0, 0, 0, 0, 0, 0, 2, 0, 0, 2, 2, 2, 2, 0, 0, 0, 2, 0, 0], [0, 2, 0, 0, 2, 2, 0, 0, 0, 2, 2, 0, 2, 2, 2, 0, 2, 2, 0, 2], [2, 2, 0, 2, 0, 0, 2, 0, 2, 0, 2, 0, 2, 0, 2, 2, 0, 2, 2, 2], [2, 0, 2, 2, 2, 0, 2, 2, 2, 2, 2, 2, 0, 2, 0, 0, 2, 0, 0, 2], [0, 0, 2, 2, 2, 2, 0, 2, 2, 0, 2, 0, 0, 0, 2, 0, 0, 0, 2, 0], [2, 2, 2, 2, 0, 2, 2, 2, 2, 0, 2, 2, 0, 2, 2, 2, 2, 0, 2, 0], [2, 0, 2, 2, 2, 2, 2, 0, 2, 0, 2, 2, 2, 2, 2, 0, 2, 0, 2, 0], [2, 4, 4, 0, 0, 0, 2, 2, 0, 0, 2, 0, 2, 2, 0, 0, 0, 0, 2, 0], [0, 4, 4, 2, 0, 2, 0, 2, 2, 0, 0, 0, 0, 2, 4, 4, 0, 2, 2, 0], [0, 0, 2, 2, 2, 0, 2, 0, 0, 2, 2, 2, 0, 0, 4, 4, 4, 4, 2, 0], [0, 2, 2, 0, 0, 0, 0, 2, 0, 2, 2, 0, 0, 0, 2, 2, 4, 4, 2, 2], [2, 2, 0, 2, 0, 0, 2, 0, 0, 0, 2, 2, 2, 0, 0, 2, 0, 0, 2, 0], [0, 0, 0, 0, 0, 2, 0, 2, 0, 2, 0, 4, 4, 0, 0, 0, 0, 2, 2, 2], [2, 2, 0, 2, 0, 0, 0, 2, 0, 2, 0, 4, 4, 2, 0, 2, 2, 2, 2, 0], [0, 2, 0, 2, 2, 2, 2, 0, 0, 2, 0, 2, 0, 2, 2, 2, 2, 2, 2, 0], [0, 0, 0, 2, 0, 2, 0, 0, 2, 0, 2, 2, 2, 2, 0, 2, 2, 0, 0, 2], [0, 2, 0, 2, 2, 2, 2, 2, 0, 0, 0, 0, 2, 0, 2, 2, 0, 0, 2, 0], [2, 0, 0, 2, 0, 0, 2, 2, 0, 2, 2, 0, 0, 0, 2, 0, 2, 2, 0, 2]]}, {"input": [[0, 2, 2, 0, 0, 2, 0, 0, 2, 0, 2, 0, 2, 0, 0, 0, 0, 0, 0, 0], [0, 2, 0, 0, 0, 0, 0, 0, 2, 0, 2, 0, 0, 2, 0, 2, 2, 0, 0, 2], [0, 2, 0, 0, 0, 2, 2, 0, 0, 2, 0, 2, 0, 0, 2, 0, 2, 2, 2, 0], [2, 0, 2, 0, 2, 2, 2, 2, 2, 0, 0, 0, 0, 2, 2, 0, 0, 0, 2, 0], [2, 2, 0, 2, 0, 2, 2, 2, 0, 2, 2, 0, 0, 2, 2, 2, 0, 0, 0, 2], [0, 0, 2, 0, 0, 0, 0, 2, 2, 2, 2, 2, 2, 0, 2, 0, 0, 2, 0, 2], [2, 2, 2, 0, 2, 0, 0, 2, 3, 3, 0, 0, 2, 2, 0, 2, 0, 2, 3, 3], [2, 2, 2, 2, 0, 0, 0, 2, 3, 3, 0, 0, 2, 0, 0, 0, 2, 2, 3, 3], [0, 0, 0, 2, 2, 2, 0, 0, 2, 2, 2, 2, 0, 0, 2, 2, 2, 2, 0, 2], [0, 2, 0, 0, 2, 2, 2, 0, 0, 0, 2, 0, 2, 2, 0, 2, 0, 0, 2, 2], [0, 2, 2, 2, 0, 0, 2, 2, 0, 2, 0, 2, 2, 0, 0, 2, 0, 0, 2, 0], [0, 2, 0, 0, 0, 0, 2, 0, 2, 2, 2, 0, 2, 2, 2, 0, 0, 2, 0, 2], [0, 0, 0, 2, 2, 2, 2, 0, 2, 0, 2, 0, 2, 2, 0, 2, 0, 0, 0, 0], [2, 2, 2, 2, 2, 2, 2, 2, 2, 2, 2, 0, 0, 2, 0, 3, 3, 2, 2, 0], [0, 2, 2, 0, 2, 2, 2, 2, 0, 2, 2, 2, 0, 2, 0, 3, 3, 0, 0, 2], [2, 0, 0, 2, 2, 2, 2, 0, 0, 2, 2, 0, 0, 2, 0, 0, 2, 0, 2, 0], [0, 2, 0, 0, 2, 2, 0, 0, 2, 0, 0, 0, 0, 3, 3, 2, 0, 2, 0, 0], [2, 2, 2, 2, 0, 2, 2, 0, 2, 0, 2, 2, 0, 3, 3, 0, 2, 0, 2, 0], [2, 2, 2, 0, 2, 0, 0, 2, 2, 0, 0, 0, 2, 2, 2, 2, 2, 2, 0, 2], [2, 2, 0, 2, 0, 2, 2, 2, 2, 0, 2, 2, 0, 0, 2, 0, 0, 2, 2, 2]], "output": [[0, 2, 2, 0, 0, 2, 0, 0, 2, 0, 2, 0, 2, 0, 0, 0, 0, 0, 0, 0], [0, 2, 0, 0, 0, 0, 0, 0, 2, 0, 2, 0, 0, 2, 0, 2, 2, 0, 0, 2], [0, 2, 0, 0, 0, 2, 2, 0, 0, 2, 0, 2, 0, 0, 2, 0, 2, 2, 2, 0], [2, 0, 2, 0, 2, 2, 2, 2, 2, 0, 0, 0, 0, 2, 2, 0, 0, 0, 2, 0], [2, 2, 0, 2, 0, 2, 2, 2, 0, 2, 2, 0, 0, 2, 2, 2, 0, 0, 0, 2], [0, 0, 2, 0, 0, 0, 0, 2, 2, 2, 2, 2, 2, 0, 2, 0, 0, 2, 0, 2], [2, 2, 2, 0, 2, 0, 0, 2, 4, 4, 0, 0, 2, 2, 0, 2, 0, 2, 4, 4], [2, 2, 2, 2, 0, 0, 0, 2, 4, 4, 0, 0, 2, 0, 0, 0, 2, 2, 4, 4], [0, 0, 0, 2, 2, 2, 0, 0, 2, 2, 2, 2, 0, 0, 2, 2, 2, 2, 0, 2], [0, 2, 0, 0, 2, 2, 2, 0, 0, 0, 2, 0, 2, 2, 0, 2, 0, 0, 2, 2], [0, 2, 2, 2, 0, 0, 2, 2, 0, 2, 0, 2, 2, 0, 0, 2, 0, 0, 2, 0], [0, 2, 0, 0, 0, 0, 2, 0, 2, 2, 2, 0, 2, 2, 2, 0, 0, 2, 0, 2], [0, 0, 0, 2, 2, 2, 2, 0, 2, 0, 2, 0, 2, 2, 0, 2, 0, 0, 0, 0], [2, 2, 2, 2, 2, 2, 2, 2, 2, 2, 2, 0, 0, 2, 0, 4, 4, 2, 2, 0], [0, 2, 2, 0, 2, 2, 2, 2, 0, 2, 2, 2, 0, 2, 0, 4, 4, 0, 0, 2], [2, 0, 0, 2, 2, 2, 2, 0, 0, 2, 2, 0, 0, 2, 0, 0, 2, 0, 2, 0], [0, 2, 0, 0, 2, 2, 0, 0, 2, 0, 0, 0, 0, 4, 4, 2, 0, 2, 0, 0], [2, 2, 2, 2, 0, 2, 2, 0, 2, 0, 2, 2, 0, 4, 4, 0, 2, 0, 2, 0], [2, 2, 2, 0, 2, 0, 0, 2, 2, 0, 0, 0, 2, 2, 2, 2, 2, 2, 0, 2], [2, 2, 0, 2, 0, 2, 2, 2, 2, 0, 2, 2, 0, 0, 2, 0, 0, 2, 2, 2]]}, {"input": [[8, 0, 0, 8, 0, 8, 8, 8, 0, 8, 8, 8, 8, 8, 8, 0, 0, 0, 8, 0], [0, 8, 0, 0, 0, 0, 8, 8, 8, 8, 8, 0, 0, 8, 0, 0, 0, 8, 8, 0], [8, 0, 0, 0, 0, 0, 8, 0, 8, 0, 0, 8, 0, 0, 8, 8, 8, 0, 8, 8], [0, 8, 8, 8, 0, 8, 0, 8, 8, 0, 0, 0, 8, 8, 0, 8, 0, 8, 8, 0], [8, 0, 0, 8, 8, 8, 0, 8, 0, 8, 0, 0, 0, 8, 8, 8, 0, 8, 0, 0], [0, 8, 8, 0, 8, 8, 8, 0, 8, 0, 0, 8, 8, 8, 8, 8, 0, 8, 8, 0], [0, 8, 8, 0, 0, 8, 0, 8, 8, 0, 0, 8, 8, 0, 0, 0, 8, 8, 8, 0], [8, 0, 8, 0, 8, 0, 8, 0, 8, 0, 8, 8, 0, 8, 8, 0, 8, 0, 0, 8], [8, 8, 8, 0, 0, 8, 0, 0, 0, 0, 8, 8, 0, 8, 0, 8, 0, 0, 0, 0], [8, 0, 0, 0, 0, 8, 8, 0, 8, 0, 8, 8, 8, 0, 8, 0, 0, 0, 0, 8], [0, 8, 0, 0, 0, 8, 0, 8, 8, 0, 8, 0, 8, 0, 0, 8, 0, 8, 8, 0], [8, 8, 0, 8, 0, 8, 8, 0, 0, 8, 8, 0, 0, 0, 8, 8, 0, 8, 8, 0], [0, 8, 8, 0, 8, 0, 8, 8, 0, 0, 0, 0, 8, 0, 8, 0, 0, 0, 0, 8], [0, 0, 0, 0, 0, 8, 8, 0, 8, 0, 0, 8, 0, 0, 0, 8, 0, 8, 0, 8], [8, 0, 8, 8, 0, 0, 0, 8, 8, 8, 8, 0, 0, 0, 0, 8, 8, 8, 8, 0], [8, 8, 8, 8, 0, 0, 0, 0, 0, 8, 8, 8, 0, 0, 8, 8, 8, 0, 0, 0], [0, 0, 0, 8, 8, 8, 8, 8, 0, 8, 8, 8, 8, 8, 0, 8, 0, 8, 0, 0], [0, 8, 8, 8, 0, 8, 8, 0, 8, 0, 8, 0, 0, 8, 8, 8, 0, 0, 3, 3], [8, 8, 0, 0, 8, 0, 8, 8, 0, 8, 8, 8, 0, 8, 8, 0, 8, 8, 3, 3], [0, 0, 0, 8, 8, 8, 0, 8, 0, 8, 8, 0, 0, 0, 8, 0, 0, 8, 0, 0]], "output": [[8, 0, 0, 8, 0, 8, 8, 8, 0, 8, 8, 8, 8, 8, 8, 0, 0, 0, 8, 0], [0, 8, 0, 0, 0, 0, 8, 8, 8, 8, 8, 0, 0, 8, 0, 0, 0, 8, 8, 0], [8, 0, 0, 0, 0, 0, 8, 0, 8, 0, 0, 8, 0, 0, 8, 8, 8, 0, 8, 8], [0, 8, 8, 8, 0, 8, 0, 8, 8, 0, 0, 0, 8, 8, 0, 8, 0, 8, 8, 0], [8, 0, 0, 8, 8, 8, 0, 8, 0, 8, 0, 0, 0, 8, 8, 8, 0, 8, 0, 0], [0, 8, 8, 0, 8, 8, 8, 0, 8, 0, 0, 8, 8, 8, 8, 8, 0, 8, 8, 0], [0, 8, 8, 0, 0, 8, 0, 8, 8, 0, 0, 8, 8, 0, 0, 0, 8, 8, 8, 0], [8, 0, 8, 0, 8, 0, 8, 0, 8, 0, 8, 8, 0, 8, 8, 0, 8, 0, 0, 8], [8, 8, 8, 0, 0, 8, 0, 0, 0, 0, 8, 8, 0, 8, 0, 8, 0, 0, 0, 0], [8, 0, 0, 0, 0, 8, 8, 0, 8, 0, 8, 8, 8, 0, 8, 0, 0, 0, 0, 8], [0, 8, 0, 0, 0, 8, 0, 8, 8, 0, 8, 0, 8, 0, 0, 8, 0, 8, 8, 0], [8, 8, 0, 8, 0, 8, 8, 0, 0, 8, 8, 0, 0, 0, 8, 8, 0, 8, 8, 0], [0, 8, 8, 0, 8, 0, 8, 8, 0, 0, 0, 0, 8, 0, 8, 0, 0, 0, 0, 8], [0, 0, 0, 0, 0, 8, 8, 0, 8, 0, 0, 8, 0, 0, 0, 8, 0, 8, 0, 8], [8, 0, 8, 8, 0, 0, 0, 8, 8, 8, 8, 0, 0, 0, 0, 8, 8, 8, 8, 0], [8, 8, 8, 8, 0, 0, 0, 0, 0, 8, 8, 8, 0, 0, 8, 8, 8, 0, 0, 0], [0, 0, 0, 8, 8, 8, 8, 8, 0, 8, 8, 8, 8, 8, 0, 8, 0, 8, 0, 0], [0, 8, 8, 8, 0, 8, 8, 0, 8, 0, 8, 0, 0, 8, 8, 8, 0, 0, 4, 4], [8, 8, 0, 0, 8, 0, 8, 8, 0, 8, 8, 8, 0, 8, 8, 0, 8, 8, 4, 4], [0, 0, 0, 8, 8, 8, 0, 8, 0, 8, 8, 0, 0, 0, 8, 0, 0, 8, 0, 0]]}, {"input": [[0, 0, 0, 1, 0, 0, 0, 1, 1, 0, 0, 1, 0, 1, 0, 0, 3, 3, 0, 1], [0, 0, 1, 0, 1, 1, 0, 0, 1, 0, 0, 0, 1, 1, 0, 1, 3, 3, 1, 1], [0, 1, 1, 1, 0, 0, 0, 0, 0, 1, 1, 0, 1, 1, 1, 1, 0, 1, 0, 1], [0, 1, 0, 0, 1, 1, 0, 0, 0, 1, 0, 1, 0, 1, 0, 0, 0, 1, 1, 0], [1, 1, 0, 0, 0, 1, 1, 1, 1, 1, 1, 1, 1, 1, 0, 1, 1, 0, 0, 1], [0, 1, 0, 1, 0, 1, 0, 0, 1, 0, 0, 1, 1, 1, 1, 1, 1, 0, 1, 1], [0, 0, 0, 1, 1, 0, 0, 1, 0, 1, 1, 1, 1, 1, 1, 0, 1, 0, 1, 0], [1, 0, 0, 0, 0, 0, 0, 0, 1, 1, 0, 1, 1, 0, 1, 1, 0, 0, 0, 1], [0, 1, 1, 1, 0, 1, 1, 1, 1, 0, 0, 0, 0, 1, 1, 1, 0, 0, 1, 0], [0, 0, 1, 1, 1, 0, 1, 0, 0, 0, 0, 1, 1, 0, 1, 1, 0, 1, 0, 1], [0, 1, 1, 1, 1, 1, 0, 1, 0, 1, 0, 1, 0, 0, 1, 1, 1, 0, 0, 0], [0, 0, 1, 1, 0, 1, 0, 0, 0, 0, 1, 0, 1, 0, 1, 1, 0, 0, 1, 1], [1, 0, 1, 1, 1, 1, 0, 1, 1, 0, 0, 1, 0, 1, 1, 1, 0, 0, 0, 0], [0, 1, 0, 1, 1, 0, 1, 0, 1, 1, 1, 1, 1, 0, 1, 0, 1, 1, 0, 0], [0, 0, 1, 1, 0, 1, 1, 1, 1, 0, 0, 0, 1, 1, 0, 1, 0, 0, 0, 1], [0, 1, 1, 0, 0, 1, 1, 1, 1, 1, 1, 0, 1, 1, 0, 0, 1, 0, 1, 0], [0, 0, 1, 0, 1, 0, 1, 1, 0, 0, 0, 1, 0, 0, 1, 1, 1, 0, 1, 0], [1, 0, 0, 0, 1, 0, 0, 1, 0, 0, 1, 0, 0, 1, 0, 1, 0, 0, 0, 0], [1, 1, 1, 1, 1, 1, 0, 1, 0, 1, 0, 0, 1, 0, 0, 1, 1, 0, 0, 0], [0, 1, 1, 0, 1, 0, 0, 0, 1, 1, 0, 1, 0, 0, 0, 1, 1, 0, 0, 1]], "output": [[0, 0, 0, 1, 0, 0, 0, 1, 1, 0, 0, 1, 0, 1, 0, 0, 4, 4, 0, 1], [0, 0, 1, 0, 1, 1, 0, 0, 1, 0, 0, 0, 1, 1, 0, 1, 4, 4, 1, 1], [0, 1, 1, 1, 0, 0, 0, 0, 0, 1, 1, 0, 1, 1, 1, 1, 0, 1, 0, 1], [0, 1, 0, 0, 1, 1, 0, 0, 0, 1, 0, 1, 0, 1, 0, 0, 0, 1, 1, 0], [1, 1, 0, 0, 0, 1, 1, 1, 1, 1, 1, 1, 1, 1, 0, 1, 1, 0, 0, 1], [0, 1, 0, 1, 0, 1, 0, 0, 1, 0, 0, 1, 1, 1, 1, 1, 1, 0, 1, 1], [0, 0, 0, 1, 1, 0, 0, 1, 0, 1, 1, 1, 1, 1, 1, 0, 1, 0, 1, 0], [1, 0, 0, 0, 0, 0, 0, 0, 1, 1, 0, 1, 1, 0, 1, 1, 0, 0, 0, 1], [0, 1, 1, 1, 0, 1, 1, 1, 1, 0, 0, 0, 0, 1, 1, 1, 0, 0, 1, 0], [0, 0, 1, 1, 1, 0, 1, 0, 0, 0, 0, 1, 1, 0, 1, 1, 0, 1, 0, 1], [0, 1, 1, 1, 1, 1, 0, 1, 0, 1, 0, 1, 0, 0, 1, 1, 1, 0, 0, 0], [0, 0, 1, 1, 0, 1, 0, 0, 0, 0, 1, 0, 1, 0, 1, 1, 0, 0, 1, 1], [1, 0, 1, 1, 1, 1, 0, 1, 1, 0, 0, 1, 0, 1, 1, 1, 0, 0, 0, 0], [0, 1, 0, 1, 1, 0, 1, 0, 1, 1, 1, 1, 1, 0, 1, 0, 1, 1, 0, 0], [0, 0, 1, 1, 0, 1, 1, 1, 1, 0, 0, 0, 1, 1, 0, 1, 0, 0, 0, 1], [0, 1, 1, 0, 0, 1, 1, 1, 1, 1, 1, 0, 1, 1, 0, 0, 1, 0, 1, 0], [0, 0, 1, 0, 1, 0, 1, 1, 0, 0, 0, 1, 0, 0, 1, 1, 1, 0, 1, 0], [1, 0, 0, 0, 1, 0, 0, 1, 0, 0, 1, 0, 0, 1, 0, 1, 0, 0, 0, 0], [1, 1, 1, 1, 1, 1, 0, 1, 0, 1, 0, 0, 1, 0, 0, 1, 1, 0, 0, 0], [0, 1, 1, 0, 1, 0, 0, 0, 1, 1, 0, 1, 0, 0, 0, 1, 1, 0, 0, 1]]}, {"input": [[7, 7, 0, 0, 0, 7, 7, 7, 7, 0, 7, 7, 0, 0, 0, 7, 0, 0, 0, 0], [0, 0, 7, 7, 0, 0, 0, 0, 7, 7, 7, 7, 0, 0, 7, 0, 7, 0, 7, 7], [7, 0, 7, 7, 0, 0, 0, 7, 0, 7, 7, 0, 7, 0, 7, 0, 0, 7, 7, 7], [0, 7, 0, 7, 0, 7, 0, 7, 7, 0, 0, 7, 0, 7, 7, 7, 7, 7, 0, 0], [0, 0, 7, 7, 0, 7, 0, 0, 7, 7, 0, 7, 3, 3, 7, 0, 7, 7, 7, 0], [7, 0, 7, 0, 0, 0, 0, 0, 7, 7, 0, 0, 3, 3, 7, 0, 7, 0, 7, 0], [0, 0, 7, 7, 0, 0, 0, 0, 7, 7, 0, 7, 0, 0, 0, 0, 7, 0, 0, 7], [0, 7, 0, 7, 0, 0, 0, 0, 0, 7, 7, 0, 7, 7, 7, 7, 7, 7, 7, 0], [0, 0, 0, 7, 7, 0, 7, 7, 0, 7, 7, 0, 0, 7, 7, 7, 7, 0, 7, 7], [0, 7, 0, 0, 0, 7, 7, 0, 0, 0, 7, 7, 0, 7, 7, 0, 0, 7, 0, 0], [0, 7, 7, 7, 0, 0, 7, 7, 7, 7, 7, 7, 7, 0, 7, 7, 0, 7, 0, 7], [7, 7, 7, 7, 0, 7, 7, 0, 7, 0, 0, 0, 7, 0, 7, 0, 7, 0, 7, 0], [7, 0, 0, 7, 0, 0, 0, 7, 7, 0, 7, 0, 7, 0, 7, 0, 0, 0, 0, 7], [7, 0, 7, 0, 0, 7, 7, 0, 7, 0, 7, 0, 0, 0, 7, 0, 0, 7, 0, 0], [7, 7, 0, 0, 0, 7, 7, 0, 7, 7, 7, 7, 7, 7, 0, 0, 7, 0, 7, 0], [0, 0, 0, 7, 7, 7, 0, 0, 7, 7, 0, 0, 0, 0, 7, 0, 7, 7, 0, 7], [0, 0, 0, 0, 0, 0, 0, 0, 7, 7, 7, 7, 7, 7, 0, 0, 7, 7, 7, 0], [7, 0, 0, 7, 0, 0, 0, 7, 0, 7, 0, 7, 7, 7, 7, 0, 7, 0, 7, 0], [7, 7, 7, 7, 0, 7, 0, 0, 7, 7, 7, 7, 0, 0, 0, 0, 7, 0, 0, 0], [0, 7, 0, 7, 0, 7, 7, 7, 7, 0, 7, 7, 7, 7, 0, 0, 0, 7, 7, 7]], "output": [[7, 7, 0, 0, 0, 7, 7, 7, 7, 0, 7, 7, 0, 0, 0, 7, 0, 0, 0, 0], [0, 0, 7, 7, 0, 0, 0, 0, 7, 7, 7, 7, 0, 0, 7, 0, 7, 0, 7, 7], [7, 0, 7, 7, 0, 0, 0, 7, 0, 7, 7, 0, 7, 0, 7, 0, 0, 7, 7, 7], [0, 7, 0, 7, 0, 7, 0, 7, 7, 0, 0, 7, 0, 7, 7, 7, 7, 7, 0, 0], [0, 0, 7, 7, 0, 7, 0, 0, 7, 7, 0, 7, 4, 4, 7, 0, 7, 7, 7, 0], [7, 0, 7, 0, 0, 0, 0, 0, 7, 7, 0, 0, 4, 4, 7, 0, 7, 0, 7, 0], [0, 0, 7, 7, 0, 0, 0, 0, 7, 7, 0, 7, 0, 0, 0, 0, 7, 0, 0, 7], [0, 7, 0, 7, 0, 0, 0, 0, 0, 7, 7, 0, 7, 7, 7, 7, 7, 7, 7, 0], [0, 0, 0, 7, 7, 0, 7, 7, 0, 7, 7, 0, 0, 7, 7, 7, 7, 0, 7, 7], [0, 7, 0, 0, 0, 7, 7, 0, 0, 0, 7, 7, 0, 7, 7, 0, 0, 7, 0, 0], [0, 7, 7, 7, 0, 0, 7, 7, 7, 7, 7, 7, 7, 0, 7, 7, 0, 7, 0, 7], [7, 7, 7, 7, 0, 7, 7, 0, 7, 0, 0, 0, 7, 0, 7, 0, 7, 0, 7, 0], [7, 0, 0, 7, 0, 0, 0, 7, 7, 0, 7, 0, 7, 0, 7, 0, 0, 0, 0, 7], [7, 0, 7, 0, 0, 7, 7, 0, 7, 0, 7, 0, 0, 0, 7, 0, 0, 7, 0, 0], [7, 7, 0, 0, 0, 7, 7, 0, 7, 7, 7, 7, 7, 7, 0, 0, 7, 0, 7, 0], [0, 0, 0, 7, 7, 7, 0, 0, 7, 7, 0, 0, 0, 0, 7, 0, 7, 7, 0, 7], [0, 0, 0, 0, 0, 0, 0, 0, 7, 7, 7, 7, 7, 7, 0, 0, 7, 7, 7, 0], [7, 0, 0, 7, 0, 0, 0, 7, 0, 7, 0, 7, 7, 7, 7, 0, 7, 0, 7, 0], [7, 7, 7, 7, 0, 7, 0, 0, 7, 7, 7, 7, 0, 0, 0, 0, 7, 0, 0, 0], [0, 7, 0, 7, 0, 7, 7, 7, 7, 0, 7, 7, 7, 7, 0, 0, 0, 7, 7, 7]]}, {"input": [[0, 7, 7, 7, 0, 0, 0, 7, 7, 7, 7, 0, 0, 0, 7, 0, 0, 7, 7, 0], [7, 7, 0, 7, 0, 0, 0, 7, 7, 0, 7, 7, 7, 7, 0, 7, 0, 7, 0, 7], [0, 7, 7, 7, 0, 0, 7, 0, 7, 7, 0, 0, 7, 0, 7, 0, 0, 7, 0, 7], [0, 7, 0, 0, 0, 0, 7, 0, 7, 7, 7, 7, 7, 7, 7, 0, 7, 0, 7, 7], [7, 7, 0, 0, 7, 0, 7, 7, 7, 0, 0, 7, 0, 7, 0, 0, 7, 0, 7, 7], [7, 7, 0, 7, 0, 0, 0, 0, 7, 0, 7, 0, 7, 0, 0, 7, 0, 0, 0, 0], [0, 0, 7, 7, 7, 7, 7, 0, 0, 0, 7, 7, 0, 7, 0, 7, 0, 0, 7, 0], [0, 7, 0, 0, 0, 7, 0, 7, 7, 7, 0, 0, 7, 0, 7, 0, 7, 0, 0, 7], [0, 7, 7, 7, 7, 0, 7, 7, 0, 7, 0, 7, 0, 0, 0, 0, 7, 0, 7, 7], [7, 0, 7, 7, 7, 7, 0, 0, 7, 0, 0, 7, 0, 7, 0, 0, 0, 7, 0, 7], [7, 0, 7, 0, 7, 0, 7, 0, 3, 3, 7, 0, 0, 0, 7, 7, 7, 7, 7, 7], [7, 0, 0, 7, 7, 0, 7, 0, 3, 3, 7, 7, 7, 0, 3, 3, 7, 0, 0, 0], [0, 7, 7, 0, 7, 0, 7, 7, 0, 7, 0, 7, 0, 0, 3, 3, 0, 7, 7, 0], [7, 7, 7, 0, 0, 7, 7, 0, 0, 0, 0, 7, 0, 7, 0, 0, 7, 7, 0, 0], [7, 7, 0, 7, 7, 0, 7, 7, 7, 0, 0, 7, 7, 7, 0, 7, 0, 7, 7, 0], [0, 7, 7, 7, 7, 7, 7, 7, 0, 7, 7, 7, 7, 0, 0, 7, 0, 7, 7, 0], [0, 0, 0, 0, 0, 0, 0, 7, 0, 0, 0, 0, 0, 0, 7, 0, 0, 0, 7, 7], [0, 7, 0, 0, 7, 0, 3, 3, 7, 7, 7, 7, 0, 7, 0, 7, 7, 7, 0, 7], [0, 0, 0, 7, 7, 7, 3, 3, 7, 7, 0, 0, 7, 0, 7, 0, 0, 7, 0, 7], [7, 0, 0, 0, 7, 7, 7, 0, 7, 7, 0, 7, 7, 7, 0, 0, 0, 7, 0, 0]], "output": [[0, 7, 7, 7, 0, 0, 0, 7, 7, 7, 7, 0, 0, 0, 7, 0, 0, 7, 7, 0], [7, 7, 0, 7, 0, 0, 0, 7, 7, 0, 7, 7, 7, 7, 0, 7, 0, 7, 0, 7], [0, 7, 7, 7, 0, 0, 7, 0, 7, 7, 0, 0, 7, 0, 7, 0, 0, 7, 0, 7], [0, 7, 0, 0, 0, 0, 7, 0, 7, 7, 7, 7, 7, 7, 7, 0, 7, 0, 7, 7], [7, 7, 0, 0, 7, 0, 7, 7, 7, 0, 0, 7, 0, 7, 0, 0, 7, 0, 7, 7], [7, 7, 0, 7, 0, 0, 0, 0, 7, 0, 7, 0, 7, 0, 0, 7, 0, 0, 0, 0], [0, 0, 7, 7, 7, 7, 7, 0, 0, 0, 7, 7, 0, 7, 0, 7, 0, 0, 7, 0], [0, 7, 0, 0, 0, 7, 0, 7, 7, 7, 0, 0, 7, 0, 7, 0, 7, 0, 0, 7], [0, 7, 7, 7, 7, 0, 7, 7, 0, 7, 0, 7, 0, 0, 0, 0, 7, 0, 7, 7], [7, 0, 7, 7, 7, 7, 0, 0, 7, 0, 0, 7, 0, 7, 0, 0, 0, 7, 0, 7], [7, 0, 7, 0, 7, 0, 7, 0, 4, 4, 7, 0, 0, 0, 7, 7, 7, 7, 7, 7], [7, 0, 0, 7, 7, 0, 7, 0, 4, 4, 7, 7, 7, 0, 4, 4, 7, 0, 0, 0], [0, 7, 7, 0, 7, 0, 7, 7, 0, 7, 0, 7, 0, 0, 4, 4, 0, 7, 7, 0], [7, 7, 7, 0, 0, 7, 7, 0, 0, 0, 0, 7, 0, 7, 0, 0, 7, 7, 0, 0], [7, 7, 0, 7, 7, 0, 7, 7, 7, 0, 0, 7, 7, 7, 0, 7, 0, 7, 7, 0], [0, 7, 7, 7, 7, 7, 7, 7, 0, 7, 7, 7, 7, 0, 0, 7, 0, 7, 7, 0], [0, 0, 0, 0, 0, 0, 0, 7, 0, 0, 0, 0, 0, 0, 7, 0, 0, 0, 7, 7], [0, 7, 0, 0, 7, 0, 4, 4, 7, 7, 7, 7, 0, 7, 0, 7, 7, 7, 0, 7], [0, 0, 0, 7, 7, 7, 4, 4, 7, 7, 0, 0, 7, 0, 7, 0, 0, 7, 0, 7], [7, 0, 0, 0, 7, 7, 7, 0, 7, 7, 0, 7, 7, 7, 0, 0, 0, 7, 0, 0]]}, {"input": [[0, 1, 0, 1, 0, 0, 1, 1, 1, 0, 0, 0, 1, 1, 1, 1, 0, 1, 0, 0], [1, 0, 1, 1, 0, 1, 0, 1, 1, 1, 1, 1, 0, 1, 1, 0, 1, 0, 1, 0], [1, 0, 0, 0, 1, 1, 1, 1, 1, 1, 0, 0, 1, 1, 1, 3, 3, 1, 0, 1], [0, 0, 0, 1, 1, 0, 1, 0, 0, 1, 1, 0, 0, 0, 0, 3, 3, 0, 1, 0], [0, 0, 0, 1, 0, 0, 1, 1, 1, 1, 1, 1, 1, 1, 1, 1, 1, 1, 0, 1], [1, 0, 1, 1, 1, 0, 1, 1, 0, 1, 1, 0, 3, 3, 1, 0, 0, 3, 3, 1], [1, 1, 1, 0, 1, 1, 0, 0, 1, 1, 0, 0, 3, 3, 1, 1, 1, 3, 3, 0], [0, 0, 1, 1, 1, 0, 1, 0, 0, 1, 1, 0, 1, 0, 0, 1, 0, 1, 0, 0], [0, 0, 1, 0, 0, 0, 0, 0, 0, 1, 0, 0, 0, 0, 0, 1, 0, 1, 0, 1], [0, 1, 0, 0, 1, 1, 0, 0, 0, 0, 0, 0, 1, 0, 0, 1, 1, 1, 0, 0], [1, 1, 0, 0, 1, 0, 1, 1, 1, 0, 1, 1, 0, 1, 0, 0, 0, 0, 1, 0], [0, 1, 0, 1, 1, 1, 1, 0, 0, 0, 1, 1, 0, 1, 0, 1, 0, 1, 1, 1], [0, 1, 1, 1, 0, 1, 1, 1, 1, 0, 1, 1, 1, 1, 0, 0, 1, 1, 1, 0], [0, 1, 1, 1, 0, 0, 1, 0, 0, 1, 0, 1, 0, 0, 1, 0, 0, 0, 0, 1], [1, 0, 0, 0, 1, 0, 0, 1, 0, 0, 0, 1, 1, 1, 0, 0, 1, 0, 1, 0], [0, 0, 0, 1, 1, 1, 1, 0, 0, 0, 1, 1, 0, 1, 0, 1, 0, 0, 0, 1], [3, 3, 1, 0, 0, 1, 0, 1, 0, 0, 1, 1, 0, 1, 0, 1, 0, 0, 1, 0], [3, 3, 0, 1, 0, 1, 1, 1, 1, 0, 1, 1, 1, 0, 0, 0, 1, 1, 1, 0], [0, 0, 1, 1, 1, 1, 1, 1, 0, 1, 1, 0, 1, 1, 1, 1, 1, 0, 1, 0], [0, 1, 1, 0, 0, 0, 0, 1, 1, 1, 0, 0, 0, 0, 1, 0, 1, 1, 1, 1]], "output": [[0, 1, 0, 1, 0, 0, 1, 1, 1, 0, 0, 0, 1, 1, 1, 1, 0, 1, 0, 0], [1, 0, 1, 1, 0, 1, 0, 1, 1, 1, 1, 1, 0, 1, 1, 0, 1, 0, 1, 0], [1, 0, 0, 0, 1, 1, 1, 1, 1, 1, 0, 0, 1, 1, 1, 4, 4, 1, 0, 1], [0, 0, 0, 1, 1, 0, 1, 0, 0, 1, 1, 0, 0, 0, 0, 4, 4, 0, 1, 0], [0, 0, 0, 1, 0, 0, 1, 1, 1, 1, 1, 1, 1, 1, 1, 1, 1, 1, 0, 1], [1, 0, 1, 1, 1, 0, 1, 1, 0, 1, 1, 0, 4, 4, 1, 0, 0, 4, 4, 1], [1, 1, 1, 0, 1, 1, 0, 0, 1, 1, 0, 0, 4, 4, 1, 1, 1, 4, 4, 0], [0, 0, 1, 1, 1, 0, 1, 0, 0, 1, 1, 0, 1, 0, 0, 1, 0, 1, 0, 0], [0, 0, 1, 0, 0, 0, 0, 0, 0, 1, 0, 0, 0, 0, 0, 1, 0, 1, 0, 1], [0, 1, 0, 0, 1, 1, 0, 0, 0, 0, 0, 0, 1, 0, 0, 1, 1, 1, 0, 0], [1, 1, 0, 0, 1, 0, 1, 1, 1, 0, 1, 1, 0, 1, 0, 0, 0, 0, 1, 0], [0, 1, 0, 1, 1, 1, 1, 0, 0, 0, 1, 1, 0, 1, 0, 1, 0, 1, 1, 1], [0, 1, 1, 1, 0, 1, 1, 1, 1, 0, 1, 1, 1, 1, 0, 0, 1, 1, 1, 0], [0, 1, 1, 1, 0, 0, 1, 0, 0, 1, 0, 1, 0, 0, 1, 0, 0, 0, 0, 1], [1, 0, 0, 0, 1, 0, 0, 1, 0, 0, 0, 1, 1, 1, 0, 0, 1, 0, 1, 0], [0, 0, 0, 1, 1, 1, 1, 0, 0, 0, 1, 1, 0, 1, 0, 1, 0, 0, 0, 1], [4, 4, 1, 0, 0, 1, 0, 1, 0, 0, 1, 1, 0, 1, 0, 1, 0, 0, 1, 0], [4, 4, 0, 1, 0, 1, 1, 1, 1, 0, 1, 1, 1, 0, 0, 0, 1, 1, 1, 0], [0, 0, 1, 1, 1, 1, 1, 1, 0, 1, 1, 0, 1, 1, 1, 1, 1, 0, 1, 0], [0, 1, 1, 0, 0, 0, 0, 1, 1, 1, 0, 0, 0, 0, 1, 0, 1, 1, 1, 1]]}, {"input": [[0, 6, 6, 0, 6, 0, 0, 0, 0, 0, 6, 0, 0, 0, 6, 0, 6, 6, 0, 6], [6, 6, 0, 0, 0, 6, 0, 0, 0, 6, 0, 0, 6, 0, 0, 6, 0, 0, 6, 0], [0, 0, 0, 0, 3, 3, 6, 6, 0, 0, 0, 0, 6, 6, 6, 0, 0, 0, 0, 0], [6, 6, 6, 6, 3, 3, 6, 0, 0, 0, 0, 6, 6, 6, 6, 6, 6, 6, 0, 6], [0, 6, 6, 6, 6, 0, 0, 0, 0, 6, 0, 0, 6, 0, 0, 6, 0, 6, 0, 0], [0, 0, 0, 0, 6, 0, 6, 6, 0, 0, 0, 0, 6, 6, 0, 6, 0, 6, 6, 0], [0, 0, 6, 0, 6, 6, 6, 0, 6, 3, 3, 6, 0, 6, 6, 0, 6, 6, 6, 6], [6, 0, 6, 0, 6, 6, 6, 6, 6, 3, 3, 6, 6, 6, 6, 6, 6, 6, 6, 0], [6, 0, 0, 6, 6, 6, 6, 6, 0, 6, 6, 0, 0, 0, 6, 0, 0, 0, 6, 0], [6, 6, 6, 0, 0, 6, 0, 0, 0, 6, 0, 0, 0, 0, 6, 6, 0, 6, 0, 0], [6, 6, 0, 0, 0, 6, 6, 6, 6, 6, 6, 0, 6, 0, 6, 6, 6, 0, 6, 6], [6, 6, 6, 0, 6, 0, 0, 0, 6, 6, 0, 6, 6, 0, 6, 0, 0, 6, 0, 6], [0, 6, 6, 0, 6, 6, 6, 0, 6, 0, 0, 6, 0, 0, 0, 0, 6, 6, 6, 6], [0, 0, 0, 0, 6, 0, 0, 6, 0, 0, 0, 6, 0, 6, 0, 6, 0, 6, 0, 6], [6, 0, 0, 6, 0, 0, 0, 6, 6, 0, 6, 0, 6, 6, 6, 6, 0, 6, 0, 0], [0, 6, 0, 6, 6, 0, 0, 0, 6, 0, 6, 6, 6, 0, 6, 6, 0, 0, 0, 0], [6, 6, 6, 6, 6, 6, 6, 0, 0, 0, 6, 0, 6, 0, 6, 3, 3, 6, 0, 0], [6, 6, 0, 0, 0, 0, 6, 6, 0, 6, 6, 6, 0, 6, 6, 3, 3, 0, 6, 6], [6, 6, 6, 0, 0, 6, 6, 6, 0, 6, 0, 0, 6, 6, 0, 6, 0, 0, 6, 6], [0, 0, 6, 6, 0, 6, 0, 0, 0, 0, 0, 0, 6, 6, 6, 6, 6, 6, 6, 0]], "output": [[0, 6, 6, 0, 6, 0, 0, 0, 0, 0, 6, 0, 0, 0, 6, 0, 6, 6, 0, 6], [6, 6, 0, 0, 0, 6, 0, 0, 0, 6, 0, 0, 6, 0, 0, 6, 0, 0, 6, 0], [0, 0, 0, 0, 4, 4, 6, 6, 0, 0, 0, 0, 6, 6, 6, 0, 0, 0, 0, 0], [6, 6, 6, 6, 4, 4, 6, 0, 0, 0, 0, 6, 6, 6, 6, 6, 6, 6, 0, 6], [0, 6, 6, 6, 6, 0, 0, 0, 0, 6, 0, 0, 6, 0, 0, 6, 0, 6, 0, 0], [0, 0, 0, 0, 6, 0, 6, 6, 0, 0, 0, 0, 6, 6, 0, 6, 0, 6, 6, 0], [0, 0, 6, 0, 6, 6, 6, 0, 6, 4, 4, 6, 0, 6, 6, 0, 6, 6, 6, 6], [6, 0, 6, 0, 6, 6, 6, 6, 6, 4, 4, 6, 6, 6, 6, 6, 6, 6, 6, 0], [6, 0, 0, 6, 6, 6, 6, 6, 0, 6, 6, 0, 0, 0, 6, 0, 0, 0, 6, 0], [6, 6, 6, 0, 0, 6, 0, 0, 0, 6, 0, 0, 0, 0, 6, 6, 0, 6, 0, 0], [6, 6, 0, 0, 0, 6, 6, 6, 6, 6, 6, 0, 6, 0, 6, 6, 6, 0, 6, 6], [6, 6, 6, 0, 6, 0, 0, 0, 6, 6, 0, 6, 6, 0, 6, 0, 0, 6, 0, 6], [0, 6, 6, 0, 6, 6, 6, 0, 6, 0, 0, 6, 0, 0, 0, 0, 6, 6, 6, 6], [0, 0, 0, 0, 6, 0, 0, 6, 0, 0, 0, 6, 0, 6, 0, 6, 0, 6, 0, 6], [6, 0, 0, 6, 0, 0, 0, 6, 6, 0, 6, 0, 6, 6, 6, 6, 0, 6, 0, 0], [0, 6, 0, 6, 6, 0, 0, 0, 6, 0, 6, 6, 6, 0, 6, 6, 0, 0, 0, 0], [6, 6, 6, 6, 6, 6, 6, 0, 0, 0, 6, 0, 6, 0, 6, 4, 4, 6, 0, 0], [6, 6, 0, 0, 0, 0, 6, 6, 0, 6, 6, 6, 0, 6, 6, 4, 4, 0, 6, 6], [6, 6, 6, 0, 0, 6, 6, 6, 0, 6, 0, 0, 6, 6, 0, 6, 0, 0, 6, 6], [0, 0, 6, 6, 0, 6, 0, 0, 0, 0, 0, 0, 6, 6, 6, 6, 6, 6, 6, 0]]}, {"input": [[5, 0, 5, 0, 0, 5, 5, 0, 5, 0, 5, 0, 0, 5, 5, 5, 0, 0, 5, 0], [5, 5, 5, 5, 0, 0, 5, 5, 5, 5, 5, 0, 5, 0, 0, 5, 5, 5, 0, 0], [5, 0, 0, 0, 5, 0, 0, 5, 5, 5, 5, 0, 0, 0, 5, 0, 0, 5, 5, 0], [5, 5, 5, 5, 5, 0, 0, 5, 0, 0, 0, 5, 0, 5, 0, 0, 5, 0, 5, 0], [0, 0, 0, 5, 0, 0, 0, 5, 5, 5, 5, 5, 5, 5, 5, 5, 5, 5, 0, 5], [5, 0, 5, 0, 5, 0, 5, 5, 5, 5, 0, 0, 0, 0, 5, 5, 0, 0, 5, 5], [5, 0, 5, 0, 5, 0, 0, 5, 0, 5, 5, 0, 0, 5, 0, 0, 5, 0, 5, 0], [0, 5, 0, 0, 0, 0, 0, 5, 5, 0, 5, 0, 5, 5, 5, 5, 5, 0, 5, 0], [0, 0, 5, 5, 5, 5, 0, 0, 5, 5, 0, 0, 0, 5, 5, 0, 0, 5, 0, 5], [5, 0, 5, 0, 5, 5, 5, 0, 5, 5, 0, 5, 0, 5, 0, 0, 5, 5, 0, 5], [0, 0, 5, 3, 3, 5, 0, 5, 5, 5, 0, 0, 5, 5, 0, 5, 5, 5, 5, 0], [5, 5, 0, 3, 3, 5, 0, 5, 5, 5, 5, 5, 0, 5, 5, 0, 0, 5, 0, 5], [0, 5, 5, 0, 0, 5, 0, 0, 5, 5, 0, 0, 0, 0, 0, 0, 0, 5, 5, 5], [0, 5, 0, 5, 5, 0, 0, 5, 5, 0, 0, 5, 0, 0, 5, 0, 5, 0, 5, 0], [0, 5, 5, 5, 5, 0, 0, 5, 5, 3, 3, 5, 5, 5, 5, 5, 0, 5, 0, 5], [0, 0, 3, 3, 5, 5, 5, 5, 5, 3, 3, 0, 0, 0, 5, 5, 0, 0, 0, 5], [0, 0, 3, 3, 5, 5, 0, 0, 0, 0, 0, 5, 0, 5, 0, 0, 0, 5, 5, 0], [0, 0, 5, 5, 0, 5, 0, 0, 0, 0, 0, 0, 5, 0, 5, 5, 0, 0, 0, 0], [5, 0, 5, 0, 0, 0, 0, 5, 0, 5, 0, 0, 5, 5, 0, 5, 5, 5, 0, 0], [5, 5, 5, 0, 5, 5, 5, 0, 5, 5, 0, 0, 0, 5, 5, 0, 5, 0, 0, 0]], "output": [[5, 0, 5, 0, 0, 5, 5, 0, 5, 0, 5, 0, 0, 5, 5, 5, 0, 0, 5, 0], [5, 5, 5, 5, 0, 0, 5, 5, 5, 5, 5, 0, 5, 0, 0, 5, 5, 5, 0, 0], [5, 0, 0, 0, 5, 0, 0, 5, 5, 5, 5, 0, 0, 0, 5, 0, 0, 5, 5, 0], [5, 5, 5, 5, 5, 0, 0, 5, 0, 0, 0, 5, 0, 5, 0, 0, 5, 0, 5, 0], [0, 0, 0, 5, 0, 0, 0, 5, 5, 5, 5, 5, 5, 5, 5, 5, 5, 5, 0, 5], [5, 0, 5, 0, 5, 0, 5, 5, 5, 5, 0, 0, 0, 0, 5, 5, 0, 0, 5, 5], [5, 0, 5, 0, 5, 0, 0, 5, 0, 5, 5, 0, 0, 5, 0, 0, 5, 0, 5, 0], [0, 5, 0, 0, 0, 0, 0, 5, 5, 0, 5, 0, 5, 5, 5, 5, 5, 0, 5, 0], [0, 0, 5, 5, 5, 5, 0, 0, 5, 5, 0, 0, 0, 5, 5, 0, 0, 5, 0, 5], [5, 0, 5, 0, 5, 5, 5, 0, 5, 5, 0, 5, 0, 5, 0, 0, 5, 5, 0, 5], [0, 0, 5, 4, 4, 5, 0, 5, 5, 5, 0, 0, 5, 5, 0, 5, 5, 5, 5, 0], [5, 5, 0, 4, 4, 5, 0, 5, 5, 5, 5, 5, 0, 5, 5, 0, 0, 5, 0, 5], [0, 5, 5, 0, 0, 5, 0, 0, 5, 5, 0, 0, 0, 0, 0, 0, 0, 5, 5, 5], [0, 5, 0, 5, 5, 0, 0, 5, 5, 0, 0, 5, 0, 0, 5, 0, 5, 0, 5, 0], [0, 5, 5, 5, 5, 0, 0, 5, 5, 4, 4, 5, 5, 5, 5, 5, 0, 5, 0, 5], [0, 0, 4, 4, 5, 5, 5, 5, 5, 4, 4, 0, 0, 0, 5, 5, 0, 0, 0, 5], [0, 0, 4, 4, 5, 5, 0, 0, 0, 0, 0, 5, 0, 5, 0, 0, 0, 5, 5, 0], [0, 0, 5, 5, 0, 5, 0, 0, 0, 0, 0, 0, 5, 0, 5, 5, 0, 0, 0, 0], [5, 0, 5, 0, 0, 0, 0, 5, 0, 5, 0, 0, 5, 5, 0, 5, 5, 5, 0, 0], [5, 5, 5, 0, 5, 5, 5, 0, 5, 5, 0, 0, 0, 5, 5, 0, 5, 0, 0, 0]]}, {"input": [[0, 0, 3, 0, 0, 0, 3, 3, 3, 0, 0, 3, 0, 3, 0, 3, 0, 3, 3, 0], [3, 0, 0, 3, 3, 0, 0, 0, 3, 3, 3, 0, 3, 3, 3, 3, 0, 3, 3, 0], [3, 0, 0, 3, 3, 0, 0, 0, 3, 3, 3, 3, 0, 3, 0, 0, 3, 0, 0, 0], [0, 3, 3, 0, 0, 0, 0, 0, 3, 0, 0, 3, 3, 3, 0, 0, 3, 0, 3, 0], [3, 0, 3, 3, 0, 3, 3, 3, 0, 0, 3, 3, 0, 0, 3, 0, 3, 0, 3, 0], [0, 0, 3, 0, 3, 3, 3, 0, 0, 0, 3, 3, 0, 3, 3, 0, 0, 0, 0, 0], [3, 3, 3, 0, 3, 3, 3, 0, 0, 3, 3, 0, 3, 3, 3, 0, 0, 0, 3, 0], [3, 0, 3, 3, 3, 0, 3, 3, 0, 0, 0, 3, 0, 3, 0, 3, 3, 0, 3, 0], [3, 0, 0, 0, 0, 3, 0, 3, 3, 3, 3, 0, 0, 0, 3, 3, 3, 0, 3, 0], [3, 3, 3, 3, 3, 0, 3, 3, 3, 3, 3, 3, 3, 3, 3, 0, 3, 0, 0, 0], [0, 0, 3, 3, 3, 3, 3, 3, 0, 3, 0, 3, 3, 3, 3, 0, 0, 0, 3, 3], [0, 0, 0, 3, 3, 3, 0, 3, 0, 3, 3, 0, 0, 0, 3, 3, 0, 0, 3, 0], [0, 3, 0, 3, 3, 0, 3, 0, 0, 3, 0, 0, 3, 0, 0, 0, 3, 0, 0, 0], [0, 3, 0, 0, 3, 0, 3, 3, 0, 0, 0, 0, 0, 3, 3, 0, 0, 0, 3, 0], [0, 3, 0, 3, 0, 3, 3, 0, 0, 3, 0, 3, 0, 3, 3, 0, 3, 3, 0, 0], [3, 3, 3, 3, 0, 3, 0, 3, 0, 0, 0, 0, 3, 0, 3, 3, 0, 0, 3, 3], [3, 3, 3, 3, 3, 0, 0, 0, 3, 3, 0, 3, 0, 0, 0, 0, 3, 0, 3, 3], [3, 0, 0, 0, 3, 0, 0, 0, 3, 3, 0, 3, 0, 3, 3, 0, 3, 0, 3, 3], [3, 0, 3, 0, 0, 0, 3, 3, 0, 3, 0, 3, 0, 0, 0, 3, 3, 0, 0, 3], [3, 3, 0, 3, 3, 0, 3, 0, 0, 3, 3, 3, 0, 3, 0, 0, 3, 0, 3, 3]], "output": [[0, 0, 3, 0, 0, 0, 3, 3, 3, 0, 0, 3, 0, 3, 0, 3, 0, 4, 4, 0], [3, 0, 0, 4, 4, 0, 0, 0, 4, 4, 4, 0, 3, 3, 3, 3, 0, 4, 4, 0], [3, 0, 0, 4, 4, 0, 0, 0, 4, 4, 4, 3, 0, 3, 0, 0, 3, 0, 0, 0], [0, 3, 3, 0, 0, 0, 0, 0, 3, 0, 0, 3, 3, 3, 0, 0, 3, 0, 3, 0], [3, 0, 3, 3, 0, 4, 4, 3, 0, 0, 4, 4, 0, 0, 3, 0, 3, 0, 3, 0], [0, 0, 3, 0, 4, 4, 4, 0, 0, 0, 4, 4, 0, 4, 4, 0, 0, 0, 0, 0], [3, 3, 3, 0, 4, 4, 4, 0, 0, 3, 3, 0, 3, 4, 4, 0, 0, 0, 3, 0], [3, 0, 3, 3, 3, 0, 3, 3, 0, 0, 0, 3, 0, 3, 0, 4, 4, 0, 3, 0], [3, 0, 0, 0, 0, 3, 0, 4, 4, 4, 4, 0, 0, 0, 3, 4, 4, 0, 3, 0], [3, 3, 4, 4, 4, 0, 4, 4, 4, 4, 4, 4, 4, 4, 4, 0, 3, 0, 0, 0], [0, 0, 4, 4, 4, 4, 4, 4, 0, 3, 0, 4, 4, 4, 4, 0, 0, 0, 3, 3], [0, 0, 0, 4, 4, 4, 0, 3, 0, 3, 3, 0, 0, 0, 3, 3, 0, 0, 3, 0], [0, 3, 0, 4, 4, 0, 3, 0, 0, 3, 0, 0, 3, 0, 0, 0, 3, 0, 0, 0], [0, 3, 0, 0, 3, 0, 3, 3, 0, 0, 0, 0, 0, 4, 4, 0, 0, 0, 3, 0], [0, 3, 0, 3, 0, 3, 3, 0, 0, 3, 0, 3, 0, 4, 4, 0, 3, 3, 0, 0], [4, 4, 4, 4, 0, 3, 0, 3, 0, 0, 0, 0, 3, 0, 3, 3, 0, 0, 4, 4], [4, 4, 4, 4, 3, 0, 0, 0, 4, 4, 0, 3, 0, 0, 0, 0, 3, 0, 4, 4], [3, 0, 0, 0, 3, 0, 0, 0, 4, 4, 0, 3, 0, 3, 3, 0, 3, 0, 4, 4], [3, 0, 3, 0, 0, 0, 3, 3, 0, 3, 0, 3, 0, 0, 0, 3, 3, 0, 0, 3], [3, 3, 0, 3, 3, 0, 3, 0, 0, 3, 3, 3, 0, 3, 0, 0, 3, 0, 3, 3]]}, {"input": [[0, 1, 1, 1, 0, 1, 1, 1, 1, 1, 0, 1, 1, 1, 1, 1, 0, 1, 1, 1], [1, 0, 0, 1, 0, 1, 1, 1, 1, 0, 0, 0, 1, 0, 1, 0, 0, 0, 1, 0], [0, 1, 0, 1, 0, 0, 0, 1, 1, 1, 1, 0, 1, 0, 1, 1, 0, 1, 0, 1], [0, 1, 0, 0, 0, 1, 0, 1, 0, 1, 0, 1, 1, 1, 0, 0, 1, 0, 0, 0], [0, 1, 1, 0, 1, 1, 1, 0, 1, 1, 0, 0, 1, 0, 1, 1, 0, 1, 0, 0], [1, 0, 1, 1, 1, 1, 1, 1, 0, 1, 0, 1, 1, 0, 0, 0, 1, 0, 0, 0], [0, 0, 1, 0, 0, 0, 0, 0, 1, 0, 0, 0, 1, 1, 0, 1, 0, 0, 0, 1], [1, 0, 1, 0, 0, 0, 1, 0, 1, 0, 1, 1, 0, 1, 1, 0, 1, 0, 1, 0], [1, 0, 1, 0, 1, 1, 1, 0, 0, 1, 1, 0, 1, 0, 1, 0, 0, 1, 0, 1], [1, 1, 0, 0, 0, 0, 1, 0, 0, 1, 1, 0, 1, 0, 1, 1, 1, 1, 0, 1], [0, 0, 0, 0, 1, 1, 1, 0, 0, 0, 1, 0, 0, 1, 0, 0, 1, 1, 0, 1], [0, 1, 0, 1, 0, 1, 1, 0, 0, 1, 1, 1, 1, 0, 1, 1, 1, 1, 0, 1], [0, 1, 0, 0, 1, 1, 1, 1, 1, 1, 1, 1, 0, 1, 1, 1, 0, 0, 1, 1], [1, 0, 1, 1, 0, 1, 1, 1, 0, 0, 0, 0, 0, 1, 1, 1, 0, 1, 3, 3], [0, 0, 0, 0, 1, 0, 1, 0, 0, 1, 0, 1, 0, 1, 0, 0, 0, 1, 3, 3], [0, 0, 0, 1, 0, 1, 0, 0, 0, 1, 1, 0, 0, 0, 1, 1, 1, 0, 0, 0], [0, 1, 1, 1, 1, 1, 0, 0, 0, 1, 0, 1, 1, 0, 0, 0, 0, 1, 1, 1], [0, 0, 0, 0, 0, 0, 0, 1, 0, 0, 0, 0, 0, 1, 1, 1, 0, 0, 1, 1], [0, 1, 0, 0, 0, 1, 0, 0, 1, 1, 0, 1, 1, 1, 1, 1, 0, 1, 0, 1], [1, 1, 0, 0, 0, 0, 1, 1, 1, 0, 1, 0, 0, 1, 0, 0, 1, 0, 1, 1]], "output": [[0, 1, 1, 1, 0, 1, 1, 1, 1, 1, 0, 1, 1, 1, 1, 1, 0, 1, 1, 1], [1, 0, 0, 1, 0, 1, 1, 1, 1, 0, 0, 0, 1, 0, 1, 0, 0, 0, 1, 0], [0, 1, 0, 1, 0, 0, 0, 1, 1, 1, 1, 0, 1, 0, 1, 1, 0, 1, 0, 1], [0, 1, 0, 0, 0, 1, 0, 1, 0, 1, 0, 1, 1, 1, 0, 0, 1, 0, 0, 0], [0, 1, 1, 0, 1, 1, 1, 0, 1, 1, 0, 0, 1, 0, 1, 1, 0, 1, 0, 0], [1, 0, 1, 1, 1, 1, 1, 1, 0, 1, 0, 1, 1, 0, 0, 0, 1, 0, 0, 0], [0, 0, 1, 0, 0, 0, 0, 0, 1, 0, 0, 0, 1, 1, 0, 1, 0, 0, 0, 1], [1, 0, 1, 0, 0, 0, 1, 0, 1, 0, 1, 1, 0, 1, 1, 0, 1, 0, 1, 0], [1, 0, 1, 0, 1, 1, 1, 0, 0, 1, 1, 0, 1, 0, 1, 0, 0, 1, 0, 1], [1, 1, 0, 0, 0, 0, 1, 0, 0, 1, 1, 0, 1, 0, 1, 1, 1, 1, 0, 1], [0, 0, 0, 0, 1, 1, 1, 0, 0, 0, 1, 0, 0, 1, 0, 0, 1, 1, 0, 1], [0, 1, 0, 1, 0, 1, 1, 0, 0, 1, 1, 1, 1, 0, 1, 1, 1, 1, 0, 1], [0, 1, 0, 0, 1, 1, 1, 1, 1, 1, 1, 1, 0, 1, 1, 1, 0, 0, 1, 1], [1, 0, 1, 1, 0, 1, 1, 1, 0, 0, 0, 0, 0, 1, 1, 1, 0, 1, 4, 4], [0, 0, 0, 0, 1, 0, 1, 0, 0, 1, 0, 1, 0, 1, 0, 0, 0, 1, 4, 4], [0, 0, 0, 1, 0, 1, 0, 0, 0, 1, 1, 0, 0, 0, 1, 1, 1, 0, 0, 0], [0, 1, 1, 1, 1, 1, 0, 0, 0, 1, 0, 1, 1, 0, 0, 0, 0, 1, 1, 1], [0, 0, 0, 0, 0, 0, 0, 1, 0, 0, 0, 0, 0, 1, 1, 1, 0, 0, 1, 1], [0, 1, 0, 0, 0, 1, 0, 0, 1, 1, 0, 1, 1, 1, 1, 1, 0, 1, 0, 1], [1, 1, 0, 0, 0, 0, 1, 1, 1, 0, 1, 0, 0, 1, 0, 0, 1, 0, 1, 1]]}], "test": [{"input": [[0, 0, 6, 6, 0, 6, 0, 6, 6, 0, 6, 6, 6, 0, 6, 0, 0, 0, 6, 6], [6, 6, 0, 0, 6, 6, 6, 6, 0, 0, 6, 6, 0, 6, 6, 0, 0, 6, 6, 6], [0, 0, 6, 6, 0, 0, 0, 6, 6, 6, 0, 0, 6, 0, 0, 0, 6, 0, 0, 0], [6, 0, 6, 0, 0, 0, 6, 0, 0, 0, 0, 6, 6, 6, 0, 0, 0, 6, 0, 6], [0, 6, 0, 0, 6, 6, 0, 6, 6, 0, 0, 0, 6, 6, 6, 0, 6, 6, 6, 0], [0, 0, 0, 0, 0, 6, 6, 6, 0, 0, 3, 3, 6, 0, 6, 6, 0, 6, 0, 6], [0, 0, 6, 6, 6, 6, 6, 6, 6, 0, 3, 3, 0, 6, 6, 6, 6, 0, 0, 0], [6, 0, 0, 6, 6, 0, 6, 0, 0, 6, 6, 6, 6, 0, 0, 6, 6, 0, 6, 0], [0, 6, 6, 6, 6, 0, 0, 6, 6, 0, 0, 6, 0, 0, 0, 0, 0, 6, 0, 0], [6, 6, 6, 6, 0, 6, 0, 6, 0, 0, 6, 0, 0, 6, 6, 0, 6, 6, 0, 0], [6, 6, 6, 6, 3, 3, 0, 6, 6, 6, 6, 0, 6, 6, 6, 6, 0, 0, 0, 0], [0, 0, 0, 0, 3, 3, 6, 6, 0, 0, 0, 6, 6, 0, 6, 0, 6, 6, 0, 6], [6, 6, 0, 6, 6, 0, 6, 6, 6, 6, 6, 0, 0, 0, 0, 0, 6, 6, 0, 6], [0, 0, 0, 6, 0, 0, 6, 6, 0, 0, 0, 0, 6, 6, 0, 0, 6, 6, 0, 0], [0, 0, 6, 6, 0, 6, 6, 6, 6, 0, 0, 6, 0, 0, 6, 6, 6, 0, 6, 6], [0, 6, 6, 0, 6, 0, 0, 0, 6, 0, 6, 0, 0, 6, 0, 6, 6, 0, 6, 0], [0, 0, 0, 0, 0, 6, 0, 0, 3, 3, 6, 6, 0, 6, 0, 6, 6, 0, 0, 6], [0, 6, 0, 6, 0, 0, 6, 0, 3, 3, 0, 6, 6, 0, 6, 0, 0, 0, 6, 6], [0, 6, 0, 6, 6, 6, 0, 0, 6, 6, 0, 0, 0, 6, 0, 6, 6, 6, 6, 0], [6, 6, 0, 6, 6, 6, 6, 6, 6, 6, 6, 0, 6, 0, 6, 6, 0, 0, 6, 6]], "output": [[0, 0, 6, 6, 0, 6, 0, 6, 6, 0, 6, 6, 6, 0, 6, 0, 0, 0, 6, 6], [6, 6, 0, 0, 6, 6, 6, 6, 0, 0, 6, 6, 0, 6, 6, 0, 0, 6, 6, 6], [0, 0, 6, 6, 0, 0, 0, 6, 6, 6, 0, 0, 6, 0, 0, 0, 6, 0, 0, 0], [6, 0, 6, 0, 0, 0, 6, 0, 0, 0, 0, 6, 6, 6, 0, 0, 0, 6, 0, 6], [0, 6, 0, 0, 6, 6, 0, 6, 6, 0, 0, 0, 6, 6, 6, 0, 6, 6, 6, 0], [0, 0, 0, 0, 0, 6, 6, 6, 0, 0, 4, 4, 6, 0, 6, 6, 0, 6, 0, 6], [0, 0, 6, 6, 6, 6, 6, 6, 6, 0, 4, 4, 0, 6, 6, 6, 6, 0, 0, 0], [6, 0, 0, 6, 6, 0, 6, 0, 0, 6, 6, 6, 6, 0, 0, 6, 6, 0, 6, 0], [0, 6, 6, 6, 6, 0, 0, 6, 6, 0, 0, 6, 0, 0, 0, 0, 0, 6, 0, 0], [6, 6, 6, 6, 0, 6, 0, 6, 0, 0, 6, 0, 0, 6, 6, 0, 6, 6, 0, 0], [6, 6, 6, 6, 4, 4, 0, 6, 6, 6, 6, 0, 6, 6, 6, 6, 0, 0, 0, 0], [0, 0, 0, 0, 4, 4, 6, 6, 0, 0, 0, 6, 6, 0, 6, 0, 6, 6, 0, 6], [6, 6, 0, 6, 6, 0, 6, 6, 6, 6, 6, 0, 0, 0, 0, 0, 6, 6, 0, 6], [0, 0, 0, 6, 0, 0, 6, 6, 0, 0, 0, 0, 6, 6, 0, 0, 6, 6, 0, 0], [0, 0, 6, 6, 0, 6, 6, 6, 6, 0, 0, 6, 0, 0, 6, 6, 6, 0, 6, 6], [0, 6, 6, 0, 6, 0, 0, 0, 6, 0, 6, 0, 0, 6, 0, 6, 6, 0, 6, 0], [0, 0, 0, 0, 0, 6, 0, 0, 4, 4, 6, 6, 0, 6, 0, 6, 6, 0, 0, 6], [0, 6, 0, 6, 0, 0, 6, 0, 4, 4, 0, 6, 6, 0, 6, 0, 0, 0, 6, 6], [0, 6, 0, 6, 6, 6, 0, 0, 6, 6, 0, 0, 0, 6, 0, 6, 6, 6, 6, 0], [6, 6, 0, 6, 6, 6, 6, 6, 6, 6, 6, 0, 6, 0, 6, 6, 0, 0, 6, 6]]}, {"input": [[0, 4, 3, 3, 4, 0, 4, 4, 4, 0, 0, 0, 0, 4, 4, 0, 0, 0, 4, 4], [4, 4, 3, 3, 4, 4, 0, 4, 0, 4, 0, 4, 0, 0, 4, 0, 0, 4, 4, 4], [4, 4, 0, 4, 4, 4, 0, 0, 0, 0, 4, 4, 0, 3, 3, 4, 0, 4, 0, 0], [4, 0, 4, 4, 4, 0, 4, 4, 4, 0, 4, 4, 0, 3, 3, 0, 4, 4, 4, 4], [4, 4, 0, 4, 4, 0, 4, 0, 4, 4, 0, 0, 4, 0, 4, 0, 4, 0, 4, 4], [0, 4, 4, 4, 4, 0, 4, 0, 4, 4, 4, 0, 4, 0, 4, 0, 0, 0, 0, 0], [4, 4, 0, 0, 0, 0, 0, 4, 0, 4, 4, 0, 4, 4, 0, 0, 4, 4, 0, 4], [4, 4, 0, 4, 0, 0, 0, 4, 4, 4, 4, 0, 0, 0, 4, 4, 0, 4, 4, 0], [0, 4, 0, 4, 4, 4, 4, 4, 4, 4, 0, 0, 4, 0, 0, 0, 0, 0, 4, 4], [0, 0, 0, 4, 0, 4, 4, 4, 0, 4, 4, 0, 0, 0, 0, 4, 4, 4, 4, 0], [0, 4, 4, 0, 4, 0, 0, 0, 0, 4, 4, 4, 0, 4, 4, 0, 4, 4, 0, 4], [0, 4, 4, 4, 0, 4, 0, 4, 4, 4, 0, 0, 0, 0, 0, 4, 0, 4, 4, 0], [3, 3, 0, 0, 0, 0, 4, 4, 4, 4, 4, 0, 0, 0, 0, 4, 0, 0, 4, 4], [3, 3, 0, 0, 4, 4, 0, 4, 4, 4, 4, 0, 0, 4, 4, 0, 4, 4, 4, 0], [0, 4, 4, 0, 4, 4, 0, 4, 4, 4, 0, 4, 4, 0, 4, 0, 0, 0, 0, 4], [0, 0, 0, 0, 0, 4, 0, 0, 4, 4, 4, 4, 4, 0, 0, 0, 4, 4, 0, 0], [0, 4, 0, 4, 0, 4, 4, 4, 4, 4, 0, 0, 4, 4, 4, 0, 0, 3, 3, 4], [0, 4, 0, 4, 4, 0, 0, 4, 0, 0, 0, 4, 4, 0, 0, 0, 0, 3, 3, 0], [0, 4, 0, 0, 4, 0, 4, 4, 0, 4, 0, 0, 4, 0, 4, 4, 4, 0, 4, 4], [0, 0, 0, 0, 4, 0, 4, 4, 0, 0, 0, 0, 4, 0, 0, 0, 4, 4, 0, 4]], "output": [[0, 4, 4, 4, 4, 0, 4, 4, 4, 0, 0, 0, 0, 4, 4, 0, 0, 0, 4, 4], [4, 4, 4, 4, 4, 4, 0, 4, 0, 4, 0, 4, 0, 0, 4, 0, 0, 4, 4, 4], [4, 4, 0, 4, 4, 4, 0, 0, 0, 0, 4, 4, 0, 4, 4, 4, 0, 4, 0, 0], [4, 0, 4, 4, 4, 0, 4, 4, 4, 0, 4, 4, 0, 4, 4, 0, 4, 4, 4, 4], [4, 4, 0, 4, 4, 0, 4, 0, 4, 4, 0, 0, 4, 0, 4, 0, 4, 0, 4, 4], [0, 4, 4, 4, 4, 0, 4, 0, 4, 4, 4, 0, 4, 0, 4, 0, 0, 0, 0, 0], [4, 4, 0, 0, 0, 0, 0, 4, 0, 4, 4, 0, 4, 4, 0, 0, 4, 4, 0, 4], [4, 4, 0, 4, 0, 0, 0, 4, 4, 4, 4, 0, 0, 0, 4, 4, 0, 4, 4, 0], [0, 4, 0, 4, 4, 4, 4, 4, 4, 4, 0, 0, 4, 0, 0, 0, 0, 0, 4, 4], [0, 0, 0, 4, 0, 4, 4, 4, 0, 4, 4, 0, 0, 0, 0, 4, 4, 4, 4, 0], [0, 4, 4, 0, 4, 0, 0, 0, 0, 4, 4, 4, 0, 4, 4, 0, 4, 4, 0, 4], [0, 4, 4, 4, 0, 4, 0, 4, 4, 4, 0, 0, 0, 0, 0, 4, 0, 4, 4, 0], [4, 4, 0, 0, 0, 0, 4, 4, 4, 4, 4, 0, 0, 0, 0, 4, 0, 0, 4, 4], [4, 4, 0, 0, 4, 4, 0, 4, 4, 4, 4, 0, 0, 4, 4, 0, 4, 4, 4, 0], [0, 4, 4, 0, 4, 4, 0, 4, 4, 4, 0, 4, 4, 0, 4, 0, 0, 0, 0, 4], [0, 0, 0, 0, 0, 4, 0, 0, 4, 4, 4, 4, 4, 0, 0, 0, 4, 4, 0, 0], [0, 4, 0, 4, 0, 4, 4, 4, 4, 4, 0, 0, 4, 4, 4, 0, 0, 4, 4, 4], [0, 4, 0, 4, 4, 0, 0, 4, 0, 0, 0, 4, 4, 0, 0, 0, 0, 4, 4, 0], [0, 4, 0, 0, 4, 0, 4, 4, 0, 4, 0, 0, 4, 0, 4, 4, 4, 0, 4, 4], [0, 0, 0, 0, 4, 0, 4, 4, 0, 0, 0, 0, 4, 0, 0, 0, 4, 4, 0, 4]]}, {"input": [[6, 6, 0, 6, 0, 0, 6, 0, 6, 6, 6, 6, 0, 0, 6, 6, 6, 6, 0, 0], [0, 0, 6, 6, 6, 6, 0, 6, 0, 6, 0, 6, 6, 6, 6, 6, 0, 0, 0, 6], [6, 6, 0, 6, 0, 6, 6, 6, 0, 6, 6, 6, 0, 6, 0, 6, 6, 0, 0, 6], [0, 6, 6, 6, 0, 0, 0, 0, 6, 0, 0, 6, 6, 0, 6, 0, 6, 0, 6, 6], [6, 6, 0, 0, 0, 6, 6, 0, 6, 0, 6, 6, 6, 0, 0, 6, 0, 0, 6, 6], [0, 6, 0, 6, 0, 0, 6, 6, 6, 0, 0, 0, 6, 6, 6, 0, 0, 6, 0, 6], [6, 6, 0, 6, 0, 6, 0, 6, 0, 6, 6, 6, 0, 0, 6, 6, 0, 6, 0, 0], [6, 6, 6, 6, 6, 6, 6, 6, 6, 6, 0, 0, 6, 6, 6, 0, 6, 6, 6, 6], [6, 6, 6, 0, 6, 6, 0, 0, 0, 0, 0, 0, 6, 0, 0, 0, 6, 0, 0, 6], [6, 0, 0, 0, 0, 6, 6, 0, 0, 6, 0, 0, 0, 0, 6, 0, 6, 6, 6, 0], [6, 0, 0, 6, 6, 6, 6, 0, 0, 3, 3, 6, 6, 0, 6, 6, 6, 0, 0, 0], [6, 6, 6, 6, 0, 0, 6, 0, 6, 3, 3, 0, 0, 0, 0, 0, 0, 6, 0, 6], [0, 0, 6, 6, 6, 0, 0, 0, 6, 0, 0, 0, 0, 6, 6, 0, 6, 6, 0, 6], [0, 0, 6, 6, 3, 3, 6, 6, 6, 6, 0, 0, 6, 6, 0, 0, 0, 6, 6, 0], [0, 0, 0, 0, 3, 3, 0, 6, 0, 0, 0, 0, 0, 6, 0, 0, 0, 6, 0, 0], [0, 6, 6, 6, 6, 0, 0, 0, 6, 6, 0, 0, 6, 6, 0, 6, 0, 0, 6, 0], [0, 6, 0, 6, 6, 6, 0, 0, 6, 0, 0, 6, 0, 6, 0, 0, 6, 0, 6, 0], [6, 0, 0, 0, 6, 0, 6, 0, 0, 0, 6, 6, 6, 6, 0, 0, 0, 6, 6, 0], [0, 6, 0, 6, 0, 0, 6, 6, 0, 6, 6, 0, 0, 0, 6, 6, 0, 6, 6, 6], [6, 6, 0, 0, 0, 0, 6, 0, 6, 0, 6, 0, 6, 0, 6, 6, 0, 6, 0, 0]], "output": [[6, 6, 0, 6, 0, 0, 6, 0, 6, 6, 6, 6, 0, 0, 6, 6, 6, 6, 0, 0], [0, 0, 6, 6, 6, 6, 0, 6, 0, 6, 0, 6, 6, 6, 6, 6, 0, 0, 0, 6], [6, 6, 0, 6, 0, 6, 6, 6, 0, 6, 6, 6, 0, 6, 0, 6, 6, 0, 0, 6], [0, 6, 6, 6, 0, 0, 0, 0, 6, 0, 0, 6, 6, 0, 6, 0, 6, 0, 6, 6], [6, 6, 0, 0, 0, 6, 6, 0, 6, 0, 6, 6, 6, 0, 0, 6, 0, 0, 6, 6], [0, 6, 0, 6, 0, 0, 6, 6, 6, 0, 0, 0, 6, 6, 6, 0, 0, 6, 0, 6], [6, 6, 0, 6, 0, 6, 0, 6, 0, 6, 6, 6, 0, 0, 6, 6, 0, 6, 0, 0], [6, 6, 6, 6, 6, 6, 6, 6, 6, 6, 0, 0, 6, 6, 6, 0, 6, 6, 6, 6], [6, 6, 6, 0, 6, 6, 0, 0, 0, 0, 0, 0, 6, 0, 0, 0, 6, 0, 0, 6], [6, 0, 0, 0, 0, 6, 6, 0, 0, 6, 0, 0, 0, 0, 6, 0, 6, 6, 6, 0], [6, 0, 0, 6, 6, 6, 6, 0, 0, 4, 4, 6, 6, 0, 6, 6, 6, 0, 0, 0], [6, 6, 6, 6, 0, 0, 6, 0, 6, 4, 4, 0, 0, 0, 0, 0, 0, 6, 0, 6], [0, 0, 6, 6, 6, 0, 0, 0, 6, 0, 0, 0, 0, 6, 6, 0, 6, 6, 0, 6], [0, 0, 6, 6, 4, 4, 6, 6, 6, 6, 0, 0, 6, 6, 0, 0, 0, 6, 6, 0], [0, 0, 0, 0, 4, 4, 0, 6, 0, 0, 0, 0, 0, 6, 0, 0, 0, 6, 0, 0], [0, 6, 6, 6, 6, 0, 0, 0, 6, 6, 0, 0, 6, 6, 0, 6, 0, 0, 6, 0], [0, 6, 0, 6, 6, 6, 0, 0, 6, 0, 0, 6, 0, 6, 0, 0, 6, 0, 6, 0], [6, 0, 0, 0, 6, 0, 6, 0, 0, 0, 6, 6, 6, 6, 0, 0, 0, 6, 6, 0], [0, 6, 0, 6, 0, 0, 6, 6, 0, 6, 6, 0, 0, 0, 6, 6, 0, 6, 6, 6], [6, 6, 0, 0, 0, 0, 6, 0, 6, 0, 6, 0, 6, 0, 6, 6, 0, 6, 0, 0]]}]}