{"train": [{"input": [[8, 0, 0, 0, 0, 0, 0], [8, 4, 4, 4, 0, 0, 0], [8, 0, 4, 4, 4, 0, 0], [8, 0, 4, 0, 4, 0, 0], [8, 0, 4, 0, 4, 0, 0], [8, 0, 4, 4, 4, 4, 0], [8, 0, 0, 0, 0, 0, 0]], "output": [[0, 0, 0, 0, 0, 0, 0], [0, 8, 8, 8, 8, 8, 0], [0, 8, 8, 8, 8, 8, 0], [0, 8, 8, 8, 8, 8, 0], [0, 8, 8, 8, 8, 8, 0], [0, 8, 8, 8, 8, 8, 0], [0, 0, 0, 0, 0, 0, 0]]}, {"input": [[6, 0, 0, 0, 0, 0, 0], [6, 0, 3, 3, 0, 0, 0], [6, 3, 3, 3, 3, 3, 0], [6, 3, 0, 3, 3, 3, 0], [6, 0, 0, 3, 3, 3, 0], [6, 0, 0, 0, 3, 0, 0], [6, 0, 0, 0, 0, 0, 0]], "output": [[0, 0, 0, 0, 0, 0, 0], [0, 6, 6, 6, 6, 6, 0], [0, 6, 6, 6, 6, 6, 0], [0, 6, 6, 6, 6, 6, 0], [0, 6, 6, 6, 6, 6, 0], [0, 6, 6, 6, 6, 6, 0], [0, 0, 0, 0, 0, 0, 0]]}, {"input": [[7, 0, 0, 0, 0, 0, 0], [7, 0, 0, 3, 3, 3, 0], [7, 0, 0, 3, 3, 3, 0], [7, 3, 3, 3, 3, 3, 0], [7, 0, 0, 3, 3, 0, 0], [7, 3, 3, 3, 3, 0, 0], [7, 0, 0, 0, 0, 0, 0]], "output": [[0, 0, 0, 0, 0, 0, 0], [0, 7, 7, 7, 7, 7, 0], [0, 7, 7, 7, 7, 7, 0], [0, 7, 7, 7, 7, 7, 0], [0, 7, 7, 7, 7, 7, 0], [0, 7, 7, 7, 7, 7, 0], [0, 0, 0, 0, 0, 0, 0]]}, {"input": [[5, 0, 0, 0, 0, 0, 0], [5, 5, 5, 0, 5, 5, 0], [5, 5, 5, 5, 5, 5, 0], [5, 0, 5, 0, 5, 5, 0], [5, 0, 0, 5, 5, 5, 0], [5, 0, 0, 5, 5, 0, 0], [5, 0, 0, 0, 0, 0, 0]], "output": [[0, 0, 0, 0, 0, 0, 0], [0, 5, 5, 5, 5, 5, 0], [0, 5, 5, 5, 5, 5, 0], [0, 5, 5, 5, 5, 5, 0], [0, 5, 5, 5, 5, 5, 0], [0, 5, 5, 5, 5, 5, 0], [0, 0, 0, 0, 0, 0, 0]]}, {"input": [[5, 0, 0, 0, 0, 0, 0], [5, 0, 0, 8, 8, 0, 0], [5, 0, 0, 8, 8, 0, 0], [5, 0, 0, 0, 8, 0, 0], [5, 8, 8, 8, 8, 8, 0], [5, 0, 0, 0, 8, 8, 0], [5, 0, 0, 0, 0, 0, 0]], "output": [[0, 0, 0, 0, 0, 0, 0], [0, 5, 5, 5, 5, 5, 0], [0, 5, 5, 5, 5, 5, 0], [0, 5, 5, 5, 5, 5, 0], [0, 5, 5, 5, 5, 5, 0], [0, 5, 5, 5, 5, 5, 0], [0, 0, 0, 0, 0, 0, 0]]}, {"input": [[1, 0, 0, 0, 0, 0, 0], [1, 0, 0, 6, 6, 6, 0], [1, 0, 0, 6, 6, 6, 0], [1, 0, 0, 6, 6, 0, 0], [1, 6, 6, 6, 6, 0, 0], [1, 6, 6, 6, 0, 0, 0], [1, 0, 0, 0, 0, 0, 0]], "output": [[0, 0, 0, 0, 0, 0, 0], [0, 1, 1, 1, 1, 1, 0], [0, 1, 1, 1, 1, 1, 0], [0, 1, 1, 1, 1, 1, 0], [0, 1, 1, 1, 1, 1, 0], [0, 1, 1, 1, 1, 1, 0], [0, 0, 0, 0, 0, 0, 0]]}, {"input": [[7, 0, 0, 0, 0, 0, 0], [7, 0, 0, 0, 2, 2, 0], [7, 0, 2, 2, 0, 2, 0], [7, 0, 2, 2, 2, 2, 0], [7, 2, 2, 2, 2, 2, 0], [7, 2, 2, 2, 0, 0, 0], [7, 0, 0, 0, 0, 0, 0]], "output": [[0, 0, 0, 0, 0, 0, 0], [0, 7, 7, 7, 7, 7, 0], [0, 7, 7, 7, 7, 7, 0], [0, 7, 7, 7, 7, 7, 0], [0, 7, 7, 7, 7, 7, 0], [0, 7, 7, 7, 7, 7, 0], [0, 0, 0, 0, 0, 0, 0]]}, {"input": [[9, 0, 0, 0, 0, 0, 0], [9, 0, 0, 0, 9, 0, 0], [9, 0, 0, 9, 9, 0, 0], [9, 9, 9, 9, 9, 0, 0], [9, 0, 9, 9, 9, 0, 0], [9, 0, 9, 9, 9, 9, 0], [9, 0, 0, 0, 0, 0, 0]], "output": [[0, 0, 0, 0, 0, 0, 0], [0, 9, 9, 9, 9, 9, 0], [0, 9, 9, 9, 9, 9, 0], [0, 9, 9, 9, 9, 9, 0], [0, 9, 9, 9, 9, 9, 0], [0, 9, 9, 9, 9, 9, 0], [0, 0, 0, 0, 0, 0, 0]]}, {"input": [[3, 0, 0, 0, 0, 0, 0], [3, 0, 6, 6, 6, 6, 0], [3, 6, 6, 6, 6, 0, 0], [3, 0, 6, 6, 0, 0, 0], [3, 0, 0, 6, 0, 0, 0], [3, 0, 0, 6, 6, 0, 0], [3, 0, 0, 0, 0, 0, 0]], "output": [[0, 0, 0, 0, 0, 0, 0], [0, 3, 3, 3, 3, 3, 0], [0, 3, 3, 3, 3, 3, 0], [0, 3, 3, 3, 3, 3, 0], [0, 3, 3, 3, 3, 3, 0], [0, 3, 3, 3, 3, 3, 0], [0, 0, 0, 0, 0, 0, 0]]}, {"input": [[2, 0, 0, 0, 0, 0, 0], [2, 0, 0, 0, 5, 5, 0], [2, 5, 5, 5, 5, 5, 0], [2, 0, 5, 5, 0, 0, 0], [2, 0, 5, 5, 0, 0, 0], [2, 0, 0, 5, 0, 0, 0], [2, 0, 0, 0, 0, 0, 0]], "output": [[0, 0, 0, 0, 0, 0, 0], [0, 2, 2, 2, 2, 2, 0], [0, 2, 2, 2, 2, 2, 0], [0, 2, 2, 2, 2, 2, 0], [0, 2, 2, 2, 2, 2, 0], [0, 2, 2, 2, 2, 2, 0], [0, 0, 0, 0, 0, 0, 0]]}, {"input": [[5, 0, 0, 0, 0, 0, 0], [5, 0, 0, 0, 0, 2, 0], [5, 0, 0, 0, 2, 2, 0], [5, 0, 2, 0, 2, 2, 0], [5, 0, 2, 2, 2, 0, 0], [5, 2, 2, 2, 2, 0, 0], [5, 0, 0, 0, 0, 0, 0]], "output": [[0, 0, 0, 0, 0, 0, 0], [0, 5, 5, 5, 5, 5, 0], [0, 5, 5, 5, 5, 5, 0], [0, 5, 5, 5, 5, 5, 0], [0, 5, 5, 5, 5, 5, 0], [0, 5, 5, 5, 5, 5, 0], [0, 0, 0, 0, 0, 0, 0]]}, {"input": [[8, 0, 0, 0, 0, 0, 0], [8, 2, 2, 2, 2, 2, 0], [8, 2, 2, 2, 2, 2, 0], [8, 2, 2, 0, 0, 0, 0], [8, 2, 2, 0, 0, 0, 0], [8, 0, 2, 2, 0, 0, 0], [8, 0, 0, 0, 0, 0, 0]], "output": [[0, 0, 0, 0, 0, 0, 0], [0, 8, 8, 8, 8, 8, 0], [0, 8, 8, 8, 8, 8, 0], [0, 8, 8, 8, 8, 8, 0], [0, 8, 8, 8, 8, 8, 0], [0, 8, 8, 8, 8, 8, 0], [0, 0, 0, 0, 0, 0, 0]]}, {"input": [[3, 0, 0, 0, 0, 0, 0], [3, 0, 0, 0, 1, 0, 0], [3, 0, 0, 0, 1, 1, 0], [3, 0, 0, 0, 1, 1, 0], [3, 0, 0, 1, 1, 1, 0], [3, 1, 1, 1, 0, 0, 0], [3, 0, 0, 0, 0, 0, 0]], "output": [[0, 0, 0, 0, 0, 0, 0], [0, 3, 3, 3, 3, 3, 0], [0, 3, 3, 3, 3, 3, 0], [0, 3, 3, 3, 3, 3, 0], [0, 3, 3, 3, 3, 3, 0], [0, 3, 3, 3, 3, 3, 0], [0, 0, 0, 0, 0, 0, 0]]}, {"input": [[4, 0, 0, 0, 0, 0, 0], [4, 0, 0, 0, 2, 0, 0], [4, 0, 0, 2, 2, 0, 0], [4, 2, 0, 2, 2, 2, 0], [4, 2, 2, 2, 2, 2, 0], [4, 2, 2, 2, 2, 2, 0], [4, 0, 0, 0, 0, 0, 0]], "output": [[0, 0, 0, 0, 0, 0, 0], [0, 4, 4, 4, 4, 4, 0], [0, 4, 4, 4, 4, 4, 0], [0, 4, 4, 4, 4, 4, 0], [0, 4, 4, 4, 4, 4, 0], [0, 4, 4, 4, 4, 4, 0], [0, 0, 0, 0, 0, 0, 0]]}, {"input": [[9, 0, 0, 0, 0, 0, 0], [9, 2, 2, 2, 2, 2, 0], [9, 2, 2, 2, 2, 2, 0], [9, 0, 2, 2, 0, 2, 0], [9, 0, 0, 0, 0, 2, 0], [9, 0, 0, 0, 0, 2, 0], [9, 0, 0, 0, 0, 0, 0]], "output": [[0, 0, 0, 0, 0, 0, 0], [0, 9, 9, 9, 9, 9, 0], [0, 9, 9, 9, 9, 9, 0], [0, 9, 9, 9, 9, 9, 0], [0, 9, 9, 9, 9, 9, 0], [0, 9, 9, 9, 9, 9, 0], [0, 0, 0, 0, 0, 0, 0]]}, {"input": [[2, 0, 0, 0, 0, 0, 0], [2, 8, 8, 8, 8, 8, 0], [2, 8, 8, 8, 8, 8, 0], [2, 8, 8, 8, 0, 0, 0], [2, 0, 8, 8, 0, 0, 0], [2, 0, 8, 0, 0, 0, 0], [2, 0, 0, 0, 0, 0, 0]], "output": [[0, 0, 0, 0, 0, 0, 0], [0, 2, 2, 2, 2, 2, 0], [0, 2, 2, 2, 2, 2, 0], [0, 2, 2, 2, 2, 2, 0], [0, 2, 2, 2, 2, 2, 0], [0, 2, 2, 2, 2, 2, 0], [0, 0, 0, 0, 0, 0, 0]]}, {"input": [[3, 0, 0, 0, 0, 0, 0], [3, 0, 1, 0, 1, 0, 0], [3, 0, 1, 1, 1, 1, 0], [3, 0, 1, 0, 0, 1, 0], [3, 1, 1, 0, 0, 0, 0], [3, 1, 1, 0, 0, 0, 0], [3, 0, 0, 0, 0, 0, 0]], "output": [[0, 0, 0, 0, 0, 0, 0], [0, 3, 3, 3, 3, 3, 0], [0, 3, 3, 3, 3, 3, 0], [0, 3, 3, 3, 3, 3, 0], [0, 3, 3, 3, 3, 3, 0], [0, 3, 3, 3, 3, 3, 0], [0, 0, 0, 0, 0, 0, 0]]}, {"input": [[7, 0, 0, 0, 0, 0, 0], [7, 0, 0, 0, 1, 1, 0], [7, 0, 0, 1, 1, 1, 0], [7, 0, 0, 0, 0, 1, 0], [7, 0, 0, 0, 0, 1, 0], [7, 1, 1, 1, 1, 1, 0], [7, 0, 0, 0, 0, 0, 0]], "output": [[0, 0, 0, 0, 0, 0, 0], [0, 7, 7, 7, 7, 7, 0], [0, 7, 7, 7, 7, 7, 0], [0, 7, 7, 7, 7, 7, 0], [0, 7, 7, 7, 7, 7, 0], [0, 7, 7, 7, 7, 7, 0], [0, 0, 0, 0, 0, 0, 0]]}, {"input": [[6, 0, 0, 0, 0, 0, 0], [6, 8, 8, 8, 8, 8, 0], [6, 0, 0, 8, 8, 8, 0], [6, 0, 0, 0, 0, 8, 0], [6, 0, 0, 8, 0, 8, 0], [6, 0, 0, 8, 8, 8, 0], [6, 0, 0, 0, 0, 0, 0]], "output": [[0, 0, 0, 0, 0, 0, 0], [0, 6, 6, 6, 6, 6, 0], [0, 6, 6, 6, 6, 6, 0], [0, 6, 6, 6, 6, 6, 0], [0, 6, 6, 6, 6, 6, 0], [0, 6, 6, 6, 6, 6, 0], [0, 0, 0, 0, 0, 0, 0]]}, {"input": [[7, 0, 0, 0, 0, 0, 0], [7, 3, 3, 3, 3, 3, 0], [7, 3, 3, 3, 3, 3, 0], [7, 0, 3, 0, 0, 3, 0], [7, 0, 3, 0, 0, 0, 0], [7, 0, 3, 3, 0, 0, 0], [7, 0, 0, 0, 0, 0, 0]], "output": [[0, 0, 0, 0, 0, 0, 0], [0, 7, 7, 7, 7, 7, 0], [0, 7, 7, 7, 7, 7, 0], [0, 7, 7, 7, 7, 7, 0], [0, 7, 7, 7, 7, 7, 0], [0, 7, 7, 7, 7, 7, 0], [0, 0, 0, 0, 0, 0, 0]]}, {"input": [[7, 0, 0, 0, 0, 0, 0], [7, 0, 7, 7, 7, 0, 0], [7, 7, 7, 7, 7, 7, 0], [7, 7, 0, 7, 7, 7, 0], [7, 0, 0, 7, 0, 7, 0], [7, 0, 0, 0, 0, 7, 0], [7, 0, 0, 0, 0, 0, 0]], "output": [[0, 0, 0, 0, 0, 0, 0], [0, 7, 7, 7, 7, 7, 0], [0, 7, 7, 7, 7, 7, 0], [0, 7, 7, 7, 7, 7, 0], [0, 7, 7, 7, 7, 7, 0], [0, 7, 7, 7, 7, 7, 0], [0, 0, 0, 0, 0, 0, 0]]}, {"input": [[6, 0, 0, 0, 0, 0, 0], [6, 7, 7, 0, 0, 0, 0], [6, 7, 7, 7, 0, 0, 0], [6, 7, 7, 7, 7, 7, 0], [6, 7, 7, 7, 0, 0, 0], [6, 7, 7, 0, 0, 0, 0], [6, 0, 0, 0, 0, 0, 0]], "output": [[0, 0, 0, 0, 0, 0, 0], [0, 6, 6, 6, 6, 6, 0], [0, 6, 6, 6, 6, 6, 0], [0, 6, 6, 6, 6, 6, 0], [0, 6, 6, 6, 6, 6, 0], [0, 6, 6, 6, 6, 6, 0], [0, 0, 0, 0, 0, 0, 0]]}, {"input": [[3, 0, 0, 0, 0, 0, 0], [3, 0, 0, 3, 3, 3, 0], [3, 0, 0, 3, 3, 3, 0], [3, 0, 3, 3, 3, 3, 0], [3, 0, 3, 3, 0, 0, 0], [3, 3, 3, 3, 3, 0, 0], [3, 0, 0, 0, 0, 0, 0]], "output": [[0, 0, 0, 0, 0, 0, 0], [0, 3, 3, 3, 3, 3, 0], [0, 3, 3, 3, 3, 3, 0], [0, 3, 3, 3, 3, 3, 0], [0, 3, 3, 3, 3, 3, 0], [0, 3, 3, 3, 3, 3, 0], [0, 0, 0, 0, 0, 0, 0]]}, {"input": [[4, 0, 0, 0, 0, 0, 0], [4, 0, 0, 0, 6, 6, 0], [4, 0, 6, 6, 6, 6, 0], [4, 6, 6, 0, 6, 6, 0], [4, 0, 6, 6, 6, 6, 0], [4, 0, 6, 0, 0, 0, 0], [4, 0, 0, 0, 0, 0, 0]], "output": [[0, 0, 0, 0, 0, 0, 0], [0, 4, 4, 4, 4, 4, 0], [0, 4, 4, 4, 4, 4, 0], [0, 4, 4, 4, 4, 4, 0], [0, 4, 4, 4, 4, 4, 0], [0, 4, 4, 4, 4, 4, 0], [0, 0, 0, 0, 0, 0, 0]]}, {"input": [[6, 0, 0, 0, 0, 0, 0], [6, 5, 5, 5, 5, 0, 0], [6, 5, 5, 5, 0, 5, 0], [6, 0, 0, 5, 5, 5, 0], [6, 0, 5, 5, 5, 5, 0], [6, 0, 5, 0, 5, 5, 0], [6, 0, 0, 0, 0, 0, 0]], "output": [[0, 0, 0, 0, 0, 0, 0], [0, 6, 6, 6, 6, 6, 0], [0, 6, 6, 6, 6, 6, 0], [0, 6, 6, 6, 6, 6, 0], [0, 6, 6, 6, 6, 6, 0], [0, 6, 6, 6, 6, 6, 0], [0, 0, 0, 0, 0, 0, 0]]}, {"input": [[1, 0, 0, 0, 0, 0, 0], [1, 0, 0, 0, 2, 2, 0], [1, 2, 0, 2, 2, 0, 0], [1, 2, 0, 2, 2, 0, 0], [1, 2, 2, 2, 2, 2, 0], [1, 0, 0, 2, 2, 0, 0], [1, 0, 0, 0, 0, 0, 0]], "output": [[0, 0, 0, 0, 0, 0, 0], [0, 1, 1, 1, 1, 1, 0], [0, 1, 1, 1, 1, 1, 0], [0, 1, 1, 1, 1, 1, 0], [0, 1, 1, 1, 1, 1, 0], [0, 1, 1, 1, 1, 1, 0], [0, 0, 0, 0, 0, 0, 0]]}, {"input": [[9, 0, 0, 0, 0, 0, 0], [9, 3, 3, 3, 3, 3, 0], [9, 3, 3, 3, 3, 3, 0], [9, 0, 3, 3, 3, 3, 0], [9, 0, 3, 3, 3, 0, 0], [9, 0, 0, 3, 0, 0, 0], [9, 0, 0, 0, 0, 0, 0]], "output": [[0, 0, 0, 0, 0, 0, 0], [0, 9, 9, 9, 9, 9, 0], [0, 9, 9, 9, 9, 9, 0], [0, 9, 9, 9, 9, 9, 0], [0, 9, 9, 9, 9, 9, 0], [0, 9, 9, 9, 9, 9, 0], [0, 0, 0, 0, 0, 0, 0]]}], "test": [{"input": [[9, 0, 0, 0, 0, 0, 0], [9, 0, 0, 6, 0, 0, 0], [9, 0, 0, 6, 0, 0, 0], [9, 0, 0, 6, 0, 0, 0], [9, 6, 6, 6, 6, 6, 0], [9, 0, 6, 6, 6, 6, 0], [9, 0, 0, 0, 0, 0, 0]], "output": [[0, 0, 0, 0, 0, 0, 0], [0, 9, 9, 9, 9, 9, 0], [0, 9, 9, 9, 9, 9, 0], [0, 9, 9, 9, 9, 9, 0], [0, 9, 9, 9, 9, 9, 0], [0, 9, 9, 9, 9, 9, 0], [0, 0, 0, 0, 0, 0, 0]]}, {"input": [[6, 0, 0, 0, 0, 0, 0], [6, 0, 4, 4, 4, 0, 0], [6, 0, 4, 4, 4, 4, 0], [6, 4, 4, 4, 0, 0, 0], [6, 0, 4, 4, 0, 0, 0], [6, 0, 4, 0, 0, 0, 0], [6, 0, 0, 0, 0, 0, 0]], "output": [[0, 0, 0, 0, 0, 0, 0], [0, 6, 6, 6, 6, 6, 0], [0, 6, 6, 6, 6, 6, 0], [0, 6, 6, 6, 6, 6, 0], [0, 6, 6, 6, 6, 6, 0], [0, 6, 6, 6, 6, 6, 0], [0, 0, 0, 0, 0, 0, 0]]}, {"input": [[7, 0, 0, 0, 0, 0, 0], [7, 0, 6, 6, 6, 6, 0], [7, 6, 6, 6, 6, 6, 0], [7, 6, 0, 6, 6, 6, 0], [7, 6, 0, 0, 6, 0, 0], [7, 6, 6, 6, 6, 0, 0], [7, 0, 0, 0, 0, 0, 0]], "output": [[0, 0, 0, 0, 0, 0, 0], [0, 7, 7, 7, 7, 7, 0], [0, 7, 7, 7, 7, 7, 0], [0, 7, 7, 7, 7, 7, 0], [0, 7, 7, 7, 7, 7, 0], [0, 7, 7, 7, 7, 7, 0], [0, 0, 0, 0, 0, 0, 0]]}]}