{"train": [{"input": [[4, 4, 4, 4, 4, 4, 4, 4, 4, 4], [4, 4, 4, 4, 4, 4, 4, 4, 4, 4], [4, 4, 4, 4, 4, 4, 4, 4, 4, 4], [4, 4, 4, 4, 4, 4, 4, 1, 4, 4], [4, 4, 4, 4, 4, 4, 4, 4, 4, 4], [4, 4, 4, 4, 4, 4, 4, 4, 4, 4], [4, 4, 4, 4, 4, 4, 4, 4, 4, 4], [4, 4, 4, 4, 4, 4, 4, 4, 4, 4], [4, 4, 4, 4, 4, 4, 4, 4, 4, 4], [4, 4, 4, 4, 4, 4, 4, 4, 4, 4]], "output": [[4, 4, 4, 4, 4, 4, 4, 4, 4, 4], [4, 4, 4, 4, 4, 4, 4, 4, 4, 4], [4, 4, 6, 6, 6, 6, 6, 4, 4, 4], [4, 4, 6, 6, 6, 6, 6, 1, 4, 4], [4, 4, 6, 6, 6, 6, 6, 4, 4, 4], [4, 4, 6, 6, 6, 6, 6, 4, 4, 4], [4, 4, 6, 6, 6, 6, 6, 4, 4, 4], [4, 4, 4, 4, 4, 4, 4, 4, 4, 4], [4, 4, 4, 4, 4, 4, 4, 4, 4, 4], [4, 4, 4, 4, 4, 4, 4, 4, 4, 4]]}, {"input": [[4, 4, 4, 4, 4, 4, 4, 4, 4, 4], [4, 4, 4, 4, 4, 4, 4, 4, 4, 4], [4, 4, 4, 4, 4, 1, 4, 4, 4, 4], [4, 4, 4, 4, 4, 4, 4, 4, 4, 4], [4, 4, 4, 4, 4, 4, 4, 4, 4, 4], [4, 4, 4, 4, 4, 4, 4, 4, 4, 4], [4, 4, 4, 4, 4, 4, 4, 4, 4, 4], [4, 4, 4, 4, 4, 4, 4, 4, 4, 4], [4, 4, 4, 4, 4, 4, 4, 4, 4, 4], [4, 4, 4, 4, 4, 4, 4, 4, 4, 4]], "output": [[4, 4, 4, 4, 4, 4, 4, 4, 4, 4], [4, 4, 4, 4, 4, 4, 4, 4, 4, 4], [4, 4, 6, 6, 6, 6, 6, 4, 4, 4], [4, 4, 6, 6, 6, 6, 6, 4, 4, 4], [4, 4, 6, 6, 6, 6, 6, 4, 4, 4], [4, 4, 6, 6, 6, 6, 6, 4, 4, 4], [4, 4, 6, 6, 6, 6, 6, 4, 4, 4], [4, 4, 4, 4, 4, 4, 4, 4, 4, 4], [4, 4, 4, 4, 4, 4, 4, 4, 4, 4], [4, 4, 4, 4, 4, 4, 4, 4, 4, 4]]}, {"input": [[4, 4, 4, 4, 4, 4, 4, 4, 4, 4], [4, 4, 4, 4, 4, 4, 4, 4, 4, 4], [4, 4, 4, 4, 4, 4, 1, 4, 4, 4], [4, 4, 4, 4, 4, 4, 4, 4, 4, 4], [4, 4, 4, 4, 4, 4, 4, 4, 4, 4], [4, 4, 4, 4, 4, 4, 4, 4, 4, 4], [4, 4, 4, 4, 4, 4, 4, 4, 4, 4], [4, 4, 4, 4, 4, 4, 4, 4, 4, 4], [4, 4, 4, 4, 4, 4, 4, 4, 4, 4], [4, 4, 4, 4, 4, 4, 4, 4, 4, 4]], "output": [[4, 4, 4, 4, 4, 4, 4, 4, 4, 4], [4, 4, 4, 4, 4, 4, 4, 4, 4, 4], [4, 4, 6, 6, 6, 6, 6, 4, 4, 4], [4, 4, 6, 6, 6, 6, 6, 4, 4, 4], [4, 4, 6, 6, 6, 6, 6, 4, 4, 4], [4, 4, 6, 6, 6, 6, 6, 4, 4, 4], [4, 4, 6, 6, 6, 6, 6, 4, 4, 4], [4, 4, 4, 4, 4, 4, 4, 4, 4, 4], [4, 4, 4, 4, 4, 4, 4, 4, 4, 4], [4, 4, 4, 4, 4, 4, 4, 4, 4, 4]]}, {"input": [[4, 4, 4, 4, 4, 4, 4, 4, 4, 4], [4, 4, 4, 4, 4, 4, 4, 4, 4, 4], [4, 4, 4, 4, 4, 4, 4, 4, 4, 4], [4, 4, 4, 4, 4, 4, 4, 4, 4, 4], [4, 4, 4, 4, 1, 4, 4, 4, 4, 4], [4, 4, 4, 4, 4, 4, 4, 4, 4, 4], [4, 4, 4, 4, 4, 4, 4, 4, 4, 4], [4, 4, 4, 4, 4, 4, 4, 4, 4, 4], [4, 4, 4, 4, 4, 4, 4, 4, 4, 4], [4, 4, 4, 4, 4, 4, 4, 4, 4, 4]], "output": [[4, 4, 4, 4, 4, 4, 4, 4, 4, 4], [4, 4, 4, 4, 4, 4, 4, 4, 4, 4], [4, 4, 6, 6, 6, 6, 6, 4, 4, 4], [4, 4, 6, 6, 6, 6, 6, 4, 4, 4], [4, 4, 6, 6, 6, 6, 6, 4, 4, 4], [4, 4, 6, 6, 6, 6, 6, 4, 4, 4], [4, 4, 6, 6, 6, 6, 6, 4, 4, 4], [4, 4, 4, 4, 4, 4, 4, 4, 4, 4], [4, 4, 4, 4, 4, 4, 4, 4, 4, 4], [4, 4, 4, 4, 4, 4, 4, 4, 4, 4]]}, {"input": [[4, 4, 4, 4, 4, 4, 4, 4, 4, 4], [4, 4, 4, 4, 4, 4, 4, 4, 4, 4], [4, 4, 4, 4, 4, 4, 4, 4, 4, 4], [4, 4, 4, 4, 4, 4, 4, 4, 4, 4], [4, 4, 4, 4, 4, 4, 4, 4, 4, 4], [4, 4, 4, 4, 4, 4, 4, 4, 4, 4], [4, 4, 4, 4, 4, 4, 4, 4, 4, 4], [4, 4, 4, 4, 1, 4, 4, 4, 4, 4], [4, 4, 4, 4, 4, 4, 4, 4, 4, 4], [4, 4, 4, 4, 4, 4, 4, 4, 4, 4]], "output": [[4, 4, 4, 4, 4, 4, 4, 4, 4, 4], [4, 4, 4, 4, 4, 4, 4, 4, 4, 4], [4, 4, 6, 6, 6, 6, 6, 4, 4, 4], [4, 4, 6, 6, 6, 6, 6, 4, 4, 4], [4, 4, 6, 6, 6, 6, 6, 4, 4, 4], [4, 4, 6, 6, 6, 6, 6, 4, 4, 4], [4, 4, 6, 6, 6, 6, 6, 4, 4, 4], [4, 4, 4, 4, 1, 4, 4, 4, 4, 4], [4, 4, 4, 4, 4, 4, 4, 4, 4, 4], [4, 4, 4, 4, 4, 4, 4, 4, 4, 4]]}, {"input": [[4, 4, 4, 4, 4, 4, 4, 4, 4, 4], [4, 4, 4, 4, 4, 4, 4, 4, 4, 4], [4, 4, 4, 4, 4, 4, 4, 4, 4, 4], [4, 4, 4, 4, 4, 4, 4, 4, 4, 4], [4, 4, 4, 4, 4, 4, 4, 4, 4, 4], [4, 4, 4, 4, 4, 4, 4, 4, 4, 4], [4, 4, 4, 4, 4, 4, 4, 4, 4, 4], [4, 4, 4, 4, 4, 4, 4, 4, 4, 4], [4, 4, 4, 4, 4, 4, 4, 4, 4, 4], [4, 4, 4, 4, 4, 1, 4, 4, 4, 4]], "output": [[4, 4, 4, 4, 4, 4, 4, 4, 4, 4], [4, 4, 4, 4, 4, 4, 4, 4, 4, 4], [4, 4, 6, 6, 6, 6, 6, 4, 4, 4], [4, 4, 6, 6, 6, 6, 6, 4, 4, 4], [4, 4, 6, 6, 6, 6, 6, 4, 4, 4], [4, 4, 6, 6, 6, 6, 6, 4, 4, 4], [4, 4, 6, 6, 6, 6, 6, 4, 4, 4], [4, 4, 4, 4, 4, 4, 4, 4, 4, 4], [4, 4, 4, 4, 4, 4, 4, 4, 4, 4], [4, 4, 4, 4, 4, 1, 4, 4, 4, 4]]}, {"input": [[4, 4, 4, 4, 4, 4, 4, 4, 4, 4], [4, 4, 4, 4, 4, 4, 1, 4, 4, 4], [4, 4, 4, 4, 4, 4, 4, 4, 4, 4], [4, 4, 4, 4, 4, 4, 4, 4, 4, 4], [4, 4, 4, 4, 4, 4, 4, 4, 4, 4], [4, 4, 4, 4, 4, 4, 4, 4, 4, 4], [4, 4, 4, 4, 4, 4, 4, 4, 4, 4], [4, 4, 4, 4, 4, 4, 4, 4, 4, 4], [4, 4, 4, 4, 4, 4, 4, 4, 4, 4], [4, 4, 4, 4, 4, 4, 4, 4, 4, 4]], "output": [[4, 4, 4, 4, 4, 4, 4, 4, 4, 4], [4, 4, 4, 4, 4, 4, 1, 4, 4, 4], [4, 4, 6, 6, 6, 6, 6, 4, 4, 4], [4, 4, 6, 6, 6, 6, 6, 4, 4, 4], [4, 4, 6, 6, 6, 6, 6, 4, 4, 4], [4, 4, 6, 6, 6, 6, 6, 4, 4, 4], [4, 4, 6, 6, 6, 6, 6, 4, 4, 4], [4, 4, 4, 4, 4, 4, 4, 4, 4, 4], [4, 4, 4, 4, 4, 4, 4, 4, 4, 4], [4, 4, 4, 4, 4, 4, 4, 4, 4, 4]]}, {"input": [[4, 4, 4, 4, 4, 4, 4, 4, 4, 4], [4, 4, 4, 4, 4, 4, 4, 4, 4, 4], [4, 4, 4, 4, 4, 4, 4, 4, 4, 4], [4, 4, 4, 4, 4, 4, 4, 4, 4, 4], [4, 4, 4, 4, 4, 4, 4, 4, 4, 4], [4, 4, 4, 4, 4, 4, 4, 4, 4, 4], [4, 4, 4, 4, 4, 4, 4, 4, 4, 4], [4, 4, 4, 4, 4, 4, 4, 4, 4, 4], [4, 4, 4, 4, 4, 4, 4, 4, 1, 4], [4, 4, 4, 4, 4, 4, 4, 4, 4, 4]], "output": [[4, 4, 4, 4, 4, 4, 4, 4, 4, 4], [4, 4, 4, 4, 4, 4, 4, 4, 4, 4], [4, 4, 6, 6, 6, 6, 6, 4, 4, 4], [4, 4, 6, 6, 6, 6, 6, 4, 4, 4], [4, 4, 6, 6, 6, 6, 6, 4, 4, 4], [4, 4, 6, 6, 6, 6, 6, 4, 4, 4], [4, 4, 6, 6, 6, 6, 6, 4, 4, 4], [4, 4, 4, 4, 4, 4, 4, 4, 4, 4], [4, 4, 4, 4, 4, 4, 4, 4, 1, 4], [4, 4, 4, 4, 4, 4, 4, 4, 4, 4]]}, {"input": [[4, 4, 4, 4, 4, 4, 4, 4, 4, 4], [4, 4, 4, 4, 4, 4, 4, 4, 4, 4], [4, 4, 4, 4, 4, 4, 4, 4, 4, 4], [4, 4, 4, 4, 4, 4, 4, 4, 4, 4], [4, 4, 4, 4, 4, 4, 4, 4, 4, 4], [4, 4, 1, 4, 4, 4, 4, 4, 4, 4], [4, 4, 4, 4, 4, 4, 4, 4, 4, 4], [4, 4, 4, 4, 4, 4, 4, 4, 4, 4], [4, 4, 4, 4, 4, 4, 4, 4, 4, 4], [4, 4, 4, 4, 4, 4, 4, 4, 4, 4]], "output": [[4, 4, 4, 4, 4, 4, 4, 4, 4, 4], [4, 4, 4, 4, 4, 4, 4, 4, 4, 4], [4, 4, 6, 6, 6, 6, 6, 4, 4, 4], [4, 4, 6, 6, 6, 6, 6, 4, 4, 4], [4, 4, 6, 6, 6, 6, 6, 4, 4, 4], [4, 4, 6, 6, 6, 6, 6, 4, 4, 4], [4, 4, 6, 6, 6, 6, 6, 4, 4, 4], [4, 4, 4, 4, 4, 4, 4, 4, 4, 4], [4, 4, 4, 4, 4, 4, 4, 4, 4, 4], [4, 4, 4, 4, 4, 4, 4, 4, 4, 4]]}, {"input": [[4, 4, 4, 4, 4, 4, 4, 4, 4, 4], [4, 4, 4, 4, 4, 4, 4, 4, 4, 4], [4, 4, 4, 4, 4, 4, 4, 4, 4, 4], [4, 4, 4, 4, 4, 4, 4, 4, 4, 4], [4, 1, 4, 4, 4, 4, 4, 4, 4, 4], [4, 4, 4, 4, 4, 4, 4, 4, 4, 4], [4, 4, 4, 4, 4, 4, 4, 4, 4, 4], [4, 4, 4, 4, 4, 4, 4, 4, 4, 4], [4, 4, 4, 4, 4, 4, 4, 4, 4, 4], [4, 4, 4, 4, 4, 4, 4, 4, 4, 4]], "output": [[4, 4, 4, 4, 4, 4, 4, 4, 4, 4], [4, 4, 4, 4, 4, 4, 4, 4, 4, 4], [4, 4, 6, 6, 6, 6, 6, 4, 4, 4], [4, 4, 6, 6, 6, 6, 6, 4, 4, 4], [4, 1, 6, 6, 6, 6, 6, 4, 4, 4], [4, 4, 6, 6, 6, 6, 6, 4, 4, 4], [4, 4, 6, 6, 6, 6, 6, 4, 4, 4], [4, 4, 4, 4, 4, 4, 4, 4, 4, 4], [4, 4, 4, 4, 4, 4, 4, 4, 4, 4], [4, 4, 4, 4, 4, 4, 4, 4, 4, 4]]}, {"input": [[4, 4, 4, 4, 4, 4, 4, 4, 4, 4], [4, 4, 4, 4, 4, 4, 4, 4, 4, 4], [4, 4, 4, 4, 4, 4, 4, 4, 4, 4], [4, 4, 4, 4, 4, 4, 4, 4, 4, 4], [4, 4, 4, 4, 4, 4, 4, 4, 4, 4], [4, 4, 4, 4, 4, 4, 4, 4, 4, 4], [4, 4, 4, 4, 4, 4, 4, 4, 4, 4], [4, 4, 4, 4, 4, 4, 4, 4, 4, 4], [4, 4, 4, 4, 4, 4, 4, 4, 4, 4], [4, 1, 4, 4, 4, 4, 4, 4, 4, 4]], "output": [[4, 4, 4, 4, 4, 4, 4, 4, 4, 4], [4, 4, 4, 4, 4, 4, 4, 4, 4, 4], [4, 4, 6, 6, 6, 6, 6, 4, 4, 4], [4, 4, 6, 6, 6, 6, 6, 4, 4, 4], [4, 4, 6, 6, 6, 6, 6, 4, 4, 4], [4, 4, 6, 6, 6, 6, 6, 4, 4, 4], [4, 4, 6, 6, 6, 6, 6, 4, 4, 4], [4, 4, 4, 4, 4, 4, 4, 4, 4, 4], [4, 4, 4, 4, 4, 4, 4, 4, 4, 4], [4, 1, 4, 4, 4, 4, 4, 4, 4, 4]]}, {"input": [[4, 4, 4, 4, 4, 4, 4, 4, 4, 4], [4, 4, 4, 4, 4, 4, 4, 4, 4, 1], [4, 4, 4, 4, 4, 4, 4, 4, 4, 4], [4, 4, 4, 4, 4, 4, 4, 4, 4, 4], [4, 4, 4, 4, 4, 4, 4, 4, 4, 4], [4, 4, 4, 4, 4, 4, 4, 4, 4, 4], [4, 4, 4, 4, 4, 4, 4, 4, 4, 4], [4, 4, 4, 4, 4, 4, 4, 4, 4, 4], [4, 4, 4, 4, 4, 4, 4, 4, 4, 4], [4, 4, 4, 4, 4, 4, 4, 4, 4, 4]], "output": [[4, 4, 4, 4, 4, 4, 4, 4, 4, 4], [4, 4, 4, 4, 4, 4, 4, 4, 4, 1], [4, 4, 6, 6, 6, 6, 6, 4, 4, 4], [4, 4, 6, 6, 6, 6, 6, 4, 4, 4], [4, 4, 6, 6, 6, 6, 6, 4, 4, 4], [4, 4, 6, 6, 6, 6, 6, 4, 4, 4], [4, 4, 6, 6, 6, 6, 6, 4, 4, 4], [4, 4, 4, 4, 4, 4, 4, 4, 4, 4], [4, 4, 4, 4, 4, 4, 4, 4, 4, 4], [4, 4, 4, 4, 4, 4, 4, 4, 4, 4]]}, {"input": [[4, 4, 1, 4, 4, 4, 4, 4, 4, 4], [4, 4, 4, 4, 4, 4, 4, 4, 4, 4], [4, 4, 4, 4, 4, 4, 4, 4, 4, 4], [4, 4, 4, 4, 4, 4, 4, 4, 4, 4], [4, 4, 4, 4, 4, 4, 4, 4, 4, 4], [4, 4, 4, 4, 4, 4, 4, 4, 4, 4], [4, 4, 4, 4, 4, 4, 4, 4, 4, 4], [4, 4, 4, 4, 4, 4, 4, 4, 4, 4], [4, 4, 4, 4, 4, 4, 4, 4, 4, 4], [4, 4, 4, 4, 4, 4, 4, 4, 4, 4]], "output": [[4, 4, 1, 4, 4, 4, 4, 4, 4, 4], [4, 4, 4, 4, 4, 4, 4, 4, 4, 4], [4, 4, 6, 6, 6, 6, 6, 4, 4, 4], [4, 4, 6, 6, 6, 6, 6, 4, 4, 4], [4, 4, 6, 6, 6, 6, 6, 4, 4, 4], [4, 4, 6, 6, 6, 6, 6, 4, 4, 4], [4, 4, 6, 6, 6, 6, 6, 4, 4, 4], [4, 4, 4, 4, 4, 4, 4, 4, 4, 4], [4, 4, 4, 4, 4, 4, 4, 4, 4, 4], [4, 4, 4, 4, 4, 4, 4, 4, 4, 4]]}, {"input": [[4, 4, 4, 4, 4, 4, 4, 4, 4, 4], [4, 4, 4, 4, 4, 4, 4, 4, 1, 4], [4, 4, 4, 4, 4, 4, 4, 4, 4, 4], [4, 4, 4, 4, 4, 4, 4, 4, 4, 4], [4, 4, 4, 4, 4, 4, 4, 4, 4, 4], [4, 4, 4, 4, 4, 4, 4, 4, 4, 4], [4, 4, 4, 4, 4, 4, 4, 4, 4, 4], [4, 4, 4, 4, 4, 4, 4, 4, 4, 4], [4, 4, 4, 4, 4, 4, 4, 4, 4, 4], [4, 4, 4, 4, 4, 4, 4, 4, 4, 4]], "output": [[4, 4, 4, 4, 4, 4, 4, 4, 4, 4], [4, 4, 4, 4, 4, 4, 4, 4, 1, 4], [4, 4, 6, 6, 6, 6, 6, 4, 4, 4], [4, 4, 6, 6, 6, 6, 6, 4, 4, 4], [4, 4, 6, 6, 6, 6, 6, 4, 4, 4], [4, 4, 6, 6, 6, 6, 6, 4, 4, 4], [4, 4, 6, 6, 6, 6, 6, 4, 4, 4], [4, 4, 4, 4, 4, 4, 4, 4, 4, 4], [4, 4, 4, 4, 4, 4, 4, 4, 4, 4], [4, 4, 4, 4, 4, 4, 4, 4, 4, 4]]}, {"input": [[4, 4, 4, 4, 4, 4, 4, 4, 4, 4], [4, 4, 4, 4, 4, 4, 4, 4, 4, 4], [4, 4, 4, 4, 4, 4, 4, 4, 4, 4], [4, 4, 4, 4, 4, 4, 4, 4, 4, 4], [4, 4, 4, 4, 4, 4, 4, 4, 4, 4], [4, 4, 4, 4, 4, 4, 4, 4, 4, 4], [4, 4, 4, 4, 4, 4, 4, 4, 4, 4], [4, 1, 4, 4, 4, 4, 4, 4, 4, 4], [4, 4, 4, 4, 4, 4, 4, 4, 4, 4], [4, 4, 4, 4, 4, 4, 4, 4, 4, 4]], "output": [[4, 4, 4, 4, 4, 4, 4, 4, 4, 4], [4, 4, 4, 4, 4, 4, 4, 4, 4, 4], [4, 4, 6, 6, 6, 6, 6, 4, 4, 4], [4, 4, 6, 6, 6, 6, 6, 4, 4, 4], [4, 4, 6, 6, 6, 6, 6, 4, 4, 4], [4, 4, 6, 6, 6, 6, 6, 4, 4, 4], [4, 4, 6, 6, 6, 6, 6, 4, 4, 4], [4, 1, 4, 4, 4, 4, 4, 4, 4, 4], [4, 4, 4, 4, 4, 4, 4, 4, 4, 4], [4, 4, 4, 4, 4, 4, 4, 4, 4, 4]]}, {"input": [[4, 4, 4, 4, 4, 4, 4, 4, 4, 4], [4, 4, 4, 4, 4, 4, 4, 4, 4, 4], [4, 4, 4, 4, 4, 4, 4, 4, 4, 4], [4, 4, 4, 4, 4, 4, 4, 4, 4, 4], [4, 4, 4, 4, 4, 4, 4, 4, 4, 4], [4, 4, 4, 4, 4, 4, 4, 4, 4, 4], [4, 4, 4, 4, 4, 4, 4, 4, 4, 4], [4, 4, 4, 4, 4, 4, 4, 4, 4, 4], [4, 4, 4, 4, 4, 4, 4, 4, 4, 4], [1, 4, 4, 4, 4, 4, 4, 4, 4, 4]], "output": [[4, 4, 4, 4, 4, 4, 4, 4, 4, 4], [4, 4, 4, 4, 4, 4, 4, 4, 4, 4], [4, 4, 6, 6, 6, 6, 6, 4, 4, 4], [4, 4, 6, 6, 6, 6, 6, 4, 4, 4], [4, 4, 6, 6, 6, 6, 6, 4, 4, 4], [4, 4, 6, 6, 6, 6, 6, 4, 4, 4], [4, 4, 6, 6, 6, 6, 6, 4, 4, 4], [4, 4, 4, 4, 4, 4, 4, 4, 4, 4], [4, 4, 4, 4, 4, 4, 4, 4, 4, 4], [1, 4, 4, 4, 4, 4, 4, 4, 4, 4]]}, {"input": [[4, 4, 4, 4, 4, 4, 4, 4, 4, 4], [4, 4, 4, 4, 4, 4, 4, 4, 4, 4], [4, 4, 4, 4, 4, 4, 4, 4, 4, 4], [4, 4, 4, 4, 4, 4, 4, 4, 4, 4], [4, 4, 4, 4, 4, 4, 4, 4, 4, 4], [4, 4, 4, 4, 4, 4, 4, 4, 4, 4], [4, 4, 4, 4, 4, 4, 4, 4, 4, 4], [4, 4, 4, 4, 4, 1, 4, 4, 4, 4], [4, 4, 4, 4, 4, 4, 4, 4, 4, 4], [4, 4, 4, 4, 4, 4, 4, 4, 4, 4]], "output": [[4, 4, 4, 4, 4, 4, 4, 4, 4, 4], [4, 4, 4, 4, 4, 4, 4, 4, 4, 4], [4, 4, 6, 6, 6, 6, 6, 4, 4, 4], [4, 4, 6, 6, 6, 6, 6, 4, 4, 4], [4, 4, 6, 6, 6, 6, 6, 4, 4, 4], [4, 4, 6, 6, 6, 6, 6, 4, 4, 4], [4, 4, 6, 6, 6, 6, 6, 4, 4, 4], [4, 4, 4, 4, 4, 1, 4, 4, 4, 4], [4, 4, 4, 4, 4, 4, 4, 4, 4, 4], [4, 4, 4, 4, 4, 4, 4, 4, 4, 4]]}, {"input": [[4, 4, 4, 4, 4, 4, 4, 4, 4, 4], [4, 4, 4, 4, 4, 4, 4, 4, 4, 4], [4, 4, 4, 4, 4, 4, 4, 4, 4, 4], [4, 4, 4, 4, 4, 4, 4, 4, 4, 4], [4, 4, 4, 4, 4, 4, 4, 4, 4, 4], [4, 4, 4, 4, 4, 4, 4, 4, 4, 4], [4, 4, 4, 4, 4, 4, 1, 4, 4, 4], [4, 4, 4, 4, 4, 4, 4, 4, 4, 4], [4, 4, 4, 4, 4, 4, 4, 4, 4, 4], [4, 4, 4, 4, 4, 4, 4, 4, 4, 4]], "output": [[4, 4, 4, 4, 4, 4, 4, 4, 4, 4], [4, 4, 4, 4, 4, 4, 4, 4, 4, 4], [4, 4, 6, 6, 6, 6, 6, 4, 4, 4], [4, 4, 6, 6, 6, 6, 6, 4, 4, 4], [4, 4, 6, 6, 6, 6, 6, 4, 4, 4], [4, 4, 6, 6, 6, 6, 6, 4, 4, 4], [4, 4, 6, 6, 6, 6, 6, 4, 4, 4], [4, 4, 4, 4, 4, 4, 4, 4, 4, 4], [4, 4, 4, 4, 4, 4, 4, 4, 4, 4], [4, 4, 4, 4, 4, 4, 4, 4, 4, 4]]}, {"input": [[4, 4, 4, 4, 4, 4, 4, 4, 4, 4], [4, 4, 4, 4, 4, 4, 4, 4, 4, 4], [4, 4, 4, 4, 4, 4, 4, 4, 4, 4], [4, 4, 4, 4, 4, 4, 4, 4, 4, 4], [4, 4, 4, 4, 4, 4, 4, 4, 4, 4], [4, 4, 4, 4, 4, 4, 4, 4, 4, 4], [4, 4, 4, 4, 4, 4, 4, 4, 4, 1], [4, 4, 4, 4, 4, 4, 4, 4, 4, 4], [4, 4, 4, 4, 4, 4, 4, 4, 4, 4], [4, 4, 4, 4, 4, 4, 4, 4, 4, 4]], "output": [[4, 4, 4, 4, 4, 4, 4, 4, 4, 4], [4, 4, 4, 4, 4, 4, 4, 4, 4, 4], [4, 4, 6, 6, 6, 6, 6, 4, 4, 4], [4, 4, 6, 6, 6, 6, 6, 4, 4, 4], [4, 4, 6, 6, 6, 6, 6, 4, 4, 4], [4, 4, 6, 6, 6, 6, 6, 4, 4, 4], [4, 4, 6, 6, 6, 6, 6, 4, 4, 1], [4, 4, 4, 4, 4, 4, 4, 4, 4, 4], [4, 4, 4, 4, 4, 4, 4, 4, 4, 4], [4, 4, 4, 4, 4, 4, 4, 4, 4, 4]]}, {"input": [[4, 4, 4, 4, 4, 4, 4, 4, 4, 4], [4, 4, 4, 4, 4, 4, 4, 4, 4, 4], [4, 4, 1, 4, 4, 4, 4, 4, 4, 4], [4, 4, 4, 4, 4, 4, 4, 4, 4, 4], [4, 4, 4, 4, 4, 4, 4, 4, 4, 4], [4, 4, 4, 4, 4, 4, 4, 4, 4, 4], [4, 4, 4, 4, 4, 4, 4, 4, 4, 4], [4, 4, 4, 4, 4, 4, 4, 4, 4, 4], [4, 4, 4, 4, 4, 4, 4, 4, 4, 4], [4, 4, 4, 4, 4, 4, 4, 4, 4, 4]], "output": [[4, 4, 4, 4, 4, 4, 4, 4, 4, 4], [4, 4, 4, 4, 4, 4, 4, 4, 4, 4], [4, 4, 6, 6, 6, 6, 6, 4, 4, 4], [4, 4, 6, 6, 6, 6, 6, 4, 4, 4], [4, 4, 6, 6, 6, 6, 6, 4, 4, 4], [4, 4, 6, 6, 6, 6, 6, 4, 4, 4], [4, 4, 6, 6, 6, 6, 6, 4, 4, 4], [4, 4, 4, 4, 4, 4, 4, 4, 4, 4], [4, 4, 4, 4, 4, 4, 4, 4, 4, 4], [4, 4, 4, 4, 4, 4, 4, 4, 4, 4]]}, {"input": [[4, 4, 4, 4, 4, 4, 4, 4, 4, 4], [4, 4, 4, 4, 4, 4, 4, 4, 4, 4], [4, 4, 4, 4, 4, 4, 4, 4, 4, 4], [4, 4, 4, 4, 4, 4, 4, 4, 4, 4], [4, 4, 4, 4, 4, 4, 4, 4, 4, 4], [4, 4, 4, 1, 4, 4, 4, 4, 4, 4], [4, 4, 4, 4, 4, 4, 4, 4, 4, 4], [4, 4, 4, 4, 4, 4, 4, 4, 4, 4], [4, 4, 4, 4, 4, 4, 4, 4, 4, 4], [4, 4, 4, 4, 4, 4, 4, 4, 4, 4]], "output": [[4, 4, 4, 4, 4, 4, 4, 4, 4, 4], [4, 4, 4, 4, 4, 4, 4, 4, 4, 4], [4, 4, 6, 6, 6, 6, 6, 4, 4, 4], [4, 4, 6, 6, 6, 6, 6, 4, 4, 4], [4, 4, 6, 6, 6, 6, 6, 4, 4, 4], [4, 4, 6, 6, 6, 6, 6, 4, 4, 4], [4, 4, 6, 6, 6, 6, 6, 4, 4, 4], [4, 4, 4, 4, 4, 4, 4, 4, 4, 4], [4, 4, 4, 4, 4, 4, 4, 4, 4, 4], [4, 4, 4, 4, 4, 4, 4, 4, 4, 4]]}, {"input": [[4, 4, 4, 4, 4, 4, 4, 4, 4, 4], [4, 4, 4, 4, 4, 4, 4, 4, 4, 4], [4, 4, 4, 4, 4, 4, 4, 4, 4, 4], [4, 4, 4, 4, 4, 4, 4, 4, 4, 4], [4, 4, 4, 4, 4, 1, 4, 4, 4, 4], [4, 4, 4, 4, 4, 4, 4, 4, 4, 4], [4, 4, 4, 4, 4, 4, 4, 4, 4, 4], [4, 4, 4, 4, 4, 4, 4, 4, 4, 4], [4, 4, 4, 4, 4, 4, 4, 4, 4, 4], [4, 4, 4, 4, 4, 4, 4, 4, 4, 4]], "output": [[4, 4, 4, 4, 4, 4, 4, 4, 4, 4], [4, 4, 4, 4, 4, 4, 4, 4, 4, 4], [4, 4, 6, 6, 6, 6, 6, 4, 4, 4], [4, 4, 6, 6, 6, 6, 6, 4, 4, 4], [4, 4, 6, 6, 6, 6, 6, 4, 4, 4], [4, 4, 6, 6, 6, 6, 6, 4, 4, 4], [4, 4, 6, 6, 6, 6, 6, 4, 4, 4], [4, 4, 4, 4, 4, 4, 4, 4, 4, 4], [4, 4, 4, 4, 4, 4, 4, 4, 4, 4], [4, 4, 4, 4, 4, 4, 4, 4, 4, 4]]}, {"input": [[4, 4, 4, 4, 4, 4, 4, 4, 4, 4], [1, 4, 4, 4, 4, 4, 4, 4, 4, 4], [4, 4, 4, 4, 4, 4, 4, 4, 4, 4], [4, 4, 4, 4, 4, 4, 4, 4, 4, 4], [4, 4, 4, 4, 4, 4, 4, 4, 4, 4], [4, 4, 4, 4, 4, 4, 4, 4, 4, 4], [4, 4, 4, 4, 4, 4, 4, 4, 4, 4], [4, 4, 4, 4, 4, 4, 4, 4, 4, 4], [4, 4, 4, 4, 4, 4, 4, 4, 4, 4], [4, 4, 4, 4, 4, 4, 4, 4, 4, 4]], "output": [[4, 4, 4, 4, 4, 4, 4, 4, 4, 4], [1, 4, 4, 4, 4, 4, 4, 4, 4, 4], [4, 4, 6, 6, 6, 6, 6, 4, 4, 4], [4, 4, 6, 6, 6, 6, 6, 4, 4, 4], [4, 4, 6, 6, 6, 6, 6, 4, 4, 4], [4, 4, 6, 6, 6, 6, 6, 4, 4, 4], [4, 4, 6, 6, 6, 6, 6, 4, 4, 4], [4, 4, 4, 4, 4, 4, 4, 4, 4, 4], [4, 4, 4, 4, 4, 4, 4, 4, 4, 4], [4, 4, 4, 4, 4, 4, 4, 4, 4, 4]]}, {"input": [[4, 4, 4, 4, 4, 4, 4, 4, 4, 4], [4, 4, 4, 4, 4, 4, 4, 4, 4, 4], [4, 4, 4, 4, 4, 4, 4, 4, 1, 4], [4, 4, 4, 4, 4, 4, 4, 4, 4, 4], [4, 4, 4, 4, 4, 4, 4, 4, 4, 4], [4, 4, 4, 4, 4, 4, 4, 4, 4, 4], [4, 4, 4, 4, 4, 4, 4, 4, 4, 4], [4, 4, 4, 4, 4, 4, 4, 4, 4, 4], [4, 4, 4, 4, 4, 4, 4, 4, 4, 4], [4, 4, 4, 4, 4, 4, 4, 4, 4, 4]], "output": [[4, 4, 4, 4, 4, 4, 4, 4, 4, 4], [4, 4, 4, 4, 4, 4, 4, 4, 4, 4], [4, 4, 6, 6, 6, 6, 6, 4, 1, 4], [4, 4, 6, 6, 6, 6, 6, 4, 4, 4], [4, 4, 6, 6, 6, 6, 6, 4, 4, 4], [4, 4, 6, 6, 6, 6, 6, 4, 4, 4], [4, 4, 6, 6, 6, 6, 6, 4, 4, 4], [4, 4, 4, 4, 4, 4, 4, 4, 4, 4], [4, 4, 4, 4, 4, 4, 4, 4, 4, 4], [4, 4, 4, 4, 4, 4, 4, 4, 4, 4]]}, {"input": [[4, 4, 4, 4, 4, 4, 4, 4, 4, 4], [4, 4, 4, 4, 4, 4, 4, 4, 4, 4], [4, 4, 4, 4, 4, 4, 4, 4, 4, 4], [4, 4, 4, 4, 4, 4, 4, 4, 4, 4], [4, 4, 4, 4, 4, 4, 4, 4, 4, 4], [4, 4, 4, 4, 4, 4, 4, 4, 1, 4], [4, 4, 4, 4, 4, 4, 4, 4, 4, 4], [4, 4, 4, 4, 4, 4, 4, 4, 4, 4], [4, 4, 4, 4, 4, 4, 4, 4, 4, 4], [4, 4, 4, 4, 4, 4, 4, 4, 4, 4]], "output": [[4, 4, 4, 4, 4, 4, 4, 4, 4, 4], [4, 4, 4, 4, 4, 4, 4, 4, 4, 4], [4, 4, 6, 6, 6, 6, 6, 4, 4, 4], [4, 4, 6, 6, 6, 6, 6, 4, 4, 4], [4, 4, 6, 6, 6, 6, 6, 4, 4, 4], [4, 4, 6, 6, 6, 6, 6, 4, 1, 4], [4, 4, 6, 6, 6, 6, 6, 4, 4, 4], [4, 4, 4, 4, 4, 4, 4, 4, 4, 4], [4, 4, 4, 4, 4, 4, 4, 4, 4, 4], [4, 4, 4, 4, 4, 4, 4, 4, 4, 4]]}, {"input": [[4, 4, 4, 4, 4, 4, 4, 4, 4, 4], [4, 4, 4, 4, 4, 4, 4, 4, 4, 4], [4, 4, 4, 4, 4, 4, 4, 4, 4, 4], [4, 4, 4, 4, 4, 4, 4, 4, 4, 1], [4, 4, 4, 4, 4, 4, 4, 4, 4, 4], [4, 4, 4, 4, 4, 4, 4, 4, 4, 4], [4, 4, 4, 4, 4, 4, 4, 4, 4, 4], [4, 4, 4, 4, 4, 4, 4, 4, 4, 4], [4, 4, 4, 4, 4, 4, 4, 4, 4, 4], [4, 4, 4, 4, 4, 4, 4, 4, 4, 4]], "output": [[4, 4, 4, 4, 4, 4, 4, 4, 4, 4], [4, 4, 4, 4, 4, 4, 4, 4, 4, 4], [4, 4, 6, 6, 6, 6, 6, 4, 4, 4], [4, 4, 6, 6, 6, 6, 6, 4, 4, 1], [4, 4, 6, 6, 6, 6, 6, 4, 4, 4], [4, 4, 6, 6, 6, 6, 6, 4, 4, 4], [4, 4, 6, 6, 6, 6, 6, 4, 4, 4], [4, 4, 4, 4, 4, 4, 4, 4, 4, 4], [4, 4, 4, 4, 4, 4, 4, 4, 4, 4], [4, 4, 4, 4, 4, 4, 4, 4, 4, 4]]}, {"input": [[4, 4, 4, 4, 4, 4, 4, 4, 4, 4], [4, 4, 4, 4, 4, 4, 4, 4, 4, 4], [4, 4, 4, 4, 4, 4, 4, 4, 4, 4], [4, 4, 4, 4, 4, 4, 4, 4, 4, 4], [4, 4, 4, 4, 4, 4, 4, 4, 4, 4], [4, 4, 4, 4, 4, 4, 1, 4, 4, 4], [4, 4, 4, 4, 4, 4, 4, 4, 4, 4], [4, 4, 4, 4, 4, 4, 4, 4, 4, 4], [4, 4, 4, 4, 4, 4, 4, 4, 4, 4], [4, 4, 4, 4, 4, 4, 4, 4, 4, 4]], "output": [[4, 4, 4, 4, 4, 4, 4, 4, 4, 4], [4, 4, 4, 4, 4, 4, 4, 4, 4, 4], [4, 4, 6, 6, 6, 6, 6, 4, 4, 4], [4, 4, 6, 6, 6, 6, 6, 4, 4, 4], [4, 4, 6, 6, 6, 6, 6, 4, 4, 4], [4, 4, 6, 6, 6, 6, 6, 4, 4, 4], [4, 4, 6, 6, 6, 6, 6, 4, 4, 4], [4, 4, 4, 4, 4, 4, 4, 4, 4, 4], [4, 4, 4, 4, 4, 4, 4, 4, 4, 4], [4, 4, 4, 4, 4, 4, 4, 4, 4, 4]]}, {"input": [[4, 4, 4, 4, 4, 4, 4, 4, 4, 4], [4, 4, 4, 4, 4, 4, 4, 1, 4, 4], [4, 4, 4, 4, 4, 4, 4, 4, 4, 4], [4, 4, 4, 4, 4, 4, 4, 4, 4, 4], [4, 4, 4, 4, 4, 4, 4, 4, 4, 4], [4, 4, 4, 4, 4, 4, 4, 4, 4, 4], [4, 4, 4, 4, 4, 4, 4, 4, 4, 4], [4, 4, 4, 4, 4, 4, 4, 4, 4, 4], [4, 4, 4, 4, 4, 4, 4, 4, 4, 4], [4, 4, 4, 4, 4, 4, 4, 4, 4, 4]], "output": [[4, 4, 4, 4, 4, 4, 4, 4, 4, 4], [4, 4, 4, 4, 4, 4, 4, 1, 4, 4], [4, 4, 6, 6, 6, 6, 6, 4, 4, 4], [4, 4, 6, 6, 6, 6, 6, 4, 4, 4], [4, 4, 6, 6, 6, 6, 6, 4, 4, 4], [4, 4, 6, 6, 6, 6, 6, 4, 4, 4], [4, 4, 6, 6, 6, 6, 6, 4, 4, 4], [4, 4, 4, 4, 4, 4, 4, 4, 4, 4], [4, 4, 4, 4, 4, 4, 4, 4, 4, 4], [4, 4, 4, 4, 4, 4, 4, 4, 4, 4]]}, {"input": [[4, 4, 4, 4, 4, 4, 4, 4, 1, 4], [4, 4, 4, 4, 4, 4, 4, 4, 4, 4], [4, 4, 4, 4, 4, 4, 4, 4, 4, 4], [4, 4, 4, 4, 4, 4, 4, 4, 4, 4], [4, 4, 4, 4, 4, 4, 4, 4, 4, 4], [4, 4, 4, 4, 4, 4, 4, 4, 4, 4], [4, 4, 4, 4, 4, 4, 4, 4, 4, 4], [4, 4, 4, 4, 4, 4, 4, 4, 4, 4], [4, 4, 4, 4, 4, 4, 4, 4, 4, 4], [4, 4, 4, 4, 4, 4, 4, 4, 4, 4]], "output": [[4, 4, 4, 4, 4, 4, 4, 4, 1, 4], [4, 4, 4, 4, 4, 4, 4, 4, 4, 4], [4, 4, 6, 6, 6, 6, 6, 4, 4, 4], [4, 4, 6, 6, 6, 6, 6, 4, 4, 4], [4, 4, 6, 6, 6, 6, 6, 4, 4, 4], [4, 4, 6, 6, 6, 6, 6, 4, 4, 4], [4, 4, 6, 6, 6, 6, 6, 4, 4, 4], [4, 4, 4, 4, 4, 4, 4, 4, 4, 4], [4, 4, 4, 4, 4, 4, 4, 4, 4, 4], [4, 4, 4, 4, 4, 4, 4, 4, 4, 4]]}, {"input": [[4, 4, 4, 4, 4, 4, 4, 4, 4, 4], [4, 4, 4, 4, 4, 4, 4, 4, 4, 4], [4, 4, 4, 4, 4, 4, 4, 4, 4, 4], [1, 4, 4, 4, 4, 4, 4, 4, 4, 4], [4, 4, 4, 4, 4, 4, 4, 4, 4, 4], [4, 4, 4, 4, 4, 4, 4, 4, 4, 4], [4, 4, 4, 4, 4, 4, 4, 4, 4, 4], [4, 4, 4, 4, 4, 4, 4, 4, 4, 4], [4, 4, 4, 4, 4, 4, 4, 4, 4, 4], [4, 4, 4, 4, 4, 4, 4, 4, 4, 4]], "output": [[4, 4, 4, 4, 4, 4, 4, 4, 4, 4], [4, 4, 4, 4, 4, 4, 4, 4, 4, 4], [4, 4, 6, 6, 6, 6, 6, 4, 4, 4], [1, 4, 6, 6, 6, 6, 6, 4, 4, 4], [4, 4, 6, 6, 6, 6, 6, 4, 4, 4], [4, 4, 6, 6, 6, 6, 6, 4, 4, 4], [4, 4, 6, 6, 6, 6, 6, 4, 4, 4], [4, 4, 4, 4, 4, 4, 4, 4, 4, 4], [4, 4, 4, 4, 4, 4, 4, 4, 4, 4], [4, 4, 4, 4, 4, 4, 4, 4, 4, 4]]}, {"input": [[1, 4, 4, 4, 4, 4, 4, 4, 4, 4], [4, 4, 4, 4, 4, 4, 4, 4, 4, 4], [4, 4, 4, 4, 4, 4, 4, 4, 4, 4], [4, 4, 4, 4, 4, 4, 4, 4, 4, 4], [4, 4, 4, 4, 4, 4, 4, 4, 4, 4], [4, 4, 4, 4, 4, 4, 4, 4, 4, 4], [4, 4, 4, 4, 4, 4, 4, 4, 4, 4], [4, 4, 4, 4, 4, 4, 4, 4, 4, 4], [4, 4, 4, 4, 4, 4, 4, 4, 4, 4], [4, 4, 4, 4, 4, 4, 4, 4, 4, 4]], "output": [[1, 4, 4, 4, 4, 4, 4, 4, 4, 4], [4, 4, 4, 4, 4, 4, 4, 4, 4, 4], [4, 4, 6, 6, 6, 6, 6, 4, 4, 4], [4, 4, 6, 6, 6, 6, 6, 4, 4, 4], [4, 4, 6, 6, 6, 6, 6, 4, 4, 4], [4, 4, 6, 6, 6, 6, 6, 4, 4, 4], [4, 4, 6, 6, 6, 6, 6, 4, 4, 4], [4, 4, 4, 4, 4, 4, 4, 4, 4, 4], [4, 4, 4, 4, 4, 4, 4, 4, 4, 4], [4, 4, 4, 4, 4, 4, 4, 4, 4, 4]]}, {"input": [[4, 4, 4, 4, 4, 4, 4, 4, 4, 4], [4, 4, 4, 4, 4, 4, 4, 4, 4, 4], [4, 4, 4, 4, 4, 4, 4, 4, 4, 4], [4, 4, 4, 4, 4, 4, 4, 4, 4, 4], [4, 4, 4, 4, 4, 4, 4, 4, 4, 4], [4, 4, 4, 4, 4, 4, 4, 4, 4, 4], [4, 4, 1, 4, 4, 4, 4, 4, 4, 4], [4, 4, 4, 4, 4, 4, 4, 4, 4, 4], [4, 4, 4, 4, 4, 4, 4, 4, 4, 4], [4, 4, 4, 4, 4, 4, 4, 4, 4, 4]], "output": [[4, 4, 4, 4, 4, 4, 4, 4, 4, 4], [4, 4, 4, 4, 4, 4, 4, 4, 4, 4], [4, 4, 6, 6, 6, 6, 6, 4, 4, 4], [4, 4, 6, 6, 6, 6, 6, 4, 4, 4], [4, 4, 6, 6, 6, 6, 6, 4, 4, 4], [4, 4, 6, 6, 6, 6, 6, 4, 4, 4], [4, 4, 6, 6, 6, 6, 6, 4, 4, 4], [4, 4, 4, 4, 4, 4, 4, 4, 4, 4], [4, 4, 4, 4, 4, 4, 4, 4, 4, 4], [4, 4, 4, 4, 4, 4, 4, 4, 4, 4]]}, {"input": [[4, 4, 4, 4, 4, 4, 4, 4, 4, 4], [4, 4, 4, 4, 4, 4, 4, 4, 4, 4], [4, 4, 4, 4, 4, 4, 4, 4, 4, 4], [4, 4, 4, 4, 4, 4, 4, 4, 4, 4], [4, 4, 4, 4, 4, 4, 4, 4, 4, 4], [4, 4, 4, 4, 4, 4, 4, 4, 4, 4], [4, 4, 4, 4, 4, 4, 4, 4, 4, 4], [4, 4, 4, 4, 4, 4, 4, 1, 4, 4], [4, 4, 4, 4, 4, 4, 4, 4, 4, 4], [4, 4, 4, 4, 4, 4, 4, 4, 4, 4]], "output": [[4, 4, 4, 4, 4, 4, 4, 4, 4, 4], [4, 4, 4, 4, 4, 4, 4, 4, 4, 4], [4, 4, 6, 6, 6, 6, 6, 4, 4, 4], [4, 4, 6, 6, 6, 6, 6, 4, 4, 4], [4, 4, 6, 6, 6, 6, 6, 4, 4, 4], [4, 4, 6, 6, 6, 6, 6, 4, 4, 4], [4, 4, 6, 6, 6, 6, 6, 4, 4, 4], [4, 4, 4, 4, 4, 4, 4, 1, 4, 4], [4, 4, 4, 4, 4, 4, 4, 4, 4, 4], [4, 4, 4, 4, 4, 4, 4, 4, 4, 4]]}, {"input": [[4, 4, 4, 4, 4, 4, 4, 4, 4, 4], [4, 4, 4, 4, 4, 4, 4, 4, 4, 4], [4, 4, 4, 4, 4, 4, 4, 4, 4, 4], [4, 4, 4, 4, 4, 4, 4, 4, 1, 4], [4, 4, 4, 4, 4, 4, 4, 4, 4, 4], [4, 4, 4, 4, 4, 4, 4, 4, 4, 4], [4, 4, 4, 4, 4, 4, 4, 4, 4, 4], [4, 4, 4, 4, 4, 4, 4, 4, 4, 4], [4, 4, 4, 4, 4, 4, 4, 4, 4, 4], [4, 4, 4, 4, 4, 4, 4, 4, 4, 4]], "output": [[4, 4, 4, 4, 4, 4, 4, 4, 4, 4], [4, 4, 4, 4, 4, 4, 4, 4, 4, 4], [4, 4, 6, 6, 6, 6, 6, 4, 4, 4], [4, 4, 6, 6, 6, 6, 6, 4, 1, 4], [4, 4, 6, 6, 6, 6, 6, 4, 4, 4], [4, 4, 6, 6, 6, 6, 6, 4, 4, 4], [4, 4, 6, 6, 6, 6, 6, 4, 4, 4], [4, 4, 4, 4, 4, 4, 4, 4, 4, 4], [4, 4, 4, 4, 4, 4, 4, 4, 4, 4], [4, 4, 4, 4, 4, 4, 4, 4, 4, 4]]}, {"input": [[4, 4, 4, 4, 4, 4, 4, 4, 4, 4], [4, 4, 4, 4, 4, 4, 4, 4, 4, 4], [4, 4, 4, 4, 4, 4, 4, 4, 4, 4], [4, 4, 4, 4, 4, 1, 4, 4, 4, 4], [4, 4, 4, 4, 4, 4, 4, 4, 4, 4], [4, 4, 4, 4, 4, 4, 4, 4, 4, 4], [4, 4, 4, 4, 4, 4, 4, 4, 4, 4], [4, 4, 4, 4, 4, 4, 4, 4, 4, 4], [4, 4, 4, 4, 4, 4, 4, 4, 4, 4], [4, 4, 4, 4, 4, 4, 4, 4, 4, 4]], "output": [[4, 4, 4, 4, 4, 4, 4, 4, 4, 4], [4, 4, 4, 4, 4, 4, 4, 4, 4, 4], [4, 4, 6, 6, 6, 6, 6, 4, 4, 4], [4, 4, 6, 6, 6, 6, 6, 4, 4, 4], [4, 4, 6, 6, 6, 6, 6, 4, 4, 4], [4, 4, 6, 6, 6, 6, 6, 4, 4, 4], [4, 4, 6, 6, 6, 6, 6, 4, 4, 4], [4, 4, 4, 4, 4, 4, 4, 4, 4, 4], [4, 4, 4, 4, 4, 4, 4, 4, 4, 4], [4, 4, 4, 4, 4, 4, 4, 4, 4, 4]]}, {"input": [[4, 4, 4, 4, 4, 4, 4, 4, 4, 4], [4, 4, 4, 4, 4, 4, 4, 4, 4, 4], [4, 4, 4, 4, 1, 4, 4, 4, 4, 4], [4, 4, 4, 4, 4, 4, 4, 4, 4, 4], [4, 4, 4, 4, 4, 4, 4, 4, 4, 4], [4, 4, 4, 4, 4, 4, 4, 4, 4, 4], [4, 4, 4, 4, 4, 4, 4, 4, 4, 4], [4, 4, 4, 4, 4, 4, 4, 4, 4, 4], [4, 4, 4, 4, 4, 4, 4, 4, 4, 4], [4, 4, 4, 4, 4, 4, 4, 4, 4, 4]], "output": [[4, 4, 4, 4, 4, 4, 4, 4, 4, 4], [4, 4, 4, 4, 4, 4, 4, 4, 4, 4], [4, 4, 6, 6, 6, 6, 6, 4, 4, 4], [4, 4, 6, 6, 6, 6, 6, 4, 4, 4], [4, 4, 6, 6, 6, 6, 6, 4, 4, 4], [4, 4, 6, 6, 6, 6, 6, 4, 4, 4], [4, 4, 6, 6, 6, 6, 6, 4, 4, 4], [4, 4, 4, 4, 4, 4, 4, 4, 4, 4], [4, 4, 4, 4, 4, 4, 4, 4, 4, 4], [4, 4, 4, 4, 4, 4, 4, 4, 4, 4]]}, {"input": [[4, 4, 4, 4, 4, 4, 4, 4, 4, 4], [4, 4, 4, 4, 4, 4, 4, 4, 4, 4], [4, 4, 4, 4, 4, 4, 4, 4, 4, 4], [4, 4, 4, 4, 4, 4, 4, 4, 4, 4], [4, 4, 4, 4, 4, 4, 1, 4, 4, 4], [4, 4, 4, 4, 4, 4, 4, 4, 4, 4], [4, 4, 4, 4, 4, 4, 4, 4, 4, 4], [4, 4, 4, 4, 4, 4, 4, 4, 4, 4], [4, 4, 4, 4, 4, 4, 4, 4, 4, 4], [4, 4, 4, 4, 4, 4, 4, 4, 4, 4]], "output": [[4, 4, 4, 4, 4, 4, 4, 4, 4, 4], [4, 4, 4, 4, 4, 4, 4, 4, 4, 4], [4, 4, 6, 6, 6, 6, 6, 4, 4, 4], [4, 4, 6, 6, 6, 6, 6, 4, 4, 4], [4, 4, 6, 6, 6, 6, 6, 4, 4, 4], [4, 4, 6, 6, 6, 6, 6, 4, 4, 4], [4, 4, 6, 6, 6, 6, 6, 4, 4, 4], [4, 4, 4, 4, 4, 4, 4, 4, 4, 4], [4, 4, 4, 4, 4, 4, 4, 4, 4, 4], [4, 4, 4, 4, 4, 4, 4, 4, 4, 4]]}, {"input": [[4, 4, 4, 4, 4, 4, 4, 4, 4, 4], [4, 4, 4, 4, 4, 4, 4, 4, 4, 4], [4, 4, 4, 4, 4, 4, 4, 4, 4, 4], [4, 4, 4, 4, 4, 4, 4, 4, 4, 4], [4, 4, 4, 4, 4, 4, 4, 4, 4, 4], [4, 4, 4, 4, 4, 4, 4, 4, 4, 4], [4, 4, 4, 4, 4, 4, 4, 4, 4, 4], [4, 4, 4, 4, 4, 4, 4, 4, 4, 4], [4, 4, 4, 4, 4, 4, 4, 1, 4, 4], [4, 4, 4, 4, 4, 4, 4, 4, 4, 4]], "output": [[4, 4, 4, 4, 4, 4, 4, 4, 4, 4], [4, 4, 4, 4, 4, 4, 4, 4, 4, 4], [4, 4, 6, 6, 6, 6, 6, 4, 4, 4], [4, 4, 6, 6, 6, 6, 6, 4, 4, 4], [4, 4, 6, 6, 6, 6, 6, 4, 4, 4], [4, 4, 6, 6, 6, 6, 6, 4, 4, 4], [4, 4, 6, 6, 6, 6, 6, 4, 4, 4], [4, 4, 4, 4, 4, 4, 4, 4, 4, 4], [4, 4, 4, 4, 4, 4, 4, 1, 4, 4], [4, 4, 4, 4, 4, 4, 4, 4, 4, 4]]}, {"input": [[4, 4, 4, 4, 4, 4, 4, 4, 4, 4], [4, 4, 4, 4, 4, 4, 4, 4, 4, 4], [4, 4, 4, 4, 4, 4, 4, 4, 4, 4], [4, 4, 4, 4, 4, 4, 4, 4, 4, 4], [4, 4, 4, 4, 4, 4, 4, 4, 4, 4], [4, 4, 4, 4, 4, 4, 4, 4, 4, 4], [4, 4, 4, 4, 4, 1, 4, 4, 4, 4], [4, 4, 4, 4, 4, 4, 4, 4, 4, 4], [4, 4, 4, 4, 4, 4, 4, 4, 4, 4], [4, 4, 4, 4, 4, 4, 4, 4, 4, 4]], "output": [[4, 4, 4, 4, 4, 4, 4, 4, 4, 4], [4, 4, 4, 4, 4, 4, 4, 4, 4, 4], [4, 4, 6, 6, 6, 6, 6, 4, 4, 4], [4, 4, 6, 6, 6, 6, 6, 4, 4, 4], [4, 4, 6, 6, 6, 6, 6, 4, 4, 4], [4, 4, 6, 6, 6, 6, 6, 4, 4, 4], [4, 4, 6, 6, 6, 6, 6, 4, 4, 4], [4, 4, 4, 4, 4, 4, 4, 4, 4, 4], [4, 4, 4, 4, 4, 4, 4, 4, 4, 4], [4, 4, 4, 4, 4, 4, 4, 4, 4, 4]]}, {"input": [[4, 4, 4, 4, 4, 4, 4, 4, 4, 4], [4, 4, 4, 4, 4, 4, 4, 4, 4, 4], [4, 4, 4, 4, 4, 4, 4, 4, 4, 4], [4, 4, 4, 4, 4, 4, 4, 4, 4, 4], [4, 4, 4, 4, 4, 4, 4, 4, 4, 4], [4, 4, 4, 4, 4, 4, 4, 4, 4, 1], [4, 4, 4, 4, 4, 4, 4, 4, 4, 4], [4, 4, 4, 4, 4, 4, 4, 4, 4, 4], [4, 4, 4, 4, 4, 4, 4, 4, 4, 4], [4, 4, 4, 4, 4, 4, 4, 4, 4, 4]], "output": [[4, 4, 4, 4, 4, 4, 4, 4, 4, 4], [4, 4, 4, 4, 4, 4, 4, 4, 4, 4], [4, 4, 6, 6, 6, 6, 6, 4, 4, 4], [4, 4, 6, 6, 6, 6, 6, 4, 4, 4], [4, 4, 6, 6, 6, 6, 6, 4, 4, 4], [4, 4, 6, 6, 6, 6, 6, 4, 4, 1], [4, 4, 6, 6, 6, 6, 6, 4, 4, 4], [4, 4, 4, 4, 4, 4, 4, 4, 4, 4], [4, 4, 4, 4, 4, 4, 4, 4, 4, 4], [4, 4, 4, 4, 4, 4, 4, 4, 4, 4]]}, {"input": [[4, 4, 4, 4, 4, 4, 4, 4, 4, 4], [4, 4, 4, 4, 4, 4, 4, 4, 4, 4], [4, 4, 4, 4, 4, 4, 4, 4, 4, 4], [4, 4, 4, 4, 4, 4, 4, 4, 4, 4], [4, 4, 4, 4, 4, 4, 4, 4, 4, 4], [4, 4, 4, 4, 4, 4, 4, 4, 4, 4], [4, 4, 4, 4, 4, 4, 4, 4, 4, 4], [4, 4, 4, 4, 4, 4, 4, 4, 4, 4], [4, 4, 4, 1, 4, 4, 4, 4, 4, 4], [4, 4, 4, 4, 4, 4, 4, 4, 4, 4]], "output": [[4, 4, 4, 4, 4, 4, 4, 4, 4, 4], [4, 4, 4, 4, 4, 4, 4, 4, 4, 4], [4, 4, 6, 6, 6, 6, 6, 4, 4, 4], [4, 4, 6, 6, 6, 6, 6, 4, 4, 4], [4, 4, 6, 6, 6, 6, 6, 4, 4, 4], [4, 4, 6, 6, 6, 6, 6, 4, 4, 4], [4, 4, 6, 6, 6, 6, 6, 4, 4, 4], [4, 4, 4, 4, 4, 4, 4, 4, 4, 4], [4, 4, 4, 1, 4, 4, 4, 4, 4, 4], [4, 4, 4, 4, 4, 4, 4, 4, 4, 4]]}, {"input": [[4, 4, 4, 4, 4, 4, 4, 4, 4, 4], [4, 4, 1, 4, 4, 4, 4, 4, 4, 4], [4, 4, 4, 4, 4, 4, 4, 4, 4, 4], [4, 4, 4, 4, 4, 4, 4, 4, 4, 4], [4, 4, 4, 4, 4, 4, 4, 4, 4, 4], [4, 4, 4, 4, 4, 4, 4, 4, 4, 4], [4, 4, 4, 4, 4, 4, 4, 4, 4, 4], [4, 4, 4, 4, 4, 4, 4, 4, 4, 4], [4, 4, 4, 4, 4, 4, 4, 4, 4, 4], [4, 4, 4, 4, 4, 4, 4, 4, 4, 4]], "output": [[4, 4, 4, 4, 4, 4, 4, 4, 4, 4], [4, 4, 1, 4, 4, 4, 4, 4, 4, 4], [4, 4, 6, 6, 6, 6, 6, 4, 4, 4], [4, 4, 6, 6, 6, 6, 6, 4, 4, 4], [4, 4, 6, 6, 6, 6, 6, 4, 4, 4], [4, 4, 6, 6, 6, 6, 6, 4, 4, 4], [4, 4, 6, 6, 6, 6, 6, 4, 4, 4], [4, 4, 4, 4, 4, 4, 4, 4, 4, 4], [4, 4, 4, 4, 4, 4, 4, 4, 4, 4], [4, 4, 4, 4, 4, 4, 4, 4, 4, 4]]}, {"input": [[4, 4, 4, 4, 4, 4, 4, 4, 4, 4], [4, 4, 4, 4, 4, 4, 4, 4, 4, 4], [4, 4, 4, 4, 4, 4, 4, 4, 4, 4], [4, 4, 4, 4, 4, 4, 4, 4, 4, 4], [4, 4, 4, 4, 4, 4, 4, 4, 4, 4], [4, 4, 4, 4, 4, 4, 4, 4, 4, 4], [4, 4, 4, 4, 4, 4, 4, 4, 4, 4], [4, 4, 4, 4, 4, 4, 4, 4, 4, 4], [4, 4, 4, 4, 4, 4, 4, 4, 4, 4], [4, 4, 4, 4, 4, 4, 4, 1, 4, 4]], "output": [[4, 4, 4, 4, 4, 4, 4, 4, 4, 4], [4, 4, 4, 4, 4, 4, 4, 4, 4, 4], [4, 4, 6, 6, 6, 6, 6, 4, 4, 4], [4, 4, 6, 6, 6, 6, 6, 4, 4, 4], [4, 4, 6, 6, 6, 6, 6, 4, 4, 4], [4, 4, 6, 6, 6, 6, 6, 4, 4, 4], [4, 4, 6, 6, 6, 6, 6, 4, 4, 4], [4, 4, 4, 4, 4, 4, 4, 4, 4, 4], [4, 4, 4, 4, 4, 4, 4, 4, 4, 4], [4, 4, 4, 4, 4, 4, 4, 1, 4, 4]]}, {"input": [[4, 4, 4, 4, 4, 4, 4, 4, 4, 4], [4, 4, 4, 4, 4, 1, 4, 4, 4, 4], [4, 4, 4, 4, 4, 4, 4, 4, 4, 4], [4, 4, 4, 4, 4, 4, 4, 4, 4, 4], [4, 4, 4, 4, 4, 4, 4, 4, 4, 4], [4, 4, 4, 4, 4, 4, 4, 4, 4, 4], [4, 4, 4, 4, 4, 4, 4, 4, 4, 4], [4, 4, 4, 4, 4, 4, 4, 4, 4, 4], [4, 4, 4, 4, 4, 4, 4, 4, 4, 4], [4, 4, 4, 4, 4, 4, 4, 4, 4, 4]], "output": [[4, 4, 4, 4, 4, 4, 4, 4, 4, 4], [4, 4, 4, 4, 4, 1, 4, 4, 4, 4], [4, 4, 6, 6, 6, 6, 6, 4, 4, 4], [4, 4, 6, 6, 6, 6, 6, 4, 4, 4], [4, 4, 6, 6, 6, 6, 6, 4, 4, 4], [4, 4, 6, 6, 6, 6, 6, 4, 4, 4], [4, 4, 6, 6, 6, 6, 6, 4, 4, 4], [4, 4, 4, 4, 4, 4, 4, 4, 4, 4], [4, 4, 4, 4, 4, 4, 4, 4, 4, 4], [4, 4, 4, 4, 4, 4, 4, 4, 4, 4]]}, {"input": [[4, 1, 4, 4, 4, 4, 4, 4, 4, 4], [4, 4, 4, 4, 4, 4, 4, 4, 4, 4], [4, 4, 4, 4, 4, 4, 4, 4, 4, 4], [4, 4, 4, 4, 4, 4, 4, 4, 4, 4], [4, 4, 4, 4, 4, 4, 4, 4, 4, 4], [4, 4, 4, 4, 4, 4, 4, 4, 4, 4], [4, 4, 4, 4, 4, 4, 4, 4, 4, 4], [4, 4, 4, 4, 4, 4, 4, 4, 4, 4], [4, 4, 4, 4, 4, 4, 4, 4, 4, 4], [4, 4, 4, 4, 4, 4, 4, 4, 4, 4]], "output": [[4, 1, 4, 4, 4, 4, 4, 4, 4, 4], [4, 4, 4, 4, 4, 4, 4, 4, 4, 4], [4, 4, 6, 6, 6, 6, 6, 4, 4, 4], [4, 4, 6, 6, 6, 6, 6, 4, 4, 4], [4, 4, 6, 6, 6, 6, 6, 4, 4, 4], [4, 4, 6, 6, 6, 6, 6, 4, 4, 4], [4, 4, 6, 6, 6, 6, 6, 4, 4, 4], [4, 4, 4, 4, 4, 4, 4, 4, 4, 4], [4, 4, 4, 4, 4, 4, 4, 4, 4, 4], [4, 4, 4, 4, 4, 4, 4, 4, 4, 4]]}], "test": [{"input": [[4, 4, 4, 4, 4, 4, 1, 4, 4, 4], [4, 4, 4, 4, 4, 4, 4, 4, 4, 4], [4, 4, 4, 4, 4, 4, 4, 4, 4, 4], [4, 4, 4, 4, 4, 4, 4, 4, 4, 4], [4, 4, 4, 4, 4, 4, 4, 4, 4, 4], [4, 4, 4, 4, 4, 4, 4, 4, 4, 4], [4, 4, 4, 4, 4, 4, 4, 4, 4, 4], [4, 4, 4, 4, 4, 4, 4, 4, 4, 4], [4, 4, 4, 4, 4, 4, 4, 4, 4, 4], [4, 4, 4, 4, 4, 4, 4, 4, 4, 4]], "output": [[4, 4, 4, 4, 4, 4, 1, 4, 4, 4], [4, 4, 4, 4, 4, 4, 4, 4, 4, 4], [4, 4, 6, 6, 6, 6, 6, 4, 4, 4], [4, 4, 6, 6, 6, 6, 6, 4, 4, 4], [4, 4, 6, 6, 6, 6, 6, 4, 4, 4], [4, 4, 6, 6, 6, 6, 6, 4, 4, 4], [4, 4, 6, 6, 6, 6, 6, 4, 4, 4], [4, 4, 4, 4, 4, 4, 4, 4, 4, 4], [4, 4, 4, 4, 4, 4, 4, 4, 4, 4], [4, 4, 4, 4, 4, 4, 4, 4, 4, 4]]}, {"input": [[4, 4, 4, 4, 4, 4, 4, 4, 4, 4], [4, 4, 4, 4, 4, 4, 4, 4, 4, 4], [4, 4, 4, 4, 4, 4, 4, 4, 4, 4], [4, 4, 4, 4, 4, 4, 4, 4, 4, 4], [4, 4, 4, 4, 4, 4, 4, 4, 4, 4], [4, 4, 4, 4, 4, 4, 4, 4, 4, 4], [4, 4, 4, 4, 4, 4, 4, 4, 4, 4], [4, 4, 4, 4, 4, 4, 4, 4, 4, 4], [4, 4, 4, 4, 4, 4, 4, 4, 4, 1], [4, 4, 4, 4, 4, 4, 4, 4, 4, 4]], "output": [[4, 4, 4, 4, 4, 4, 4, 4, 4, 4], [4, 4, 4, 4, 4, 4, 4, 4, 4, 4], [4, 4, 6, 6, 6, 6, 6, 4, 4, 4], [4, 4, 6, 6, 6, 6, 6, 4, 4, 4], [4, 4, 6, 6, 6, 6, 6, 4, 4, 4], [4, 4, 6, 6, 6, 6, 6, 4, 4, 4], [4, 4, 6, 6, 6, 6, 6, 4, 4, 4], [4, 4, 4, 4, 4, 4, 4, 4, 4, 4], [4, 4, 4, 4, 4, 4, 4, 4, 4, 1], [4, 4, 4, 4, 4, 4, 4, 4, 4, 4]]}, {"input": [[4, 4, 4, 4, 4, 4, 4, 4, 4, 4], [4, 4, 4, 1, 4, 4, 4, 4, 4, 4], [4, 4, 4, 4, 4, 4, 4, 4, 4, 4], [4, 4, 4, 4, 4, 4, 4, 4, 4, 4], [4, 4, 4, 4, 4, 4, 4, 4, 4, 4], [4, 4, 4, 4, 4, 4, 4, 4, 4, 4], [4, 4, 4, 4, 4, 4, 4, 4, 4, 4], [4, 4, 4, 4, 4, 4, 4, 4, 4, 4], [4, 4, 4, 4, 4, 4, 4, 4, 4, 4], [4, 4, 4, 4, 4, 4, 4, 4, 4, 4]], "output": [[4, 4, 4, 4, 4, 4, 4, 4, 4, 4], [4, 4, 4, 1, 4, 4, 4, 4, 4, 4], [4, 4, 6, 6, 6, 6, 6, 4, 4, 4], [4, 4, 6, 6, 6, 6, 6, 4, 4, 4], [4, 4, 6, 6, 6, 6, 6, 4, 4, 4], [4, 4, 6, 6, 6, 6, 6, 4, 4, 4], [4, 4, 6, 6, 6, 6, 6, 4, 4, 4], [4, 4, 4, 4, 4, 4, 4, 4, 4, 4], [4, 4, 4, 4, 4, 4, 4, 4, 4, 4], [4, 4, 4, 4, 4, 4, 4, 4, 4, 4]]}]}