{"train": [{"input": [[9, 9, 0, 0, 0, 0, 0, 5, 5, 5, 5, 9, 0], [0, 0, 0, 0, 5, 5, 5, 5, 5, 5, 5, 9, 0], [0, 9, 0, 0, 5, 5, 5, 5, 5, 5, 5, 0, 0], [0, 9, 0, 0, 5, 5, 5, 5, 5, 5, 0, 9, 0], [0, 0, 0, 0, 0, 0, 5, 5, 5, 5, 0, 0, 0], [9, 0, 0, 0, 5, 5, 5, 5, 5, 5, 0, 9, 0], [0, 9, 0, 0, 5, 5, 5, 5, 5, 5, 5, 0, 0], [0, 9, 0, 0, 5, 5, 5, 5, 5, 5, 5, 9, 0], [0, 0, 0, 0, 0, 0, 0, 5, 5, 5, 5, 9, 0], [9, 0, 0, 0, 0, 0, 0, 0, 0, 0, 0, 9, 0], [0, 9, 0, 0, 0, 0, 0, 0, 0, 0, 0, 0, 0], [0, 0, 0, 0, 0, 0, 0, 0, 0, 0, 0, 9, 0], [0, 9, 0, 0, 0, 0, 0, 0, 0, 0, 0, 9, 0]], "output": [[0, 0, 0, 0, 0, 0, 0, 5, 5, 5, 5, 0, 0], [0, 0, 0, 0, 5, 5, 5, 5, 5, 5, 5, 0, 0], [0, 0, 0, 0, 5, 5, 5, 5, 5, 5, 5, 0, 0], [0, 0, 0, 0, 5, 5, 5, 5, 5, 5, 0, 0, 0], [0, 0, 0, 0, 0, 0, 5, 5, 5, 5, 0, 0, 0], [0, 0, 0, 0, 5, 5, 5, 5, 5, 5, 0, 0, 0], [0, 0, 0, 0, 5, 5, 5, 5, 5, 5, 5, 0, 0], [0, 0, 0, 0, 5, 5, 5, 5, 5, 5, 5, 0, 0], [0, 0, 0, 0, 0, 0, 0, 5, 5, 5, 5, 0, 0], [0, 0, 0, 0, 0, 0, 0, 0, 0, 0, 0, 0, 0], [0, 0, 0, 0, 0, 0, 0, 0, 0, 0, 0, 0, 0], [0, 0, 0, 0, 0, 0, 0, 0, 0, 0, 0, 0, 0], [0, 0, 0, 0, 0, 0, 0, 0, 0, 0, 0, 0, 0]]}, {"input": [[9, 0, 0, 0, 0, 0, 0, 0, 0, 0, 0, 0], [9, 0, 0, 8, 8, 8, 9, 8, 8, 0, 0, 0], [9, 0, 0, 8, 8, 8, 8, 8, 8, 0, 0, 0], [9, 0, 8, 8, 8, 8, 0, 0, 0, 0, 0, 0], [0, 8, 8, 8, 8, 8, 9, 0, 0, 0, 0, 0], [0, 8, 8, 8, 8, 8, 0, 0, 0, 0, 0, 0], [9, 0, 8, 8, 8, 8, 0, 0, 0, 0, 0, 0], [9, 0, 0, 8, 8, 8, 9, 8, 8, 0, 0, 0], [9, 0, 0, 8, 8, 8, 8, 8, 8, 0, 0, 0], [0, 0, 0, 0, 0, 0, 9, 0, 0, 0, 0, 0], [0, 0, 0, 0, 0, 0, 9, 0, 0, 0, 0, 0], [9, 0, 0, 0, 0, 0, 9, 0, 0, 0, 0, 0], [0, 0, 0, 0, 0, 0, 9, 0, 0, 0, 0, 0]], "output": [[0, 0, 0, 0, 0, 0, 0, 0, 0, 0, 0, 0], [0, 0, 0, 8, 8, 8, 8, 8, 8, 0, 0, 0], [0, 0, 0, 8, 8, 8, 8, 8, 8, 0, 0, 0], [0, 0, 8, 8, 8, 8, 0, 0, 0, 0, 0, 0], [0, 8, 8, 8, 8, 8, 0, 0, 0, 0, 0, 0], [0, 8, 8, 8, 8, 8, 0, 0, 0, 0, 0, 0], [0, 0, 8, 8, 8, 8, 0, 0, 0, 0, 0, 0], [0, 0, 0, 8, 8, 8, 8, 8, 8, 0, 0, 0], [0, 0, 0, 8, 8, 8, 8, 8, 8, 0, 0, 0], [0, 0, 0, 0, 0, 0, 0, 0, 0, 0, 0, 0], [0, 0, 0, 0, 0, 0, 0, 0, 0, 0, 0, 0], [0, 0, 0, 0, 0, 0, 0, 0, 0, 0, 0, 0], [0, 0, 0, 0, 0, 0, 0, 0, 0, 0, 0, 0]]}, {"input": [[4, 0, 9, 9, 4, 9, 0, 0, 0, 0, 0, 0, 0], [4, 9, 9, 9, 4, 9, 0, 0, 0, 0, 0, 0, 4], [9, 9, 9, 9, 9, 9, 0, 9, 0, 0, 0, 0, 4], [9, 9, 9, 9, 9, 9, 9, 9, 0, 0, 0, 0, 4], [4, 9, 9, 9, 9, 9, 9, 9, 0, 0, 0, 0, 0], [4, 9, 9, 9, 9, 9, 0, 9, 0, 0, 0, 0, 4], [4, 9, 9, 9, 9, 9, 0, 0, 0, 0, 0, 0, 4], [0, 0, 9, 9, 9, 9, 0, 0, 0, 0, 0, 0, 0], [4, 0, 0, 0, 0, 0, 0, 0, 0, 0, 0, 0, 4], [0, 0, 0, 0, 4, 0, 0, 0, 0, 0, 0, 0, 4], [4, 0, 0, 0, 0, 0, 0, 0, 0, 0, 0, 0, 4]], "output": [[0, 0, 9, 9, 9, 9, 0, 0, 0, 0, 0, 0, 0], [0, 9, 9, 9, 9, 9, 0, 0, 0, 0, 0, 0, 0], [9, 9, 9, 9, 9, 9, 0, 9, 0, 0, 0, 0, 0], [9, 9, 9, 9, 9, 9, 9, 9, 0, 0, 0, 0, 0], [9, 9, 9, 9, 9, 9, 9, 9, 0, 0, 0, 0, 0], [9, 9, 9, 9, 9, 9, 0, 9, 0, 0, 0, 0, 0], [0, 9, 9, 9, 9, 9, 0, 0, 0, 0, 0, 0, 0], [0, 0, 9, 9, 9, 9, 0, 0, 0, 0, 0, 0, 0], [0, 0, 0, 0, 0, 0, 0, 0, 0, 0, 0, 0, 0], [0, 0, 0, 0, 0, 0, 0, 0, 0, 0, 0, 0, 0], [0, 0, 0, 0, 0, 0, 0, 0, 0, 0, 0, 0, 0]]}, {"input": [[3, 0, 0, 0, 0, 0, 0, 0, 0, 0, 0, 0, 0], [0, 0, 0, 0, 3, 0, 0, 0, 0, 0, 0, 0, 0], [3, 2, 2, 2, 2, 2, 2, 2, 2, 2, 2, 0, 0], [0, 2, 2, 2, 2, 2, 2, 2, 2, 2, 2, 0, 0], [3, 0, 0, 0, 3, 2, 2, 2, 0, 0, 0, 0, 0], [0, 0, 0, 0, 2, 2, 2, 2, 0, 0, 0, 0, 0], [3, 2, 2, 2, 2, 2, 2, 2, 2, 2, 2, 0, 0], [3, 2, 2, 2, 2, 2, 2, 2, 2, 2, 2, 0, 0], [0, 0, 0, 0, 0, 0, 0, 0, 0, 0, 0, 0, 0], [3, 0, 0, 0, 3, 0, 0, 0, 0, 0, 0, 0, 0], [0, 0, 0, 0, 0, 0, 0, 0, 0, 0, 0, 0, 0], [3, 0, 0, 0, 3, 0, 0, 0, 0, 0, 0, 0, 0], [0, 0, 0, 0, 0, 0, 0, 0, 0, 0, 0, 0, 0]], "output": [[0, 0, 0, 0, 0, 0, 0, 0, 0, 0, 0, 0, 0], [0, 0, 0, 0, 0, 0, 0, 0, 0, 0, 0, 0, 0], [0, 2, 2, 2, 2, 2, 2, 2, 2, 2, 2, 0, 0], [0, 2, 2, 2, 2, 2, 2, 2, 2, 2, 2, 0, 0], [0, 0, 0, 0, 2, 2, 2, 2, 0, 0, 0, 0, 0], [0, 0, 0, 0, 2, 2, 2, 2, 0, 0, 0, 0, 0], [0, 2, 2, 2, 2, 2, 2, 2, 2, 2, 2, 0, 0], [0, 2, 2, 2, 2, 2, 2, 2, 2, 2, 2, 0, 0], [0, 0, 0, 0, 0, 0, 0, 0, 0, 0, 0, 0, 0], [0, 0, 0, 0, 0, 0, 0, 0, 0, 0, 0, 0, 0], [0, 0, 0, 0, 0, 0, 0, 0, 0, 0, 0, 0, 0], [0, 0, 0, 0, 0, 0, 0, 0, 0, 0, 0, 0, 0], [0, 0, 0, 0, 0, 0, 0, 0, 0, 0, 0, 0, 0]]}, {"input": [[2, 7, 7, 7, 7, 7, 2, 0, 0, 0], [2, 0, 7, 7, 7, 7, 2, 0, 0, 0], [0, 0, 7, 7, 7, 7, 0, 0, 2, 0], [0, 0, 7, 7, 7, 7, 2, 0, 0, 0], [2, 0, 7, 7, 7, 7, 0, 0, 0, 0], [2, 7, 7, 7, 7, 7, 2, 0, 0, 0], [0, 0, 0, 0, 0, 0, 2, 0, 2, 0], [0, 0, 0, 0, 0, 0, 0, 0, 2, 0], [2, 0, 0, 0, 0, 0, 0, 0, 0, 0], [0, 0, 0, 0, 0, 0, 0, 0, 0, 0], [2, 0, 0, 0, 0, 0, 0, 0, 0, 0]], "output": [[0, 7, 7, 7, 7, 7, 0, 0, 0, 0], [0, 0, 7, 7, 7, 7, 0, 0, 0, 0], [0, 0, 7, 7, 7, 7, 0, 0, 0, 0], [0, 0, 7, 7, 7, 7, 0, 0, 0, 0], [0, 0, 7, 7, 7, 7, 0, 0, 0, 0], [0, 7, 7, 7, 7, 7, 0, 0, 0, 0], [0, 0, 0, 0, 0, 0, 0, 0, 0, 0], [0, 0, 0, 0, 0, 0, 0, 0, 0, 0], [0, 0, 0, 0, 0, 0, 0, 0, 0, 0], [0, 0, 0, 0, 0, 0, 0, 0, 0, 0], [0, 0, 0, 0, 0, 0, 0, 0, 0, 0]]}, {"input": [[4, 0, 0, 0, 0, 0, 0, 0, 0, 0, 0, 0, 0], [4, 0, 0, 0, 4, 0, 8, 0, 0, 8, 8, 8, 8], [0, 0, 0, 0, 4, 8, 8, 8, 8, 8, 8, 8, 8], [4, 4, 0, 0, 8, 8, 8, 8, 8, 8, 8, 8, 8], [0, 0, 0, 0, 4, 8, 8, 8, 8, 8, 8, 8, 8], [0, 0, 0, 0, 4, 0, 8, 8, 8, 8, 8, 8, 8], [0, 4, 0, 0, 8, 8, 8, 8, 8, 8, 8, 8, 8], [0, 0, 0, 0, 8, 8, 8, 8, 8, 8, 8, 8, 8], [0, 4, 0, 0, 8, 8, 8, 8, 8, 8, 8, 8, 8], [4, 0, 0, 0, 0, 0, 8, 0, 0, 8, 8, 8, 8], [0, 4, 0, 0, 0, 0, 0, 0, 0, 0, 0, 0, 0], [4, 0, 0, 0, 0, 0, 0, 0, 0, 0, 0, 0, 0]], "output": [[0, 0, 0, 0, 0, 0, 0, 0, 0, 0, 0, 0, 0], [0, 0, 0, 0, 0, 0, 8, 0, 0, 8, 8, 8, 8], [0, 0, 0, 0, 8, 8, 8, 8, 8, 8, 8, 8, 8], [0, 0, 0, 0, 8, 8, 8, 8, 8, 8, 8, 8, 8], [0, 0, 0, 0, 8, 8, 8, 8, 8, 8, 8, 8, 8], [0, 0, 0, 0, 0, 0, 8, 8, 8, 8, 8, 8, 8], [0, 0, 0, 0, 8, 8, 8, 8, 8, 8, 8, 8, 8], [0, 0, 0, 0, 8, 8, 8, 8, 8, 8, 8, 8, 8], [0, 0, 0, 0, 8, 8, 8, 8, 8, 8, 8, 8, 8], [0, 0, 0, 0, 0, 0, 8, 0, 0, 8, 8, 8, 8], [0, 0, 0, 0, 0, 0, 0, 0, 0, 0, 0, 0, 0], [0, 0, 0, 0, 0, 0, 0, 0, 0, 0, 0, 0, 0]]}], "test": [{"input": [[9, 0, 0, 0, 0, 0, 0, 0, 0, 9], [0, 0, 0, 0, 0, 0, 0, 0, 0, 0], [9, 0, 0, 0, 0, 7, 7, 7, 0, 9], [0, 0, 0, 0, 7, 7, 7, 9, 0, 9], [0, 0, 7, 7, 7, 7, 7, 7, 0, 9], [0, 0, 0, 0, 7, 7, 7, 7, 0, 9], [0, 0, 0, 0, 7, 7, 0, 0, 0, 0], [0, 0, 0, 0, 7, 7, 7, 7, 0, 0], [0, 0, 7, 7, 7, 7, 7, 9, 0, 9], [0, 0, 0, 0, 7, 7, 7, 7, 0, 0], [0, 0, 0, 0, 0, 7, 7, 9, 0, 9], [0, 0, 0, 0, 0, 0, 0, 9, 0, 9]], "output": [[0, 0, 0, 0, 0, 0, 0, 0, 0, 0], [0, 0, 0, 0, 0, 0, 0, 0, 0, 0], [0, 0, 0, 0, 0, 7, 7, 7, 0, 0], [0, 0, 0, 0, 7, 7, 7, 7, 0, 0], [0, 0, 7, 7, 7, 7, 7, 7, 0, 0], [0, 0, 0, 0, 7, 7, 7, 7, 0, 0], [0, 0, 0, 0, 7, 7, 0, 0, 0, 0], [0, 0, 0, 0, 7, 7, 7, 7, 0, 0], [0, 0, 7, 7, 7, 7, 7, 7, 0, 0], [0, 0, 0, 0, 7, 7, 7, 7, 0, 0], [0, 0, 0, 0, 0, 7, 7, 7, 0, 0], [0, 0, 0, 0, 0, 0, 0, 0, 0, 0]]}]}