{"train": [{"input": [[0, 0, 0, 2, 2], [2, 0, 0, 2, 0], [2, 2, 2, 0, 2], [0, 2, 2, 0, 2], [0, 0, 0, 0, 0], [0, 2, 2, 2, 0], [2, 2, 0, 0, 2], [4, 4, 4, 4, 4], [2, 0, 2, 0, 2], [2, 0, 2, 2, 2], [2, 2, 0, 2, 0], [2, 2, 0, 0, 0], [2, 2, 2, 2, 0], [2, 2, 2, 0, 2], [2, 2, 2, 0, 2]], "output": [[1, 3, 1, 1, 1], [1, 3, 1, 1, 1], [1, 1, 1, 1, 1], [1, 1, 1, 3, 1], [1, 1, 1, 1, 3], [1, 1, 1, 1, 1], [1, 1, 1, 3, 1]]}, {"input": [[2, 0, 0, 0, 0, 2, 2], [0, 0, 0, 0, 2, 2, 2], [2, 0, 0, 2, 2, 2, 0], [2, 0, 2, 2, 2, 0, 0], [4, 4, 4, 4, 4, 4, 4], [2, 2, 2, 2, 2, 0, 2], [2, 0, 2, 2, 2, 2, 2], [0, 0, 0, 0, 2, 2, 2], [2, 0, 2, 0, 0, 2, 2]], "output": [[1, 1, 1, 1, 1, 1, 1], [1, 3, 1, 1, 1, 1, 1], [1, 3, 3, 1, 1, 1, 1], [1, 3, 1, 1, 1, 1, 1]]}, {"input": [[2, 0, 0, 0, 0, 2, 2, 0], [0, 2, 0, 2, 0, 2, 2, 2], [2, 0, 2, 2, 2, 0, 0, 0], [0, 0, 2, 0, 0, 0, 0, 2], [4, 4, 4, 4, 4, 4, 4, 4], [2, 0, 2, 0, 0, 2, 2, 0], [2, 0, 0, 0, 0, 2, 2, 0], [2, 0, 2, 0, 0, 0, 0, 0], [2, 2, 0, 0, 2, 2, 2, 0]], "output": [[1, 3, 1, 3, 3, 1, 1, 3], [1, 1, 3, 1, 3, 1, 1, 1], [1, 3, 1, 1, 1, 3, 3, 3], [1, 1, 1, 3, 1, 1, 1, 1]]}, {"input": [[0, 2, 2, 0, 2, 0], [2, 0, 0, 2, 2, 2], [0, 0, 0, 0, 2, 0], [2, 0, 0, 2, 0, 0], [0, 2, 0, 2, 2, 0], [2, 2, 0, 2, 2, 0], [4, 4, 4, 4, 4, 4], [0, 0, 2, 0, 2, 2], [2, 2, 0, 0, 0, 0], [2, 0, 0, 2, 0, 2], [2, 0, 0, 2, 2, 0], [0, 0, 0, 2, 0, 2], [2, 0, 2, 2, 2, 2]], "output": [[3, 1, 1, 3, 1, 1], [1, 1, 3, 1, 1, 1], [1, 3, 3, 1, 1, 1], [1, 3, 3, 1, 1, 3], [3, 1, 3, 1, 1, 1], [1, 1, 1, 1, 1, 1]]}, {"input": [[0, 0, 0, 0, 0, 0, 0, 0], [0, 0, 2, 2, 2, 0, 2, 0], [2, 0, 0, 2, 0, 2, 0, 0], [2, 2, 0, 0, 0, 2, 2, 2], [2, 0, 0, 2, 2, 2, 0, 0], [4, 4, 4, 4, 4, 4, 4, 4], [2, 0, 2, 2, 2, 0, 0, 0], [0, 0, 0, 0, 0, 0, 2, 2], [0, 0, 0, 0, 2, 2, 0, 2], [0, 2, 0, 0, 2, 2, 0, 2], [2, 0, 0, 0, 0, 2, 0, 2]], "output": [[1, 3, 1, 1, 1, 3, 3, 3], [3, 3, 1, 1, 1, 3, 1, 1], [1, 3, 3, 1, 1, 1, 3, 1], [1, 1, 3, 3, 1, 1, 1, 1], [1, 3, 3, 1, 1, 1, 3, 1]]}, {"input": [[0, 2, 0, 0, 0, 2, 2, 0], [2, 2, 0, 2, 2, 0, 0, 0], [0, 0, 2, 2, 0, 0, 2, 0], [2, 0, 0, 2, 2, 0, 0, 2], [2, 2, 2, 2, 2, 2, 0, 2], [2, 0, 0, 2, 2, 2, 0, 2], [2, 2, 0, 2, 0, 0, 2, 0], [2, 0, 0, 0, 0, 2, 0, 0], [2, 2, 0, 2, 0, 0, 2, 2], [4, 4, 4, 4, 4, 4, 4, 4], [0, 2, 0, 0, 2, 2, 0, 0], [2, 2, 0, 0, 0, 0, 0, 2], [2, 2, 2, 0, 2, 2, 2, 0], [2, 2, 2, 2, 0, 2, 0, 2], [2, 0, 0, 0, 0, 0, 0, 0], [0, 0, 2, 0, 0, 0, 0, 0], [0, 0, 0, 2, 2, 2, 2, 0], [0, 0, 2, 2, 0, 2, 0, 0], [0, 0, 0, 0, 0, 2, 2, 2]], "output": [[3, 1, 3, 3, 1, 1, 1, 3], [1, 1, 3, 1, 1, 3, 3, 1], [1, 1, 1, 1, 1, 1, 1, 3], [1, 1, 1, 1, 1, 1, 3, 1], [1, 1, 1, 1, 1, 1, 3, 1], [1, 3, 1, 1, 1, 1, 3, 1], [1, 1, 3, 1, 1, 1, 1, 3], [1, 3, 1, 1, 3, 1, 3, 3], [1, 1, 3, 1, 3, 1, 1, 1]]}, {"input": [[2, 2, 2, 2, 2, 0, 2, 0, 0], [2, 0, 2, 2, 2, 0, 0, 2, 2], [2, 2, 2, 0, 0, 2, 2, 2, 2], [4, 4, 4, 4, 4, 4, 4, 4, 4], [2, 2, 0, 0, 2, 0, 0, 0, 2], [2, 0, 2, 2, 2, 0, 2, 0, 2], [2, 2, 0, 0, 2, 2, 2, 0, 0]], "output": [[1, 1, 1, 1, 1, 3, 1, 3, 1], [1, 3, 1, 1, 1, 3, 1, 1, 1], [1, 1, 1, 3, 1, 1, 1, 1, 1]]}, {"input": [[0, 0], [0, 0], [4, 4], [2, 0], [2, 0]], "output": [[1, 3], [1, 3]]}, {"input": [[2, 0, 0, 2, 2], [0, 0, 2, 2, 0], [0, 0, 0, 2, 0], [2, 0, 0, 0, 0], [0, 2, 0, 0, 2], [2, 0, 0, 2, 0], [0, 2, 0, 0, 2], [4, 4, 4, 4, 4], [0, 0, 2, 0, 2], [0, 0, 0, 0, 0], [0, 0, 2, 0, 2], [2, 2, 0, 0, 0], [0, 0, 2, 2, 0], [2, 0, 2, 2, 2], [2, 2, 0, 2, 0]], "output": [[1, 3, 1, 1, 1], [3, 3, 1, 1, 3], [3, 3, 1, 1, 1], [1, 1, 3, 3, 3], [3, 1, 1, 1, 1], [1, 3, 1, 1, 1], [1, 1, 3, 1, 1]]}, {"input": [[0, 0, 2], [2, 0, 0], [2, 0, 2], [2, 0, 0], [2, 0, 0], [0, 0, 2], [4, 4, 4], [2, 0, 0], [0, 0, 2], [2, 0, 0], [0, 2, 0], [2, 0, 2], [0, 2, 2]], "output": [[1, 3, 1], [1, 3, 1], [1, 3, 1], [1, 1, 3], [1, 3, 1], [3, 1, 1]]}, {"input": [[0, 0, 0], [2, 2, 0], [2, 2, 0], [0, 2, 2], [2, 0, 2], [0, 2, 0], [2, 2, 2], [2, 0, 2], [2, 0, 0], [4, 4, 4], [0, 0, 2], [0, 2, 2], [2, 0, 0], [2, 0, 0], [2, 2, 2], [0, 0, 0], [0, 2, 0], [0, 0, 2], [2, 2, 2]], "output": [[3, 3, 1], [1, 1, 1], [1, 1, 3], [1, 1, 1], [1, 1, 1], [3, 1, 3], [1, 1, 1], [1, 3, 1], [1, 1, 1]]}, {"input": [[0, 0, 0], [2, 2, 0], [2, 2, 2], [4, 4, 4], [2, 2, 0], [0, 2, 2], [2, 2, 2]], "output": [[1, 1, 3], [1, 1, 1], [1, 1, 1]]}, {"input": [[2, 2, 2, 2], [0, 2, 2, 0], [4, 4, 4, 4], [0, 2, 2, 2], [2, 0, 0, 0]], "output": [[1, 1, 1, 1], [1, 1, 1, 3]]}, {"input": [[2, 2, 0], [2, 0, 0], [0, 2, 0], [4, 4, 4], [0, 0, 0], [2, 2, 0], [0, 0, 2]], "output": [[1, 1, 3], [1, 1, 3], [3, 1, 1]]}, {"input": [[0, 2, 0], [0, 0, 0], [2, 0, 0], [2, 2, 0], [2, 0, 2], [0, 0, 2], [4, 4, 4], [2, 0, 0], [2, 2, 0], [2, 0, 0], [2, 2, 2], [0, 2, 2], [2, 0, 2]], "output": [[1, 1, 3], [1, 1, 3], [1, 3, 3], [1, 1, 1], [1, 1, 1], [1, 3, 1]]}, {"input": [[0, 2, 0, 0, 0, 2], [2, 0, 2, 0, 0, 0], [0, 0, 0, 0, 0, 2], [2, 2, 0, 0, 2, 2], [2, 0, 2, 0, 2, 2], [0, 2, 0, 2, 0, 0], [0, 2, 0, 0, 2, 2], [2, 2, 0, 0, 0, 0], [2, 0, 0, 2, 0, 2], [4, 4, 4, 4, 4, 4], [2, 0, 0, 0, 0, 0], [2, 2, 2, 0, 0, 2], [2, 2, 0, 2, 2, 2], [2, 2, 2, 0, 2, 0], [2, 0, 0, 0, 0, 0], [2, 0, 0, 0, 0, 2], [0, 2, 0, 0, 2, 0], [0, 2, 2, 2, 2, 2], [0, 0, 2, 0, 2, 2]], "output": [[1, 1, 3, 3, 3, 1], [1, 1, 1, 3, 3, 1], [1, 1, 3, 1, 1, 1], [1, 1, 1, 3, 1, 1], [1, 3, 1, 3, 1, 1], [1, 1, 3, 1, 3, 1], [3, 1, 3, 3, 1, 1], [1, 1, 1, 1, 1, 1], [1, 3, 1, 1, 1, 1]]}, {"input": [[2, 2, 0, 2], [0, 0, 2, 0], [4, 4, 4, 4], [0, 2, 0, 0], [2, 2, 0, 0]], "output": [[1, 1, 3, 1], [1, 1, 1, 3]]}, {"input": [[2, 2, 2, 2, 2, 0, 2, 2, 0], [2, 2, 0, 2, 0, 2, 2, 0, 2], [2, 0, 0, 0, 2, 2, 2, 0, 2], [4, 4, 4, 4, 4, 4, 4, 4, 4], [2, 2, 0, 2, 0, 0, 0, 0, 2], [0, 0, 2, 2, 0, 0, 2, 0, 2], [2, 0, 2, 0, 0, 2, 2, 0, 0]], "output": [[1, 1, 1, 1, 1, 3, 1, 1, 1], [1, 1, 1, 1, 3, 1, 1, 3, 1], [1, 3, 1, 3, 1, 1, 1, 3, 1]]}, {"input": [[0, 0, 2, 2, 2, 2, 0, 0, 2], [0, 2, 0, 0, 2, 0, 0, 0, 0], [2, 2, 2, 2, 2, 2, 2, 0, 0], [0, 2, 2, 2, 2, 2, 2, 0, 0], [0, 0, 0, 2, 0, 2, 0, 0, 2], [2, 0, 0, 2, 2, 0, 0, 0, 2], [2, 2, 2, 2, 2, 2, 2, 2, 2], [4, 4, 4, 4, 4, 4, 4, 4, 4], [0, 0, 0, 2, 2, 2, 0, 0, 0], [2, 0, 2, 2, 0, 2, 0, 0, 0], [2, 0, 2, 0, 2, 0, 0, 2, 2], [0, 0, 0, 2, 0, 2, 0, 2, 0], [0, 0, 0, 0, 2, 0, 0, 0, 0], [2, 0, 0, 0, 2, 2, 2, 2, 0], [2, 0, 0, 2, 2, 0, 2, 2, 2]], "output": [[3, 3, 1, 1, 1, 1, 3, 3, 1], [1, 1, 1, 1, 1, 1, 3, 3, 3], [1, 1, 1, 1, 1, 1, 1, 1, 1], [3, 1, 1, 1, 1, 1, 1, 1, 3], [3, 3, 3, 1, 1, 1, 3, 3, 1], [1, 3, 3, 1, 1, 1, 1, 1, 1], [1, 1, 1, 1, 1, 1, 1, 1, 1]]}, {"input": [[2, 0, 2, 2], [0, 0, 2, 0], [2, 2, 2, 2], [2, 0, 2, 0], [4, 4, 4, 4], [2, 2, 2, 2], [2, 0, 2, 0], [2, 0, 2, 2], [2, 2, 0, 0]], "output": [[1, 1, 1, 1], [1, 3, 1, 3], [1, 1, 1, 1], [1, 1, 1, 3]]}, {"input": [[2, 2, 2, 0, 0, 0, 2], [2, 2, 2, 0, 2, 2, 2], [2, 0, 0, 0, 2, 0, 0], [2, 2, 2, 2, 0, 0, 2], [2, 2, 0, 2, 2, 2, 0], [2, 0, 0, 0, 0, 2, 2], [2, 2, 0, 0, 2, 2, 0], [2, 0, 0, 0, 0, 0, 2], [4, 4, 4, 4, 4, 4, 4], [0, 0, 2, 0, 2, 0, 0], [2, 2, 2, 2, 0, 0, 0], [2, 0, 0, 2, 0, 2, 0], [0, 2, 0, 0, 2, 0, 0], [2, 0, 0, 2, 0, 2, 0], [2, 2, 2, 2, 0, 2, 0], [0, 2, 2, 2, 2, 2, 0], [0, 2, 0, 2, 2, 2, 0]], "output": [[1, 1, 1, 3, 1, 3, 1], [1, 1, 1, 1, 1, 1, 1], [1, 3, 3, 1, 1, 1, 3], [1, 1, 1, 1, 1, 3, 1], [1, 1, 3, 1, 1, 1, 3], [1, 1, 1, 1, 3, 1, 1], [1, 1, 1, 1, 1, 1, 3], [1, 1, 3, 1, 1, 1, 1]]}, {"input": [[2, 0, 0, 0, 0], [0, 2, 0, 2, 0], [0, 2, 2, 2, 2], [2, 2, 0, 2, 2], [0, 0, 0, 2, 2], [2, 2, 0, 0, 0], [2, 2, 0, 0, 2], [2, 2, 0, 2, 0], [4, 4, 4, 4, 4], [0, 0, 2, 2, 0], [0, 2, 0, 0, 2], [0, 0, 2, 2, 0], [2, 2, 2, 0, 0], [2, 2, 2, 0, 2], [0, 2, 0, 2, 2], [2, 0, 2, 2, 0], [0, 0, 2, 2, 0]], "output": [[1, 3, 1, 1, 3], [3, 1, 3, 1, 1], [3, 1, 1, 1, 1], [1, 1, 1, 1, 1], [1, 1, 1, 1, 1], [1, 1, 3, 1, 1], [1, 1, 1, 1, 1], [1, 1, 1, 1, 3]]}, {"input": [[2, 0, 0, 0], [2, 2, 2, 0], [0, 2, 0, 2], [2, 2, 2, 2], [4, 4, 4, 4], [0, 0, 2, 0], [2, 2, 0, 2], [0, 0, 0, 2], [0, 2, 0, 2]], "output": [[1, 3, 1, 3], [1, 1, 1, 1], [3, 1, 3, 1], [1, 1, 1, 1]]}, {"input": [[2, 0, 0, 0, 2], [2, 0, 2, 0, 2], [2, 2, 2, 0, 0], [0, 2, 2, 2, 2], [2, 0, 2, 0, 2], [2, 2, 2, 0, 2], [2, 2, 0, 0, 0], [4, 4, 4, 4, 4], [0, 2, 0, 0, 0], [2, 2, 0, 0, 2], [2, 0, 0, 0, 2], [2, 0, 2, 0, 2], [2, 0, 2, 2, 0], [0, 0, 0, 0, 0], [0, 0, 2, 2, 2]], "output": [[1, 1, 3, 3, 1], [1, 1, 1, 3, 1], [1, 1, 1, 3, 1], [1, 1, 1, 1, 1], [1, 3, 1, 1, 1], [1, 1, 1, 3, 1], [1, 1, 1, 1, 1]]}, {"input": [[0, 0, 0, 0, 0, 0], [0, 0, 2, 2, 2, 2], [0, 2, 0, 2, 2, 2], [2, 0, 0, 2, 2, 0], [0, 0, 2, 0, 0, 2], [2, 2, 2, 2, 2, 2], [4, 4, 4, 4, 4, 4], [0, 2, 2, 0, 0, 0], [0, 2, 2, 2, 2, 2], [2, 2, 0, 0, 2, 0], [2, 0, 2, 2, 0, 0], [2, 2, 0, 2, 2, 2], [2, 0, 2, 0, 0, 2]], "output": [[3, 1, 1, 3, 3, 3], [3, 1, 1, 1, 1, 1], [1, 1, 3, 1, 1, 1], [1, 3, 1, 1, 1, 3], [1, 1, 1, 1, 1, 1], [1, 1, 1, 1, 1, 1]]}, {"input": [[0, 0], [0, 2], [0, 0], [4, 4], [0, 0], [2, 2], [2, 0]], "output": [[3, 3], [1, 1], [1, 3]]}, {"input": [[2, 0, 0, 2, 2], [2, 2, 2, 0, 0], [2, 0, 2, 0, 2], [2, 0, 2, 0, 0], [4, 4, 4, 4, 4], [2, 2, 2, 2, 2], [2, 2, 0, 2, 0], [2, 0, 2, 0, 0], [2, 2, 0, 2, 0]], "output": [[1, 1, 1, 1, 1], [1, 1, 1, 1, 3], [1, 3, 1, 3, 1], [1, 1, 1, 1, 3]]}], "test": [{"input": [[0, 0, 0, 0], [2, 2, 2, 0], [0, 2, 2, 2], [0, 2, 2, 0], [0, 2, 2, 2], [2, 2, 0, 2], [2, 2, 0, 2], [4, 4, 4, 4], [2, 2, 2, 0], [2, 2, 2, 2], [2, 2, 0, 0], [2, 0, 0, 0], [0, 0, 2, 0], [2, 0, 0, 2], [2, 2, 2, 0]], "output": [[1, 1, 1, 3], [1, 1, 1, 1], [1, 1, 1, 1], [1, 1, 1, 3], [3, 1, 1, 1], [1, 1, 3, 1], [1, 1, 1, 1]]}, {"input": [[0, 0, 0, 0], [0, 0, 2, 2], [2, 0, 2, 0], [2, 0, 2, 2], [4, 4, 4, 4], [0, 0, 2, 0], [2, 2, 0, 0], [2, 2, 2, 2], [0, 0, 0, 0]], "output": [[3, 3, 1, 3], [1, 1, 1, 1], [1, 1, 1, 1], [1, 3, 1, 1]]}, {"input": [[2, 0, 0, 0, 2, 0, 2], [0, 2, 0, 2, 0, 2, 2], [0, 0, 0, 2, 0, 0, 2], [0, 0, 2, 0, 0, 0, 2], [0, 2, 0, 2, 2, 0, 0], [4, 4, 4, 4, 4, 4, 4], [0, 0, 2, 0, 2, 2, 0], [0, 2, 0, 0, 0, 2, 0], [2, 0, 2, 2, 0, 0, 0], [2, 2, 2, 0, 0, 2, 2], [0, 0, 0, 0, 2, 2, 2]], "output": [[1, 3, 1, 3, 1, 1, 1], [3, 1, 3, 1, 3, 1, 1], [1, 3, 1, 1, 3, 3, 1], [1, 1, 1, 3, 3, 1, 1], [3, 1, 3, 1, 1, 1, 1]]}]}