{"train": [{"input": [[0, 7, 1, 3, 4, 3, 1, 4, 4, 0], [1, 0, 0, 0, 0, 6, 6, 6, 6, 6], [6, 0, 0, 0, 0, 6, 6, 6, 6, 1], [6, 1, 1, 1, 0, 6, 6, 6, 6, 3], [3, 1, 1, 1, 0, 6, 6, 6, 6, 7], [3, 1, 1, 1, 0, 0, 0, 0, 0, 4], [3, 0, 0, 0, 0, 0, 0, 6, 6, 7], [6, 0, 0, 0, 0, 0, 0, 6, 6, 4], [1, 0, 0, 0, 0, 0, 0, 6, 6, 4], [0, 1, 6, 4, 6, 3, 1, 4, 3, 0]], "output": [[0, 2, 2, 2, 2, 2, 2, 2, 2, 0], [2, 0, 0, 0, 0, 2, 2, 2, 2, 2], [2, 0, 0, 0, 0, 2, 2, 2, 2, 2], [2, 2, 2, 2, 0, 2, 2, 2, 2, 2], [2, 2, 2, 2, 0, 2, 2, 2, 2, 2], [2, 2, 2, 2, 0, 0, 0, 0, 0, 2], [2, 0, 0, 0, 0, 0, 0, 2, 2, 2], [2, 0, 0, 0, 0, 0, 0, 2, 2, 2], [2, 0, 0, 0, 0, 0, 0, 2, 2, 2], [0, 2, 2, 2, 2, 2, 2, 2, 2, 0]]}, {"input": [[0, 6, 1, 7, 4, 6, 6, 7, 7, 4], [3, 0, 0, 3, 3, 0, 4, 4, 4, 3], [7, 0, 0, 0, 0, 0, 4, 4, 4, 1], [6, 6, 6, 6, 6, 0, 4, 4, 4, 3], [7, 6, 6, 6, 6, 0, 0, 0, 0, 3], [6, 6, 6, 6, 6, 0, 3, 3, 3, 7], [1, 6, 6, 6, 6, 0, 3, 3, 3, 6], [1, 0, 0, 0, 0, 0, 3, 3, 3, 6], [6, 0, 0, 0, 0, 0, 0, 0, 0, 3], [0, 3, 3, 1, 7, 7, 1, 4, 3, 0]], "output": [[0, 2, 2, 2, 2, 2, 2, 2, 2, 2], [2, 0, 0, 2, 2, 0, 2, 2, 2, 2], [2, 0, 0, 0, 0, 0, 2, 2, 2, 2], [2, 2, 2, 2, 2, 0, 2, 2, 2, 2], [2, 2, 2, 2, 2, 0, 0, 0, 0, 2], [2, 2, 2, 2, 2, 0, 2, 2, 2, 2], [2, 2, 2, 2, 2, 0, 2, 2, 2, 2], [2, 0, 0, 0, 0, 0, 2, 2, 2, 2], [2, 0, 0, 0, 0, 0, 0, 0, 0, 2], [0, 2, 2, 2, 2, 2, 2, 2, 2, 0]]}, {"input": [[0, 6, 3, 3, 1, 1, 1, 3, 7, 0], [3, 6, 6, 6, 6, 0, 3, 3, 0, 4], [7, 6, 6, 6, 6, 0, 3, 3, 0, 4], [3, 6, 6, 6, 6, 0, 0, 0, 0, 3], [7, 0, 0, 0, 0, 0, 0, 0, 0, 7], [1, 4, 4, 4, 4, 0, 0, 0, 0, 1], [1, 4, 4, 4, 4, 0, 0, 0, 0, 7], [4, 4, 4, 4, 4, 0, 1, 1, 0, 7], [3, 4, 4, 4, 4, 0, 1, 1, 0, 3], [0, 1, 3, 1, 6, 4, 6, 3, 1, 0]], "output": [[0, 2, 2, 2, 2, 2, 2, 2, 2, 0], [2, 2, 2, 2, 2, 0, 2, 2, 0, 2], [2, 2, 2, 2, 2, 0, 2, 2, 0, 2], [2, 2, 2, 2, 2, 0, 0, 0, 0, 2], [2, 0, 0, 0, 0, 0, 0, 0, 0, 2], [2, 2, 2, 2, 2, 0, 0, 0, 0, 2], [2, 2, 2, 2, 2, 0, 0, 0, 0, 2], [2, 2, 2, 2, 2, 0, 2, 2, 0, 2], [2, 2, 2, 2, 2, 0, 2, 2, 0, 2], [0, 2, 2, 2, 2, 2, 2, 2, 2, 0]]}, {"input": [[0, 4, 3, 3, 1, 7, 6, 4, 7, 0], [3, 0, 1, 1, 0, 0, 0, 0, 0, 3], [4, 0, 1, 1, 0, 0, 0, 0, 0, 6], [7, 0, 0, 0, 0, 0, 0, 0, 0, 6], [1, 4, 4, 4, 0, 0, 0, 0, 0, 4], [4, 4, 4, 4, 0, 0, 0, 0, 0, 6], [1, 4, 4, 4, 0, 7, 7, 7, 0, 7], [4, 0, 0, 0, 0, 7, 7, 7, 0, 1], [1, 0, 0, 0, 0, 7, 7, 7, 0, 1], [0, 7, 7, 7, 4, 6, 4, 7, 4, 0]], "output": [[0, 2, 2, 2, 2, 2, 2, 2, 2, 0], [2, 0, 2, 2, 0, 0, 0, 0, 0, 2], [2, 0, 2, 2, 0, 0, 0, 0, 0, 2], [2, 0, 0, 0, 0, 0, 0, 0, 0, 2], [2, 2, 2, 2, 0, 0, 0, 0, 0, 2], [2, 2, 2, 2, 0, 0, 0, 0, 0, 2], [2, 2, 2, 2, 0, 2, 2, 2, 0, 2], [2, 0, 0, 0, 0, 2, 2, 2, 0, 2], [2, 0, 0, 0, 0, 2, 2, 2, 0, 2], [0, 2, 2, 2, 2, 2, 2, 2, 2, 0]]}, {"input": [[0, 3, 1, 6, 7, 4, 6, 1, 4, 0], [3, 0, 0, 0, 6, 6, 0, 7, 7, 4], [4, 0, 0, 0, 0, 0, 0, 0, 0, 7], [1, 3, 3, 3, 0, 0, 0, 0, 0, 1], [7, 3, 3, 3, 0, 0, 0, 0, 0, 1], [3, 3, 3, 3, 0, 0, 0, 0, 0, 6], [7, 3, 3, 3, 0, 0, 1, 1, 0, 3], [7, 0, 0, 0, 0, 0, 1, 1, 0, 7], [4, 0, 0, 0, 0, 0, 0, 0, 0, 6], [0, 4, 7, 6, 7, 6, 6, 1, 6, 0]], "output": [[0, 2, 2, 2, 2, 2, 2, 2, 2, 0], [2, 0, 0, 0, 2, 2, 0, 2, 2, 2], [2, 0, 0, 0, 0, 0, 0, 0, 0, 2], [2, 2, 2, 2, 0, 0, 0, 0, 0, 2], [2, 2, 2, 2, 0, 0, 0, 0, 0, 2], [2, 2, 2, 2, 0, 0, 0, 0, 0, 2], [2, 2, 2, 2, 0, 0, 1, 1, 0, 2], [2, 0, 0, 0, 0, 0, 1, 1, 0, 2], [2, 0, 0, 0, 0, 0, 0, 0, 0, 2], [0, 2, 2, 2, 2, 2, 2, 2, 2, 0]]}, {"input": [[0, 6, 4, 3, 1, 6, 3, 4, 6, 0], [1, 4, 4, 4, 0, 0, 0, 0, 0, 6], [1, 4, 4, 4, 0, 6, 6, 6, 0, 3], [1, 0, 0, 0, 0, 6, 6, 6, 0, 3], [6, 7, 7, 7, 0, 6, 6, 6, 0, 4], [1, 7, 7, 7, 0, 0, 0, 0, 0, 6], [4, 7, 7, 7, 0, 0, 7, 7, 0, 7], [7, 0, 0, 0, 0, 0, 7, 7, 0, 6], [4, 0, 0, 0, 0, 0, 0, 0, 0, 1], [0, 3, 1, 1, 6, 4, 6, 6, 1, 0]], "output": [[0, 2, 2, 2, 2, 2, 2, 2, 2, 0], [2, 2, 2, 2, 0, 0, 0, 0, 0, 2], [2, 2, 2, 2, 0, 6, 6, 6, 0, 2], [2, 0, 0, 0, 0, 6, 6, 6, 0, 2], [2, 2, 2, 2, 0, 6, 6, 6, 0, 2], [2, 2, 2, 2, 0, 0, 0, 0, 0, 2], [2, 2, 2, 2, 0, 0, 7, 7, 0, 2], [2, 0, 0, 0, 0, 0, 7, 7, 0, 2], [2, 0, 0, 0, 0, 0, 0, 0, 0, 2], [0, 2, 2, 2, 2, 2, 2, 2, 2, 0]]}, {"input": [[0, 1, 7, 3, 4, 4, 6, 7, 4, 0], [6, 0, 0, 0, 6, 6, 0, 0, 0, 7], [4, 0, 0, 0, 6, 6, 0, 0, 0, 7], [7, 0, 0, 0, 0, 0, 0, 0, 0, 3], [1, 4, 4, 4, 0, 0, 6, 6, 6, 7], [3, 4, 4, 4, 0, 0, 6, 6, 6, 6], [4, 4, 4, 4, 0, 0, 6, 6, 6, 6], [6, 4, 4, 4, 0, 0, 6, 6, 6, 1], [4, 0, 0, 0, 0, 0, 0, 0, 0, 3], [0, 4, 3, 3, 3, 3, 4, 3, 4, 0]], "output": [[0, 2, 2, 2, 2, 2, 2, 2, 2, 0], [2, 0, 0, 0, 2, 2, 0, 0, 0, 2], [2, 0, 0, 0, 2, 2, 0, 0, 0, 2], [2, 0, 0, 0, 0, 0, 0, 0, 0, 2], [2, 2, 2, 2, 0, 0, 2, 2, 2, 2], [2, 2, 2, 2, 0, 0, 2, 2, 2, 2], [2, 2, 2, 2, 0, 0, 2, 2, 2, 2], [2, 2, 2, 2, 0, 0, 2, 2, 2, 2], [2, 0, 0, 0, 0, 0, 0, 0, 0, 2], [0, 2, 2, 2, 2, 2, 2, 2, 2, 0]]}, {"input": [[0, 1, 7, 4, 7, 3, 1, 6, 6, 0], [3, 0, 0, 3, 3, 3, 3, 0, 0, 3], [3, 0, 0, 3, 3, 3, 3, 0, 0, 4], [7, 0, 0, 3, 3, 3, 3, 0, 0, 1], [4, 0, 0, 0, 0, 0, 0, 0, 0, 7], [1, 0, 0, 0, 0, 0, 0, 0, 0, 1], [4, 0, 0, 0, 0, 0, 0, 4, 4, 6], [4, 0, 7, 7, 0, 0, 0, 4, 4, 4], [7, 0, 7, 7, 0, 0, 0, 4, 4, 1], [0, 1, 7, 1, 6, 7, 4, 1, 4, 0]], "output": [[0, 2, 2, 2, 2, 2, 2, 2, 2, 0], [2, 0, 0, 2, 2, 2, 2, 0, 0, 2], [2, 0, 0, 2, 2, 2, 2, 0, 0, 2], [2, 0, 0, 2, 2, 2, 2, 0, 0, 2], [2, 0, 0, 0, 0, 0, 0, 0, 0, 2], [2, 0, 0, 0, 0, 0, 0, 0, 0, 2], [2, 0, 0, 0, 0, 0, 0, 2, 2, 2], [2, 0, 2, 2, 0, 0, 0, 2, 2, 2], [2, 0, 2, 2, 0, 0, 0, 2, 2, 2], [0, 2, 2, 2, 2, 2, 2, 2, 2, 0]]}, {"input": [[0, 7, 6, 7, 4, 4, 6, 1, 4, 1], [7, 3, 3, 3, 3, 0, 0, 1, 1, 1], [4, 3, 3, 3, 3, 0, 0, 1, 1, 7], [1, 3, 3, 3, 3, 0, 0, 0, 0, 1], [1, 3, 3, 3, 3, 0, 0, 0, 0, 1], [4, 0, 0, 0, 0, 0, 0, 0, 0, 4], [1, 1, 1, 1, 0, 0, 0, 0, 0, 6], [6, 1, 1, 1, 0, 0, 0, 0, 0, 4], [6, 1, 1, 1, 0, 0, 0, 0, 6, 1], [0, 6, 4, 3, 3, 4, 4, 6, 4, 6]], "output": [[0, 2, 2, 2, 2, 2, 2, 2, 2, 2], [2, 2, 2, 2, 2, 0, 0, 2, 2, 2], [2, 2, 2, 2, 2, 0, 0, 2, 2, 2], [2, 2, 2, 2, 2, 0, 0, 0, 0, 2], [2, 2, 2, 2, 2, 0, 0, 0, 0, 2], [2, 0, 0, 0, 0, 0, 0, 0, 0, 2], [2, 2, 2, 2, 0, 0, 0, 0, 0, 2], [2, 2, 2, 2, 0, 0, 0, 0, 0, 2], [2, 2, 2, 2, 0, 0, 0, 0, 2, 2], [0, 2, 2, 2, 2, 2, 2, 2, 2, 2]]}, {"input": [[0, 7, 1, 4, 6, 6, 3, 4, 1, 0], [6, 0, 0, 0, 0, 0, 0, 0, 0, 4], [3, 1, 1, 1, 0, 0, 0, 0, 0, 7], [7, 1, 1, 1, 0, 4, 4, 4, 0, 4], [4, 1, 1, 1, 0, 4, 4, 4, 0, 6], [1, 1, 1, 1, 0, 4, 4, 4, 0, 4], [4, 0, 0, 0, 0, 0, 0, 0, 0, 1], [6, 0, 0, 0, 0, 4, 4, 4, 0, 6], [6, 0, 0, 0, 0, 4, 4, 4, 0, 7], [0, 3, 3, 6, 6, 6, 1, 7, 3, 0]], "output": [[0, 2, 2, 2, 2, 2, 2, 2, 2, 0], [2, 0, 0, 0, 0, 0, 0, 0, 0, 2], [2, 2, 2, 2, 0, 0, 0, 0, 0, 2], [2, 2, 2, 2, 0, 4, 4, 4, 0, 2], [2, 2, 2, 2, 0, 4, 4, 4, 0, 2], [2, 2, 2, 2, 0, 4, 4, 4, 0, 2], [2, 0, 0, 0, 0, 0, 0, 0, 0, 2], [2, 0, 0, 0, 0, 2, 2, 2, 0, 2], [2, 0, 0, 0, 0, 2, 2, 2, 0, 2], [0, 2, 2, 2, 2, 2, 2, 2, 2, 0]]}, {"input": [[0, 6, 1, 7, 3, 4, 6, 6, 4, 0], [7, 7, 7, 7, 0, 0, 0, 0, 0, 1], [3, 7, 7, 7, 0, 0, 3, 3, 3, 1], [7, 7, 7, 7, 0, 0, 3, 3, 3, 6], [3, 0, 0, 0, 0, 0, 3, 3, 3, 6], [1, 0, 0, 0, 0, 0, 0, 0, 0, 6], [6, 0, 0, 0, 0, 0, 6, 6, 6, 6], [4, 3, 3, 3, 0, 0, 6, 6, 6, 4], [3, 3, 3, 3, 0, 0, 6, 6, 6, 6], [0, 1, 6, 3, 7, 7, 6, 6, 1, 0]], "output": [[0, 2, 2, 2, 2, 2, 2, 2, 2, 0], [2, 2, 2, 2, 0, 0, 0, 0, 0, 2], [2, 2, 2, 2, 0, 0, 2, 2, 2, 2], [2, 2, 2, 2, 0, 0, 2, 2, 2, 2], [2, 0, 0, 0, 0, 0, 2, 2, 2, 2], [2, 0, 0, 0, 0, 0, 0, 0, 0, 2], [2, 0, 0, 0, 0, 0, 2, 2, 2, 2], [2, 2, 2, 2, 0, 0, 2, 2, 2, 2], [2, 2, 2, 2, 0, 0, 2, 2, 2, 2], [0, 2, 2, 2, 2, 2, 2, 2, 2, 0]]}, {"input": [[0, 1, 7, 3, 7, 1, 1, 1, 6, 1], [3, 0, 0, 4, 4, 4, 0, 1, 1, 3], [6, 0, 0, 4, 4, 4, 0, 1, 1, 4], [7, 0, 0, 0, 0, 0, 0, 0, 0, 1], [3, 0, 0, 0, 0, 0, 0, 0, 0, 1], [7, 0, 0, 0, 0, 4, 4, 4, 4, 1], [4, 0, 3, 3, 0, 4, 4, 4, 4, 7], [1, 0, 3, 3, 0, 4, 4, 4, 4, 1], [7, 0, 0, 0, 0, 4, 4, 4, 4, 7], [0, 7, 6, 6, 6, 6, 4, 7, 1, 0]], "output": [[0, 2, 2, 2, 2, 2, 2, 2, 2, 2], [2, 0, 0, 2, 2, 2, 0, 2, 2, 2], [2, 0, 0, 2, 2, 2, 0, 2, 2, 2], [2, 0, 0, 0, 0, 0, 0, 0, 0, 2], [2, 0, 0, 0, 0, 0, 0, 0, 0, 2], [2, 0, 0, 0, 0, 2, 2, 2, 2, 2], [2, 0, 3, 3, 0, 2, 2, 2, 2, 2], [2, 0, 3, 3, 0, 2, 2, 2, 2, 2], [2, 0, 0, 0, 0, 2, 2, 2, 2, 2], [0, 2, 2, 2, 2, 2, 2, 2, 2, 0]]}, {"input": [[0, 6, 3, 6, 4, 4, 1, 3, 7, 0], [3, 4, 4, 4, 4, 0, 0, 0, 0, 1], [1, 4, 4, 4, 4, 0, 6, 6, 6, 6], [6, 4, 4, 4, 4, 0, 6, 6, 6, 3], [4, 4, 4, 4, 4, 0, 6, 6, 6, 7], [3, 0, 0, 0, 0, 0, 6, 6, 6, 7], [1, 0, 0, 0, 0, 0, 0, 0, 0, 7], [1, 0, 0, 0, 0, 0, 0, 0, 7, 1], [7, 0, 0, 0, 0, 0, 0, 0, 7, 3], [0, 1, 1, 6, 1, 1, 3, 7, 4, 0]], "output": [[0, 2, 2, 2, 2, 2, 2, 2, 2, 0], [2, 2, 2, 2, 2, 0, 0, 0, 0, 2], [2, 2, 2, 2, 2, 0, 2, 2, 2, 2], [2, 2, 2, 2, 2, 0, 2, 2, 2, 2], [2, 2, 2, 2, 2, 0, 2, 2, 2, 2], [2, 0, 0, 0, 0, 0, 2, 2, 2, 2], [2, 0, 0, 0, 0, 0, 0, 0, 0, 2], [2, 0, 0, 0, 0, 0, 0, 0, 2, 2], [2, 0, 0, 0, 0, 0, 0, 0, 2, 2], [0, 2, 2, 2, 2, 2, 2, 2, 2, 0]]}, {"input": [[0, 6, 4, 6, 4, 3, 7, 4, 4, 0], [3, 3, 3, 0, 4, 4, 4, 4, 0, 7], [4, 0, 0, 0, 4, 4, 4, 4, 0, 6], [6, 0, 0, 0, 4, 4, 4, 4, 0, 4], [6, 0, 0, 0, 4, 4, 4, 4, 0, 3], [1, 0, 0, 0, 0, 0, 0, 0, 0, 7], [6, 4, 4, 4, 0, 6, 6, 6, 6, 7], [3, 4, 4, 4, 0, 6, 6, 6, 6, 7], [1, 4, 4, 4, 0, 6, 6, 6, 6, 4], [0, 3, 4, 4, 7, 4, 1, 4, 7, 0]], "output": [[0, 2, 2, 2, 2, 2, 2, 2, 2, 0], [2, 2, 2, 0, 2, 2, 2, 2, 0, 2], [2, 0, 0, 0, 2, 2, 2, 2, 0, 2], [2, 0, 0, 0, 2, 2, 2, 2, 0, 2], [2, 0, 0, 0, 2, 2, 2, 2, 0, 2], [2, 0, 0, 0, 0, 0, 0, 0, 0, 2], [2, 2, 2, 2, 0, 2, 2, 2, 2, 2], [2, 2, 2, 2, 0, 2, 2, 2, 2, 2], [2, 2, 2, 2, 0, 2, 2, 2, 2, 2], [0, 2, 2, 2, 2, 2, 2, 2, 2, 0]]}, {"input": [[0, 7, 1, 6, 6, 6, 4, 7, 4, 0], [6, 0, 0, 6, 6, 6, 0, 0, 0, 6], [3, 0, 0, 6, 6, 6, 0, 0, 0, 3], [6, 0, 0, 0, 0, 0, 0, 0, 0, 6], [6, 7, 0, 0, 0, 0, 0, 0, 0, 3], [6, 7, 0, 0, 0, 0, 0, 0, 0, 6], [7, 0, 0, 0, 0, 0, 0, 0, 0, 7], [4, 0, 0, 0, 0, 0, 3, 3, 0, 1], [7, 0, 0, 0, 0, 0, 3, 3, 0, 7], [0, 4, 6, 1, 7, 7, 6, 7, 6, 0]], "output": [[0, 2, 2, 2, 2, 2, 2, 2, 2, 0], [2, 0, 0, 2, 2, 2, 0, 0, 0, 2], [2, 0, 0, 2, 2, 2, 0, 0, 0, 2], [2, 0, 0, 0, 0, 0, 0, 0, 0, 2], [2, 2, 0, 0, 0, 0, 0, 0, 0, 2], [2, 2, 0, 0, 0, 0, 0, 0, 0, 2], [2, 0, 0, 0, 0, 0, 0, 0, 0, 2], [2, 0, 0, 0, 0, 0, 2, 2, 0, 2], [2, 0, 0, 0, 0, 0, 2, 2, 0, 2], [0, 2, 2, 2, 2, 2, 2, 2, 2, 0]]}, {"input": [[0, 7, 3, 3, 6, 4, 7, 6, 6, 0], [4, 0, 0, 0, 0, 0, 0, 0, 0, 4], [7, 6, 0, 0, 0, 0, 0, 0, 0, 4], [6, 6, 0, 0, 0, 1, 1, 1, 0, 1], [3, 0, 0, 0, 0, 1, 1, 1, 0, 6], [7, 0, 6, 6, 0, 1, 1, 1, 0, 4], [4, 0, 6, 6, 0, 0, 0, 0, 0, 3], [6, 0, 0, 0, 0, 0, 0, 0, 0, 7], [1, 0, 0, 0, 0, 0, 0, 0, 0, 6], [0, 3, 1, 1, 1, 6, 3, 1, 6, 0]], "output": [[0, 2, 2, 2, 2, 2, 2, 2, 2, 0], [2, 0, 0, 0, 0, 0, 0, 0, 0, 2], [2, 2, 0, 0, 0, 0, 0, 0, 0, 2], [2, 2, 0, 0, 0, 1, 1, 1, 0, 2], [2, 0, 0, 0, 0, 1, 1, 1, 0, 2], [2, 0, 6, 6, 0, 1, 1, 1, 0, 2], [2, 0, 6, 6, 0, 0, 0, 0, 0, 2], [2, 0, 0, 0, 0, 0, 0, 0, 0, 2], [2, 0, 0, 0, 0, 0, 0, 0, 0, 2], [0, 2, 2, 2, 2, 2, 2, 2, 2, 0]]}, {"input": [[0, 4, 6, 6, 1, 4, 1, 3, 6, 4], [3, 0, 0, 0, 0, 0, 4, 4, 4, 3], [1, 0, 0, 0, 0, 0, 4, 4, 4, 4], [1, 0, 7, 7, 0, 0, 4, 4, 4, 1], [7, 0, 7, 7, 0, 0, 0, 0, 0, 3], [4, 0, 0, 0, 0, 0, 0, 0, 0, 1], [6, 0, 0, 0, 4, 4, 4, 4, 0, 1], [7, 0, 0, 0, 4, 4, 4, 4, 0, 4], [3, 0, 0, 0, 4, 4, 4, 4, 0, 6], [0, 4, 1, 3, 7, 1, 7, 7, 4, 0]], "output": [[0, 2, 2, 2, 2, 2, 2, 2, 2, 2], [2, 0, 0, 0, 0, 0, 2, 2, 2, 2], [2, 0, 0, 0, 0, 0, 2, 2, 2, 2], [2, 0, 7, 7, 0, 0, 2, 2, 2, 2], [2, 0, 7, 7, 0, 0, 0, 0, 0, 2], [2, 0, 0, 0, 0, 0, 0, 0, 0, 2], [2, 0, 0, 0, 2, 2, 2, 2, 0, 2], [2, 0, 0, 0, 2, 2, 2, 2, 0, 2], [2, 0, 0, 0, 2, 2, 2, 2, 0, 2], [0, 2, 2, 2, 2, 2, 2, 2, 2, 0]]}, {"input": [[0, 3, 7, 4, 7, 6, 1, 3, 6, 6], [4, 0, 0, 1, 1, 1, 1, 0, 6, 7], [3, 0, 0, 1, 1, 1, 1, 0, 0, 1], [6, 0, 0, 1, 1, 1, 1, 0, 0, 1], [7, 0, 0, 0, 0, 0, 0, 0, 0, 1], [7, 7, 7, 0, 0, 0, 0, 0, 0, 4], [4, 7, 7, 0, 0, 0, 6, 6, 6, 7], [1, 0, 0, 0, 0, 0, 6, 6, 6, 3], [1, 0, 0, 0, 0, 0, 6, 6, 6, 3], [0, 6, 6, 6, 4, 6, 6, 3, 4, 6]], "output": [[0, 2, 2, 2, 2, 2, 2, 2, 2, 2], [2, 0, 0, 2, 2, 2, 2, 0, 2, 2], [2, 0, 0, 2, 2, 2, 2, 0, 0, 2], [2, 0, 0, 2, 2, 2, 2, 0, 0, 2], [2, 0, 0, 0, 0, 0, 0, 0, 0, 2], [2, 2, 2, 0, 0, 0, 0, 0, 0, 2], [2, 2, 2, 0, 0, 0, 2, 2, 2, 2], [2, 0, 0, 0, 0, 0, 2, 2, 2, 2], [2, 0, 0, 0, 0, 0, 2, 2, 2, 2], [0, 2, 2, 2, 2, 2, 2, 2, 2, 2]]}, {"input": [[0, 1, 6, 6, 6, 1, 6, 3, 4, 0], [1, 0, 0, 0, 0, 0, 0, 0, 0, 3], [6, 0, 0, 0, 0, 0, 0, 0, 0, 6], [4, 7, 7, 7, 0, 0, 0, 0, 0, 4], [4, 7, 7, 7, 0, 1, 1, 1, 0, 3], [6, 7, 7, 7, 0, 1, 1, 1, 0, 3], [4, 0, 0, 0, 0, 1, 1, 1, 0, 7], [1, 0, 0, 0, 0, 0, 0, 0, 0, 7], [4, 0, 0, 0, 0, 0, 0, 0, 0, 4], [0, 1, 1, 1, 1, 3, 1, 6, 3, 0]], "output": [[0, 2, 2, 2, 2, 2, 2, 2, 2, 0], [2, 0, 0, 0, 0, 0, 0, 0, 0, 2], [2, 0, 0, 0, 0, 0, 0, 0, 0, 2], [2, 2, 2, 2, 0, 0, 0, 0, 0, 2], [2, 2, 2, 2, 0, 1, 1, 1, 0, 2], [2, 2, 2, 2, 0, 1, 1, 1, 0, 2], [2, 0, 0, 0, 0, 1, 1, 1, 0, 2], [2, 0, 0, 0, 0, 0, 0, 0, 0, 2], [2, 0, 0, 0, 0, 0, 0, 0, 0, 2], [0, 2, 2, 2, 2, 2, 2, 2, 2, 0]]}, {"input": [[0, 4, 4, 7, 6, 4, 1, 3, 6, 0], [6, 0, 3, 3, 3, 3, 0, 0, 0, 4], [3, 0, 3, 3, 3, 3, 0, 0, 0, 4], [3, 0, 3, 3, 3, 3, 0, 0, 4, 1], [1, 0, 3, 3, 3, 3, 0, 0, 4, 7], [3, 0, 0, 0, 0, 0, 0, 0, 0, 3], [3, 1, 1, 1, 0, 3, 3, 3, 3, 6], [4, 1, 1, 1, 0, 3, 3, 3, 3, 6], [3, 1, 1, 1, 0, 3, 3, 3, 3, 4], [1, 6, 7, 6, 7, 6, 3, 7, 1, 0]], "output": [[0, 2, 2, 2, 2, 2, 2, 2, 2, 0], [2, 0, 2, 2, 2, 2, 0, 0, 0, 2], [2, 0, 2, 2, 2, 2, 0, 0, 0, 2], [2, 0, 2, 2, 2, 2, 0, 0, 2, 2], [2, 0, 2, 2, 2, 2, 0, 0, 2, 2], [2, 0, 0, 0, 0, 0, 0, 0, 0, 2], [2, 2, 2, 2, 0, 2, 2, 2, 2, 2], [2, 2, 2, 2, 0, 2, 2, 2, 2, 2], [2, 2, 2, 2, 0, 2, 2, 2, 2, 2], [2, 2, 2, 2, 2, 2, 2, 2, 2, 0]]}, {"input": [[1, 3, 1, 6, 7, 7, 4, 3, 4, 0], [6, 1, 1, 0, 0, 3, 3, 3, 0, 7], [7, 1, 1, 0, 0, 3, 3, 3, 0, 6], [6, 0, 0, 0, 0, 3, 3, 3, 0, 7], [3, 0, 0, 0, 0, 0, 0, 0, 0, 3], [6, 0, 0, 3, 3, 3, 3, 0, 0, 1], [6, 0, 0, 3, 3, 3, 3, 0, 0, 6], [6, 0, 0, 3, 3, 3, 3, 0, 0, 4], [1, 4, 0, 3, 3, 3, 3, 0, 0, 3], [4, 4, 3, 6, 7, 4, 4, 1, 7, 0]], "output": [[2, 2, 2, 2, 2, 2, 2, 2, 2, 0], [2, 2, 2, 0, 0, 2, 2, 2, 0, 2], [2, 2, 2, 0, 0, 2, 2, 2, 0, 2], [2, 0, 0, 0, 0, 2, 2, 2, 0, 2], [2, 0, 0, 0, 0, 0, 0, 0, 0, 2], [2, 0, 0, 2, 2, 2, 2, 0, 0, 2], [2, 0, 0, 2, 2, 2, 2, 0, 0, 2], [2, 0, 0, 2, 2, 2, 2, 0, 0, 2], [2, 2, 0, 2, 2, 2, 2, 0, 0, 2], [2, 2, 2, 2, 2, 2, 2, 2, 2, 0]]}, {"input": [[0, 6, 1, 1, 3, 6, 7, 3, 4, 0], [4, 3, 3, 3, 0, 4, 4, 4, 0, 7], [4, 3, 3, 3, 0, 4, 4, 4, 0, 6], [7, 0, 0, 0, 0, 4, 4, 4, 0, 4], [7, 0, 0, 0, 0, 0, 0, 0, 0, 3], [6, 0, 7, 7, 7, 7, 0, 0, 0, 3], [4, 0, 7, 7, 7, 7, 0, 7, 7, 7], [3, 0, 7, 7, 7, 7, 0, 7, 7, 3], [7, 0, 7, 7, 7, 7, 0, 7, 7, 6], [0, 7, 7, 3, 6, 4, 6, 7, 4, 0]], "output": [[0, 2, 2, 2, 2, 2, 2, 2, 2, 0], [2, 2, 2, 2, 0, 2, 2, 2, 0, 2], [2, 2, 2, 2, 0, 2, 2, 2, 0, 2], [2, 0, 0, 0, 0, 2, 2, 2, 0, 2], [2, 0, 0, 0, 0, 0, 0, 0, 0, 2], [2, 0, 2, 2, 2, 2, 0, 0, 0, 2], [2, 0, 2, 2, 2, 2, 0, 2, 2, 2], [2, 0, 2, 2, 2, 2, 0, 2, 2, 2], [2, 0, 2, 2, 2, 2, 0, 2, 2, 2], [0, 2, 2, 2, 2, 2, 2, 2, 2, 0]]}, {"input": [[0, 7, 1, 7, 7, 4, 7, 1, 1, 0], [4, 4, 4, 0, 0, 0, 6, 6, 6, 6], [7, 4, 4, 0, 0, 0, 6, 6, 6, 6], [3, 0, 0, 0, 0, 0, 6, 6, 6, 6], [3, 0, 0, 0, 0, 0, 0, 0, 0, 6], [1, 0, 0, 0, 0, 3, 3, 3, 3, 1], [6, 4, 4, 4, 0, 3, 3, 3, 3, 1], [4, 4, 4, 4, 0, 3, 3, 3, 3, 4], [6, 4, 4, 4, 0, 3, 3, 3, 3, 6], [0, 6, 4, 4, 6, 1, 4, 1, 4, 0]], "output": [[0, 2, 2, 2, 2, 2, 2, 2, 2, 0], [2, 2, 2, 0, 0, 0, 2, 2, 2, 2], [2, 2, 2, 0, 0, 0, 2, 2, 2, 2], [2, 0, 0, 0, 0, 0, 2, 2, 2, 2], [2, 0, 0, 0, 0, 0, 0, 0, 0, 2], [2, 0, 0, 0, 0, 2, 2, 2, 2, 2], [2, 2, 2, 2, 0, 2, 2, 2, 2, 2], [2, 2, 2, 2, 0, 2, 2, 2, 2, 2], [2, 2, 2, 2, 0, 2, 2, 2, 2, 2], [0, 2, 2, 2, 2, 2, 2, 2, 2, 0]]}, {"input": [[0, 4, 3, 3, 7, 1, 6, 1, 7, 0], [3, 0, 0, 0, 0, 0, 0, 0, 0, 1], [1, 0, 0, 0, 0, 0, 0, 0, 0, 7], [4, 0, 3, 3, 0, 3, 3, 3, 3, 3], [6, 0, 3, 3, 0, 3, 3, 3, 3, 4], [4, 0, 0, 0, 0, 3, 3, 3, 3, 6], [1, 1, 1, 1, 0, 3, 3, 3, 3, 3], [6, 1, 1, 1, 0, 0, 0, 0, 0, 6], [7, 1, 1, 1, 0, 0, 0, 7, 7, 3], [0, 3, 7, 7, 6, 4, 7, 3, 6, 0]], "output": [[0, 2, 2, 2, 2, 2, 2, 2, 2, 0], [2, 0, 0, 0, 0, 0, 0, 0, 0, 2], [2, 0, 0, 0, 0, 0, 0, 0, 0, 2], [2, 0, 3, 3, 0, 2, 2, 2, 2, 2], [2, 0, 3, 3, 0, 2, 2, 2, 2, 2], [2, 0, 0, 0, 0, 2, 2, 2, 2, 2], [2, 2, 2, 2, 0, 2, 2, 2, 2, 2], [2, 2, 2, 2, 0, 0, 0, 0, 0, 2], [2, 2, 2, 2, 0, 0, 0, 2, 2, 2], [0, 2, 2, 2, 2, 2, 2, 2, 2, 0]]}, {"input": [[0, 3, 4, 4, 3, 4, 6, 6, 7, 0], [6, 0, 0, 0, 0, 0, 0, 3, 3, 3], [6, 0, 0, 0, 0, 0, 0, 3, 3, 3], [3, 0, 0, 0, 0, 0, 0, 0, 0, 1], [3, 7, 7, 7, 0, 0, 0, 0, 0, 3], [7, 7, 7, 7, 0, 0, 0, 0, 0, 7], [3, 7, 7, 7, 0, 6, 6, 0, 0, 6], [1, 0, 0, 0, 0, 6, 6, 0, 0, 7], [4, 0, 0, 0, 0, 0, 0, 0, 0, 1], [0, 7, 4, 4, 4, 4, 1, 4, 6, 0]], "output": [[0, 2, 2, 2, 2, 2, 2, 2, 2, 0], [2, 0, 0, 0, 0, 0, 0, 2, 2, 2], [2, 0, 0, 0, 0, 0, 0, 2, 2, 2], [2, 0, 0, 0, 0, 0, 0, 0, 0, 2], [2, 2, 2, 2, 0, 0, 0, 0, 0, 2], [2, 2, 2, 2, 0, 0, 0, 0, 0, 2], [2, 2, 2, 2, 0, 6, 6, 0, 0, 2], [2, 0, 0, 0, 0, 6, 6, 0, 0, 2], [2, 0, 0, 0, 0, 0, 0, 0, 0, 2], [0, 2, 2, 2, 2, 2, 2, 2, 2, 0]]}, {"input": [[0, 7, 6, 6, 4, 4, 3, 1, 1, 0], [7, 3, 3, 3, 0, 0, 0, 0, 0, 1], [4, 3, 3, 3, 0, 0, 7, 7, 7, 7], [3, 0, 0, 0, 0, 0, 7, 7, 7, 4], [7, 0, 0, 0, 0, 0, 7, 7, 7, 6], [1, 0, 0, 0, 0, 0, 0, 0, 0, 1], [4, 3, 0, 0, 0, 0, 0, 0, 0, 3], [1, 3, 0, 0, 0, 0, 0, 0, 0, 6], [7, 0, 0, 1, 1, 0, 0, 0, 0, 3], [0, 1, 4, 4, 1, 4, 1, 7, 4, 0]], "output": [[0, 2, 2, 2, 2, 2, 2, 2, 2, 0], [2, 2, 2, 2, 0, 0, 0, 0, 0, 2], [2, 2, 2, 2, 0, 0, 2, 2, 2, 2], [2, 0, 0, 0, 0, 0, 2, 2, 2, 2], [2, 0, 0, 0, 0, 0, 2, 2, 2, 2], [2, 0, 0, 0, 0, 0, 0, 0, 0, 2], [2, 2, 0, 0, 0, 0, 0, 0, 0, 2], [2, 2, 0, 0, 0, 0, 0, 0, 0, 2], [2, 0, 0, 2, 2, 0, 0, 0, 0, 2], [0, 2, 2, 2, 2, 2, 2, 2, 2, 0]]}, {"input": [[0, 7, 3, 1, 4, 1, 1, 1, 4, 0], [3, 0, 0, 0, 0, 0, 0, 0, 0, 6], [3, 1, 1, 0, 0, 0, 3, 3, 3, 7], [7, 1, 1, 0, 0, 0, 3, 3, 3, 4], [6, 1, 1, 0, 0, 0, 3, 3, 3, 4], [6, 0, 0, 0, 0, 0, 3, 3, 3, 7], [6, 1, 1, 0, 0, 0, 0, 0, 0, 7], [7, 1, 1, 0, 0, 0, 0, 6, 6, 6], [7, 0, 0, 0, 4, 4, 0, 6, 6, 6], [0, 1, 4, 6, 3, 4, 1, 6, 3, 6]], "output": [[0, 2, 2, 2, 2, 2, 2, 2, 2, 0], [2, 0, 0, 0, 0, 0, 0, 0, 0, 2], [2, 2, 2, 0, 0, 0, 2, 2, 2, 2], [2, 2, 2, 0, 0, 0, 2, 2, 2, 2], [2, 2, 2, 0, 0, 0, 2, 2, 2, 2], [2, 0, 0, 0, 0, 0, 2, 2, 2, 2], [2, 2, 2, 0, 0, 0, 0, 0, 0, 2], [2, 2, 2, 0, 0, 0, 0, 2, 2, 2], [2, 0, 0, 0, 2, 2, 0, 2, 2, 2], [0, 2, 2, 2, 2, 2, 2, 2, 2, 2]]}], "test": [{"input": [[0, 1, 4, 7, 4, 7, 4, 6, 3, 0], [4, 0, 0, 0, 0, 0, 0, 0, 0, 6], [3, 4, 4, 4, 0, 0, 4, 4, 4, 7], [6, 4, 4, 4, 0, 0, 4, 4, 4, 4], [6, 4, 4, 4, 0, 0, 4, 4, 4, 1], [4, 0, 0, 0, 0, 0, 4, 4, 4, 3], [7, 0, 4, 4, 0, 0, 0, 0, 0, 1], [6, 0, 4, 4, 0, 0, 7, 7, 7, 6], [7, 0, 0, 0, 0, 0, 7, 7, 7, 1], [0, 7, 1, 1, 7, 4, 1, 6, 1, 0]], "output": [[0, 2, 2, 2, 2, 2, 2, 2, 2, 0], [2, 0, 0, 0, 0, 0, 0, 0, 0, 2], [2, 2, 2, 2, 0, 0, 2, 2, 2, 2], [2, 2, 2, 2, 0, 0, 2, 2, 2, 2], [2, 2, 2, 2, 0, 0, 2, 2, 2, 2], [2, 0, 0, 0, 0, 0, 2, 2, 2, 2], [2, 0, 4, 4, 0, 0, 0, 0, 0, 2], [2, 0, 4, 4, 0, 0, 2, 2, 2, 2], [2, 0, 0, 0, 0, 0, 2, 2, 2, 2], [0, 2, 2, 2, 2, 2, 2, 2, 2, 0]]}, {"input": [[0, 3, 6, 7, 7, 7, 7, 4, 4, 0], [3, 1, 1, 1, 0, 0, 3, 3, 3, 7], [3, 1, 1, 1, 0, 0, 3, 3, 3, 3], [1, 0, 0, 0, 0, 0, 0, 0, 0, 6], [3, 6, 6, 6, 0, 0, 0, 0, 0, 1], [3, 6, 6, 6, 0, 0, 0, 6, 6, 4], [3, 6, 6, 6, 0, 0, 0, 6, 6, 3], [6, 6, 6, 6, 0, 0, 0, 6, 6, 7], [4, 0, 0, 0, 0, 0, 0, 0, 0, 6], [0, 7, 1, 3, 1, 6, 4, 4, 7, 0]], "output": [[0, 2, 2, 2, 2, 2, 2, 2, 2, 0], [2, 2, 2, 2, 0, 0, 2, 2, 2, 2], [2, 2, 2, 2, 0, 0, 2, 2, 2, 2], [2, 0, 0, 0, 0, 0, 0, 0, 0, 2], [2, 2, 2, 2, 0, 0, 0, 0, 0, 2], [2, 2, 2, 2, 0, 0, 0, 2, 2, 2], [2, 2, 2, 2, 0, 0, 0, 2, 2, 2], [2, 2, 2, 2, 0, 0, 0, 2, 2, 2], [2, 0, 0, 0, 0, 0, 0, 0, 0, 2], [0, 2, 2, 2, 2, 2, 2, 2, 2, 0]]}, {"input": [[0, 1, 4, 7, 3, 6, 6, 7, 7, 1], [3, 0, 0, 0, 0, 0, 0, 1, 1, 3], [4, 0, 0, 0, 0, 0, 0, 1, 1, 6], [6, 0, 0, 0, 0, 0, 0, 0, 0, 4], [1, 0, 3, 3, 3, 3, 0, 6, 6, 1], [1, 0, 3, 3, 3, 3, 0, 6, 6, 7], [3, 0, 3, 3, 3, 3, 0, 0, 0, 4], [6, 0, 3, 3, 3, 3, 0, 0, 0, 1], [3, 0, 0, 0, 0, 0, 0, 0, 0, 6], [0, 6, 7, 6, 7, 3, 1, 4, 6, 0]], "output": [[0, 2, 2, 2, 2, 2, 2, 2, 2, 2], [2, 0, 0, 0, 0, 0, 0, 2, 2, 2], [2, 0, 0, 0, 0, 0, 0, 2, 2, 2], [2, 0, 0, 0, 0, 0, 0, 0, 0, 2], [2, 0, 3, 3, 3, 3, 0, 2, 2, 2], [2, 0, 3, 3, 3, 3, 0, 2, 2, 2], [2, 0, 3, 3, 3, 3, 0, 0, 0, 2], [2, 0, 3, 3, 3, 3, 0, 0, 0, 2], [2, 0, 0, 0, 0, 0, 0, 0, 0, 2], [0, 2, 2, 2, 2, 2, 2, 2, 2, 0]]}]}