{"train": [{"input": [[7, 4, 4, 4, 4, 4, 4, 4, 4, 6], [7, 0, 0, 0, 0, 0, 0, 0, 0, 6], [7, 0, 0, 6, 0, 0, 0, 0, 0, 6], [7, 0, 0, 0, 0, 3, 0, 9, 0, 6], [7, 0, 0, 0, 0, 0, 0, 0, 0, 6], [7, 0, 0, 6, 0, 0, 0, 0, 7, 6], [7, 0, 8, 0, 0, 0, 0, 0, 0, 6], [7, 0, 0, 0, 0, 0, 0, 9, 0, 6], [7, 0, 0, 0, 7, 0, 0, 0, 0, 6], [7, 8, 8, 8, 8, 8, 8, 8, 8, 6]], "output": [[7, 4, 4, 4, 4, 4, 4, 4, 4, 6], [7, 0, 0, 0, 7, 0, 0, 0, 0, 6], [7, 0, 0, 6, 0, 0, 6, 9, 0, 6], [7, 0, 8, 0, 3, 3, 0, 9, 0, 6], [7, 0, 0, 6, 0, 0, 0, 0, 7, 6], [7, 7, 0, 6, 0, 0, 6, 0, 7, 6], [7, 0, 8, 0, 0, 3, 0, 8, 0, 6], [7, 0, 9, 6, 0, 0, 0, 9, 0, 6], [7, 0, 0, 0, 7, 7, 0, 0, 0, 6], [7, 8, 8, 8, 8, 8, 8, 8, 8, 6]]}, {"input": [[7, 3, 3, 3, 3, 3, 3, 3, 3, 4], [7, 0, 0, 0, 0, 0, 0, 0, 0, 4], [7, 1, 0, 0, 0, 0, 0, 0, 0, 4], [7, 0, 0, 0, 0, 0, 1, 0, 0, 4], [7, 0, 0, 2, 0, 0, 0, 0, 0, 4], [7, 0, 7, 0, 0, 0, 0, 0, 0, 4], [7, 0, 0, 0, 0, 0, 0, 0, 0, 4], [7, 0, 0, 0, 0, 0, 0, 0, 0, 4], [7, 0, 0, 0, 0, 9, 0, 0, 0, 4], [7, 6, 6, 6, 6, 6, 6, 6, 6, 4]], "output": [[7, 3, 3, 3, 3, 3, 3, 3, 3, 4], [7, 0, 0, 0, 0, 9, 0, 0, 0, 4], [7, 1, 0, 0, 0, 0, 0, 0, 1, 4], [7, 0, 0, 1, 0, 0, 1, 0, 0, 4], [7, 0, 7, 2, 0, 0, 2, 0, 0, 4], [7, 0, 7, 2, 0, 0, 0, 7, 0, 4], [7, 0, 0, 0, 0, 0, 1, 0, 0, 4], [7, 1, 0, 0, 0, 0, 0, 0, 0, 4], [7, 0, 0, 0, 9, 9, 0, 0, 0, 4], [7, 6, 6, 6, 6, 6, 6, 6, 6, 4]]}, {"input": [[5, 3, 3, 3, 3, 3, 3, 3, 3, 9], [5, 0, 0, 0, 0, 0, 0, 8, 0, 9], [5, 0, 0, 0, 0, 0, 0, 0, 0, 9], [5, 0, 0, 0, 0, 0, 0, 0, 0, 9], [5, 0, 0, 0, 0, 0, 0, 0, 2, 9], [5, 0, 0, 8, 0, 0, 1, 0, 0, 9], [5, 0, 3, 0, 0, 0, 0, 0, 4, 9], [5, 0, 0, 3, 0, 0, 0, 0, 0, 9], [5, 0, 0, 0, 0, 0, 0, 0, 0, 9], [5, 7, 7, 7, 7, 7, 7, 7, 7, 9]], "output": [[5, 3, 3, 3, 3, 3, 3, 3, 3, 9], [5, 0, 8, 0, 0, 0, 0, 8, 0, 9], [5, 0, 0, 3, 0, 0, 0, 0, 0, 9], [5, 0, 3, 0, 0, 0, 0, 0, 4, 9], [5, 2, 0, 8, 0, 0, 1, 0, 2, 9], [5, 0, 0, 1, 0, 0, 8, 0, 2, 9], [5, 4, 3, 0, 0, 0, 0, 3, 4, 9], [5, 0, 0, 3, 0, 0, 3, 0, 0, 9], [5, 0, 0, 0, 0, 0, 0, 8, 0, 9], [5, 7, 7, 7, 7, 7, 7, 7, 7, 9]]}, {"input": [[6, 5, 5, 5, 5, 5, 5, 5, 5, 5], [6, 0, 0, 0, 0, 0, 5, 0, 0, 5], [6, 0, 0, 0, 0, 0, 0, 0, 0, 5], [6, 0, 0, 0, 0, 0, 0, 0, 0, 5], [6, 0, 0, 0, 0, 0, 0, 0, 0, 5], [6, 0, 0, 0, 9, 0, 0, 0, 0, 5], [6, 9, 0, 0, 0, 0, 6, 0, 9, 5], [6, 0, 0, 0, 0, 0, 0, 0, 0, 5], [6, 0, 0, 0, 0, 0, 7, 0, 0, 5], [6, 5, 5, 5, 5, 5, 5, 5, 5, 5]], "output": [[6, 5, 5, 5, 5, 5, 5, 5, 5, 5], [6, 0, 0, 5, 0, 0, 7, 0, 0, 5], [6, 0, 0, 0, 0, 0, 0, 0, 0, 5], [6, 9, 0, 0, 0, 0, 6, 0, 9, 5], [6, 0, 0, 0, 9, 0, 0, 0, 0, 5], [6, 0, 0, 0, 9, 9, 0, 0, 0, 5], [6, 9, 0, 6, 0, 0, 6, 0, 9, 5], [6, 0, 0, 0, 0, 0, 0, 0, 0, 5], [6, 0, 0, 7, 0, 0, 5, 0, 0, 5], [6, 5, 5, 5, 5, 5, 5, 5, 5, 5]]}, {"input": [[4, 8, 8, 8, 8, 8, 8, 8, 8, 5], [4, 0, 0, 0, 3, 0, 0, 0, 0, 5], [4, 0, 3, 0, 5, 0, 0, 0, 0, 5], [4, 0, 6, 8, 0, 0, 0, 0, 5, 5], [4, 0, 0, 0, 0, 0, 0, 6, 0, 5], [4, 0, 0, 0, 0, 0, 0, 0, 0, 5], [4, 0, 0, 0, 5, 5, 0, 0, 0, 5], [4, 0, 0, 0, 0, 0, 0, 0, 0, 5], [4, 0, 0, 0, 0, 0, 0, 0, 8, 5], [4, 5, 5, 5, 5, 5, 5, 5, 5, 5]], "output": [[4, 8, 8, 8, 8, 8, 8, 8, 8, 5], [4, 0, 0, 0, 3, 3, 0, 0, 8, 5], [4, 0, 3, 0, 5, 5, 0, 3, 0, 5], [4, 5, 6, 8, 5, 5, 8, 6, 5, 5], [4, 0, 6, 0, 0, 0, 0, 6, 0, 5], [4, 0, 0, 0, 0, 0, 0, 6, 0, 5], [4, 0, 6, 8, 5, 5, 0, 0, 5, 5], [4, 0, 3, 0, 5, 0, 0, 0, 0, 5], [4, 8, 0, 0, 3, 0, 0, 0, 8, 5], [4, 5, 5, 5, 5, 5, 5, 5, 5, 5]]}, {"input": [[4, 6, 6, 6, 6, 6, 6, 6, 6, 2], [4, 0, 0, 2, 0, 0, 0, 0, 0, 2], [4, 0, 0, 0, 0, 0, 0, 0, 0, 2], [4, 8, 0, 0, 5, 3, 0, 0, 0, 2], [4, 0, 0, 0, 7, 5, 0, 5, 0, 2], [4, 0, 0, 0, 0, 0, 9, 0, 0, 2], [4, 0, 0, 0, 0, 0, 2, 0, 0, 2], [4, 0, 0, 0, 0, 0, 0, 0, 0, 2], [4, 6, 0, 6, 0, 0, 0, 8, 2, 2], [4, 1, 1, 1, 1, 1, 1, 1, 1, 2]], "output": [[4, 6, 6, 6, 6, 6, 6, 6, 6, 2], [4, 6, 0, 6, 0, 0, 2, 8, 2, 2], [4, 0, 0, 0, 0, 0, 0, 0, 0, 2], [4, 8, 0, 0, 3, 5, 2, 0, 8, 2], [4, 0, 5, 0, 5, 7, 9, 5, 0, 2], [4, 0, 0, 9, 7, 5, 9, 5, 0, 2], [4, 8, 0, 2, 5, 3, 2, 0, 0, 2], [4, 0, 0, 0, 0, 0, 0, 0, 0, 2], [4, 2, 8, 2, 0, 0, 6, 8, 6, 2], [4, 1, 1, 1, 1, 1, 1, 1, 1, 2]]}, {"input": [[9, 2, 2, 2, 2, 2, 2, 2, 2, 3], [9, 0, 0, 0, 0, 0, 0, 0, 0, 3], [9, 0, 0, 0, 0, 0, 0, 0, 0, 3], [9, 0, 0, 0, 0, 0, 0, 0, 0, 3], [9, 0, 0, 0, 0, 2, 0, 7, 0, 3], [9, 0, 0, 0, 0, 0, 0, 0, 0, 3], [9, 0, 0, 0, 0, 0, 0, 0, 0, 3], [9, 0, 0, 0, 0, 0, 0, 0, 0, 3], [9, 3, 0, 0, 6, 0, 0, 0, 0, 3], [9, 7, 7, 7, 7, 7, 7, 7, 7, 3]], "output": [[9, 2, 2, 2, 2, 2, 2, 2, 2, 3], [9, 3, 0, 0, 6, 0, 0, 0, 0, 3], [9, 0, 0, 0, 0, 0, 0, 0, 0, 3], [9, 0, 0, 0, 0, 0, 0, 0, 0, 3], [9, 0, 7, 0, 2, 2, 0, 7, 0, 3], [9, 0, 0, 0, 0, 2, 0, 7, 0, 3], [9, 0, 0, 0, 0, 0, 0, 0, 0, 3], [9, 0, 0, 0, 0, 0, 0, 0, 0, 3], [9, 3, 0, 0, 6, 6, 0, 0, 3, 3], [9, 7, 7, 7, 7, 7, 7, 7, 7, 3]]}, {"input": [[8, 9, 9, 9, 9, 9, 9, 9, 9, 5], [8, 0, 1, 0, 3, 0, 0, 0, 0, 5], [8, 0, 0, 0, 0, 0, 0, 0, 0, 5], [8, 0, 0, 0, 0, 0, 0, 0, 0, 5], [8, 0, 0, 0, 0, 6, 0, 0, 0, 5], [8, 0, 0, 0, 0, 0, 0, 0, 0, 5], [8, 0, 0, 0, 0, 0, 0, 0, 0, 5], [8, 0, 0, 0, 0, 0, 5, 0, 0, 5], [8, 3, 0, 0, 0, 3, 8, 0, 0, 5], [8, 9, 9, 9, 9, 9, 9, 9, 9, 5]], "output": [[8, 9, 9, 9, 9, 9, 9, 9, 9, 5], [8, 3, 1, 0, 3, 3, 8, 1, 0, 5], [8, 0, 0, 0, 0, 0, 5, 0, 0, 5], [8, 0, 0, 0, 0, 0, 0, 0, 0, 5], [8, 0, 0, 0, 6, 6, 0, 0, 0, 5], [8, 0, 0, 0, 0, 6, 0, 0, 0, 5], [8, 0, 0, 0, 0, 0, 0, 0, 0, 5], [8, 0, 0, 5, 0, 0, 5, 0, 0, 5], [8, 3, 1, 8, 3, 3, 8, 0, 3, 5], [8, 9, 9, 9, 9, 9, 9, 9, 9, 5]]}, {"input": [[6, 6, 6, 6, 6, 6, 6, 6, 6, 9], [6, 0, 0, 0, 0, 9, 0, 0, 0, 9], [6, 0, 6, 0, 0, 0, 0, 0, 0, 9], [6, 2, 6, 0, 0, 0, 0, 0, 9, 9], [6, 0, 0, 0, 0, 0, 0, 3, 0, 9], [6, 0, 0, 0, 6, 0, 0, 7, 0, 9], [6, 0, 0, 5, 2, 0, 6, 8, 0, 9], [6, 0, 0, 0, 0, 0, 0, 0, 0, 9], [6, 0, 0, 0, 6, 0, 8, 0, 0, 9], [6, 3, 3, 3, 3, 3, 3, 3, 3, 9]], "output": [[6, 6, 6, 6, 6, 6, 6, 6, 6, 9], [6, 0, 0, 0, 6, 9, 8, 0, 0, 9], [6, 0, 6, 0, 0, 0, 0, 6, 0, 9], [6, 9, 6, 5, 2, 0, 6, 8, 2, 9], [6, 0, 3, 0, 6, 0, 0, 7, 0, 9], [6, 0, 7, 0, 6, 6, 0, 3, 0, 9], [6, 2, 8, 6, 2, 2, 5, 8, 9, 9], [6, 0, 6, 0, 0, 0, 0, 0, 0, 9], [6, 0, 0, 8, 6, 6, 8, 0, 0, 9], [6, 3, 3, 3, 3, 3, 3, 3, 3, 9]]}, {"input": [[8, 5, 5, 5, 5, 5, 5, 5, 5, 6], [8, 0, 0, 0, 0, 0, 0, 0, 0, 6], [8, 0, 0, 0, 0, 0, 2, 0, 0, 6], [8, 0, 0, 0, 0, 0, 0, 0, 0, 6], [8, 0, 0, 0, 0, 0, 0, 0, 0, 6], [8, 0, 0, 0, 0, 0, 0, 0, 0, 6], [8, 0, 9, 0, 3, 0, 0, 0, 0, 6], [8, 8, 4, 0, 0, 0, 3, 0, 0, 6], [8, 0, 0, 6, 0, 0, 0, 0, 0, 6], [8, 2, 2, 2, 2, 2, 2, 2, 2, 6]], "output": [[8, 5, 5, 5, 5, 5, 5, 5, 5, 6], [8, 0, 0, 6, 0, 0, 0, 0, 0, 6], [8, 8, 4, 2, 0, 0, 3, 0, 0, 6], [8, 0, 9, 0, 3, 0, 0, 0, 0, 6], [8, 0, 0, 0, 0, 0, 0, 0, 0, 6], [8, 0, 0, 0, 0, 0, 0, 0, 0, 6], [8, 0, 9, 0, 3, 3, 0, 9, 0, 6], [8, 8, 4, 3, 0, 0, 2, 4, 8, 6], [8, 0, 0, 6, 0, 0, 6, 0, 0, 6], [8, 2, 2, 2, 2, 2, 2, 2, 2, 6]]}, {"input": [[5, 2, 2, 2, 2, 2, 2, 2, 2, 4], [5, 0, 0, 0, 0, 0, 0, 0, 0, 4], [5, 0, 0, 0, 0, 3, 0, 0, 8, 4], [5, 0, 1, 0, 0, 0, 0, 0, 4, 4], [5, 0, 0, 7, 0, 0, 0, 0, 7, 4], [5, 0, 0, 0, 0, 0, 0, 0, 0, 4], [5, 0, 0, 0, 0, 0, 0, 0, 3, 4], [5, 0, 0, 8, 0, 0, 0, 0, 9, 4], [5, 0, 0, 0, 0, 0, 0, 0, 0, 4], [5, 5, 5, 5, 5, 5, 5, 5, 5, 4]], "output": [[5, 2, 2, 2, 2, 2, 2, 2, 2, 4], [5, 0, 0, 0, 0, 0, 0, 0, 0, 4], [5, 8, 0, 8, 3, 3, 0, 0, 9, 4], [5, 4, 1, 0, 0, 0, 0, 1, 3, 4], [5, 7, 0, 7, 0, 0, 7, 0, 7, 4], [5, 0, 0, 7, 0, 0, 0, 0, 7, 4], [5, 3, 1, 0, 0, 0, 0, 0, 4, 4], [5, 9, 0, 8, 0, 3, 8, 0, 8, 4], [5, 0, 0, 0, 0, 0, 0, 0, 0, 4], [5, 5, 5, 5, 5, 5, 5, 5, 5, 4]]}, {"input": [[1, 2, 2, 2, 2, 2, 2, 2, 2, 2], [1, 0, 0, 0, 0, 0, 0, 0, 0, 2], [1, 4, 0, 9, 0, 0, 0, 0, 0, 2], [1, 0, 6, 0, 0, 3, 0, 0, 0, 2], [1, 0, 0, 3, 0, 0, 0, 0, 0, 2], [1, 2, 0, 0, 0, 3, 0, 0, 0, 2], [1, 0, 1, 0, 2, 2, 0, 0, 0, 2], [1, 0, 0, 7, 0, 0, 0, 6, 0, 2], [1, 0, 1, 0, 0, 0, 0, 0, 0, 2], [1, 8, 8, 8, 8, 8, 8, 8, 8, 2]], "output": [[1, 2, 2, 2, 2, 2, 2, 2, 2, 2], [1, 0, 1, 0, 0, 0, 0, 0, 0, 2], [1, 4, 0, 7, 0, 0, 9, 6, 4, 2], [1, 0, 1, 0, 2, 2, 0, 6, 0, 2], [1, 2, 0, 3, 0, 3, 3, 0, 0, 2], [1, 2, 0, 3, 3, 3, 0, 0, 2, 2], [1, 0, 6, 0, 2, 2, 0, 1, 0, 2], [1, 4, 6, 9, 0, 0, 7, 6, 0, 2], [1, 0, 1, 0, 0, 0, 0, 1, 0, 2], [1, 8, 8, 8, 8, 8, 8, 8, 8, 2]]}, {"input": [[4, 1, 1, 1, 1, 1, 1, 1, 1, 5], [4, 0, 0, 0, 0, 0, 0, 0, 0, 5], [4, 0, 0, 0, 0, 0, 0, 0, 0, 5], [4, 0, 0, 9, 0, 0, 0, 0, 0, 5], [4, 8, 0, 0, 0, 0, 0, 0, 0, 5], [4, 0, 0, 3, 0, 0, 0, 0, 0, 5], [4, 7, 0, 0, 0, 0, 0, 0, 0, 5], [4, 0, 0, 0, 0, 0, 0, 0, 0, 5], [4, 0, 0, 0, 0, 0, 0, 0, 7, 5], [4, 3, 3, 3, 3, 3, 3, 3, 3, 5]], "output": [[4, 1, 1, 1, 1, 1, 1, 1, 1, 5], [4, 0, 0, 0, 0, 0, 0, 0, 7, 5], [4, 0, 0, 0, 0, 0, 0, 0, 0, 5], [4, 7, 0, 9, 0, 0, 9, 0, 0, 5], [4, 8, 0, 3, 0, 0, 0, 0, 8, 5], [4, 8, 0, 3, 0, 0, 3, 0, 0, 5], [4, 7, 0, 9, 0, 0, 0, 0, 7, 5], [4, 0, 0, 0, 0, 0, 0, 0, 0, 5], [4, 7, 0, 0, 0, 0, 0, 0, 7, 5], [4, 3, 3, 3, 3, 3, 3, 3, 3, 5]]}, {"input": [[5, 2, 2, 2, 2, 2, 2, 2, 2, 4], [5, 1, 0, 0, 0, 0, 0, 0, 0, 4], [5, 0, 0, 0, 0, 0, 0, 0, 0, 4], [5, 7, 0, 0, 0, 9, 0, 0, 0, 4], [5, 0, 0, 7, 0, 1, 0, 0, 4, 4], [5, 1, 3, 2, 0, 0, 0, 0, 0, 4], [5, 0, 0, 0, 0, 9, 0, 7, 0, 4], [5, 0, 0, 0, 0, 0, 0, 0, 0, 4], [5, 0, 0, 6, 0, 0, 0, 0, 0, 4], [5, 4, 4, 4, 4, 4, 4, 4, 4, 4]], "output": [[5, 2, 2, 2, 2, 2, 2, 2, 2, 4], [5, 1, 0, 6, 0, 0, 0, 0, 1, 4], [5, 0, 0, 0, 0, 0, 0, 0, 0, 4], [5, 7, 0, 0, 9, 9, 0, 7, 7, 4], [5, 1, 3, 2, 1, 1, 7, 0, 4, 4], [5, 1, 3, 7, 0, 1, 2, 3, 1, 4], [5, 7, 7, 0, 9, 9, 0, 7, 0, 4], [5, 0, 0, 0, 0, 0, 0, 0, 0, 4], [5, 1, 0, 6, 0, 0, 6, 0, 0, 4], [5, 4, 4, 4, 4, 4, 4, 4, 4, 4]]}, {"input": [[5, 2, 2, 2, 2, 2, 2, 2, 2, 8], [5, 0, 0, 0, 0, 0, 0, 0, 0, 8], [5, 0, 0, 0, 0, 0, 0, 0, 0, 8], [5, 0, 0, 0, 0, 9, 0, 4, 0, 8], [5, 0, 0, 0, 0, 0, 0, 0, 9, 8], [5, 0, 1, 0, 7, 0, 0, 0, 0, 8], [5, 6, 0, 0, 0, 0, 0, 0, 0, 8], [5, 0, 9, 0, 4, 0, 0, 6, 0, 8], [5, 0, 0, 7, 0, 0, 0, 6, 0, 8], [5, 9, 9, 9, 9, 9, 9, 9, 9, 8]], "output": [[5, 2, 2, 2, 2, 2, 2, 2, 2, 8], [5, 0, 0, 7, 0, 0, 0, 6, 0, 8], [5, 0, 9, 0, 4, 0, 0, 6, 0, 8], [5, 6, 4, 0, 9, 9, 0, 4, 0, 8], [5, 9, 1, 0, 7, 0, 0, 0, 9, 8], [5, 0, 1, 0, 7, 7, 0, 1, 9, 8], [5, 6, 0, 0, 0, 9, 0, 4, 6, 8], [5, 0, 6, 0, 4, 4, 0, 9, 0, 8], [5, 0, 6, 7, 0, 0, 7, 6, 0, 8], [5, 9, 9, 9, 9, 9, 9, 9, 9, 8]]}, {"input": [[9, 8, 8, 8, 8, 8, 8, 8, 8, 1], [9, 0, 0, 0, 0, 0, 0, 5, 0, 1], [9, 0, 0, 0, 2, 0, 0, 0, 0, 1], [9, 0, 1, 0, 0, 0, 8, 0, 0, 1], [9, 0, 0, 0, 4, 0, 0, 8, 3, 1], [9, 0, 0, 0, 0, 0, 1, 1, 0, 1], [9, 0, 2, 0, 0, 0, 0, 0, 0, 1], [9, 0, 0, 0, 0, 0, 9, 0, 0, 1], [9, 0, 0, 0, 0, 0, 0, 0, 0, 1], [9, 2, 2, 2, 2, 2, 2, 2, 2, 1]], "output": [[9, 8, 8, 8, 8, 8, 8, 8, 8, 1], [9, 0, 5, 0, 0, 0, 0, 5, 0, 1], [9, 0, 0, 0, 2, 2, 9, 0, 0, 1], [9, 0, 2, 8, 0, 0, 8, 1, 0, 1], [9, 3, 8, 0, 4, 4, 1, 1, 3, 1], [9, 0, 1, 1, 4, 0, 1, 8, 3, 1], [9, 0, 1, 0, 0, 0, 8, 2, 0, 1], [9, 0, 0, 9, 2, 0, 9, 0, 0, 1], [9, 0, 0, 0, 0, 0, 0, 5, 0, 1], [9, 2, 2, 2, 2, 2, 2, 2, 2, 1]]}, {"input": [[7, 1, 1, 1, 1, 1, 1, 1, 1, 8], [7, 0, 0, 0, 0, 0, 0, 0, 0, 8], [7, 0, 0, 5, 0, 3, 0, 0, 0, 8], [7, 0, 0, 0, 0, 0, 0, 0, 0, 8], [7, 6, 0, 0, 0, 8, 9, 0, 0, 8], [7, 0, 0, 0, 0, 0, 1, 0, 0, 8], [7, 0, 0, 2, 0, 0, 0, 0, 0, 8], [7, 0, 0, 0, 0, 0, 0, 0, 0, 8], [7, 0, 0, 0, 0, 0, 0, 6, 8, 8], [7, 3, 3, 3, 3, 3, 3, 3, 3, 8]], "output": [[7, 1, 1, 1, 1, 1, 1, 1, 1, 8], [7, 0, 0, 0, 0, 0, 0, 6, 8, 8], [7, 0, 0, 5, 3, 3, 5, 0, 0, 8], [7, 0, 0, 2, 0, 0, 0, 0, 0, 8], [7, 6, 0, 9, 8, 8, 1, 0, 6, 8], [7, 6, 0, 1, 0, 8, 9, 0, 0, 8], [7, 0, 0, 2, 0, 0, 2, 0, 0, 8], [7, 0, 0, 5, 0, 3, 0, 0, 0, 8], [7, 8, 6, 0, 0, 0, 0, 6, 8, 8], [7, 3, 3, 3, 3, 3, 3, 3, 3, 8]]}, {"input": [[1, 1, 1, 1, 1, 1, 1, 1, 1, 9], [1, 1, 0, 0, 0, 0, 7, 0, 0, 9], [1, 0, 0, 0, 0, 0, 0, 7, 3, 9], [1, 0, 0, 0, 0, 0, 7, 0, 0, 9], [1, 0, 0, 0, 4, 0, 4, 0, 0, 9], [1, 2, 0, 0, 0, 0, 0, 0, 0, 9], [1, 0, 1, 0, 0, 0, 0, 0, 0, 9], [1, 0, 0, 9, 0, 0, 0, 0, 0, 9], [1, 0, 0, 0, 0, 0, 0, 0, 0, 9], [1, 7, 7, 7, 7, 7, 7, 7, 7, 9]], "output": [[1, 1, 1, 1, 1, 1, 1, 1, 1, 9], [1, 1, 0, 7, 0, 0, 7, 0, 1, 9], [1, 3, 7, 9, 0, 0, 0, 7, 3, 9], [1, 0, 1, 7, 0, 0, 7, 0, 0, 9], [1, 2, 0, 4, 4, 4, 4, 0, 0, 9], [1, 2, 0, 0, 4, 0, 4, 0, 2, 9], [1, 0, 1, 0, 0, 0, 7, 1, 0, 9], [1, 0, 0, 9, 0, 0, 9, 7, 3, 9], [1, 1, 0, 0, 0, 0, 7, 0, 0, 9], [1, 7, 7, 7, 7, 7, 7, 7, 7, 9]]}, {"input": [[4, 8, 8, 8, 8, 8, 8, 8, 8, 4], [4, 9, 0, 0, 0, 0, 0, 0, 7, 4], [4, 0, 0, 6, 0, 0, 5, 8, 0, 4], [4, 0, 0, 0, 0, 0, 0, 0, 0, 4], [4, 0, 0, 0, 0, 0, 0, 0, 0, 4], [4, 2, 9, 0, 0, 0, 0, 0, 0, 4], [4, 0, 0, 0, 0, 0, 4, 0, 0, 4], [4, 0, 0, 8, 7, 0, 0, 0, 0, 4], [4, 0, 0, 0, 0, 0, 0, 0, 0, 4], [4, 6, 6, 6, 6, 6, 6, 6, 6, 4]], "output": [[4, 8, 8, 8, 8, 8, 8, 8, 8, 4], [4, 7, 0, 0, 0, 0, 0, 0, 9, 4], [4, 0, 8, 8, 7, 0, 6, 8, 0, 4], [4, 0, 0, 0, 0, 0, 4, 0, 0, 4], [4, 2, 9, 0, 0, 0, 0, 0, 0, 4], [4, 2, 9, 0, 0, 0, 0, 9, 2, 4], [4, 0, 0, 4, 0, 0, 4, 0, 0, 4], [4, 0, 0, 6, 7, 7, 8, 8, 0, 4], [4, 9, 0, 0, 0, 0, 0, 0, 7, 4], [4, 6, 6, 6, 6, 6, 6, 6, 6, 4]]}, {"input": [[5, 3, 3, 3, 3, 3, 3, 3, 3, 7], [5, 0, 0, 0, 0, 0, 0, 0, 0, 7], [5, 0, 0, 0, 0, 0, 0, 0, 0, 7], [5, 0, 0, 0, 0, 0, 0, 0, 0, 7], [5, 1, 6, 0, 5, 0, 0, 0, 0, 7], [5, 0, 0, 5, 0, 0, 0, 3, 9, 7], [5, 0, 0, 9, 0, 6, 0, 0, 0, 7], [5, 0, 0, 5, 0, 0, 5, 9, 0, 7], [5, 6, 0, 0, 0, 0, 0, 0, 0, 7], [5, 7, 7, 7, 7, 7, 7, 7, 7, 7]], "output": [[5, 3, 3, 3, 3, 3, 3, 3, 3, 7], [5, 6, 0, 0, 0, 0, 0, 0, 0, 7], [5, 0, 0, 5, 0, 0, 5, 9, 0, 7], [5, 0, 0, 9, 0, 6, 0, 0, 0, 7], [5, 1, 6, 5, 5, 5, 0, 3, 9, 7], [5, 9, 3, 5, 5, 0, 5, 3, 9, 7], [5, 0, 0, 9, 6, 6, 9, 0, 0, 7], [5, 0, 9, 5, 0, 0, 5, 9, 0, 7], [5, 6, 0, 0, 0, 0, 0, 0, 6, 7], [5, 7, 7, 7, 7, 7, 7, 7, 7, 7]]}, {"input": [[2, 7, 7, 7, 7, 7, 7, 7, 7, 9], [2, 0, 0, 0, 4, 0, 0, 0, 0, 9], [2, 0, 0, 0, 0, 0, 9, 7, 0, 9], [2, 0, 0, 0, 0, 0, 0, 0, 0, 9], [2, 0, 8, 0, 0, 2, 0, 0, 0, 9], [2, 0, 0, 0, 0, 0, 0, 0, 0, 9], [2, 0, 0, 9, 0, 0, 0, 0, 0, 9], [2, 0, 7, 0, 0, 0, 3, 0, 0, 9], [2, 0, 0, 0, 0, 0, 7, 0, 0, 9], [2, 7, 7, 7, 7, 7, 7, 7, 7, 9]], "output": [[2, 7, 7, 7, 7, 7, 7, 7, 7, 9], [2, 0, 0, 0, 4, 4, 7, 0, 0, 9], [2, 0, 7, 9, 0, 0, 3, 7, 0, 9], [2, 0, 0, 9, 0, 0, 0, 0, 0, 9], [2, 0, 8, 0, 2, 2, 0, 8, 0, 9], [2, 0, 8, 0, 0, 2, 0, 0, 0, 9], [2, 0, 0, 9, 0, 0, 9, 0, 0, 9], [2, 0, 7, 3, 0, 0, 9, 7, 0, 9], [2, 0, 0, 7, 4, 0, 7, 0, 0, 9], [2, 7, 7, 7, 7, 7, 7, 7, 7, 9]]}, {"input": [[1, 7, 7, 7, 7, 7, 7, 7, 7, 4], [1, 3, 0, 0, 0, 0, 2, 0, 3, 4], [1, 6, 0, 0, 0, 0, 0, 4, 1, 4], [1, 0, 0, 0, 0, 9, 0, 0, 0, 4], [1, 0, 0, 0, 0, 5, 0, 0, 0, 4], [1, 0, 1, 0, 0, 0, 0, 0, 0, 4], [1, 0, 0, 0, 0, 0, 0, 0, 0, 4], [1, 0, 0, 0, 2, 4, 0, 0, 0, 4], [1, 0, 0, 0, 0, 7, 0, 0, 0, 4], [1, 6, 6, 6, 6, 6, 6, 6, 6, 4]], "output": [[1, 7, 7, 7, 7, 7, 7, 7, 7, 4], [1, 3, 0, 2, 0, 7, 2, 0, 3, 4], [1, 1, 4, 0, 2, 4, 0, 4, 6, 4], [1, 0, 0, 0, 9, 9, 0, 0, 0, 4], [1, 0, 1, 0, 5, 5, 0, 0, 0, 4], [1, 0, 1, 0, 0, 5, 0, 1, 0, 4], [1, 0, 0, 0, 0, 9, 0, 0, 0, 4], [1, 6, 0, 0, 4, 2, 0, 4, 1, 4], [1, 3, 0, 0, 7, 7, 2, 0, 3, 4], [1, 6, 6, 6, 6, 6, 6, 6, 6, 4]]}, {"input": [[5, 3, 3, 3, 3, 3, 3, 3, 3, 6], [5, 0, 0, 0, 0, 0, 7, 0, 0, 6], [5, 1, 0, 0, 0, 0, 0, 0, 0, 6], [5, 0, 0, 0, 0, 1, 0, 0, 0, 6], [5, 0, 0, 0, 0, 0, 2, 0, 3, 6], [5, 3, 0, 0, 0, 0, 6, 0, 0, 6], [5, 0, 0, 0, 0, 0, 0, 0, 0, 6], [5, 0, 0, 0, 0, 0, 0, 5, 0, 6], [5, 0, 5, 0, 0, 0, 7, 0, 0, 6], [5, 3, 3, 3, 3, 3, 3, 3, 3, 6]], "output": [[5, 3, 3, 3, 3, 3, 3, 3, 3, 6], [5, 0, 5, 7, 0, 0, 7, 0, 0, 6], [5, 1, 0, 0, 0, 0, 0, 5, 1, 6], [5, 0, 0, 0, 1, 1, 0, 0, 0, 6], [5, 3, 0, 2, 0, 0, 6, 0, 3, 6], [5, 3, 0, 6, 0, 0, 2, 0, 3, 6], [5, 0, 0, 0, 0, 1, 0, 0, 0, 6], [5, 1, 5, 0, 0, 0, 0, 5, 0, 6], [5, 0, 5, 7, 0, 0, 7, 5, 0, 6], [5, 3, 3, 3, 3, 3, 3, 3, 3, 6]]}, {"input": [[8, 6, 6, 6, 6, 6, 6, 6, 6, 9], [8, 0, 0, 8, 0, 0, 0, 0, 0, 9], [8, 8, 0, 0, 2, 0, 0, 0, 0, 9], [8, 2, 0, 0, 0, 0, 0, 0, 0, 9], [8, 0, 0, 6, 0, 0, 0, 0, 0, 9], [8, 0, 0, 1, 0, 0, 0, 0, 0, 9], [8, 0, 0, 0, 0, 0, 0, 0, 0, 9], [8, 6, 0, 0, 0, 0, 0, 0, 0, 9], [8, 0, 0, 0, 0, 0, 0, 7, 0, 9], [8, 4, 4, 4, 4, 4, 4, 4, 4, 9]], "output": [[8, 6, 6, 6, 6, 6, 6, 6, 6, 9], [8, 0, 0, 8, 0, 0, 8, 7, 0, 9], [8, 6, 0, 0, 2, 2, 0, 0, 8, 9], [8, 2, 0, 0, 0, 0, 0, 0, 2, 9], [8, 0, 0, 1, 0, 0, 6, 0, 0, 9], [8, 0, 0, 6, 0, 0, 1, 0, 0, 9], [8, 2, 0, 0, 0, 0, 0, 0, 0, 9], [8, 8, 0, 0, 2, 0, 0, 0, 6, 9], [8, 0, 7, 8, 0, 0, 0, 7, 0, 9], [8, 4, 4, 4, 4, 4, 4, 4, 4, 9]]}, {"input": [[8, 5, 5, 5, 5, 5, 5, 5, 5, 4], [8, 0, 0, 0, 0, 2, 0, 0, 0, 4], [8, 0, 0, 0, 0, 0, 0, 0, 7, 4], [8, 0, 0, 9, 9, 0, 0, 2, 8, 4], [8, 0, 0, 0, 0, 0, 0, 0, 0, 4], [8, 0, 0, 0, 0, 0, 0, 0, 0, 4], [8, 0, 0, 0, 6, 0, 0, 0, 0, 4], [8, 0, 0, 0, 0, 0, 0, 0, 0, 4], [8, 0, 0, 0, 0, 0, 0, 0, 0, 4], [8, 6, 6, 6, 6, 6, 6, 6, 6, 4]], "output": [[8, 5, 5, 5, 5, 5, 5, 5, 5, 4], [8, 0, 0, 0, 2, 2, 0, 0, 0, 4], [8, 7, 0, 0, 0, 0, 0, 0, 7, 4], [8, 8, 2, 9, 6, 9, 9, 2, 8, 4], [8, 0, 0, 0, 0, 0, 0, 0, 0, 4], [8, 0, 0, 0, 0, 0, 0, 0, 0, 4], [8, 0, 0, 9, 9, 6, 0, 2, 8, 4], [8, 0, 0, 0, 0, 0, 0, 0, 7, 4], [8, 0, 0, 0, 0, 2, 0, 0, 0, 4], [8, 6, 6, 6, 6, 6, 6, 6, 6, 4]]}, {"input": [[4, 2, 2, 2, 2, 2, 2, 2, 2, 8], [4, 0, 0, 0, 0, 0, 0, 0, 0, 8], [4, 0, 0, 0, 7, 0, 0, 5, 0, 8], [4, 0, 6, 0, 7, 0, 0, 8, 0, 8], [4, 0, 0, 0, 0, 0, 0, 0, 0, 8], [4, 0, 0, 0, 0, 0, 0, 0, 0, 8], [4, 0, 0, 0, 0, 0, 6, 0, 0, 8], [4, 0, 1, 0, 0, 0, 0, 0, 5, 8], [4, 5, 0, 0, 0, 0, 0, 0, 0, 8], [4, 1, 1, 1, 1, 1, 1, 1, 1, 8]], "output": [[4, 2, 2, 2, 2, 2, 2, 2, 2, 8], [4, 5, 0, 0, 0, 0, 0, 0, 0, 8], [4, 0, 1, 0, 7, 7, 0, 5, 5, 8], [4, 0, 8, 0, 7, 7, 6, 6, 0, 8], [4, 0, 0, 0, 0, 0, 0, 0, 0, 8], [4, 0, 0, 0, 0, 0, 0, 0, 0, 8], [4, 0, 6, 6, 7, 0, 6, 8, 0, 8], [4, 5, 1, 0, 7, 0, 0, 1, 5, 8], [4, 5, 0, 0, 0, 0, 0, 0, 5, 8], [4, 1, 1, 1, 1, 1, 1, 1, 1, 8]]}, {"input": [[6, 3, 3, 3, 3, 3, 3, 3, 3, 7], [6, 0, 0, 0, 0, 0, 3, 1, 0, 7], [6, 0, 5, 0, 0, 0, 7, 0, 0, 7], [6, 0, 0, 0, 0, 5, 0, 0, 0, 7], [6, 8, 0, 0, 0, 0, 1, 0, 0, 7], [6, 0, 0, 0, 0, 0, 0, 0, 0, 7], [6, 7, 0, 0, 0, 0, 0, 0, 0, 7], [6, 9, 0, 0, 0, 0, 0, 0, 0, 7], [6, 4, 0, 2, 1, 5, 3, 0, 0, 7], [6, 9, 9, 9, 9, 9, 9, 9, 9, 7]], "output": [[6, 3, 3, 3, 3, 3, 3, 3, 3, 7], [6, 4, 1, 2, 1, 5, 3, 1, 0, 7], [6, 9, 5, 7, 0, 0, 7, 5, 0, 7], [6, 7, 0, 0, 5, 5, 0, 0, 0, 7], [6, 8, 0, 1, 0, 0, 1, 0, 8, 7], [6, 8, 0, 0, 0, 0, 1, 0, 0, 7], [6, 7, 0, 0, 0, 5, 0, 0, 7, 7], [6, 9, 5, 0, 0, 0, 7, 0, 9, 7], [6, 4, 0, 3, 5, 1, 2, 1, 4, 7], [6, 9, 9, 9, 9, 9, 9, 9, 9, 7]]}], "test": [{"input": [[4, 6, 6, 6, 6, 6, 6, 6, 6, 1], [4, 0, 0, 0, 0, 0, 0, 0, 0, 1], [4, 0, 0, 0, 0, 0, 2, 0, 0, 1], [4, 0, 0, 0, 0, 0, 0, 0, 0, 1], [4, 0, 0, 0, 0, 0, 0, 1, 0, 1], [4, 6, 0, 0, 0, 0, 0, 2, 0, 1], [4, 0, 0, 0, 0, 3, 0, 0, 0, 1], [4, 0, 0, 0, 0, 0, 5, 0, 0, 1], [4, 4, 0, 0, 0, 0, 0, 0, 0, 1], [4, 9, 9, 9, 9, 9, 9, 9, 9, 1]], "output": [[4, 6, 6, 6, 6, 6, 6, 6, 6, 1], [4, 4, 0, 0, 0, 0, 0, 0, 0, 1], [4, 0, 0, 2, 0, 0, 5, 0, 0, 1], [4, 0, 0, 0, 0, 3, 0, 0, 0, 1], [4, 6, 1, 0, 0, 0, 0, 2, 0, 1], [4, 6, 2, 0, 0, 0, 0, 1, 6, 1], [4, 0, 0, 0, 3, 3, 0, 0, 0, 1], [4, 0, 0, 5, 0, 0, 2, 0, 0, 1], [4, 4, 0, 0, 0, 0, 0, 0, 4, 1], [4, 9, 9, 9, 9, 9, 9, 9, 9, 1]]}, {"input": [[9, 4, 4, 4, 4, 4, 4, 4, 4, 4], [9, 0, 1, 0, 0, 0, 2, 0, 0, 4], [9, 0, 0, 0, 3, 2, 0, 0, 0, 4], [9, 0, 0, 0, 0, 6, 0, 2, 4, 4], [9, 0, 0, 0, 0, 9, 0, 1, 0, 4], [9, 0, 0, 8, 0, 0, 0, 0, 9, 4], [9, 0, 0, 0, 0, 0, 0, 0, 0, 4], [9, 9, 0, 0, 0, 0, 0, 0, 0, 4], [9, 0, 0, 0, 0, 4, 0, 0, 0, 4], [9, 6, 6, 6, 6, 6, 6, 6, 6, 4]], "output": [[9, 4, 4, 4, 4, 4, 4, 4, 4, 4], [9, 0, 1, 2, 0, 4, 2, 1, 0, 4], [9, 9, 0, 0, 2, 3, 0, 0, 0, 4], [9, 4, 2, 0, 6, 6, 0, 2, 4, 4], [9, 0, 1, 8, 9, 9, 0, 1, 9, 4], [9, 9, 0, 8, 0, 9, 8, 1, 9, 4], [9, 0, 0, 0, 0, 6, 0, 2, 4, 4], [9, 9, 0, 0, 3, 2, 0, 0, 9, 4], [9, 0, 1, 0, 4, 4, 2, 0, 0, 4], [9, 6, 6, 6, 6, 6, 6, 6, 6, 4]]}, {"input": [[8, 6, 6, 6, 6, 6, 6, 6, 6, 2], [8, 0, 0, 0, 0, 0, 0, 0, 0, 2], [8, 0, 0, 0, 0, 0, 1, 0, 0, 2], [8, 0, 0, 0, 5, 0, 0, 0, 0, 2], [8, 0, 0, 0, 0, 0, 0, 0, 0, 2], [8, 0, 0, 0, 0, 0, 4, 0, 0, 2], [8, 0, 0, 0, 0, 0, 3, 0, 9, 2], [8, 0, 0, 0, 0, 0, 0, 6, 0, 2], [8, 0, 0, 0, 0, 0, 0, 5, 0, 2], [8, 7, 7, 7, 7, 7, 7, 7, 7, 2]], "output": [[8, 6, 6, 6, 6, 6, 6, 6, 6, 2], [8, 0, 0, 0, 0, 0, 0, 5, 0, 2], [8, 0, 0, 1, 0, 0, 1, 6, 0, 2], [8, 0, 0, 0, 5, 5, 3, 0, 9, 2], [8, 0, 0, 0, 0, 0, 4, 0, 0, 2], [8, 0, 0, 4, 0, 0, 4, 0, 0, 2], [8, 9, 0, 3, 5, 0, 3, 0, 9, 2], [8, 0, 6, 0, 0, 0, 1, 6, 0, 2], [8, 0, 5, 0, 0, 0, 0, 5, 0, 2], [8, 7, 7, 7, 7, 7, 7, 7, 7, 2]]}]}