{"train": [{"input": [[0, 0, 0, 0, 0, 0, 0], [0, 0, 0, 0, 0, 0, 0], [0, 0, 0, 0, 0, 0, 0], [0, 0, 0, 0, 0, 0, 0], [0, 0, 0, 1, 8, 0, 0], [0, 0, 0, 8, 8, 3, 0], [0, 0, 0, 0, 8, 1, 0]], "output": [[0, 0, 0, 0, 0, 0, 0], [0, 0, 0, 8, 1, 0, 0], [0, 0, 8, 8, 3, 0, 0], [0, 0, 1, 8, 0, 0, 0], [0, 0, 0, 1, 8, 0, 0], [0, 0, 0, 8, 8, 3, 0], [0, 0, 0, 0, 8, 1, 0]]}, {"input": [[0, 0, 1, 8, 1, 0, 0], [0, 0, 8, 8, 8, 0, 0], [0, 0, 8, 3, 8, 0, 0], [0, 0, 0, 0, 0, 0, 0], [0, 0, 0, 0, 0, 0, 0], [0, 0, 0, 0, 0, 0, 0], [0, 0, 0, 0, 0, 0, 0]], "output": [[0, 0, 1, 8, 1, 0, 0], [0, 0, 8, 8, 8, 0, 0], [0, 8, 3, 8, 8, 0, 0], [0, 8, 8, 8, 0, 0, 0], [0, 1, 8, 1, 0, 0, 0], [0, 0, 0, 0, 0, 0, 0], [0, 0, 0, 0, 0, 0, 0]]}, {"input": [[0, 0, 0, 0, 0, 0, 0], [0, 0, 0, 0, 0, 0, 0], [0, 0, 0, 0, 0, 0, 0], [0, 0, 0, 0, 4, 4, 0], [0, 0, 0, 4, 8, 4, 0], [0, 0, 0, 4, 4, 3, 0], [0, 0, 0, 0, 0, 0, 0]], "output": [[0, 0, 0, 0, 0, 0, 0], [0, 0, 0, 0, 0, 0, 0], [0, 0, 4, 4, 3, 0, 0], [0, 0, 4, 8, 4, 4, 0], [0, 0, 0, 4, 4, 4, 0], [0, 0, 0, 4, 4, 3, 0], [0, 0, 0, 0, 0, 0, 0]]}, {"input": [[0, 0, 0, 0, 0, 0, 0], [0, 0, 0, 0, 0, 0, 0], [0, 0, 0, 0, 0, 0, 0], [0, 0, 0, 0, 0, 0, 0], [0, 3, 8, 0, 0, 0, 0], [0, 8, 1, 8, 0, 0, 0], [0, 0, 8, 0, 0, 0, 0]], "output": [[0, 8, 0, 0, 0, 0, 0], [8, 1, 8, 0, 0, 0, 0], [3, 8, 0, 0, 0, 0, 0], [0, 0, 0, 0, 0, 0, 0], [0, 3, 8, 0, 0, 0, 0], [0, 8, 1, 8, 0, 0, 0], [0, 0, 8, 0, 0, 0, 0]]}, {"input": [[0, 0, 0, 0, 0, 0, 0], [0, 8, 1, 0, 0, 0, 0], [0, 8, 0, 1, 0, 0, 0], [0, 3, 8, 8, 0, 0, 0], [0, 0, 0, 0, 0, 0, 0], [0, 0, 0, 0, 0, 0, 0], [0, 0, 0, 0, 0, 0, 0]], "output": [[0, 0, 0, 0, 0, 0, 0], [0, 8, 1, 0, 0, 0, 0], [3, 8, 8, 1, 0, 0, 0], [8, 3, 1, 8, 0, 0, 0], [8, 1, 0, 0, 0, 0, 0], [0, 0, 0, 0, 0, 0, 0], [0, 0, 0, 0, 0, 0, 0]]}, {"input": [[0, 0, 0, 0, 0, 0, 0], [0, 0, 0, 0, 0, 0, 0], [0, 0, 0, 0, 0, 0, 0], [0, 0, 0, 0, 0, 0, 0], [0, 0, 0, 1, 0, 1, 0], [0, 0, 0, 4, 0, 4, 0], [0, 0, 0, 8, 3, 8, 0]], "output": [[0, 0, 0, 0, 0, 0, 0], [0, 0, 0, 0, 0, 0, 0], [0, 8, 3, 8, 0, 0, 0], [0, 4, 0, 4, 0, 0, 0], [0, 1, 0, 1, 0, 1, 0], [0, 0, 0, 4, 0, 4, 0], [0, 0, 0, 8, 3, 8, 0]]}, {"input": [[0, 0, 0, 4, 4, 4, 0], [0, 0, 0, 4, 0, 3, 0], [0, 0, 0, 4, 4, 0, 0], [0, 0, 0, 0, 0, 0, 0], [0, 0, 0, 0, 0, 0, 0], [0, 0, 0, 0, 0, 0, 0], [0, 0, 0, 0, 0, 0, 0]], "output": [[0, 0, 0, 4, 4, 4, 0], [0, 0, 4, 4, 0, 3, 0], [0, 0, 4, 4, 3, 0, 0], [0, 0, 4, 4, 4, 0, 0], [0, 0, 0, 0, 0, 0, 0], [0, 0, 0, 0, 0, 0, 0], [0, 0, 0, 0, 0, 0, 0]]}, {"input": [[0, 0, 0, 0, 0, 0, 0], [3, 1, 0, 0, 0, 0, 0], [8, 1, 4, 0, 0, 0, 0], [4, 1, 0, 0, 0, 0, 0], [0, 0, 0, 0, 0, 0, 0], [0, 0, 0, 0, 0, 0, 0], [0, 0, 0, 0, 0, 0, 0]], "output": [[4, 1, 0, 0, 0, 0, 0], [8, 1, 4, 0, 0, 0, 0], [3, 1, 4, 0, 0, 0, 0], [4, 1, 0, 0, 0, 0, 0], [0, 0, 0, 0, 0, 0, 0], [0, 0, 0, 0, 0, 0, 0], [0, 0, 0, 0, 0, 0, 0]]}, {"input": [[0, 0, 0, 0, 0, 0, 0], [0, 0, 0, 0, 0, 4, 0], [0, 0, 0, 0, 4, 1, 3], [0, 0, 0, 0, 0, 4, 0], [0, 0, 0, 0, 0, 0, 0], [0, 0, 0, 0, 0, 0, 0], [0, 0, 0, 0, 0, 0, 0]], "output": [[0, 0, 0, 0, 0, 0, 0], [0, 0, 0, 4, 0, 4, 0], [0, 0, 4, 1, 3, 1, 3], [0, 0, 0, 4, 0, 4, 0], [0, 0, 0, 0, 0, 0, 0], [0, 0, 0, 0, 0, 0, 0], [0, 0, 0, 0, 0, 0, 0]]}, {"input": [[0, 0, 0, 0, 0, 0, 0], [0, 0, 0, 0, 0, 0, 0], [0, 0, 0, 0, 0, 0, 0], [0, 0, 3, 0, 0, 0, 0], [0, 1, 1, 1, 0, 0, 0], [0, 0, 1, 0, 0, 0, 0], [0, 0, 0, 0, 0, 0, 0]], "output": [[0, 0, 1, 0, 0, 0, 0], [0, 1, 1, 1, 0, 0, 0], [0, 0, 3, 0, 0, 0, 0], [0, 0, 3, 0, 0, 0, 0], [0, 1, 1, 1, 0, 0, 0], [0, 0, 1, 0, 0, 0, 0], [0, 0, 0, 0, 0, 0, 0]]}, {"input": [[0, 0, 0, 0, 0, 0, 0], [0, 0, 0, 0, 0, 0, 0], [0, 0, 0, 0, 0, 0, 0], [0, 0, 0, 1, 0, 0, 0], [0, 0, 1, 3, 1, 0, 0], [0, 0, 0, 1, 0, 0, 0], [0, 0, 0, 0, 0, 0, 0]], "output": [[0, 0, 0, 0, 0, 0, 0], [0, 0, 1, 0, 0, 0, 0], [0, 1, 3, 1, 0, 0, 0], [0, 0, 1, 1, 0, 0, 0], [0, 0, 1, 3, 1, 0, 0], [0, 0, 0, 1, 0, 0, 0], [0, 0, 0, 0, 0, 0, 0]]}, {"input": [[0, 0, 0, 0, 0, 0, 0], [0, 0, 0, 0, 0, 0, 0], [0, 0, 0, 0, 0, 0, 0], [0, 0, 0, 0, 0, 0, 0], [0, 0, 8, 1, 8, 0, 0], [0, 0, 8, 3, 0, 0, 0], [0, 0, 8, 1, 8, 0, 0]], "output": [[0, 0, 0, 0, 0, 0, 0], [0, 8, 1, 8, 0, 0, 0], [0, 8, 3, 0, 0, 0, 0], [0, 8, 1, 8, 0, 0, 0], [0, 0, 8, 1, 8, 0, 0], [0, 0, 8, 3, 0, 0, 0], [0, 0, 8, 1, 8, 0, 0]]}, {"input": [[0, 0, 0, 0, 0, 0, 0], [0, 0, 0, 0, 1, 3, 0], [0, 0, 0, 1, 1, 1, 0], [0, 0, 0, 0, 1, 0, 0], [0, 0, 0, 0, 0, 0, 0], [0, 0, 0, 0, 0, 0, 0], [0, 0, 0, 0, 0, 0, 0]], "output": [[0, 0, 0, 1, 0, 0, 0], [0, 0, 1, 1, 1, 3, 0], [0, 0, 0, 1, 3, 1, 0], [0, 0, 0, 0, 1, 0, 0], [0, 0, 0, 0, 0, 0, 0], [0, 0, 0, 0, 0, 0, 0], [0, 0, 0, 0, 0, 0, 0]]}, {"input": [[0, 0, 0, 0, 0, 0, 0], [0, 0, 0, 0, 0, 0, 0], [0, 0, 4, 0, 0, 0, 0], [0, 4, 3, 4, 0, 0, 0], [0, 0, 4, 0, 0, 0, 0], [0, 0, 0, 0, 0, 0, 0], [0, 0, 0, 0, 0, 0, 0]], "output": [[0, 0, 0, 0, 0, 0, 0], [0, 0, 4, 0, 0, 0, 0], [0, 4, 3, 4, 0, 0, 0], [0, 4, 4, 4, 0, 0, 0], [0, 0, 4, 0, 0, 0, 0], [0, 0, 0, 0, 0, 0, 0], [0, 0, 0, 0, 0, 0, 0]]}, {"input": [[0, 0, 0, 0, 3, 0, 0], [0, 0, 0, 1, 1, 1, 0], [0, 0, 0, 0, 1, 0, 0], [0, 0, 0, 0, 0, 0, 0], [0, 0, 0, 0, 0, 0, 0], [0, 0, 0, 0, 0, 0, 0], [0, 0, 0, 0, 0, 0, 0]], "output": [[0, 0, 1, 0, 3, 0, 0], [0, 1, 1, 1, 1, 1, 0], [0, 0, 3, 0, 1, 0, 0], [0, 0, 0, 0, 0, 0, 0], [0, 0, 0, 0, 0, 0, 0], [0, 0, 0, 0, 0, 0, 0], [0, 0, 0, 0, 0, 0, 0]]}, {"input": [[0, 0, 0, 0, 0, 0, 0], [0, 0, 0, 0, 0, 0, 0], [0, 0, 0, 0, 0, 0, 0], [0, 0, 1, 3, 1, 0, 0], [0, 0, 1, 0, 1, 0, 0], [0, 0, 1, 1, 1, 0, 0], [0, 0, 0, 0, 0, 0, 0]], "output": [[0, 1, 1, 1, 0, 0, 0], [0, 1, 0, 1, 0, 0, 0], [0, 1, 3, 1, 0, 0, 0], [0, 0, 1, 3, 1, 0, 0], [0, 0, 1, 0, 1, 0, 0], [0, 0, 1, 1, 1, 0, 0], [0, 0, 0, 0, 0, 0, 0]]}, {"input": [[0, 0, 0, 0, 0, 0, 0], [0, 0, 0, 0, 0, 0, 0], [0, 0, 0, 0, 0, 0, 0], [0, 0, 0, 8, 8, 3, 0], [0, 0, 0, 8, 8, 0, 0], [0, 0, 0, 8, 8, 1, 0], [0, 0, 0, 0, 0, 0, 0]], "output": [[0, 0, 8, 8, 1, 0, 0], [0, 0, 8, 8, 0, 0, 0], [0, 0, 8, 8, 3, 0, 0], [0, 0, 0, 8, 8, 3, 0], [0, 0, 0, 8, 8, 0, 0], [0, 0, 0, 8, 8, 1, 0], [0, 0, 0, 0, 0, 0, 0]]}, {"input": [[0, 0, 0, 0, 0, 0, 0], [4, 4, 4, 0, 0, 0, 0], [3, 0, 0, 0, 0, 0, 0], [4, 0, 0, 0, 0, 0, 0], [0, 0, 0, 0, 0, 0, 0], [0, 0, 0, 0, 0, 0, 0], [0, 0, 0, 0, 0, 0, 0]], "output": [[0, 0, 0, 0, 0, 0, 0], [4, 4, 4, 0, 0, 0, 0], [3, 0, 0, 0, 0, 0, 0], [4, 4, 4, 0, 0, 0, 0], [0, 0, 0, 0, 0, 0, 0], [0, 0, 0, 0, 0, 0, 0], [0, 0, 0, 0, 0, 0, 0]]}, {"input": [[0, 1, 0, 0, 0, 0, 0], [1, 3, 1, 0, 0, 0, 0], [0, 1, 0, 0, 0, 0, 0], [0, 0, 0, 0, 0, 0, 0], [0, 0, 0, 0, 0, 0, 0], [0, 0, 0, 0, 0, 0, 0], [0, 0, 0, 0, 0, 0, 0]], "output": [[0, 1, 0, 0, 0, 0, 0], [1, 3, 1, 0, 0, 0, 0], [0, 1, 3, 1, 0, 0, 0], [0, 0, 1, 0, 0, 0, 0], [0, 0, 0, 0, 0, 0, 0], [0, 0, 0, 0, 0, 0, 0], [0, 0, 0, 0, 0, 0, 0]]}, {"input": [[0, 8, 1, 1, 0, 0, 0], [0, 1, 0, 0, 0, 0, 0], [0, 8, 1, 3, 0, 0, 0], [0, 0, 0, 0, 0, 0, 0], [0, 0, 0, 0, 0, 0, 0], [0, 0, 0, 0, 0, 0, 0], [0, 0, 0, 0, 0, 0, 0]], "output": [[0, 8, 1, 1, 0, 0, 0], [0, 1, 0, 0, 0, 0, 0], [0, 8, 8, 1, 3, 0, 0], [0, 0, 1, 0, 0, 0, 0], [0, 0, 8, 1, 1, 0, 0], [0, 0, 0, 0, 0, 0, 0], [0, 0, 0, 0, 0, 0, 0]]}, {"input": [[0, 0, 0, 0, 0, 0, 0], [0, 8, 8, 8, 0, 0, 0], [0, 1, 8, 1, 0, 0, 0], [0, 0, 3, 0, 0, 0, 0], [0, 0, 0, 0, 0, 0, 0], [0, 0, 0, 0, 0, 0, 0], [0, 0, 0, 0, 0, 0, 0]], "output": [[0, 0, 0, 0, 0, 0, 0], [0, 8, 8, 8, 0, 0, 0], [0, 1, 3, 1, 0, 0, 0], [0, 1, 8, 1, 0, 0, 0], [0, 8, 8, 8, 0, 0, 0], [0, 0, 0, 0, 0, 0, 0], [0, 0, 0, 0, 0, 0, 0]]}, {"input": [[0, 1, 0, 0, 0, 0, 0], [1, 1, 1, 0, 0, 0, 0], [0, 1, 3, 0, 0, 0, 0], [0, 0, 0, 0, 0, 0, 0], [0, 0, 0, 0, 0, 0, 0], [0, 0, 0, 0, 0, 0, 0], [0, 0, 0, 0, 0, 0, 0]], "output": [[0, 1, 0, 0, 0, 0, 0], [1, 1, 1, 0, 0, 0, 0], [0, 1, 3, 1, 3, 0, 0], [0, 0, 1, 1, 1, 0, 0], [0, 0, 0, 1, 0, 0, 0], [0, 0, 0, 0, 0, 0, 0], [0, 0, 0, 0, 0, 0, 0]]}, {"input": [[0, 0, 0, 0, 0, 0, 0], [0, 0, 0, 0, 0, 0, 0], [0, 0, 0, 0, 0, 0, 0], [0, 0, 0, 0, 0, 0, 0], [0, 0, 8, 0, 0, 0, 0], [0, 8, 8, 8, 0, 0, 0], [0, 0, 8, 3, 0, 0, 0]], "output": [[0, 0, 0, 0, 0, 0, 0], [0, 0, 0, 0, 0, 0, 0], [0, 0, 0, 8, 3, 0, 0], [0, 0, 8, 8, 8, 0, 0], [0, 0, 8, 8, 0, 0, 0], [0, 8, 8, 8, 0, 0, 0], [0, 0, 8, 3, 0, 0, 0]]}, {"input": [[0, 0, 0, 0, 0, 0, 0], [0, 0, 0, 0, 0, 0, 0], [0, 0, 0, 0, 0, 0, 0], [0, 0, 0, 0, 0, 0, 0], [0, 0, 0, 0, 1, 4, 1], [0, 0, 0, 0, 3, 4, 1], [0, 0, 0, 0, 8, 0, 8]], "output": [[0, 0, 0, 0, 0, 0, 0], [8, 0, 8, 0, 0, 0, 0], [3, 4, 1, 0, 0, 0, 0], [1, 4, 1, 0, 0, 0, 0], [0, 0, 0, 0, 1, 4, 1], [0, 0, 0, 0, 3, 4, 1], [0, 0, 0, 0, 8, 0, 8]]}, {"input": [[0, 0, 0, 0, 0, 0, 0], [0, 0, 0, 0, 0, 0, 0], [0, 0, 0, 0, 0, 0, 0], [0, 0, 0, 0, 0, 0, 0], [0, 0, 0, 0, 3, 1, 1], [0, 0, 0, 0, 1, 1, 1], [0, 0, 0, 0, 0, 1, 0]], "output": [[0, 1, 0, 0, 0, 0, 0], [1, 1, 1, 0, 0, 0, 0], [3, 1, 1, 0, 0, 0, 0], [0, 0, 0, 0, 0, 0, 0], [0, 0, 0, 0, 3, 1, 1], [0, 0, 0, 0, 1, 1, 1], [0, 0, 0, 0, 0, 1, 0]]}, {"input": [[0, 0, 0, 0, 1, 0, 0], [0, 0, 0, 3, 1, 1, 0], [0, 0, 0, 0, 1, 0, 0], [0, 0, 0, 0, 0, 0, 0], [0, 0, 0, 0, 0, 0, 0], [0, 0, 0, 0, 0, 0, 0], [0, 0, 0, 0, 0, 0, 0]], "output": [[0, 0, 0, 0, 1, 0, 0], [0, 1, 0, 3, 1, 1, 0], [3, 1, 1, 0, 1, 0, 0], [0, 1, 0, 0, 0, 0, 0], [0, 0, 0, 0, 0, 0, 0], [0, 0, 0, 0, 0, 0, 0], [0, 0, 0, 0, 0, 0, 0]]}, {"input": [[0, 0, 0, 0, 0, 0, 0], [0, 0, 0, 0, 0, 0, 0], [0, 0, 0, 0, 0, 0, 0], [0, 0, 0, 0, 0, 0, 0], [0, 1, 0, 0, 0, 0, 0], [1, 1, 1, 0, 0, 0, 0], [3, 1, 0, 0, 0, 0, 0]], "output": [[0, 0, 0, 0, 0, 0, 0], [0, 0, 0, 0, 0, 0, 0], [3, 1, 0, 0, 0, 0, 0], [1, 1, 1, 0, 0, 0, 0], [0, 1, 0, 0, 0, 0, 0], [1, 1, 1, 0, 0, 0, 0], [3, 1, 0, 0, 0, 0, 0]]}], "test": [{"input": [[0, 0, 0, 1, 1, 1, 0], [0, 0, 0, 0, 0, 3, 0], [0, 0, 0, 0, 0, 1, 0], [0, 0, 0, 0, 0, 0, 0], [0, 0, 0, 0, 0, 0, 0], [0, 0, 0, 0, 0, 0, 0], [0, 0, 0, 0, 0, 0, 0]], "output": [[0, 0, 0, 1, 1, 1, 0], [0, 0, 0, 0, 1, 3, 0], [0, 0, 0, 0, 3, 1, 0], [0, 0, 1, 1, 1, 0, 0], [0, 0, 0, 0, 0, 0, 0], [0, 0, 0, 0, 0, 0, 0], [0, 0, 0, 0, 0, 0, 0]]}, {"input": [[0, 0, 0, 0, 0, 0, 0], [4, 1, 0, 0, 0, 0, 0], [4, 4, 1, 0, 0, 0, 0], [0, 4, 3, 0, 0, 0, 0], [0, 0, 0, 0, 0, 0, 0], [0, 0, 0, 0, 0, 0, 0], [0, 0, 0, 0, 0, 0, 0]], "output": [[0, 0, 0, 0, 0, 0, 0], [4, 1, 0, 0, 0, 0, 0], [4, 4, 1, 4, 3, 0, 0], [0, 4, 4, 4, 1, 0, 0], [0, 0, 4, 1, 0, 0, 0], [0, 0, 0, 0, 0, 0, 0], [0, 0, 0, 0, 0, 0, 0]]}, {"input": [[0, 0, 0, 0, 0, 0, 0], [0, 0, 0, 0, 0, 0, 0], [0, 0, 0, 0, 0, 0, 0], [0, 0, 0, 0, 0, 0, 0], [0, 0, 4, 1, 0, 0, 0], [0, 0, 1, 1, 3, 0, 0], [0, 0, 0, 1, 4, 0, 0]], "output": [[0, 0, 0, 0, 0, 0, 0], [0, 0, 0, 1, 4, 0, 0], [0, 0, 1, 1, 3, 0, 0], [0, 0, 4, 1, 0, 0, 0], [0, 0, 4, 1, 0, 0, 0], [0, 0, 1, 1, 3, 0, 0], [0, 0, 0, 1, 4, 0, 0]]}]}