{"train": [{"input": [[0, 0, 0, 0, 0, 0, 0, 0], [0, 0, 0, 0, 0, 0, 0, 0], [0, 0, 0, 0, 0, 0, 0, 0], [0, 0, 0, 0, 0, 0, 0, 0], [0, 0, 0, 0, 0, 0, 0, 0], [0, 0, 0, 0, 6, 6, 6, 0], [0, 0, 0, 0, 6, 6, 6, 0], [0, 0, 0, 0, 6, 6, 6, 0]], "output": [[6, 6, 6, 6, 6, 6, 6, 6, 6], [6, 6, 6, 6, 6, 6, 6, 6, 6], [6, 6, 6, 6, 6, 6, 6, 6, 6], [6, 6, 6, 6, 6, 6, 6, 6, 6], [6, 6, 6, 6, 6, 6, 6, 6, 6], [6, 6, 6, 6, 6, 6, 6, 6, 6], [6, 6, 6, 6, 6, 6, 6, 6, 6], [6, 6, 6, 6, 6, 6, 6, 6, 6], [6, 6, 6, 6, 6, 6, 6, 6, 6]]}, {"input": [[0, 0, 0, 0, 0, 0, 0], [1, 1, 1, 0, 0, 0, 0], [1, 1, 1, 0, 0, 0, 0], [1, 1, 1, 0, 0, 0, 0], [0, 0, 0, 0, 0, 0, 0], [0, 0, 0, 0, 0, 0, 0], [0, 0, 0, 0, 0, 0, 0]], "output": [[1, 1, 1, 1, 1, 1, 1, 1, 1], [1, 1, 1, 1, 1, 1, 1, 1, 1], [1, 1, 1, 1, 1, 1, 1, 1, 1], [1, 1, 1, 1, 1, 1, 1, 1, 1], [1, 1, 1, 1, 1, 1, 1, 1, 1], [1, 1, 1, 1, 1, 1, 1, 1, 1], [1, 1, 1, 1, 1, 1, 1, 1, 1], [1, 1, 1, 1, 1, 1, 1, 1, 1], [1, 1, 1, 1, 1, 1, 1, 1, 1]]}, {"input": [[0, 0, 0, 0, 0, 0, 0, 0, 0], [0, 0, 0, 0, 0, 0, 0, 0, 0], [0, 0, 4, 4, 0, 0, 0, 0, 0], [0, 0, 4, 4, 0, 0, 0, 0, 0], [0, 0, 0, 0, 0, 0, 0, 0, 0], [0, 0, 0, 0, 0, 0, 0, 0, 0], [0, 0, 0, 0, 0, 0, 0, 0, 0]], "output": [[4, 4, 4, 4, 4, 4, 0, 0, 0], [4, 4, 4, 4, 4, 4, 0, 0, 0], [4, 4, 4, 4, 4, 4, 0, 0, 0], [4, 4, 4, 4, 4, 4, 0, 0, 0], [4, 4, 4, 4, 4, 4, 0, 0, 0], [4, 4, 4, 4, 4, 4, 0, 0, 0], [0, 0, 0, 0, 0, 0, 0, 0, 0], [0, 0, 0, 0, 0, 0, 0, 0, 0], [0, 0, 0, 0, 0, 0, 0, 0, 0]]}, {"input": [[0, 0, 0, 0, 0, 0, 0, 0, 0], [0, 0, 0, 0, 0, 0, 0, 0, 0], [0, 0, 0, 0, 0, 0, 0, 0, 0], [0, 0, 0, 0, 0, 0, 0, 0, 0], [0, 0, 0, 0, 0, 0, 0, 0, 0], [0, 0, 0, 0, 0, 0, 6, 6, 6], [0, 0, 0, 0, 0, 0, 6, 6, 6], [0, 0, 0, 0, 0, 0, 6, 6, 6], [0, 0, 0, 0, 0, 0, 0, 0, 0]], "output": [[6, 6, 6, 6, 6, 6, 6, 6, 6], [6, 6, 6, 6, 6, 6, 6, 6, 6], [6, 6, 6, 6, 6, 6, 6, 6, 6], [6, 6, 6, 6, 6, 6, 6, 6, 6], [6, 6, 6, 6, 6, 6, 6, 6, 6], [6, 6, 6, 6, 6, 6, 6, 6, 6], [6, 6, 6, 6, 6, 6, 6, 6, 6], [6, 6, 6, 6, 6, 6, 6, 6, 6], [6, 6, 6, 6, 6, 6, 6, 6, 6]]}, {"input": [[0, 0, 0, 0, 0, 0, 0, 0, 0], [0, 0, 0, 0, 0, 0, 0, 0, 0], [0, 0, 0, 0, 0, 0, 0, 0, 0], [0, 0, 0, 0, 0, 0, 0, 0, 0], [0, 0, 0, 0, 0, 0, 0, 0, 0], [0, 4, 4, 4, 0, 0, 0, 0, 0], [0, 4, 4, 4, 0, 0, 0, 0, 0], [0, 4, 4, 4, 0, 0, 0, 0, 0]], "output": [[4, 4, 4, 4, 4, 4, 4, 4, 4], [4, 4, 4, 4, 4, 4, 4, 4, 4], [4, 4, 4, 4, 4, 4, 4, 4, 4], [4, 4, 4, 4, 4, 4, 4, 4, 4], [4, 4, 4, 4, 4, 4, 4, 4, 4], [4, 4, 4, 4, 4, 4, 4, 4, 4], [4, 4, 4, 4, 4, 4, 4, 4, 4], [4, 4, 4, 4, 4, 4, 4, 4, 4], [4, 4, 4, 4, 4, 4, 4, 4, 4]]}, {"input": [[0, 0, 0, 0, 0], [0, 0, 0, 0, 0], [0, 0, 0, 0, 0], [4, 4, 0, 0, 0], [4, 4, 0, 0, 0], [0, 0, 0, 0, 0]], "output": [[4, 4, 4, 4, 4, 4, 0, 0, 0], [4, 4, 4, 4, 4, 4, 0, 0, 0], [4, 4, 4, 4, 4, 4, 0, 0, 0], [4, 4, 4, 4, 4, 4, 0, 0, 0], [4, 4, 4, 4, 4, 4, 0, 0, 0], [4, 4, 4, 4, 4, 4, 0, 0, 0], [0, 0, 0, 0, 0, 0, 0, 0, 0], [0, 0, 0, 0, 0, 0, 0, 0, 0], [0, 0, 0, 0, 0, 0, 0, 0, 0]]}, {"input": [[0, 0, 0, 0, 0], [0, 0, 0, 0, 0], [0, 0, 0, 1, 1], [0, 0, 0, 1, 1], [0, 0, 0, 0, 0], [0, 0, 0, 0, 0]], "output": [[1, 1, 1, 1, 1, 1, 0, 0, 0], [1, 1, 1, 1, 1, 1, 0, 0, 0], [1, 1, 1, 1, 1, 1, 0, 0, 0], [1, 1, 1, 1, 1, 1, 0, 0, 0], [1, 1, 1, 1, 1, 1, 0, 0, 0], [1, 1, 1, 1, 1, 1, 0, 0, 0], [0, 0, 0, 0, 0, 0, 0, 0, 0], [0, 0, 0, 0, 0, 0, 0, 0, 0], [0, 0, 0, 0, 0, 0, 0, 0, 0]]}, {"input": [[0, 0, 0, 0, 0], [0, 0, 0, 0, 0], [0, 8, 8, 8, 0], [0, 8, 8, 8, 0], [0, 8, 8, 8, 0]], "output": [[8, 8, 8, 8, 8, 8, 8, 8, 8], [8, 8, 8, 8, 8, 8, 8, 8, 8], [8, 8, 8, 8, 8, 8, 8, 8, 8], [8, 8, 8, 8, 8, 8, 8, 8, 8], [8, 8, 8, 8, 8, 8, 8, 8, 8], [8, 8, 8, 8, 8, 8, 8, 8, 8], [8, 8, 8, 8, 8, 8, 8, 8, 8], [8, 8, 8, 8, 8, 8, 8, 8, 8], [8, 8, 8, 8, 8, 8, 8, 8, 8]]}, {"input": [[0, 0, 0, 0, 0, 0, 0], [0, 6, 6, 6, 0, 0, 0], [0, 6, 6, 6, 0, 0, 0], [0, 6, 6, 6, 0, 0, 0], [0, 0, 0, 0, 0, 0, 0], [0, 0, 0, 0, 0, 0, 0], [0, 0, 0, 0, 0, 0, 0], [0, 0, 0, 0, 0, 0, 0]], "output": [[6, 6, 6, 6, 6, 6, 6, 6, 6], [6, 6, 6, 6, 6, 6, 6, 6, 6], [6, 6, 6, 6, 6, 6, 6, 6, 6], [6, 6, 6, 6, 6, 6, 6, 6, 6], [6, 6, 6, 6, 6, 6, 6, 6, 6], [6, 6, 6, 6, 6, 6, 6, 6, 6], [6, 6, 6, 6, 6, 6, 6, 6, 6], [6, 6, 6, 6, 6, 6, 6, 6, 6], [6, 6, 6, 6, 6, 6, 6, 6, 6]]}, {"input": [[0, 0, 0, 0, 0, 0], [0, 0, 0, 0, 0, 0], [0, 0, 0, 0, 0, 0], [0, 0, 0, 0, 0, 0], [0, 0, 0, 0, 0, 0], [0, 0, 0, 0, 0, 0], [0, 0, 0, 8, 8, 8], [0, 0, 0, 8, 8, 8], [0, 0, 0, 8, 8, 8]], "output": [[8, 8, 8, 8, 8, 8, 8, 8, 8], [8, 8, 8, 8, 8, 8, 8, 8, 8], [8, 8, 8, 8, 8, 8, 8, 8, 8], [8, 8, 8, 8, 8, 8, 8, 8, 8], [8, 8, 8, 8, 8, 8, 8, 8, 8], [8, 8, 8, 8, 8, 8, 8, 8, 8], [8, 8, 8, 8, 8, 8, 8, 8, 8], [8, 8, 8, 8, 8, 8, 8, 8, 8], [8, 8, 8, 8, 8, 8, 8, 8, 8]]}, {"input": [[0, 0, 0, 0, 0, 0, 0, 0], [0, 0, 0, 0, 0, 0, 0, 0], [0, 2, 2, 2, 0, 0, 0, 0], [0, 2, 2, 2, 0, 0, 0, 0], [0, 2, 2, 2, 0, 0, 0, 0], [0, 0, 0, 0, 0, 0, 0, 0]], "output": [[2, 2, 2, 2, 2, 2, 2, 2, 2], [2, 2, 2, 2, 2, 2, 2, 2, 2], [2, 2, 2, 2, 2, 2, 2, 2, 2], [2, 2, 2, 2, 2, 2, 2, 2, 2], [2, 2, 2, 2, 2, 2, 2, 2, 2], [2, 2, 2, 2, 2, 2, 2, 2, 2], [2, 2, 2, 2, 2, 2, 2, 2, 2], [2, 2, 2, 2, 2, 2, 2, 2, 2], [2, 2, 2, 2, 2, 2, 2, 2, 2]]}, {"input": [[0, 0, 0, 0, 0, 0], [0, 0, 0, 0, 0, 0], [0, 0, 8, 8, 8, 0], [0, 0, 8, 8, 8, 0], [0, 0, 8, 8, 8, 0], [0, 0, 0, 0, 0, 0]], "output": [[8, 8, 8, 8, 8, 8, 8, 8, 8], [8, 8, 8, 8, 8, 8, 8, 8, 8], [8, 8, 8, 8, 8, 8, 8, 8, 8], [8, 8, 8, 8, 8, 8, 8, 8, 8], [8, 8, 8, 8, 8, 8, 8, 8, 8], [8, 8, 8, 8, 8, 8, 8, 8, 8], [8, 8, 8, 8, 8, 8, 8, 8, 8], [8, 8, 8, 8, 8, 8, 8, 8, 8], [8, 8, 8, 8, 8, 8, 8, 8, 8]]}, {"input": [[0, 0, 0, 0, 0, 0, 0], [0, 0, 0, 0, 0, 0, 0], [0, 0, 0, 0, 0, 0, 0], [0, 0, 0, 0, 4, 4, 0], [0, 0, 0, 0, 4, 4, 0]], "output": [[4, 4, 4, 4, 4, 4, 0, 0, 0], [4, 4, 4, 4, 4, 4, 0, 0, 0], [4, 4, 4, 4, 4, 4, 0, 0, 0], [4, 4, 4, 4, 4, 4, 0, 0, 0], [4, 4, 4, 4, 4, 4, 0, 0, 0], [4, 4, 4, 4, 4, 4, 0, 0, 0], [0, 0, 0, 0, 0, 0, 0, 0, 0], [0, 0, 0, 0, 0, 0, 0, 0, 0], [0, 0, 0, 0, 0, 0, 0, 0, 0]]}, {"input": [[0, 0, 0, 0, 0, 0], [0, 0, 0, 0, 0, 0], [0, 4, 4, 0, 0, 0], [0, 4, 4, 0, 0, 0], [0, 0, 0, 0, 0, 0], [0, 0, 0, 0, 0, 0]], "output": [[4, 4, 4, 4, 4, 4, 0, 0, 0], [4, 4, 4, 4, 4, 4, 0, 0, 0], [4, 4, 4, 4, 4, 4, 0, 0, 0], [4, 4, 4, 4, 4, 4, 0, 0, 0], [4, 4, 4, 4, 4, 4, 0, 0, 0], [4, 4, 4, 4, 4, 4, 0, 0, 0], [0, 0, 0, 0, 0, 0, 0, 0, 0], [0, 0, 0, 0, 0, 0, 0, 0, 0], [0, 0, 0, 0, 0, 0, 0, 0, 0]]}, {"input": [[0, 0, 0, 0, 0, 0], [0, 0, 0, 0, 0, 0], [0, 0, 0, 0, 0, 0], [0, 0, 0, 0, 0, 0], [0, 0, 0, 0, 0, 0], [9, 9, 9, 0, 0, 0], [9, 9, 9, 0, 0, 0], [9, 9, 9, 0, 0, 0], [0, 0, 0, 0, 0, 0]], "output": [[9, 9, 9, 9, 9, 9, 9, 9, 9], [9, 9, 9, 9, 9, 9, 9, 9, 9], [9, 9, 9, 9, 9, 9, 9, 9, 9], [9, 9, 9, 9, 9, 9, 9, 9, 9], [9, 9, 9, 9, 9, 9, 9, 9, 9], [9, 9, 9, 9, 9, 9, 9, 9, 9], [9, 9, 9, 9, 9, 9, 9, 9, 9], [9, 9, 9, 9, 9, 9, 9, 9, 9], [9, 9, 9, 9, 9, 9, 9, 9, 9]]}, {"input": [[0, 0, 0, 0, 0, 0], [1, 1, 0, 0, 0, 0], [1, 1, 0, 0, 0, 0], [0, 0, 0, 0, 0, 0], [0, 0, 0, 0, 0, 0], [0, 0, 0, 0, 0, 0], [0, 0, 0, 0, 0, 0], [0, 0, 0, 0, 0, 0], [0, 0, 0, 0, 0, 0]], "output": [[1, 1, 1, 1, 1, 1, 0, 0, 0], [1, 1, 1, 1, 1, 1, 0, 0, 0], [1, 1, 1, 1, 1, 1, 0, 0, 0], [1, 1, 1, 1, 1, 1, 0, 0, 0], [1, 1, 1, 1, 1, 1, 0, 0, 0], [1, 1, 1, 1, 1, 1, 0, 0, 0], [0, 0, 0, 0, 0, 0, 0, 0, 0], [0, 0, 0, 0, 0, 0, 0, 0, 0], [0, 0, 0, 0, 0, 0, 0, 0, 0]]}, {"input": [[0, 0, 0, 0, 0, 0, 0], [0, 0, 0, 0, 0, 8, 8], [0, 0, 0, 0, 0, 8, 8], [0, 0, 0, 0, 0, 0, 0], [0, 0, 0, 0, 0, 0, 0]], "output": [[8, 8, 8, 8, 8, 8, 0, 0, 0], [8, 8, 8, 8, 8, 8, 0, 0, 0], [8, 8, 8, 8, 8, 8, 0, 0, 0], [8, 8, 8, 8, 8, 8, 0, 0, 0], [8, 8, 8, 8, 8, 8, 0, 0, 0], [8, 8, 8, 8, 8, 8, 0, 0, 0], [0, 0, 0, 0, 0, 0, 0, 0, 0], [0, 0, 0, 0, 0, 0, 0, 0, 0], [0, 0, 0, 0, 0, 0, 0, 0, 0]]}, {"input": [[0, 0, 0, 0, 0], [0, 0, 0, 0, 0], [0, 0, 0, 0, 0], [7, 7, 0, 0, 0], [7, 7, 0, 0, 0], [0, 0, 0, 0, 0]], "output": [[7, 7, 7, 7, 7, 7, 0, 0, 0], [7, 7, 7, 7, 7, 7, 0, 0, 0], [7, 7, 7, 7, 7, 7, 0, 0, 0], [7, 7, 7, 7, 7, 7, 0, 0, 0], [7, 7, 7, 7, 7, 7, 0, 0, 0], [7, 7, 7, 7, 7, 7, 0, 0, 0], [0, 0, 0, 0, 0, 0, 0, 0, 0], [0, 0, 0, 0, 0, 0, 0, 0, 0], [0, 0, 0, 0, 0, 0, 0, 0, 0]]}, {"input": [[7, 7, 7, 0, 0, 0, 0, 0], [7, 7, 7, 0, 0, 0, 0, 0], [7, 7, 7, 0, 0, 0, 0, 0], [0, 0, 0, 0, 0, 0, 0, 0], [0, 0, 0, 0, 0, 0, 0, 0], [0, 0, 0, 0, 0, 0, 0, 0], [0, 0, 0, 0, 0, 0, 0, 0], [0, 0, 0, 0, 0, 0, 0, 0]], "output": [[7, 7, 7, 7, 7, 7, 7, 7, 7], [7, 7, 7, 7, 7, 7, 7, 7, 7], [7, 7, 7, 7, 7, 7, 7, 7, 7], [7, 7, 7, 7, 7, 7, 7, 7, 7], [7, 7, 7, 7, 7, 7, 7, 7, 7], [7, 7, 7, 7, 7, 7, 7, 7, 7], [7, 7, 7, 7, 7, 7, 7, 7, 7], [7, 7, 7, 7, 7, 7, 7, 7, 7], [7, 7, 7, 7, 7, 7, 7, 7, 7]]}, {"input": [[0, 0, 0, 0, 0, 5, 5], [0, 0, 0, 0, 0, 5, 5], [0, 0, 0, 0, 0, 0, 0], [0, 0, 0, 0, 0, 0, 0], [0, 0, 0, 0, 0, 0, 0], [0, 0, 0, 0, 0, 0, 0], [0, 0, 0, 0, 0, 0, 0]], "output": [[5, 5, 5, 5, 5, 5, 0, 0, 0], [5, 5, 5, 5, 5, 5, 0, 0, 0], [5, 5, 5, 5, 5, 5, 0, 0, 0], [5, 5, 5, 5, 5, 5, 0, 0, 0], [5, 5, 5, 5, 5, 5, 0, 0, 0], [5, 5, 5, 5, 5, 5, 0, 0, 0], [0, 0, 0, 0, 0, 0, 0, 0, 0], [0, 0, 0, 0, 0, 0, 0, 0, 0], [0, 0, 0, 0, 0, 0, 0, 0, 0]]}, {"input": [[0, 0, 9, 9, 9], [0, 0, 9, 9, 9], [0, 0, 9, 9, 9], [0, 0, 0, 0, 0], [0, 0, 0, 0, 0], [0, 0, 0, 0, 0]], "output": [[9, 9, 9, 9, 9, 9, 9, 9, 9], [9, 9, 9, 9, 9, 9, 9, 9, 9], [9, 9, 9, 9, 9, 9, 9, 9, 9], [9, 9, 9, 9, 9, 9, 9, 9, 9], [9, 9, 9, 9, 9, 9, 9, 9, 9], [9, 9, 9, 9, 9, 9, 9, 9, 9], [9, 9, 9, 9, 9, 9, 9, 9, 9], [9, 9, 9, 9, 9, 9, 9, 9, 9], [9, 9, 9, 9, 9, 9, 9, 9, 9]]}, {"input": [[0, 0, 0, 0, 0, 0], [0, 0, 0, 0, 0, 0], [0, 0, 0, 0, 0, 0], [0, 0, 0, 1, 1, 1], [0, 0, 0, 1, 1, 1], [0, 0, 0, 1, 1, 1], [0, 0, 0, 0, 0, 0], [0, 0, 0, 0, 0, 0]], "output": [[1, 1, 1, 1, 1, 1, 1, 1, 1], [1, 1, 1, 1, 1, 1, 1, 1, 1], [1, 1, 1, 1, 1, 1, 1, 1, 1], [1, 1, 1, 1, 1, 1, 1, 1, 1], [1, 1, 1, 1, 1, 1, 1, 1, 1], [1, 1, 1, 1, 1, 1, 1, 1, 1], [1, 1, 1, 1, 1, 1, 1, 1, 1], [1, 1, 1, 1, 1, 1, 1, 1, 1], [1, 1, 1, 1, 1, 1, 1, 1, 1]]}, {"input": [[0, 0, 0, 0, 0, 0, 0], [0, 0, 0, 0, 0, 6, 6], [0, 0, 0, 0, 0, 6, 6], [0, 0, 0, 0, 0, 0, 0], [0, 0, 0, 0, 0, 0, 0], [0, 0, 0, 0, 0, 0, 0], [0, 0, 0, 0, 0, 0, 0]], "output": [[6, 6, 6, 6, 6, 6, 0, 0, 0], [6, 6, 6, 6, 6, 6, 0, 0, 0], [6, 6, 6, 6, 6, 6, 0, 0, 0], [6, 6, 6, 6, 6, 6, 0, 0, 0], [6, 6, 6, 6, 6, 6, 0, 0, 0], [6, 6, 6, 6, 6, 6, 0, 0, 0], [0, 0, 0, 0, 0, 0, 0, 0, 0], [0, 0, 0, 0, 0, 0, 0, 0, 0], [0, 0, 0, 0, 0, 0, 0, 0, 0]]}, {"input": [[0, 0, 0, 0, 0, 0, 0, 0, 0], [0, 0, 0, 0, 0, 9, 9, 9, 0], [0, 0, 0, 0, 0, 9, 9, 9, 0], [0, 0, 0, 0, 0, 9, 9, 9, 0], [0, 0, 0, 0, 0, 0, 0, 0, 0], [0, 0, 0, 0, 0, 0, 0, 0, 0], [0, 0, 0, 0, 0, 0, 0, 0, 0], [0, 0, 0, 0, 0, 0, 0, 0, 0]], "output": [[9, 9, 9, 9, 9, 9, 9, 9, 9], [9, 9, 9, 9, 9, 9, 9, 9, 9], [9, 9, 9, 9, 9, 9, 9, 9, 9], [9, 9, 9, 9, 9, 9, 9, 9, 9], [9, 9, 9, 9, 9, 9, 9, 9, 9], [9, 9, 9, 9, 9, 9, 9, 9, 9], [9, 9, 9, 9, 9, 9, 9, 9, 9], [9, 9, 9, 9, 9, 9, 9, 9, 9], [9, 9, 9, 9, 9, 9, 9, 9, 9]]}, {"input": [[0, 0, 0, 0, 0, 0, 0, 0, 0], [0, 0, 6, 6, 6, 0, 0, 0, 0], [0, 0, 6, 6, 6, 0, 0, 0, 0], [0, 0, 6, 6, 6, 0, 0, 0, 0], [0, 0, 0, 0, 0, 0, 0, 0, 0], [0, 0, 0, 0, 0, 0, 0, 0, 0], [0, 0, 0, 0, 0, 0, 0, 0, 0], [0, 0, 0, 0, 0, 0, 0, 0, 0], [0, 0, 0, 0, 0, 0, 0, 0, 0]], "output": [[6, 6, 6, 6, 6, 6, 6, 6, 6], [6, 6, 6, 6, 6, 6, 6, 6, 6], [6, 6, 6, 6, 6, 6, 6, 6, 6], [6, 6, 6, 6, 6, 6, 6, 6, 6], [6, 6, 6, 6, 6, 6, 6, 6, 6], [6, 6, 6, 6, 6, 6, 6, 6, 6], [6, 6, 6, 6, 6, 6, 6, 6, 6], [6, 6, 6, 6, 6, 6, 6, 6, 6], [6, 6, 6, 6, 6, 6, 6, 6, 6]]}, {"input": [[0, 0, 4, 4, 4], [0, 0, 4, 4, 4], [0, 0, 4, 4, 4], [0, 0, 0, 0, 0], [0, 0, 0, 0, 0], [0, 0, 0, 0, 0]], "output": [[4, 4, 4, 4, 4, 4, 4, 4, 4], [4, 4, 4, 4, 4, 4, 4, 4, 4], [4, 4, 4, 4, 4, 4, 4, 4, 4], [4, 4, 4, 4, 4, 4, 4, 4, 4], [4, 4, 4, 4, 4, 4, 4, 4, 4], [4, 4, 4, 4, 4, 4, 4, 4, 4], [4, 4, 4, 4, 4, 4, 4, 4, 4], [4, 4, 4, 4, 4, 4, 4, 4, 4], [4, 4, 4, 4, 4, 4, 4, 4, 4]]}, {"input": [[0, 0, 0, 0, 0, 0, 0, 0], [0, 0, 0, 0, 0, 0, 0, 0], [0, 0, 0, 0, 0, 0, 0, 0], [0, 0, 0, 0, 0, 0, 0, 0], [0, 0, 0, 0, 0, 0, 0, 0], [0, 0, 0, 0, 0, 9, 9, 0], [0, 0, 0, 0, 0, 9, 9, 0]], "output": [[9, 9, 9, 9, 9, 9, 0, 0, 0], [9, 9, 9, 9, 9, 9, 0, 0, 0], [9, 9, 9, 9, 9, 9, 0, 0, 0], [9, 9, 9, 9, 9, 9, 0, 0, 0], [9, 9, 9, 9, 9, 9, 0, 0, 0], [9, 9, 9, 9, 9, 9, 0, 0, 0], [0, 0, 0, 0, 0, 0, 0, 0, 0], [0, 0, 0, 0, 0, 0, 0, 0, 0], [0, 0, 0, 0, 0, 0, 0, 0, 0]]}], "test": [{"input": [[0, 0, 0, 0, 0], [0, 4, 4, 4, 0], [0, 4, 4, 4, 0], [0, 4, 4, 4, 0], [0, 0, 0, 0, 0], [0, 0, 0, 0, 0], [0, 0, 0, 0, 0]], "output": [[4, 4, 4, 4, 4, 4, 4, 4, 4], [4, 4, 4, 4, 4, 4, 4, 4, 4], [4, 4, 4, 4, 4, 4, 4, 4, 4], [4, 4, 4, 4, 4, 4, 4, 4, 4], [4, 4, 4, 4, 4, 4, 4, 4, 4], [4, 4, 4, 4, 4, 4, 4, 4, 4], [4, 4, 4, 4, 4, 4, 4, 4, 4], [4, 4, 4, 4, 4, 4, 4, 4, 4], [4, 4, 4, 4, 4, 4, 4, 4, 4]]}, {"input": [[0, 0, 0, 0, 0, 0, 0], [0, 0, 0, 0, 0, 0, 0], [0, 0, 0, 0, 0, 0, 0], [0, 0, 4, 4, 4, 0, 0], [0, 0, 4, 4, 4, 0, 0], [0, 0, 4, 4, 4, 0, 0], [0, 0, 0, 0, 0, 0, 0]], "output": [[4, 4, 4, 4, 4, 4, 4, 4, 4], [4, 4, 4, 4, 4, 4, 4, 4, 4], [4, 4, 4, 4, 4, 4, 4, 4, 4], [4, 4, 4, 4, 4, 4, 4, 4, 4], [4, 4, 4, 4, 4, 4, 4, 4, 4], [4, 4, 4, 4, 4, 4, 4, 4, 4], [4, 4, 4, 4, 4, 4, 4, 4, 4], [4, 4, 4, 4, 4, 4, 4, 4, 4], [4, 4, 4, 4, 4, 4, 4, 4, 4]]}, {"input": [[0, 0, 0, 0, 0, 0], [0, 0, 5, 5, 5, 0], [0, 0, 5, 5, 5, 0], [0, 0, 5, 5, 5, 0], [0, 0, 0, 0, 0, 0], [0, 0, 0, 0, 0, 0], [0, 0, 0, 0, 0, 0], [0, 0, 0, 0, 0, 0]], "output": [[5, 5, 5, 5, 5, 5, 5, 5, 5], [5, 5, 5, 5, 5, 5, 5, 5, 5], [5, 5, 5, 5, 5, 5, 5, 5, 5], [5, 5, 5, 5, 5, 5, 5, 5, 5], [5, 5, 5, 5, 5, 5, 5, 5, 5], [5, 5, 5, 5, 5, 5, 5, 5, 5], [5, 5, 5, 5, 5, 5, 5, 5, 5], [5, 5, 5, 5, 5, 5, 5, 5, 5], [5, 5, 5, 5, 5, 5, 5, 5, 5]]}]}