{"train": [{"input": [[0, 5, 5, 5, 5, 4, 4, 4, 4, 4, 0, 0, 0, 0, 0, 0, 4, 4, 4, 4, 7, 5, 7, 7], [5, 5, 0, 0, 5, 4, 0, 4, 4, 4, 0, 4, 4, 4, 4, 4, 4, 4, 0, 0, 7, 5, 7, 7], [5, 5, 0, 0, 5, 4, 4, 4, 4, 4, 4, 4, 4, 4, 4, 0, 4, 4, 0, 4, 7, 5, 7, 7], [5, 5, 0, 5, 5, 0, 0, 4, 4, 0, 4, 4, 4, 4, 4, 4, 4, 0, 4, 4, 7, 5, 0, 7], [5, 5, 5, 5, 5, 5, 5, 5, 5, 5, 5, 5, 5, 5, 5, 5, 5, 5, 5, 5, 5, 5, 5, 5], [2, 0, 2, 2, 5, 1, 1, 0, 0, 1, 1, 1, 0, 0, 0, 0, 0, 0, 1, 0, 0, 5, 3, 3], [2, 2, 2, 2, 5, 1, 0, 1, 0, 1, 1, 0, 0, 0, 1, 1, 0, 0, 1, 1, 0, 5, 0, 3], [0, 0, 2, 0, 5, 1, 0, 0, 1, 0, 1, 0, 1, 1, 1, 0, 0, 0, 1, 0, 3, 5, 3, 0], [2, 0, 0, 2, 5, 1, 0, 0, 0, 0, 1, 0, 0, 0, 0, 1, 0, 1, 0, 1, 3, 5, 0, 3], [2, 2, 2, 0, 5, 0, 1, 1, 0, 1, 0, 1, 0, 0, 0, 0, 1, 1, 1, 1, 3, 5, 0, 0], [2, 2, 2, 2, 5, 0, 1, 0, 1, 1, 0, 0, 0, 0, 0, 0, 1, 0, 0, 0, 0, 5, 0, 0], [2, 2, 2, 2, 5, 1, 0, 0, 0, 0, 1, 1, 0, 1, 1, 0, 0, 1, 0, 1, 0, 5, 0, 3], [2, 0, 2, 0, 5, 1, 1, 1, 0, 1, 0, 0, 0, 1, 0, 0, 1, 0, 0, 0, 0, 5, 0, 3], [0, 2, 2, 0, 5, 1, 1, 1, 0, 0, 1, 0, 0, 0, 1, 0, 0, 0, 1, 0, 3, 5, 0, 3], [2, 2, 2, 0, 5, 0, 1, 1, 0, 1, 0, 1, 0, 1, 0, 0, 0, 0, 0, 0, 0, 5, 0, 3], [0, 0, 2, 2, 5, 0, 0, 0, 1, 0, 1, 0, 1, 0, 0, 0, 1, 1, 1, 0, 0, 5, 0, 3], [0, 0, 2, 0, 5, 0, 1, 1, 0, 1, 0, 0, 0, 0, 0, 1, 1, 1, 1, 0, 0, 5, 3, 0], [0, 2, 2, 2, 5, 0, 0, 0, 1, 1, 0, 0, 0, 1, 1, 0, 1, 0, 0, 0, 0, 5, 3, 3], [2, 0, 2, 0, 5, 1, 0, 0, 1, 0, 1, 0, 0, 1, 0, 1, 1, 0, 1, 0, 3, 5, 0, 0], [2, 2, 0, 0, 5, 1, 0, 0, 0, 0, 0, 0, 0, 0, 0, 1, 0, 1, 1, 1, 0, 5, 0, 0], [5, 5, 5, 5, 5, 5, 5, 5, 5, 5, 5, 5, 5, 5, 5, 5, 5, 5, 5, 5, 5, 5, 5, 5], [0, 5, 0, 5, 5, 0, 4, 4, 0, 4, 4, 4, 4, 4, 4, 4, 4, 4, 4, 4, 0, 5, 0, 0], [0, 5, 5, 5, 5, 4, 0, 0, 4, 4, 0, 4, 4, 4, 4, 4, 4, 4, 4, 4, 0, 5, 6, 0], [5, 0, 0, 5, 5, 0, 4, 4, 4, 0, 4, 4, 4, 4, 4, 4, 4, 4, 4, 4, 0, 5, 0, 0]], "output": [[0, 5, 5, 5, 5, 4, 4, 4, 4, 4, 4, 4, 4, 4, 4, 4, 4, 4, 4, 4, 4, 5, 7, 7], [5, 5, 0, 0, 5, 4, 4, 4, 4, 4, 4, 4, 4, 4, 4, 4, 4, 4, 4, 4, 4, 5, 7, 7], [5, 5, 0, 0, 5, 4, 4, 4, 4, 4, 4, 4, 4, 4, 4, 4, 4, 4, 4, 4, 4, 5, 7, 7], [5, 5, 0, 5, 5, 4, 4, 4, 4, 4, 4, 4, 4, 4, 4, 4, 4, 4, 4, 4, 4, 5, 7, 7], [5, 5, 5, 5, 5, 5, 5, 5, 5, 5, 5, 5, 5, 5, 5, 5, 5, 5, 5, 5, 5, 5, 5, 5], [2, 2, 2, 2, 5, 1, 1, 1, 1, 1, 1, 1, 1, 1, 1, 1, 1, 1, 1, 1, 1, 5, 3, 3], [2, 2, 2, 2, 5, 1, 1, 1, 1, 1, 1, 1, 1, 1, 1, 1, 1, 1, 1, 1, 1, 5, 3, 3], [2, 2, 2, 2, 5, 1, 1, 1, 1, 1, 1, 1, 1, 1, 1, 1, 1, 1, 1, 1, 1, 5, 3, 3], [2, 2, 2, 2, 5, 1, 1, 1, 1, 1, 1, 1, 1, 1, 1, 1, 1, 1, 1, 1, 1, 5, 3, 3], [2, 2, 2, 2, 5, 1, 1, 1, 1, 1, 1, 1, 1, 1, 1, 1, 1, 1, 1, 1, 1, 5, 3, 3], [2, 2, 2, 2, 5, 1, 1, 1, 1, 1, 1, 1, 1, 1, 1, 1, 1, 1, 1, 1, 1, 5, 3, 3], [2, 2, 2, 2, 5, 1, 1, 1, 1, 1, 1, 1, 1, 1, 1, 1, 1, 1, 1, 1, 1, 5, 3, 3], [2, 2, 2, 2, 5, 1, 1, 1, 1, 1, 1, 1, 1, 1, 1, 1, 1, 1, 1, 1, 1, 5, 3, 3], [2, 2, 2, 2, 5, 1, 1, 1, 1, 1, 1, 1, 1, 1, 1, 1, 1, 1, 1, 1, 1, 5, 3, 3], [2, 2, 2, 2, 5, 1, 1, 1, 1, 1, 1, 1, 1, 1, 1, 1, 1, 1, 1, 1, 1, 5, 3, 3], [2, 2, 2, 2, 5, 1, 1, 1, 1, 1, 1, 1, 1, 1, 1, 1, 1, 1, 1, 1, 1, 5, 3, 3], [2, 2, 2, 2, 5, 1, 1, 1, 1, 1, 1, 1, 1, 1, 1, 1, 1, 1, 1, 1, 1, 5, 3, 3], [2, 2, 2, 2, 5, 1, 1, 1, 1, 1, 1, 1, 1, 1, 1, 1, 1, 1, 1, 1, 1, 5, 3, 3], [2, 2, 2, 2, 5, 1, 1, 1, 1, 1, 1, 1, 1, 1, 1, 1, 1, 1, 1, 1, 1, 5, 3, 3], [2, 2, 2, 2, 5, 1, 1, 1, 1, 1, 1, 1, 1, 1, 1, 1, 1, 1, 1, 1, 1, 5, 3, 3], [5, 5, 5, 5, 5, 5, 5, 5, 5, 5, 5, 5, 5, 5, 5, 5, 5, 5, 5, 5, 5, 5, 5, 5], [0, 5, 0, 5, 5, 4, 4, 4, 4, 4, 4, 4, 4, 4, 4, 4, 4, 4, 4, 4, 4, 5, 6, 6], [0, 5, 5, 5, 5, 4, 4, 4, 4, 4, 4, 4, 4, 4, 4, 4, 4, 4, 4, 4, 4, 5, 6, 6], [5, 0, 0, 5, 5, 4, 4, 4, 4, 4, 4, 4, 4, 4, 4, 4, 4, 4, 4, 4, 4, 5, 6, 6]]}, {"input": [[1, 1, 5, 5, 5, 0, 5, 5, 5, 0, 0, 0, 5, 0, 0, 0, 0, 0, 0, 0, 0, 0, 0, 0, 0, 0], [0, 1, 0, 5, 5, 5, 5, 0, 5, 5, 0, 0, 5, 0, 0, 2, 0, 0, 0, 0, 0, 0, 0, 0, 0, 0], [5, 5, 5, 5, 5, 5, 5, 5, 5, 5, 5, 5, 5, 5, 5, 5, 5, 5, 5, 5, 5, 5, 5, 5, 5, 5], [1, 1, 5, 5, 5, 5, 5, 5, 5, 5, 2, 0, 5, 0, 0, 0, 0, 0, 0, 3, 0, 0, 0, 0, 0, 0], [1, 1, 5, 5, 5, 5, 0, 5, 5, 0, 0, 2, 5, 0, 0, 2, 0, 0, 0, 0, 0, 0, 0, 0, 0, 0], [1, 1, 5, 5, 5, 5, 0, 5, 5, 5, 0, 0, 5, 0, 0, 0, 0, 0, 3, 0, 3, 0, 0, 0, 0, 0], [0, 1, 5, 5, 0, 5, 5, 0, 0, 5, 0, 0, 5, 0, 0, 0, 0, 2, 3, 0, 0, 0, 0, 0, 0, 0], [1, 1, 5, 0, 5, 5, 5, 0, 0, 5, 0, 0, 5, 0, 0, 0, 0, 0, 0, 3, 0, 0, 0, 0, 0, 0], [1, 1, 5, 5, 5, 5, 0, 5, 5, 5, 0, 0, 5, 0, 0, 0, 0, 0, 0, 0, 0, 0, 0, 0, 0, 0], [1, 1, 5, 5, 0, 5, 0, 0, 5, 0, 0, 0, 5, 0, 2, 0, 0, 0, 0, 0, 0, 0, 0, 0, 0, 0], [5, 5, 5, 5, 5, 5, 5, 5, 5, 5, 5, 5, 5, 5, 5, 5, 5, 5, 5, 5, 5, 5, 5, 5, 5, 5], [1, 0, 0, 5, 0, 0, 0, 5, 0, 5, 0, 0, 5, 0, 0, 0, 0, 0, 3, 3, 0, 0, 0, 0, 0, 0], [0, 6, 2, 2, 2, 2, 0, 2, 2, 2, 1, 1, 5, 1, 1, 1, 1, 1, 5, 0, 0, 0, 0, 0, 0, 0], [0, 0, 0, 2, 2, 2, 2, 2, 2, 2, 1, 1, 5, 1, 1, 1, 1, 1, 5, 5, 0, 0, 0, 0, 0, 0], [0, 0, 2, 2, 0, 0, 2, 0, 2, 2, 1, 1, 5, 1, 1, 1, 1, 1, 5, 5, 5, 0, 0, 0, 0, 0], [0, 0, 0, 0, 0, 0, 2, 2, 0, 2, 1, 0, 5, 1, 1, 1, 1, 1, 0, 5, 0, 0, 0, 0, 0, 0], [0, 0, 2, 2, 2, 2, 2, 2, 2, 2, 1, 0, 5, 1, 1, 1, 1, 1, 5, 0, 5, 0, 0, 0, 0, 0], [6, 0, 0, 0, 2, 2, 2, 0, 2, 2, 1, 1, 5, 1, 1, 1, 1, 1, 5, 0, 0, 0, 0, 0, 0, 0], [5, 5, 5, 5, 5, 5, 5, 5, 5, 5, 5, 5, 5, 5, 5, 5, 5, 5, 5, 5, 5, 5, 5, 5, 5, 5], [6, 0, 0, 2, 2, 2, 2, 2, 2, 0, 1, 1, 5, 0, 0, 1, 1, 1, 5, 5, 5, 0, 0, 0, 0, 0], [0, 0, 2, 2, 0, 2, 0, 2, 2, 2, 1, 1, 5, 1, 1, 0, 1, 1, 0, 0, 5, 0, 0, 0, 0, 0]], "output": [[1, 1, 5, 5, 5, 0, 5, 5, 5, 0, 0, 0, 5, 2, 2, 2, 2, 2, 2, 2, 2, 2, 2, 2, 2, 2], [1, 1, 1, 5, 5, 5, 5, 0, 5, 5, 0, 0, 5, 2, 2, 2, 2, 2, 2, 2, 2, 2, 2, 2, 2, 2], [5, 5, 5, 5, 5, 5, 5, 5, 5, 5, 5, 5, 5, 5, 5, 5, 5, 5, 5, 5, 5, 5, 5, 5, 5, 5], [1, 1, 5, 5, 5, 5, 5, 5, 5, 5, 2, 2, 5, 3, 3, 3, 3, 3, 3, 3, 3, 3, 3, 3, 3, 3], [1, 1, 5, 5, 5, 5, 0, 5, 5, 2, 2, 2, 5, 3, 3, 3, 3, 3, 3, 3, 3, 3, 3, 3, 3, 3], [1, 1, 5, 5, 5, 5, 0, 5, 5, 5, 2, 2, 5, 3, 3, 3, 3, 3, 3, 3, 3, 3, 3, 3, 3, 3], [1, 1, 5, 5, 0, 5, 5, 0, 0, 5, 2, 2, 5, 3, 3, 3, 3, 3, 3, 3, 3, 3, 3, 3, 3, 3], [1, 1, 5, 0, 5, 5, 5, 0, 0, 5, 2, 2, 5, 3, 3, 3, 3, 3, 3, 3, 3, 3, 3, 3, 3, 3], [1, 1, 5, 5, 5, 5, 0, 5, 5, 5, 2, 2, 5, 3, 3, 3, 3, 3, 3, 3, 3, 3, 3, 3, 3, 3], [1, 1, 5, 5, 0, 5, 0, 0, 5, 2, 2, 2, 5, 3, 3, 3, 3, 3, 3, 3, 3, 3, 3, 3, 3, 3], [5, 5, 5, 5, 5, 5, 5, 5, 5, 5, 5, 5, 5, 5, 5, 5, 5, 5, 5, 5, 5, 5, 5, 5, 5, 5], [2, 2, 2, 5, 2, 2, 2, 5, 2, 5, 2, 2, 5, 1, 1, 1, 1, 1, 1, 1, 1, 1, 1, 1, 1, 1], [2, 2, 2, 2, 2, 2, 2, 2, 2, 2, 2, 2, 5, 1, 1, 1, 1, 1, 5, 1, 1, 1, 1, 1, 1, 1], [2, 2, 2, 2, 2, 2, 2, 2, 2, 2, 2, 2, 5, 1, 1, 1, 1, 1, 5, 5, 1, 1, 1, 1, 1, 1], [2, 2, 2, 2, 2, 2, 2, 2, 2, 2, 2, 2, 5, 1, 1, 1, 1, 1, 5, 5, 5, 1, 1, 1, 1, 1], [2, 2, 2, 2, 2, 2, 2, 2, 2, 2, 2, 2, 5, 1, 1, 1, 1, 1, 1, 5, 1, 1, 1, 1, 1, 1], [2, 2, 2, 2, 2, 2, 2, 2, 2, 2, 2, 2, 5, 1, 1, 1, 1, 1, 5, 1, 5, 1, 1, 1, 1, 1], [2, 2, 2, 2, 2, 2, 2, 2, 2, 2, 2, 2, 5, 1, 1, 1, 1, 1, 5, 1, 1, 1, 1, 1, 1, 1], [5, 5, 5, 5, 5, 5, 5, 5, 5, 5, 5, 5, 5, 5, 5, 5, 5, 5, 5, 5, 5, 5, 5, 5, 5, 5], [2, 2, 2, 2, 2, 2, 2, 2, 2, 2, 2, 2, 5, 1, 1, 1, 1, 1, 5, 5, 5, 0, 0, 0, 0, 0], [2, 2, 2, 2, 2, 2, 2, 2, 2, 2, 2, 2, 5, 1, 1, 1, 1, 1, 1, 1, 5, 0, 0, 0, 0, 0]]}, {"input": [[0, 0, 0, 0, 9, 5, 9, 9, 9, 9, 9, 9, 0, 5, 0, 5, 5, 0, 5, 0, 5, 5, 0, 0, 5, 5], [0, 9, 9, 0, 9, 5, 9, 9, 9, 9, 9, 9, 9, 5, 5, 5, 5, 0, 0, 0, 5, 0, 5, 5, 5, 5], [9, 9, 9, 9, 9, 5, 0, 9, 9, 9, 9, 9, 9, 0, 5, 5, 5, 0, 0, 5, 0, 0, 5, 0, 5, 0], [0, 9, 0, 9, 9, 5, 9, 9, 9, 9, 9, 0, 9, 0, 5, 5, 0, 5, 0, 5, 0, 0, 0, 5, 5, 5], [0, 9, 0, 9, 9, 5, 0, 9, 9, 9, 9, 9, 9, 0, 0, 5, 5, 5, 5, 5, 5, 5, 5, 5, 0, 0], [5, 5, 5, 5, 5, 5, 0, 5, 5, 5, 5, 5, 5, 0, 0, 5, 0, 0, 0, 0, 0, 0, 0, 0, 0, 0], [5, 0, 5, 5, 5, 5, 0, 5, 0, 5, 0, 0, 5, 0, 0, 5, 0, 0, 0, 0, 0, 0, 0, 0, 0, 0], [0, 0, 0, 5, 5, 5, 5, 5, 5, 5, 5, 5, 0, 0, 0, 5, 0, 0, 0, 0, 0, 0, 0, 0, 0, 0], [5, 5, 5, 5, 0, 5, 5, 5, 5, 0, 5, 5, 0, 0, 0, 5, 0, 0, 0, 0, 0, 0, 0, 0, 0, 0], [5, 5, 5, 5, 5, 5, 0, 0, 5, 0, 5, 5, 0, 0, 0, 5, 0, 0, 0, 0, 0, 0, 0, 0, 0, 0], [5, 5, 5, 5, 0, 5, 5, 0, 5, 5, 5, 0, 0, 0, 0, 5, 0, 0, 0, 0, 2, 0, 0, 0, 0, 0], [5, 0, 0, 5, 5, 5, 0, 5, 0, 5, 0, 5, 5, 0, 2, 5, 0, 2, 0, 0, 0, 0, 0, 0, 0, 0], [5, 5, 5, 5, 5, 5, 5, 5, 0, 5, 5, 5, 0, 0, 0, 5, 0, 0, 0, 0, 0, 0, 0, 0, 0, 0], [5, 5, 5, 5, 5, 5, 5, 5, 5, 5, 5, 5, 5, 5, 5, 5, 5, 5, 5, 5, 5, 5, 5, 5, 5, 5], [5, 0, 0, 5, 5, 5, 5, 0, 5, 0, 5, 5, 0, 0, 0, 5, 2, 0, 0, 2, 0, 0, 0, 2, 0, 0], [0, 3, 0, 3, 3, 5, 0, 0, 0, 0, 0, 3, 0, 0, 0, 5, 0, 9, 9, 9, 0, 0, 0, 9, 0, 0], [0, 0, 0, 0, 0, 5, 0, 0, 0, 0, 3, 0, 3, 0, 9, 5, 0, 9, 9, 9, 9, 9, 9, 0, 9, 9], [0, 3, 0, 0, 0, 5, 0, 0, 0, 0, 0, 0, 0, 0, 9, 5, 0, 9, 0, 9, 9, 9, 9, 9, 0, 0], [0, 3, 3, 0, 0, 5, 0, 0, 3, 0, 0, 0, 0, 9, 0, 5, 0, 9, 9, 9, 9, 9, 9, 0, 0, 9], [0, 0, 0, 0, 0, 5, 3, 0, 3, 3, 0, 3, 0, 9, 9, 5, 0, 9, 0, 9, 9, 0, 0, 0, 9, 9], [0, 0, 0, 0, 3, 5, 3, 0, 0, 0, 0, 3, 0, 9, 9, 5, 0, 9, 0, 9, 9, 0, 9, 9, 9, 9], [0, 0, 3, 3, 3, 5, 0, 0, 0, 0, 0, 3, 0, 9, 0, 5, 9, 9, 0, 9, 9, 9, 9, 9, 9, 9], [0, 0, 0, 0, 0, 5, 0, 0, 3, 0, 0, 3, 0, 9, 9, 5, 9, 9, 0, 9, 9, 0, 9, 9, 9, 9], [0, 0, 0, 3, 0, 5, 0, 0, 0, 0, 0, 0, 0, 0, 9, 5, 9, 9, 9, 9, 9, 9, 0, 9, 9, 0], [3, 0, 0, 0, 3, 5, 0, 0, 0, 0, 0, 0, 0, 0, 9, 5, 9, 9, 0, 9, 0, 0, 9, 9, 0, 0], [0, 0, 0, 0, 0, 5, 0, 3, 0, 0, 0, 0, 0, 9, 9, 5, 9, 9, 9, 9, 9, 0, 9, 0, 0, 0]], "output": [[9, 9, 9, 9, 9, 5, 9, 9, 9, 9, 9, 9, 9, 5, 0, 5, 5, 0, 5, 0, 5, 5, 0, 0, 5, 5], [9, 9, 9, 9, 9, 5, 9, 9, 9, 9, 9, 9, 9, 5, 5, 5, 5, 0, 0, 0, 5, 0, 5, 5, 5, 5], [9, 9, 9, 9, 9, 5, 9, 9, 9, 9, 9, 9, 9, 9, 5, 5, 5, 0, 0, 5, 0, 0, 5, 0, 5, 0], [9, 9, 9, 9, 9, 5, 9, 9, 9, 9, 9, 9, 9, 9, 5, 5, 0, 5, 0, 5, 0, 0, 0, 5, 5, 5], [9, 9, 9, 9, 9, 5, 9, 9, 9, 9, 9, 9, 9, 9, 9, 5, 5, 5, 5, 5, 5, 5, 5, 5, 2, 2], [5, 5, 5, 5, 5, 5, 9, 5, 5, 5, 5, 5, 5, 9, 9, 5, 2, 2, 2, 2, 2, 2, 2, 2, 2, 2], [5, 0, 5, 5, 5, 5, 9, 5, 0, 5, 0, 0, 5, 9, 9, 5, 2, 2, 2, 2, 2, 2, 2, 2, 2, 2], [0, 0, 0, 5, 5, 5, 5, 5, 5, 5, 5, 5, 9, 9, 9, 5, 2, 2, 2, 2, 2, 2, 2, 2, 2, 2], [5, 5, 5, 5, 0, 5, 5, 5, 5, 0, 5, 5, 9, 9, 9, 5, 2, 2, 2, 2, 2, 2, 2, 2, 2, 2], [5, 5, 5, 5, 5, 5, 0, 0, 5, 0, 5, 5, 9, 9, 9, 5, 2, 2, 2, 2, 2, 2, 2, 2, 2, 2], [5, 5, 5, 5, 0, 5, 5, 0, 5, 5, 5, 9, 9, 9, 9, 5, 2, 2, 2, 2, 2, 2, 2, 2, 2, 2], [5, 0, 0, 5, 5, 5, 0, 5, 0, 5, 0, 5, 5, 9, 9, 5, 2, 2, 2, 2, 2, 2, 2, 2, 2, 2], [5, 5, 5, 5, 5, 5, 5, 5, 0, 5, 5, 5, 9, 9, 9, 5, 2, 2, 2, 2, 2, 2, 2, 2, 2, 2], [5, 5, 5, 5, 5, 5, 5, 5, 5, 5, 5, 5, 5, 5, 5, 5, 5, 5, 5, 5, 5, 5, 5, 5, 5, 5], [5, 3, 3, 5, 5, 5, 5, 3, 5, 3, 5, 5, 3, 3, 3, 5, 9, 9, 9, 9, 9, 9, 9, 9, 9, 9], [3, 3, 3, 3, 3, 5, 3, 3, 3, 3, 3, 3, 3, 3, 3, 5, 9, 9, 9, 9, 9, 9, 9, 9, 9, 9], [3, 3, 3, 3, 3, 5, 3, 3, 3, 3, 3, 3, 3, 3, 3, 5, 9, 9, 9, 9, 9, 9, 9, 9, 9, 9], [3, 3, 3, 3, 3, 5, 3, 3, 3, 3, 3, 3, 3, 3, 3, 5, 9, 9, 9, 9, 9, 9, 9, 9, 9, 9], [3, 3, 3, 3, 3, 5, 3, 3, 3, 3, 3, 3, 3, 3, 3, 5, 9, 9, 9, 9, 9, 9, 9, 9, 9, 9], [3, 3, 3, 3, 3, 5, 3, 3, 3, 3, 3, 3, 3, 3, 3, 5, 9, 9, 9, 9, 9, 9, 9, 9, 9, 9], [3, 3, 3, 3, 3, 5, 3, 3, 3, 3, 3, 3, 3, 3, 3, 5, 9, 9, 9, 9, 9, 9, 9, 9, 9, 9], [3, 3, 3, 3, 3, 5, 3, 3, 3, 3, 3, 3, 3, 3, 3, 5, 9, 9, 9, 9, 9, 9, 9, 9, 9, 9], [3, 3, 3, 3, 3, 5, 3, 3, 3, 3, 3, 3, 3, 3, 3, 5, 9, 9, 9, 9, 9, 9, 9, 9, 9, 9], [3, 3, 3, 3, 3, 5, 3, 3, 3, 3, 3, 3, 3, 3, 3, 5, 9, 9, 9, 9, 9, 9, 9, 9, 9, 9], [3, 3, 3, 3, 3, 5, 3, 3, 3, 3, 3, 3, 3, 3, 3, 5, 9, 9, 9, 9, 9, 9, 9, 9, 9, 9], [3, 3, 3, 3, 3, 5, 3, 3, 3, 3, 3, 3, 3, 3, 3, 5, 9, 9, 9, 9, 9, 9, 9, 9, 9, 9]]}], "test": [{"input": [[6, 6, 0, 0, 0, 0, 5, 0, 0, 0, 5, 0, 0, 0, 0, 0, 0, 0, 0, 5, 0, 0], [6, 6, 0, 0, 6, 0, 5, 0, 5, 0, 0, 5, 0, 0, 0, 0, 0, 0, 0, 0, 0, 0], [5, 5, 5, 5, 5, 5, 5, 5, 5, 5, 5, 5, 5, 5, 5, 5, 5, 5, 5, 5, 5, 5], [6, 6, 0, 6, 6, 0, 5, 0, 0, 0, 5, 0, 0, 0, 0, 0, 0, 0, 0, 0, 5, 0], [0, 6, 0, 0, 0, 0, 5, 0, 0, 0, 0, 0, 5, 0, 0, 0, 0, 5, 0, 0, 0, 0], [5, 5, 5, 5, 5, 5, 5, 5, 5, 5, 5, 5, 5, 5, 5, 5, 5, 5, 5, 5, 5, 5], [2, 2, 0, 0, 5, 0, 5, 2, 0, 2, 0, 2, 0, 0, 0, 0, 2, 0, 2, 0, 2, 0], [2, 2, 0, 0, 0, 0, 5, 0, 0, 2, 2, 0, 0, 0, 2, 0, 2, 0, 0, 0, 0, 2], [2, 2, 0, 0, 0, 2, 5, 2, 0, 0, 2, 0, 0, 0, 2, 0, 0, 0, 0, 0, 0, 2], [0, 0, 0, 0, 0, 0, 5, 0, 2, 0, 0, 0, 2, 0, 0, 0, 2, 0, 0, 0, 2, 2], [0, 2, 0, 0, 0, 0, 5, 2, 0, 0, 0, 0, 0, 0, 2, 0, 0, 2, 2, 0, 2, 0], [2, 2, 0, 0, 0, 2, 5, 2, 2, 0, 0, 0, 0, 0, 0, 0, 0, 0, 0, 0, 0, 0], [2, 2, 0, 0, 0, 0, 5, 2, 2, 0, 2, 0, 0, 2, 0, 0, 2, 0, 0, 2, 0, 0], [2, 2, 5, 0, 5, 2, 5, 0, 0, 2, 2, 0, 0, 0, 0, 0, 0, 0, 0, 0, 2, 0], [2, 0, 0, 0, 0, 0, 5, 0, 2, 0, 2, 0, 0, 0, 0, 0, 0, 0, 0, 0, 0, 2], [2, 2, 0, 5, 0, 0, 5, 0, 0, 0, 2, 0, 0, 0, 0, 0, 0, 2, 0, 0, 2, 0], [2, 0, 5, 0, 5, 2, 5, 0, 0, 2, 2, 2, 0, 0, 0, 0, 2, 0, 0, 0, 0, 0], [2, 2, 5, 0, 5, 0, 5, 0, 0, 0, 2, 0, 0, 2, 0, 2, 2, 0, 0, 0, 0, 0], [2, 2, 5, 5, 5, 0, 5, 0, 0, 0, 2, 0, 0, 2, 0, 0, 0, 2, 0, 0, 2, 0], [2, 2, 5, 0, 5, 0, 5, 2, 0, 0, 0, 2, 2, 0, 0, 0, 0, 0, 0, 0, 0, 2], [2, 2, 0, 0, 5, 0, 5, 0, 0, 0, 2, 0, 0, 0, 0, 0, 0, 0, 0, 0, 0, 0], [2, 2, 0, 0, 5, 0, 5, 2, 0, 0, 0, 0, 2, 0, 2, 2, 0, 0, 0, 0, 2, 0]], "output": [[6, 6, 6, 6, 6, 6, 5, 0, 0, 0, 5, 0, 0, 0, 0, 0, 0, 0, 0, 5, 0, 0], [6, 6, 6, 6, 6, 6, 5, 0, 5, 0, 0, 5, 0, 0, 0, 0, 0, 0, 0, 0, 0, 0], [5, 5, 5, 5, 5, 5, 5, 5, 5, 5, 5, 5, 5, 5, 5, 5, 5, 5, 5, 5, 5, 5], [6, 6, 6, 6, 6, 6, 5, 0, 0, 0, 5, 0, 0, 0, 0, 0, 0, 0, 0, 0, 5, 0], [6, 6, 6, 6, 6, 6, 5, 0, 0, 0, 0, 0, 5, 0, 0, 0, 0, 5, 0, 0, 0, 0], [5, 5, 5, 5, 5, 5, 5, 5, 5, 5, 5, 5, 5, 5, 5, 5, 5, 5, 5, 5, 5, 5], [2, 2, 2, 2, 5, 2, 5, 2, 2, 2, 2, 2, 2, 2, 2, 2, 2, 2, 2, 2, 2, 2], [2, 2, 2, 2, 2, 2, 5, 2, 2, 2, 2, 2, 2, 2, 2, 2, 2, 2, 2, 2, 2, 2], [2, 2, 2, 2, 2, 2, 5, 2, 2, 2, 2, 2, 2, 2, 2, 2, 2, 2, 2, 2, 2, 2], [2, 2, 2, 2, 2, 2, 5, 2, 2, 2, 2, 2, 2, 2, 2, 2, 2, 2, 2, 2, 2, 2], [2, 2, 2, 2, 2, 2, 5, 2, 2, 2, 2, 2, 2, 2, 2, 2, 2, 2, 2, 2, 2, 2], [2, 2, 2, 2, 2, 2, 5, 2, 2, 2, 2, 2, 2, 2, 2, 2, 2, 2, 2, 2, 2, 2], [2, 2, 2, 2, 2, 2, 5, 2, 2, 2, 2, 2, 2, 2, 2, 2, 2, 2, 2, 2, 2, 2], [2, 2, 5, 2, 5, 2, 5, 2, 2, 2, 2, 2, 2, 2, 2, 2, 2, 2, 2, 2, 2, 2], [2, 2, 2, 2, 2, 2, 5, 2, 2, 2, 2, 2, 2, 2, 2, 2, 2, 2, 2, 2, 2, 2], [2, 2, 2, 5, 2, 2, 5, 2, 2, 2, 2, 2, 2, 2, 2, 2, 2, 2, 2, 2, 2, 2], [2, 2, 5, 0, 5, 2, 5, 2, 2, 2, 2, 2, 2, 2, 2, 2, 2, 2, 2, 2, 2, 2], [2, 2, 5, 0, 5, 2, 5, 2, 2, 2, 2, 2, 2, 2, 2, 2, 2, 2, 2, 2, 2, 2], [2, 2, 5, 5, 5, 2, 5, 2, 2, 2, 2, 2, 2, 2, 2, 2, 2, 2, 2, 2, 2, 2], [2, 2, 5, 2, 5, 2, 5, 2, 2, 2, 2, 2, 2, 2, 2, 2, 2, 2, 2, 2, 2, 2], [2, 2, 2, 2, 5, 2, 5, 2, 2, 2, 2, 2, 2, 2, 2, 2, 2, 2, 2, 2, 2, 2], [2, 2, 2, 2, 5, 2, 5, 2, 2, 2, 2, 2, 2, 2, 2, 2, 2, 2, 2, 2, 2, 2]]}]}