{"train": [{"input": [[7, 0, 5, 0, 0, 0, 0, 0, 0, 0, 0, 0], [8, 0, 5, 7, 0, 1, 0, 0, 0, 0, 0, 0], [7, 0, 5, 1, 0, 5, 0, 0, 0, 0, 5, 0], [7, 8, 8, 8, 0, 8, 0, 0, 0, 0, 7, 0], [5, 7, 7, 5, 5, 7, 0, 0, 1, 0, 8, 0], [7, 1, 8, 8, 5, 7, 7, 1, 8, 0, 7, 1], [7, 1, 7, 5, 1, 7, 7, 7, 8, 0, 1, 1], [8, 7, 5, 5, 8, 7, 7, 1, 8, 8, 1, 8]], "output": [[8, 7, 5, 5, 8, 7, 7, 1, 8, 8, 1, 8]]}, {"input": [[0, 0, 0, 0, 0, 5, 0, 0, 0, 0], [0, 7, 0, 0, 0, 5, 0, 0, 6, 8], [7, 7, 7, 0, 0, 5, 0, 0, 5, 8], [8, 6, 7, 6, 0, 8, 0, 0, 7, 5], [5, 7, 5, 6, 0, 7, 0, 5, 6, 7], [7, 6, 5, 6, 0, 5, 5, 6, 7, 6], [8, 8, 7, 6, 8, 7, 6, 5, 6, 5]], "output": [[8, 8, 7, 6, 8, 7, 6, 5, 6, 5]]}, {"input": [[0, 0, 0, 0, 0, 0, 0, 0, 0, 6, 0], [0, 1, 0, 0, 0, 1, 0, 0, 1, 1, 1], [0, 1, 0, 0, 0, 6, 0, 0, 1, 6, 6], [0, 1, 0, 6, 0, 1, 1, 0, 1, 6, 6], [1, 6, 0, 6, 6, 6, 1, 0, 1, 1, 1], [6, 6, 0, 6, 6, 6, 1, 6, 6, 6, 1], [6, 1, 1, 6, 1, 6, 1, 1, 6, 1, 6]], "output": [[6, 1, 1, 6, 1, 6, 1, 1, 6, 1, 6]]}, {"input": [[9, 0, 0, 0, 0, 0, 0, 4, 0], [4, 0, 0, 0, 0, 0, 0, 4, 0], [4, 1, 9, 0, 4, 0, 1, 4, 0], [9, 4, 4, 4, 9, 0, 4, 4, 0], [4, 1, 9, 1, 9, 0, 9, 4, 0], [9, 4, 4, 9, 1, 0, 9, 9, 0], [4, 9, 4, 4, 4, 4, 9, 4, 0], [9, 9, 9, 9, 1, 1, 1, 9, 9], [4, 9, 9, 9, 1, 4, 4, 9, 1]], "output": [[4, 9, 9, 9, 1, 4, 4, 9, 1]]}, {"input": [[0, 0, 0, 0, 0, 0, 0, 0, 9], [0, 0, 0, 0, 0, 0, 6, 6, 9], [0, 0, 0, 0, 0, 0, 9, 9, 6], [0, 0, 0, 0, 0, 0, 6, 9, 6], [0, 0, 0, 0, 0, 0, 6, 6, 9], [0, 0, 0, 0, 0, 9, 6, 9, 6], [6, 0, 0, 0, 0, 9, 6, 6, 9], [9, 0, 6, 6, 0, 6, 9, 6, 6], [6, 0, 6, 6, 0, 6, 9, 6, 6], [9, 6, 6, 6, 9, 6, 9, 9, 9], [6, 6, 6, 9, 6, 6, 9, 9, 9], [6, 6, 9, 9, 9, 6, 6, 6, 9]], "output": [[6, 6, 9, 9, 9, 6, 6, 6, 9]]}, {"input": [[0, 0, 0, 0, 0, 0, 0, 0, 0, 0], [0, 0, 0, 0, 0, 0, 0, 0, 0, 0], [0, 0, 0, 0, 0, 0, 0, 0, 0, 0], [0, 3, 0, 0, 3, 0, 7, 0, 0, 3], [0, 3, 0, 0, 7, 0, 3, 0, 0, 7], [0, 3, 0, 0, 3, 0, 7, 0, 3, 3], [0, 3, 0, 3, 7, 0, 3, 0, 7, 7], [0, 7, 0, 3, 7, 0, 7, 0, 7, 3], [0, 3, 0, 7, 3, 0, 7, 0, 3, 7], [0, 7, 0, 7, 3, 3, 7, 0, 3, 3], [0, 3, 0, 7, 7, 3, 7, 3, 3, 3], [0, 3, 0, 7, 7, 7, 7, 7, 3, 3], [7, 7, 7, 3, 7, 7, 3, 3, 7, 7], [3, 7, 3, 7, 3, 7, 3, 7, 3, 3]], "output": [[3, 7, 3, 7, 3, 7, 3, 7, 3, 3]]}, {"input": [[0, 0, 0, 0, 0, 0, 0, 0, 0, 0, 0], [0, 0, 0, 4, 0, 0, 0, 0, 0, 4, 0], [5, 5, 4, 5, 0, 0, 0, 0, 0, 4, 0], [5, 4, 4, 5, 0, 4, 0, 0, 0, 4, 4], [5, 4, 4, 5, 0, 4, 0, 0, 5, 4, 5], [4, 4, 4, 4, 5, 4, 4, 5, 5, 4, 5]], "output": [[4, 4, 4, 4, 5, 4, 4, 5, 5, 4, 5]]}, {"input": [[3, 0, 0, 0, 0, 0, 0, 0, 0, 0, 3, 0, 0], [9, 0, 0, 0, 0, 0, 0, 0, 3, 0, 2, 0, 0], [2, 0, 0, 0, 0, 0, 0, 0, 3, 0, 9, 0, 9], [2, 0, 0, 9, 2, 0, 0, 0, 3, 9, 9, 0, 3], [9, 0, 0, 1, 9, 0, 0, 0, 2, 1, 1, 0, 2], [1, 0, 0, 2, 9, 0, 0, 0, 9, 2, 1, 0, 9], [2, 0, 0, 3, 3, 1, 0, 2, 2, 2, 2, 0, 2], [9, 0, 0, 1, 1, 2, 1, 2, 2, 1, 3, 0, 1], [1, 0, 1, 3, 1, 9, 1, 9, 1, 3, 3, 1, 3], [2, 0, 1, 3, 2, 1, 1, 1, 3, 1, 9, 2, 2], [1, 0, 9, 3, 3, 3, 3, 2, 1, 3, 3, 1, 1], [9, 0, 1, 3, 2, 9, 9, 1, 1, 3, 3, 9, 9], [9, 2, 2, 1, 2, 2, 1, 9, 1, 2, 3, 9, 2]], "output": [[9, 2, 2, 1, 2, 2, 1, 9, 1, 2, 3, 9, 2]]}, {"input": [[0, 0, 0, 9, 0, 0, 0], [0, 9, 0, 9, 0, 0, 8], [7, 9, 0, 7, 0, 0, 7], [8, 9, 0, 8, 0, 0, 8], [9, 9, 0, 7, 7, 0, 9], [8, 9, 7, 8, 8, 7, 8], [8, 9, 8, 7, 7, 9, 7], [9, 9, 7, 7, 7, 9, 7], [9, 7, 7, 7, 7, 8, 8], [9, 9, 9, 9, 7, 9, 7]], "output": [[9, 9, 9, 9, 7, 9, 7]]}, {"input": [[0, 0, 0, 0, 0, 0], [0, 9, 0, 0, 0, 0], [0, 1, 4, 0, 0, 0], [0, 1, 4, 0, 0, 0], [0, 4, 9, 0, 0, 0], [0, 1, 4, 0, 0, 0], [0, 4, 1, 0, 9, 4], [0, 1, 9, 0, 9, 4], [9, 4, 1, 4, 1, 1]], "output": [[9, 4, 1, 4, 1, 1]]}, {"input": [[0, 0, 0, 0, 0, 0], [0, 0, 0, 0, 0, 0], [0, 0, 0, 0, 0, 0], [0, 0, 0, 0, 0, 0], [8, 8, 0, 0, 0, 0], [2, 6, 0, 0, 0, 0], [2, 3, 0, 0, 8, 0], [2, 2, 0, 0, 3, 0], [8, 3, 0, 0, 2, 0], [3, 8, 0, 0, 6, 0], [2, 3, 0, 0, 2, 8], [8, 8, 3, 0, 2, 8], [8, 8, 8, 0, 3, 6], [6, 8, 2, 3, 3, 6]], "output": [[6, 8, 2, 3, 3, 6]]}, {"input": [[0, 0, 0, 0, 0, 7, 7, 5, 0, 0, 0, 0, 7, 0], [0, 7, 0, 0, 0, 6, 7, 6, 0, 9, 0, 7, 9, 0], [0, 5, 0, 0, 0, 6, 5, 5, 0, 5, 0, 7, 9, 0], [6, 6, 9, 7, 0, 7, 6, 5, 5, 9, 0, 6, 5, 6], [5, 6, 7, 5, 9, 9, 7, 7, 9, 7, 0, 5, 9, 9], [6, 5, 5, 9, 6, 6, 9, 7, 5, 7, 9, 7, 6, 9]], "output": [[6, 5, 5, 9, 6, 6, 9, 7, 5, 7, 9, 7, 6, 9]]}, {"input": [[0, 0, 0, 0, 0, 0, 4], [0, 0, 0, 0, 0, 0, 4], [2, 0, 2, 4, 0, 0, 4], [4, 0, 4, 4, 2, 0, 2], [4, 2, 4, 4, 2, 4, 4]], "output": [[4, 2, 4, 4, 2, 4, 4]]}, {"input": [[0, 0, 0, 0, 0, 0], [0, 0, 6, 0, 0, 6], [0, 0, 2, 0, 0, 6], [0, 0, 1, 0, 0, 6], [0, 1, 6, 0, 0, 6], [0, 1, 2, 0, 0, 6], [0, 6, 6, 0, 0, 1], [0, 6, 1, 0, 0, 1], [1, 2, 1, 0, 0, 8], [2, 6, 1, 0, 2, 2], [8, 8, 2, 0, 8, 2], [6, 2, 1, 1, 6, 8], [8, 1, 8, 1, 1, 6], [8, 1, 1, 1, 1, 6]], "output": [[8, 1, 1, 1, 1, 6]]}, {"input": [[0, 0, 0, 0, 0, 0, 2, 3, 0, 0, 0, 0, 0], [0, 0, 0, 0, 0, 0, 2, 2, 0, 0, 0, 3, 0], [2, 0, 0, 0, 0, 2, 3, 2, 0, 0, 0, 3, 0], [3, 3, 0, 0, 2, 2, 2, 3, 0, 0, 0, 3, 0], [3, 2, 0, 2, 3, 2, 2, 3, 0, 0, 3, 2, 2], [3, 2, 2, 3, 2, 3, 2, 2, 3, 3, 3, 2, 3]], "output": [[3, 2, 2, 3, 2, 3, 2, 2, 3, 3, 3, 2, 3]]}, {"input": [[0, 0, 0, 0, 0, 0], [3, 0, 0, 0, 0, 3], [3, 0, 0, 0, 0, 3], [3, 0, 9, 0, 0, 3], [3, 0, 9, 0, 0, 9], [9, 0, 9, 0, 0, 3], [9, 0, 9, 0, 0, 3], [9, 0, 3, 0, 0, 9], [3, 3, 9, 0, 0, 9], [9, 9, 3, 3, 0, 3], [9, 3, 3, 9, 0, 9], [3, 9, 3, 9, 3, 9]], "output": [[3, 9, 3, 9, 3, 9]]}, {"input": [[0, 0, 0, 0, 0, 7, 0], [4, 0, 0, 7, 0, 3, 3], [7, 0, 0, 4, 2, 7, 4], [2, 2, 3, 4, 4, 7, 7], [3, 3, 2, 3, 7, 3, 3]], "output": [[3, 3, 2, 3, 7, 3, 3]]}, {"input": [[0, 0, 0, 0, 0], [0, 0, 0, 0, 0], [0, 0, 9, 0, 0], [0, 0, 4, 0, 0], [0, 2, 9, 0, 0], [0, 4, 9, 0, 0], [0, 4, 5, 0, 0], [2, 2, 2, 0, 0], [4, 5, 9, 0, 0], [2, 9, 2, 0, 9], [4, 9, 5, 0, 4], [4, 5, 5, 0, 2], [9, 5, 4, 0, 2], [2, 5, 4, 5, 5]], "output": [[2, 5, 4, 5, 5]]}, {"input": [[0, 0, 0, 0, 0, 0, 0, 0, 0, 0], [0, 0, 0, 0, 8, 0, 0, 3, 0, 0], [0, 0, 0, 0, 3, 0, 0, 3, 0, 0], [0, 0, 3, 0, 3, 0, 0, 3, 0, 0], [0, 0, 3, 0, 8, 0, 0, 2, 0, 0], [0, 0, 3, 0, 2, 8, 0, 8, 0, 8], [0, 0, 8, 2, 3, 2, 0, 3, 0, 8], [0, 0, 3, 3, 8, 8, 0, 8, 0, 8], [0, 2, 8, 2, 3, 3, 0, 3, 0, 3], [0, 3, 8, 2, 8, 2, 3, 3, 0, 8], [3, 3, 3, 2, 8, 8, 3, 2, 3, 3], [3, 2, 8, 3, 2, 8, 3, 8, 8, 8]], "output": [[3, 2, 8, 3, 2, 8, 3, 8, 8, 8]]}, {"input": [[1, 0, 0, 0, 0, 4, 0, 0, 0, 0, 0], [1, 0, 4, 0, 0, 1, 0, 1, 0, 4, 0], [1, 4, 1, 0, 0, 4, 0, 1, 0, 4, 0], [1, 1, 1, 1, 0, 4, 0, 4, 0, 1, 0], [4, 1, 4, 1, 0, 1, 0, 1, 4, 4, 0], [1, 4, 1, 1, 1, 1, 0, 4, 4, 1, 0], [1, 1, 4, 4, 1, 1, 1, 1, 1, 1, 1]], "output": [[1, 1, 4, 4, 1, 1, 1, 1, 1, 1, 1]]}, {"input": [[0, 0, 0, 0, 0, 0, 0, 0, 8, 0, 0], [8, 0, 0, 0, 0, 0, 0, 3, 3, 0, 0], [2, 0, 0, 3, 0, 0, 0, 8, 8, 0, 0], [3, 0, 0, 2, 0, 0, 0, 2, 2, 0, 0], [2, 8, 0, 8, 0, 0, 0, 2, 3, 0, 8], [2, 8, 8, 2, 2, 0, 0, 2, 2, 0, 2], [2, 2, 2, 8, 8, 0, 2, 8, 2, 0, 2], [2, 3, 8, 2, 8, 0, 3, 8, 2, 0, 2], [8, 2, 2, 3, 2, 0, 2, 2, 3, 0, 8], [2, 8, 2, 2, 3, 0, 8, 8, 8, 8, 3], [8, 3, 8, 8, 3, 3, 2, 2, 3, 2, 2]], "output": [[8, 3, 8, 8, 3, 3, 2, 2, 3, 2, 2]]}, {"input": [[0, 0, 7, 0, 0, 0, 0, 0, 0, 0, 0, 0, 0, 3], [0, 0, 3, 0, 0, 5, 0, 0, 5, 0, 0, 0, 3, 5], [0, 0, 5, 0, 0, 5, 0, 0, 3, 0, 0, 0, 5, 5], [0, 0, 5, 0, 5, 3, 0, 0, 5, 0, 0, 0, 7, 3], [0, 0, 5, 0, 5, 7, 7, 0, 7, 0, 3, 3, 5, 5], [3, 0, 7, 0, 3, 7, 3, 0, 7, 0, 7, 3, 5, 3], [5, 0, 5, 0, 5, 7, 5, 0, 3, 0, 5, 3, 5, 7], [3, 0, 7, 5, 7, 5, 5, 5, 3, 0, 7, 3, 3, 5], [3, 0, 5, 3, 7, 3, 5, 3, 7, 7, 7, 3, 5, 5], [5, 0, 7, 5, 7, 7, 7, 5, 3, 5, 5, 3, 3, 3], [3, 5, 7, 3, 7, 3, 5, 5, 5, 5, 3, 5, 7, 3]], "output": [[3, 5, 7, 3, 7, 3, 5, 5, 5, 5, 3, 5, 7, 3]]}, {"input": [[0, 0, 1, 0, 0, 0, 0], [0, 0, 7, 0, 0, 1, 0], [0, 1, 7, 7, 0, 1, 0], [0, 1, 7, 7, 0, 7, 0], [0, 7, 1, 1, 0, 1, 0], [0, 1, 1, 7, 7, 1, 0], [7, 1, 1, 7, 7, 7, 1]], "output": [[7, 1, 1, 7, 7, 7, 1]]}, {"input": [[0, 7, 0, 0, 0, 0, 0, 0], [0, 5, 5, 0, 0, 0, 7, 0], [5, 5, 7, 0, 7, 0, 7, 0], [5, 7, 7, 0, 5, 0, 7, 0], [5, 5, 5, 5, 7, 5, 5, 0], [7, 7, 5, 7, 5, 7, 5, 0], [7, 7, 5, 5, 7, 5, 5, 0], [7, 7, 5, 7, 7, 7, 7, 0], [5, 7, 7, 5, 7, 5, 7, 0], [5, 5, 5, 5, 5, 7, 5, 5]], "output": [[5, 5, 5, 5, 5, 7, 5, 5]]}, {"input": [[0, 1, 0, 0, 0, 0, 0, 0, 0, 0], [0, 1, 1, 0, 0, 0, 0, 0, 0, 0], [1, 1, 1, 0, 0, 1, 0, 0, 1, 3], [1, 3, 1, 0, 0, 1, 3, 0, 3, 1], [1, 1, 3, 0, 3, 1, 1, 0, 1, 3], [1, 3, 3, 0, 3, 1, 3, 0, 1, 1], [1, 3, 3, 0, 1, 1, 1, 1, 1, 1], [1, 1, 1, 3, 1, 1, 1, 1, 3, 3], [1, 1, 1, 3, 3, 3, 1, 3, 3, 1]], "output": [[1, 1, 1, 3, 3, 3, 1, 3, 3, 1]]}, {"input": [[0, 0, 0, 0, 2], [0, 2, 0, 2, 2], [0, 9, 0, 9, 2], [0, 9, 9, 7, 7], [9, 9, 2, 9, 9], [7, 2, 7, 2, 2]], "output": [[7, 2, 7, 2, 2]]}, {"input": [[0, 0, 0, 0, 0, 8, 0, 0, 4, 0, 0, 0, 0], [0, 0, 0, 0, 0, 5, 0, 0, 8, 8, 0, 8, 0], [0, 0, 0, 0, 0, 5, 0, 0, 5, 5, 0, 4, 0], [0, 0, 0, 0, 8, 8, 0, 0, 4, 8, 5, 4, 0], [0, 0, 0, 8, 5, 5, 0, 8, 4, 5, 8, 5, 5], [0, 0, 5, 4, 8, 8, 4, 8, 4, 8, 4, 8, 5], [8, 5, 4, 4, 5, 8, 5, 5, 5, 8, 8, 8, 5]], "output": [[8, 5, 4, 4, 5, 8, 5, 5, 5, 8, 8, 8, 5]]}], "test": [{"input": [[0, 0, 0, 0, 0, 0, 0, 0, 0, 0, 0, 0, 0], [0, 0, 0, 0, 0, 0, 0, 0, 0, 0, 8, 0, 0], [0, 0, 0, 0, 8, 0, 0, 0, 0, 0, 8, 0, 0], [0, 0, 0, 0, 8, 0, 0, 0, 0, 0, 9, 0, 0], [0, 0, 0, 7, 7, 0, 0, 0, 0, 0, 7, 0, 0], [0, 9, 0, 7, 9, 0, 0, 0, 0, 0, 9, 0, 0], [0, 8, 9, 8, 9, 0, 0, 0, 0, 0, 9, 0, 0], [0, 9, 7, 7, 7, 0, 0, 0, 0, 8, 8, 0, 0], [9, 7, 7, 9, 8, 0, 0, 0, 0, 9, 7, 9, 9], [8, 7, 8, 9, 8, 8, 9, 9, 7, 7, 7, 8, 9]], "output": [[8, 7, 8, 9, 8, 8, 9, 9, 7, 7, 7, 8, 9]]}, {"input": [[0, 0, 0, 0, 0, 0, 0, 0, 0, 0, 0, 0, 0, 0], [6, 0, 0, 0, 0, 0, 3, 0, 0, 0, 0, 0, 0, 0], [6, 0, 0, 3, 0, 0, 5, 0, 0, 0, 5, 0, 0, 0], [6, 3, 0, 6, 0, 0, 5, 3, 0, 0, 6, 6, 0, 0], [3, 3, 0, 6, 6, 0, 6, 5, 0, 0, 5, 5, 5, 0], [6, 6, 0, 5, 5, 0, 6, 3, 5, 3, 6, 3, 5, 0], [5, 5, 0, 3, 6, 0, 6, 5, 3, 6, 5, 5, 5, 3], [3, 6, 6, 3, 5, 5, 3, 3, 6, 5, 3, 5, 5, 3]], "output": [[3, 6, 6, 3, 5, 5, 3, 3, 6, 5, 3, 5, 5, 3]]}, {"input": [[0, 0, 0, 0, 0, 0, 0, 0, 0, 0, 0], [0, 0, 0, 0, 3, 0, 0, 0, 0, 3, 0], [0, 3, 0, 0, 3, 0, 0, 0, 0, 3, 0], [0, 9, 0, 0, 3, 1, 0, 0, 0, 1, 0], [0, 3, 0, 0, 9, 3, 0, 3, 0, 1, 3], [0, 1, 3, 0, 9, 9, 0, 1, 0, 9, 3], [3, 9, 3, 0, 9, 9, 3, 9, 3, 3, 9], [9, 9, 3, 9, 1, 9, 1, 3, 3, 1, 1], [1, 3, 1, 9, 3, 9, 1, 9, 3, 1, 3], [3, 3, 1, 3, 1, 3, 3, 3, 9, 1, 1]], "output": [[3, 3, 1, 3, 1, 3, 3, 3, 9, 1, 1]]}]}